source_id,source_path,saved_json_pointer,saved_value,unit,cost_scope,summed_or_converted,measured_in_current_analysis
hf_resource,artifacts/server_hf_domain_intervention_prediction_20260930_0aef1c0/resource_audit.json,/coordinates/0/B1_hamiltonian_exponential_actions,1,metadata_or_saved_count,saved_acquisition_nested_timers_and_process_peaks_not_additive,False,False
hf_resource,artifacts/server_hf_domain_intervention_prediction_20260930_0aef1c0/resource_audit.json,/coordinates/0/B1_internal_H_matvecs,not_exposed_by_scipy_expm_multiply,metadata_or_saved_count,saved_acquisition_nested_timers_and_process_peaks_not_additive,False,False
hf_resource,artifacts/server_hf_domain_intervention_prediction_20260930_0aef1c0/resource_audit.json,/coordinates/0/B1_pf_actions,1,metadata_or_saved_count,saved_acquisition_nested_timers_and_process_peaks_not_additive,False,False
hf_resource,artifacts/server_hf_domain_intervention_prediction_20260930_0aef1c0/resource_audit.json,/coordinates/0/M1/basis_vector_peak_bytes,0,bytes,saved_acquisition_nested_timers_and_process_peaks_not_additive,False,False
hf_resource,artifacts/server_hf_domain_intervention_prediction_20260930_0aef1c0/resource_audit.json,/coordinates/0/M1/component_gate_materialization_seconds,0.0434727668762207,seconds,saved_acquisition_nested_timers_and_process_peaks_not_additive,False,False
hf_resource,artifacts/server_hf_domain_intervention_prediction_20260930_0aef1c0/resource_audit.json,/coordinates/0/M1/component_gate_materializations,196,metadata_or_saved_count,saved_acquisition_nested_timers_and_process_peaks_not_additive,False,False
hf_resource,artifacts/server_hf_domain_intervention_prediction_20260930_0aef1c0/resource_audit.json,/coordinates/0/M1/gate_cache_peak_bytes,139344,bytes,saved_acquisition_nested_timers_and_process_peaks_not_additive,False,False
hf_resource,artifacts/server_hf_domain_intervention_prediction_20260930_0aef1c0/resource_audit.json,/coordinates/0/M1/hamiltonian_exponential_actions,0,metadata_or_saved_count,saved_acquisition_nested_timers_and_process_peaks_not_additive,False,False
hf_resource,artifacts/server_hf_domain_intervention_prediction_20260930_0aef1c0/resource_audit.json,/coordinates/0/M1/hamiltonian_matvec_seconds,0.00014987075701355934,seconds,saved_acquisition_nested_timers_and_process_peaks_not_additive,False,False
hf_resource,artifacts/server_hf_domain_intervention_prediction_20260930_0aef1c0/resource_audit.json,/coordinates/0/M1/hamiltonian_matvecs,8,metadata_or_saved_count,saved_acquisition_nested_timers_and_process_peaks_not_additive,False,False
hf_resource,artifacts/server_hf_domain_intervention_prediction_20260930_0aef1c0/resource_audit.json,/coordinates/0/M1/pf_block_calls,8,metadata_or_saved_count,saved_acquisition_nested_timers_and_process_peaks_not_additive,False,False
hf_resource,artifacts/server_hf_domain_intervention_prediction_20260930_0aef1c0/resource_audit.json,/coordinates/0/M1/pf_per_vector_actions,8,metadata_or_saved_count,saved_acquisition_nested_timers_and_process_peaks_not_additive,False,False
hf_resource,artifacts/server_hf_domain_intervention_prediction_20260930_0aef1c0/resource_audit.json,/coordinates/0/M1/reorthogonalization_and_projected_solve_seconds,0.0,seconds,saved_acquisition_nested_timers_and_process_peaks_not_additive,False,False
hf_resource,artifacts/server_hf_domain_intervention_prediction_20260930_0aef1c0/resource_audit.json,/coordinates/0/M1/sparse_state_multiplies,5384,metadata_or_saved_count,saved_acquisition_nested_timers_and_process_peaks_not_additive,False,False
hf_resource,artifacts/server_hf_domain_intervention_prediction_20260930_0aef1c0/resource_audit.json,/coordinates/0/M1/sparse_state_multiply_seconds,0.03428630996495485,seconds,saved_acquisition_nested_timers_and_process_peaks_not_additive,False,False
hf_resource,artifacts/server_hf_domain_intervention_prediction_20260930_0aef1c0/resource_audit.json,/coordinates/0/candidate_id,eq_T0,metadata_or_saved_count,saved_acquisition_nested_timers_and_process_peaks_not_additive,False,False
hf_resource,artifacts/server_hf_domain_intervention_prediction_20260930_0aef1c0/resource_audit.json,/coordinates/0/condition,HF_full_eq_sto3g,metadata_or_saved_count,saved_acquisition_nested_timers_and_process_peaks_not_additive,False,False
hf_resource,artifacts/server_hf_domain_intervention_prediction_20260930_0aef1c0/resource_audit.json,/coordinates/0/local_proxy_wall_seconds,0.04775373311713338,seconds,saved_acquisition_nested_timers_and_process_peaks_not_additive,False,False
hf_resource,artifacts/server_hf_domain_intervention_prediction_20260930_0aef1c0/resource_audit.json,/coordinates/0/spectral_wall_seconds,0.09363326570019126,seconds,saved_acquisition_nested_timers_and_process_peaks_not_additive,False,False
hf_resource,artifacts/server_hf_domain_intervention_prediction_20260930_0aef1c0/resource_audit.json,/coordinates/1/B1_hamiltonian_exponential_actions,1,metadata_or_saved_count,saved_acquisition_nested_timers_and_process_peaks_not_additive,False,False
hf_resource,artifacts/server_hf_domain_intervention_prediction_20260930_0aef1c0/resource_audit.json,/coordinates/1/B1_internal_H_matvecs,not_exposed_by_scipy_expm_multiply,metadata_or_saved_count,saved_acquisition_nested_timers_and_process_peaks_not_additive,False,False
hf_resource,artifacts/server_hf_domain_intervention_prediction_20260930_0aef1c0/resource_audit.json,/coordinates/1/B1_pf_actions,1,metadata_or_saved_count,saved_acquisition_nested_timers_and_process_peaks_not_additive,False,False
hf_resource,artifacts/server_hf_domain_intervention_prediction_20260930_0aef1c0/resource_audit.json,/coordinates/1/M1/basis_vector_peak_bytes,0,bytes,saved_acquisition_nested_timers_and_process_peaks_not_additive,False,False
hf_resource,artifacts/server_hf_domain_intervention_prediction_20260930_0aef1c0/resource_audit.json,/coordinates/1/M1/component_gate_materialization_seconds,0.038466333877295256,seconds,saved_acquisition_nested_timers_and_process_peaks_not_additive,False,False
hf_resource,artifacts/server_hf_domain_intervention_prediction_20260930_0aef1c0/resource_audit.json,/coordinates/1/M1/component_gate_materializations,196,metadata_or_saved_count,saved_acquisition_nested_timers_and_process_peaks_not_additive,False,False
hf_resource,artifacts/server_hf_domain_intervention_prediction_20260930_0aef1c0/resource_audit.json,/coordinates/1/M1/gate_cache_peak_bytes,139344,bytes,saved_acquisition_nested_timers_and_process_peaks_not_additive,False,False
hf_resource,artifacts/server_hf_domain_intervention_prediction_20260930_0aef1c0/resource_audit.json,/coordinates/1/M1/hamiltonian_exponential_actions,0,metadata_or_saved_count,saved_acquisition_nested_timers_and_process_peaks_not_additive,False,False
hf_resource,artifacts/server_hf_domain_intervention_prediction_20260930_0aef1c0/resource_audit.json,/coordinates/1/M1/hamiltonian_matvec_seconds,6.158091127872467e-05,seconds,saved_acquisition_nested_timers_and_process_peaks_not_additive,False,False
hf_resource,artifacts/server_hf_domain_intervention_prediction_20260930_0aef1c0/resource_audit.json,/coordinates/1/M1/hamiltonian_matvecs,8,metadata_or_saved_count,saved_acquisition_nested_timers_and_process_peaks_not_additive,False,False
hf_resource,artifacts/server_hf_domain_intervention_prediction_20260930_0aef1c0/resource_audit.json,/coordinates/1/M1/pf_block_calls,8,metadata_or_saved_count,saved_acquisition_nested_timers_and_process_peaks_not_additive,False,False
hf_resource,artifacts/server_hf_domain_intervention_prediction_20260930_0aef1c0/resource_audit.json,/coordinates/1/M1/pf_per_vector_actions,8,metadata_or_saved_count,saved_acquisition_nested_timers_and_process_peaks_not_additive,False,False
hf_resource,artifacts/server_hf_domain_intervention_prediction_20260930_0aef1c0/resource_audit.json,/coordinates/1/M1/reorthogonalization_and_projected_solve_seconds,0.0,seconds,saved_acquisition_nested_timers_and_process_peaks_not_additive,False,False
hf_resource,artifacts/server_hf_domain_intervention_prediction_20260930_0aef1c0/resource_audit.json,/coordinates/1/M1/sparse_state_multiplies,5384,metadata_or_saved_count,saved_acquisition_nested_timers_and_process_peaks_not_additive,False,False
hf_resource,artifacts/server_hf_domain_intervention_prediction_20260930_0aef1c0/resource_audit.json,/coordinates/1/M1/sparse_state_multiply_seconds,0.028538800310343504,seconds,saved_acquisition_nested_timers_and_process_peaks_not_additive,False,False
hf_resource,artifacts/server_hf_domain_intervention_prediction_20260930_0aef1c0/resource_audit.json,/coordinates/1/candidate_id,eq_1p3T0,metadata_or_saved_count,saved_acquisition_nested_timers_and_process_peaks_not_additive,False,False
hf_resource,artifacts/server_hf_domain_intervention_prediction_20260930_0aef1c0/resource_audit.json,/coordinates/1/condition,HF_full_eq_sto3g,metadata_or_saved_count,saved_acquisition_nested_timers_and_process_peaks_not_additive,False,False
hf_resource,artifacts/server_hf_domain_intervention_prediction_20260930_0aef1c0/resource_audit.json,/coordinates/1/local_proxy_wall_seconds,0.04487938620150089,seconds,saved_acquisition_nested_timers_and_process_peaks_not_additive,False,False
hf_resource,artifacts/server_hf_domain_intervention_prediction_20260930_0aef1c0/resource_audit.json,/coordinates/1/spectral_wall_seconds,0.0804508957080543,seconds,saved_acquisition_nested_timers_and_process_peaks_not_additive,False,False
hf_resource,artifacts/server_hf_domain_intervention_prediction_20260930_0aef1c0/resource_audit.json,/coordinates/2/B1_hamiltonian_exponential_actions,1,metadata_or_saved_count,saved_acquisition_nested_timers_and_process_peaks_not_additive,False,False
hf_resource,artifacts/server_hf_domain_intervention_prediction_20260930_0aef1c0/resource_audit.json,/coordinates/2/B1_internal_H_matvecs,not_exposed_by_scipy_expm_multiply,metadata_or_saved_count,saved_acquisition_nested_timers_and_process_peaks_not_additive,False,False
hf_resource,artifacts/server_hf_domain_intervention_prediction_20260930_0aef1c0/resource_audit.json,/coordinates/2/B1_pf_actions,1,metadata_or_saved_count,saved_acquisition_nested_timers_and_process_peaks_not_additive,False,False
hf_resource,artifacts/server_hf_domain_intervention_prediction_20260930_0aef1c0/resource_audit.json,/coordinates/2/M1/basis_vector_peak_bytes,0,bytes,saved_acquisition_nested_timers_and_process_peaks_not_additive,False,False
hf_resource,artifacts/server_hf_domain_intervention_prediction_20260930_0aef1c0/resource_audit.json,/coordinates/2/M1/component_gate_materialization_seconds,0.03821300156414509,seconds,saved_acquisition_nested_timers_and_process_peaks_not_additive,False,False
hf_resource,artifacts/server_hf_domain_intervention_prediction_20260930_0aef1c0/resource_audit.json,/coordinates/2/M1/component_gate_materializations,196,metadata_or_saved_count,saved_acquisition_nested_timers_and_process_peaks_not_additive,False,False
hf_resource,artifacts/server_hf_domain_intervention_prediction_20260930_0aef1c0/resource_audit.json,/coordinates/2/M1/gate_cache_peak_bytes,139344,bytes,saved_acquisition_nested_timers_and_process_peaks_not_additive,False,False
hf_resource,artifacts/server_hf_domain_intervention_prediction_20260930_0aef1c0/resource_audit.json,/coordinates/2/M1/hamiltonian_exponential_actions,0,metadata_or_saved_count,saved_acquisition_nested_timers_and_process_peaks_not_additive,False,False
hf_resource,artifacts/server_hf_domain_intervention_prediction_20260930_0aef1c0/resource_audit.json,/coordinates/2/M1/hamiltonian_matvec_seconds,6.094854325056076e-05,seconds,saved_acquisition_nested_timers_and_process_peaks_not_additive,False,False
hf_resource,artifacts/server_hf_domain_intervention_prediction_20260930_0aef1c0/resource_audit.json,/coordinates/2/M1/hamiltonian_matvecs,8,metadata_or_saved_count,saved_acquisition_nested_timers_and_process_peaks_not_additive,False,False
hf_resource,artifacts/server_hf_domain_intervention_prediction_20260930_0aef1c0/resource_audit.json,/coordinates/2/M1/pf_block_calls,8,metadata_or_saved_count,saved_acquisition_nested_timers_and_process_peaks_not_additive,False,False
hf_resource,artifacts/server_hf_domain_intervention_prediction_20260930_0aef1c0/resource_audit.json,/coordinates/2/M1/pf_per_vector_actions,8,metadata_or_saved_count,saved_acquisition_nested_timers_and_process_peaks_not_additive,False,False
hf_resource,artifacts/server_hf_domain_intervention_prediction_20260930_0aef1c0/resource_audit.json,/coordinates/2/M1/reorthogonalization_and_projected_solve_seconds,0.0,seconds,saved_acquisition_nested_timers_and_process_peaks_not_additive,False,False
hf_resource,artifacts/server_hf_domain_intervention_prediction_20260930_0aef1c0/resource_audit.json,/coordinates/2/M1/sparse_state_multiplies,5384,metadata_or_saved_count,saved_acquisition_nested_timers_and_process_peaks_not_additive,False,False
hf_resource,artifacts/server_hf_domain_intervention_prediction_20260930_0aef1c0/resource_audit.json,/coordinates/2/M1/sparse_state_multiply_seconds,0.028324679471552372,seconds,saved_acquisition_nested_timers_and_process_peaks_not_additive,False,False
hf_resource,artifacts/server_hf_domain_intervention_prediction_20260930_0aef1c0/resource_audit.json,/coordinates/2/candidate_id,eq_1p6T0,metadata_or_saved_count,saved_acquisition_nested_timers_and_process_peaks_not_additive,False,False
hf_resource,artifacts/server_hf_domain_intervention_prediction_20260930_0aef1c0/resource_audit.json,/coordinates/2/condition,HF_full_eq_sto3g,metadata_or_saved_count,saved_acquisition_nested_timers_and_process_peaks_not_additive,False,False
hf_resource,artifacts/server_hf_domain_intervention_prediction_20260930_0aef1c0/resource_audit.json,/coordinates/2/local_proxy_wall_seconds,0.045163915026932955,seconds,saved_acquisition_nested_timers_and_process_peaks_not_additive,False,False
hf_resource,artifacts/server_hf_domain_intervention_prediction_20260930_0aef1c0/resource_audit.json,/coordinates/2/spectral_wall_seconds,0.0800080168992281,seconds,saved_acquisition_nested_timers_and_process_peaks_not_additive,False,False
hf_resource,artifacts/server_hf_domain_intervention_prediction_20260930_0aef1c0/resource_audit.json,/coordinates/3/B1_hamiltonian_exponential_actions,1,metadata_or_saved_count,saved_acquisition_nested_timers_and_process_peaks_not_additive,False,False
hf_resource,artifacts/server_hf_domain_intervention_prediction_20260930_0aef1c0/resource_audit.json,/coordinates/3/B1_internal_H_matvecs,not_exposed_by_scipy_expm_multiply,metadata_or_saved_count,saved_acquisition_nested_timers_and_process_peaks_not_additive,False,False
hf_resource,artifacts/server_hf_domain_intervention_prediction_20260930_0aef1c0/resource_audit.json,/coordinates/3/B1_pf_actions,1,metadata_or_saved_count,saved_acquisition_nested_timers_and_process_peaks_not_additive,False,False
hf_resource,artifacts/server_hf_domain_intervention_prediction_20260930_0aef1c0/resource_audit.json,/coordinates/3/M1/basis_vector_peak_bytes,0,bytes,saved_acquisition_nested_timers_and_process_peaks_not_additive,False,False
hf_resource,artifacts/server_hf_domain_intervention_prediction_20260930_0aef1c0/resource_audit.json,/coordinates/3/M1/component_gate_materialization_seconds,0.03822863847017288,seconds,saved_acquisition_nested_timers_and_process_peaks_not_additive,False,False
hf_resource,artifacts/server_hf_domain_intervention_prediction_20260930_0aef1c0/resource_audit.json,/coordinates/3/M1/component_gate_materializations,196,metadata_or_saved_count,saved_acquisition_nested_timers_and_process_peaks_not_additive,False,False
hf_resource,artifacts/server_hf_domain_intervention_prediction_20260930_0aef1c0/resource_audit.json,/coordinates/3/M1/gate_cache_peak_bytes,139344,bytes,saved_acquisition_nested_timers_and_process_peaks_not_additive,False,False
hf_resource,artifacts/server_hf_domain_intervention_prediction_20260930_0aef1c0/resource_audit.json,/coordinates/3/M1/hamiltonian_exponential_actions,0,metadata_or_saved_count,saved_acquisition_nested_timers_and_process_peaks_not_additive,False,False
hf_resource,artifacts/server_hf_domain_intervention_prediction_20260930_0aef1c0/resource_audit.json,/coordinates/3/M1/hamiltonian_matvec_seconds,6.188033148646355e-05,seconds,saved_acquisition_nested_timers_and_process_peaks_not_additive,False,False
hf_resource,artifacts/server_hf_domain_intervention_prediction_20260930_0aef1c0/resource_audit.json,/coordinates/3/M1/hamiltonian_matvecs,8,metadata_or_saved_count,saved_acquisition_nested_timers_and_process_peaks_not_additive,False,False
hf_resource,artifacts/server_hf_domain_intervention_prediction_20260930_0aef1c0/resource_audit.json,/coordinates/3/M1/pf_block_calls,8,metadata_or_saved_count,saved_acquisition_nested_timers_and_process_peaks_not_additive,False,False
hf_resource,artifacts/server_hf_domain_intervention_prediction_20260930_0aef1c0/resource_audit.json,/coordinates/3/M1/pf_per_vector_actions,8,metadata_or_saved_count,saved_acquisition_nested_timers_and_process_peaks_not_additive,False,False
hf_resource,artifacts/server_hf_domain_intervention_prediction_20260930_0aef1c0/resource_audit.json,/coordinates/3/M1/reorthogonalization_and_projected_solve_seconds,0.0,seconds,saved_acquisition_nested_timers_and_process_peaks_not_additive,False,False
hf_resource,artifacts/server_hf_domain_intervention_prediction_20260930_0aef1c0/resource_audit.json,/coordinates/3/M1/sparse_state_multiplies,5384,metadata_or_saved_count,saved_acquisition_nested_timers_and_process_peaks_not_additive,False,False
hf_resource,artifacts/server_hf_domain_intervention_prediction_20260930_0aef1c0/resource_audit.json,/coordinates/3/M1/sparse_state_multiply_seconds,0.028262673877179623,seconds,saved_acquisition_nested_timers_and_process_peaks_not_additive,False,False
hf_resource,artifacts/server_hf_domain_intervention_prediction_20260930_0aef1c0/resource_audit.json,/coordinates/3/candidate_id,stretch_T0,metadata_or_saved_count,saved_acquisition_nested_timers_and_process_peaks_not_additive,False,False
hf_resource,artifacts/server_hf_domain_intervention_prediction_20260930_0aef1c0/resource_audit.json,/coordinates/3/condition,HF_full_stretch150_sto3g,metadata_or_saved_count,saved_acquisition_nested_timers_and_process_peaks_not_additive,False,False
hf_resource,artifacts/server_hf_domain_intervention_prediction_20260930_0aef1c0/resource_audit.json,/coordinates/3/local_proxy_wall_seconds,0.04485840583220124,seconds,saved_acquisition_nested_timers_and_process_peaks_not_additive,False,False
hf_resource,artifacts/server_hf_domain_intervention_prediction_20260930_0aef1c0/resource_audit.json,/coordinates/3/spectral_wall_seconds,0.07980923913419247,seconds,saved_acquisition_nested_timers_and_process_peaks_not_additive,False,False
hf_resource,artifacts/server_hf_domain_intervention_prediction_20260930_0aef1c0/resource_audit.json,/coordinates/4/B1_hamiltonian_exponential_actions,1,metadata_or_saved_count,saved_acquisition_nested_timers_and_process_peaks_not_additive,False,False
hf_resource,artifacts/server_hf_domain_intervention_prediction_20260930_0aef1c0/resource_audit.json,/coordinates/4/B1_internal_H_matvecs,not_exposed_by_scipy_expm_multiply,metadata_or_saved_count,saved_acquisition_nested_timers_and_process_peaks_not_additive,False,False
hf_resource,artifacts/server_hf_domain_intervention_prediction_20260930_0aef1c0/resource_audit.json,/coordinates/4/B1_pf_actions,1,metadata_or_saved_count,saved_acquisition_nested_timers_and_process_peaks_not_additive,False,False
hf_resource,artifacts/server_hf_domain_intervention_prediction_20260930_0aef1c0/resource_audit.json,/coordinates/4/M1/basis_vector_peak_bytes,0,bytes,saved_acquisition_nested_timers_and_process_peaks_not_additive,False,False
hf_resource,artifacts/server_hf_domain_intervention_prediction_20260930_0aef1c0/resource_audit.json,/coordinates/4/M1/component_gate_materialization_seconds,0.037965737748891115,seconds,saved_acquisition_nested_timers_and_process_peaks_not_additive,False,False
hf_resource,artifacts/server_hf_domain_intervention_prediction_20260930_0aef1c0/resource_audit.json,/coordinates/4/M1/component_gate_materializations,196,metadata_or_saved_count,saved_acquisition_nested_timers_and_process_peaks_not_additive,False,False
hf_resource,artifacts/server_hf_domain_intervention_prediction_20260930_0aef1c0/resource_audit.json,/coordinates/4/M1/gate_cache_peak_bytes,139344,bytes,saved_acquisition_nested_timers_and_process_peaks_not_additive,False,False
hf_resource,artifacts/server_hf_domain_intervention_prediction_20260930_0aef1c0/resource_audit.json,/coordinates/4/M1/hamiltonian_exponential_actions,0,metadata_or_saved_count,saved_acquisition_nested_timers_and_process_peaks_not_additive,False,False
hf_resource,artifacts/server_hf_domain_intervention_prediction_20260930_0aef1c0/resource_audit.json,/coordinates/4/M1/hamiltonian_matvec_seconds,5.949102342128754e-05,seconds,saved_acquisition_nested_timers_and_process_peaks_not_additive,False,False
hf_resource,artifacts/server_hf_domain_intervention_prediction_20260930_0aef1c0/resource_audit.json,/coordinates/4/M1/hamiltonian_matvecs,8,metadata_or_saved_count,saved_acquisition_nested_timers_and_process_peaks_not_additive,False,False
hf_resource,artifacts/server_hf_domain_intervention_prediction_20260930_0aef1c0/resource_audit.json,/coordinates/4/M1/pf_block_calls,8,metadata_or_saved_count,saved_acquisition_nested_timers_and_process_peaks_not_additive,False,False
hf_resource,artifacts/server_hf_domain_intervention_prediction_20260930_0aef1c0/resource_audit.json,/coordinates/4/M1/pf_per_vector_actions,8,metadata_or_saved_count,saved_acquisition_nested_timers_and_process_peaks_not_additive,False,False
hf_resource,artifacts/server_hf_domain_intervention_prediction_20260930_0aef1c0/resource_audit.json,/coordinates/4/M1/reorthogonalization_and_projected_solve_seconds,0.0,seconds,saved_acquisition_nested_timers_and_process_peaks_not_additive,False,False
hf_resource,artifacts/server_hf_domain_intervention_prediction_20260930_0aef1c0/resource_audit.json,/coordinates/4/M1/sparse_state_multiplies,5384,metadata_or_saved_count,saved_acquisition_nested_timers_and_process_peaks_not_additive,False,False
hf_resource,artifacts/server_hf_domain_intervention_prediction_20260930_0aef1c0/resource_audit.json,/coordinates/4/M1/sparse_state_multiply_seconds,0.02795542124658823,seconds,saved_acquisition_nested_timers_and_process_peaks_not_additive,False,False
hf_resource,artifacts/server_hf_domain_intervention_prediction_20260930_0aef1c0/resource_audit.json,/coordinates/4/candidate_id,stretch_1p3T0,metadata_or_saved_count,saved_acquisition_nested_timers_and_process_peaks_not_additive,False,False
hf_resource,artifacts/server_hf_domain_intervention_prediction_20260930_0aef1c0/resource_audit.json,/coordinates/4/condition,HF_full_stretch150_sto3g,metadata_or_saved_count,saved_acquisition_nested_timers_and_process_peaks_not_additive,False,False
hf_resource,artifacts/server_hf_domain_intervention_prediction_20260930_0aef1c0/resource_audit.json,/coordinates/4/local_proxy_wall_seconds,0.04515720531344414,seconds,saved_acquisition_nested_timers_and_process_peaks_not_additive,False,False
hf_resource,artifacts/server_hf_domain_intervention_prediction_20260930_0aef1c0/resource_audit.json,/coordinates/4/spectral_wall_seconds,0.07927116099745035,seconds,saved_acquisition_nested_timers_and_process_peaks_not_additive,False,False
hf_resource,artifacts/server_hf_domain_intervention_prediction_20260930_0aef1c0/resource_audit.json,/coordinates/5/B1_hamiltonian_exponential_actions,1,metadata_or_saved_count,saved_acquisition_nested_timers_and_process_peaks_not_additive,False,False
hf_resource,artifacts/server_hf_domain_intervention_prediction_20260930_0aef1c0/resource_audit.json,/coordinates/5/B1_internal_H_matvecs,not_exposed_by_scipy_expm_multiply,metadata_or_saved_count,saved_acquisition_nested_timers_and_process_peaks_not_additive,False,False
hf_resource,artifacts/server_hf_domain_intervention_prediction_20260930_0aef1c0/resource_audit.json,/coordinates/5/B1_pf_actions,1,metadata_or_saved_count,saved_acquisition_nested_timers_and_process_peaks_not_additive,False,False
hf_resource,artifacts/server_hf_domain_intervention_prediction_20260930_0aef1c0/resource_audit.json,/coordinates/5/M1/basis_vector_peak_bytes,0,bytes,saved_acquisition_nested_timers_and_process_peaks_not_additive,False,False
hf_resource,artifacts/server_hf_domain_intervention_prediction_20260930_0aef1c0/resource_audit.json,/coordinates/5/M1/component_gate_materialization_seconds,0.03820251161232591,seconds,saved_acquisition_nested_timers_and_process_peaks_not_additive,False,False
hf_resource,artifacts/server_hf_domain_intervention_prediction_20260930_0aef1c0/resource_audit.json,/coordinates/5/M1/component_gate_materializations,196,metadata_or_saved_count,saved_acquisition_nested_timers_and_process_peaks_not_additive,False,False
hf_resource,artifacts/server_hf_domain_intervention_prediction_20260930_0aef1c0/resource_audit.json,/coordinates/5/M1/gate_cache_peak_bytes,139344,bytes,saved_acquisition_nested_timers_and_process_peaks_not_additive,False,False
hf_resource,artifacts/server_hf_domain_intervention_prediction_20260930_0aef1c0/resource_audit.json,/coordinates/5/M1/hamiltonian_exponential_actions,0,metadata_or_saved_count,saved_acquisition_nested_timers_and_process_peaks_not_additive,False,False
hf_resource,artifacts/server_hf_domain_intervention_prediction_20260930_0aef1c0/resource_audit.json,/coordinates/5/M1/hamiltonian_matvec_seconds,6.278976798057556e-05,seconds,saved_acquisition_nested_timers_and_process_peaks_not_additive,False,False
hf_resource,artifacts/server_hf_domain_intervention_prediction_20260930_0aef1c0/resource_audit.json,/coordinates/5/M1/hamiltonian_matvecs,8,metadata_or_saved_count,saved_acquisition_nested_timers_and_process_peaks_not_additive,False,False
hf_resource,artifacts/server_hf_domain_intervention_prediction_20260930_0aef1c0/resource_audit.json,/coordinates/5/M1/pf_block_calls,8,metadata_or_saved_count,saved_acquisition_nested_timers_and_process_peaks_not_additive,False,False
hf_resource,artifacts/server_hf_domain_intervention_prediction_20260930_0aef1c0/resource_audit.json,/coordinates/5/M1/pf_per_vector_actions,8,metadata_or_saved_count,saved_acquisition_nested_timers_and_process_peaks_not_additive,False,False
hf_resource,artifacts/server_hf_domain_intervention_prediction_20260930_0aef1c0/resource_audit.json,/coordinates/5/M1/reorthogonalization_and_projected_solve_seconds,0.0,seconds,saved_acquisition_nested_timers_and_process_peaks_not_additive,False,False
hf_resource,artifacts/server_hf_domain_intervention_prediction_20260930_0aef1c0/resource_audit.json,/coordinates/5/M1/sparse_state_multiplies,5384,metadata_or_saved_count,saved_acquisition_nested_timers_and_process_peaks_not_additive,False,False
hf_resource,artifacts/server_hf_domain_intervention_prediction_20260930_0aef1c0/resource_audit.json,/coordinates/5/M1/sparse_state_multiply_seconds,0.028470049612224102,seconds,saved_acquisition_nested_timers_and_process_peaks_not_additive,False,False
hf_resource,artifacts/server_hf_domain_intervention_prediction_20260930_0aef1c0/resource_audit.json,/coordinates/5/candidate_id,stretch_1p6T0,metadata_or_saved_count,saved_acquisition_nested_timers_and_process_peaks_not_additive,False,False
hf_resource,artifacts/server_hf_domain_intervention_prediction_20260930_0aef1c0/resource_audit.json,/coordinates/5/condition,HF_full_stretch150_sto3g,metadata_or_saved_count,saved_acquisition_nested_timers_and_process_peaks_not_additive,False,False
hf_resource,artifacts/server_hf_domain_intervention_prediction_20260930_0aef1c0/resource_audit.json,/coordinates/5/local_proxy_wall_seconds,0.04613950988277793,seconds,saved_acquisition_nested_timers_and_process_peaks_not_additive,False,False
hf_resource,artifacts/server_hf_domain_intervention_prediction_20260930_0aef1c0/resource_audit.json,/coordinates/5/spectral_wall_seconds,0.08017025701701641,seconds,saved_acquisition_nested_timers_and_process_peaks_not_additive,False,False
hf_resource,artifacts/server_hf_domain_intervention_prediction_20260930_0aef1c0/resource_audit.json,/environment/gpu_operations,0,metadata_or_saved_count,saved_acquisition_nested_timers_and_process_peaks_not_additive,False,False
hf_resource,artifacts/server_hf_domain_intervention_prediction_20260930_0aef1c0/resource_audit.json,/environment/processes,1,metadata_or_saved_count,saved_acquisition_nested_timers_and_process_peaks_not_additive,False,False
hf_resource,artifacts/server_hf_domain_intervention_prediction_20260930_0aef1c0/resource_audit.json,/environment/threads/MKL_NUM_THREADS,1,metadata_or_saved_count,saved_acquisition_nested_timers_and_process_peaks_not_additive,False,False
hf_resource,artifacts/server_hf_domain_intervention_prediction_20260930_0aef1c0/resource_audit.json,/environment/threads/OMP_NUM_THREADS,1,metadata_or_saved_count,saved_acquisition_nested_timers_and_process_peaks_not_additive,False,False
hf_resource,artifacts/server_hf_domain_intervention_prediction_20260930_0aef1c0/resource_audit.json,/environment/threads/OPENBLAS_NUM_THREADS,1,metadata_or_saved_count,saved_acquisition_nested_timers_and_process_peaks_not_additive,False,False
hf_resource,artifacts/server_hf_domain_intervention_prediction_20260930_0aef1c0/resource_audit.json,/local_proxy_arm_wall_seconds,0.27395215537399054,seconds,saved_acquisition_nested_timers_and_process_peaks_not_additive,False,False
hf_resource,artifacts/server_hf_domain_intervention_prediction_20260930_0aef1c0/resource_audit.json,/peak_cpu_rss_kib,446460,KiB,saved_acquisition_nested_timers_and_process_peaks_not_additive,False,False
hf_resource,artifacts/server_hf_domain_intervention_prediction_20260930_0aef1c0/resource_audit.json,/separate_arm_accounting,True,metadata_or_saved_count,saved_acquisition_nested_timers_and_process_peaks_not_additive,False,False
hf_resource,artifacts/server_hf_domain_intervention_prediction_20260930_0aef1c0/resource_audit.json,/spectral_arm_wall_seconds,0.4933428354561329,seconds,saved_acquisition_nested_timers_and_process_peaks_not_additive,False,False
hf_resource,artifacts/server_hf_domain_intervention_prediction_20260930_0aef1c0/resource_audit.json,/total_driver_wall_seconds,0.7827134719118476,seconds,saved_acquisition_nested_timers_and_process_peaks_not_additive,False,False
hcl_resource,artifacts/server_pf_spectral_recoverability_d2_a_prediction_20260929_e2e8e5c/resource_audit.json,/coordinates/0/basis_vector_peak_bytes,38400,bytes,saved_acquisition_nested_timers_and_process_peaks_not_additive,False,False
hcl_resource,artifacts/server_pf_spectral_recoverability_d2_a_prediction_20260929_e2e8e5c/resource_audit.json,/coordinates/0/component_gate_materialization_seconds,0.1453735032118857,seconds,saved_acquisition_nested_timers_and_process_peaks_not_additive,False,False
hcl_resource,artifacts/server_pf_spectral_recoverability_d2_a_prediction_20260929_e2e8e5c/resource_audit.json,/coordinates/0/component_gate_materializations,856,metadata_or_saved_count,saved_acquisition_nested_timers_and_process_peaks_not_additive,False,False
hcl_resource,artifacts/server_pf_spectral_recoverability_d2_a_prediction_20260929_e2e8e5c/resource_audit.json,/coordinates/0/condition,HCl_full_eq_sto3g,metadata_or_saved_count,saved_acquisition_nested_timers_and_process_peaks_not_additive,False,False
hcl_resource,artifacts/server_pf_spectral_recoverability_d2_a_prediction_20260929_e2e8e5c/resource_audit.json,/coordinates/0/gate_cache_peak_bytes,2760864,bytes,saved_acquisition_nested_timers_and_process_peaks_not_additive,False,False
hcl_resource,artifacts/server_pf_spectral_recoverability_d2_a_prediction_20260929_e2e8e5c/resource_audit.json,/coordinates/0/hamiltonian_exponential_actions,0,metadata_or_saved_count,saved_acquisition_nested_timers_and_process_peaks_not_additive,False,False
hcl_resource,artifacts/server_pf_spectral_recoverability_d2_a_prediction_20260929_e2e8e5c/resource_audit.json,/coordinates/0/hamiltonian_matvec_seconds,0.0001012096181511879,seconds,saved_acquisition_nested_timers_and_process_peaks_not_additive,False,False
hcl_resource,artifacts/server_pf_spectral_recoverability_d2_a_prediction_20260929_e2e8e5c/resource_audit.json,/coordinates/0/hamiltonian_matvecs,8,metadata_or_saved_count,saved_acquisition_nested_timers_and_process_peaks_not_additive,False,False
hcl_resource,artifacts/server_pf_spectral_recoverability_d2_a_prediction_20260929_e2e8e5c/resource_audit.json,/coordinates/0/pf_block_calls,8,metadata_or_saved_count,saved_acquisition_nested_timers_and_process_peaks_not_additive,False,False
hcl_resource,artifacts/server_pf_spectral_recoverability_d2_a_prediction_20260929_e2e8e5c/resource_audit.json,/coordinates/0/pf_per_vector_actions,8,metadata_or_saved_count,saved_acquisition_nested_timers_and_process_peaks_not_additive,False,False
hcl_resource,artifacts/server_pf_spectral_recoverability_d2_a_prediction_20260929_e2e8e5c/resource_audit.json,/coordinates/0/reorthogonalization_and_projected_solve_seconds,0.1476588137447834,seconds,saved_acquisition_nested_timers_and_process_peaks_not_additive,False,False
hcl_resource,artifacts/server_pf_spectral_recoverability_d2_a_prediction_20260929_e2e8e5c/resource_audit.json,/coordinates/0/sparse_state_multiplies,23864,metadata_or_saved_count,saved_acquisition_nested_timers_and_process_peaks_not_additive,False,False
hcl_resource,artifacts/server_pf_spectral_recoverability_d2_a_prediction_20260929_e2e8e5c/resource_audit.json,/coordinates/0/sparse_state_multiply_seconds,0.12378877447918057,seconds,saved_acquisition_nested_timers_and_process_peaks_not_additive,False,False
hcl_resource,artifacts/server_pf_spectral_recoverability_d2_a_prediction_20260929_e2e8e5c/resource_audit.json,/coordinates/0/time_hex,0x1.f05c92e251856p-4,metadata_or_saved_count,saved_acquisition_nested_timers_and_process_peaks_not_additive,False,False
hcl_resource,artifacts/server_pf_spectral_recoverability_d2_a_prediction_20260929_e2e8e5c/resource_audit.json,/coordinates/1/basis_vector_peak_bytes,38400,bytes,saved_acquisition_nested_timers_and_process_peaks_not_additive,False,False
hcl_resource,artifacts/server_pf_spectral_recoverability_d2_a_prediction_20260929_e2e8e5c/resource_audit.json,/coordinates/1/component_gate_materialization_seconds,0.1424407633021474,seconds,saved_acquisition_nested_timers_and_process_peaks_not_additive,False,False
hcl_resource,artifacts/server_pf_spectral_recoverability_d2_a_prediction_20260929_e2e8e5c/resource_audit.json,/coordinates/1/component_gate_materializations,856,metadata_or_saved_count,saved_acquisition_nested_timers_and_process_peaks_not_additive,False,False
hcl_resource,artifacts/server_pf_spectral_recoverability_d2_a_prediction_20260929_e2e8e5c/resource_audit.json,/coordinates/1/condition,HCl_full_eq_sto3g,metadata_or_saved_count,saved_acquisition_nested_timers_and_process_peaks_not_additive,False,False
hcl_resource,artifacts/server_pf_spectral_recoverability_d2_a_prediction_20260929_e2e8e5c/resource_audit.json,/coordinates/1/gate_cache_peak_bytes,2760864,bytes,saved_acquisition_nested_timers_and_process_peaks_not_additive,False,False
hcl_resource,artifacts/server_pf_spectral_recoverability_d2_a_prediction_20260929_e2e8e5c/resource_audit.json,/coordinates/1/hamiltonian_exponential_actions,0,metadata_or_saved_count,saved_acquisition_nested_timers_and_process_peaks_not_additive,False,False
hcl_resource,artifacts/server_pf_spectral_recoverability_d2_a_prediction_20260929_e2e8e5c/resource_audit.json,/coordinates/1/hamiltonian_matvec_seconds,9.80086624622345e-05,seconds,saved_acquisition_nested_timers_and_process_peaks_not_additive,False,False
hcl_resource,artifacts/server_pf_spectral_recoverability_d2_a_prediction_20260929_e2e8e5c/resource_audit.json,/coordinates/1/hamiltonian_matvecs,8,metadata_or_saved_count,saved_acquisition_nested_timers_and_process_peaks_not_additive,False,False
hcl_resource,artifacts/server_pf_spectral_recoverability_d2_a_prediction_20260929_e2e8e5c/resource_audit.json,/coordinates/1/pf_block_calls,8,metadata_or_saved_count,saved_acquisition_nested_timers_and_process_peaks_not_additive,False,False
hcl_resource,artifacts/server_pf_spectral_recoverability_d2_a_prediction_20260929_e2e8e5c/resource_audit.json,/coordinates/1/pf_per_vector_actions,8,metadata_or_saved_count,saved_acquisition_nested_timers_and_process_peaks_not_additive,False,False
hcl_resource,artifacts/server_pf_spectral_recoverability_d2_a_prediction_20260929_e2e8e5c/resource_audit.json,/coordinates/1/reorthogonalization_and_projected_solve_seconds,0.14572801114991307,seconds,saved_acquisition_nested_timers_and_process_peaks_not_additive,False,False
hcl_resource,artifacts/server_pf_spectral_recoverability_d2_a_prediction_20260929_e2e8e5c/resource_audit.json,/coordinates/1/sparse_state_multiplies,23864,metadata_or_saved_count,saved_acquisition_nested_timers_and_process_peaks_not_additive,False,False
hcl_resource,artifacts/server_pf_spectral_recoverability_d2_a_prediction_20260929_e2e8e5c/resource_audit.json,/coordinates/1/sparse_state_multiply_seconds,0.12271917657926679,seconds,saved_acquisition_nested_timers_and_process_peaks_not_additive,False,False
hcl_resource,artifacts/server_pf_spectral_recoverability_d2_a_prediction_20260929_e2e8e5c/resource_audit.json,/coordinates/1/time_hex,0x1.42a292acb4fd2p-3,metadata_or_saved_count,saved_acquisition_nested_timers_and_process_peaks_not_additive,False,False
hcl_resource,artifacts/server_pf_spectral_recoverability_d2_a_prediction_20260929_e2e8e5c/resource_audit.json,/coordinates/2/basis_vector_peak_bytes,38400,bytes,saved_acquisition_nested_timers_and_process_peaks_not_additive,False,False
hcl_resource,artifacts/server_pf_spectral_recoverability_d2_a_prediction_20260929_e2e8e5c/resource_audit.json,/coordinates/2/component_gate_materialization_seconds,0.14252472762018442,seconds,saved_acquisition_nested_timers_and_process_peaks_not_additive,False,False
hcl_resource,artifacts/server_pf_spectral_recoverability_d2_a_prediction_20260929_e2e8e5c/resource_audit.json,/coordinates/2/component_gate_materializations,856,metadata_or_saved_count,saved_acquisition_nested_timers_and_process_peaks_not_additive,False,False
hcl_resource,artifacts/server_pf_spectral_recoverability_d2_a_prediction_20260929_e2e8e5c/resource_audit.json,/coordinates/2/condition,HCl_full_eq_sto3g,metadata_or_saved_count,saved_acquisition_nested_timers_and_process_peaks_not_additive,False,False
hcl_resource,artifacts/server_pf_spectral_recoverability_d2_a_prediction_20260929_e2e8e5c/resource_audit.json,/coordinates/2/gate_cache_peak_bytes,2760864,bytes,saved_acquisition_nested_timers_and_process_peaks_not_additive,False,False
hcl_resource,artifacts/server_pf_spectral_recoverability_d2_a_prediction_20260929_e2e8e5c/resource_audit.json,/coordinates/2/hamiltonian_exponential_actions,0,metadata_or_saved_count,saved_acquisition_nested_timers_and_process_peaks_not_additive,False,False
hcl_resource,artifacts/server_pf_spectral_recoverability_d2_a_prediction_20260929_e2e8e5c/resource_audit.json,/coordinates/2/hamiltonian_matvec_seconds,9.748619049787521e-05,seconds,saved_acquisition_nested_timers_and_process_peaks_not_additive,False,False
hcl_resource,artifacts/server_pf_spectral_recoverability_d2_a_prediction_20260929_e2e8e5c/resource_audit.json,/coordinates/2/hamiltonian_matvecs,8,metadata_or_saved_count,saved_acquisition_nested_timers_and_process_peaks_not_additive,False,False
hcl_resource,artifacts/server_pf_spectral_recoverability_d2_a_prediction_20260929_e2e8e5c/resource_audit.json,/coordinates/2/pf_block_calls,8,metadata_or_saved_count,saved_acquisition_nested_timers_and_process_peaks_not_additive,False,False
hcl_resource,artifacts/server_pf_spectral_recoverability_d2_a_prediction_20260929_e2e8e5c/resource_audit.json,/coordinates/2/pf_per_vector_actions,8,metadata_or_saved_count,saved_acquisition_nested_timers_and_process_peaks_not_additive,False,False
hcl_resource,artifacts/server_pf_spectral_recoverability_d2_a_prediction_20260929_e2e8e5c/resource_audit.json,/coordinates/2/reorthogonalization_and_projected_solve_seconds,0.14638742618262768,seconds,saved_acquisition_nested_timers_and_process_peaks_not_additive,False,False
hcl_resource,artifacts/server_pf_spectral_recoverability_d2_a_prediction_20260929_e2e8e5c/resource_audit.json,/coordinates/2/sparse_state_multiplies,23864,metadata_or_saved_count,saved_acquisition_nested_timers_and_process_peaks_not_additive,False,False
hcl_resource,artifacts/server_pf_spectral_recoverability_d2_a_prediction_20260929_e2e8e5c/resource_audit.json,/coordinates/2/sparse_state_multiply_seconds,0.12361471122130752,seconds,saved_acquisition_nested_timers_and_process_peaks_not_additive,False,False
hcl_resource,artifacts/server_pf_spectral_recoverability_d2_a_prediction_20260929_e2e8e5c/resource_audit.json,/coordinates/2/time_hex,0x1.8d16dbe841378p-3,metadata_or_saved_count,saved_acquisition_nested_timers_and_process_peaks_not_additive,False,False
hcl_resource,artifacts/server_pf_spectral_recoverability_d2_a_prediction_20260929_e2e8e5c/resource_audit.json,/coordinates/3/basis_vector_peak_bytes,38400,bytes,saved_acquisition_nested_timers_and_process_peaks_not_additive,False,False
hcl_resource,artifacts/server_pf_spectral_recoverability_d2_a_prediction_20260929_e2e8e5c/resource_audit.json,/coordinates/3/component_gate_materialization_seconds,0.1473243492655456,seconds,saved_acquisition_nested_timers_and_process_peaks_not_additive,False,False
hcl_resource,artifacts/server_pf_spectral_recoverability_d2_a_prediction_20260929_e2e8e5c/resource_audit.json,/coordinates/3/component_gate_materializations,856,metadata_or_saved_count,saved_acquisition_nested_timers_and_process_peaks_not_additive,False,False
hcl_resource,artifacts/server_pf_spectral_recoverability_d2_a_prediction_20260929_e2e8e5c/resource_audit.json,/coordinates/3/condition,HCl_full_stretch150_sto3g,metadata_or_saved_count,saved_acquisition_nested_timers_and_process_peaks_not_additive,False,False
hcl_resource,artifacts/server_pf_spectral_recoverability_d2_a_prediction_20260929_e2e8e5c/resource_audit.json,/coordinates/3/gate_cache_peak_bytes,2760864,bytes,saved_acquisition_nested_timers_and_process_peaks_not_additive,False,False
hcl_resource,artifacts/server_pf_spectral_recoverability_d2_a_prediction_20260929_e2e8e5c/resource_audit.json,/coordinates/3/hamiltonian_exponential_actions,0,metadata_or_saved_count,saved_acquisition_nested_timers_and_process_peaks_not_additive,False,False
hcl_resource,artifacts/server_pf_spectral_recoverability_d2_a_prediction_20260929_e2e8e5c/resource_audit.json,/coordinates/3/hamiltonian_matvec_seconds,0.00010124919936060905,seconds,saved_acquisition_nested_timers_and_process_peaks_not_additive,False,False
hcl_resource,artifacts/server_pf_spectral_recoverability_d2_a_prediction_20260929_e2e8e5c/resource_audit.json,/coordinates/3/hamiltonian_matvecs,8,metadata_or_saved_count,saved_acquisition_nested_timers_and_process_peaks_not_additive,False,False
hcl_resource,artifacts/server_pf_spectral_recoverability_d2_a_prediction_20260929_e2e8e5c/resource_audit.json,/coordinates/3/pf_block_calls,8,metadata_or_saved_count,saved_acquisition_nested_timers_and_process_peaks_not_additive,False,False
hcl_resource,artifacts/server_pf_spectral_recoverability_d2_a_prediction_20260929_e2e8e5c/resource_audit.json,/coordinates/3/pf_per_vector_actions,8,metadata_or_saved_count,saved_acquisition_nested_timers_and_process_peaks_not_additive,False,False
hcl_resource,artifacts/server_pf_spectral_recoverability_d2_a_prediction_20260929_e2e8e5c/resource_audit.json,/coordinates/3/reorthogonalization_and_projected_solve_seconds,0.14582442492246628,seconds,saved_acquisition_nested_timers_and_process_peaks_not_additive,False,False
hcl_resource,artifacts/server_pf_spectral_recoverability_d2_a_prediction_20260929_e2e8e5c/resource_audit.json,/coordinates/3/sparse_state_multiplies,23864,metadata_or_saved_count,saved_acquisition_nested_timers_and_process_peaks_not_additive,False,False
hcl_resource,artifacts/server_pf_spectral_recoverability_d2_a_prediction_20260929_e2e8e5c/resource_audit.json,/coordinates/3/sparse_state_multiply_seconds,0.12329228827729821,seconds,saved_acquisition_nested_timers_and_process_peaks_not_additive,False,False
hcl_resource,artifacts/server_pf_spectral_recoverability_d2_a_prediction_20260929_e2e8e5c/resource_audit.json,/coordinates/3/time_hex,0x1.3da896eea2786p-3,metadata_or_saved_count,saved_acquisition_nested_timers_and_process_peaks_not_additive,False,False
hcl_resource,artifacts/server_pf_spectral_recoverability_d2_a_prediction_20260929_e2e8e5c/resource_audit.json,/coordinates/4/basis_vector_peak_bytes,38400,bytes,saved_acquisition_nested_timers_and_process_peaks_not_additive,False,False
hcl_resource,artifacts/server_pf_spectral_recoverability_d2_a_prediction_20260929_e2e8e5c/resource_audit.json,/coordinates/4/component_gate_materialization_seconds,0.14285021927207708,seconds,saved_acquisition_nested_timers_and_process_peaks_not_additive,False,False
hcl_resource,artifacts/server_pf_spectral_recoverability_d2_a_prediction_20260929_e2e8e5c/resource_audit.json,/coordinates/4/component_gate_materializations,856,metadata_or_saved_count,saved_acquisition_nested_timers_and_process_peaks_not_additive,False,False
hcl_resource,artifacts/server_pf_spectral_recoverability_d2_a_prediction_20260929_e2e8e5c/resource_audit.json,/coordinates/4/condition,HCl_full_stretch150_sto3g,metadata_or_saved_count,saved_acquisition_nested_timers_and_process_peaks_not_additive,False,False
hcl_resource,artifacts/server_pf_spectral_recoverability_d2_a_prediction_20260929_e2e8e5c/resource_audit.json,/coordinates/4/gate_cache_peak_bytes,2760864,bytes,saved_acquisition_nested_timers_and_process_peaks_not_additive,False,False
hcl_resource,artifacts/server_pf_spectral_recoverability_d2_a_prediction_20260929_e2e8e5c/resource_audit.json,/coordinates/4/hamiltonian_exponential_actions,0,metadata_or_saved_count,saved_acquisition_nested_timers_and_process_peaks_not_additive,False,False
hcl_resource,artifacts/server_pf_spectral_recoverability_d2_a_prediction_20260929_e2e8e5c/resource_audit.json,/coordinates/4/hamiltonian_matvec_seconds,9.722961112856865e-05,seconds,saved_acquisition_nested_timers_and_process_peaks_not_additive,False,False
hcl_resource,artifacts/server_pf_spectral_recoverability_d2_a_prediction_20260929_e2e8e5c/resource_audit.json,/coordinates/4/hamiltonian_matvecs,8,metadata_or_saved_count,saved_acquisition_nested_timers_and_process_peaks_not_additive,False,False
hcl_resource,artifacts/server_pf_spectral_recoverability_d2_a_prediction_20260929_e2e8e5c/resource_audit.json,/coordinates/4/pf_block_calls,8,metadata_or_saved_count,saved_acquisition_nested_timers_and_process_peaks_not_additive,False,False
hcl_resource,artifacts/server_pf_spectral_recoverability_d2_a_prediction_20260929_e2e8e5c/resource_audit.json,/coordinates/4/pf_per_vector_actions,8,metadata_or_saved_count,saved_acquisition_nested_timers_and_process_peaks_not_additive,False,False
hcl_resource,artifacts/server_pf_spectral_recoverability_d2_a_prediction_20260929_e2e8e5c/resource_audit.json,/coordinates/4/reorthogonalization_and_projected_solve_seconds,0.14676420763134956,seconds,saved_acquisition_nested_timers_and_process_peaks_not_additive,False,False
hcl_resource,artifacts/server_pf_spectral_recoverability_d2_a_prediction_20260929_e2e8e5c/resource_audit.json,/coordinates/4/sparse_state_multiplies,23864,metadata_or_saved_count,saved_acquisition_nested_timers_and_process_peaks_not_additive,False,False
hcl_resource,artifacts/server_pf_spectral_recoverability_d2_a_prediction_20260929_e2e8e5c/resource_audit.json,/coordinates/4/sparse_state_multiply_seconds,0.12372101051732898,seconds,saved_acquisition_nested_timers_and_process_peaks_not_additive,False,False
hcl_resource,artifacts/server_pf_spectral_recoverability_d2_a_prediction_20260929_e2e8e5c/resource_audit.json,/coordinates/4/time_hex,0x1.9cf4c436399c8p-3,metadata_or_saved_count,saved_acquisition_nested_timers_and_process_peaks_not_additive,False,False
hcl_resource,artifacts/server_pf_spectral_recoverability_d2_a_prediction_20260929_e2e8e5c/resource_audit.json,/coordinates/5/basis_vector_peak_bytes,38400,bytes,saved_acquisition_nested_timers_and_process_peaks_not_additive,False,False
hcl_resource,artifacts/server_pf_spectral_recoverability_d2_a_prediction_20260929_e2e8e5c/resource_audit.json,/coordinates/5/component_gate_materialization_seconds,0.1428169421851635,seconds,saved_acquisition_nested_timers_and_process_peaks_not_additive,False,False
hcl_resource,artifacts/server_pf_spectral_recoverability_d2_a_prediction_20260929_e2e8e5c/resource_audit.json,/coordinates/5/component_gate_materializations,856,metadata_or_saved_count,saved_acquisition_nested_timers_and_process_peaks_not_additive,False,False
hcl_resource,artifacts/server_pf_spectral_recoverability_d2_a_prediction_20260929_e2e8e5c/resource_audit.json,/coordinates/5/condition,HCl_full_stretch150_sto3g,metadata_or_saved_count,saved_acquisition_nested_timers_and_process_peaks_not_additive,False,False
hcl_resource,artifacts/server_pf_spectral_recoverability_d2_a_prediction_20260929_e2e8e5c/resource_audit.json,/coordinates/5/gate_cache_peak_bytes,2760864,bytes,saved_acquisition_nested_timers_and_process_peaks_not_additive,False,False
hcl_resource,artifacts/server_pf_spectral_recoverability_d2_a_prediction_20260929_e2e8e5c/resource_audit.json,/coordinates/5/hamiltonian_exponential_actions,0,metadata_or_saved_count,saved_acquisition_nested_timers_and_process_peaks_not_additive,False,False
hcl_resource,artifacts/server_pf_spectral_recoverability_d2_a_prediction_20260929_e2e8e5c/resource_audit.json,/coordinates/5/hamiltonian_matvec_seconds,9.951973333954811e-05,seconds,saved_acquisition_nested_timers_and_process_peaks_not_additive,False,False
hcl_resource,artifacts/server_pf_spectral_recoverability_d2_a_prediction_20260929_e2e8e5c/resource_audit.json,/coordinates/5/hamiltonian_matvecs,8,metadata_or_saved_count,saved_acquisition_nested_timers_and_process_peaks_not_additive,False,False
hcl_resource,artifacts/server_pf_spectral_recoverability_d2_a_prediction_20260929_e2e8e5c/resource_audit.json,/coordinates/5/pf_block_calls,8,metadata_or_saved_count,saved_acquisition_nested_timers_and_process_peaks_not_additive,False,False
hcl_resource,artifacts/server_pf_spectral_recoverability_d2_a_prediction_20260929_e2e8e5c/resource_audit.json,/coordinates/5/pf_per_vector_actions,8,metadata_or_saved_count,saved_acquisition_nested_timers_and_process_peaks_not_additive,False,False
hcl_resource,artifacts/server_pf_spectral_recoverability_d2_a_prediction_20260929_e2e8e5c/resource_audit.json,/coordinates/5/reorthogonalization_and_projected_solve_seconds,0.14612872060388327,seconds,saved_acquisition_nested_timers_and_process_peaks_not_additive,False,False
hcl_resource,artifacts/server_pf_spectral_recoverability_d2_a_prediction_20260929_e2e8e5c/resource_audit.json,/coordinates/5/sparse_state_multiplies,23864,metadata_or_saved_count,saved_acquisition_nested_timers_and_process_peaks_not_additive,False,False
hcl_resource,artifacts/server_pf_spectral_recoverability_d2_a_prediction_20260929_e2e8e5c/resource_audit.json,/coordinates/5/sparse_state_multiply_seconds,0.12882972322404385,seconds,saved_acquisition_nested_timers_and_process_peaks_not_additive,False,False
hcl_resource,artifacts/server_pf_spectral_recoverability_d2_a_prediction_20260929_e2e8e5c/resource_audit.json,/coordinates/5/time_hex,0x1.fc40f17dd0c0ap-3,metadata_or_saved_count,saved_acquisition_nested_timers_and_process_peaks_not_additive,False,False
hcl_resource,artifacts/server_pf_spectral_recoverability_d2_a_prediction_20260929_e2e8e5c/resource_audit.json,/environment/backend,cpu,metadata_or_saved_count,saved_acquisition_nested_timers_and_process_peaks_not_additive,False,False
hcl_resource,artifacts/server_pf_spectral_recoverability_d2_a_prediction_20260929_e2e8e5c/resource_audit.json,/environment/gpu_allocation_count,0,metadata_or_saved_count,saved_acquisition_nested_timers_and_process_peaks_not_additive,False,False
hcl_resource,artifacts/server_pf_spectral_recoverability_d2_a_prediction_20260929_e2e8e5c/resource_audit.json,/environment/gpu_kernel_count,0,metadata_or_saved_count,saved_acquisition_nested_timers_and_process_peaks_not_additive,False,False
hcl_resource,artifacts/server_pf_spectral_recoverability_d2_a_prediction_20260929_e2e8e5c/resource_audit.json,/environment/gpu_query_count,0,metadata_or_saved_count,saved_acquisition_nested_timers_and_process_peaks_not_additive,False,False
hcl_resource,artifacts/server_pf_spectral_recoverability_d2_a_prediction_20260929_e2e8e5c/resource_audit.json,/environment/processes,1,metadata_or_saved_count,saved_acquisition_nested_timers_and_process_peaks_not_additive,False,False
hcl_resource,artifacts/server_pf_spectral_recoverability_d2_a_prediction_20260929_e2e8e5c/resource_audit.json,/environment/python_executable,/home/AbeHiromu/venvs/trotter-common/bin/python,metadata_or_saved_count,saved_acquisition_nested_timers_and_process_peaks_not_additive,False,False
hcl_resource,artifacts/server_pf_spectral_recoverability_d2_a_prediction_20260929_e2e8e5c/resource_audit.json,/environment/python_realpath,/usr/bin/python3.12,metadata_or_saved_count,saved_acquisition_nested_timers_and_process_peaks_not_additive,False,False
hcl_resource,artifacts/server_pf_spectral_recoverability_d2_a_prediction_20260929_e2e8e5c/resource_audit.json,/environment/python_version,"3.12.3 (main, Aug 31 2026, 10:18:26) [GCC 13.3.0]",metadata_or_saved_count,saved_acquisition_nested_timers_and_process_peaks_not_additive,False,False
hcl_resource,artifacts/server_pf_spectral_recoverability_d2_a_prediction_20260929_e2e8e5c/resource_audit.json,/environment/threads/MKL_NUM_THREADS,1,metadata_or_saved_count,saved_acquisition_nested_timers_and_process_peaks_not_additive,False,False
hcl_resource,artifacts/server_pf_spectral_recoverability_d2_a_prediction_20260929_e2e8e5c/resource_audit.json,/environment/threads/OMP_NUM_THREADS,1,metadata_or_saved_count,saved_acquisition_nested_timers_and_process_peaks_not_additive,False,False
hcl_resource,artifacts/server_pf_spectral_recoverability_d2_a_prediction_20260929_e2e8e5c/resource_audit.json,/environment/threads/OPENBLAS_NUM_THREADS,1,metadata_or_saved_count,saved_acquisition_nested_timers_and_process_peaks_not_additive,False,False
hcl_resource,artifacts/server_pf_spectral_recoverability_d2_a_prediction_20260929_e2e8e5c/resource_audit.json,/peak_cpu_rss_kib,454656,KiB,saved_acquisition_nested_timers_and_process_peaks_not_additive,False,False
hcl_resource,artifacts/server_pf_spectral_recoverability_d2_a_prediction_20260929_e2e8e5c/resource_audit.json,/runtime_identity/all_files_byte_identical,True,metadata_or_saved_count,saved_acquisition_nested_timers_and_process_peaks_not_additive,False,False
hcl_resource,artifacts/server_pf_spectral_recoverability_d2_a_prediction_20260929_e2e8e5c/resource_audit.json,/runtime_identity/file_count,56,metadata_or_saved_count,saved_acquisition_nested_timers_and_process_peaks_not_additive,False,False
hcl_resource,artifacts/server_pf_spectral_recoverability_d2_a_prediction_20260929_e2e8e5c/resource_audit.json,/runtime_identity/inventory_sha256,5dbe617f37dcfd4274fa5f89eddf6167ffe62a3816200bec6eb66f9e49e73d91,metadata_or_saved_count,saved_acquisition_nested_timers_and_process_peaks_not_additive,False,False
hcl_resource,artifacts/server_pf_spectral_recoverability_d2_a_prediction_20260929_e2e8e5c/resource_audit.json,/runtime_identity/runtime_root,/home/AbeHiromu/worktrees/gpu-second-study-safe-time-domain-phase-a-20260927/artifacts/server_second_study_safe_time_domain_phase_a_20260927_e86e694/.runtime,metadata_or_saved_count,saved_acquisition_nested_timers_and_process_peaks_not_additive,False,False
hcl_resource,artifacts/server_pf_spectral_recoverability_d2_a_prediction_20260929_e2e8e5c/resource_audit.json,/runtime_identity/total_bytes,113469289,bytes,saved_acquisition_nested_timers_and_process_peaks_not_additive,False,False
hcl_resource,artifacts/server_pf_spectral_recoverability_d2_a_prediction_20260929_e2e8e5c/resource_audit.json,/schema,pf_spectral_recoverability_d2_a_prediction_resources_v1,metadata_or_saved_count,saved_acquisition_nested_timers_and_process_peaks_not_additive,False,False
hcl_resource,artifacts/server_pf_spectral_recoverability_d2_a_prediction_20260929_e2e8e5c/resource_audit.json,/wall_seconds,2.617139405105263,seconds,saved_acquisition_nested_timers_and_process_peaks_not_additive,False,False
even_resource,artifacts/hchain_truth_free_prediction_20261004/final/resource_audit.json,/BLAS_threads,1,metadata_or_saved_count,saved_acquisition_nested_timers_and_process_peaks_not_additive,False,False
even_resource,artifacts/hchain_truth_free_prediction_20261004/final/resource_audit.json,/CPU_processes,1,metadata_or_saved_count,saved_acquisition_nested_timers_and_process_peaks_not_additive,False,False
even_resource,artifacts/hchain_truth_free_prediction_20261004/final/resource_audit.json,/H1_net_interval_excludes_shared_preprocessing,True,metadata_or_saved_count,saved_acquisition_nested_timers_and_process_peaks_not_additive,False,False
even_resource,artifacts/hchain_truth_free_prediction_20261004/final/resource_audit.json,/H1_shared_path_net_of_freeze_seconds,0.3303226148709655,seconds,saved_acquisition_nested_timers_and_process_peaks_not_additive,False,False
even_resource,artifacts/hchain_truth_free_prediction_20261004/final/resource_audit.json,/H_exponential_internal_matvec_count,unknown_not_exposed_by_CSR_expm_multiply,metadata_or_saved_count,saved_acquisition_nested_timers_and_process_peaks_not_additive,False,False
even_resource,artifacts/hchain_truth_free_prediction_20261004/final/resource_audit.json,/arm_wall_seconds/M1,0.17586242407560349,seconds,saved_acquisition_nested_timers_and_process_peaks_not_additive,False,False
even_resource,artifacts/hchain_truth_free_prediction_20261004/final/resource_audit.json,/arm_wall_seconds/cheap,0.09846175368875265,seconds,saved_acquisition_nested_timers_and_process_peaks_not_additive,False,False
even_resource,artifacts/hchain_truth_free_prediction_20261004/final/resource_audit.json,/combined_H1_cost,measured_shared_path_inherited_schedule,metadata_or_saved_count,saved_acquisition_nested_timers_and_process_peaks_not_additive,False,False
even_resource,artifacts/hchain_truth_free_prediction_20261004/final/resource_audit.json,/combined_cost_is_rigorous_envelope,False,metadata_or_saved_count,saved_acquisition_nested_timers_and_process_peaks_not_additive,False,False
even_resource,artifacts/hchain_truth_free_prediction_20261004/final/resource_audit.json,/coordinate_actions/H2_r0.5/H_matvecs,4,metadata_or_saved_count,saved_acquisition_nested_timers_and_process_peaks_not_additive,False,False
even_resource,artifacts/hchain_truth_free_prediction_20261004/final/resource_audit.json,/coordinate_actions/H2_r0.5/PF_vector_actions,4,metadata_or_saved_count,saved_acquisition_nested_timers_and_process_peaks_not_additive,False,False
even_resource,artifacts/hchain_truth_free_prediction_20261004/final/resource_audit.json,/coordinate_actions/H2_r0.5/path,comparator_only,metadata_or_saved_count,saved_acquisition_nested_timers_and_process_peaks_not_additive,False,False
even_resource,artifacts/hchain_truth_free_prediction_20261004/final/resource_audit.json,/coordinate_actions/H2_r0.65/H_matvecs,2,metadata_or_saved_count,saved_acquisition_nested_timers_and_process_peaks_not_additive,False,False
even_resource,artifacts/hchain_truth_free_prediction_20261004/final/resource_audit.json,/coordinate_actions/H2_r0.65/PF_vector_actions,2,metadata_or_saved_count,saved_acquisition_nested_timers_and_process_peaks_not_additive,False,False
even_resource,artifacts/hchain_truth_free_prediction_20261004/final/resource_audit.json,/coordinate_actions/H2_r0.65/path,comparator_only,metadata_or_saved_count,saved_acquisition_nested_timers_and_process_peaks_not_additive,False,False
even_resource,artifacts/hchain_truth_free_prediction_20261004/final/resource_audit.json,/coordinate_actions/H2_r0.8/H_matvecs,2,metadata_or_saved_count,saved_acquisition_nested_timers_and_process_peaks_not_additive,False,False
even_resource,artifacts/hchain_truth_free_prediction_20261004/final/resource_audit.json,/coordinate_actions/H2_r0.8/PF_vector_actions,2,metadata_or_saved_count,saved_acquisition_nested_timers_and_process_peaks_not_additive,False,False
even_resource,artifacts/hchain_truth_free_prediction_20261004/final/resource_audit.json,/coordinate_actions/H2_r0.8/path,comparator_only,metadata_or_saved_count,saved_acquisition_nested_timers_and_process_peaks_not_additive,False,False
even_resource,artifacts/hchain_truth_free_prediction_20261004/final/resource_audit.json,/coordinate_actions/H4_r0.5/H_matvecs,8,metadata_or_saved_count,saved_acquisition_nested_timers_and_process_peaks_not_additive,False,False
even_resource,artifacts/hchain_truth_free_prediction_20261004/final/resource_audit.json,/coordinate_actions/H4_r0.5/PF_vector_actions,8,metadata_or_saved_count,saved_acquisition_nested_timers_and_process_peaks_not_additive,False,False
even_resource,artifacts/hchain_truth_free_prediction_20261004/final/resource_audit.json,/coordinate_actions/H4_r0.5/path,comparator_only,metadata_or_saved_count,saved_acquisition_nested_timers_and_process_peaks_not_additive,False,False
even_resource,artifacts/hchain_truth_free_prediction_20261004/final/resource_audit.json,/coordinate_actions/H4_r0.65/H_matvecs,8,metadata_or_saved_count,saved_acquisition_nested_timers_and_process_peaks_not_additive,False,False
even_resource,artifacts/hchain_truth_free_prediction_20261004/final/resource_audit.json,/coordinate_actions/H4_r0.65/PF_vector_actions,8,metadata_or_saved_count,saved_acquisition_nested_timers_and_process_peaks_not_additive,False,False
even_resource,artifacts/hchain_truth_free_prediction_20261004/final/resource_audit.json,/coordinate_actions/H4_r0.65/path,comparator_only,metadata_or_saved_count,saved_acquisition_nested_timers_and_process_peaks_not_additive,False,False
even_resource,artifacts/hchain_truth_free_prediction_20261004/final/resource_audit.json,/coordinate_actions/H4_r0.8/H_matvecs,8,metadata_or_saved_count,saved_acquisition_nested_timers_and_process_peaks_not_additive,False,False
even_resource,artifacts/hchain_truth_free_prediction_20261004/final/resource_audit.json,/coordinate_actions/H4_r0.8/PF_vector_actions,8,metadata_or_saved_count,saved_acquisition_nested_timers_and_process_peaks_not_additive,False,False
even_resource,artifacts/hchain_truth_free_prediction_20261004/final/resource_audit.json,/coordinate_actions/H4_r0.8/path,comparator_only,metadata_or_saved_count,saved_acquisition_nested_timers_and_process_peaks_not_additive,False,False
even_resource,artifacts/hchain_truth_free_prediction_20261004/final/resource_audit.json,/coordinate_actions/H6_r0.5/H_matvecs,8,metadata_or_saved_count,saved_acquisition_nested_timers_and_process_peaks_not_additive,False,False
even_resource,artifacts/hchain_truth_free_prediction_20261004/final/resource_audit.json,/coordinate_actions/H6_r0.5/PF_vector_actions,8,metadata_or_saved_count,saved_acquisition_nested_timers_and_process_peaks_not_additive,False,False
even_resource,artifacts/hchain_truth_free_prediction_20261004/final/resource_audit.json,/coordinate_actions/H6_r0.5/path,comparator_only,metadata_or_saved_count,saved_acquisition_nested_timers_and_process_peaks_not_additive,False,False
even_resource,artifacts/hchain_truth_free_prediction_20261004/final/resource_audit.json,/coordinate_actions/H6_r0.65/H_matvecs,8,metadata_or_saved_count,saved_acquisition_nested_timers_and_process_peaks_not_additive,False,False
even_resource,artifacts/hchain_truth_free_prediction_20261004/final/resource_audit.json,/coordinate_actions/H6_r0.65/PF_vector_actions,8,metadata_or_saved_count,saved_acquisition_nested_timers_and_process_peaks_not_additive,False,False
even_resource,artifacts/hchain_truth_free_prediction_20261004/final/resource_audit.json,/coordinate_actions/H6_r0.65/path,comparator_only,metadata_or_saved_count,saved_acquisition_nested_timers_and_process_peaks_not_additive,False,False
even_resource,artifacts/hchain_truth_free_prediction_20261004/final/resource_audit.json,/coordinate_actions/H6_r0.8/H_matvecs,8,metadata_or_saved_count,saved_acquisition_nested_timers_and_process_peaks_not_additive,False,False
even_resource,artifacts/hchain_truth_free_prediction_20261004/final/resource_audit.json,/coordinate_actions/H6_r0.8/PF_vector_actions,8,metadata_or_saved_count,saved_acquisition_nested_timers_and_process_peaks_not_additive,False,False
even_resource,artifacts/hchain_truth_free_prediction_20261004/final/resource_audit.json,/coordinate_actions/H6_r0.8/path,comparator_only,metadata_or_saved_count,saved_acquisition_nested_timers_and_process_peaks_not_additive,False,False
even_resource,artifacts/hchain_truth_free_prediction_20261004/final/resource_audit.json,/counts/Arnoldi_chains,9,metadata_or_saved_count,saved_acquisition_nested_timers_and_process_peaks_not_additive,False,False
even_resource,artifacts/hchain_truth_free_prediction_20261004/final/resource_audit.json,/counts/GPU_allocations,0,metadata_or_saved_count,saved_acquisition_nested_timers_and_process_peaks_not_additive,False,False
even_resource,artifacts/hchain_truth_free_prediction_20261004/final/resource_audit.json,/counts/GPU_kernels,0,metadata_or_saved_count,saved_acquisition_nested_timers_and_process_peaks_not_additive,False,False
even_resource,artifacts/hchain_truth_free_prediction_20261004/final/resource_audit.json,/counts/GPU_queries,0,metadata_or_saved_count,saved_acquisition_nested_timers_and_process_peaks_not_additive,False,False
even_resource,artifacts/hchain_truth_free_prediction_20261004/final/resource_audit.json,/counts/candidate_cheap_pf_actions,9,metadata_or_saved_count,saved_acquisition_nested_timers_and_process_peaks_not_additive,False,False
even_resource,artifacts/hchain_truth_free_prediction_20261004/final/resource_audit.json,/counts/candidate_h_exponential_actions,9,metadata_or_saved_count,saved_acquisition_nested_timers_and_process_peaks_not_additive,False,False
even_resource,artifacts/hchain_truth_free_prediction_20261004/final/resource_audit.json,/counts/component_gate_materializations,1728,metadata_or_saved_count,saved_acquisition_nested_timers_and_process_peaks_not_additive,False,False
even_resource,artifacts/hchain_truth_free_prediction_20261004/final/resource_audit.json,/counts/direct_truth_coordinates,0,metadata_or_saved_count,saved_acquisition_nested_timers_and_process_peaks_not_additive,False,False
even_resource,artifacts/hchain_truth_free_prediction_20261004/final/resource_audit.json,/counts/full_H_ground_solves,0,metadata_or_saved_count,saved_acquisition_nested_timers_and_process_peaks_not_additive,False,False
even_resource,artifacts/hchain_truth_free_prediction_20261004/final/resource_audit.json,/counts/full_pf_unitary_builds,0,metadata_or_saved_count,saved_acquisition_nested_timers_and_process_peaks_not_additive,False,False
even_resource,artifacts/hchain_truth_free_prediction_20261004/final/resource_audit.json,/counts/group_component_eigh_batches,149,metadata_or_saved_count,saved_acquisition_nested_timers_and_process_peaks_not_additive,False,False
even_resource,artifacts/hchain_truth_free_prediction_20261004/final/resource_audit.json,/counts/group_spectrum_preparations,72,metadata_or_saved_count,saved_acquisition_nested_timers_and_process_peaks_not_additive,False,False
even_resource,artifacts/hchain_truth_free_prediction_20261004/final/resource_audit.json,/counts/m1_h_matvecs,56,metadata_or_saved_count,saved_acquisition_nested_timers_and_process_peaks_not_additive,False,False
even_resource,artifacts/hchain_truth_free_prediction_20261004/final/resource_audit.json,/counts/m1_pf_vector_actions,56,metadata_or_saved_count,saved_acquisition_nested_timers_and_process_peaks_not_additive,False,False
even_resource,artifacts/hchain_truth_free_prediction_20261004/final/resource_audit.json,/counts/sparse_state_multiplies,25923,metadata_or_saved_count,saved_acquisition_nested_timers_and_process_peaks_not_additive,False,False
even_resource,artifacts/hchain_truth_free_prediction_20261004/final/resource_audit.json,/counts/target_phase_gaps,0,metadata_or_saved_count,saved_acquisition_nested_timers_and_process_peaks_not_additive,False,False
even_resource,artifacts/hchain_truth_free_prediction_20261004/final/resource_audit.json,/counts/truth_array_reads,0,metadata_or_saved_count,saved_acquisition_nested_timers_and_process_peaks_not_additive,False,False
even_resource,artifacts/hchain_truth_free_prediction_20261004/final/resource_audit.json,/freeze_overhead_seconds/ACQUISITION_FROZEN,0.18546971818432212,seconds,saved_acquisition_nested_timers_and_process_peaks_not_additive,False,False
even_resource,artifacts/hchain_truth_free_prediction_20261004/final/resource_audit.json,/freeze_overhead_seconds/H1_FROZEN,0.18572718696668744,seconds,saved_acquisition_nested_timers_and_process_peaks_not_additive,False,False
even_resource,artifacts/hchain_truth_free_prediction_20261004/final/resource_audit.json,/maximum_gate_cache_bytes,7019792,bytes,saved_acquisition_nested_timers_and_process_peaks_not_additive,False,False
even_resource,artifacts/hchain_truth_free_prediction_20261004/final/resource_audit.json,/maximum_h_exp_norm_residual,2.220446049250313e-16,metadata_or_saved_count,saved_acquisition_nested_timers_and_process_peaks_not_additive,False,False
even_resource,artifacts/hchain_truth_free_prediction_20261004/final/resource_audit.json,/maximum_pf_norm_residual,5.950795411990839e-14,metadata_or_saved_count,saved_acquisition_nested_timers_and_process_peaks_not_additive,False,False
even_resource,artifacts/hchain_truth_free_prediction_20261004/final/resource_audit.json,/peak_RSS_KiB,414136,KiB,saved_acquisition_nested_timers_and_process_peaks_not_additive,False,False
even_resource,artifacts/hchain_truth_free_prediction_20261004/final/resource_audit.json,/process_elapsed_before_final_write_seconds,1.963207266293466,seconds,saved_acquisition_nested_timers_and_process_peaks_not_additive,False,False
even_resource,artifacts/hchain_truth_free_prediction_20261004/final/resource_audit.json,/quantum_K_not_classical_action_count,True,metadata_or_saved_count,saved_acquisition_nested_timers_and_process_peaks_not_additive,False,False
even_resource,artifacts/hchain_truth_free_prediction_20261004/final/resource_audit.json,/schedule/H1_adoption_seconds,2.99219973385334e-05,seconds,saved_acquisition_nested_timers_and_process_peaks_not_additive,False,False
even_resource,artifacts/hchain_truth_free_prediction_20261004/final/resource_audit.json,/schedule/H1_combined_wall_seconds,0.701519520021975,seconds,saved_acquisition_nested_timers_and_process_peaks_not_additive,False,False
even_resource,artifacts/hchain_truth_free_prediction_20261004/final/resource_audit.json,/schedule/comparator_completion_wall_seconds_excluded_from_H1,0.23815433029085398,seconds,saved_acquisition_nested_timers_and_process_peaks_not_additive,False,False
even_resource,artifacts/hchain_truth_free_prediction_20261004/final/resource_audit.json,/schedule/per_system/H2/cheap_acquisition_seconds,0.0037151137366890907,seconds,saved_acquisition_nested_timers_and_process_peaks_not_additive,False,False
even_resource,artifacts/hchain_truth_free_prediction_20261004/final/resource_audit.json,/schedule/per_system/H2/cheap_decision_seconds,8.653057739138603e-05,seconds,saved_acquisition_nested_timers_and_process_peaks_not_additive,False,False
even_resource,artifacts/hchain_truth_free_prediction_20261004/final/resource_audit.json,/schedule/per_system/H2/conditional_spectral_seconds,0.0,seconds,saved_acquisition_nested_timers_and_process_peaks_not_additive,False,False
even_resource,artifacts/hchain_truth_free_prediction_20261004/final/resource_audit.json,/schedule/per_system/H4/cheap_acquisition_seconds,0.013544128742069006,seconds,saved_acquisition_nested_timers_and_process_peaks_not_additive,False,False
even_resource,artifacts/hchain_truth_free_prediction_20261004/final/resource_audit.json,/schedule/per_system/H4/cheap_decision_seconds,7.083266973495483e-05,seconds,saved_acquisition_nested_timers_and_process_peaks_not_additive,False,False
even_resource,artifacts/hchain_truth_free_prediction_20261004/final/resource_audit.json,/schedule/per_system/H4/conditional_spectral_seconds,0.0,seconds,saved_acquisition_nested_timers_and_process_peaks_not_additive,False,False
even_resource,artifacts/hchain_truth_free_prediction_20261004/final/resource_audit.json,/schedule/per_system/H6/cheap_acquisition_seconds,0.08122752932831645,seconds,saved_acquisition_nested_timers_and_process_peaks_not_additive,False,False
even_resource,artifacts/hchain_truth_free_prediction_20261004/final/resource_audit.json,/schedule/per_system/H6/cheap_decision_seconds,6.783707067370415e-05,seconds,saved_acquisition_nested_timers_and_process_peaks_not_additive,False,False
even_resource,artifacts/hchain_truth_free_prediction_20261004/final/resource_audit.json,/schedule/per_system/H6/conditional_spectral_seconds,0.0,seconds,saved_acquisition_nested_timers_and_process_peaks_not_additive,False,False
even_resource,artifacts/hchain_truth_free_prediction_20261004/final/resource_audit.json,/schedule/shared_path_cost_is_rigorous_cost_envelope,False,metadata_or_saved_count,saved_acquisition_nested_timers_and_process_peaks_not_additive,False,False
even_resource,artifacts/hchain_truth_free_prediction_20261004/final/resource_audit.json,/schedule/shared_preprocessing,account_separately_in_caller,metadata_or_saved_count,saved_acquisition_nested_timers_and_process_peaks_not_additive,False,False
even_resource,artifacts/hchain_truth_free_prediction_20261004/final/resource_audit.json,/schedule/standalone_cold_always_M1_wall,not_measured,metadata_or_saved_count,saved_acquisition_nested_timers_and_process_peaks_not_additive,False,False
even_resource,artifacts/hchain_truth_free_prediction_20261004/final/resource_audit.json,/timings_seconds/H2_M1,0.005139628890901804,seconds,saved_acquisition_nested_timers_and_process_peaks_not_additive,False,False
even_resource,artifacts/hchain_truth_free_prediction_20261004/final/resource_audit.json,/timings_seconds/H2_cheap,0.00368304830044508,seconds,saved_acquisition_nested_timers_and_process_peaks_not_additive,False,False
even_resource,artifacts/hchain_truth_free_prediction_20261004/final/resource_audit.json,/timings_seconds/H4_M1,0.025487538892775774,seconds,saved_acquisition_nested_timers_and_process_peaks_not_additive,False,False
even_resource,artifacts/hchain_truth_free_prediction_20261004/final/resource_audit.json,/timings_seconds/H4_cheap,0.013518780935555696,seconds,saved_acquisition_nested_timers_and_process_peaks_not_additive,False,False
even_resource,artifacts/hchain_truth_free_prediction_20261004/final/resource_audit.json,/timings_seconds/H6_M1,0.14514917926862836,seconds,saved_acquisition_nested_timers_and_process_peaks_not_additive,False,False
even_resource,artifacts/hchain_truth_free_prediction_20261004/final/resource_audit.json,/timings_seconds/H6_cheap,0.08120189793407917,seconds,saved_acquisition_nested_timers_and_process_peaks_not_additive,False,False
even_resource,artifacts/hchain_truth_free_prediction_20261004/final/resource_audit.json,/timings_seconds/H_exponential_action,0.006790153682231903,seconds,saved_acquisition_nested_timers_and_process_peaks_not_additive,False,False
even_resource,artifacts/hchain_truth_free_prediction_20261004/final/resource_audit.json,/timings_seconds/M1_H_matvec,0.0006268210709095001,seconds,saved_acquisition_nested_timers_and_process_peaks_not_additive,False,False
even_resource,artifacts/hchain_truth_free_prediction_20261004/final/resource_audit.json,/timings_seconds/PF_vector_action,0.2534131798893213,seconds,saved_acquisition_nested_timers_and_process_peaks_not_additive,False,False
even_resource,artifacts/hchain_truth_free_prediction_20261004/final/resource_audit.json,/timings_seconds/component_gate_materialization,0.16311509674414992,seconds,saved_acquisition_nested_timers_and_process_peaks_not_additive,False,False
even_resource,artifacts/hchain_truth_free_prediction_20261004/final/resource_audit.json,/timings_seconds/group_spectrum_preprocessing,0.39284686697646976,seconds,saved_acquisition_nested_timers_and_process_peaks_not_additive,False,False
even_resource,artifacts/hchain_truth_free_prediction_20261004/final/resource_audit.json,/timings_seconds/shared_input_and_group_preprocessing,0.7051912429742515,seconds,saved_acquisition_nested_timers_and_process_peaks_not_additive,False,False
even_input_resource,artifacts/hchain_input_reference_preparation_20261004_06922cb/input_resource_audit.json,/BLAS_threads,1,metadata_or_saved_count,shared_preparation_reference_not_incremental_H1,False,False
even_input_resource,artifacts/hchain_input_reference_preparation_20261004_06922cb/input_resource_audit.json,/CPU_processes,1,metadata_or_saved_count,shared_preparation_reference_not_incremental_H1,False,False
even_input_resource,artifacts/hchain_input_reference_preparation_20261004_06922cb/input_resource_audit.json,/H_exponential_internal_matvec_count,unknown_not_exposed_by_CSR_expm_multiply,metadata_or_saved_count,shared_preparation_reference_not_incremental_H1,False,False
even_input_resource,artifacts/hchain_input_reference_preparation_20261004_06922cb/input_resource_audit.json,/combined_H1_cost,not_measured_preparation_only,metadata_or_saved_count,shared_preparation_reference_not_incremental_H1,False,False
even_input_resource,artifacts/hchain_input_reference_preparation_20261004_06922cb/input_resource_audit.json,/counts/Arnoldi_chains,0,metadata_or_saved_count,shared_preparation_reference_not_incremental_H1,False,False
even_input_resource,artifacts/hchain_input_reference_preparation_20261004_06922cb/input_resource_audit.json,/counts/CISD_subspace_eigh_calls,1,metadata_or_saved_count,shared_preparation_reference_not_incremental_H1,False,False
even_input_resource,artifacts/hchain_input_reference_preparation_20261004_06922cb/input_resource_audit.json,/counts/GPU_allocations,0,metadata_or_saved_count,shared_preparation_reference_not_incremental_H1,False,False
even_input_resource,artifacts/hchain_input_reference_preparation_20261004_06922cb/input_resource_audit.json,/counts/GPU_kernels,0,metadata_or_saved_count,shared_preparation_reference_not_incremental_H1,False,False
even_input_resource,artifacts/hchain_input_reference_preparation_20261004_06922cb/input_resource_audit.json,/counts/GPU_queries,0,metadata_or_saved_count,shared_preparation_reference_not_incremental_H1,False,False
even_input_resource,artifacts/hchain_input_reference_preparation_20261004_06922cb/input_resource_audit.json,/counts/H6_CISD_generations,1,metadata_or_saved_count,shared_preparation_reference_not_incremental_H1,False,False
even_input_resource,artifacts/hchain_input_reference_preparation_20261004_06922cb/input_resource_audit.json,/counts/H6_Hamiltonian_generations,1,metadata_or_saved_count,shared_preparation_reference_not_incremental_H1,False,False
even_input_resource,artifacts/hchain_input_reference_preparation_20261004_06922cb/input_resource_audit.json,/counts/candidate_cheap_pf_actions,0,metadata_or_saved_count,shared_preparation_reference_not_incremental_H1,False,False
even_input_resource,artifacts/hchain_input_reference_preparation_20261004_06922cb/input_resource_audit.json,/counts/candidate_h_exponential_actions,0,metadata_or_saved_count,shared_preparation_reference_not_incremental_H1,False,False
even_input_resource,artifacts/hchain_input_reference_preparation_20261004_06922cb/input_resource_audit.json,/counts/direct_truth_coordinates,0,metadata_or_saved_count,shared_preparation_reference_not_incremental_H1,False,False
even_input_resource,artifacts/hchain_input_reference_preparation_20261004_06922cb/input_resource_audit.json,/counts/full_H_ground_solves,0,metadata_or_saved_count,shared_preparation_reference_not_incremental_H1,False,False
even_input_resource,artifacts/hchain_input_reference_preparation_20261004_06922cb/input_resource_audit.json,/counts/full_pf_unitary_builds,0,metadata_or_saved_count,shared_preparation_reference_not_incremental_H1,False,False
even_input_resource,artifacts/hchain_input_reference_preparation_20261004_06922cb/input_resource_audit.json,/counts/input_verification_h_matvecs,3,metadata_or_saved_count,shared_preparation_reference_not_incremental_H1,False,False
even_input_resource,artifacts/hchain_input_reference_preparation_20261004_06922cb/input_resource_audit.json,/counts/m1_h_matvecs,0,metadata_or_saved_count,shared_preparation_reference_not_incremental_H1,False,False
even_input_resource,artifacts/hchain_input_reference_preparation_20261004_06922cb/input_resource_audit.json,/counts/m1_pf_vector_actions,0,metadata_or_saved_count,shared_preparation_reference_not_incremental_H1,False,False
even_input_resource,artifacts/hchain_input_reference_preparation_20261004_06922cb/input_resource_audit.json,/counts/target_phase_gaps,0,metadata_or_saved_count,shared_preparation_reference_not_incremental_H1,False,False
even_input_resource,artifacts/hchain_input_reference_preparation_20261004_06922cb/input_resource_audit.json,/counts/truth_array_reads,0,metadata_or_saved_count,shared_preparation_reference_not_incremental_H1,False,False
even_input_resource,artifacts/hchain_input_reference_preparation_20261004_06922cb/input_resource_audit.json,/maximum_gate_cache_bytes,0,bytes,shared_preparation_reference_not_incremental_H1,False,False
even_input_resource,artifacts/hchain_input_reference_preparation_20261004_06922cb/input_resource_audit.json,/maximum_h_exp_norm_residual,0.0,metadata_or_saved_count,shared_preparation_reference_not_incremental_H1,False,False
even_input_resource,artifacts/hchain_input_reference_preparation_20261004_06922cb/input_resource_audit.json,/maximum_pf_norm_residual,0.0,metadata_or_saved_count,shared_preparation_reference_not_incremental_H1,False,False
even_input_resource,artifacts/hchain_input_reference_preparation_20261004_06922cb/input_resource_audit.json,/peak_RSS_KiB,358364,KiB,shared_preparation_reference_not_incremental_H1,False,False
even_input_resource,artifacts/hchain_input_reference_preparation_20261004_06922cb/input_resource_audit.json,/quantum_K_not_classical_action_count,True,metadata_or_saved_count,shared_preparation_reference_not_incremental_H1,False,False
even_input_resource,artifacts/hchain_input_reference_preparation_20261004_06922cb/input_resource_audit.json,/timings_seconds/input_state_preparation,1.1977149872109294,seconds,shared_preparation_reference_not_incremental_H1,False,False
even_reference_resource,artifacts/hchain_input_reference_preparation_20261004_06922cb/reference_resource_audit.json,/BLAS_threads,1,metadata_or_saved_count,shared_preparation_reference_not_incremental_H1,False,False
even_reference_resource,artifacts/hchain_input_reference_preparation_20261004_06922cb/reference_resource_audit.json,/CPU_processes,1,metadata_or_saved_count,shared_preparation_reference_not_incremental_H1,False,False
even_reference_resource,artifacts/hchain_input_reference_preparation_20261004_06922cb/reference_resource_audit.json,/H_exponential_internal_matvec_count,unknown_not_exposed_by_CSR_expm_multiply,metadata_or_saved_count,shared_preparation_reference_not_incremental_H1,False,False
even_reference_resource,artifacts/hchain_input_reference_preparation_20261004_06922cb/reference_resource_audit.json,/combined_H1_cost,not_measured_preparation_only,metadata_or_saved_count,shared_preparation_reference_not_incremental_H1,False,False
even_reference_resource,artifacts/hchain_input_reference_preparation_20261004_06922cb/reference_resource_audit.json,/counts/Arnoldi_chains,0,metadata_or_saved_count,shared_preparation_reference_not_incremental_H1,False,False
even_reference_resource,artifacts/hchain_input_reference_preparation_20261004_06922cb/reference_resource_audit.json,/counts/GPU_allocations,0,metadata_or_saved_count,shared_preparation_reference_not_incremental_H1,False,False
even_reference_resource,artifacts/hchain_input_reference_preparation_20261004_06922cb/reference_resource_audit.json,/counts/GPU_kernels,0,metadata_or_saved_count,shared_preparation_reference_not_incremental_H1,False,False
even_reference_resource,artifacts/hchain_input_reference_preparation_20261004_06922cb/reference_resource_audit.json,/counts/GPU_queries,0,metadata_or_saved_count,shared_preparation_reference_not_incremental_H1,False,False
even_reference_resource,artifacts/hchain_input_reference_preparation_20261004_06922cb/reference_resource_audit.json,/counts/candidate_cheap_pf_actions,0,metadata_or_saved_count,shared_preparation_reference_not_incremental_H1,False,False
even_reference_resource,artifacts/hchain_input_reference_preparation_20261004_06922cb/reference_resource_audit.json,/counts/candidate_h_exponential_actions,0,metadata_or_saved_count,shared_preparation_reference_not_incremental_H1,False,False
even_reference_resource,artifacts/hchain_input_reference_preparation_20261004_06922cb/reference_resource_audit.json,/counts/component_gate_materializations,8024,metadata_or_saved_count,shared_preparation_reference_not_incremental_H1,False,False
even_reference_resource,artifacts/hchain_input_reference_preparation_20261004_06922cb/reference_resource_audit.json,/counts/direct_truth_coordinates,0,metadata_or_saved_count,shared_preparation_reference_not_incremental_H1,False,False
even_reference_resource,artifacts/hchain_input_reference_preparation_20261004_06922cb/reference_resource_audit.json,/counts/full_H_ground_solves,0,metadata_or_saved_count,shared_preparation_reference_not_incremental_H1,False,False
even_reference_resource,artifacts/hchain_input_reference_preparation_20261004_06922cb/reference_resource_audit.json,/counts/full_pf_unitary_builds,0,metadata_or_saved_count,shared_preparation_reference_not_incremental_H1,False,False
even_reference_resource,artifacts/hchain_input_reference_preparation_20261004_06922cb/reference_resource_audit.json,/counts/group_component_eigh_batches,132,metadata_or_saved_count,shared_preparation_reference_not_incremental_H1,False,False
even_reference_resource,artifacts/hchain_input_reference_preparation_20261004_06922cb/reference_resource_audit.json,/counts/group_spectrum_preparations,59,metadata_or_saved_count,shared_preparation_reference_not_incremental_H1,False,False
even_reference_resource,artifacts/hchain_input_reference_preparation_20261004_06922cb/reference_resource_audit.json,/counts/m1_h_matvecs,0,metadata_or_saved_count,shared_preparation_reference_not_incremental_H1,False,False
even_reference_resource,artifacts/hchain_input_reference_preparation_20261004_06922cb/reference_resource_audit.json,/counts/m1_pf_vector_actions,0,metadata_or_saved_count,shared_preparation_reference_not_incremental_H1,False,False
even_reference_resource,artifacts/hchain_input_reference_preparation_20261004_06922cb/reference_resource_audit.json,/counts/reference_fit_calls,2,metadata_or_saved_count,shared_preparation_reference_not_incremental_H1,False,False
even_reference_resource,artifacts/hchain_input_reference_preparation_20261004_06922cb/reference_resource_audit.json,/counts/reference_h_exponential_actions,68,metadata_or_saved_count,shared_preparation_reference_not_incremental_H1,False,False
even_reference_resource,artifacts/hchain_input_reference_preparation_20261004_06922cb/reference_resource_audit.json,/counts/reference_pf_actions,68,metadata_or_saved_count,shared_preparation_reference_not_incremental_H1,False,False
even_reference_resource,artifacts/hchain_input_reference_preparation_20261004_06922cb/reference_resource_audit.json,/counts/sparse_state_multiplies,27200,metadata_or_saved_count,shared_preparation_reference_not_incremental_H1,False,False
even_reference_resource,artifacts/hchain_input_reference_preparation_20261004_06922cb/reference_resource_audit.json,/counts/target_phase_gaps,0,metadata_or_saved_count,shared_preparation_reference_not_incremental_H1,False,False
even_reference_resource,artifacts/hchain_input_reference_preparation_20261004_06922cb/reference_resource_audit.json,/counts/truth_array_reads,0,metadata_or_saved_count,shared_preparation_reference_not_incremental_H1,False,False
even_reference_resource,artifacts/hchain_input_reference_preparation_20261004_06922cb/reference_resource_audit.json,/environment/packages/numpy,1.26.4,metadata_or_saved_count,shared_preparation_reference_not_incremental_H1,False,False
even_reference_resource,artifacts/hchain_input_reference_preparation_20261004_06922cb/reference_resource_audit.json,/environment/packages/openfermion,1.6.1,metadata_or_saved_count,shared_preparation_reference_not_incremental_H1,False,False
even_reference_resource,artifacts/hchain_input_reference_preparation_20261004_06922cb/reference_resource_audit.json,/environment/packages/pyscf,2.7.0,metadata_or_saved_count,shared_preparation_reference_not_incremental_H1,False,False
even_reference_resource,artifacts/hchain_input_reference_preparation_20261004_06922cb/reference_resource_audit.json,/environment/packages/pytest,8.3.3,metadata_or_saved_count,shared_preparation_reference_not_incremental_H1,False,False
even_reference_resource,artifacts/hchain_input_reference_preparation_20261004_06922cb/reference_resource_audit.json,/environment/packages/scipy,1.14.1,metadata_or_saved_count,shared_preparation_reference_not_incremental_H1,False,False
even_reference_resource,artifacts/hchain_input_reference_preparation_20261004_06922cb/reference_resource_audit.json,/environment/python,/home/abe/myproject/Evaluation_numGate_highorder/venv/bin/python,metadata_or_saved_count,shared_preparation_reference_not_incremental_H1,False,False
even_reference_resource,artifacts/hchain_input_reference_preparation_20261004_06922cb/reference_resource_audit.json,/environment/python_version,3.11.1,metadata_or_saved_count,shared_preparation_reference_not_incremental_H1,False,False
even_reference_resource,artifacts/hchain_input_reference_preparation_20261004_06922cb/reference_resource_audit.json,/environment/variables/MKL_NUM_THREADS,1,metadata_or_saved_count,shared_preparation_reference_not_incremental_H1,False,False
even_reference_resource,artifacts/hchain_input_reference_preparation_20261004_06922cb/reference_resource_audit.json,/environment/variables/OMP_NUM_THREADS,1,metadata_or_saved_count,shared_preparation_reference_not_incremental_H1,False,False
even_reference_resource,artifacts/hchain_input_reference_preparation_20261004_06922cb/reference_resource_audit.json,/environment/variables/OPENBLAS_NUM_THREADS,1,metadata_or_saved_count,shared_preparation_reference_not_incremental_H1,False,False
even_reference_resource,artifacts/hchain_input_reference_preparation_20261004_06922cb/reference_resource_audit.json,/environment/variables/PYTHONDONTWRITEBYTECODE,1,metadata_or_saved_count,shared_preparation_reference_not_incremental_H1,False,False
even_reference_resource,artifacts/hchain_input_reference_preparation_20261004_06922cb/reference_resource_audit.json,/environment/variables/PYTHONNOUSERSITE,1,metadata_or_saved_count,shared_preparation_reference_not_incremental_H1,False,False
even_reference_resource,artifacts/hchain_input_reference_preparation_20261004_06922cb/reference_resource_audit.json,/environment/variables/PYTHONPATH,src:review_response:.,metadata_or_saved_count,shared_preparation_reference_not_incremental_H1,False,False
even_reference_resource,artifacts/hchain_input_reference_preparation_20261004_06922cb/reference_resource_audit.json,/input_preparation_accounted_separately,input_resource_audit.json,metadata_or_saved_count,shared_preparation_reference_not_incremental_H1,False,False
even_reference_resource,artifacts/hchain_input_reference_preparation_20261004_06922cb/reference_resource_audit.json,/maximum_gate_cache_bytes,7019792,bytes,shared_preparation_reference_not_incremental_H1,False,False
even_reference_resource,artifacts/hchain_input_reference_preparation_20261004_06922cb/reference_resource_audit.json,/maximum_h_exp_norm_residual,2.220446049250313e-16,metadata_or_saved_count,shared_preparation_reference_not_incremental_H1,False,False
even_reference_resource,artifacts/hchain_input_reference_preparation_20261004_06922cb/reference_resource_audit.json,/maximum_pf_norm_residual,6.261657858885883e-14,metadata_or_saved_count,shared_preparation_reference_not_incremental_H1,False,False
even_reference_resource,artifacts/hchain_input_reference_preparation_20261004_06922cb/reference_resource_audit.json,/peak_RSS_KiB,419500,KiB,shared_preparation_reference_not_incremental_H1,False,False
even_reference_resource,artifacts/hchain_input_reference_preparation_20261004_06922cb/reference_resource_audit.json,/quantum_K_not_classical_action_count,True,metadata_or_saved_count,shared_preparation_reference_not_incremental_H1,False,False
even_reference_resource,artifacts/hchain_input_reference_preparation_20261004_06922cb/reference_resource_audit.json,/timings_seconds/H_exponential_action,0.04451420996338129,seconds,shared_preparation_reference_not_incremental_H1,False,False
even_reference_resource,artifacts/hchain_input_reference_preparation_20261004_06922cb/reference_resource_audit.json,/timings_seconds/PF_vector_action,0.8784207860007882,seconds,shared_preparation_reference_not_incremental_H1,False,False
even_reference_resource,artifacts/hchain_input_reference_preparation_20261004_06922cb/reference_resource_audit.json,/timings_seconds/component_gate_materialization,0.7644102377817035,seconds,shared_preparation_reference_not_incremental_H1,False,False
even_reference_resource,artifacts/hchain_input_reference_preparation_20261004_06922cb/reference_resource_audit.json,/timings_seconds/group_spectrum_preprocessing,0.38593923579901457,seconds,shared_preparation_reference_not_incremental_H1,False,False
even_reference_resource,artifacts/hchain_input_reference_preparation_20261004_06922cb/reference_resource_audit.json,/timings_seconds/reference_calibration,1.5941334059461951,seconds,shared_preparation_reference_not_incremental_H1,False,False
odd_prediction_resource,artifacts/hchain_h3_h5_h7_extension_20261004/prediction/resource_audit.json,/counts_are_phase_specific_not_cumulative,True,metadata_or_saved_count,saved_acquisition_nested_timers_and_process_peaks_not_additive,False,False
odd_prediction_resource,artifacts/hchain_h3_h5_h7_extension_20261004/prediction/resource_audit.json,/phase,prediction,metadata_or_saved_count,saved_acquisition_nested_timers_and_process_peaks_not_additive,False,False
odd_prediction_resource,artifacts/hchain_h3_h5_h7_extension_20261004/prediction/resource_audit.json,/process_elapsed_before_final_write_seconds,4.153172978200018,seconds,saved_acquisition_nested_timers_and_process_peaks_not_additive,False,False
odd_prediction_resource,artifacts/hchain_h3_h5_h7_extension_20261004/prediction/resource_audit.json,/systems/H3/BLAS_threads,1,metadata_or_saved_count,saved_acquisition_nested_timers_and_process_peaks_not_additive,False,False
odd_prediction_resource,artifacts/hchain_h3_h5_h7_extension_20261004/prediction/resource_audit.json,/systems/H3/CPU_processes,1,metadata_or_saved_count,saved_acquisition_nested_timers_and_process_peaks_not_additive,False,False
odd_prediction_resource,artifacts/hchain_h3_h5_h7_extension_20261004/prediction/resource_audit.json,/systems/H3/H_exponential_internal_matvec_count,unknown_not_exposed_by_CSR_expm_multiply,metadata_or_saved_count,saved_acquisition_nested_timers_and_process_peaks_not_additive,False,False
odd_prediction_resource,artifacts/hchain_h3_h5_h7_extension_20261004/prediction/resource_audit.json,/systems/H3/combined_H1_cost,see_prediction_schedule_resource_only,metadata_or_saved_count,saved_acquisition_nested_timers_and_process_peaks_not_additive,False,False
odd_prediction_resource,artifacts/hchain_h3_h5_h7_extension_20261004/prediction/resource_audit.json,/systems/H3/counts/Arnoldi_chains,0,metadata_or_saved_count,saved_acquisition_nested_timers_and_process_peaks_not_additive,False,False
odd_prediction_resource,artifacts/hchain_h3_h5_h7_extension_20261004/prediction/resource_audit.json,/systems/H3/counts/GPU_allocations,0,metadata_or_saved_count,saved_acquisition_nested_timers_and_process_peaks_not_additive,False,False
odd_prediction_resource,artifacts/hchain_h3_h5_h7_extension_20261004/prediction/resource_audit.json,/systems/H3/counts/GPU_kernels,0,metadata_or_saved_count,saved_acquisition_nested_timers_and_process_peaks_not_additive,False,False
odd_prediction_resource,artifacts/hchain_h3_h5_h7_extension_20261004/prediction/resource_audit.json,/systems/H3/counts/GPU_queries,0,metadata_or_saved_count,saved_acquisition_nested_timers_and_process_peaks_not_additive,False,False
odd_prediction_resource,artifacts/hchain_h3_h5_h7_extension_20261004/prediction/resource_audit.json,/systems/H3/counts/candidate_cheap_pf_actions,0,metadata_or_saved_count,saved_acquisition_nested_timers_and_process_peaks_not_additive,False,False
odd_prediction_resource,artifacts/hchain_h3_h5_h7_extension_20261004/prediction/resource_audit.json,/systems/H3/counts/candidate_h_exponential_actions,0,metadata_or_saved_count,saved_acquisition_nested_timers_and_process_peaks_not_additive,False,False
odd_prediction_resource,artifacts/hchain_h3_h5_h7_extension_20261004/prediction/resource_audit.json,/systems/H3/counts/direct_truth_coordinates,0,metadata_or_saved_count,saved_acquisition_nested_timers_and_process_peaks_not_additive,False,False
odd_prediction_resource,artifacts/hchain_h3_h5_h7_extension_20261004/prediction/resource_audit.json,/systems/H3/counts/full_H_ground_solves,0,metadata_or_saved_count,saved_acquisition_nested_timers_and_process_peaks_not_additive,False,False
odd_prediction_resource,artifacts/hchain_h3_h5_h7_extension_20261004/prediction/resource_audit.json,/systems/H3/counts/full_pf_unitary_builds,0,metadata_or_saved_count,saved_acquisition_nested_timers_and_process_peaks_not_additive,False,False
odd_prediction_resource,artifacts/hchain_h3_h5_h7_extension_20261004/prediction/resource_audit.json,/systems/H3/counts/m1_h_matvecs,0,metadata_or_saved_count,saved_acquisition_nested_timers_and_process_peaks_not_additive,False,False
odd_prediction_resource,artifacts/hchain_h3_h5_h7_extension_20261004/prediction/resource_audit.json,/systems/H3/counts/m1_pf_vector_actions,0,metadata_or_saved_count,saved_acquisition_nested_timers_and_process_peaks_not_additive,False,False
odd_prediction_resource,artifacts/hchain_h3_h5_h7_extension_20261004/prediction/resource_audit.json,/systems/H3/counts/target_phase_gaps,0,metadata_or_saved_count,saved_acquisition_nested_timers_and_process_peaks_not_additive,False,False
odd_prediction_resource,artifacts/hchain_h3_h5_h7_extension_20261004/prediction/resource_audit.json,/systems/H3/counts/truth_array_reads,0,metadata_or_saved_count,saved_acquisition_nested_timers_and_process_peaks_not_additive,False,False
odd_prediction_resource,artifacts/hchain_h3_h5_h7_extension_20261004/prediction/resource_audit.json,/systems/H3/maximum_gate_cache_bytes,0,bytes,saved_acquisition_nested_timers_and_process_peaks_not_additive,False,False
odd_prediction_resource,artifacts/hchain_h3_h5_h7_extension_20261004/prediction/resource_audit.json,/systems/H3/maximum_h_exp_norm_residual,0.0,metadata_or_saved_count,saved_acquisition_nested_timers_and_process_peaks_not_additive,False,False
odd_prediction_resource,artifacts/hchain_h3_h5_h7_extension_20261004/prediction/resource_audit.json,/systems/H3/maximum_pf_norm_residual,0.0,metadata_or_saved_count,saved_acquisition_nested_timers_and_process_peaks_not_additive,False,False
odd_prediction_resource,artifacts/hchain_h3_h5_h7_extension_20261004/prediction/resource_audit.json,/systems/H3/peak_RSS_KiB,1176640,KiB,saved_acquisition_nested_timers_and_process_peaks_not_additive,False,False
odd_prediction_resource,artifacts/hchain_h3_h5_h7_extension_20261004/prediction/resource_audit.json,/systems/H3/peak_RSS_scope,process_high_water_not_independently_isolated_system_peak,metadata_or_saved_count,saved_acquisition_nested_timers_and_process_peaks_not_additive,False,False
odd_prediction_resource,artifacts/hchain_h3_h5_h7_extension_20261004/prediction/resource_audit.json,/systems/H3/quantum_K_not_classical_action_count,True,metadata_or_saved_count,saved_acquisition_nested_timers_and_process_peaks_not_additive,False,False
odd_prediction_resource,artifacts/hchain_h3_h5_h7_extension_20261004/prediction/resource_audit.json,/systems/H5/BLAS_threads,1,metadata_or_saved_count,saved_acquisition_nested_timers_and_process_peaks_not_additive,False,False
odd_prediction_resource,artifacts/hchain_h3_h5_h7_extension_20261004/prediction/resource_audit.json,/systems/H5/CPU_processes,1,metadata_or_saved_count,saved_acquisition_nested_timers_and_process_peaks_not_additive,False,False
odd_prediction_resource,artifacts/hchain_h3_h5_h7_extension_20261004/prediction/resource_audit.json,/systems/H5/H_exponential_internal_matvec_count,unknown_not_exposed_by_CSR_expm_multiply,metadata_or_saved_count,saved_acquisition_nested_timers_and_process_peaks_not_additive,False,False
odd_prediction_resource,artifacts/hchain_h3_h5_h7_extension_20261004/prediction/resource_audit.json,/systems/H5/combined_H1_cost,see_prediction_schedule_resource_only,metadata_or_saved_count,saved_acquisition_nested_timers_and_process_peaks_not_additive,False,False
odd_prediction_resource,artifacts/hchain_h3_h5_h7_extension_20261004/prediction/resource_audit.json,/systems/H5/counts/Arnoldi_chains,3,metadata_or_saved_count,saved_acquisition_nested_timers_and_process_peaks_not_additive,False,False
odd_prediction_resource,artifacts/hchain_h3_h5_h7_extension_20261004/prediction/resource_audit.json,/systems/H5/counts/GPU_allocations,0,metadata_or_saved_count,saved_acquisition_nested_timers_and_process_peaks_not_additive,False,False
odd_prediction_resource,artifacts/hchain_h3_h5_h7_extension_20261004/prediction/resource_audit.json,/systems/H5/counts/GPU_kernels,0,metadata_or_saved_count,saved_acquisition_nested_timers_and_process_peaks_not_additive,False,False
odd_prediction_resource,artifacts/hchain_h3_h5_h7_extension_20261004/prediction/resource_audit.json,/systems/H5/counts/GPU_queries,0,metadata_or_saved_count,saved_acquisition_nested_timers_and_process_peaks_not_additive,False,False
odd_prediction_resource,artifacts/hchain_h3_h5_h7_extension_20261004/prediction/resource_audit.json,/systems/H5/counts/candidate_cheap_pf_actions,3,metadata_or_saved_count,saved_acquisition_nested_timers_and_process_peaks_not_additive,False,False
odd_prediction_resource,artifacts/hchain_h3_h5_h7_extension_20261004/prediction/resource_audit.json,/systems/H5/counts/candidate_h_exponential_actions,3,metadata_or_saved_count,saved_acquisition_nested_timers_and_process_peaks_not_additive,False,False
odd_prediction_resource,artifacts/hchain_h3_h5_h7_extension_20261004/prediction/resource_audit.json,/systems/H5/counts/component_gate_materializations,1032,metadata_or_saved_count,saved_acquisition_nested_timers_and_process_peaks_not_additive,False,False
odd_prediction_resource,artifacts/hchain_h3_h5_h7_extension_20261004/prediction/resource_audit.json,/systems/H5/counts/direct_truth_coordinates,0,metadata_or_saved_count,saved_acquisition_nested_timers_and_process_peaks_not_additive,False,False
odd_prediction_resource,artifacts/hchain_h3_h5_h7_extension_20261004/prediction/resource_audit.json,/systems/H5/counts/full_H_ground_solves,0,metadata_or_saved_count,saved_acquisition_nested_timers_and_process_peaks_not_additive,False,False
odd_prediction_resource,artifacts/hchain_h3_h5_h7_extension_20261004/prediction/resource_audit.json,/systems/H5/counts/full_pf_unitary_builds,0,metadata_or_saved_count,saved_acquisition_nested_timers_and_process_peaks_not_additive,False,False
odd_prediction_resource,artifacts/hchain_h3_h5_h7_extension_20261004/prediction/resource_audit.json,/systems/H5/counts/group_component_eigh_batches,54,metadata_or_saved_count,saved_acquisition_nested_timers_and_process_peaks_not_additive,False,False
odd_prediction_resource,artifacts/hchain_h3_h5_h7_extension_20261004/prediction/resource_audit.json,/systems/H5/counts/group_spectrum_preparations,43,metadata_or_saved_count,saved_acquisition_nested_timers_and_process_peaks_not_additive,False,False
odd_prediction_resource,artifacts/hchain_h3_h5_h7_extension_20261004/prediction/resource_audit.json,/systems/H5/counts/m1_h_matvecs,24,metadata_or_saved_count,saved_acquisition_nested_timers_and_process_peaks_not_additive,False,False
odd_prediction_resource,artifacts/hchain_h3_h5_h7_extension_20261004/prediction/resource_audit.json,/systems/H5/counts/m1_pf_vector_actions,24,metadata_or_saved_count,saved_acquisition_nested_timers_and_process_peaks_not_additive,False,False
odd_prediction_resource,artifacts/hchain_h3_h5_h7_extension_20261004/prediction/resource_audit.json,/systems/H5/counts/sparse_state_multiplies,15903,metadata_or_saved_count,saved_acquisition_nested_timers_and_process_peaks_not_additive,False,False
odd_prediction_resource,artifacts/hchain_h3_h5_h7_extension_20261004/prediction/resource_audit.json,/systems/H5/counts/target_phase_gaps,0,metadata_or_saved_count,saved_acquisition_nested_timers_and_process_peaks_not_additive,False,False
odd_prediction_resource,artifacts/hchain_h3_h5_h7_extension_20261004/prediction/resource_audit.json,/systems/H5/counts/truth_array_reads,0,metadata_or_saved_count,saved_acquisition_nested_timers_and_process_peaks_not_additive,False,False
odd_prediction_resource,artifacts/hchain_h3_h5_h7_extension_20261004/prediction/resource_audit.json,/systems/H5/maximum_gate_cache_bytes,315248,bytes,saved_acquisition_nested_timers_and_process_peaks_not_additive,False,False
odd_prediction_resource,artifacts/hchain_h3_h5_h7_extension_20261004/prediction/resource_audit.json,/systems/H5/maximum_h_exp_norm_residual,0.0,metadata_or_saved_count,saved_acquisition_nested_timers_and_process_peaks_not_additive,False,False
odd_prediction_resource,artifacts/hchain_h3_h5_h7_extension_20261004/prediction/resource_audit.json,/systems/H5/maximum_pf_norm_residual,5.695444116327053e-14,metadata_or_saved_count,saved_acquisition_nested_timers_and_process_peaks_not_additive,False,False
odd_prediction_resource,artifacts/hchain_h3_h5_h7_extension_20261004/prediction/resource_audit.json,/systems/H5/peak_RSS_KiB,1176640,KiB,saved_acquisition_nested_timers_and_process_peaks_not_additive,False,False
odd_prediction_resource,artifacts/hchain_h3_h5_h7_extension_20261004/prediction/resource_audit.json,/systems/H5/peak_RSS_scope,process_high_water_not_independently_isolated_system_peak,metadata_or_saved_count,saved_acquisition_nested_timers_and_process_peaks_not_additive,False,False
odd_prediction_resource,artifacts/hchain_h3_h5_h7_extension_20261004/prediction/resource_audit.json,/systems/H5/quantum_K_not_classical_action_count,True,metadata_or_saved_count,saved_acquisition_nested_timers_and_process_peaks_not_additive,False,False
odd_prediction_resource,artifacts/hchain_h3_h5_h7_extension_20261004/prediction/resource_audit.json,/systems/H5/timings_seconds/H5_M1,0.08119868999347091,seconds,saved_acquisition_nested_timers_and_process_peaks_not_additive,False,False
odd_prediction_resource,artifacts/hchain_h3_h5_h7_extension_20261004/prediction/resource_audit.json,/systems/H5/timings_seconds/H5_candidate_cheap,0.04089134279638529,seconds,saved_acquisition_nested_timers_and_process_peaks_not_additive,False,False
odd_prediction_resource,artifacts/hchain_h3_h5_h7_extension_20261004/prediction/resource_audit.json,/systems/H5/timings_seconds/H5_shared_preprocessing,0.05566269205883145,seconds,saved_acquisition_nested_timers_and_process_peaks_not_additive,False,False
odd_prediction_resource,artifacts/hchain_h3_h5_h7_extension_20261004/prediction/resource_audit.json,/systems/H5/timings_seconds/H_exponential_action,0.0015791459009051323,seconds,saved_acquisition_nested_timers_and_process_peaks_not_additive,False,False
odd_prediction_resource,artifacts/hchain_h3_h5_h7_extension_20261004/prediction/resource_audit.json,/systems/H5/timings_seconds/M1_H_matvec,7.844949141144753e-05,seconds,saved_acquisition_nested_timers_and_process_peaks_not_additive,False,False
odd_prediction_resource,artifacts/hchain_h3_h5_h7_extension_20261004/prediction/resource_audit.json,/systems/H5/timings_seconds/PF_vector_action,0.11658994248136878,seconds,saved_acquisition_nested_timers_and_process_peaks_not_additive,False,False
odd_prediction_resource,artifacts/hchain_h3_h5_h7_extension_20261004/prediction/resource_audit.json,/systems/H5/timings_seconds/component_gate_materialization,0.07966812094673514,seconds,saved_acquisition_nested_timers_and_process_peaks_not_additive,False,False
odd_prediction_resource,artifacts/hchain_h3_h5_h7_extension_20261004/prediction/resource_audit.json,/systems/H5/timings_seconds/group_spectrum_preprocessing,0.041473510675132275,seconds,saved_acquisition_nested_timers_and_process_peaks_not_additive,False,False
odd_prediction_resource,artifacts/hchain_h3_h5_h7_extension_20261004/prediction/resource_audit.json,/systems/H7/BLAS_threads,1,metadata_or_saved_count,saved_acquisition_nested_timers_and_process_peaks_not_additive,False,False
odd_prediction_resource,artifacts/hchain_h3_h5_h7_extension_20261004/prediction/resource_audit.json,/systems/H7/CPU_processes,1,metadata_or_saved_count,saved_acquisition_nested_timers_and_process_peaks_not_additive,False,False
odd_prediction_resource,artifacts/hchain_h3_h5_h7_extension_20261004/prediction/resource_audit.json,/systems/H7/H_exponential_internal_matvec_count,unknown_not_exposed_by_CSR_expm_multiply,metadata_or_saved_count,saved_acquisition_nested_timers_and_process_peaks_not_additive,False,False
odd_prediction_resource,artifacts/hchain_h3_h5_h7_extension_20261004/prediction/resource_audit.json,/systems/H7/combined_H1_cost,see_prediction_schedule_resource_only,metadata_or_saved_count,saved_acquisition_nested_timers_and_process_peaks_not_additive,False,False
odd_prediction_resource,artifacts/hchain_h3_h5_h7_extension_20261004/prediction/resource_audit.json,/systems/H7/counts/Arnoldi_chains,3,metadata_or_saved_count,saved_acquisition_nested_timers_and_process_peaks_not_additive,False,False
odd_prediction_resource,artifacts/hchain_h3_h5_h7_extension_20261004/prediction/resource_audit.json,/systems/H7/counts/GPU_allocations,0,metadata_or_saved_count,saved_acquisition_nested_timers_and_process_peaks_not_additive,False,False
odd_prediction_resource,artifacts/hchain_h3_h5_h7_extension_20261004/prediction/resource_audit.json,/systems/H7/counts/GPU_kernels,0,metadata_or_saved_count,saved_acquisition_nested_timers_and_process_peaks_not_additive,False,False
odd_prediction_resource,artifacts/hchain_h3_h5_h7_extension_20261004/prediction/resource_audit.json,/systems/H7/counts/GPU_queries,0,metadata_or_saved_count,saved_acquisition_nested_timers_and_process_peaks_not_additive,False,False
odd_prediction_resource,artifacts/hchain_h3_h5_h7_extension_20261004/prediction/resource_audit.json,/systems/H7/counts/candidate_cheap_pf_actions,3,metadata_or_saved_count,saved_acquisition_nested_timers_and_process_peaks_not_additive,False,False
odd_prediction_resource,artifacts/hchain_h3_h5_h7_extension_20261004/prediction/resource_audit.json,/systems/H7/counts/candidate_h_exponential_actions,3,metadata_or_saved_count,saved_acquisition_nested_timers_and_process_peaks_not_additive,False,False
odd_prediction_resource,artifacts/hchain_h3_h5_h7_extension_20261004/prediction/resource_audit.json,/systems/H7/counts/component_gate_materializations,2520,metadata_or_saved_count,saved_acquisition_nested_timers_and_process_peaks_not_additive,False,False
odd_prediction_resource,artifacts/hchain_h3_h5_h7_extension_20261004/prediction/resource_audit.json,/systems/H7/counts/direct_truth_coordinates,0,metadata_or_saved_count,saved_acquisition_nested_timers_and_process_peaks_not_additive,False,False
odd_prediction_resource,artifacts/hchain_h3_h5_h7_extension_20261004/prediction/resource_audit.json,/systems/H7/counts/full_H_ground_solves,0,metadata_or_saved_count,saved_acquisition_nested_timers_and_process_peaks_not_additive,False,False
odd_prediction_resource,artifacts/hchain_h3_h5_h7_extension_20261004/prediction/resource_audit.json,/systems/H7/counts/full_pf_unitary_builds,0,metadata_or_saved_count,saved_acquisition_nested_timers_and_process_peaks_not_additive,False,False
odd_prediction_resource,artifacts/hchain_h3_h5_h7_extension_20261004/prediction/resource_audit.json,/systems/H7/counts/group_component_eigh_batches,273,metadata_or_saved_count,saved_acquisition_nested_timers_and_process_peaks_not_additive,False,False
odd_prediction_resource,artifacts/hchain_h3_h5_h7_extension_20261004/prediction/resource_audit.json,/systems/H7/counts/group_spectrum_preparations,105,metadata_or_saved_count,saved_acquisition_nested_timers_and_process_peaks_not_additive,False,False
odd_prediction_resource,artifacts/hchain_h3_h5_h7_extension_20261004/prediction/resource_audit.json,/systems/H7/counts/m1_h_matvecs,24,metadata_or_saved_count,saved_acquisition_nested_timers_and_process_peaks_not_additive,False,False
odd_prediction_resource,artifacts/hchain_h3_h5_h7_extension_20261004/prediction/resource_audit.json,/systems/H7/counts/m1_pf_vector_actions,24,metadata_or_saved_count,saved_acquisition_nested_timers_and_process_peaks_not_additive,False,False
odd_prediction_resource,artifacts/hchain_h3_h5_h7_extension_20261004/prediction/resource_audit.json,/systems/H7/counts/sparse_state_multiplies,39339,metadata_or_saved_count,saved_acquisition_nested_timers_and_process_peaks_not_additive,False,False
odd_prediction_resource,artifacts/hchain_h3_h5_h7_extension_20261004/prediction/resource_audit.json,/systems/H7/counts/target_phase_gaps,0,metadata_or_saved_count,saved_acquisition_nested_timers_and_process_peaks_not_additive,False,False
odd_prediction_resource,artifacts/hchain_h3_h5_h7_extension_20261004/prediction/resource_audit.json,/systems/H7/counts/truth_array_reads,0,metadata_or_saved_count,saved_acquisition_nested_timers_and_process_peaks_not_additive,False,False
odd_prediction_resource,artifacts/hchain_h3_h5_h7_extension_20261004/prediction/resource_audit.json,/systems/H7/maximum_gate_cache_bytes,17850160,bytes,saved_acquisition_nested_timers_and_process_peaks_not_additive,False,False
odd_prediction_resource,artifacts/hchain_h3_h5_h7_extension_20261004/prediction/resource_audit.json,/systems/H7/maximum_h_exp_norm_residual,2.220446049250313e-16,metadata_or_saved_count,saved_acquisition_nested_timers_and_process_peaks_not_additive,False,False
odd_prediction_resource,artifacts/hchain_h3_h5_h7_extension_20261004/prediction/resource_audit.json,/systems/H7/maximum_pf_norm_residual,1.0980105713542798e-13,metadata_or_saved_count,saved_acquisition_nested_timers_and_process_peaks_not_additive,False,False
odd_prediction_resource,artifacts/hchain_h3_h5_h7_extension_20261004/prediction/resource_audit.json,/systems/H7/peak_RSS_KiB,1176640,KiB,saved_acquisition_nested_timers_and_process_peaks_not_additive,False,False
odd_prediction_resource,artifacts/hchain_h3_h5_h7_extension_20261004/prediction/resource_audit.json,/systems/H7/peak_RSS_scope,process_high_water_not_independently_isolated_system_peak,metadata_or_saved_count,saved_acquisition_nested_timers_and_process_peaks_not_additive,False,False
odd_prediction_resource,artifacts/hchain_h3_h5_h7_extension_20261004/prediction/resource_audit.json,/systems/H7/quantum_K_not_classical_action_count,True,metadata_or_saved_count,saved_acquisition_nested_timers_and_process_peaks_not_additive,False,False
odd_prediction_resource,artifacts/hchain_h3_h5_h7_extension_20261004/prediction/resource_audit.json,/systems/H7/timings_seconds/H7_M1,0.30337144108489156,seconds,saved_acquisition_nested_timers_and_process_peaks_not_additive,False,False
odd_prediction_resource,artifacts/hchain_h3_h5_h7_extension_20261004/prediction/resource_audit.json,/systems/H7/timings_seconds/H7_candidate_cheap,0.16974107176065445,seconds,saved_acquisition_nested_timers_and_process_peaks_not_additive,False,False
odd_prediction_resource,artifacts/hchain_h3_h5_h7_extension_20261004/prediction/resource_audit.json,/systems/H7/timings_seconds/H7_shared_preprocessing,3.0979681690223515,seconds,saved_acquisition_nested_timers_and_process_peaks_not_additive,False,False
odd_prediction_resource,artifacts/hchain_h3_h5_h7_extension_20261004/prediction/resource_audit.json,/systems/H7/timings_seconds/H_exponential_action,0.006840703543275595,seconds,saved_acquisition_nested_timers_and_process_peaks_not_additive,False,False
odd_prediction_resource,artifacts/hchain_h3_h5_h7_extension_20261004/prediction/resource_audit.json,/systems/H7/timings_seconds/M1_H_matvec,0.0013159341178834438,seconds,saved_acquisition_nested_timers_and_process_peaks_not_additive,False,False
odd_prediction_resource,artifacts/hchain_h3_h5_h7_extension_20261004/prediction/resource_audit.json,/systems/H7/timings_seconds/PF_vector_action,0.4579580477438867,seconds,saved_acquisition_nested_timers_and_process_peaks_not_additive,False,False
odd_prediction_resource,artifacts/hchain_h3_h5_h7_extension_20261004/prediction/resource_audit.json,/systems/H7/timings_seconds/component_gate_materialization,0.2793260579928756,seconds,saved_acquisition_nested_timers_and_process_peaks_not_additive,False,False
odd_prediction_resource,artifacts/hchain_h3_h5_h7_extension_20261004/prediction/resource_audit.json,/systems/H7/timings_seconds/group_spectrum_preprocessing,1.2882468290627003,seconds,saved_acquisition_nested_timers_and_process_peaks_not_additive,False,False
odd_inputs_resource,artifacts/hchain_h3_h5_h7_extension_20261004/inputs/resource_audit.json,/counts_are_phase_specific_not_cumulative,True,metadata_or_saved_count,shared_preparation_reference_not_incremental_H1,False,False
odd_inputs_resource,artifacts/hchain_h3_h5_h7_extension_20261004/inputs/resource_audit.json,/phase,inputs,metadata_or_saved_count,shared_preparation_reference_not_incremental_H1,False,False
odd_inputs_resource,artifacts/hchain_h3_h5_h7_extension_20261004/inputs/resource_audit.json,/process_elapsed_before_final_write_seconds,7.725305323954672,seconds,shared_preparation_reference_not_incremental_H1,False,False
odd_inputs_resource,artifacts/hchain_h3_h5_h7_extension_20261004/inputs/resource_audit.json,/systems/H3/BLAS_threads,1,metadata_or_saved_count,shared_preparation_reference_not_incremental_H1,False,False
odd_inputs_resource,artifacts/hchain_h3_h5_h7_extension_20261004/inputs/resource_audit.json,/systems/H3/CPU_processes,1,metadata_or_saved_count,shared_preparation_reference_not_incremental_H1,False,False
odd_inputs_resource,artifacts/hchain_h3_h5_h7_extension_20261004/inputs/resource_audit.json,/systems/H3/H_exponential_internal_matvec_count,unknown_not_exposed_by_CSR_expm_multiply,metadata_or_saved_count,shared_preparation_reference_not_incremental_H1,False,False
odd_inputs_resource,artifacts/hchain_h3_h5_h7_extension_20261004/inputs/resource_audit.json,/systems/H3/combined_H1_cost,not_a_combined_H1_measurement,metadata_or_saved_count,shared_preparation_reference_not_incremental_H1,False,False
odd_inputs_resource,artifacts/hchain_h3_h5_h7_extension_20261004/inputs/resource_audit.json,/systems/H3/counts/Arnoldi_chains,0,metadata_or_saved_count,shared_preparation_reference_not_incremental_H1,False,False
odd_inputs_resource,artifacts/hchain_h3_h5_h7_extension_20261004/inputs/resource_audit.json,/systems/H3/counts/CISD_generations,1,metadata_or_saved_count,shared_preparation_reference_not_incremental_H1,False,False
odd_inputs_resource,artifacts/hchain_h3_h5_h7_extension_20261004/inputs/resource_audit.json,/systems/H3/counts/CISD_subspace_eigh_calls,1,metadata_or_saved_count,shared_preparation_reference_not_incremental_H1,False,False
odd_inputs_resource,artifacts/hchain_h3_h5_h7_extension_20261004/inputs/resource_audit.json,/systems/H3/counts/GPU_allocations,0,metadata_or_saved_count,shared_preparation_reference_not_incremental_H1,False,False
odd_inputs_resource,artifacts/hchain_h3_h5_h7_extension_20261004/inputs/resource_audit.json,/systems/H3/counts/GPU_kernels,0,metadata_or_saved_count,shared_preparation_reference_not_incremental_H1,False,False
odd_inputs_resource,artifacts/hchain_h3_h5_h7_extension_20261004/inputs/resource_audit.json,/systems/H3/counts/GPU_queries,0,metadata_or_saved_count,shared_preparation_reference_not_incremental_H1,False,False
odd_inputs_resource,artifacts/hchain_h3_h5_h7_extension_20261004/inputs/resource_audit.json,/systems/H3/counts/Hamiltonian_generations,1,metadata_or_saved_count,shared_preparation_reference_not_incremental_H1,False,False
odd_inputs_resource,artifacts/hchain_h3_h5_h7_extension_20261004/inputs/resource_audit.json,/systems/H3/counts/candidate_cheap_pf_actions,0,metadata_or_saved_count,shared_preparation_reference_not_incremental_H1,False,False
odd_inputs_resource,artifacts/hchain_h3_h5_h7_extension_20261004/inputs/resource_audit.json,/systems/H3/counts/candidate_h_exponential_actions,0,metadata_or_saved_count,shared_preparation_reference_not_incremental_H1,False,False
odd_inputs_resource,artifacts/hchain_h3_h5_h7_extension_20261004/inputs/resource_audit.json,/systems/H3/counts/direct_truth_coordinates,0,metadata_or_saved_count,shared_preparation_reference_not_incremental_H1,False,False
odd_inputs_resource,artifacts/hchain_h3_h5_h7_extension_20261004/inputs/resource_audit.json,/systems/H3/counts/full_H_ground_solves,0,metadata_or_saved_count,shared_preparation_reference_not_incremental_H1,False,False
odd_inputs_resource,artifacts/hchain_h3_h5_h7_extension_20261004/inputs/resource_audit.json,/systems/H3/counts/full_pf_unitary_builds,0,metadata_or_saved_count,shared_preparation_reference_not_incremental_H1,False,False
odd_inputs_resource,artifacts/hchain_h3_h5_h7_extension_20261004/inputs/resource_audit.json,/systems/H3/counts/input_verification_h_matvecs,1,metadata_or_saved_count,shared_preparation_reference_not_incremental_H1,False,False
odd_inputs_resource,artifacts/hchain_h3_h5_h7_extension_20261004/inputs/resource_audit.json,/systems/H3/counts/m1_h_matvecs,0,metadata_or_saved_count,shared_preparation_reference_not_incremental_H1,False,False
odd_inputs_resource,artifacts/hchain_h3_h5_h7_extension_20261004/inputs/resource_audit.json,/systems/H3/counts/m1_pf_vector_actions,0,metadata_or_saved_count,shared_preparation_reference_not_incremental_H1,False,False
odd_inputs_resource,artifacts/hchain_h3_h5_h7_extension_20261004/inputs/resource_audit.json,/systems/H3/counts/target_phase_gaps,0,metadata_or_saved_count,shared_preparation_reference_not_incremental_H1,False,False
odd_inputs_resource,artifacts/hchain_h3_h5_h7_extension_20261004/inputs/resource_audit.json,/systems/H3/counts/truth_array_reads,0,metadata_or_saved_count,shared_preparation_reference_not_incremental_H1,False,False
odd_inputs_resource,artifacts/hchain_h3_h5_h7_extension_20261004/inputs/resource_audit.json,/systems/H3/maximum_gate_cache_bytes,0,bytes,shared_preparation_reference_not_incremental_H1,False,False
odd_inputs_resource,artifacts/hchain_h3_h5_h7_extension_20261004/inputs/resource_audit.json,/systems/H3/maximum_h_exp_norm_residual,0.0,metadata_or_saved_count,shared_preparation_reference_not_incremental_H1,False,False
odd_inputs_resource,artifacts/hchain_h3_h5_h7_extension_20261004/inputs/resource_audit.json,/systems/H3/maximum_pf_norm_residual,0.0,metadata_or_saved_count,shared_preparation_reference_not_incremental_H1,False,False
odd_inputs_resource,artifacts/hchain_h3_h5_h7_extension_20261004/inputs/resource_audit.json,/systems/H3/peak_RSS_KiB,562488,KiB,shared_preparation_reference_not_incremental_H1,False,False
odd_inputs_resource,artifacts/hchain_h3_h5_h7_extension_20261004/inputs/resource_audit.json,/systems/H3/peak_RSS_scope,process_high_water_not_independently_isolated_system_peak,metadata_or_saved_count,shared_preparation_reference_not_incremental_H1,False,False
odd_inputs_resource,artifacts/hchain_h3_h5_h7_extension_20261004/inputs/resource_audit.json,/systems/H3/quantum_K_not_classical_action_count,True,metadata_or_saved_count,shared_preparation_reference_not_incremental_H1,False,False
odd_inputs_resource,artifacts/hchain_h3_h5_h7_extension_20261004/inputs/resource_audit.json,/systems/H3/timings_seconds/H3_input,0.04387233406305313,seconds,shared_preparation_reference_not_incremental_H1,False,False
odd_inputs_resource,artifacts/hchain_h3_h5_h7_extension_20261004/inputs/resource_audit.json,/systems/H5/BLAS_threads,1,metadata_or_saved_count,shared_preparation_reference_not_incremental_H1,False,False
odd_inputs_resource,artifacts/hchain_h3_h5_h7_extension_20261004/inputs/resource_audit.json,/systems/H5/CPU_processes,1,metadata_or_saved_count,shared_preparation_reference_not_incremental_H1,False,False
odd_inputs_resource,artifacts/hchain_h3_h5_h7_extension_20261004/inputs/resource_audit.json,/systems/H5/H_exponential_internal_matvec_count,unknown_not_exposed_by_CSR_expm_multiply,metadata_or_saved_count,shared_preparation_reference_not_incremental_H1,False,False
odd_inputs_resource,artifacts/hchain_h3_h5_h7_extension_20261004/inputs/resource_audit.json,/systems/H5/combined_H1_cost,not_a_combined_H1_measurement,metadata_or_saved_count,shared_preparation_reference_not_incremental_H1,False,False
odd_inputs_resource,artifacts/hchain_h3_h5_h7_extension_20261004/inputs/resource_audit.json,/systems/H5/counts/Arnoldi_chains,0,metadata_or_saved_count,shared_preparation_reference_not_incremental_H1,False,False
odd_inputs_resource,artifacts/hchain_h3_h5_h7_extension_20261004/inputs/resource_audit.json,/systems/H5/counts/CISD_generations,1,metadata_or_saved_count,shared_preparation_reference_not_incremental_H1,False,False
odd_inputs_resource,artifacts/hchain_h3_h5_h7_extension_20261004/inputs/resource_audit.json,/systems/H5/counts/CISD_subspace_eigh_calls,1,metadata_or_saved_count,shared_preparation_reference_not_incremental_H1,False,False
odd_inputs_resource,artifacts/hchain_h3_h5_h7_extension_20261004/inputs/resource_audit.json,/systems/H5/counts/GPU_allocations,0,metadata_or_saved_count,shared_preparation_reference_not_incremental_H1,False,False
odd_inputs_resource,artifacts/hchain_h3_h5_h7_extension_20261004/inputs/resource_audit.json,/systems/H5/counts/GPU_kernels,0,metadata_or_saved_count,shared_preparation_reference_not_incremental_H1,False,False
odd_inputs_resource,artifacts/hchain_h3_h5_h7_extension_20261004/inputs/resource_audit.json,/systems/H5/counts/GPU_queries,0,metadata_or_saved_count,shared_preparation_reference_not_incremental_H1,False,False
odd_inputs_resource,artifacts/hchain_h3_h5_h7_extension_20261004/inputs/resource_audit.json,/systems/H5/counts/Hamiltonian_generations,1,metadata_or_saved_count,shared_preparation_reference_not_incremental_H1,False,False
odd_inputs_resource,artifacts/hchain_h3_h5_h7_extension_20261004/inputs/resource_audit.json,/systems/H5/counts/candidate_cheap_pf_actions,0,metadata_or_saved_count,shared_preparation_reference_not_incremental_H1,False,False
odd_inputs_resource,artifacts/hchain_h3_h5_h7_extension_20261004/inputs/resource_audit.json,/systems/H5/counts/candidate_h_exponential_actions,0,metadata_or_saved_count,shared_preparation_reference_not_incremental_H1,False,False
odd_inputs_resource,artifacts/hchain_h3_h5_h7_extension_20261004/inputs/resource_audit.json,/systems/H5/counts/direct_truth_coordinates,0,metadata_or_saved_count,shared_preparation_reference_not_incremental_H1,False,False
odd_inputs_resource,artifacts/hchain_h3_h5_h7_extension_20261004/inputs/resource_audit.json,/systems/H5/counts/full_H_ground_solves,0,metadata_or_saved_count,shared_preparation_reference_not_incremental_H1,False,False
odd_inputs_resource,artifacts/hchain_h3_h5_h7_extension_20261004/inputs/resource_audit.json,/systems/H5/counts/full_pf_unitary_builds,0,metadata_or_saved_count,shared_preparation_reference_not_incremental_H1,False,False
odd_inputs_resource,artifacts/hchain_h3_h5_h7_extension_20261004/inputs/resource_audit.json,/systems/H5/counts/input_verification_h_matvecs,1,metadata_or_saved_count,shared_preparation_reference_not_incremental_H1,False,False
odd_inputs_resource,artifacts/hchain_h3_h5_h7_extension_20261004/inputs/resource_audit.json,/systems/H5/counts/m1_h_matvecs,0,metadata_or_saved_count,shared_preparation_reference_not_incremental_H1,False,False
odd_inputs_resource,artifacts/hchain_h3_h5_h7_extension_20261004/inputs/resource_audit.json,/systems/H5/counts/m1_pf_vector_actions,0,metadata_or_saved_count,shared_preparation_reference_not_incremental_H1,False,False
odd_inputs_resource,artifacts/hchain_h3_h5_h7_extension_20261004/inputs/resource_audit.json,/systems/H5/counts/target_phase_gaps,0,metadata_or_saved_count,shared_preparation_reference_not_incremental_H1,False,False
odd_inputs_resource,artifacts/hchain_h3_h5_h7_extension_20261004/inputs/resource_audit.json,/systems/H5/counts/truth_array_reads,0,metadata_or_saved_count,shared_preparation_reference_not_incremental_H1,False,False
odd_inputs_resource,artifacts/hchain_h3_h5_h7_extension_20261004/inputs/resource_audit.json,/systems/H5/maximum_gate_cache_bytes,0,bytes,shared_preparation_reference_not_incremental_H1,False,False
odd_inputs_resource,artifacts/hchain_h3_h5_h7_extension_20261004/inputs/resource_audit.json,/systems/H5/maximum_h_exp_norm_residual,0.0,metadata_or_saved_count,shared_preparation_reference_not_incremental_H1,False,False
odd_inputs_resource,artifacts/hchain_h3_h5_h7_extension_20261004/inputs/resource_audit.json,/systems/H5/maximum_pf_norm_residual,0.0,metadata_or_saved_count,shared_preparation_reference_not_incremental_H1,False,False
odd_inputs_resource,artifacts/hchain_h3_h5_h7_extension_20261004/inputs/resource_audit.json,/systems/H5/peak_RSS_KiB,562488,KiB,shared_preparation_reference_not_incremental_H1,False,False
odd_inputs_resource,artifacts/hchain_h3_h5_h7_extension_20261004/inputs/resource_audit.json,/systems/H5/peak_RSS_scope,process_high_water_not_independently_isolated_system_peak,metadata_or_saved_count,shared_preparation_reference_not_incremental_H1,False,False
odd_inputs_resource,artifacts/hchain_h3_h5_h7_extension_20261004/inputs/resource_audit.json,/systems/H5/quantum_K_not_classical_action_count,True,metadata_or_saved_count,shared_preparation_reference_not_incremental_H1,False,False
odd_inputs_resource,artifacts/hchain_h3_h5_h7_extension_20261004/inputs/resource_audit.json,/systems/H5/timings_seconds/H5_input,0.6394693101756275,seconds,shared_preparation_reference_not_incremental_H1,False,False
odd_inputs_resource,artifacts/hchain_h3_h5_h7_extension_20261004/inputs/resource_audit.json,/systems/H7/BLAS_threads,1,metadata_or_saved_count,shared_preparation_reference_not_incremental_H1,False,False
odd_inputs_resource,artifacts/hchain_h3_h5_h7_extension_20261004/inputs/resource_audit.json,/systems/H7/CPU_processes,1,metadata_or_saved_count,shared_preparation_reference_not_incremental_H1,False,False
odd_inputs_resource,artifacts/hchain_h3_h5_h7_extension_20261004/inputs/resource_audit.json,/systems/H7/H_exponential_internal_matvec_count,unknown_not_exposed_by_CSR_expm_multiply,metadata_or_saved_count,shared_preparation_reference_not_incremental_H1,False,False
odd_inputs_resource,artifacts/hchain_h3_h5_h7_extension_20261004/inputs/resource_audit.json,/systems/H7/combined_H1_cost,not_a_combined_H1_measurement,metadata_or_saved_count,shared_preparation_reference_not_incremental_H1,False,False
odd_inputs_resource,artifacts/hchain_h3_h5_h7_extension_20261004/inputs/resource_audit.json,/systems/H7/counts/Arnoldi_chains,0,metadata_or_saved_count,shared_preparation_reference_not_incremental_H1,False,False
odd_inputs_resource,artifacts/hchain_h3_h5_h7_extension_20261004/inputs/resource_audit.json,/systems/H7/counts/CISD_generations,1,metadata_or_saved_count,shared_preparation_reference_not_incremental_H1,False,False
odd_inputs_resource,artifacts/hchain_h3_h5_h7_extension_20261004/inputs/resource_audit.json,/systems/H7/counts/CISD_subspace_eigh_calls,1,metadata_or_saved_count,shared_preparation_reference_not_incremental_H1,False,False
odd_inputs_resource,artifacts/hchain_h3_h5_h7_extension_20261004/inputs/resource_audit.json,/systems/H7/counts/GPU_allocations,0,metadata_or_saved_count,shared_preparation_reference_not_incremental_H1,False,False
odd_inputs_resource,artifacts/hchain_h3_h5_h7_extension_20261004/inputs/resource_audit.json,/systems/H7/counts/GPU_kernels,0,metadata_or_saved_count,shared_preparation_reference_not_incremental_H1,False,False
odd_inputs_resource,artifacts/hchain_h3_h5_h7_extension_20261004/inputs/resource_audit.json,/systems/H7/counts/GPU_queries,0,metadata_or_saved_count,shared_preparation_reference_not_incremental_H1,False,False
odd_inputs_resource,artifacts/hchain_h3_h5_h7_extension_20261004/inputs/resource_audit.json,/systems/H7/counts/Hamiltonian_generations,1,metadata_or_saved_count,shared_preparation_reference_not_incremental_H1,False,False
odd_inputs_resource,artifacts/hchain_h3_h5_h7_extension_20261004/inputs/resource_audit.json,/systems/H7/counts/candidate_cheap_pf_actions,0,metadata_or_saved_count,shared_preparation_reference_not_incremental_H1,False,False
odd_inputs_resource,artifacts/hchain_h3_h5_h7_extension_20261004/inputs/resource_audit.json,/systems/H7/counts/candidate_h_exponential_actions,0,metadata_or_saved_count,shared_preparation_reference_not_incremental_H1,False,False
odd_inputs_resource,artifacts/hchain_h3_h5_h7_extension_20261004/inputs/resource_audit.json,/systems/H7/counts/direct_truth_coordinates,0,metadata_or_saved_count,shared_preparation_reference_not_incremental_H1,False,False
odd_inputs_resource,artifacts/hchain_h3_h5_h7_extension_20261004/inputs/resource_audit.json,/systems/H7/counts/full_H_ground_solves,0,metadata_or_saved_count,shared_preparation_reference_not_incremental_H1,False,False
odd_inputs_resource,artifacts/hchain_h3_h5_h7_extension_20261004/inputs/resource_audit.json,/systems/H7/counts/full_pf_unitary_builds,0,metadata_or_saved_count,shared_preparation_reference_not_incremental_H1,False,False
odd_inputs_resource,artifacts/hchain_h3_h5_h7_extension_20261004/inputs/resource_audit.json,/systems/H7/counts/input_verification_h_matvecs,1,metadata_or_saved_count,shared_preparation_reference_not_incremental_H1,False,False
odd_inputs_resource,artifacts/hchain_h3_h5_h7_extension_20261004/inputs/resource_audit.json,/systems/H7/counts/m1_h_matvecs,0,metadata_or_saved_count,shared_preparation_reference_not_incremental_H1,False,False
odd_inputs_resource,artifacts/hchain_h3_h5_h7_extension_20261004/inputs/resource_audit.json,/systems/H7/counts/m1_pf_vector_actions,0,metadata_or_saved_count,shared_preparation_reference_not_incremental_H1,False,False
odd_inputs_resource,artifacts/hchain_h3_h5_h7_extension_20261004/inputs/resource_audit.json,/systems/H7/counts/target_phase_gaps,0,metadata_or_saved_count,shared_preparation_reference_not_incremental_H1,False,False
odd_inputs_resource,artifacts/hchain_h3_h5_h7_extension_20261004/inputs/resource_audit.json,/systems/H7/counts/truth_array_reads,0,metadata_or_saved_count,shared_preparation_reference_not_incremental_H1,False,False
odd_inputs_resource,artifacts/hchain_h3_h5_h7_extension_20261004/inputs/resource_audit.json,/systems/H7/maximum_gate_cache_bytes,0,bytes,shared_preparation_reference_not_incremental_H1,False,False
odd_inputs_resource,artifacts/hchain_h3_h5_h7_extension_20261004/inputs/resource_audit.json,/systems/H7/maximum_h_exp_norm_residual,0.0,metadata_or_saved_count,shared_preparation_reference_not_incremental_H1,False,False
odd_inputs_resource,artifacts/hchain_h3_h5_h7_extension_20261004/inputs/resource_audit.json,/systems/H7/maximum_pf_norm_residual,0.0,metadata_or_saved_count,shared_preparation_reference_not_incremental_H1,False,False
odd_inputs_resource,artifacts/hchain_h3_h5_h7_extension_20261004/inputs/resource_audit.json,/systems/H7/peak_RSS_KiB,562488,KiB,shared_preparation_reference_not_incremental_H1,False,False
odd_inputs_resource,artifacts/hchain_h3_h5_h7_extension_20261004/inputs/resource_audit.json,/systems/H7/peak_RSS_scope,process_high_water_not_independently_isolated_system_peak,metadata_or_saved_count,shared_preparation_reference_not_incremental_H1,False,False
odd_inputs_resource,artifacts/hchain_h3_h5_h7_extension_20261004/inputs/resource_audit.json,/systems/H7/quantum_K_not_classical_action_count,True,metadata_or_saved_count,shared_preparation_reference_not_incremental_H1,False,False
odd_inputs_resource,artifacts/hchain_h3_h5_h7_extension_20261004/inputs/resource_audit.json,/systems/H7/timings_seconds/H7_input,6.911882905289531,seconds,shared_preparation_reference_not_incremental_H1,False,False
odd_reference_resource,artifacts/hchain_h3_h5_h7_extension_20261004/reference/resource_audit.json,/counts_are_phase_specific_not_cumulative,True,metadata_or_saved_count,shared_preparation_reference_not_incremental_H1,False,False
odd_reference_resource,artifacts/hchain_h3_h5_h7_extension_20261004/reference/resource_audit.json,/phase,reference,metadata_or_saved_count,shared_preparation_reference_not_incremental_H1,False,False
odd_reference_resource,artifacts/hchain_h3_h5_h7_extension_20261004/reference/resource_audit.json,/process_elapsed_before_final_write_seconds,5.656394710764289,seconds,shared_preparation_reference_not_incremental_H1,False,False
odd_reference_resource,artifacts/hchain_h3_h5_h7_extension_20261004/reference/resource_audit.json,/systems/H3/BLAS_threads,1,metadata_or_saved_count,shared_preparation_reference_not_incremental_H1,False,False
odd_reference_resource,artifacts/hchain_h3_h5_h7_extension_20261004/reference/resource_audit.json,/systems/H3/CPU_processes,1,metadata_or_saved_count,shared_preparation_reference_not_incremental_H1,False,False
odd_reference_resource,artifacts/hchain_h3_h5_h7_extension_20261004/reference/resource_audit.json,/systems/H3/H_exponential_internal_matvec_count,unknown_not_exposed_by_CSR_expm_multiply,metadata_or_saved_count,shared_preparation_reference_not_incremental_H1,False,False
odd_reference_resource,artifacts/hchain_h3_h5_h7_extension_20261004/reference/resource_audit.json,/systems/H3/combined_H1_cost,not_a_combined_H1_measurement,metadata_or_saved_count,shared_preparation_reference_not_incremental_H1,False,False
odd_reference_resource,artifacts/hchain_h3_h5_h7_extension_20261004/reference/resource_audit.json,/systems/H3/counts/Arnoldi_chains,0,metadata_or_saved_count,shared_preparation_reference_not_incremental_H1,False,False
odd_reference_resource,artifacts/hchain_h3_h5_h7_extension_20261004/reference/resource_audit.json,/systems/H3/counts/GPU_allocations,0,metadata_or_saved_count,shared_preparation_reference_not_incremental_H1,False,False
odd_reference_resource,artifacts/hchain_h3_h5_h7_extension_20261004/reference/resource_audit.json,/systems/H3/counts/GPU_kernels,0,metadata_or_saved_count,shared_preparation_reference_not_incremental_H1,False,False
odd_reference_resource,artifacts/hchain_h3_h5_h7_extension_20261004/reference/resource_audit.json,/systems/H3/counts/GPU_queries,0,metadata_or_saved_count,shared_preparation_reference_not_incremental_H1,False,False
odd_reference_resource,artifacts/hchain_h3_h5_h7_extension_20261004/reference/resource_audit.json,/systems/H3/counts/candidate_cheap_pf_actions,0,metadata_or_saved_count,shared_preparation_reference_not_incremental_H1,False,False
odd_reference_resource,artifacts/hchain_h3_h5_h7_extension_20261004/reference/resource_audit.json,/systems/H3/counts/candidate_h_exponential_actions,0,metadata_or_saved_count,shared_preparation_reference_not_incremental_H1,False,False
odd_reference_resource,artifacts/hchain_h3_h5_h7_extension_20261004/reference/resource_audit.json,/systems/H3/counts/component_gate_materializations,952,metadata_or_saved_count,shared_preparation_reference_not_incremental_H1,False,False
odd_reference_resource,artifacts/hchain_h3_h5_h7_extension_20261004/reference/resource_audit.json,/systems/H3/counts/direct_truth_coordinates,0,metadata_or_saved_count,shared_preparation_reference_not_incremental_H1,False,False
odd_reference_resource,artifacts/hchain_h3_h5_h7_extension_20261004/reference/resource_audit.json,/systems/H3/counts/full_H_ground_solves,0,metadata_or_saved_count,shared_preparation_reference_not_incremental_H1,False,False
odd_reference_resource,artifacts/hchain_h3_h5_h7_extension_20261004/reference/resource_audit.json,/systems/H3/counts/full_pf_unitary_builds,0,metadata_or_saved_count,shared_preparation_reference_not_incremental_H1,False,False
odd_reference_resource,artifacts/hchain_h3_h5_h7_extension_20261004/reference/resource_audit.json,/systems/H3/counts/group_component_eigh_batches,2,metadata_or_saved_count,shared_preparation_reference_not_incremental_H1,False,False
odd_reference_resource,artifacts/hchain_h3_h5_h7_extension_20261004/reference/resource_audit.json,/systems/H3/counts/group_spectrum_preparations,7,metadata_or_saved_count,shared_preparation_reference_not_incremental_H1,False,False
odd_reference_resource,artifacts/hchain_h3_h5_h7_extension_20261004/reference/resource_audit.json,/systems/H3/counts/m1_h_matvecs,0,metadata_or_saved_count,shared_preparation_reference_not_incremental_H1,False,False
odd_reference_resource,artifacts/hchain_h3_h5_h7_extension_20261004/reference/resource_audit.json,/systems/H3/counts/m1_pf_vector_actions,0,metadata_or_saved_count,shared_preparation_reference_not_incremental_H1,False,False
odd_reference_resource,artifacts/hchain_h3_h5_h7_extension_20261004/reference/resource_audit.json,/systems/H3/counts/reference_h_exponential_actions,34,metadata_or_saved_count,shared_preparation_reference_not_incremental_H1,False,False
odd_reference_resource,artifacts/hchain_h3_h5_h7_extension_20261004/reference/resource_audit.json,/systems/H3/counts/reference_pf_actions,34,metadata_or_saved_count,shared_preparation_reference_not_incremental_H1,False,False
odd_reference_resource,artifacts/hchain_h3_h5_h7_extension_20261004/reference/resource_audit.json,/systems/H3/counts/sparse_state_multiplies,2890,metadata_or_saved_count,shared_preparation_reference_not_incremental_H1,False,False
odd_reference_resource,artifacts/hchain_h3_h5_h7_extension_20261004/reference/resource_audit.json,/systems/H3/counts/target_phase_gaps,0,metadata_or_saved_count,shared_preparation_reference_not_incremental_H1,False,False
odd_reference_resource,artifacts/hchain_h3_h5_h7_extension_20261004/reference/resource_audit.json,/systems/H3/counts/truth_array_reads,0,metadata_or_saved_count,shared_preparation_reference_not_incremental_H1,False,False
odd_reference_resource,artifacts/hchain_h3_h5_h7_extension_20261004/reference/resource_audit.json,/systems/H3/maximum_gate_cache_bytes,2448,bytes,shared_preparation_reference_not_incremental_H1,False,False
odd_reference_resource,artifacts/hchain_h3_h5_h7_extension_20261004/reference/resource_audit.json,/systems/H3/maximum_h_exp_norm_residual,2.220446049250313e-16,metadata_or_saved_count,shared_preparation_reference_not_incremental_H1,False,False
odd_reference_resource,artifacts/hchain_h3_h5_h7_extension_20261004/reference/resource_audit.json,/systems/H3/maximum_pf_norm_residual,6.439293542825908e-15,metadata_or_saved_count,shared_preparation_reference_not_incremental_H1,False,False
odd_reference_resource,artifacts/hchain_h3_h5_h7_extension_20261004/reference/resource_audit.json,/systems/H3/peak_RSS_KiB,1176920,KiB,shared_preparation_reference_not_incremental_H1,False,False
odd_reference_resource,artifacts/hchain_h3_h5_h7_extension_20261004/reference/resource_audit.json,/systems/H3/peak_RSS_scope,process_high_water_not_independently_isolated_system_peak,metadata_or_saved_count,shared_preparation_reference_not_incremental_H1,False,False
odd_reference_resource,artifacts/hchain_h3_h5_h7_extension_20261004/reference/resource_audit.json,/systems/H3/quantum_K_not_classical_action_count,True,metadata_or_saved_count,shared_preparation_reference_not_incremental_H1,False,False
odd_reference_resource,artifacts/hchain_h3_h5_h7_extension_20261004/reference/resource_audit.json,/systems/H3/timings_seconds/H3_reference,0.08012680104002357,seconds,shared_preparation_reference_not_incremental_H1,False,False
odd_reference_resource,artifacts/hchain_h3_h5_h7_extension_20261004/reference/resource_audit.json,/systems/H3/timings_seconds/H_exponential_action,0.011348782107234001,seconds,shared_preparation_reference_not_incremental_H1,False,False
odd_reference_resource,artifacts/hchain_h3_h5_h7_extension_20261004/reference/resource_audit.json,/systems/H3/timings_seconds/PF_vector_action,0.06139329355210066,seconds,shared_preparation_reference_not_incremental_H1,False,False
odd_reference_resource,artifacts/hchain_h3_h5_h7_extension_20261004/reference/resource_audit.json,/systems/H3/timings_seconds/component_gate_materialization,0.05385448690503836,seconds,shared_preparation_reference_not_incremental_H1,False,False
odd_reference_resource,artifacts/hchain_h3_h5_h7_extension_20261004/reference/resource_audit.json,/systems/H3/timings_seconds/group_spectrum_preprocessing,0.002158844843506813,seconds,shared_preparation_reference_not_incremental_H1,False,False
odd_reference_resource,artifacts/hchain_h3_h5_h7_extension_20261004/reference/resource_audit.json,/systems/H5/BLAS_threads,1,metadata_or_saved_count,shared_preparation_reference_not_incremental_H1,False,False
odd_reference_resource,artifacts/hchain_h3_h5_h7_extension_20261004/reference/resource_audit.json,/systems/H5/CPU_processes,1,metadata_or_saved_count,shared_preparation_reference_not_incremental_H1,False,False
odd_reference_resource,artifacts/hchain_h3_h5_h7_extension_20261004/reference/resource_audit.json,/systems/H5/H_exponential_internal_matvec_count,unknown_not_exposed_by_CSR_expm_multiply,metadata_or_saved_count,shared_preparation_reference_not_incremental_H1,False,False
odd_reference_resource,artifacts/hchain_h3_h5_h7_extension_20261004/reference/resource_audit.json,/systems/H5/combined_H1_cost,not_a_combined_H1_measurement,metadata_or_saved_count,shared_preparation_reference_not_incremental_H1,False,False
odd_reference_resource,artifacts/hchain_h3_h5_h7_extension_20261004/reference/resource_audit.json,/systems/H5/counts/Arnoldi_chains,0,metadata_or_saved_count,shared_preparation_reference_not_incremental_H1,False,False
odd_reference_resource,artifacts/hchain_h3_h5_h7_extension_20261004/reference/resource_audit.json,/systems/H5/counts/GPU_allocations,0,metadata_or_saved_count,shared_preparation_reference_not_incremental_H1,False,False
odd_reference_resource,artifacts/hchain_h3_h5_h7_extension_20261004/reference/resource_audit.json,/systems/H5/counts/GPU_kernels,0,metadata_or_saved_count,shared_preparation_reference_not_incremental_H1,False,False
odd_reference_resource,artifacts/hchain_h3_h5_h7_extension_20261004/reference/resource_audit.json,/systems/H5/counts/GPU_queries,0,metadata_or_saved_count,shared_preparation_reference_not_incremental_H1,False,False
odd_reference_resource,artifacts/hchain_h3_h5_h7_extension_20261004/reference/resource_audit.json,/systems/H5/counts/candidate_cheap_pf_actions,0,metadata_or_saved_count,shared_preparation_reference_not_incremental_H1,False,False
odd_reference_resource,artifacts/hchain_h3_h5_h7_extension_20261004/reference/resource_audit.json,/systems/H5/counts/candidate_h_exponential_actions,0,metadata_or_saved_count,shared_preparation_reference_not_incremental_H1,False,False
odd_reference_resource,artifacts/hchain_h3_h5_h7_extension_20261004/reference/resource_audit.json,/systems/H5/counts/component_gate_materializations,5848,metadata_or_saved_count,shared_preparation_reference_not_incremental_H1,False,False
odd_reference_resource,artifacts/hchain_h3_h5_h7_extension_20261004/reference/resource_audit.json,/systems/H5/counts/direct_truth_coordinates,0,metadata_or_saved_count,shared_preparation_reference_not_incremental_H1,False,False
odd_reference_resource,artifacts/hchain_h3_h5_h7_extension_20261004/reference/resource_audit.json,/systems/H5/counts/full_H_ground_solves,0,metadata_or_saved_count,shared_preparation_reference_not_incremental_H1,False,False
odd_reference_resource,artifacts/hchain_h3_h5_h7_extension_20261004/reference/resource_audit.json,/systems/H5/counts/full_pf_unitary_builds,0,metadata_or_saved_count,shared_preparation_reference_not_incremental_H1,False,False
odd_reference_resource,artifacts/hchain_h3_h5_h7_extension_20261004/reference/resource_audit.json,/systems/H5/counts/group_component_eigh_batches,54,metadata_or_saved_count,shared_preparation_reference_not_incremental_H1,False,False
odd_reference_resource,artifacts/hchain_h3_h5_h7_extension_20261004/reference/resource_audit.json,/systems/H5/counts/group_spectrum_preparations,43,metadata_or_saved_count,shared_preparation_reference_not_incremental_H1,False,False
odd_reference_resource,artifacts/hchain_h3_h5_h7_extension_20261004/reference/resource_audit.json,/systems/H5/counts/m1_h_matvecs,0,metadata_or_saved_count,shared_preparation_reference_not_incremental_H1,False,False
odd_reference_resource,artifacts/hchain_h3_h5_h7_extension_20261004/reference/resource_audit.json,/systems/H5/counts/m1_pf_vector_actions,0,metadata_or_saved_count,shared_preparation_reference_not_incremental_H1,False,False
odd_reference_resource,artifacts/hchain_h3_h5_h7_extension_20261004/reference/resource_audit.json,/systems/H5/counts/reference_h_exponential_actions,34,metadata_or_saved_count,shared_preparation_reference_not_incremental_H1,False,False
odd_reference_resource,artifacts/hchain_h3_h5_h7_extension_20261004/reference/resource_audit.json,/systems/H5/counts/reference_pf_actions,34,metadata_or_saved_count,shared_preparation_reference_not_incremental_H1,False,False
odd_reference_resource,artifacts/hchain_h3_h5_h7_extension_20261004/reference/resource_audit.json,/systems/H5/counts/sparse_state_multiplies,20026,metadata_or_saved_count,shared_preparation_reference_not_incremental_H1,False,False
odd_reference_resource,artifacts/hchain_h3_h5_h7_extension_20261004/reference/resource_audit.json,/systems/H5/counts/target_phase_gaps,0,metadata_or_saved_count,shared_preparation_reference_not_incremental_H1,False,False
odd_reference_resource,artifacts/hchain_h3_h5_h7_extension_20261004/reference/resource_audit.json,/systems/H5/counts/truth_array_reads,0,metadata_or_saved_count,shared_preparation_reference_not_incremental_H1,False,False
odd_reference_resource,artifacts/hchain_h3_h5_h7_extension_20261004/reference/resource_audit.json,/systems/H5/maximum_gate_cache_bytes,315248,bytes,shared_preparation_reference_not_incremental_H1,False,False
odd_reference_resource,artifacts/hchain_h3_h5_h7_extension_20261004/reference/resource_audit.json,/systems/H5/maximum_h_exp_norm_residual,3.3306690738754696e-16,metadata_or_saved_count,shared_preparation_reference_not_incremental_H1,False,False
odd_reference_resource,artifacts/hchain_h3_h5_h7_extension_20261004/reference/resource_audit.json,/systems/H5/maximum_pf_norm_residual,5.762057497804562e-14,metadata_or_saved_count,shared_preparation_reference_not_incremental_H1,False,False
odd_reference_resource,artifacts/hchain_h3_h5_h7_extension_20261004/reference/resource_audit.json,/systems/H5/peak_RSS_KiB,1176920,KiB,shared_preparation_reference_not_incremental_H1,False,False
odd_reference_resource,artifacts/hchain_h3_h5_h7_extension_20261004/reference/resource_audit.json,/systems/H5/peak_RSS_scope,process_high_water_not_independently_isolated_system_peak,metadata_or_saved_count,shared_preparation_reference_not_incremental_H1,False,False
odd_reference_resource,artifacts/hchain_h3_h5_h7_extension_20261004/reference/resource_audit.json,/systems/H5/quantum_K_not_classical_action_count,True,metadata_or_saved_count,shared_preparation_reference_not_incremental_H1,False,False
odd_reference_resource,artifacts/hchain_h3_h5_h7_extension_20261004/reference/resource_audit.json,/systems/H5/timings_seconds/H5_reference,0.4969711131416261,seconds,shared_preparation_reference_not_incremental_H1,False,False
odd_reference_resource,artifacts/hchain_h3_h5_h7_extension_20261004/reference/resource_audit.json,/systems/H5/timings_seconds/H_exponential_action,0.013449010904878378,seconds,shared_preparation_reference_not_incremental_H1,False,False
odd_reference_resource,artifacts/hchain_h3_h5_h7_extension_20261004/reference/resource_audit.json,/systems/H5/timings_seconds/PF_vector_action,0.43222836731001735,seconds,shared_preparation_reference_not_incremental_H1,False,False
odd_reference_resource,artifacts/hchain_h3_h5_h7_extension_20261004/reference/resource_audit.json,/systems/H5/timings_seconds/component_gate_materialization,0.37948306696489453,seconds,shared_preparation_reference_not_incremental_H1,False,False
odd_reference_resource,artifacts/hchain_h3_h5_h7_extension_20261004/reference/resource_audit.json,/systems/H5/timings_seconds/group_spectrum_preprocessing,0.038258800748735666,seconds,shared_preparation_reference_not_incremental_H1,False,False
odd_reference_resource,artifacts/hchain_h3_h5_h7_extension_20261004/reference/resource_audit.json,/systems/H7/BLAS_threads,1,metadata_or_saved_count,shared_preparation_reference_not_incremental_H1,False,False
odd_reference_resource,artifacts/hchain_h3_h5_h7_extension_20261004/reference/resource_audit.json,/systems/H7/CPU_processes,1,metadata_or_saved_count,shared_preparation_reference_not_incremental_H1,False,False
odd_reference_resource,artifacts/hchain_h3_h5_h7_extension_20261004/reference/resource_audit.json,/systems/H7/H_exponential_internal_matvec_count,unknown_not_exposed_by_CSR_expm_multiply,metadata_or_saved_count,shared_preparation_reference_not_incremental_H1,False,False
odd_reference_resource,artifacts/hchain_h3_h5_h7_extension_20261004/reference/resource_audit.json,/systems/H7/combined_H1_cost,not_a_combined_H1_measurement,metadata_or_saved_count,shared_preparation_reference_not_incremental_H1,False,False
odd_reference_resource,artifacts/hchain_h3_h5_h7_extension_20261004/reference/resource_audit.json,/systems/H7/counts/Arnoldi_chains,0,metadata_or_saved_count,shared_preparation_reference_not_incremental_H1,False,False
odd_reference_resource,artifacts/hchain_h3_h5_h7_extension_20261004/reference/resource_audit.json,/systems/H7/counts/GPU_allocations,0,metadata_or_saved_count,shared_preparation_reference_not_incremental_H1,False,False
odd_reference_resource,artifacts/hchain_h3_h5_h7_extension_20261004/reference/resource_audit.json,/systems/H7/counts/GPU_kernels,0,metadata_or_saved_count,shared_preparation_reference_not_incremental_H1,False,False
odd_reference_resource,artifacts/hchain_h3_h5_h7_extension_20261004/reference/resource_audit.json,/systems/H7/counts/GPU_queries,0,metadata_or_saved_count,shared_preparation_reference_not_incremental_H1,False,False
odd_reference_resource,artifacts/hchain_h3_h5_h7_extension_20261004/reference/resource_audit.json,/systems/H7/counts/candidate_cheap_pf_actions,0,metadata_or_saved_count,shared_preparation_reference_not_incremental_H1,False,False
odd_reference_resource,artifacts/hchain_h3_h5_h7_extension_20261004/reference/resource_audit.json,/systems/H7/counts/candidate_h_exponential_actions,0,metadata_or_saved_count,shared_preparation_reference_not_incremental_H1,False,False
odd_reference_resource,artifacts/hchain_h3_h5_h7_extension_20261004/reference/resource_audit.json,/systems/H7/counts/component_gate_materializations,14280,metadata_or_saved_count,shared_preparation_reference_not_incremental_H1,False,False
odd_reference_resource,artifacts/hchain_h3_h5_h7_extension_20261004/reference/resource_audit.json,/systems/H7/counts/direct_truth_coordinates,0,metadata_or_saved_count,shared_preparation_reference_not_incremental_H1,False,False
odd_reference_resource,artifacts/hchain_h3_h5_h7_extension_20261004/reference/resource_audit.json,/systems/H7/counts/full_H_ground_solves,0,metadata_or_saved_count,shared_preparation_reference_not_incremental_H1,False,False
odd_reference_resource,artifacts/hchain_h3_h5_h7_extension_20261004/reference/resource_audit.json,/systems/H7/counts/full_pf_unitary_builds,0,metadata_or_saved_count,shared_preparation_reference_not_incremental_H1,False,False
odd_reference_resource,artifacts/hchain_h3_h5_h7_extension_20261004/reference/resource_audit.json,/systems/H7/counts/group_component_eigh_batches,273,metadata_or_saved_count,shared_preparation_reference_not_incremental_H1,False,False
odd_reference_resource,artifacts/hchain_h3_h5_h7_extension_20261004/reference/resource_audit.json,/systems/H7/counts/group_spectrum_preparations,105,metadata_or_saved_count,shared_preparation_reference_not_incremental_H1,False,False
odd_reference_resource,artifacts/hchain_h3_h5_h7_extension_20261004/reference/resource_audit.json,/systems/H7/counts/m1_h_matvecs,0,metadata_or_saved_count,shared_preparation_reference_not_incremental_H1,False,False
odd_reference_resource,artifacts/hchain_h3_h5_h7_extension_20261004/reference/resource_audit.json,/systems/H7/counts/m1_pf_vector_actions,0,metadata_or_saved_count,shared_preparation_reference_not_incremental_H1,False,False
odd_reference_resource,artifacts/hchain_h3_h5_h7_extension_20261004/reference/resource_audit.json,/systems/H7/counts/reference_h_exponential_actions,34,metadata_or_saved_count,shared_preparation_reference_not_incremental_H1,False,False
odd_reference_resource,artifacts/hchain_h3_h5_h7_extension_20261004/reference/resource_audit.json,/systems/H7/counts/reference_pf_actions,34,metadata_or_saved_count,shared_preparation_reference_not_incremental_H1,False,False
odd_reference_resource,artifacts/hchain_h3_h5_h7_extension_20261004/reference/resource_audit.json,/systems/H7/counts/sparse_state_multiplies,49538,metadata_or_saved_count,shared_preparation_reference_not_incremental_H1,False,False
odd_reference_resource,artifacts/hchain_h3_h5_h7_extension_20261004/reference/resource_audit.json,/systems/H7/counts/target_phase_gaps,0,metadata_or_saved_count,shared_preparation_reference_not_incremental_H1,False,False
odd_reference_resource,artifacts/hchain_h3_h5_h7_extension_20261004/reference/resource_audit.json,/systems/H7/counts/truth_array_reads,0,metadata_or_saved_count,shared_preparation_reference_not_incremental_H1,False,False
odd_reference_resource,artifacts/hchain_h3_h5_h7_extension_20261004/reference/resource_audit.json,/systems/H7/maximum_gate_cache_bytes,17850160,bytes,shared_preparation_reference_not_incremental_H1,False,False
odd_reference_resource,artifacts/hchain_h3_h5_h7_extension_20261004/reference/resource_audit.json,/systems/H7/maximum_h_exp_norm_residual,2.1094237467877974e-15,metadata_or_saved_count,shared_preparation_reference_not_incremental_H1,False,False
odd_reference_resource,artifacts/hchain_h3_h5_h7_extension_20261004/reference/resource_audit.json,/systems/H7/maximum_pf_norm_residual,1.1157741397482823e-13,metadata_or_saved_count,shared_preparation_reference_not_incremental_H1,False,False
odd_reference_resource,artifacts/hchain_h3_h5_h7_extension_20261004/reference/resource_audit.json,/systems/H7/peak_RSS_KiB,1176920,KiB,shared_preparation_reference_not_incremental_H1,False,False
odd_reference_resource,artifacts/hchain_h3_h5_h7_extension_20261004/reference/resource_audit.json,/systems/H7/peak_RSS_scope,process_high_water_not_independently_isolated_system_peak,metadata_or_saved_count,shared_preparation_reference_not_incremental_H1,False,False
odd_reference_resource,artifacts/hchain_h3_h5_h7_extension_20261004/reference/resource_audit.json,/systems/H7/quantum_K_not_classical_action_count,True,metadata_or_saved_count,shared_preparation_reference_not_incremental_H1,False,False
odd_reference_resource,artifacts/hchain_h3_h5_h7_extension_20261004/reference/resource_audit.json,/systems/H7/timings_seconds/H7_reference,4.943481021095067,seconds,shared_preparation_reference_not_incremental_H1,False,False
odd_reference_resource,artifacts/hchain_h3_h5_h7_extension_20261004/reference/resource_audit.json,/systems/H7/timings_seconds/H_exponential_action,0.05856875190511346,seconds,shared_preparation_reference_not_incremental_H1,False,False
odd_reference_resource,artifacts/hchain_h3_h5_h7_extension_20261004/reference/resource_audit.json,/systems/H7/timings_seconds/PF_vector_action,1.7969774128869176,seconds,shared_preparation_reference_not_incremental_H1,False,False
odd_reference_resource,artifacts/hchain_h3_h5_h7_extension_20261004/reference/resource_audit.json,/systems/H7/timings_seconds/component_gate_materialization,1.5463969116099179,seconds,shared_preparation_reference_not_incremental_H1,False,False
odd_reference_resource,artifacts/hchain_h3_h5_h7_extension_20261004/reference/resource_audit.json,/systems/H7/timings_seconds/group_spectrum_preprocessing,1.2685569636523724,seconds,shared_preparation_reference_not_incremental_H1,False,False
odd_ground_resource,artifacts/hchain_h3_h5_h7_extension_20261004/ground/resource_audit.json,/counts_are_phase_specific_not_cumulative,True,metadata_or_saved_count,validation_truth_or_ground_not_operational_calibration,False,False
odd_ground_resource,artifacts/hchain_h3_h5_h7_extension_20261004/ground/resource_audit.json,/phase,truth,metadata_or_saved_count,validation_truth_or_ground_not_operational_calibration,False,False
odd_ground_resource,artifacts/hchain_h3_h5_h7_extension_20261004/ground/resource_audit.json,/process_elapsed_before_final_write_seconds,3.4518546545878053,seconds,validation_truth_or_ground_not_operational_calibration,False,False
odd_ground_resource,artifacts/hchain_h3_h5_h7_extension_20261004/ground/resource_audit.json,/systems/H3/BLAS_threads,1,metadata_or_saved_count,validation_truth_or_ground_not_operational_calibration,False,False
odd_ground_resource,artifacts/hchain_h3_h5_h7_extension_20261004/ground/resource_audit.json,/systems/H3/CPU_processes,1,metadata_or_saved_count,validation_truth_or_ground_not_operational_calibration,False,False
odd_ground_resource,artifacts/hchain_h3_h5_h7_extension_20261004/ground/resource_audit.json,/systems/H3/H_exponential_internal_matvec_count,unknown_not_exposed_by_CSR_expm_multiply,metadata_or_saved_count,validation_truth_or_ground_not_operational_calibration,False,False
odd_ground_resource,artifacts/hchain_h3_h5_h7_extension_20261004/ground/resource_audit.json,/systems/H3/combined_H1_cost,not_a_combined_H1_measurement,metadata_or_saved_count,validation_truth_or_ground_not_operational_calibration,False,False
odd_ground_resource,artifacts/hchain_h3_h5_h7_extension_20261004/ground/resource_audit.json,/systems/H3/counts/Arnoldi_chains,0,metadata_or_saved_count,validation_truth_or_ground_not_operational_calibration,False,False
odd_ground_resource,artifacts/hchain_h3_h5_h7_extension_20261004/ground/resource_audit.json,/systems/H3/counts/GPU_allocations,0,metadata_or_saved_count,validation_truth_or_ground_not_operational_calibration,False,False
odd_ground_resource,artifacts/hchain_h3_h5_h7_extension_20261004/ground/resource_audit.json,/systems/H3/counts/GPU_kernels,0,metadata_or_saved_count,validation_truth_or_ground_not_operational_calibration,False,False
odd_ground_resource,artifacts/hchain_h3_h5_h7_extension_20261004/ground/resource_audit.json,/systems/H3/counts/GPU_queries,0,metadata_or_saved_count,validation_truth_or_ground_not_operational_calibration,False,False
odd_ground_resource,artifacts/hchain_h3_h5_h7_extension_20261004/ground/resource_audit.json,/systems/H3/counts/candidate_cheap_pf_actions,0,metadata_or_saved_count,validation_truth_or_ground_not_operational_calibration,False,False
odd_ground_resource,artifacts/hchain_h3_h5_h7_extension_20261004/ground/resource_audit.json,/systems/H3/counts/candidate_h_exponential_actions,0,metadata_or_saved_count,validation_truth_or_ground_not_operational_calibration,False,False
odd_ground_resource,artifacts/hchain_h3_h5_h7_extension_20261004/ground/resource_audit.json,/systems/H3/counts/direct_truth_coordinates,0,metadata_or_saved_count,validation_truth_or_ground_not_operational_calibration,False,False
odd_ground_resource,artifacts/hchain_h3_h5_h7_extension_20261004/ground/resource_audit.json,/systems/H3/counts/full_H_ground_solves,0,metadata_or_saved_count,validation_truth_or_ground_not_operational_calibration,False,False
odd_ground_resource,artifacts/hchain_h3_h5_h7_extension_20261004/ground/resource_audit.json,/systems/H3/counts/full_pf_unitary_builds,0,metadata_or_saved_count,validation_truth_or_ground_not_operational_calibration,False,False
odd_ground_resource,artifacts/hchain_h3_h5_h7_extension_20261004/ground/resource_audit.json,/systems/H3/counts/m1_h_matvecs,0,metadata_or_saved_count,validation_truth_or_ground_not_operational_calibration,False,False
odd_ground_resource,artifacts/hchain_h3_h5_h7_extension_20261004/ground/resource_audit.json,/systems/H3/counts/m1_pf_vector_actions,0,metadata_or_saved_count,validation_truth_or_ground_not_operational_calibration,False,False
odd_ground_resource,artifacts/hchain_h3_h5_h7_extension_20261004/ground/resource_audit.json,/systems/H3/counts/target_phase_gaps,0,metadata_or_saved_count,validation_truth_or_ground_not_operational_calibration,False,False
odd_ground_resource,artifacts/hchain_h3_h5_h7_extension_20261004/ground/resource_audit.json,/systems/H3/counts/truth_array_reads,0,metadata_or_saved_count,validation_truth_or_ground_not_operational_calibration,False,False
odd_ground_resource,artifacts/hchain_h3_h5_h7_extension_20261004/ground/resource_audit.json,/systems/H3/maximum_gate_cache_bytes,0,bytes,validation_truth_or_ground_not_operational_calibration,False,False
odd_ground_resource,artifacts/hchain_h3_h5_h7_extension_20261004/ground/resource_audit.json,/systems/H3/maximum_h_exp_norm_residual,0.0,metadata_or_saved_count,validation_truth_or_ground_not_operational_calibration,False,False
odd_ground_resource,artifacts/hchain_h3_h5_h7_extension_20261004/ground/resource_audit.json,/systems/H3/maximum_pf_norm_residual,0.0,metadata_or_saved_count,validation_truth_or_ground_not_operational_calibration,False,False
odd_ground_resource,artifacts/hchain_h3_h5_h7_extension_20261004/ground/resource_audit.json,/systems/H3/peak_RSS_KiB,1178636,KiB,validation_truth_or_ground_not_operational_calibration,False,False
odd_ground_resource,artifacts/hchain_h3_h5_h7_extension_20261004/ground/resource_audit.json,/systems/H3/peak_RSS_scope,process_high_water_not_independently_isolated_system_peak,metadata_or_saved_count,validation_truth_or_ground_not_operational_calibration,False,False
odd_ground_resource,artifacts/hchain_h3_h5_h7_extension_20261004/ground/resource_audit.json,/systems/H3/quantum_K_not_classical_action_count,True,metadata_or_saved_count,validation_truth_or_ground_not_operational_calibration,False,False
odd_ground_resource,artifacts/hchain_h3_h5_h7_extension_20261004/ground/resource_audit.json,/systems/H5/BLAS_threads,1,metadata_or_saved_count,validation_truth_or_ground_not_operational_calibration,False,False
odd_ground_resource,artifacts/hchain_h3_h5_h7_extension_20261004/ground/resource_audit.json,/systems/H5/CPU_processes,1,metadata_or_saved_count,validation_truth_or_ground_not_operational_calibration,False,False
odd_ground_resource,artifacts/hchain_h3_h5_h7_extension_20261004/ground/resource_audit.json,/systems/H5/H_exponential_internal_matvec_count,unknown_not_exposed_by_CSR_expm_multiply,metadata_or_saved_count,validation_truth_or_ground_not_operational_calibration,False,False
odd_ground_resource,artifacts/hchain_h3_h5_h7_extension_20261004/ground/resource_audit.json,/systems/H5/combined_H1_cost,not_a_combined_H1_measurement,metadata_or_saved_count,validation_truth_or_ground_not_operational_calibration,False,False
odd_ground_resource,artifacts/hchain_h3_h5_h7_extension_20261004/ground/resource_audit.json,/systems/H5/counts/Arnoldi_chains,0,metadata_or_saved_count,validation_truth_or_ground_not_operational_calibration,False,False
odd_ground_resource,artifacts/hchain_h3_h5_h7_extension_20261004/ground/resource_audit.json,/systems/H5/counts/GPU_allocations,0,metadata_or_saved_count,validation_truth_or_ground_not_operational_calibration,False,False
odd_ground_resource,artifacts/hchain_h3_h5_h7_extension_20261004/ground/resource_audit.json,/systems/H5/counts/GPU_kernels,0,metadata_or_saved_count,validation_truth_or_ground_not_operational_calibration,False,False
odd_ground_resource,artifacts/hchain_h3_h5_h7_extension_20261004/ground/resource_audit.json,/systems/H5/counts/GPU_queries,0,metadata_or_saved_count,validation_truth_or_ground_not_operational_calibration,False,False
odd_ground_resource,artifacts/hchain_h3_h5_h7_extension_20261004/ground/resource_audit.json,/systems/H5/counts/candidate_cheap_pf_actions,0,metadata_or_saved_count,validation_truth_or_ground_not_operational_calibration,False,False
odd_ground_resource,artifacts/hchain_h3_h5_h7_extension_20261004/ground/resource_audit.json,/systems/H5/counts/candidate_h_exponential_actions,0,metadata_or_saved_count,validation_truth_or_ground_not_operational_calibration,False,False
odd_ground_resource,artifacts/hchain_h3_h5_h7_extension_20261004/ground/resource_audit.json,/systems/H5/counts/direct_truth_coordinates,0,metadata_or_saved_count,validation_truth_or_ground_not_operational_calibration,False,False
odd_ground_resource,artifacts/hchain_h3_h5_h7_extension_20261004/ground/resource_audit.json,/systems/H5/counts/full_H_ground_solves,1,metadata_or_saved_count,validation_truth_or_ground_not_operational_calibration,False,False
odd_ground_resource,artifacts/hchain_h3_h5_h7_extension_20261004/ground/resource_audit.json,/systems/H5/counts/full_pf_unitary_builds,0,metadata_or_saved_count,validation_truth_or_ground_not_operational_calibration,False,False
odd_ground_resource,artifacts/hchain_h3_h5_h7_extension_20261004/ground/resource_audit.json,/systems/H5/counts/ground_verification_H_matvecs,1,metadata_or_saved_count,validation_truth_or_ground_not_operational_calibration,False,False
odd_ground_resource,artifacts/hchain_h3_h5_h7_extension_20261004/ground/resource_audit.json,/systems/H5/counts/group_component_eigh_batches,54,metadata_or_saved_count,validation_truth_or_ground_not_operational_calibration,False,False
odd_ground_resource,artifacts/hchain_h3_h5_h7_extension_20261004/ground/resource_audit.json,/systems/H5/counts/group_spectrum_preparations,43,metadata_or_saved_count,validation_truth_or_ground_not_operational_calibration,False,False
odd_ground_resource,artifacts/hchain_h3_h5_h7_extension_20261004/ground/resource_audit.json,/systems/H5/counts/m1_h_matvecs,0,metadata_or_saved_count,validation_truth_or_ground_not_operational_calibration,False,False
odd_ground_resource,artifacts/hchain_h3_h5_h7_extension_20261004/ground/resource_audit.json,/systems/H5/counts/m1_pf_vector_actions,0,metadata_or_saved_count,validation_truth_or_ground_not_operational_calibration,False,False
odd_ground_resource,artifacts/hchain_h3_h5_h7_extension_20261004/ground/resource_audit.json,/systems/H5/counts/target_phase_gaps,0,metadata_or_saved_count,validation_truth_or_ground_not_operational_calibration,False,False
odd_ground_resource,artifacts/hchain_h3_h5_h7_extension_20261004/ground/resource_audit.json,/systems/H5/counts/truth_array_reads,0,metadata_or_saved_count,validation_truth_or_ground_not_operational_calibration,False,False
odd_ground_resource,artifacts/hchain_h3_h5_h7_extension_20261004/ground/resource_audit.json,/systems/H5/maximum_gate_cache_bytes,0,bytes,validation_truth_or_ground_not_operational_calibration,False,False
odd_ground_resource,artifacts/hchain_h3_h5_h7_extension_20261004/ground/resource_audit.json,/systems/H5/maximum_h_exp_norm_residual,0.0,metadata_or_saved_count,validation_truth_or_ground_not_operational_calibration,False,False
odd_ground_resource,artifacts/hchain_h3_h5_h7_extension_20261004/ground/resource_audit.json,/systems/H5/maximum_pf_norm_residual,0.0,metadata_or_saved_count,validation_truth_or_ground_not_operational_calibration,False,False
odd_ground_resource,artifacts/hchain_h3_h5_h7_extension_20261004/ground/resource_audit.json,/systems/H5/peak_RSS_KiB,1178636,KiB,validation_truth_or_ground_not_operational_calibration,False,False
odd_ground_resource,artifacts/hchain_h3_h5_h7_extension_20261004/ground/resource_audit.json,/systems/H5/peak_RSS_scope,process_high_water_not_independently_isolated_system_peak,metadata_or_saved_count,validation_truth_or_ground_not_operational_calibration,False,False
odd_ground_resource,artifacts/hchain_h3_h5_h7_extension_20261004/ground/resource_audit.json,/systems/H5/quantum_K_not_classical_action_count,True,metadata_or_saved_count,validation_truth_or_ground_not_operational_calibration,False,False
odd_ground_resource,artifacts/hchain_h3_h5_h7_extension_20261004/ground/resource_audit.json,/systems/H5/timings_seconds/H5_same_H_ground,0.051609575282782316,seconds,validation_truth_or_ground_not_operational_calibration,False,False
odd_ground_resource,artifacts/hchain_h3_h5_h7_extension_20261004/ground/resource_audit.json,/systems/H5/timings_seconds/group_spectrum_preprocessing,0.04075562208890915,seconds,validation_truth_or_ground_not_operational_calibration,False,False
odd_ground_resource,artifacts/hchain_h3_h5_h7_extension_20261004/ground/resource_audit.json,/systems/H7/BLAS_threads,1,metadata_or_saved_count,validation_truth_or_ground_not_operational_calibration,False,False
odd_ground_resource,artifacts/hchain_h3_h5_h7_extension_20261004/ground/resource_audit.json,/systems/H7/CPU_processes,1,metadata_or_saved_count,validation_truth_or_ground_not_operational_calibration,False,False
odd_ground_resource,artifacts/hchain_h3_h5_h7_extension_20261004/ground/resource_audit.json,/systems/H7/H_exponential_internal_matvec_count,unknown_not_exposed_by_CSR_expm_multiply,metadata_or_saved_count,validation_truth_or_ground_not_operational_calibration,False,False
odd_ground_resource,artifacts/hchain_h3_h5_h7_extension_20261004/ground/resource_audit.json,/systems/H7/combined_H1_cost,not_a_combined_H1_measurement,metadata_or_saved_count,validation_truth_or_ground_not_operational_calibration,False,False
odd_ground_resource,artifacts/hchain_h3_h5_h7_extension_20261004/ground/resource_audit.json,/systems/H7/counts/Arnoldi_chains,0,metadata_or_saved_count,validation_truth_or_ground_not_operational_calibration,False,False
odd_ground_resource,artifacts/hchain_h3_h5_h7_extension_20261004/ground/resource_audit.json,/systems/H7/counts/GPU_allocations,0,metadata_or_saved_count,validation_truth_or_ground_not_operational_calibration,False,False
odd_ground_resource,artifacts/hchain_h3_h5_h7_extension_20261004/ground/resource_audit.json,/systems/H7/counts/GPU_kernels,0,metadata_or_saved_count,validation_truth_or_ground_not_operational_calibration,False,False
odd_ground_resource,artifacts/hchain_h3_h5_h7_extension_20261004/ground/resource_audit.json,/systems/H7/counts/GPU_queries,0,metadata_or_saved_count,validation_truth_or_ground_not_operational_calibration,False,False
odd_ground_resource,artifacts/hchain_h3_h5_h7_extension_20261004/ground/resource_audit.json,/systems/H7/counts/candidate_cheap_pf_actions,0,metadata_or_saved_count,validation_truth_or_ground_not_operational_calibration,False,False
odd_ground_resource,artifacts/hchain_h3_h5_h7_extension_20261004/ground/resource_audit.json,/systems/H7/counts/candidate_h_exponential_actions,0,metadata_or_saved_count,validation_truth_or_ground_not_operational_calibration,False,False
odd_ground_resource,artifacts/hchain_h3_h5_h7_extension_20261004/ground/resource_audit.json,/systems/H7/counts/direct_truth_coordinates,0,metadata_or_saved_count,validation_truth_or_ground_not_operational_calibration,False,False
odd_ground_resource,artifacts/hchain_h3_h5_h7_extension_20261004/ground/resource_audit.json,/systems/H7/counts/full_H_ground_solves,1,metadata_or_saved_count,validation_truth_or_ground_not_operational_calibration,False,False
odd_ground_resource,artifacts/hchain_h3_h5_h7_extension_20261004/ground/resource_audit.json,/systems/H7/counts/full_pf_unitary_builds,0,metadata_or_saved_count,validation_truth_or_ground_not_operational_calibration,False,False
odd_ground_resource,artifacts/hchain_h3_h5_h7_extension_20261004/ground/resource_audit.json,/systems/H7/counts/ground_verification_H_matvecs,1,metadata_or_saved_count,validation_truth_or_ground_not_operational_calibration,False,False
odd_ground_resource,artifacts/hchain_h3_h5_h7_extension_20261004/ground/resource_audit.json,/systems/H7/counts/group_component_eigh_batches,273,metadata_or_saved_count,validation_truth_or_ground_not_operational_calibration,False,False
odd_ground_resource,artifacts/hchain_h3_h5_h7_extension_20261004/ground/resource_audit.json,/systems/H7/counts/group_spectrum_preparations,105,metadata_or_saved_count,validation_truth_or_ground_not_operational_calibration,False,False
odd_ground_resource,artifacts/hchain_h3_h5_h7_extension_20261004/ground/resource_audit.json,/systems/H7/counts/m1_h_matvecs,0,metadata_or_saved_count,validation_truth_or_ground_not_operational_calibration,False,False
odd_ground_resource,artifacts/hchain_h3_h5_h7_extension_20261004/ground/resource_audit.json,/systems/H7/counts/m1_pf_vector_actions,0,metadata_or_saved_count,validation_truth_or_ground_not_operational_calibration,False,False
odd_ground_resource,artifacts/hchain_h3_h5_h7_extension_20261004/ground/resource_audit.json,/systems/H7/counts/target_phase_gaps,0,metadata_or_saved_count,validation_truth_or_ground_not_operational_calibration,False,False
odd_ground_resource,artifacts/hchain_h3_h5_h7_extension_20261004/ground/resource_audit.json,/systems/H7/counts/truth_array_reads,0,metadata_or_saved_count,validation_truth_or_ground_not_operational_calibration,False,False
odd_ground_resource,artifacts/hchain_h3_h5_h7_extension_20261004/ground/resource_audit.json,/systems/H7/maximum_gate_cache_bytes,0,bytes,validation_truth_or_ground_not_operational_calibration,False,False
odd_ground_resource,artifacts/hchain_h3_h5_h7_extension_20261004/ground/resource_audit.json,/systems/H7/maximum_h_exp_norm_residual,0.0,metadata_or_saved_count,validation_truth_or_ground_not_operational_calibration,False,False
odd_ground_resource,artifacts/hchain_h3_h5_h7_extension_20261004/ground/resource_audit.json,/systems/H7/maximum_pf_norm_residual,0.0,metadata_or_saved_count,validation_truth_or_ground_not_operational_calibration,False,False
odd_ground_resource,artifacts/hchain_h3_h5_h7_extension_20261004/ground/resource_audit.json,/systems/H7/peak_RSS_KiB,1178636,KiB,validation_truth_or_ground_not_operational_calibration,False,False
odd_ground_resource,artifacts/hchain_h3_h5_h7_extension_20261004/ground/resource_audit.json,/systems/H7/peak_RSS_scope,process_high_water_not_independently_isolated_system_peak,metadata_or_saved_count,validation_truth_or_ground_not_operational_calibration,False,False
odd_ground_resource,artifacts/hchain_h3_h5_h7_extension_20261004/ground/resource_audit.json,/systems/H7/quantum_K_not_classical_action_count,True,metadata_or_saved_count,validation_truth_or_ground_not_operational_calibration,False,False
odd_ground_resource,artifacts/hchain_h3_h5_h7_extension_20261004/ground/resource_audit.json,/systems/H7/timings_seconds/H7_same_H_ground,3.240509015042335,seconds,validation_truth_or_ground_not_operational_calibration,False,False
odd_ground_resource,artifacts/hchain_h3_h5_h7_extension_20261004/ground/resource_audit.json,/systems/H7/timings_seconds/group_spectrum_preprocessing,1.2585568712092936,seconds,validation_truth_or_ground_not_operational_calibration,False,False
odd_truth_resource,artifacts/hchain_h3_h5_h7_extension_20261004/truth/resource_audit.json,/counts_are_phase_specific_not_cumulative,True,metadata_or_saved_count,validation_truth_or_ground_not_operational_calibration,False,False
odd_truth_resource,artifacts/hchain_h3_h5_h7_extension_20261004/truth/resource_audit.json,/phase,truth,metadata_or_saved_count,validation_truth_or_ground_not_operational_calibration,False,False
odd_truth_resource,artifacts/hchain_h3_h5_h7_extension_20261004/truth/resource_audit.json,/process_elapsed_before_final_write_seconds,9.282593345735222,seconds,validation_truth_or_ground_not_operational_calibration,False,False
odd_truth_resource,artifacts/hchain_h3_h5_h7_extension_20261004/truth/resource_audit.json,/systems/H3/BLAS_threads,1,metadata_or_saved_count,validation_truth_or_ground_not_operational_calibration,False,False
odd_truth_resource,artifacts/hchain_h3_h5_h7_extension_20261004/truth/resource_audit.json,/systems/H3/CPU_processes,1,metadata_or_saved_count,validation_truth_or_ground_not_operational_calibration,False,False
odd_truth_resource,artifacts/hchain_h3_h5_h7_extension_20261004/truth/resource_audit.json,/systems/H3/H_exponential_internal_matvec_count,unknown_not_exposed_by_CSR_expm_multiply,metadata_or_saved_count,validation_truth_or_ground_not_operational_calibration,False,False
odd_truth_resource,artifacts/hchain_h3_h5_h7_extension_20261004/truth/resource_audit.json,/systems/H3/combined_H1_cost,not_a_combined_H1_measurement,metadata_or_saved_count,validation_truth_or_ground_not_operational_calibration,False,False
odd_truth_resource,artifacts/hchain_h3_h5_h7_extension_20261004/truth/resource_audit.json,/systems/H3/counts/Arnoldi_chains,0,metadata_or_saved_count,validation_truth_or_ground_not_operational_calibration,False,False
odd_truth_resource,artifacts/hchain_h3_h5_h7_extension_20261004/truth/resource_audit.json,/systems/H3/counts/GPU_allocations,0,metadata_or_saved_count,validation_truth_or_ground_not_operational_calibration,False,False
odd_truth_resource,artifacts/hchain_h3_h5_h7_extension_20261004/truth/resource_audit.json,/systems/H3/counts/GPU_kernels,0,metadata_or_saved_count,validation_truth_or_ground_not_operational_calibration,False,False
odd_truth_resource,artifacts/hchain_h3_h5_h7_extension_20261004/truth/resource_audit.json,/systems/H3/counts/GPU_queries,0,metadata_or_saved_count,validation_truth_or_ground_not_operational_calibration,False,False
odd_truth_resource,artifacts/hchain_h3_h5_h7_extension_20261004/truth/resource_audit.json,/systems/H3/counts/candidate_cheap_pf_actions,0,metadata_or_saved_count,validation_truth_or_ground_not_operational_calibration,False,False
odd_truth_resource,artifacts/hchain_h3_h5_h7_extension_20261004/truth/resource_audit.json,/systems/H3/counts/candidate_h_exponential_actions,0,metadata_or_saved_count,validation_truth_or_ground_not_operational_calibration,False,False
odd_truth_resource,artifacts/hchain_h3_h5_h7_extension_20261004/truth/resource_audit.json,/systems/H3/counts/direct_truth_coordinates,0,metadata_or_saved_count,validation_truth_or_ground_not_operational_calibration,False,False
odd_truth_resource,artifacts/hchain_h3_h5_h7_extension_20261004/truth/resource_audit.json,/systems/H3/counts/full_H_ground_solves,0,metadata_or_saved_count,validation_truth_or_ground_not_operational_calibration,False,False
odd_truth_resource,artifacts/hchain_h3_h5_h7_extension_20261004/truth/resource_audit.json,/systems/H3/counts/full_pf_unitary_builds,0,metadata_or_saved_count,validation_truth_or_ground_not_operational_calibration,False,False
odd_truth_resource,artifacts/hchain_h3_h5_h7_extension_20261004/truth/resource_audit.json,/systems/H3/counts/m1_h_matvecs,0,metadata_or_saved_count,validation_truth_or_ground_not_operational_calibration,False,False
odd_truth_resource,artifacts/hchain_h3_h5_h7_extension_20261004/truth/resource_audit.json,/systems/H3/counts/m1_pf_vector_actions,0,metadata_or_saved_count,validation_truth_or_ground_not_operational_calibration,False,False
odd_truth_resource,artifacts/hchain_h3_h5_h7_extension_20261004/truth/resource_audit.json,/systems/H3/counts/target_phase_gaps,0,metadata_or_saved_count,validation_truth_or_ground_not_operational_calibration,False,False
odd_truth_resource,artifacts/hchain_h3_h5_h7_extension_20261004/truth/resource_audit.json,/systems/H3/counts/truth_array_reads,0,metadata_or_saved_count,validation_truth_or_ground_not_operational_calibration,False,False
odd_truth_resource,artifacts/hchain_h3_h5_h7_extension_20261004/truth/resource_audit.json,/systems/H3/maximum_gate_cache_bytes,0,bytes,validation_truth_or_ground_not_operational_calibration,False,False
odd_truth_resource,artifacts/hchain_h3_h5_h7_extension_20261004/truth/resource_audit.json,/systems/H3/maximum_h_exp_norm_residual,0.0,metadata_or_saved_count,validation_truth_or_ground_not_operational_calibration,False,False
odd_truth_resource,artifacts/hchain_h3_h5_h7_extension_20261004/truth/resource_audit.json,/systems/H3/maximum_pf_norm_residual,0.0,metadata_or_saved_count,validation_truth_or_ground_not_operational_calibration,False,False
odd_truth_resource,artifacts/hchain_h3_h5_h7_extension_20261004/truth/resource_audit.json,/systems/H3/peak_RSS_KiB,1178636,KiB,validation_truth_or_ground_not_operational_calibration,False,False
odd_truth_resource,artifacts/hchain_h3_h5_h7_extension_20261004/truth/resource_audit.json,/systems/H3/peak_RSS_scope,process_high_water_not_independently_isolated_system_peak,metadata_or_saved_count,validation_truth_or_ground_not_operational_calibration,False,False
odd_truth_resource,artifacts/hchain_h3_h5_h7_extension_20261004/truth/resource_audit.json,/systems/H3/quantum_K_not_classical_action_count,True,metadata_or_saved_count,validation_truth_or_ground_not_operational_calibration,False,False
odd_truth_resource,artifacts/hchain_h3_h5_h7_extension_20261004/truth/resource_audit.json,/systems/H5/BLAS_threads,1,metadata_or_saved_count,validation_truth_or_ground_not_operational_calibration,False,False
odd_truth_resource,artifacts/hchain_h3_h5_h7_extension_20261004/truth/resource_audit.json,/systems/H5/CPU_processes,1,metadata_or_saved_count,validation_truth_or_ground_not_operational_calibration,False,False
odd_truth_resource,artifacts/hchain_h3_h5_h7_extension_20261004/truth/resource_audit.json,/systems/H5/H_exponential_internal_matvec_count,unknown_not_exposed_by_CSR_expm_multiply,metadata_or_saved_count,validation_truth_or_ground_not_operational_calibration,False,False
odd_truth_resource,artifacts/hchain_h3_h5_h7_extension_20261004/truth/resource_audit.json,/systems/H5/combined_H1_cost,not_a_combined_H1_measurement,metadata_or_saved_count,validation_truth_or_ground_not_operational_calibration,False,False
odd_truth_resource,artifacts/hchain_h3_h5_h7_extension_20261004/truth/resource_audit.json,/systems/H5/counts/Arnoldi_chains,0,metadata_or_saved_count,validation_truth_or_ground_not_operational_calibration,False,False
odd_truth_resource,artifacts/hchain_h3_h5_h7_extension_20261004/truth/resource_audit.json,/systems/H5/counts/GPU_allocations,0,metadata_or_saved_count,validation_truth_or_ground_not_operational_calibration,False,False
odd_truth_resource,artifacts/hchain_h3_h5_h7_extension_20261004/truth/resource_audit.json,/systems/H5/counts/GPU_kernels,0,metadata_or_saved_count,validation_truth_or_ground_not_operational_calibration,False,False
odd_truth_resource,artifacts/hchain_h3_h5_h7_extension_20261004/truth/resource_audit.json,/systems/H5/counts/GPU_queries,0,metadata_or_saved_count,validation_truth_or_ground_not_operational_calibration,False,False
odd_truth_resource,artifacts/hchain_h3_h5_h7_extension_20261004/truth/resource_audit.json,/systems/H5/counts/candidate_cheap_pf_actions,0,metadata_or_saved_count,validation_truth_or_ground_not_operational_calibration,False,False
odd_truth_resource,artifacts/hchain_h3_h5_h7_extension_20261004/truth/resource_audit.json,/systems/H5/counts/candidate_h_exponential_actions,0,metadata_or_saved_count,validation_truth_or_ground_not_operational_calibration,False,False
odd_truth_resource,artifacts/hchain_h3_h5_h7_extension_20261004/truth/resource_audit.json,/systems/H5/counts/direct_Schur_solves,3,metadata_or_saved_count,validation_truth_or_ground_not_operational_calibration,False,False
odd_truth_resource,artifacts/hchain_h3_h5_h7_extension_20261004/truth/resource_audit.json,/systems/H5/counts/direct_truth_coordinates,3,metadata_or_saved_count,validation_truth_or_ground_not_operational_calibration,False,False
odd_truth_resource,artifacts/hchain_h3_h5_h7_extension_20261004/truth/resource_audit.json,/systems/H5/counts/full_H_ground_solves,1,metadata_or_saved_count,validation_truth_or_ground_not_operational_calibration,False,False
odd_truth_resource,artifacts/hchain_h3_h5_h7_extension_20261004/truth/resource_audit.json,/systems/H5/counts/full_pf_unitary_builds,3,metadata_or_saved_count,validation_truth_or_ground_not_operational_calibration,False,False
odd_truth_resource,artifacts/hchain_h3_h5_h7_extension_20261004/truth/resource_audit.json,/systems/H5/counts/ground_verification_H_matvecs,1,metadata_or_saved_count,validation_truth_or_ground_not_operational_calibration,False,False
odd_truth_resource,artifacts/hchain_h3_h5_h7_extension_20261004/truth/resource_audit.json,/systems/H5/counts/group_component_eigh_batches,54,metadata_or_saved_count,validation_truth_or_ground_not_operational_calibration,False,False
odd_truth_resource,artifacts/hchain_h3_h5_h7_extension_20261004/truth/resource_audit.json,/systems/H5/counts/group_spectrum_preparations,43,metadata_or_saved_count,validation_truth_or_ground_not_operational_calibration,False,False
odd_truth_resource,artifacts/hchain_h3_h5_h7_extension_20261004/truth/resource_audit.json,/systems/H5/counts/m1_h_matvecs,0,metadata_or_saved_count,validation_truth_or_ground_not_operational_calibration,False,False
odd_truth_resource,artifacts/hchain_h3_h5_h7_extension_20261004/truth/resource_audit.json,/systems/H5/counts/m1_pf_vector_actions,0,metadata_or_saved_count,validation_truth_or_ground_not_operational_calibration,False,False
odd_truth_resource,artifacts/hchain_h3_h5_h7_extension_20261004/truth/resource_audit.json,/systems/H5/counts/target_phase_gaps,3,metadata_or_saved_count,validation_truth_or_ground_not_operational_calibration,False,False
odd_truth_resource,artifacts/hchain_h3_h5_h7_extension_20261004/truth/resource_audit.json,/systems/H5/counts/truth_array_reads,1,metadata_or_saved_count,validation_truth_or_ground_not_operational_calibration,False,False
odd_truth_resource,artifacts/hchain_h3_h5_h7_extension_20261004/truth/resource_audit.json,/systems/H5/counts/truth_component_gate_materializations,516,metadata_or_saved_count,validation_truth_or_ground_not_operational_calibration,False,False
odd_truth_resource,artifacts/hchain_h3_h5_h7_extension_20261004/truth/resource_audit.json,/systems/H5/counts/truth_sparse_matrix_dense_matrix_multiplies,1767,metadata_or_saved_count,validation_truth_or_ground_not_operational_calibration,False,False
odd_truth_resource,artifacts/hchain_h3_h5_h7_extension_20261004/truth/resource_audit.json,/systems/H5/maximum_gate_cache_bytes,0,bytes,validation_truth_or_ground_not_operational_calibration,False,False
odd_truth_resource,artifacts/hchain_h3_h5_h7_extension_20261004/truth/resource_audit.json,/systems/H5/maximum_h_exp_norm_residual,0.0,metadata_or_saved_count,validation_truth_or_ground_not_operational_calibration,False,False
odd_truth_resource,artifacts/hchain_h3_h5_h7_extension_20261004/truth/resource_audit.json,/systems/H5/maximum_pf_norm_residual,0.0,metadata_or_saved_count,validation_truth_or_ground_not_operational_calibration,False,False
odd_truth_resource,artifacts/hchain_h3_h5_h7_extension_20261004/truth/resource_audit.json,/systems/H5/peak_RSS_KiB,1178636,KiB,validation_truth_or_ground_not_operational_calibration,False,False
odd_truth_resource,artifacts/hchain_h3_h5_h7_extension_20261004/truth/resource_audit.json,/systems/H5/peak_RSS_scope,process_high_water_not_independently_isolated_system_peak,metadata_or_saved_count,validation_truth_or_ground_not_operational_calibration,False,False
odd_truth_resource,artifacts/hchain_h3_h5_h7_extension_20261004/truth/resource_audit.json,/systems/H5/quantum_K_not_classical_action_count,True,metadata_or_saved_count,validation_truth_or_ground_not_operational_calibration,False,False
odd_truth_resource,artifacts/hchain_h3_h5_h7_extension_20261004/truth/resource_audit.json,/systems/H5/timings_seconds/H5_direct_truth_and_gap,0.054479689337313175,seconds,validation_truth_or_ground_not_operational_calibration,False,False
odd_truth_resource,artifacts/hchain_h3_h5_h7_extension_20261004/truth/resource_audit.json,/systems/H5/timings_seconds/H5_same_H_ground,0.051609575282782316,seconds,validation_truth_or_ground_not_operational_calibration,False,False
odd_truth_resource,artifacts/hchain_h3_h5_h7_extension_20261004/truth/resource_audit.json,/systems/H5/timings_seconds/group_spectrum_preprocessing,0.04075562208890915,seconds,validation_truth_or_ground_not_operational_calibration,False,False
odd_truth_resource,artifacts/hchain_h3_h5_h7_extension_20261004/truth/resource_audit.json,/systems/H5/timings_seconds/truth_Schur_branch_gap,0.00303347734734416,seconds,validation_truth_or_ground_not_operational_calibration,False,False
odd_truth_resource,artifacts/hchain_h3_h5_h7_extension_20261004/truth/resource_audit.json,/systems/H5/timings_seconds/truth_full_PF_construction,0.05084710195660591,seconds,validation_truth_or_ground_not_operational_calibration,False,False
odd_truth_resource,artifacts/hchain_h3_h5_h7_extension_20261004/truth/resource_audit.json,/systems/H7/BLAS_threads,1,metadata_or_saved_count,validation_truth_or_ground_not_operational_calibration,False,False
odd_truth_resource,artifacts/hchain_h3_h5_h7_extension_20261004/truth/resource_audit.json,/systems/H7/CPU_processes,1,metadata_or_saved_count,validation_truth_or_ground_not_operational_calibration,False,False
odd_truth_resource,artifacts/hchain_h3_h5_h7_extension_20261004/truth/resource_audit.json,/systems/H7/H_exponential_internal_matvec_count,unknown_not_exposed_by_CSR_expm_multiply,metadata_or_saved_count,validation_truth_or_ground_not_operational_calibration,False,False
odd_truth_resource,artifacts/hchain_h3_h5_h7_extension_20261004/truth/resource_audit.json,/systems/H7/combined_H1_cost,not_a_combined_H1_measurement,metadata_or_saved_count,validation_truth_or_ground_not_operational_calibration,False,False
odd_truth_resource,artifacts/hchain_h3_h5_h7_extension_20261004/truth/resource_audit.json,/systems/H7/counts/Arnoldi_chains,0,metadata_or_saved_count,validation_truth_or_ground_not_operational_calibration,False,False
odd_truth_resource,artifacts/hchain_h3_h5_h7_extension_20261004/truth/resource_audit.json,/systems/H7/counts/GPU_allocations,0,metadata_or_saved_count,validation_truth_or_ground_not_operational_calibration,False,False
odd_truth_resource,artifacts/hchain_h3_h5_h7_extension_20261004/truth/resource_audit.json,/systems/H7/counts/GPU_kernels,0,metadata_or_saved_count,validation_truth_or_ground_not_operational_calibration,False,False
odd_truth_resource,artifacts/hchain_h3_h5_h7_extension_20261004/truth/resource_audit.json,/systems/H7/counts/GPU_queries,0,metadata_or_saved_count,validation_truth_or_ground_not_operational_calibration,False,False
odd_truth_resource,artifacts/hchain_h3_h5_h7_extension_20261004/truth/resource_audit.json,/systems/H7/counts/candidate_cheap_pf_actions,0,metadata_or_saved_count,validation_truth_or_ground_not_operational_calibration,False,False
odd_truth_resource,artifacts/hchain_h3_h5_h7_extension_20261004/truth/resource_audit.json,/systems/H7/counts/candidate_h_exponential_actions,0,metadata_or_saved_count,validation_truth_or_ground_not_operational_calibration,False,False
odd_truth_resource,artifacts/hchain_h3_h5_h7_extension_20261004/truth/resource_audit.json,/systems/H7/counts/direct_Schur_solves,3,metadata_or_saved_count,validation_truth_or_ground_not_operational_calibration,False,False
odd_truth_resource,artifacts/hchain_h3_h5_h7_extension_20261004/truth/resource_audit.json,/systems/H7/counts/direct_truth_coordinates,3,metadata_or_saved_count,validation_truth_or_ground_not_operational_calibration,False,False
odd_truth_resource,artifacts/hchain_h3_h5_h7_extension_20261004/truth/resource_audit.json,/systems/H7/counts/full_H_ground_solves,1,metadata_or_saved_count,validation_truth_or_ground_not_operational_calibration,False,False
odd_truth_resource,artifacts/hchain_h3_h5_h7_extension_20261004/truth/resource_audit.json,/systems/H7/counts/full_pf_unitary_builds,3,metadata_or_saved_count,validation_truth_or_ground_not_operational_calibration,False,False
odd_truth_resource,artifacts/hchain_h3_h5_h7_extension_20261004/truth/resource_audit.json,/systems/H7/counts/ground_verification_H_matvecs,1,metadata_or_saved_count,validation_truth_or_ground_not_operational_calibration,False,False
odd_truth_resource,artifacts/hchain_h3_h5_h7_extension_20261004/truth/resource_audit.json,/systems/H7/counts/group_component_eigh_batches,273,metadata_or_saved_count,validation_truth_or_ground_not_operational_calibration,False,False
odd_truth_resource,artifacts/hchain_h3_h5_h7_extension_20261004/truth/resource_audit.json,/systems/H7/counts/group_spectrum_preparations,105,metadata_or_saved_count,validation_truth_or_ground_not_operational_calibration,False,False
odd_truth_resource,artifacts/hchain_h3_h5_h7_extension_20261004/truth/resource_audit.json,/systems/H7/counts/m1_h_matvecs,0,metadata_or_saved_count,validation_truth_or_ground_not_operational_calibration,False,False
odd_truth_resource,artifacts/hchain_h3_h5_h7_extension_20261004/truth/resource_audit.json,/systems/H7/counts/m1_pf_vector_actions,0,metadata_or_saved_count,validation_truth_or_ground_not_operational_calibration,False,False
odd_truth_resource,artifacts/hchain_h3_h5_h7_extension_20261004/truth/resource_audit.json,/systems/H7/counts/target_phase_gaps,3,metadata_or_saved_count,validation_truth_or_ground_not_operational_calibration,False,False
odd_truth_resource,artifacts/hchain_h3_h5_h7_extension_20261004/truth/resource_audit.json,/systems/H7/counts/truth_array_reads,1,metadata_or_saved_count,validation_truth_or_ground_not_operational_calibration,False,False
odd_truth_resource,artifacts/hchain_h3_h5_h7_extension_20261004/truth/resource_audit.json,/systems/H7/counts/truth_component_gate_materializations,1260,metadata_or_saved_count,validation_truth_or_ground_not_operational_calibration,False,False
odd_truth_resource,artifacts/hchain_h3_h5_h7_extension_20261004/truth/resource_audit.json,/systems/H7/counts/truth_sparse_matrix_dense_matrix_multiplies,4371,metadata_or_saved_count,validation_truth_or_ground_not_operational_calibration,False,False
odd_truth_resource,artifacts/hchain_h3_h5_h7_extension_20261004/truth/resource_audit.json,/systems/H7/maximum_gate_cache_bytes,0,bytes,validation_truth_or_ground_not_operational_calibration,False,False
odd_truth_resource,artifacts/hchain_h3_h5_h7_extension_20261004/truth/resource_audit.json,/systems/H7/maximum_h_exp_norm_residual,0.0,metadata_or_saved_count,validation_truth_or_ground_not_operational_calibration,False,False
odd_truth_resource,artifacts/hchain_h3_h5_h7_extension_20261004/truth/resource_audit.json,/systems/H7/maximum_pf_norm_residual,0.0,metadata_or_saved_count,validation_truth_or_ground_not_operational_calibration,False,False
odd_truth_resource,artifacts/hchain_h3_h5_h7_extension_20261004/truth/resource_audit.json,/systems/H7/peak_RSS_KiB,1178636,KiB,validation_truth_or_ground_not_operational_calibration,False,False
odd_truth_resource,artifacts/hchain_h3_h5_h7_extension_20261004/truth/resource_audit.json,/systems/H7/peak_RSS_scope,process_high_water_not_independently_isolated_system_peak,metadata_or_saved_count,validation_truth_or_ground_not_operational_calibration,False,False
odd_truth_resource,artifacts/hchain_h3_h5_h7_extension_20261004/truth/resource_audit.json,/systems/H7/quantum_K_not_classical_action_count,True,metadata_or_saved_count,validation_truth_or_ground_not_operational_calibration,False,False
odd_truth_resource,artifacts/hchain_h3_h5_h7_extension_20261004/truth/resource_audit.json,/systems/H7/timings_seconds/H7_direct_truth_and_gap,5.616292329970747,seconds,validation_truth_or_ground_not_operational_calibration,False,False
odd_truth_resource,artifacts/hchain_h3_h5_h7_extension_20261004/truth/resource_audit.json,/systems/H7/timings_seconds/H7_same_H_ground,3.240509015042335,seconds,validation_truth_or_ground_not_operational_calibration,False,False
odd_truth_resource,artifacts/hchain_h3_h5_h7_extension_20261004/truth/resource_audit.json,/systems/H7/timings_seconds/group_spectrum_preprocessing,1.2585568712092936,seconds,validation_truth_or_ground_not_operational_calibration,False,False
odd_truth_resource,artifacts/hchain_h3_h5_h7_extension_20261004/truth/resource_audit.json,/systems/H7/timings_seconds/truth_Schur_branch_gap,1.7073491481132805,seconds,validation_truth_or_ground_not_operational_calibration,False,False
odd_truth_resource,artifacts/hchain_h3_h5_h7_extension_20261004/truth/resource_audit.json,/systems/H7/timings_seconds/truth_full_PF_construction,3.907979673240334,seconds,validation_truth_or_ground_not_operational_calibration,False,False
odd_scored_resource,artifacts/hchain_h3_h5_h7_extension_20261004/scored/resource_audit.json,/counts_are_phase_specific_not_cumulative,True,metadata_or_saved_count,validation_truth_or_ground_not_operational_calibration,False,False
odd_scored_resource,artifacts/hchain_h3_h5_h7_extension_20261004/scored/resource_audit.json,/phase,truth,metadata_or_saved_count,validation_truth_or_ground_not_operational_calibration,False,False
odd_scored_resource,artifacts/hchain_h3_h5_h7_extension_20261004/scored/resource_audit.json,/process_elapsed_before_final_write_seconds,9.422612848691642,seconds,validation_truth_or_ground_not_operational_calibration,False,False
odd_scored_resource,artifacts/hchain_h3_h5_h7_extension_20261004/scored/resource_audit.json,/systems/H3/BLAS_threads,1,metadata_or_saved_count,validation_truth_or_ground_not_operational_calibration,False,False
odd_scored_resource,artifacts/hchain_h3_h5_h7_extension_20261004/scored/resource_audit.json,/systems/H3/CPU_processes,1,metadata_or_saved_count,validation_truth_or_ground_not_operational_calibration,False,False
odd_scored_resource,artifacts/hchain_h3_h5_h7_extension_20261004/scored/resource_audit.json,/systems/H3/H_exponential_internal_matvec_count,unknown_not_exposed_by_CSR_expm_multiply,metadata_or_saved_count,validation_truth_or_ground_not_operational_calibration,False,False
odd_scored_resource,artifacts/hchain_h3_h5_h7_extension_20261004/scored/resource_audit.json,/systems/H3/combined_H1_cost,not_a_combined_H1_measurement,metadata_or_saved_count,validation_truth_or_ground_not_operational_calibration,False,False
odd_scored_resource,artifacts/hchain_h3_h5_h7_extension_20261004/scored/resource_audit.json,/systems/H3/counts/Arnoldi_chains,0,metadata_or_saved_count,validation_truth_or_ground_not_operational_calibration,False,False
odd_scored_resource,artifacts/hchain_h3_h5_h7_extension_20261004/scored/resource_audit.json,/systems/H3/counts/GPU_allocations,0,metadata_or_saved_count,validation_truth_or_ground_not_operational_calibration,False,False
odd_scored_resource,artifacts/hchain_h3_h5_h7_extension_20261004/scored/resource_audit.json,/systems/H3/counts/GPU_kernels,0,metadata_or_saved_count,validation_truth_or_ground_not_operational_calibration,False,False
odd_scored_resource,artifacts/hchain_h3_h5_h7_extension_20261004/scored/resource_audit.json,/systems/H3/counts/GPU_queries,0,metadata_or_saved_count,validation_truth_or_ground_not_operational_calibration,False,False
odd_scored_resource,artifacts/hchain_h3_h5_h7_extension_20261004/scored/resource_audit.json,/systems/H3/counts/candidate_cheap_pf_actions,0,metadata_or_saved_count,validation_truth_or_ground_not_operational_calibration,False,False
odd_scored_resource,artifacts/hchain_h3_h5_h7_extension_20261004/scored/resource_audit.json,/systems/H3/counts/candidate_h_exponential_actions,0,metadata_or_saved_count,validation_truth_or_ground_not_operational_calibration,False,False
odd_scored_resource,artifacts/hchain_h3_h5_h7_extension_20261004/scored/resource_audit.json,/systems/H3/counts/direct_truth_coordinates,0,metadata_or_saved_count,validation_truth_or_ground_not_operational_calibration,False,False
odd_scored_resource,artifacts/hchain_h3_h5_h7_extension_20261004/scored/resource_audit.json,/systems/H3/counts/full_H_ground_solves,0,metadata_or_saved_count,validation_truth_or_ground_not_operational_calibration,False,False
odd_scored_resource,artifacts/hchain_h3_h5_h7_extension_20261004/scored/resource_audit.json,/systems/H3/counts/full_pf_unitary_builds,0,metadata_or_saved_count,validation_truth_or_ground_not_operational_calibration,False,False
odd_scored_resource,artifacts/hchain_h3_h5_h7_extension_20261004/scored/resource_audit.json,/systems/H3/counts/m1_h_matvecs,0,metadata_or_saved_count,validation_truth_or_ground_not_operational_calibration,False,False
odd_scored_resource,artifacts/hchain_h3_h5_h7_extension_20261004/scored/resource_audit.json,/systems/H3/counts/m1_pf_vector_actions,0,metadata_or_saved_count,validation_truth_or_ground_not_operational_calibration,False,False
odd_scored_resource,artifacts/hchain_h3_h5_h7_extension_20261004/scored/resource_audit.json,/systems/H3/counts/target_phase_gaps,0,metadata_or_saved_count,validation_truth_or_ground_not_operational_calibration,False,False
odd_scored_resource,artifacts/hchain_h3_h5_h7_extension_20261004/scored/resource_audit.json,/systems/H3/counts/truth_array_reads,0,metadata_or_saved_count,validation_truth_or_ground_not_operational_calibration,False,False
odd_scored_resource,artifacts/hchain_h3_h5_h7_extension_20261004/scored/resource_audit.json,/systems/H3/maximum_gate_cache_bytes,0,bytes,validation_truth_or_ground_not_operational_calibration,False,False
odd_scored_resource,artifacts/hchain_h3_h5_h7_extension_20261004/scored/resource_audit.json,/systems/H3/maximum_h_exp_norm_residual,0.0,metadata_or_saved_count,validation_truth_or_ground_not_operational_calibration,False,False
odd_scored_resource,artifacts/hchain_h3_h5_h7_extension_20261004/scored/resource_audit.json,/systems/H3/maximum_pf_norm_residual,0.0,metadata_or_saved_count,validation_truth_or_ground_not_operational_calibration,False,False
odd_scored_resource,artifacts/hchain_h3_h5_h7_extension_20261004/scored/resource_audit.json,/systems/H3/peak_RSS_KiB,1178636,KiB,validation_truth_or_ground_not_operational_calibration,False,False
odd_scored_resource,artifacts/hchain_h3_h5_h7_extension_20261004/scored/resource_audit.json,/systems/H3/peak_RSS_scope,process_high_water_not_independently_isolated_system_peak,metadata_or_saved_count,validation_truth_or_ground_not_operational_calibration,False,False
odd_scored_resource,artifacts/hchain_h3_h5_h7_extension_20261004/scored/resource_audit.json,/systems/H3/quantum_K_not_classical_action_count,True,metadata_or_saved_count,validation_truth_or_ground_not_operational_calibration,False,False
odd_scored_resource,artifacts/hchain_h3_h5_h7_extension_20261004/scored/resource_audit.json,/systems/H5/BLAS_threads,1,metadata_or_saved_count,validation_truth_or_ground_not_operational_calibration,False,False
odd_scored_resource,artifacts/hchain_h3_h5_h7_extension_20261004/scored/resource_audit.json,/systems/H5/CPU_processes,1,metadata_or_saved_count,validation_truth_or_ground_not_operational_calibration,False,False
odd_scored_resource,artifacts/hchain_h3_h5_h7_extension_20261004/scored/resource_audit.json,/systems/H5/H_exponential_internal_matvec_count,unknown_not_exposed_by_CSR_expm_multiply,metadata_or_saved_count,validation_truth_or_ground_not_operational_calibration,False,False
odd_scored_resource,artifacts/hchain_h3_h5_h7_extension_20261004/scored/resource_audit.json,/systems/H5/combined_H1_cost,not_a_combined_H1_measurement,metadata_or_saved_count,validation_truth_or_ground_not_operational_calibration,False,False
odd_scored_resource,artifacts/hchain_h3_h5_h7_extension_20261004/scored/resource_audit.json,/systems/H5/counts/Arnoldi_chains,0,metadata_or_saved_count,validation_truth_or_ground_not_operational_calibration,False,False
odd_scored_resource,artifacts/hchain_h3_h5_h7_extension_20261004/scored/resource_audit.json,/systems/H5/counts/GPU_allocations,0,metadata_or_saved_count,validation_truth_or_ground_not_operational_calibration,False,False
odd_scored_resource,artifacts/hchain_h3_h5_h7_extension_20261004/scored/resource_audit.json,/systems/H5/counts/GPU_kernels,0,metadata_or_saved_count,validation_truth_or_ground_not_operational_calibration,False,False
odd_scored_resource,artifacts/hchain_h3_h5_h7_extension_20261004/scored/resource_audit.json,/systems/H5/counts/GPU_queries,0,metadata_or_saved_count,validation_truth_or_ground_not_operational_calibration,False,False
odd_scored_resource,artifacts/hchain_h3_h5_h7_extension_20261004/scored/resource_audit.json,/systems/H5/counts/candidate_cheap_pf_actions,0,metadata_or_saved_count,validation_truth_or_ground_not_operational_calibration,False,False
odd_scored_resource,artifacts/hchain_h3_h5_h7_extension_20261004/scored/resource_audit.json,/systems/H5/counts/candidate_h_exponential_actions,0,metadata_or_saved_count,validation_truth_or_ground_not_operational_calibration,False,False
odd_scored_resource,artifacts/hchain_h3_h5_h7_extension_20261004/scored/resource_audit.json,/systems/H5/counts/direct_Schur_solves,3,metadata_or_saved_count,validation_truth_or_ground_not_operational_calibration,False,False
odd_scored_resource,artifacts/hchain_h3_h5_h7_extension_20261004/scored/resource_audit.json,/systems/H5/counts/direct_truth_coordinates,3,metadata_or_saved_count,validation_truth_or_ground_not_operational_calibration,False,False
odd_scored_resource,artifacts/hchain_h3_h5_h7_extension_20261004/scored/resource_audit.json,/systems/H5/counts/full_H_ground_solves,1,metadata_or_saved_count,validation_truth_or_ground_not_operational_calibration,False,False
odd_scored_resource,artifacts/hchain_h3_h5_h7_extension_20261004/scored/resource_audit.json,/systems/H5/counts/full_pf_unitary_builds,3,metadata_or_saved_count,validation_truth_or_ground_not_operational_calibration,False,False
odd_scored_resource,artifacts/hchain_h3_h5_h7_extension_20261004/scored/resource_audit.json,/systems/H5/counts/ground_verification_H_matvecs,1,metadata_or_saved_count,validation_truth_or_ground_not_operational_calibration,False,False
odd_scored_resource,artifacts/hchain_h3_h5_h7_extension_20261004/scored/resource_audit.json,/systems/H5/counts/group_component_eigh_batches,54,metadata_or_saved_count,validation_truth_or_ground_not_operational_calibration,False,False
odd_scored_resource,artifacts/hchain_h3_h5_h7_extension_20261004/scored/resource_audit.json,/systems/H5/counts/group_spectrum_preparations,43,metadata_or_saved_count,validation_truth_or_ground_not_operational_calibration,False,False
odd_scored_resource,artifacts/hchain_h3_h5_h7_extension_20261004/scored/resource_audit.json,/systems/H5/counts/m1_h_matvecs,0,metadata_or_saved_count,validation_truth_or_ground_not_operational_calibration,False,False
odd_scored_resource,artifacts/hchain_h3_h5_h7_extension_20261004/scored/resource_audit.json,/systems/H5/counts/m1_pf_vector_actions,0,metadata_or_saved_count,validation_truth_or_ground_not_operational_calibration,False,False
odd_scored_resource,artifacts/hchain_h3_h5_h7_extension_20261004/scored/resource_audit.json,/systems/H5/counts/target_phase_gaps,3,metadata_or_saved_count,validation_truth_or_ground_not_operational_calibration,False,False
odd_scored_resource,artifacts/hchain_h3_h5_h7_extension_20261004/scored/resource_audit.json,/systems/H5/counts/truth_array_reads,1,metadata_or_saved_count,validation_truth_or_ground_not_operational_calibration,False,False
odd_scored_resource,artifacts/hchain_h3_h5_h7_extension_20261004/scored/resource_audit.json,/systems/H5/counts/truth_component_gate_materializations,516,metadata_or_saved_count,validation_truth_or_ground_not_operational_calibration,False,False
odd_scored_resource,artifacts/hchain_h3_h5_h7_extension_20261004/scored/resource_audit.json,/systems/H5/counts/truth_sparse_matrix_dense_matrix_multiplies,1767,metadata_or_saved_count,validation_truth_or_ground_not_operational_calibration,False,False
odd_scored_resource,artifacts/hchain_h3_h5_h7_extension_20261004/scored/resource_audit.json,/systems/H5/maximum_gate_cache_bytes,0,bytes,validation_truth_or_ground_not_operational_calibration,False,False
odd_scored_resource,artifacts/hchain_h3_h5_h7_extension_20261004/scored/resource_audit.json,/systems/H5/maximum_h_exp_norm_residual,0.0,metadata_or_saved_count,validation_truth_or_ground_not_operational_calibration,False,False
odd_scored_resource,artifacts/hchain_h3_h5_h7_extension_20261004/scored/resource_audit.json,/systems/H5/maximum_pf_norm_residual,0.0,metadata_or_saved_count,validation_truth_or_ground_not_operational_calibration,False,False
odd_scored_resource,artifacts/hchain_h3_h5_h7_extension_20261004/scored/resource_audit.json,/systems/H5/peak_RSS_KiB,1178636,KiB,validation_truth_or_ground_not_operational_calibration,False,False
odd_scored_resource,artifacts/hchain_h3_h5_h7_extension_20261004/scored/resource_audit.json,/systems/H5/peak_RSS_scope,process_high_water_not_independently_isolated_system_peak,metadata_or_saved_count,validation_truth_or_ground_not_operational_calibration,False,False
odd_scored_resource,artifacts/hchain_h3_h5_h7_extension_20261004/scored/resource_audit.json,/systems/H5/quantum_K_not_classical_action_count,True,metadata_or_saved_count,validation_truth_or_ground_not_operational_calibration,False,False
odd_scored_resource,artifacts/hchain_h3_h5_h7_extension_20261004/scored/resource_audit.json,/systems/H5/timings_seconds/H5_direct_truth_and_gap,0.054479689337313175,seconds,validation_truth_or_ground_not_operational_calibration,False,False
odd_scored_resource,artifacts/hchain_h3_h5_h7_extension_20261004/scored/resource_audit.json,/systems/H5/timings_seconds/H5_same_H_ground,0.051609575282782316,seconds,validation_truth_or_ground_not_operational_calibration,False,False
odd_scored_resource,artifacts/hchain_h3_h5_h7_extension_20261004/scored/resource_audit.json,/systems/H5/timings_seconds/group_spectrum_preprocessing,0.04075562208890915,seconds,validation_truth_or_ground_not_operational_calibration,False,False
odd_scored_resource,artifacts/hchain_h3_h5_h7_extension_20261004/scored/resource_audit.json,/systems/H5/timings_seconds/truth_Schur_branch_gap,0.00303347734734416,seconds,validation_truth_or_ground_not_operational_calibration,False,False
odd_scored_resource,artifacts/hchain_h3_h5_h7_extension_20261004/scored/resource_audit.json,/systems/H5/timings_seconds/truth_full_PF_construction,0.05084710195660591,seconds,validation_truth_or_ground_not_operational_calibration,False,False
odd_scored_resource,artifacts/hchain_h3_h5_h7_extension_20261004/scored/resource_audit.json,/systems/H7/BLAS_threads,1,metadata_or_saved_count,validation_truth_or_ground_not_operational_calibration,False,False
odd_scored_resource,artifacts/hchain_h3_h5_h7_extension_20261004/scored/resource_audit.json,/systems/H7/CPU_processes,1,metadata_or_saved_count,validation_truth_or_ground_not_operational_calibration,False,False
odd_scored_resource,artifacts/hchain_h3_h5_h7_extension_20261004/scored/resource_audit.json,/systems/H7/H_exponential_internal_matvec_count,unknown_not_exposed_by_CSR_expm_multiply,metadata_or_saved_count,validation_truth_or_ground_not_operational_calibration,False,False
odd_scored_resource,artifacts/hchain_h3_h5_h7_extension_20261004/scored/resource_audit.json,/systems/H7/combined_H1_cost,not_a_combined_H1_measurement,metadata_or_saved_count,validation_truth_or_ground_not_operational_calibration,False,False
odd_scored_resource,artifacts/hchain_h3_h5_h7_extension_20261004/scored/resource_audit.json,/systems/H7/counts/Arnoldi_chains,0,metadata_or_saved_count,validation_truth_or_ground_not_operational_calibration,False,False
odd_scored_resource,artifacts/hchain_h3_h5_h7_extension_20261004/scored/resource_audit.json,/systems/H7/counts/GPU_allocations,0,metadata_or_saved_count,validation_truth_or_ground_not_operational_calibration,False,False
odd_scored_resource,artifacts/hchain_h3_h5_h7_extension_20261004/scored/resource_audit.json,/systems/H7/counts/GPU_kernels,0,metadata_or_saved_count,validation_truth_or_ground_not_operational_calibration,False,False
odd_scored_resource,artifacts/hchain_h3_h5_h7_extension_20261004/scored/resource_audit.json,/systems/H7/counts/GPU_queries,0,metadata_or_saved_count,validation_truth_or_ground_not_operational_calibration,False,False
odd_scored_resource,artifacts/hchain_h3_h5_h7_extension_20261004/scored/resource_audit.json,/systems/H7/counts/candidate_cheap_pf_actions,0,metadata_or_saved_count,validation_truth_or_ground_not_operational_calibration,False,False
odd_scored_resource,artifacts/hchain_h3_h5_h7_extension_20261004/scored/resource_audit.json,/systems/H7/counts/candidate_h_exponential_actions,0,metadata_or_saved_count,validation_truth_or_ground_not_operational_calibration,False,False
odd_scored_resource,artifacts/hchain_h3_h5_h7_extension_20261004/scored/resource_audit.json,/systems/H7/counts/direct_Schur_solves,3,metadata_or_saved_count,validation_truth_or_ground_not_operational_calibration,False,False
odd_scored_resource,artifacts/hchain_h3_h5_h7_extension_20261004/scored/resource_audit.json,/systems/H7/counts/direct_truth_coordinates,3,metadata_or_saved_count,validation_truth_or_ground_not_operational_calibration,False,False
odd_scored_resource,artifacts/hchain_h3_h5_h7_extension_20261004/scored/resource_audit.json,/systems/H7/counts/full_H_ground_solves,1,metadata_or_saved_count,validation_truth_or_ground_not_operational_calibration,False,False
odd_scored_resource,artifacts/hchain_h3_h5_h7_extension_20261004/scored/resource_audit.json,/systems/H7/counts/full_pf_unitary_builds,3,metadata_or_saved_count,validation_truth_or_ground_not_operational_calibration,False,False
odd_scored_resource,artifacts/hchain_h3_h5_h7_extension_20261004/scored/resource_audit.json,/systems/H7/counts/ground_verification_H_matvecs,1,metadata_or_saved_count,validation_truth_or_ground_not_operational_calibration,False,False
odd_scored_resource,artifacts/hchain_h3_h5_h7_extension_20261004/scored/resource_audit.json,/systems/H7/counts/group_component_eigh_batches,273,metadata_or_saved_count,validation_truth_or_ground_not_operational_calibration,False,False
odd_scored_resource,artifacts/hchain_h3_h5_h7_extension_20261004/scored/resource_audit.json,/systems/H7/counts/group_spectrum_preparations,105,metadata_or_saved_count,validation_truth_or_ground_not_operational_calibration,False,False
odd_scored_resource,artifacts/hchain_h3_h5_h7_extension_20261004/scored/resource_audit.json,/systems/H7/counts/m1_h_matvecs,0,metadata_or_saved_count,validation_truth_or_ground_not_operational_calibration,False,False
odd_scored_resource,artifacts/hchain_h3_h5_h7_extension_20261004/scored/resource_audit.json,/systems/H7/counts/m1_pf_vector_actions,0,metadata_or_saved_count,validation_truth_or_ground_not_operational_calibration,False,False
odd_scored_resource,artifacts/hchain_h3_h5_h7_extension_20261004/scored/resource_audit.json,/systems/H7/counts/target_phase_gaps,3,metadata_or_saved_count,validation_truth_or_ground_not_operational_calibration,False,False
odd_scored_resource,artifacts/hchain_h3_h5_h7_extension_20261004/scored/resource_audit.json,/systems/H7/counts/truth_array_reads,1,metadata_or_saved_count,validation_truth_or_ground_not_operational_calibration,False,False
odd_scored_resource,artifacts/hchain_h3_h5_h7_extension_20261004/scored/resource_audit.json,/systems/H7/counts/truth_component_gate_materializations,1260,metadata_or_saved_count,validation_truth_or_ground_not_operational_calibration,False,False
odd_scored_resource,artifacts/hchain_h3_h5_h7_extension_20261004/scored/resource_audit.json,/systems/H7/counts/truth_sparse_matrix_dense_matrix_multiplies,4371,metadata_or_saved_count,validation_truth_or_ground_not_operational_calibration,False,False
odd_scored_resource,artifacts/hchain_h3_h5_h7_extension_20261004/scored/resource_audit.json,/systems/H7/maximum_gate_cache_bytes,0,bytes,validation_truth_or_ground_not_operational_calibration,False,False
odd_scored_resource,artifacts/hchain_h3_h5_h7_extension_20261004/scored/resource_audit.json,/systems/H7/maximum_h_exp_norm_residual,0.0,metadata_or_saved_count,validation_truth_or_ground_not_operational_calibration,False,False
odd_scored_resource,artifacts/hchain_h3_h5_h7_extension_20261004/scored/resource_audit.json,/systems/H7/maximum_pf_norm_residual,0.0,metadata_or_saved_count,validation_truth_or_ground_not_operational_calibration,False,False
odd_scored_resource,artifacts/hchain_h3_h5_h7_extension_20261004/scored/resource_audit.json,/systems/H7/peak_RSS_KiB,1178636,KiB,validation_truth_or_ground_not_operational_calibration,False,False
odd_scored_resource,artifacts/hchain_h3_h5_h7_extension_20261004/scored/resource_audit.json,/systems/H7/peak_RSS_scope,process_high_water_not_independently_isolated_system_peak,metadata_or_saved_count,validation_truth_or_ground_not_operational_calibration,False,False
odd_scored_resource,artifacts/hchain_h3_h5_h7_extension_20261004/scored/resource_audit.json,/systems/H7/quantum_K_not_classical_action_count,True,metadata_or_saved_count,validation_truth_or_ground_not_operational_calibration,False,False
odd_scored_resource,artifacts/hchain_h3_h5_h7_extension_20261004/scored/resource_audit.json,/systems/H7/timings_seconds/H7_direct_truth_and_gap,5.616292329970747,seconds,validation_truth_or_ground_not_operational_calibration,False,False
odd_scored_resource,artifacts/hchain_h3_h5_h7_extension_20261004/scored/resource_audit.json,/systems/H7/timings_seconds/H7_same_H_ground,3.240509015042335,seconds,validation_truth_or_ground_not_operational_calibration,False,False
odd_scored_resource,artifacts/hchain_h3_h5_h7_extension_20261004/scored/resource_audit.json,/systems/H7/timings_seconds/group_spectrum_preprocessing,1.2585568712092936,seconds,validation_truth_or_ground_not_operational_calibration,False,False
odd_scored_resource,artifacts/hchain_h3_h5_h7_extension_20261004/scored/resource_audit.json,/systems/H7/timings_seconds/truth_Schur_branch_gap,1.7073491481132805,seconds,validation_truth_or_ground_not_operational_calibration,False,False
odd_scored_resource,artifacts/hchain_h3_h5_h7_extension_20261004/scored/resource_audit.json,/systems/H7/timings_seconds/truth_full_PF_construction,3.907979673240334,seconds,validation_truth_or_ground_not_operational_calibration,False,False
h8_prediction_resource,artifacts/hchain_h8_memory_safe_extension_20261004/prediction/resource_audit.json,/counts_are_phase_specific_not_cumulative,True,metadata_or_saved_count,saved_acquisition_nested_timers_and_process_peaks_not_additive,False,False
h8_prediction_resource,artifacts/hchain_h8_memory_safe_extension_20261004/prediction/resource_audit.json,/phase,prediction,metadata_or_saved_count,saved_acquisition_nested_timers_and_process_peaks_not_additive,False,False
h8_prediction_resource,artifacts/hchain_h8_memory_safe_extension_20261004/prediction/resource_audit.json,/process_elapsed_before_final_write_seconds,36.51253345096484,seconds,saved_acquisition_nested_timers_and_process_peaks_not_additive,False,False
h8_prediction_resource,artifacts/hchain_h8_memory_safe_extension_20261004/prediction/resource_audit.json,/systems/H8/BLAS_threads,1,metadata_or_saved_count,saved_acquisition_nested_timers_and_process_peaks_not_additive,False,False
h8_prediction_resource,artifacts/hchain_h8_memory_safe_extension_20261004/prediction/resource_audit.json,/systems/H8/CPU_processes,1,metadata_or_saved_count,saved_acquisition_nested_timers_and_process_peaks_not_additive,False,False
h8_prediction_resource,artifacts/hchain_h8_memory_safe_extension_20261004/prediction/resource_audit.json,/systems/H8/H_exponential_internal_matvec_count,unknown_not_exposed_by_CSR_expm_multiply,metadata_or_saved_count,saved_acquisition_nested_timers_and_process_peaks_not_additive,False,False
h8_prediction_resource,artifacts/hchain_h8_memory_safe_extension_20261004/prediction/resource_audit.json,/systems/H8/combined_H1_cost,see_prediction_schedule_resource_only,metadata_or_saved_count,saved_acquisition_nested_timers_and_process_peaks_not_additive,False,False
h8_prediction_resource,artifacts/hchain_h8_memory_safe_extension_20261004/prediction/resource_audit.json,/systems/H8/counts/Arnoldi_chains,3,metadata_or_saved_count,saved_acquisition_nested_timers_and_process_peaks_not_additive,False,False
h8_prediction_resource,artifacts/hchain_h8_memory_safe_extension_20261004/prediction/resource_audit.json,/systems/H8/counts/GPU_allocations,0,metadata_or_saved_count,saved_acquisition_nested_timers_and_process_peaks_not_additive,False,False
h8_prediction_resource,artifacts/hchain_h8_memory_safe_extension_20261004/prediction/resource_audit.json,/systems/H8/counts/GPU_kernels,0,metadata_or_saved_count,saved_acquisition_nested_timers_and_process_peaks_not_additive,False,False
h8_prediction_resource,artifacts/hchain_h8_memory_safe_extension_20261004/prediction/resource_audit.json,/systems/H8/counts/GPU_queries,0,metadata_or_saved_count,saved_acquisition_nested_timers_and_process_peaks_not_additive,False,False
h8_prediction_resource,artifacts/hchain_h8_memory_safe_extension_20261004/prediction/resource_audit.json,/systems/H8/counts/candidate_cheap_pf_actions,3,metadata_or_saved_count,saved_acquisition_nested_timers_and_process_peaks_not_additive,False,False
h8_prediction_resource,artifacts/hchain_h8_memory_safe_extension_20261004/prediction/resource_audit.json,/systems/H8/counts/candidate_h_exponential_actions,3,metadata_or_saved_count,saved_acquisition_nested_timers_and_process_peaks_not_additive,False,False
h8_prediction_resource,artifacts/hchain_h8_memory_safe_extension_20261004/prediction/resource_audit.json,/systems/H8/counts/component_gate_materializations,2520,metadata_or_saved_count,saved_acquisition_nested_timers_and_process_peaks_not_additive,False,False
h8_prediction_resource,artifacts/hchain_h8_memory_safe_extension_20261004/prediction/resource_audit.json,/systems/H8/counts/direct_truth_coordinates,0,metadata_or_saved_count,saved_acquisition_nested_timers_and_process_peaks_not_additive,False,False
h8_prediction_resource,artifacts/hchain_h8_memory_safe_extension_20261004/prediction/resource_audit.json,/systems/H8/counts/full_H_ground_solves,0,metadata_or_saved_count,saved_acquisition_nested_timers_and_process_peaks_not_additive,False,False
h8_prediction_resource,artifacts/hchain_h8_memory_safe_extension_20261004/prediction/resource_audit.json,/systems/H8/counts/full_pf_unitary_builds,0,metadata_or_saved_count,saved_acquisition_nested_timers_and_process_peaks_not_additive,False,False
h8_prediction_resource,artifacts/hchain_h8_memory_safe_extension_20261004/prediction/resource_audit.json,/systems/H8/counts/group_component_eigh_batches,404,metadata_or_saved_count,saved_acquisition_nested_timers_and_process_peaks_not_additive,False,False
h8_prediction_resource,artifacts/hchain_h8_memory_safe_extension_20261004/prediction/resource_audit.json,/systems/H8/counts/group_spectrum_preparations,105,metadata_or_saved_count,saved_acquisition_nested_timers_and_process_peaks_not_additive,False,False
h8_prediction_resource,artifacts/hchain_h8_memory_safe_extension_20261004/prediction/resource_audit.json,/systems/H8/counts/m1_h_matvecs,24,metadata_or_saved_count,saved_acquisition_nested_timers_and_process_peaks_not_additive,False,False
h8_prediction_resource,artifacts/hchain_h8_memory_safe_extension_20261004/prediction/resource_audit.json,/systems/H8/counts/m1_pf_vector_actions,24,metadata_or_saved_count,saved_acquisition_nested_timers_and_process_peaks_not_additive,False,False
h8_prediction_resource,artifacts/hchain_h8_memory_safe_extension_20261004/prediction/resource_audit.json,/systems/H8/counts/sparse_state_multiplies,39339,metadata_or_saved_count,saved_acquisition_nested_timers_and_process_peaks_not_additive,False,False
h8_prediction_resource,artifacts/hchain_h8_memory_safe_extension_20261004/prediction/resource_audit.json,/systems/H8/counts/target_phase_gaps,0,metadata_or_saved_count,saved_acquisition_nested_timers_and_process_peaks_not_additive,False,False
h8_prediction_resource,artifacts/hchain_h8_memory_safe_extension_20261004/prediction/resource_audit.json,/systems/H8/counts/truth_array_reads,0,metadata_or_saved_count,saved_acquisition_nested_timers_and_process_peaks_not_additive,False,False
h8_prediction_resource,artifacts/hchain_h8_memory_safe_extension_20261004/prediction/resource_audit.json,/systems/H8/maximum_gate_cache_bytes,300058640,bytes,saved_acquisition_nested_timers_and_process_peaks_not_additive,False,False
h8_prediction_resource,artifacts/hchain_h8_memory_safe_extension_20261004/prediction/resource_audit.json,/systems/H8/maximum_h_exp_norm_residual,2.220446049250313e-16,metadata_or_saved_count,saved_acquisition_nested_timers_and_process_peaks_not_additive,False,False
h8_prediction_resource,artifacts/hchain_h8_memory_safe_extension_20261004/prediction/resource_audit.json,/systems/H8/maximum_pf_norm_residual,4.0967229608668276e-14,metadata_or_saved_count,saved_acquisition_nested_timers_and_process_peaks_not_additive,False,False
h8_prediction_resource,artifacts/hchain_h8_memory_safe_extension_20261004/prediction/resource_audit.json,/systems/H8/memory_events/0/VmHWM_bytes,356397056,bytes,saved_acquisition_nested_timers_and_process_peaks_not_additive,False,False
h8_prediction_resource,artifacts/hchain_h8_memory_safe_extension_20261004/prediction/resource_audit.json,/systems/H8/memory_events/0/VmRSS_bytes,356397056,bytes,saved_acquisition_nested_timers_and_process_peaks_not_additive,False,False
h8_prediction_resource,artifacts/hchain_h8_memory_safe_extension_20261004/prediction/resource_audit.json,/systems/H8/memory_events/0/VmSwap_bytes,0,bytes,saved_acquisition_nested_timers_and_process_peaks_not_additive,False,False
h8_prediction_resource,artifacts/hchain_h8_memory_safe_extension_20261004/prediction/resource_audit.json,/systems/H8/memory_events/0/allocation_count_scope,instrumented Python-owned full-sector objects; native temporaries unobserved,metadata_or_saved_count,saved_acquisition_nested_timers_and_process_peaks_not_additive,False,False
h8_prediction_resource,artifacts/hchain_h8_memory_safe_extension_20261004/prediction/resource_audit.json,/systems/H8/memory_events/0/explicit_large_allocation_count,0,metadata_or_saved_count,saved_acquisition_nested_timers_and_process_peaks_not_additive,False,False
h8_prediction_resource,artifacts/hchain_h8_memory_safe_extension_20261004/prediction/resource_audit.json,/systems/H8/memory_events/0/largest_object_bytes,786432,bytes,saved_acquisition_nested_timers_and_process_peaks_not_additive,False,False
h8_prediction_resource,artifacts/hchain_h8_memory_safe_extension_20261004/prediction/resource_audit.json,/systems/H8/memory_events/0/simultaneously_live_full_sector_dense_matrices,0,metadata_or_saved_count,saved_acquisition_nested_timers_and_process_peaks_not_additive,False,False
h8_prediction_resource,artifacts/hchain_h8_memory_safe_extension_20261004/prediction/resource_audit.json,/systems/H8/memory_events/0/stage,streamed_component_preprocessing,metadata_or_saved_count,saved_acquisition_nested_timers_and_process_peaks_not_additive,False,False
h8_prediction_resource,artifacts/hchain_h8_memory_safe_extension_20261004/prediction/resource_audit.json,/systems/H8/native_workspace_allocation_count,unknown_not_instrumented,metadata_or_saved_count,saved_acquisition_nested_timers_and_process_peaks_not_additive,False,False
h8_prediction_resource,artifacts/hchain_h8_memory_safe_extension_20261004/prediction/resource_audit.json,/systems/H8/peak_RSS_KiB,701624,KiB,saved_acquisition_nested_timers_and_process_peaks_not_additive,False,False
h8_prediction_resource,artifacts/hchain_h8_memory_safe_extension_20261004/prediction/resource_audit.json,/systems/H8/peak_RSS_scope,process_high_water_not_independently_isolated_system_peak,metadata_or_saved_count,saved_acquisition_nested_timers_and_process_peaks_not_additive,False,False
h8_prediction_resource,artifacts/hchain_h8_memory_safe_extension_20261004/prediction/resource_audit.json,/systems/H8/quantum_K_not_classical_action_count,True,metadata_or_saved_count,saved_acquisition_nested_timers_and_process_peaks_not_additive,False,False
h8_prediction_resource,artifacts/hchain_h8_memory_safe_extension_20261004/prediction/resource_audit.json,/systems/H8/timings_seconds/H8_M1,2.3354203570634127,seconds,saved_acquisition_nested_timers_and_process_peaks_not_additive,False,False
h8_prediction_resource,artifacts/hchain_h8_memory_safe_extension_20261004/prediction/resource_audit.json,/systems/H8/timings_seconds/H8_candidate_cheap,1.245120270177722,seconds,saved_acquisition_nested_timers_and_process_peaks_not_additive,False,False
h8_prediction_resource,artifacts/hchain_h8_memory_safe_extension_20261004/prediction/resource_audit.json,/systems/H8/timings_seconds/H8_shared_preprocessing,32.47917915089056,seconds,saved_acquisition_nested_timers_and_process_peaks_not_additive,False,False
h8_prediction_resource,artifacts/hchain_h8_memory_safe_extension_20261004/prediction/resource_audit.json,/systems/H8/timings_seconds/H_exponential_action,0.09896284434944391,seconds,saved_acquisition_nested_timers_and_process_peaks_not_additive,False,False
h8_prediction_resource,artifacts/hchain_h8_memory_safe_extension_20261004/prediction/resource_audit.json,/systems/H8/timings_seconds/M1_H_matvec,0.021357647143304348,seconds,saved_acquisition_nested_timers_and_process_peaks_not_additive,False,False
h8_prediction_resource,artifacts/hchain_h8_memory_safe_extension_20261004/prediction/resource_audit.json,/systems/H8/timings_seconds/PF_vector_action,3.437936082482338,seconds,saved_acquisition_nested_timers_and_process_peaks_not_additive,False,False
h8_prediction_resource,artifacts/hchain_h8_memory_safe_extension_20261004/prediction/resource_audit.json,/systems/H8/timings_seconds/component_gate_materialization,1.841352135874331,seconds,saved_acquisition_nested_timers_and_process_peaks_not_additive,False,False
h8_prediction_resource,artifacts/hchain_h8_memory_safe_extension_20261004/prediction/resource_audit.json,/systems/H8/timings_seconds/group_spectrum_preprocessing,32.17905936809257,seconds,saved_acquisition_nested_timers_and_process_peaks_not_additive,False,False
h8_inputs_resource,artifacts/hchain_h8_memory_safe_extension_20261004/inputs/resource_audit.json,/counts_are_phase_specific_not_cumulative,True,metadata_or_saved_count,shared_preparation_reference_not_incremental_H1,False,False
h8_inputs_resource,artifacts/hchain_h8_memory_safe_extension_20261004/inputs/resource_audit.json,/phase,inputs,metadata_or_saved_count,shared_preparation_reference_not_incremental_H1,False,False
h8_inputs_resource,artifacts/hchain_h8_memory_safe_extension_20261004/inputs/resource_audit.json,/process_elapsed_before_final_write_seconds,34.87639528000727,seconds,shared_preparation_reference_not_incremental_H1,False,False
h8_inputs_resource,artifacts/hchain_h8_memory_safe_extension_20261004/inputs/resource_audit.json,/systems/H8/BLAS_threads,1,metadata_or_saved_count,shared_preparation_reference_not_incremental_H1,False,False
h8_inputs_resource,artifacts/hchain_h8_memory_safe_extension_20261004/inputs/resource_audit.json,/systems/H8/CPU_processes,1,metadata_or_saved_count,shared_preparation_reference_not_incremental_H1,False,False
h8_inputs_resource,artifacts/hchain_h8_memory_safe_extension_20261004/inputs/resource_audit.json,/systems/H8/H_exponential_internal_matvec_count,unknown_not_exposed_by_CSR_expm_multiply,metadata_or_saved_count,shared_preparation_reference_not_incremental_H1,False,False
h8_inputs_resource,artifacts/hchain_h8_memory_safe_extension_20261004/inputs/resource_audit.json,/systems/H8/combined_H1_cost,not_a_combined_H1_measurement,metadata_or_saved_count,shared_preparation_reference_not_incremental_H1,False,False
h8_inputs_resource,artifacts/hchain_h8_memory_safe_extension_20261004/inputs/resource_audit.json,/systems/H8/counts/Arnoldi_chains,0,metadata_or_saved_count,shared_preparation_reference_not_incremental_H1,False,False
h8_inputs_resource,artifacts/hchain_h8_memory_safe_extension_20261004/inputs/resource_audit.json,/systems/H8/counts/CISD_generations,1,metadata_or_saved_count,shared_preparation_reference_not_incremental_H1,False,False
h8_inputs_resource,artifacts/hchain_h8_memory_safe_extension_20261004/inputs/resource_audit.json,/systems/H8/counts/CISD_subspace_eigh_calls,1,metadata_or_saved_count,shared_preparation_reference_not_incremental_H1,False,False
h8_inputs_resource,artifacts/hchain_h8_memory_safe_extension_20261004/inputs/resource_audit.json,/systems/H8/counts/GPU_allocations,0,metadata_or_saved_count,shared_preparation_reference_not_incremental_H1,False,False
h8_inputs_resource,artifacts/hchain_h8_memory_safe_extension_20261004/inputs/resource_audit.json,/systems/H8/counts/GPU_kernels,0,metadata_or_saved_count,shared_preparation_reference_not_incremental_H1,False,False
h8_inputs_resource,artifacts/hchain_h8_memory_safe_extension_20261004/inputs/resource_audit.json,/systems/H8/counts/GPU_queries,0,metadata_or_saved_count,shared_preparation_reference_not_incremental_H1,False,False
h8_inputs_resource,artifacts/hchain_h8_memory_safe_extension_20261004/inputs/resource_audit.json,/systems/H8/counts/Hamiltonian_generations,1,metadata_or_saved_count,shared_preparation_reference_not_incremental_H1,False,False
h8_inputs_resource,artifacts/hchain_h8_memory_safe_extension_20261004/inputs/resource_audit.json,/systems/H8/counts/candidate_cheap_pf_actions,0,metadata_or_saved_count,shared_preparation_reference_not_incremental_H1,False,False
h8_inputs_resource,artifacts/hchain_h8_memory_safe_extension_20261004/inputs/resource_audit.json,/systems/H8/counts/candidate_h_exponential_actions,0,metadata_or_saved_count,shared_preparation_reference_not_incremental_H1,False,False
h8_inputs_resource,artifacts/hchain_h8_memory_safe_extension_20261004/inputs/resource_audit.json,/systems/H8/counts/direct_truth_coordinates,0,metadata_or_saved_count,shared_preparation_reference_not_incremental_H1,False,False
h8_inputs_resource,artifacts/hchain_h8_memory_safe_extension_20261004/inputs/resource_audit.json,/systems/H8/counts/full_H_ground_solves,0,metadata_or_saved_count,shared_preparation_reference_not_incremental_H1,False,False
h8_inputs_resource,artifacts/hchain_h8_memory_safe_extension_20261004/inputs/resource_audit.json,/systems/H8/counts/full_pf_unitary_builds,0,metadata_or_saved_count,shared_preparation_reference_not_incremental_H1,False,False
h8_inputs_resource,artifacts/hchain_h8_memory_safe_extension_20261004/inputs/resource_audit.json,/systems/H8/counts/input_verification_h_matvecs,1,metadata_or_saved_count,shared_preparation_reference_not_incremental_H1,False,False
h8_inputs_resource,artifacts/hchain_h8_memory_safe_extension_20261004/inputs/resource_audit.json,/systems/H8/counts/m1_h_matvecs,0,metadata_or_saved_count,shared_preparation_reference_not_incremental_H1,False,False
h8_inputs_resource,artifacts/hchain_h8_memory_safe_extension_20261004/inputs/resource_audit.json,/systems/H8/counts/m1_pf_vector_actions,0,metadata_or_saved_count,shared_preparation_reference_not_incremental_H1,False,False
h8_inputs_resource,artifacts/hchain_h8_memory_safe_extension_20261004/inputs/resource_audit.json,/systems/H8/counts/target_phase_gaps,0,metadata_or_saved_count,shared_preparation_reference_not_incremental_H1,False,False
h8_inputs_resource,artifacts/hchain_h8_memory_safe_extension_20261004/inputs/resource_audit.json,/systems/H8/counts/truth_array_reads,0,metadata_or_saved_count,shared_preparation_reference_not_incremental_H1,False,False
h8_inputs_resource,artifacts/hchain_h8_memory_safe_extension_20261004/inputs/resource_audit.json,/systems/H8/maximum_gate_cache_bytes,0,bytes,shared_preparation_reference_not_incremental_H1,False,False
h8_inputs_resource,artifacts/hchain_h8_memory_safe_extension_20261004/inputs/resource_audit.json,/systems/H8/maximum_h_exp_norm_residual,0.0,metadata_or_saved_count,shared_preparation_reference_not_incremental_H1,False,False
h8_inputs_resource,artifacts/hchain_h8_memory_safe_extension_20261004/inputs/resource_audit.json,/systems/H8/maximum_pf_norm_residual,0.0,metadata_or_saved_count,shared_preparation_reference_not_incremental_H1,False,False
h8_inputs_resource,artifacts/hchain_h8_memory_safe_extension_20261004/inputs/resource_audit.json,/systems/H8/memory_events/0/VmHWM_bytes,339337216,bytes,shared_preparation_reference_not_incremental_H1,False,False
h8_inputs_resource,artifacts/hchain_h8_memory_safe_extension_20261004/inputs/resource_audit.json,/systems/H8/memory_events/0/VmRSS_bytes,313147392,bytes,shared_preparation_reference_not_incremental_H1,False,False
h8_inputs_resource,artifacts/hchain_h8_memory_safe_extension_20261004/inputs/resource_audit.json,/systems/H8/memory_events/0/VmSwap_bytes,0,bytes,shared_preparation_reference_not_incremental_H1,False,False
h8_inputs_resource,artifacts/hchain_h8_memory_safe_extension_20261004/inputs/resource_audit.json,/systems/H8/memory_events/0/allocation_count_scope,instrumented Python-owned full-sector objects; native temporaries unobserved,metadata_or_saved_count,shared_preparation_reference_not_incremental_H1,False,False
h8_inputs_resource,artifacts/hchain_h8_memory_safe_extension_20261004/inputs/resource_audit.json,/systems/H8/memory_events/0/explicit_large_allocation_count,0,metadata_or_saved_count,shared_preparation_reference_not_incremental_H1,False,False
h8_inputs_resource,artifacts/hchain_h8_memory_safe_extension_20261004/inputs/resource_audit.json,/systems/H8/memory_events/0/largest_object_bytes,117604,bytes,shared_preparation_reference_not_incremental_H1,False,False
h8_inputs_resource,artifacts/hchain_h8_memory_safe_extension_20261004/inputs/resource_audit.json,/systems/H8/memory_events/0/simultaneously_live_full_sector_dense_matrices,0,metadata_or_saved_count,shared_preparation_reference_not_incremental_H1,False,False
h8_inputs_resource,artifacts/hchain_h8_memory_safe_extension_20261004/inputs/resource_audit.json,/systems/H8/memory_events/0/stage,group_generation,metadata_or_saved_count,shared_preparation_reference_not_incremental_H1,False,False
h8_inputs_resource,artifacts/hchain_h8_memory_safe_extension_20261004/inputs/resource_audit.json,/systems/H8/memory_events/1/VmHWM_bytes,339337216,bytes,shared_preparation_reference_not_incremental_H1,False,False
h8_inputs_resource,artifacts/hchain_h8_memory_safe_extension_20261004/inputs/resource_audit.json,/systems/H8/memory_events/1/VmRSS_bytes,293175296,bytes,shared_preparation_reference_not_incremental_H1,False,False
h8_inputs_resource,artifacts/hchain_h8_memory_safe_extension_20261004/inputs/resource_audit.json,/systems/H8/memory_events/1/VmSwap_bytes,0,bytes,shared_preparation_reference_not_incremental_H1,False,False
h8_inputs_resource,artifacts/hchain_h8_memory_safe_extension_20261004/inputs/resource_audit.json,/systems/H8/memory_events/1/allocation_count_scope,instrumented Python-owned full-sector objects; native temporaries unobserved,metadata_or_saved_count,shared_preparation_reference_not_incremental_H1,False,False
h8_inputs_resource,artifacts/hchain_h8_memory_safe_extension_20261004/inputs/resource_audit.json,/systems/H8/memory_events/1/explicit_large_allocation_count,0,metadata_or_saved_count,shared_preparation_reference_not_incremental_H1,False,False
h8_inputs_resource,artifacts/hchain_h8_memory_safe_extension_20261004/inputs/resource_audit.json,/systems/H8/memory_events/1/largest_object_bytes,131604,bytes,shared_preparation_reference_not_incremental_H1,False,False
h8_inputs_resource,artifacts/hchain_h8_memory_safe_extension_20261004/inputs/resource_audit.json,/systems/H8/memory_events/1/simultaneously_live_full_sector_dense_matrices,0,metadata_or_saved_count,shared_preparation_reference_not_incremental_H1,False,False
h8_inputs_resource,artifacts/hchain_h8_memory_safe_extension_20261004/inputs/resource_audit.json,/systems/H8/memory_events/1/stage,group_generation,metadata_or_saved_count,shared_preparation_reference_not_incremental_H1,False,False
h8_inputs_resource,artifacts/hchain_h8_memory_safe_extension_20261004/inputs/resource_audit.json,/systems/H8/memory_events/2/VmHWM_bytes,339337216,bytes,shared_preparation_reference_not_incremental_H1,False,False
h8_inputs_resource,artifacts/hchain_h8_memory_safe_extension_20261004/inputs/resource_audit.json,/systems/H8/memory_events/2/VmRSS_bytes,293175296,bytes,shared_preparation_reference_not_incremental_H1,False,False
h8_inputs_resource,artifacts/hchain_h8_memory_safe_extension_20261004/inputs/resource_audit.json,/systems/H8/memory_events/2/VmSwap_bytes,0,bytes,shared_preparation_reference_not_incremental_H1,False,False
h8_inputs_resource,artifacts/hchain_h8_memory_safe_extension_20261004/inputs/resource_audit.json,/systems/H8/memory_events/2/allocation_count_scope,instrumented Python-owned full-sector objects; native temporaries unobserved,metadata_or_saved_count,shared_preparation_reference_not_incremental_H1,False,False
h8_inputs_resource,artifacts/hchain_h8_memory_safe_extension_20261004/inputs/resource_audit.json,/systems/H8/memory_events/2/explicit_large_allocation_count,0,metadata_or_saved_count,shared_preparation_reference_not_incremental_H1,False,False
h8_inputs_resource,artifacts/hchain_h8_memory_safe_extension_20261004/inputs/resource_audit.json,/systems/H8/memory_events/2/largest_object_bytes,131604,bytes,shared_preparation_reference_not_incremental_H1,False,False
h8_inputs_resource,artifacts/hchain_h8_memory_safe_extension_20261004/inputs/resource_audit.json,/systems/H8/memory_events/2/simultaneously_live_full_sector_dense_matrices,0,metadata_or_saved_count,shared_preparation_reference_not_incremental_H1,False,False
h8_inputs_resource,artifacts/hchain_h8_memory_safe_extension_20261004/inputs/resource_audit.json,/systems/H8/memory_events/2/stage,group_generation,metadata_or_saved_count,shared_preparation_reference_not_incremental_H1,False,False
h8_inputs_resource,artifacts/hchain_h8_memory_safe_extension_20261004/inputs/resource_audit.json,/systems/H8/memory_events/3/VmHWM_bytes,339337216,bytes,shared_preparation_reference_not_incremental_H1,False,False
h8_inputs_resource,artifacts/hchain_h8_memory_safe_extension_20261004/inputs/resource_audit.json,/systems/H8/memory_events/3/VmRSS_bytes,302874624,bytes,shared_preparation_reference_not_incremental_H1,False,False
h8_inputs_resource,artifacts/hchain_h8_memory_safe_extension_20261004/inputs/resource_audit.json,/systems/H8/memory_events/3/VmSwap_bytes,0,bytes,shared_preparation_reference_not_incremental_H1,False,False
h8_inputs_resource,artifacts/hchain_h8_memory_safe_extension_20261004/inputs/resource_audit.json,/systems/H8/memory_events/3/allocation_count_scope,instrumented Python-owned full-sector objects; native temporaries unobserved,metadata_or_saved_count,shared_preparation_reference_not_incremental_H1,False,False
h8_inputs_resource,artifacts/hchain_h8_memory_safe_extension_20261004/inputs/resource_audit.json,/systems/H8/memory_events/3/explicit_large_allocation_count,0,metadata_or_saved_count,shared_preparation_reference_not_incremental_H1,False,False
h8_inputs_resource,artifacts/hchain_h8_memory_safe_extension_20261004/inputs/resource_audit.json,/systems/H8/memory_events/3/largest_object_bytes,243604,bytes,shared_preparation_reference_not_incremental_H1,False,False
h8_inputs_resource,artifacts/hchain_h8_memory_safe_extension_20261004/inputs/resource_audit.json,/systems/H8/memory_events/3/simultaneously_live_full_sector_dense_matrices,0,metadata_or_saved_count,shared_preparation_reference_not_incremental_H1,False,False
h8_inputs_resource,artifacts/hchain_h8_memory_safe_extension_20261004/inputs/resource_audit.json,/systems/H8/memory_events/3/stage,group_generation,metadata_or_saved_count,shared_preparation_reference_not_incremental_H1,False,False
h8_inputs_resource,artifacts/hchain_h8_memory_safe_extension_20261004/inputs/resource_audit.json,/systems/H8/memory_events/4/VmHWM_bytes,339337216,bytes,shared_preparation_reference_not_incremental_H1,False,False
h8_inputs_resource,artifacts/hchain_h8_memory_safe_extension_20261004/inputs/resource_audit.json,/systems/H8/memory_events/4/VmRSS_bytes,302874624,bytes,shared_preparation_reference_not_incremental_H1,False,False
h8_inputs_resource,artifacts/hchain_h8_memory_safe_extension_20261004/inputs/resource_audit.json,/systems/H8/memory_events/4/VmSwap_bytes,0,bytes,shared_preparation_reference_not_incremental_H1,False,False
h8_inputs_resource,artifacts/hchain_h8_memory_safe_extension_20261004/inputs/resource_audit.json,/systems/H8/memory_events/4/allocation_count_scope,instrumented Python-owned full-sector objects; native temporaries unobserved,metadata_or_saved_count,shared_preparation_reference_not_incremental_H1,False,False
h8_inputs_resource,artifacts/hchain_h8_memory_safe_extension_20261004/inputs/resource_audit.json,/systems/H8/memory_events/4/explicit_large_allocation_count,0,metadata_or_saved_count,shared_preparation_reference_not_incremental_H1,False,False
h8_inputs_resource,artifacts/hchain_h8_memory_safe_extension_20261004/inputs/resource_audit.json,/systems/H8/memory_events/4/largest_object_bytes,243604,bytes,shared_preparation_reference_not_incremental_H1,False,False
h8_inputs_resource,artifacts/hchain_h8_memory_safe_extension_20261004/inputs/resource_audit.json,/systems/H8/memory_events/4/simultaneously_live_full_sector_dense_matrices,0,metadata_or_saved_count,shared_preparation_reference_not_incremental_H1,False,False
h8_inputs_resource,artifacts/hchain_h8_memory_safe_extension_20261004/inputs/resource_audit.json,/systems/H8/memory_events/4/stage,group_generation,metadata_or_saved_count,shared_preparation_reference_not_incremental_H1,False,False
h8_inputs_resource,artifacts/hchain_h8_memory_safe_extension_20261004/inputs/resource_audit.json,/systems/H8/memory_events/5/VmHWM_bytes,339337216,bytes,shared_preparation_reference_not_incremental_H1,False,False
h8_inputs_resource,artifacts/hchain_h8_memory_safe_extension_20261004/inputs/resource_audit.json,/systems/H8/memory_events/5/VmRSS_bytes,302874624,bytes,shared_preparation_reference_not_incremental_H1,False,False
h8_inputs_resource,artifacts/hchain_h8_memory_safe_extension_20261004/inputs/resource_audit.json,/systems/H8/memory_events/5/VmSwap_bytes,0,bytes,shared_preparation_reference_not_incremental_H1,False,False
h8_inputs_resource,artifacts/hchain_h8_memory_safe_extension_20261004/inputs/resource_audit.json,/systems/H8/memory_events/5/allocation_count_scope,instrumented Python-owned full-sector objects; native temporaries unobserved,metadata_or_saved_count,shared_preparation_reference_not_incremental_H1,False,False
h8_inputs_resource,artifacts/hchain_h8_memory_safe_extension_20261004/inputs/resource_audit.json,/systems/H8/memory_events/5/explicit_large_allocation_count,0,metadata_or_saved_count,shared_preparation_reference_not_incremental_H1,False,False
h8_inputs_resource,artifacts/hchain_h8_memory_safe_extension_20261004/inputs/resource_audit.json,/systems/H8/memory_events/5/largest_object_bytes,243604,bytes,shared_preparation_reference_not_incremental_H1,False,False
h8_inputs_resource,artifacts/hchain_h8_memory_safe_extension_20261004/inputs/resource_audit.json,/systems/H8/memory_events/5/simultaneously_live_full_sector_dense_matrices,0,metadata_or_saved_count,shared_preparation_reference_not_incremental_H1,False,False
h8_inputs_resource,artifacts/hchain_h8_memory_safe_extension_20261004/inputs/resource_audit.json,/systems/H8/memory_events/5/stage,group_generation,metadata_or_saved_count,shared_preparation_reference_not_incremental_H1,False,False
h8_inputs_resource,artifacts/hchain_h8_memory_safe_extension_20261004/inputs/resource_audit.json,/systems/H8/memory_events/6/VmHWM_bytes,339337216,bytes,shared_preparation_reference_not_incremental_H1,False,False
h8_inputs_resource,artifacts/hchain_h8_memory_safe_extension_20261004/inputs/resource_audit.json,/systems/H8/memory_events/6/VmRSS_bytes,302874624,bytes,shared_preparation_reference_not_incremental_H1,False,False
h8_inputs_resource,artifacts/hchain_h8_memory_safe_extension_20261004/inputs/resource_audit.json,/systems/H8/memory_events/6/VmSwap_bytes,0,bytes,shared_preparation_reference_not_incremental_H1,False,False
h8_inputs_resource,artifacts/hchain_h8_memory_safe_extension_20261004/inputs/resource_audit.json,/systems/H8/memory_events/6/allocation_count_scope,instrumented Python-owned full-sector objects; native temporaries unobserved,metadata_or_saved_count,shared_preparation_reference_not_incremental_H1,False,False
h8_inputs_resource,artifacts/hchain_h8_memory_safe_extension_20261004/inputs/resource_audit.json,/systems/H8/memory_events/6/explicit_large_allocation_count,0,metadata_or_saved_count,shared_preparation_reference_not_incremental_H1,False,False
h8_inputs_resource,artifacts/hchain_h8_memory_safe_extension_20261004/inputs/resource_audit.json,/systems/H8/memory_events/6/largest_object_bytes,243604,bytes,shared_preparation_reference_not_incremental_H1,False,False
h8_inputs_resource,artifacts/hchain_h8_memory_safe_extension_20261004/inputs/resource_audit.json,/systems/H8/memory_events/6/simultaneously_live_full_sector_dense_matrices,0,metadata_or_saved_count,shared_preparation_reference_not_incremental_H1,False,False
h8_inputs_resource,artifacts/hchain_h8_memory_safe_extension_20261004/inputs/resource_audit.json,/systems/H8/memory_events/6/stage,group_generation,metadata_or_saved_count,shared_preparation_reference_not_incremental_H1,False,False
h8_inputs_resource,artifacts/hchain_h8_memory_safe_extension_20261004/inputs/resource_audit.json,/systems/H8/memory_events/7/VmHWM_bytes,339337216,bytes,shared_preparation_reference_not_incremental_H1,False,False
h8_inputs_resource,artifacts/hchain_h8_memory_safe_extension_20261004/inputs/resource_audit.json,/systems/H8/memory_events/7/VmRSS_bytes,302874624,bytes,shared_preparation_reference_not_incremental_H1,False,False
h8_inputs_resource,artifacts/hchain_h8_memory_safe_extension_20261004/inputs/resource_audit.json,/systems/H8/memory_events/7/VmSwap_bytes,0,bytes,shared_preparation_reference_not_incremental_H1,False,False
h8_inputs_resource,artifacts/hchain_h8_memory_safe_extension_20261004/inputs/resource_audit.json,/systems/H8/memory_events/7/allocation_count_scope,instrumented Python-owned full-sector objects; native temporaries unobserved,metadata_or_saved_count,shared_preparation_reference_not_incremental_H1,False,False
h8_inputs_resource,artifacts/hchain_h8_memory_safe_extension_20261004/inputs/resource_audit.json,/systems/H8/memory_events/7/explicit_large_allocation_count,0,metadata_or_saved_count,shared_preparation_reference_not_incremental_H1,False,False
h8_inputs_resource,artifacts/hchain_h8_memory_safe_extension_20261004/inputs/resource_audit.json,/systems/H8/memory_events/7/largest_object_bytes,243604,bytes,shared_preparation_reference_not_incremental_H1,False,False
h8_inputs_resource,artifacts/hchain_h8_memory_safe_extension_20261004/inputs/resource_audit.json,/systems/H8/memory_events/7/simultaneously_live_full_sector_dense_matrices,0,metadata_or_saved_count,shared_preparation_reference_not_incremental_H1,False,False
h8_inputs_resource,artifacts/hchain_h8_memory_safe_extension_20261004/inputs/resource_audit.json,/systems/H8/memory_events/7/stage,group_generation,metadata_or_saved_count,shared_preparation_reference_not_incremental_H1,False,False
h8_inputs_resource,artifacts/hchain_h8_memory_safe_extension_20261004/inputs/resource_audit.json,/systems/H8/memory_events/8/VmHWM_bytes,339337216,bytes,shared_preparation_reference_not_incremental_H1,False,False
h8_inputs_resource,artifacts/hchain_h8_memory_safe_extension_20261004/inputs/resource_audit.json,/systems/H8/memory_events/8/VmRSS_bytes,303398912,bytes,shared_preparation_reference_not_incremental_H1,False,False
h8_inputs_resource,artifacts/hchain_h8_memory_safe_extension_20261004/inputs/resource_audit.json,/systems/H8/memory_events/8/VmSwap_bytes,0,bytes,shared_preparation_reference_not_incremental_H1,False,False
h8_inputs_resource,artifacts/hchain_h8_memory_safe_extension_20261004/inputs/resource_audit.json,/systems/H8/memory_events/8/allocation_count_scope,instrumented Python-owned full-sector objects; native temporaries unobserved,metadata_or_saved_count,shared_preparation_reference_not_incremental_H1,False,False
h8_inputs_resource,artifacts/hchain_h8_memory_safe_extension_20261004/inputs/resource_audit.json,/systems/H8/memory_events/8/explicit_large_allocation_count,0,metadata_or_saved_count,shared_preparation_reference_not_incremental_H1,False,False
h8_inputs_resource,artifacts/hchain_h8_memory_safe_extension_20261004/inputs/resource_audit.json,/systems/H8/memory_events/8/largest_object_bytes,243604,bytes,shared_preparation_reference_not_incremental_H1,False,False
h8_inputs_resource,artifacts/hchain_h8_memory_safe_extension_20261004/inputs/resource_audit.json,/systems/H8/memory_events/8/simultaneously_live_full_sector_dense_matrices,0,metadata_or_saved_count,shared_preparation_reference_not_incremental_H1,False,False
h8_inputs_resource,artifacts/hchain_h8_memory_safe_extension_20261004/inputs/resource_audit.json,/systems/H8/memory_events/8/stage,group_generation,metadata_or_saved_count,shared_preparation_reference_not_incremental_H1,False,False
h8_inputs_resource,artifacts/hchain_h8_memory_safe_extension_20261004/inputs/resource_audit.json,/systems/H8/memory_events/9/VmHWM_bytes,339337216,bytes,shared_preparation_reference_not_incremental_H1,False,False
h8_inputs_resource,artifacts/hchain_h8_memory_safe_extension_20261004/inputs/resource_audit.json,/systems/H8/memory_events/9/VmRSS_bytes,303398912,bytes,shared_preparation_reference_not_incremental_H1,False,False
h8_inputs_resource,artifacts/hchain_h8_memory_safe_extension_20261004/inputs/resource_audit.json,/systems/H8/memory_events/9/VmSwap_bytes,0,bytes,shared_preparation_reference_not_incremental_H1,False,False
h8_inputs_resource,artifacts/hchain_h8_memory_safe_extension_20261004/inputs/resource_audit.json,/systems/H8/memory_events/9/allocation_count_scope,instrumented Python-owned full-sector objects; native temporaries unobserved,metadata_or_saved_count,shared_preparation_reference_not_incremental_H1,False,False
h8_inputs_resource,artifacts/hchain_h8_memory_safe_extension_20261004/inputs/resource_audit.json,/systems/H8/memory_events/9/explicit_large_allocation_count,0,metadata_or_saved_count,shared_preparation_reference_not_incremental_H1,False,False
h8_inputs_resource,artifacts/hchain_h8_memory_safe_extension_20261004/inputs/resource_audit.json,/systems/H8/memory_events/9/largest_object_bytes,243604,bytes,shared_preparation_reference_not_incremental_H1,False,False
h8_inputs_resource,artifacts/hchain_h8_memory_safe_extension_20261004/inputs/resource_audit.json,/systems/H8/memory_events/9/simultaneously_live_full_sector_dense_matrices,0,metadata_or_saved_count,shared_preparation_reference_not_incremental_H1,False,False
h8_inputs_resource,artifacts/hchain_h8_memory_safe_extension_20261004/inputs/resource_audit.json,/systems/H8/memory_events/9/stage,group_generation,metadata_or_saved_count,shared_preparation_reference_not_incremental_H1,False,False
h8_inputs_resource,artifacts/hchain_h8_memory_safe_extension_20261004/inputs/resource_audit.json,/systems/H8/memory_events/10/VmHWM_bytes,339337216,bytes,shared_preparation_reference_not_incremental_H1,False,False
h8_inputs_resource,artifacts/hchain_h8_memory_safe_extension_20261004/inputs/resource_audit.json,/systems/H8/memory_events/10/VmRSS_bytes,303398912,bytes,shared_preparation_reference_not_incremental_H1,False,False
h8_inputs_resource,artifacts/hchain_h8_memory_safe_extension_20261004/inputs/resource_audit.json,/systems/H8/memory_events/10/VmSwap_bytes,0,bytes,shared_preparation_reference_not_incremental_H1,False,False
h8_inputs_resource,artifacts/hchain_h8_memory_safe_extension_20261004/inputs/resource_audit.json,/systems/H8/memory_events/10/allocation_count_scope,instrumented Python-owned full-sector objects; native temporaries unobserved,metadata_or_saved_count,shared_preparation_reference_not_incremental_H1,False,False
h8_inputs_resource,artifacts/hchain_h8_memory_safe_extension_20261004/inputs/resource_audit.json,/systems/H8/memory_events/10/explicit_large_allocation_count,0,metadata_or_saved_count,shared_preparation_reference_not_incremental_H1,False,False
h8_inputs_resource,artifacts/hchain_h8_memory_safe_extension_20261004/inputs/resource_audit.json,/systems/H8/memory_events/10/largest_object_bytes,243604,bytes,shared_preparation_reference_not_incremental_H1,False,False
h8_inputs_resource,artifacts/hchain_h8_memory_safe_extension_20261004/inputs/resource_audit.json,/systems/H8/memory_events/10/simultaneously_live_full_sector_dense_matrices,0,metadata_or_saved_count,shared_preparation_reference_not_incremental_H1,False,False
h8_inputs_resource,artifacts/hchain_h8_memory_safe_extension_20261004/inputs/resource_audit.json,/systems/H8/memory_events/10/stage,group_generation,metadata_or_saved_count,shared_preparation_reference_not_incremental_H1,False,False
h8_inputs_resource,artifacts/hchain_h8_memory_safe_extension_20261004/inputs/resource_audit.json,/systems/H8/memory_events/11/VmHWM_bytes,339337216,bytes,shared_preparation_reference_not_incremental_H1,False,False
h8_inputs_resource,artifacts/hchain_h8_memory_safe_extension_20261004/inputs/resource_audit.json,/systems/H8/memory_events/11/VmRSS_bytes,303398912,bytes,shared_preparation_reference_not_incremental_H1,False,False
h8_inputs_resource,artifacts/hchain_h8_memory_safe_extension_20261004/inputs/resource_audit.json,/systems/H8/memory_events/11/VmSwap_bytes,0,bytes,shared_preparation_reference_not_incremental_H1,False,False
h8_inputs_resource,artifacts/hchain_h8_memory_safe_extension_20261004/inputs/resource_audit.json,/systems/H8/memory_events/11/allocation_count_scope,instrumented Python-owned full-sector objects; native temporaries unobserved,metadata_or_saved_count,shared_preparation_reference_not_incremental_H1,False,False
h8_inputs_resource,artifacts/hchain_h8_memory_safe_extension_20261004/inputs/resource_audit.json,/systems/H8/memory_events/11/explicit_large_allocation_count,0,metadata_or_saved_count,shared_preparation_reference_not_incremental_H1,False,False
h8_inputs_resource,artifacts/hchain_h8_memory_safe_extension_20261004/inputs/resource_audit.json,/systems/H8/memory_events/11/largest_object_bytes,531604,bytes,shared_preparation_reference_not_incremental_H1,False,False
h8_inputs_resource,artifacts/hchain_h8_memory_safe_extension_20261004/inputs/resource_audit.json,/systems/H8/memory_events/11/simultaneously_live_full_sector_dense_matrices,0,metadata_or_saved_count,shared_preparation_reference_not_incremental_H1,False,False
h8_inputs_resource,artifacts/hchain_h8_memory_safe_extension_20261004/inputs/resource_audit.json,/systems/H8/memory_events/11/stage,group_generation,metadata_or_saved_count,shared_preparation_reference_not_incremental_H1,False,False
h8_inputs_resource,artifacts/hchain_h8_memory_safe_extension_20261004/inputs/resource_audit.json,/systems/H8/memory_events/12/VmHWM_bytes,339337216,bytes,shared_preparation_reference_not_incremental_H1,False,False
h8_inputs_resource,artifacts/hchain_h8_memory_safe_extension_20261004/inputs/resource_audit.json,/systems/H8/memory_events/12/VmRSS_bytes,303398912,bytes,shared_preparation_reference_not_incremental_H1,False,False
h8_inputs_resource,artifacts/hchain_h8_memory_safe_extension_20261004/inputs/resource_audit.json,/systems/H8/memory_events/12/VmSwap_bytes,0,bytes,shared_preparation_reference_not_incremental_H1,False,False
h8_inputs_resource,artifacts/hchain_h8_memory_safe_extension_20261004/inputs/resource_audit.json,/systems/H8/memory_events/12/allocation_count_scope,instrumented Python-owned full-sector objects; native temporaries unobserved,metadata_or_saved_count,shared_preparation_reference_not_incremental_H1,False,False
h8_inputs_resource,artifacts/hchain_h8_memory_safe_extension_20261004/inputs/resource_audit.json,/systems/H8/memory_events/12/explicit_large_allocation_count,0,metadata_or_saved_count,shared_preparation_reference_not_incremental_H1,False,False
h8_inputs_resource,artifacts/hchain_h8_memory_safe_extension_20261004/inputs/resource_audit.json,/systems/H8/memory_events/12/largest_object_bytes,531604,bytes,shared_preparation_reference_not_incremental_H1,False,False
h8_inputs_resource,artifacts/hchain_h8_memory_safe_extension_20261004/inputs/resource_audit.json,/systems/H8/memory_events/12/simultaneously_live_full_sector_dense_matrices,0,metadata_or_saved_count,shared_preparation_reference_not_incremental_H1,False,False
h8_inputs_resource,artifacts/hchain_h8_memory_safe_extension_20261004/inputs/resource_audit.json,/systems/H8/memory_events/12/stage,group_generation,metadata_or_saved_count,shared_preparation_reference_not_incremental_H1,False,False
h8_inputs_resource,artifacts/hchain_h8_memory_safe_extension_20261004/inputs/resource_audit.json,/systems/H8/memory_events/13/VmHWM_bytes,339337216,bytes,shared_preparation_reference_not_incremental_H1,False,False
h8_inputs_resource,artifacts/hchain_h8_memory_safe_extension_20261004/inputs/resource_audit.json,/systems/H8/memory_events/13/VmRSS_bytes,303398912,bytes,shared_preparation_reference_not_incremental_H1,False,False
h8_inputs_resource,artifacts/hchain_h8_memory_safe_extension_20261004/inputs/resource_audit.json,/systems/H8/memory_events/13/VmSwap_bytes,0,bytes,shared_preparation_reference_not_incremental_H1,False,False
h8_inputs_resource,artifacts/hchain_h8_memory_safe_extension_20261004/inputs/resource_audit.json,/systems/H8/memory_events/13/allocation_count_scope,instrumented Python-owned full-sector objects; native temporaries unobserved,metadata_or_saved_count,shared_preparation_reference_not_incremental_H1,False,False
h8_inputs_resource,artifacts/hchain_h8_memory_safe_extension_20261004/inputs/resource_audit.json,/systems/H8/memory_events/13/explicit_large_allocation_count,0,metadata_or_saved_count,shared_preparation_reference_not_incremental_H1,False,False
h8_inputs_resource,artifacts/hchain_h8_memory_safe_extension_20261004/inputs/resource_audit.json,/systems/H8/memory_events/13/largest_object_bytes,531604,bytes,shared_preparation_reference_not_incremental_H1,False,False
h8_inputs_resource,artifacts/hchain_h8_memory_safe_extension_20261004/inputs/resource_audit.json,/systems/H8/memory_events/13/simultaneously_live_full_sector_dense_matrices,0,metadata_or_saved_count,shared_preparation_reference_not_incremental_H1,False,False
h8_inputs_resource,artifacts/hchain_h8_memory_safe_extension_20261004/inputs/resource_audit.json,/systems/H8/memory_events/13/stage,group_generation,metadata_or_saved_count,shared_preparation_reference_not_incremental_H1,False,False
h8_inputs_resource,artifacts/hchain_h8_memory_safe_extension_20261004/inputs/resource_audit.json,/systems/H8/memory_events/14/VmHWM_bytes,339337216,bytes,shared_preparation_reference_not_incremental_H1,False,False
h8_inputs_resource,artifacts/hchain_h8_memory_safe_extension_20261004/inputs/resource_audit.json,/systems/H8/memory_events/14/VmRSS_bytes,303398912,bytes,shared_preparation_reference_not_incremental_H1,False,False
h8_inputs_resource,artifacts/hchain_h8_memory_safe_extension_20261004/inputs/resource_audit.json,/systems/H8/memory_events/14/VmSwap_bytes,0,bytes,shared_preparation_reference_not_incremental_H1,False,False
h8_inputs_resource,artifacts/hchain_h8_memory_safe_extension_20261004/inputs/resource_audit.json,/systems/H8/memory_events/14/allocation_count_scope,instrumented Python-owned full-sector objects; native temporaries unobserved,metadata_or_saved_count,shared_preparation_reference_not_incremental_H1,False,False
h8_inputs_resource,artifacts/hchain_h8_memory_safe_extension_20261004/inputs/resource_audit.json,/systems/H8/memory_events/14/explicit_large_allocation_count,0,metadata_or_saved_count,shared_preparation_reference_not_incremental_H1,False,False
h8_inputs_resource,artifacts/hchain_h8_memory_safe_extension_20261004/inputs/resource_audit.json,/systems/H8/memory_events/14/largest_object_bytes,531604,bytes,shared_preparation_reference_not_incremental_H1,False,False
h8_inputs_resource,artifacts/hchain_h8_memory_safe_extension_20261004/inputs/resource_audit.json,/systems/H8/memory_events/14/simultaneously_live_full_sector_dense_matrices,0,metadata_or_saved_count,shared_preparation_reference_not_incremental_H1,False,False
h8_inputs_resource,artifacts/hchain_h8_memory_safe_extension_20261004/inputs/resource_audit.json,/systems/H8/memory_events/14/stage,group_generation,metadata_or_saved_count,shared_preparation_reference_not_incremental_H1,False,False
h8_inputs_resource,artifacts/hchain_h8_memory_safe_extension_20261004/inputs/resource_audit.json,/systems/H8/memory_events/15/VmHWM_bytes,339337216,bytes,shared_preparation_reference_not_incremental_H1,False,False
h8_inputs_resource,artifacts/hchain_h8_memory_safe_extension_20261004/inputs/resource_audit.json,/systems/H8/memory_events/15/VmRSS_bytes,303398912,bytes,shared_preparation_reference_not_incremental_H1,False,False
h8_inputs_resource,artifacts/hchain_h8_memory_safe_extension_20261004/inputs/resource_audit.json,/systems/H8/memory_events/15/VmSwap_bytes,0,bytes,shared_preparation_reference_not_incremental_H1,False,False
h8_inputs_resource,artifacts/hchain_h8_memory_safe_extension_20261004/inputs/resource_audit.json,/systems/H8/memory_events/15/allocation_count_scope,instrumented Python-owned full-sector objects; native temporaries unobserved,metadata_or_saved_count,shared_preparation_reference_not_incremental_H1,False,False
h8_inputs_resource,artifacts/hchain_h8_memory_safe_extension_20261004/inputs/resource_audit.json,/systems/H8/memory_events/15/explicit_large_allocation_count,0,metadata_or_saved_count,shared_preparation_reference_not_incremental_H1,False,False
h8_inputs_resource,artifacts/hchain_h8_memory_safe_extension_20261004/inputs/resource_audit.json,/systems/H8/memory_events/15/largest_object_bytes,531604,bytes,shared_preparation_reference_not_incremental_H1,False,False
h8_inputs_resource,artifacts/hchain_h8_memory_safe_extension_20261004/inputs/resource_audit.json,/systems/H8/memory_events/15/simultaneously_live_full_sector_dense_matrices,0,metadata_or_saved_count,shared_preparation_reference_not_incremental_H1,False,False
h8_inputs_resource,artifacts/hchain_h8_memory_safe_extension_20261004/inputs/resource_audit.json,/systems/H8/memory_events/15/stage,group_generation,metadata_or_saved_count,shared_preparation_reference_not_incremental_H1,False,False
h8_inputs_resource,artifacts/hchain_h8_memory_safe_extension_20261004/inputs/resource_audit.json,/systems/H8/memory_events/16/VmHWM_bytes,339337216,bytes,shared_preparation_reference_not_incremental_H1,False,False
h8_inputs_resource,artifacts/hchain_h8_memory_safe_extension_20261004/inputs/resource_audit.json,/systems/H8/memory_events/16/VmRSS_bytes,303398912,bytes,shared_preparation_reference_not_incremental_H1,False,False
h8_inputs_resource,artifacts/hchain_h8_memory_safe_extension_20261004/inputs/resource_audit.json,/systems/H8/memory_events/16/VmSwap_bytes,0,bytes,shared_preparation_reference_not_incremental_H1,False,False
h8_inputs_resource,artifacts/hchain_h8_memory_safe_extension_20261004/inputs/resource_audit.json,/systems/H8/memory_events/16/allocation_count_scope,instrumented Python-owned full-sector objects; native temporaries unobserved,metadata_or_saved_count,shared_preparation_reference_not_incremental_H1,False,False
h8_inputs_resource,artifacts/hchain_h8_memory_safe_extension_20261004/inputs/resource_audit.json,/systems/H8/memory_events/16/explicit_large_allocation_count,0,metadata_or_saved_count,shared_preparation_reference_not_incremental_H1,False,False
h8_inputs_resource,artifacts/hchain_h8_memory_safe_extension_20261004/inputs/resource_audit.json,/systems/H8/memory_events/16/largest_object_bytes,531604,bytes,shared_preparation_reference_not_incremental_H1,False,False
h8_inputs_resource,artifacts/hchain_h8_memory_safe_extension_20261004/inputs/resource_audit.json,/systems/H8/memory_events/16/simultaneously_live_full_sector_dense_matrices,0,metadata_or_saved_count,shared_preparation_reference_not_incremental_H1,False,False
h8_inputs_resource,artifacts/hchain_h8_memory_safe_extension_20261004/inputs/resource_audit.json,/systems/H8/memory_events/16/stage,group_generation,metadata_or_saved_count,shared_preparation_reference_not_incremental_H1,False,False
h8_inputs_resource,artifacts/hchain_h8_memory_safe_extension_20261004/inputs/resource_audit.json,/systems/H8/memory_events/17/VmHWM_bytes,339337216,bytes,shared_preparation_reference_not_incremental_H1,False,False
h8_inputs_resource,artifacts/hchain_h8_memory_safe_extension_20261004/inputs/resource_audit.json,/systems/H8/memory_events/17/VmRSS_bytes,303398912,bytes,shared_preparation_reference_not_incremental_H1,False,False
h8_inputs_resource,artifacts/hchain_h8_memory_safe_extension_20261004/inputs/resource_audit.json,/systems/H8/memory_events/17/VmSwap_bytes,0,bytes,shared_preparation_reference_not_incremental_H1,False,False
h8_inputs_resource,artifacts/hchain_h8_memory_safe_extension_20261004/inputs/resource_audit.json,/systems/H8/memory_events/17/allocation_count_scope,instrumented Python-owned full-sector objects; native temporaries unobserved,metadata_or_saved_count,shared_preparation_reference_not_incremental_H1,False,False
h8_inputs_resource,artifacts/hchain_h8_memory_safe_extension_20261004/inputs/resource_audit.json,/systems/H8/memory_events/17/explicit_large_allocation_count,0,metadata_or_saved_count,shared_preparation_reference_not_incremental_H1,False,False
h8_inputs_resource,artifacts/hchain_h8_memory_safe_extension_20261004/inputs/resource_audit.json,/systems/H8/memory_events/17/largest_object_bytes,531604,bytes,shared_preparation_reference_not_incremental_H1,False,False
h8_inputs_resource,artifacts/hchain_h8_memory_safe_extension_20261004/inputs/resource_audit.json,/systems/H8/memory_events/17/simultaneously_live_full_sector_dense_matrices,0,metadata_or_saved_count,shared_preparation_reference_not_incremental_H1,False,False
h8_inputs_resource,artifacts/hchain_h8_memory_safe_extension_20261004/inputs/resource_audit.json,/systems/H8/memory_events/17/stage,group_generation,metadata_or_saved_count,shared_preparation_reference_not_incremental_H1,False,False
h8_inputs_resource,artifacts/hchain_h8_memory_safe_extension_20261004/inputs/resource_audit.json,/systems/H8/memory_events/18/VmHWM_bytes,339337216,bytes,shared_preparation_reference_not_incremental_H1,False,False
h8_inputs_resource,artifacts/hchain_h8_memory_safe_extension_20261004/inputs/resource_audit.json,/systems/H8/memory_events/18/VmRSS_bytes,303398912,bytes,shared_preparation_reference_not_incremental_H1,False,False
h8_inputs_resource,artifacts/hchain_h8_memory_safe_extension_20261004/inputs/resource_audit.json,/systems/H8/memory_events/18/VmSwap_bytes,0,bytes,shared_preparation_reference_not_incremental_H1,False,False
h8_inputs_resource,artifacts/hchain_h8_memory_safe_extension_20261004/inputs/resource_audit.json,/systems/H8/memory_events/18/allocation_count_scope,instrumented Python-owned full-sector objects; native temporaries unobserved,metadata_or_saved_count,shared_preparation_reference_not_incremental_H1,False,False
h8_inputs_resource,artifacts/hchain_h8_memory_safe_extension_20261004/inputs/resource_audit.json,/systems/H8/memory_events/18/explicit_large_allocation_count,0,metadata_or_saved_count,shared_preparation_reference_not_incremental_H1,False,False
h8_inputs_resource,artifacts/hchain_h8_memory_safe_extension_20261004/inputs/resource_audit.json,/systems/H8/memory_events/18/largest_object_bytes,531604,bytes,shared_preparation_reference_not_incremental_H1,False,False
h8_inputs_resource,artifacts/hchain_h8_memory_safe_extension_20261004/inputs/resource_audit.json,/systems/H8/memory_events/18/simultaneously_live_full_sector_dense_matrices,0,metadata_or_saved_count,shared_preparation_reference_not_incremental_H1,False,False
h8_inputs_resource,artifacts/hchain_h8_memory_safe_extension_20261004/inputs/resource_audit.json,/systems/H8/memory_events/18/stage,group_generation,metadata_or_saved_count,shared_preparation_reference_not_incremental_H1,False,False
h8_inputs_resource,artifacts/hchain_h8_memory_safe_extension_20261004/inputs/resource_audit.json,/systems/H8/memory_events/19/VmHWM_bytes,339337216,bytes,shared_preparation_reference_not_incremental_H1,False,False
h8_inputs_resource,artifacts/hchain_h8_memory_safe_extension_20261004/inputs/resource_audit.json,/systems/H8/memory_events/19/VmRSS_bytes,303398912,bytes,shared_preparation_reference_not_incremental_H1,False,False
h8_inputs_resource,artifacts/hchain_h8_memory_safe_extension_20261004/inputs/resource_audit.json,/systems/H8/memory_events/19/VmSwap_bytes,0,bytes,shared_preparation_reference_not_incremental_H1,False,False
h8_inputs_resource,artifacts/hchain_h8_memory_safe_extension_20261004/inputs/resource_audit.json,/systems/H8/memory_events/19/allocation_count_scope,instrumented Python-owned full-sector objects; native temporaries unobserved,metadata_or_saved_count,shared_preparation_reference_not_incremental_H1,False,False
h8_inputs_resource,artifacts/hchain_h8_memory_safe_extension_20261004/inputs/resource_audit.json,/systems/H8/memory_events/19/explicit_large_allocation_count,0,metadata_or_saved_count,shared_preparation_reference_not_incremental_H1,False,False
h8_inputs_resource,artifacts/hchain_h8_memory_safe_extension_20261004/inputs/resource_audit.json,/systems/H8/memory_events/19/largest_object_bytes,531604,bytes,shared_preparation_reference_not_incremental_H1,False,False
h8_inputs_resource,artifacts/hchain_h8_memory_safe_extension_20261004/inputs/resource_audit.json,/systems/H8/memory_events/19/simultaneously_live_full_sector_dense_matrices,0,metadata_or_saved_count,shared_preparation_reference_not_incremental_H1,False,False
h8_inputs_resource,artifacts/hchain_h8_memory_safe_extension_20261004/inputs/resource_audit.json,/systems/H8/memory_events/19/stage,group_generation,metadata_or_saved_count,shared_preparation_reference_not_incremental_H1,False,False
h8_inputs_resource,artifacts/hchain_h8_memory_safe_extension_20261004/inputs/resource_audit.json,/systems/H8/memory_events/20/VmHWM_bytes,339337216,bytes,shared_preparation_reference_not_incremental_H1,False,False
h8_inputs_resource,artifacts/hchain_h8_memory_safe_extension_20261004/inputs/resource_audit.json,/systems/H8/memory_events/20/VmRSS_bytes,303398912,bytes,shared_preparation_reference_not_incremental_H1,False,False
h8_inputs_resource,artifacts/hchain_h8_memory_safe_extension_20261004/inputs/resource_audit.json,/systems/H8/memory_events/20/VmSwap_bytes,0,bytes,shared_preparation_reference_not_incremental_H1,False,False
h8_inputs_resource,artifacts/hchain_h8_memory_safe_extension_20261004/inputs/resource_audit.json,/systems/H8/memory_events/20/allocation_count_scope,instrumented Python-owned full-sector objects; native temporaries unobserved,metadata_or_saved_count,shared_preparation_reference_not_incremental_H1,False,False
h8_inputs_resource,artifacts/hchain_h8_memory_safe_extension_20261004/inputs/resource_audit.json,/systems/H8/memory_events/20/explicit_large_allocation_count,0,metadata_or_saved_count,shared_preparation_reference_not_incremental_H1,False,False
h8_inputs_resource,artifacts/hchain_h8_memory_safe_extension_20261004/inputs/resource_audit.json,/systems/H8/memory_events/20/largest_object_bytes,531604,bytes,shared_preparation_reference_not_incremental_H1,False,False
h8_inputs_resource,artifacts/hchain_h8_memory_safe_extension_20261004/inputs/resource_audit.json,/systems/H8/memory_events/20/simultaneously_live_full_sector_dense_matrices,0,metadata_or_saved_count,shared_preparation_reference_not_incremental_H1,False,False
h8_inputs_resource,artifacts/hchain_h8_memory_safe_extension_20261004/inputs/resource_audit.json,/systems/H8/memory_events/20/stage,group_generation,metadata_or_saved_count,shared_preparation_reference_not_incremental_H1,False,False
h8_inputs_resource,artifacts/hchain_h8_memory_safe_extension_20261004/inputs/resource_audit.json,/systems/H8/memory_events/21/VmHWM_bytes,339337216,bytes,shared_preparation_reference_not_incremental_H1,False,False
h8_inputs_resource,artifacts/hchain_h8_memory_safe_extension_20261004/inputs/resource_audit.json,/systems/H8/memory_events/21/VmRSS_bytes,303398912,bytes,shared_preparation_reference_not_incremental_H1,False,False
h8_inputs_resource,artifacts/hchain_h8_memory_safe_extension_20261004/inputs/resource_audit.json,/systems/H8/memory_events/21/VmSwap_bytes,0,bytes,shared_preparation_reference_not_incremental_H1,False,False
h8_inputs_resource,artifacts/hchain_h8_memory_safe_extension_20261004/inputs/resource_audit.json,/systems/H8/memory_events/21/allocation_count_scope,instrumented Python-owned full-sector objects; native temporaries unobserved,metadata_or_saved_count,shared_preparation_reference_not_incremental_H1,False,False
h8_inputs_resource,artifacts/hchain_h8_memory_safe_extension_20261004/inputs/resource_audit.json,/systems/H8/memory_events/21/explicit_large_allocation_count,0,metadata_or_saved_count,shared_preparation_reference_not_incremental_H1,False,False
h8_inputs_resource,artifacts/hchain_h8_memory_safe_extension_20261004/inputs/resource_audit.json,/systems/H8/memory_events/21/largest_object_bytes,531604,bytes,shared_preparation_reference_not_incremental_H1,False,False
h8_inputs_resource,artifacts/hchain_h8_memory_safe_extension_20261004/inputs/resource_audit.json,/systems/H8/memory_events/21/simultaneously_live_full_sector_dense_matrices,0,metadata_or_saved_count,shared_preparation_reference_not_incremental_H1,False,False
h8_inputs_resource,artifacts/hchain_h8_memory_safe_extension_20261004/inputs/resource_audit.json,/systems/H8/memory_events/21/stage,group_generation,metadata_or_saved_count,shared_preparation_reference_not_incremental_H1,False,False
h8_inputs_resource,artifacts/hchain_h8_memory_safe_extension_20261004/inputs/resource_audit.json,/systems/H8/memory_events/22/VmHWM_bytes,339337216,bytes,shared_preparation_reference_not_incremental_H1,False,False
h8_inputs_resource,artifacts/hchain_h8_memory_safe_extension_20261004/inputs/resource_audit.json,/systems/H8/memory_events/22/VmRSS_bytes,303398912,bytes,shared_preparation_reference_not_incremental_H1,False,False
h8_inputs_resource,artifacts/hchain_h8_memory_safe_extension_20261004/inputs/resource_audit.json,/systems/H8/memory_events/22/VmSwap_bytes,0,bytes,shared_preparation_reference_not_incremental_H1,False,False
h8_inputs_resource,artifacts/hchain_h8_memory_safe_extension_20261004/inputs/resource_audit.json,/systems/H8/memory_events/22/allocation_count_scope,instrumented Python-owned full-sector objects; native temporaries unobserved,metadata_or_saved_count,shared_preparation_reference_not_incremental_H1,False,False
h8_inputs_resource,artifacts/hchain_h8_memory_safe_extension_20261004/inputs/resource_audit.json,/systems/H8/memory_events/22/explicit_large_allocation_count,0,metadata_or_saved_count,shared_preparation_reference_not_incremental_H1,False,False
h8_inputs_resource,artifacts/hchain_h8_memory_safe_extension_20261004/inputs/resource_audit.json,/systems/H8/memory_events/22/largest_object_bytes,531604,bytes,shared_preparation_reference_not_incremental_H1,False,False
h8_inputs_resource,artifacts/hchain_h8_memory_safe_extension_20261004/inputs/resource_audit.json,/systems/H8/memory_events/22/simultaneously_live_full_sector_dense_matrices,0,metadata_or_saved_count,shared_preparation_reference_not_incremental_H1,False,False
h8_inputs_resource,artifacts/hchain_h8_memory_safe_extension_20261004/inputs/resource_audit.json,/systems/H8/memory_events/22/stage,group_generation,metadata_or_saved_count,shared_preparation_reference_not_incremental_H1,False,False
h8_inputs_resource,artifacts/hchain_h8_memory_safe_extension_20261004/inputs/resource_audit.json,/systems/H8/memory_events/23/VmHWM_bytes,339337216,bytes,shared_preparation_reference_not_incremental_H1,False,False
h8_inputs_resource,artifacts/hchain_h8_memory_safe_extension_20261004/inputs/resource_audit.json,/systems/H8/memory_events/23/VmRSS_bytes,303398912,bytes,shared_preparation_reference_not_incremental_H1,False,False
h8_inputs_resource,artifacts/hchain_h8_memory_safe_extension_20261004/inputs/resource_audit.json,/systems/H8/memory_events/23/VmSwap_bytes,0,bytes,shared_preparation_reference_not_incremental_H1,False,False
h8_inputs_resource,artifacts/hchain_h8_memory_safe_extension_20261004/inputs/resource_audit.json,/systems/H8/memory_events/23/allocation_count_scope,instrumented Python-owned full-sector objects; native temporaries unobserved,metadata_or_saved_count,shared_preparation_reference_not_incremental_H1,False,False
h8_inputs_resource,artifacts/hchain_h8_memory_safe_extension_20261004/inputs/resource_audit.json,/systems/H8/memory_events/23/explicit_large_allocation_count,0,metadata_or_saved_count,shared_preparation_reference_not_incremental_H1,False,False
h8_inputs_resource,artifacts/hchain_h8_memory_safe_extension_20261004/inputs/resource_audit.json,/systems/H8/memory_events/23/largest_object_bytes,531604,bytes,shared_preparation_reference_not_incremental_H1,False,False
h8_inputs_resource,artifacts/hchain_h8_memory_safe_extension_20261004/inputs/resource_audit.json,/systems/H8/memory_events/23/simultaneously_live_full_sector_dense_matrices,0,metadata_or_saved_count,shared_preparation_reference_not_incremental_H1,False,False
h8_inputs_resource,artifacts/hchain_h8_memory_safe_extension_20261004/inputs/resource_audit.json,/systems/H8/memory_events/23/stage,group_generation,metadata_or_saved_count,shared_preparation_reference_not_incremental_H1,False,False
h8_inputs_resource,artifacts/hchain_h8_memory_safe_extension_20261004/inputs/resource_audit.json,/systems/H8/memory_events/24/VmHWM_bytes,339337216,bytes,shared_preparation_reference_not_incremental_H1,False,False
h8_inputs_resource,artifacts/hchain_h8_memory_safe_extension_20261004/inputs/resource_audit.json,/systems/H8/memory_events/24/VmRSS_bytes,303398912,bytes,shared_preparation_reference_not_incremental_H1,False,False
h8_inputs_resource,artifacts/hchain_h8_memory_safe_extension_20261004/inputs/resource_audit.json,/systems/H8/memory_events/24/VmSwap_bytes,0,bytes,shared_preparation_reference_not_incremental_H1,False,False
h8_inputs_resource,artifacts/hchain_h8_memory_safe_extension_20261004/inputs/resource_audit.json,/systems/H8/memory_events/24/allocation_count_scope,instrumented Python-owned full-sector objects; native temporaries unobserved,metadata_or_saved_count,shared_preparation_reference_not_incremental_H1,False,False
h8_inputs_resource,artifacts/hchain_h8_memory_safe_extension_20261004/inputs/resource_audit.json,/systems/H8/memory_events/24/explicit_large_allocation_count,0,metadata_or_saved_count,shared_preparation_reference_not_incremental_H1,False,False
h8_inputs_resource,artifacts/hchain_h8_memory_safe_extension_20261004/inputs/resource_audit.json,/systems/H8/memory_events/24/largest_object_bytes,531604,bytes,shared_preparation_reference_not_incremental_H1,False,False
h8_inputs_resource,artifacts/hchain_h8_memory_safe_extension_20261004/inputs/resource_audit.json,/systems/H8/memory_events/24/simultaneously_live_full_sector_dense_matrices,0,metadata_or_saved_count,shared_preparation_reference_not_incremental_H1,False,False
h8_inputs_resource,artifacts/hchain_h8_memory_safe_extension_20261004/inputs/resource_audit.json,/systems/H8/memory_events/24/stage,group_generation,metadata_or_saved_count,shared_preparation_reference_not_incremental_H1,False,False
h8_inputs_resource,artifacts/hchain_h8_memory_safe_extension_20261004/inputs/resource_audit.json,/systems/H8/memory_events/25/VmHWM_bytes,339337216,bytes,shared_preparation_reference_not_incremental_H1,False,False
h8_inputs_resource,artifacts/hchain_h8_memory_safe_extension_20261004/inputs/resource_audit.json,/systems/H8/memory_events/25/VmRSS_bytes,303398912,bytes,shared_preparation_reference_not_incremental_H1,False,False
h8_inputs_resource,artifacts/hchain_h8_memory_safe_extension_20261004/inputs/resource_audit.json,/systems/H8/memory_events/25/VmSwap_bytes,0,bytes,shared_preparation_reference_not_incremental_H1,False,False
h8_inputs_resource,artifacts/hchain_h8_memory_safe_extension_20261004/inputs/resource_audit.json,/systems/H8/memory_events/25/allocation_count_scope,instrumented Python-owned full-sector objects; native temporaries unobserved,metadata_or_saved_count,shared_preparation_reference_not_incremental_H1,False,False
h8_inputs_resource,artifacts/hchain_h8_memory_safe_extension_20261004/inputs/resource_audit.json,/systems/H8/memory_events/25/explicit_large_allocation_count,0,metadata_or_saved_count,shared_preparation_reference_not_incremental_H1,False,False
h8_inputs_resource,artifacts/hchain_h8_memory_safe_extension_20261004/inputs/resource_audit.json,/systems/H8/memory_events/25/largest_object_bytes,531604,bytes,shared_preparation_reference_not_incremental_H1,False,False
h8_inputs_resource,artifacts/hchain_h8_memory_safe_extension_20261004/inputs/resource_audit.json,/systems/H8/memory_events/25/simultaneously_live_full_sector_dense_matrices,0,metadata_or_saved_count,shared_preparation_reference_not_incremental_H1,False,False
h8_inputs_resource,artifacts/hchain_h8_memory_safe_extension_20261004/inputs/resource_audit.json,/systems/H8/memory_events/25/stage,group_generation,metadata_or_saved_count,shared_preparation_reference_not_incremental_H1,False,False
h8_inputs_resource,artifacts/hchain_h8_memory_safe_extension_20261004/inputs/resource_audit.json,/systems/H8/memory_events/26/VmHWM_bytes,339337216,bytes,shared_preparation_reference_not_incremental_H1,False,False
h8_inputs_resource,artifacts/hchain_h8_memory_safe_extension_20261004/inputs/resource_audit.json,/systems/H8/memory_events/26/VmRSS_bytes,303398912,bytes,shared_preparation_reference_not_incremental_H1,False,False
h8_inputs_resource,artifacts/hchain_h8_memory_safe_extension_20261004/inputs/resource_audit.json,/systems/H8/memory_events/26/VmSwap_bytes,0,bytes,shared_preparation_reference_not_incremental_H1,False,False
h8_inputs_resource,artifacts/hchain_h8_memory_safe_extension_20261004/inputs/resource_audit.json,/systems/H8/memory_events/26/allocation_count_scope,instrumented Python-owned full-sector objects; native temporaries unobserved,metadata_or_saved_count,shared_preparation_reference_not_incremental_H1,False,False
h8_inputs_resource,artifacts/hchain_h8_memory_safe_extension_20261004/inputs/resource_audit.json,/systems/H8/memory_events/26/explicit_large_allocation_count,0,metadata_or_saved_count,shared_preparation_reference_not_incremental_H1,False,False
h8_inputs_resource,artifacts/hchain_h8_memory_safe_extension_20261004/inputs/resource_audit.json,/systems/H8/memory_events/26/largest_object_bytes,531604,bytes,shared_preparation_reference_not_incremental_H1,False,False
h8_inputs_resource,artifacts/hchain_h8_memory_safe_extension_20261004/inputs/resource_audit.json,/systems/H8/memory_events/26/simultaneously_live_full_sector_dense_matrices,0,metadata_or_saved_count,shared_preparation_reference_not_incremental_H1,False,False
h8_inputs_resource,artifacts/hchain_h8_memory_safe_extension_20261004/inputs/resource_audit.json,/systems/H8/memory_events/26/stage,group_generation,metadata_or_saved_count,shared_preparation_reference_not_incremental_H1,False,False
h8_inputs_resource,artifacts/hchain_h8_memory_safe_extension_20261004/inputs/resource_audit.json,/systems/H8/memory_events/27/VmHWM_bytes,339337216,bytes,shared_preparation_reference_not_incremental_H1,False,False
h8_inputs_resource,artifacts/hchain_h8_memory_safe_extension_20261004/inputs/resource_audit.json,/systems/H8/memory_events/27/VmRSS_bytes,303398912,bytes,shared_preparation_reference_not_incremental_H1,False,False
h8_inputs_resource,artifacts/hchain_h8_memory_safe_extension_20261004/inputs/resource_audit.json,/systems/H8/memory_events/27/VmSwap_bytes,0,bytes,shared_preparation_reference_not_incremental_H1,False,False
h8_inputs_resource,artifacts/hchain_h8_memory_safe_extension_20261004/inputs/resource_audit.json,/systems/H8/memory_events/27/allocation_count_scope,instrumented Python-owned full-sector objects; native temporaries unobserved,metadata_or_saved_count,shared_preparation_reference_not_incremental_H1,False,False
h8_inputs_resource,artifacts/hchain_h8_memory_safe_extension_20261004/inputs/resource_audit.json,/systems/H8/memory_events/27/explicit_large_allocation_count,0,metadata_or_saved_count,shared_preparation_reference_not_incremental_H1,False,False
h8_inputs_resource,artifacts/hchain_h8_memory_safe_extension_20261004/inputs/resource_audit.json,/systems/H8/memory_events/27/largest_object_bytes,531604,bytes,shared_preparation_reference_not_incremental_H1,False,False
h8_inputs_resource,artifacts/hchain_h8_memory_safe_extension_20261004/inputs/resource_audit.json,/systems/H8/memory_events/27/simultaneously_live_full_sector_dense_matrices,0,metadata_or_saved_count,shared_preparation_reference_not_incremental_H1,False,False
h8_inputs_resource,artifacts/hchain_h8_memory_safe_extension_20261004/inputs/resource_audit.json,/systems/H8/memory_events/27/stage,group_generation,metadata_or_saved_count,shared_preparation_reference_not_incremental_H1,False,False
h8_inputs_resource,artifacts/hchain_h8_memory_safe_extension_20261004/inputs/resource_audit.json,/systems/H8/memory_events/28/VmHWM_bytes,339337216,bytes,shared_preparation_reference_not_incremental_H1,False,False
h8_inputs_resource,artifacts/hchain_h8_memory_safe_extension_20261004/inputs/resource_audit.json,/systems/H8/memory_events/28/VmRSS_bytes,303398912,bytes,shared_preparation_reference_not_incremental_H1,False,False
h8_inputs_resource,artifacts/hchain_h8_memory_safe_extension_20261004/inputs/resource_audit.json,/systems/H8/memory_events/28/VmSwap_bytes,0,bytes,shared_preparation_reference_not_incremental_H1,False,False
h8_inputs_resource,artifacts/hchain_h8_memory_safe_extension_20261004/inputs/resource_audit.json,/systems/H8/memory_events/28/allocation_count_scope,instrumented Python-owned full-sector objects; native temporaries unobserved,metadata_or_saved_count,shared_preparation_reference_not_incremental_H1,False,False
h8_inputs_resource,artifacts/hchain_h8_memory_safe_extension_20261004/inputs/resource_audit.json,/systems/H8/memory_events/28/explicit_large_allocation_count,0,metadata_or_saved_count,shared_preparation_reference_not_incremental_H1,False,False
h8_inputs_resource,artifacts/hchain_h8_memory_safe_extension_20261004/inputs/resource_audit.json,/systems/H8/memory_events/28/largest_object_bytes,531604,bytes,shared_preparation_reference_not_incremental_H1,False,False
h8_inputs_resource,artifacts/hchain_h8_memory_safe_extension_20261004/inputs/resource_audit.json,/systems/H8/memory_events/28/simultaneously_live_full_sector_dense_matrices,0,metadata_or_saved_count,shared_preparation_reference_not_incremental_H1,False,False
h8_inputs_resource,artifacts/hchain_h8_memory_safe_extension_20261004/inputs/resource_audit.json,/systems/H8/memory_events/28/stage,group_generation,metadata_or_saved_count,shared_preparation_reference_not_incremental_H1,False,False
h8_inputs_resource,artifacts/hchain_h8_memory_safe_extension_20261004/inputs/resource_audit.json,/systems/H8/memory_events/29/VmHWM_bytes,339337216,bytes,shared_preparation_reference_not_incremental_H1,False,False
h8_inputs_resource,artifacts/hchain_h8_memory_safe_extension_20261004/inputs/resource_audit.json,/systems/H8/memory_events/29/VmRSS_bytes,303398912,bytes,shared_preparation_reference_not_incremental_H1,False,False
h8_inputs_resource,artifacts/hchain_h8_memory_safe_extension_20261004/inputs/resource_audit.json,/systems/H8/memory_events/29/VmSwap_bytes,0,bytes,shared_preparation_reference_not_incremental_H1,False,False
h8_inputs_resource,artifacts/hchain_h8_memory_safe_extension_20261004/inputs/resource_audit.json,/systems/H8/memory_events/29/allocation_count_scope,instrumented Python-owned full-sector objects; native temporaries unobserved,metadata_or_saved_count,shared_preparation_reference_not_incremental_H1,False,False
h8_inputs_resource,artifacts/hchain_h8_memory_safe_extension_20261004/inputs/resource_audit.json,/systems/H8/memory_events/29/explicit_large_allocation_count,0,metadata_or_saved_count,shared_preparation_reference_not_incremental_H1,False,False
h8_inputs_resource,artifacts/hchain_h8_memory_safe_extension_20261004/inputs/resource_audit.json,/systems/H8/memory_events/29/largest_object_bytes,531604,bytes,shared_preparation_reference_not_incremental_H1,False,False
h8_inputs_resource,artifacts/hchain_h8_memory_safe_extension_20261004/inputs/resource_audit.json,/systems/H8/memory_events/29/simultaneously_live_full_sector_dense_matrices,0,metadata_or_saved_count,shared_preparation_reference_not_incremental_H1,False,False
h8_inputs_resource,artifacts/hchain_h8_memory_safe_extension_20261004/inputs/resource_audit.json,/systems/H8/memory_events/29/stage,group_generation,metadata_or_saved_count,shared_preparation_reference_not_incremental_H1,False,False
h8_inputs_resource,artifacts/hchain_h8_memory_safe_extension_20261004/inputs/resource_audit.json,/systems/H8/memory_events/30/VmHWM_bytes,339337216,bytes,shared_preparation_reference_not_incremental_H1,False,False
h8_inputs_resource,artifacts/hchain_h8_memory_safe_extension_20261004/inputs/resource_audit.json,/systems/H8/memory_events/30/VmRSS_bytes,303398912,bytes,shared_preparation_reference_not_incremental_H1,False,False
h8_inputs_resource,artifacts/hchain_h8_memory_safe_extension_20261004/inputs/resource_audit.json,/systems/H8/memory_events/30/VmSwap_bytes,0,bytes,shared_preparation_reference_not_incremental_H1,False,False
h8_inputs_resource,artifacts/hchain_h8_memory_safe_extension_20261004/inputs/resource_audit.json,/systems/H8/memory_events/30/allocation_count_scope,instrumented Python-owned full-sector objects; native temporaries unobserved,metadata_or_saved_count,shared_preparation_reference_not_incremental_H1,False,False
h8_inputs_resource,artifacts/hchain_h8_memory_safe_extension_20261004/inputs/resource_audit.json,/systems/H8/memory_events/30/explicit_large_allocation_count,0,metadata_or_saved_count,shared_preparation_reference_not_incremental_H1,False,False
h8_inputs_resource,artifacts/hchain_h8_memory_safe_extension_20261004/inputs/resource_audit.json,/systems/H8/memory_events/30/largest_object_bytes,531604,bytes,shared_preparation_reference_not_incremental_H1,False,False
h8_inputs_resource,artifacts/hchain_h8_memory_safe_extension_20261004/inputs/resource_audit.json,/systems/H8/memory_events/30/simultaneously_live_full_sector_dense_matrices,0,metadata_or_saved_count,shared_preparation_reference_not_incremental_H1,False,False
h8_inputs_resource,artifacts/hchain_h8_memory_safe_extension_20261004/inputs/resource_audit.json,/systems/H8/memory_events/30/stage,group_generation,metadata_or_saved_count,shared_preparation_reference_not_incremental_H1,False,False
h8_inputs_resource,artifacts/hchain_h8_memory_safe_extension_20261004/inputs/resource_audit.json,/systems/H8/memory_events/31/VmHWM_bytes,339337216,bytes,shared_preparation_reference_not_incremental_H1,False,False
h8_inputs_resource,artifacts/hchain_h8_memory_safe_extension_20261004/inputs/resource_audit.json,/systems/H8/memory_events/31/VmRSS_bytes,303398912,bytes,shared_preparation_reference_not_incremental_H1,False,False
h8_inputs_resource,artifacts/hchain_h8_memory_safe_extension_20261004/inputs/resource_audit.json,/systems/H8/memory_events/31/VmSwap_bytes,0,bytes,shared_preparation_reference_not_incremental_H1,False,False
h8_inputs_resource,artifacts/hchain_h8_memory_safe_extension_20261004/inputs/resource_audit.json,/systems/H8/memory_events/31/allocation_count_scope,instrumented Python-owned full-sector objects; native temporaries unobserved,metadata_or_saved_count,shared_preparation_reference_not_incremental_H1,False,False
h8_inputs_resource,artifacts/hchain_h8_memory_safe_extension_20261004/inputs/resource_audit.json,/systems/H8/memory_events/31/explicit_large_allocation_count,0,metadata_or_saved_count,shared_preparation_reference_not_incremental_H1,False,False
h8_inputs_resource,artifacts/hchain_h8_memory_safe_extension_20261004/inputs/resource_audit.json,/systems/H8/memory_events/31/largest_object_bytes,531604,bytes,shared_preparation_reference_not_incremental_H1,False,False
h8_inputs_resource,artifacts/hchain_h8_memory_safe_extension_20261004/inputs/resource_audit.json,/systems/H8/memory_events/31/simultaneously_live_full_sector_dense_matrices,0,metadata_or_saved_count,shared_preparation_reference_not_incremental_H1,False,False
h8_inputs_resource,artifacts/hchain_h8_memory_safe_extension_20261004/inputs/resource_audit.json,/systems/H8/memory_events/31/stage,group_generation,metadata_or_saved_count,shared_preparation_reference_not_incremental_H1,False,False
h8_inputs_resource,artifacts/hchain_h8_memory_safe_extension_20261004/inputs/resource_audit.json,/systems/H8/memory_events/32/VmHWM_bytes,339337216,bytes,shared_preparation_reference_not_incremental_H1,False,False
h8_inputs_resource,artifacts/hchain_h8_memory_safe_extension_20261004/inputs/resource_audit.json,/systems/H8/memory_events/32/VmRSS_bytes,305496064,bytes,shared_preparation_reference_not_incremental_H1,False,False
h8_inputs_resource,artifacts/hchain_h8_memory_safe_extension_20261004/inputs/resource_audit.json,/systems/H8/memory_events/32/VmSwap_bytes,0,bytes,shared_preparation_reference_not_incremental_H1,False,False
h8_inputs_resource,artifacts/hchain_h8_memory_safe_extension_20261004/inputs/resource_audit.json,/systems/H8/memory_events/32/allocation_count_scope,instrumented Python-owned full-sector objects; native temporaries unobserved,metadata_or_saved_count,shared_preparation_reference_not_incremental_H1,False,False
h8_inputs_resource,artifacts/hchain_h8_memory_safe_extension_20261004/inputs/resource_audit.json,/systems/H8/memory_events/32/explicit_large_allocation_count,0,metadata_or_saved_count,shared_preparation_reference_not_incremental_H1,False,False
h8_inputs_resource,artifacts/hchain_h8_memory_safe_extension_20261004/inputs/resource_audit.json,/systems/H8/memory_events/32/largest_object_bytes,531604,bytes,shared_preparation_reference_not_incremental_H1,False,False
h8_inputs_resource,artifacts/hchain_h8_memory_safe_extension_20261004/inputs/resource_audit.json,/systems/H8/memory_events/32/simultaneously_live_full_sector_dense_matrices,0,metadata_or_saved_count,shared_preparation_reference_not_incremental_H1,False,False
h8_inputs_resource,artifacts/hchain_h8_memory_safe_extension_20261004/inputs/resource_audit.json,/systems/H8/memory_events/32/stage,group_generation,metadata_or_saved_count,shared_preparation_reference_not_incremental_H1,False,False
h8_inputs_resource,artifacts/hchain_h8_memory_safe_extension_20261004/inputs/resource_audit.json,/systems/H8/memory_events/33/VmHWM_bytes,339337216,bytes,shared_preparation_reference_not_incremental_H1,False,False
h8_inputs_resource,artifacts/hchain_h8_memory_safe_extension_20261004/inputs/resource_audit.json,/systems/H8/memory_events/33/VmRSS_bytes,305496064,bytes,shared_preparation_reference_not_incremental_H1,False,False
h8_inputs_resource,artifacts/hchain_h8_memory_safe_extension_20261004/inputs/resource_audit.json,/systems/H8/memory_events/33/VmSwap_bytes,0,bytes,shared_preparation_reference_not_incremental_H1,False,False
h8_inputs_resource,artifacts/hchain_h8_memory_safe_extension_20261004/inputs/resource_audit.json,/systems/H8/memory_events/33/allocation_count_scope,instrumented Python-owned full-sector objects; native temporaries unobserved,metadata_or_saved_count,shared_preparation_reference_not_incremental_H1,False,False
h8_inputs_resource,artifacts/hchain_h8_memory_safe_extension_20261004/inputs/resource_audit.json,/systems/H8/memory_events/33/explicit_large_allocation_count,0,metadata_or_saved_count,shared_preparation_reference_not_incremental_H1,False,False
h8_inputs_resource,artifacts/hchain_h8_memory_safe_extension_20261004/inputs/resource_audit.json,/systems/H8/memory_events/33/largest_object_bytes,531604,bytes,shared_preparation_reference_not_incremental_H1,False,False
h8_inputs_resource,artifacts/hchain_h8_memory_safe_extension_20261004/inputs/resource_audit.json,/systems/H8/memory_events/33/simultaneously_live_full_sector_dense_matrices,0,metadata_or_saved_count,shared_preparation_reference_not_incremental_H1,False,False
h8_inputs_resource,artifacts/hchain_h8_memory_safe_extension_20261004/inputs/resource_audit.json,/systems/H8/memory_events/33/stage,group_generation,metadata_or_saved_count,shared_preparation_reference_not_incremental_H1,False,False
h8_inputs_resource,artifacts/hchain_h8_memory_safe_extension_20261004/inputs/resource_audit.json,/systems/H8/memory_events/34/VmHWM_bytes,339337216,bytes,shared_preparation_reference_not_incremental_H1,False,False
h8_inputs_resource,artifacts/hchain_h8_memory_safe_extension_20261004/inputs/resource_audit.json,/systems/H8/memory_events/34/VmRSS_bytes,305496064,bytes,shared_preparation_reference_not_incremental_H1,False,False
h8_inputs_resource,artifacts/hchain_h8_memory_safe_extension_20261004/inputs/resource_audit.json,/systems/H8/memory_events/34/VmSwap_bytes,0,bytes,shared_preparation_reference_not_incremental_H1,False,False
h8_inputs_resource,artifacts/hchain_h8_memory_safe_extension_20261004/inputs/resource_audit.json,/systems/H8/memory_events/34/allocation_count_scope,instrumented Python-owned full-sector objects; native temporaries unobserved,metadata_or_saved_count,shared_preparation_reference_not_incremental_H1,False,False
h8_inputs_resource,artifacts/hchain_h8_memory_safe_extension_20261004/inputs/resource_audit.json,/systems/H8/memory_events/34/explicit_large_allocation_count,0,metadata_or_saved_count,shared_preparation_reference_not_incremental_H1,False,False
h8_inputs_resource,artifacts/hchain_h8_memory_safe_extension_20261004/inputs/resource_audit.json,/systems/H8/memory_events/34/largest_object_bytes,531604,bytes,shared_preparation_reference_not_incremental_H1,False,False
h8_inputs_resource,artifacts/hchain_h8_memory_safe_extension_20261004/inputs/resource_audit.json,/systems/H8/memory_events/34/simultaneously_live_full_sector_dense_matrices,0,metadata_or_saved_count,shared_preparation_reference_not_incremental_H1,False,False
h8_inputs_resource,artifacts/hchain_h8_memory_safe_extension_20261004/inputs/resource_audit.json,/systems/H8/memory_events/34/stage,group_generation,metadata_or_saved_count,shared_preparation_reference_not_incremental_H1,False,False
h8_inputs_resource,artifacts/hchain_h8_memory_safe_extension_20261004/inputs/resource_audit.json,/systems/H8/memory_events/35/VmHWM_bytes,339337216,bytes,shared_preparation_reference_not_incremental_H1,False,False
h8_inputs_resource,artifacts/hchain_h8_memory_safe_extension_20261004/inputs/resource_audit.json,/systems/H8/memory_events/35/VmRSS_bytes,305496064,bytes,shared_preparation_reference_not_incremental_H1,False,False
h8_inputs_resource,artifacts/hchain_h8_memory_safe_extension_20261004/inputs/resource_audit.json,/systems/H8/memory_events/35/VmSwap_bytes,0,bytes,shared_preparation_reference_not_incremental_H1,False,False
h8_inputs_resource,artifacts/hchain_h8_memory_safe_extension_20261004/inputs/resource_audit.json,/systems/H8/memory_events/35/allocation_count_scope,instrumented Python-owned full-sector objects; native temporaries unobserved,metadata_or_saved_count,shared_preparation_reference_not_incremental_H1,False,False
h8_inputs_resource,artifacts/hchain_h8_memory_safe_extension_20261004/inputs/resource_audit.json,/systems/H8/memory_events/35/explicit_large_allocation_count,0,metadata_or_saved_count,shared_preparation_reference_not_incremental_H1,False,False
h8_inputs_resource,artifacts/hchain_h8_memory_safe_extension_20261004/inputs/resource_audit.json,/systems/H8/memory_events/35/largest_object_bytes,531604,bytes,shared_preparation_reference_not_incremental_H1,False,False
h8_inputs_resource,artifacts/hchain_h8_memory_safe_extension_20261004/inputs/resource_audit.json,/systems/H8/memory_events/35/simultaneously_live_full_sector_dense_matrices,0,metadata_or_saved_count,shared_preparation_reference_not_incremental_H1,False,False
h8_inputs_resource,artifacts/hchain_h8_memory_safe_extension_20261004/inputs/resource_audit.json,/systems/H8/memory_events/35/stage,group_generation,metadata_or_saved_count,shared_preparation_reference_not_incremental_H1,False,False
h8_inputs_resource,artifacts/hchain_h8_memory_safe_extension_20261004/inputs/resource_audit.json,/systems/H8/memory_events/36/VmHWM_bytes,339337216,bytes,shared_preparation_reference_not_incremental_H1,False,False
h8_inputs_resource,artifacts/hchain_h8_memory_safe_extension_20261004/inputs/resource_audit.json,/systems/H8/memory_events/36/VmRSS_bytes,305496064,bytes,shared_preparation_reference_not_incremental_H1,False,False
h8_inputs_resource,artifacts/hchain_h8_memory_safe_extension_20261004/inputs/resource_audit.json,/systems/H8/memory_events/36/VmSwap_bytes,0,bytes,shared_preparation_reference_not_incremental_H1,False,False
h8_inputs_resource,artifacts/hchain_h8_memory_safe_extension_20261004/inputs/resource_audit.json,/systems/H8/memory_events/36/allocation_count_scope,instrumented Python-owned full-sector objects; native temporaries unobserved,metadata_or_saved_count,shared_preparation_reference_not_incremental_H1,False,False
h8_inputs_resource,artifacts/hchain_h8_memory_safe_extension_20261004/inputs/resource_audit.json,/systems/H8/memory_events/36/explicit_large_allocation_count,0,metadata_or_saved_count,shared_preparation_reference_not_incremental_H1,False,False
h8_inputs_resource,artifacts/hchain_h8_memory_safe_extension_20261004/inputs/resource_audit.json,/systems/H8/memory_events/36/largest_object_bytes,531604,bytes,shared_preparation_reference_not_incremental_H1,False,False
h8_inputs_resource,artifacts/hchain_h8_memory_safe_extension_20261004/inputs/resource_audit.json,/systems/H8/memory_events/36/simultaneously_live_full_sector_dense_matrices,0,metadata_or_saved_count,shared_preparation_reference_not_incremental_H1,False,False
h8_inputs_resource,artifacts/hchain_h8_memory_safe_extension_20261004/inputs/resource_audit.json,/systems/H8/memory_events/36/stage,group_generation,metadata_or_saved_count,shared_preparation_reference_not_incremental_H1,False,False
h8_inputs_resource,artifacts/hchain_h8_memory_safe_extension_20261004/inputs/resource_audit.json,/systems/H8/memory_events/37/VmHWM_bytes,339337216,bytes,shared_preparation_reference_not_incremental_H1,False,False
h8_inputs_resource,artifacts/hchain_h8_memory_safe_extension_20261004/inputs/resource_audit.json,/systems/H8/memory_events/37/VmRSS_bytes,309374976,bytes,shared_preparation_reference_not_incremental_H1,False,False
h8_inputs_resource,artifacts/hchain_h8_memory_safe_extension_20261004/inputs/resource_audit.json,/systems/H8/memory_events/37/VmSwap_bytes,0,bytes,shared_preparation_reference_not_incremental_H1,False,False
h8_inputs_resource,artifacts/hchain_h8_memory_safe_extension_20261004/inputs/resource_audit.json,/systems/H8/memory_events/37/allocation_count_scope,instrumented Python-owned full-sector objects; native temporaries unobserved,metadata_or_saved_count,shared_preparation_reference_not_incremental_H1,False,False
h8_inputs_resource,artifacts/hchain_h8_memory_safe_extension_20261004/inputs/resource_audit.json,/systems/H8/memory_events/37/explicit_large_allocation_count,0,metadata_or_saved_count,shared_preparation_reference_not_incremental_H1,False,False
h8_inputs_resource,artifacts/hchain_h8_memory_safe_extension_20261004/inputs/resource_audit.json,/systems/H8/memory_events/37/largest_object_bytes,531604,bytes,shared_preparation_reference_not_incremental_H1,False,False
h8_inputs_resource,artifacts/hchain_h8_memory_safe_extension_20261004/inputs/resource_audit.json,/systems/H8/memory_events/37/simultaneously_live_full_sector_dense_matrices,0,metadata_or_saved_count,shared_preparation_reference_not_incremental_H1,False,False
h8_inputs_resource,artifacts/hchain_h8_memory_safe_extension_20261004/inputs/resource_audit.json,/systems/H8/memory_events/37/stage,group_generation,metadata_or_saved_count,shared_preparation_reference_not_incremental_H1,False,False
h8_inputs_resource,artifacts/hchain_h8_memory_safe_extension_20261004/inputs/resource_audit.json,/systems/H8/memory_events/38/VmHWM_bytes,339337216,bytes,shared_preparation_reference_not_incremental_H1,False,False
h8_inputs_resource,artifacts/hchain_h8_memory_safe_extension_20261004/inputs/resource_audit.json,/systems/H8/memory_events/38/VmRSS_bytes,309374976,bytes,shared_preparation_reference_not_incremental_H1,False,False
h8_inputs_resource,artifacts/hchain_h8_memory_safe_extension_20261004/inputs/resource_audit.json,/systems/H8/memory_events/38/VmSwap_bytes,0,bytes,shared_preparation_reference_not_incremental_H1,False,False
h8_inputs_resource,artifacts/hchain_h8_memory_safe_extension_20261004/inputs/resource_audit.json,/systems/H8/memory_events/38/allocation_count_scope,instrumented Python-owned full-sector objects; native temporaries unobserved,metadata_or_saved_count,shared_preparation_reference_not_incremental_H1,False,False
h8_inputs_resource,artifacts/hchain_h8_memory_safe_extension_20261004/inputs/resource_audit.json,/systems/H8/memory_events/38/explicit_large_allocation_count,0,metadata_or_saved_count,shared_preparation_reference_not_incremental_H1,False,False
h8_inputs_resource,artifacts/hchain_h8_memory_safe_extension_20261004/inputs/resource_audit.json,/systems/H8/memory_events/38/largest_object_bytes,531604,bytes,shared_preparation_reference_not_incremental_H1,False,False
h8_inputs_resource,artifacts/hchain_h8_memory_safe_extension_20261004/inputs/resource_audit.json,/systems/H8/memory_events/38/simultaneously_live_full_sector_dense_matrices,0,metadata_or_saved_count,shared_preparation_reference_not_incremental_H1,False,False
h8_inputs_resource,artifacts/hchain_h8_memory_safe_extension_20261004/inputs/resource_audit.json,/systems/H8/memory_events/38/stage,group_generation,metadata_or_saved_count,shared_preparation_reference_not_incremental_H1,False,False
h8_inputs_resource,artifacts/hchain_h8_memory_safe_extension_20261004/inputs/resource_audit.json,/systems/H8/memory_events/39/VmHWM_bytes,339337216,bytes,shared_preparation_reference_not_incremental_H1,False,False
h8_inputs_resource,artifacts/hchain_h8_memory_safe_extension_20261004/inputs/resource_audit.json,/systems/H8/memory_events/39/VmRSS_bytes,309374976,bytes,shared_preparation_reference_not_incremental_H1,False,False
h8_inputs_resource,artifacts/hchain_h8_memory_safe_extension_20261004/inputs/resource_audit.json,/systems/H8/memory_events/39/VmSwap_bytes,0,bytes,shared_preparation_reference_not_incremental_H1,False,False
h8_inputs_resource,artifacts/hchain_h8_memory_safe_extension_20261004/inputs/resource_audit.json,/systems/H8/memory_events/39/allocation_count_scope,instrumented Python-owned full-sector objects; native temporaries unobserved,metadata_or_saved_count,shared_preparation_reference_not_incremental_H1,False,False
h8_inputs_resource,artifacts/hchain_h8_memory_safe_extension_20261004/inputs/resource_audit.json,/systems/H8/memory_events/39/explicit_large_allocation_count,0,metadata_or_saved_count,shared_preparation_reference_not_incremental_H1,False,False
h8_inputs_resource,artifacts/hchain_h8_memory_safe_extension_20261004/inputs/resource_audit.json,/systems/H8/memory_events/39/largest_object_bytes,531604,bytes,shared_preparation_reference_not_incremental_H1,False,False
h8_inputs_resource,artifacts/hchain_h8_memory_safe_extension_20261004/inputs/resource_audit.json,/systems/H8/memory_events/39/simultaneously_live_full_sector_dense_matrices,0,metadata_or_saved_count,shared_preparation_reference_not_incremental_H1,False,False
h8_inputs_resource,artifacts/hchain_h8_memory_safe_extension_20261004/inputs/resource_audit.json,/systems/H8/memory_events/39/stage,group_generation,metadata_or_saved_count,shared_preparation_reference_not_incremental_H1,False,False
h8_inputs_resource,artifacts/hchain_h8_memory_safe_extension_20261004/inputs/resource_audit.json,/systems/H8/memory_events/40/VmHWM_bytes,339337216,bytes,shared_preparation_reference_not_incremental_H1,False,False
h8_inputs_resource,artifacts/hchain_h8_memory_safe_extension_20261004/inputs/resource_audit.json,/systems/H8/memory_events/40/VmRSS_bytes,312926208,bytes,shared_preparation_reference_not_incremental_H1,False,False
h8_inputs_resource,artifacts/hchain_h8_memory_safe_extension_20261004/inputs/resource_audit.json,/systems/H8/memory_events/40/VmSwap_bytes,0,bytes,shared_preparation_reference_not_incremental_H1,False,False
h8_inputs_resource,artifacts/hchain_h8_memory_safe_extension_20261004/inputs/resource_audit.json,/systems/H8/memory_events/40/allocation_count_scope,instrumented Python-owned full-sector objects; native temporaries unobserved,metadata_or_saved_count,shared_preparation_reference_not_incremental_H1,False,False
h8_inputs_resource,artifacts/hchain_h8_memory_safe_extension_20261004/inputs/resource_audit.json,/systems/H8/memory_events/40/explicit_large_allocation_count,0,metadata_or_saved_count,shared_preparation_reference_not_incremental_H1,False,False
h8_inputs_resource,artifacts/hchain_h8_memory_safe_extension_20261004/inputs/resource_audit.json,/systems/H8/memory_events/40/largest_object_bytes,531604,bytes,shared_preparation_reference_not_incremental_H1,False,False
h8_inputs_resource,artifacts/hchain_h8_memory_safe_extension_20261004/inputs/resource_audit.json,/systems/H8/memory_events/40/simultaneously_live_full_sector_dense_matrices,0,metadata_or_saved_count,shared_preparation_reference_not_incremental_H1,False,False
h8_inputs_resource,artifacts/hchain_h8_memory_safe_extension_20261004/inputs/resource_audit.json,/systems/H8/memory_events/40/stage,group_generation,metadata_or_saved_count,shared_preparation_reference_not_incremental_H1,False,False
h8_inputs_resource,artifacts/hchain_h8_memory_safe_extension_20261004/inputs/resource_audit.json,/systems/H8/memory_events/41/VmHWM_bytes,339337216,bytes,shared_preparation_reference_not_incremental_H1,False,False
h8_inputs_resource,artifacts/hchain_h8_memory_safe_extension_20261004/inputs/resource_audit.json,/systems/H8/memory_events/41/VmRSS_bytes,312926208,bytes,shared_preparation_reference_not_incremental_H1,False,False
h8_inputs_resource,artifacts/hchain_h8_memory_safe_extension_20261004/inputs/resource_audit.json,/systems/H8/memory_events/41/VmSwap_bytes,0,bytes,shared_preparation_reference_not_incremental_H1,False,False
h8_inputs_resource,artifacts/hchain_h8_memory_safe_extension_20261004/inputs/resource_audit.json,/systems/H8/memory_events/41/allocation_count_scope,instrumented Python-owned full-sector objects; native temporaries unobserved,metadata_or_saved_count,shared_preparation_reference_not_incremental_H1,False,False
h8_inputs_resource,artifacts/hchain_h8_memory_safe_extension_20261004/inputs/resource_audit.json,/systems/H8/memory_events/41/explicit_large_allocation_count,0,metadata_or_saved_count,shared_preparation_reference_not_incremental_H1,False,False
h8_inputs_resource,artifacts/hchain_h8_memory_safe_extension_20261004/inputs/resource_audit.json,/systems/H8/memory_events/41/largest_object_bytes,531604,bytes,shared_preparation_reference_not_incremental_H1,False,False
h8_inputs_resource,artifacts/hchain_h8_memory_safe_extension_20261004/inputs/resource_audit.json,/systems/H8/memory_events/41/simultaneously_live_full_sector_dense_matrices,0,metadata_or_saved_count,shared_preparation_reference_not_incremental_H1,False,False
h8_inputs_resource,artifacts/hchain_h8_memory_safe_extension_20261004/inputs/resource_audit.json,/systems/H8/memory_events/41/stage,group_generation,metadata_or_saved_count,shared_preparation_reference_not_incremental_H1,False,False
h8_inputs_resource,artifacts/hchain_h8_memory_safe_extension_20261004/inputs/resource_audit.json,/systems/H8/memory_events/42/VmHWM_bytes,339337216,bytes,shared_preparation_reference_not_incremental_H1,False,False
h8_inputs_resource,artifacts/hchain_h8_memory_safe_extension_20261004/inputs/resource_audit.json,/systems/H8/memory_events/42/VmRSS_bytes,312926208,bytes,shared_preparation_reference_not_incremental_H1,False,False
h8_inputs_resource,artifacts/hchain_h8_memory_safe_extension_20261004/inputs/resource_audit.json,/systems/H8/memory_events/42/VmSwap_bytes,0,bytes,shared_preparation_reference_not_incremental_H1,False,False
h8_inputs_resource,artifacts/hchain_h8_memory_safe_extension_20261004/inputs/resource_audit.json,/systems/H8/memory_events/42/allocation_count_scope,instrumented Python-owned full-sector objects; native temporaries unobserved,metadata_or_saved_count,shared_preparation_reference_not_incremental_H1,False,False
h8_inputs_resource,artifacts/hchain_h8_memory_safe_extension_20261004/inputs/resource_audit.json,/systems/H8/memory_events/42/explicit_large_allocation_count,0,metadata_or_saved_count,shared_preparation_reference_not_incremental_H1,False,False
h8_inputs_resource,artifacts/hchain_h8_memory_safe_extension_20261004/inputs/resource_audit.json,/systems/H8/memory_events/42/largest_object_bytes,531604,bytes,shared_preparation_reference_not_incremental_H1,False,False
h8_inputs_resource,artifacts/hchain_h8_memory_safe_extension_20261004/inputs/resource_audit.json,/systems/H8/memory_events/42/simultaneously_live_full_sector_dense_matrices,0,metadata_or_saved_count,shared_preparation_reference_not_incremental_H1,False,False
h8_inputs_resource,artifacts/hchain_h8_memory_safe_extension_20261004/inputs/resource_audit.json,/systems/H8/memory_events/42/stage,group_generation,metadata_or_saved_count,shared_preparation_reference_not_incremental_H1,False,False
h8_inputs_resource,artifacts/hchain_h8_memory_safe_extension_20261004/inputs/resource_audit.json,/systems/H8/memory_events/43/VmHWM_bytes,339337216,bytes,shared_preparation_reference_not_incremental_H1,False,False
h8_inputs_resource,artifacts/hchain_h8_memory_safe_extension_20261004/inputs/resource_audit.json,/systems/H8/memory_events/43/VmRSS_bytes,315023360,bytes,shared_preparation_reference_not_incremental_H1,False,False
h8_inputs_resource,artifacts/hchain_h8_memory_safe_extension_20261004/inputs/resource_audit.json,/systems/H8/memory_events/43/VmSwap_bytes,0,bytes,shared_preparation_reference_not_incremental_H1,False,False
h8_inputs_resource,artifacts/hchain_h8_memory_safe_extension_20261004/inputs/resource_audit.json,/systems/H8/memory_events/43/allocation_count_scope,instrumented Python-owned full-sector objects; native temporaries unobserved,metadata_or_saved_count,shared_preparation_reference_not_incremental_H1,False,False
h8_inputs_resource,artifacts/hchain_h8_memory_safe_extension_20261004/inputs/resource_audit.json,/systems/H8/memory_events/43/explicit_large_allocation_count,0,metadata_or_saved_count,shared_preparation_reference_not_incremental_H1,False,False
h8_inputs_resource,artifacts/hchain_h8_memory_safe_extension_20261004/inputs/resource_audit.json,/systems/H8/memory_events/43/largest_object_bytes,531604,bytes,shared_preparation_reference_not_incremental_H1,False,False
h8_inputs_resource,artifacts/hchain_h8_memory_safe_extension_20261004/inputs/resource_audit.json,/systems/H8/memory_events/43/simultaneously_live_full_sector_dense_matrices,0,metadata_or_saved_count,shared_preparation_reference_not_incremental_H1,False,False
h8_inputs_resource,artifacts/hchain_h8_memory_safe_extension_20261004/inputs/resource_audit.json,/systems/H8/memory_events/43/stage,group_generation,metadata_or_saved_count,shared_preparation_reference_not_incremental_H1,False,False
h8_inputs_resource,artifacts/hchain_h8_memory_safe_extension_20261004/inputs/resource_audit.json,/systems/H8/memory_events/44/VmHWM_bytes,339337216,bytes,shared_preparation_reference_not_incremental_H1,False,False
h8_inputs_resource,artifacts/hchain_h8_memory_safe_extension_20261004/inputs/resource_audit.json,/systems/H8/memory_events/44/VmRSS_bytes,315023360,bytes,shared_preparation_reference_not_incremental_H1,False,False
h8_inputs_resource,artifacts/hchain_h8_memory_safe_extension_20261004/inputs/resource_audit.json,/systems/H8/memory_events/44/VmSwap_bytes,0,bytes,shared_preparation_reference_not_incremental_H1,False,False
h8_inputs_resource,artifacts/hchain_h8_memory_safe_extension_20261004/inputs/resource_audit.json,/systems/H8/memory_events/44/allocation_count_scope,instrumented Python-owned full-sector objects; native temporaries unobserved,metadata_or_saved_count,shared_preparation_reference_not_incremental_H1,False,False
h8_inputs_resource,artifacts/hchain_h8_memory_safe_extension_20261004/inputs/resource_audit.json,/systems/H8/memory_events/44/explicit_large_allocation_count,0,metadata_or_saved_count,shared_preparation_reference_not_incremental_H1,False,False
h8_inputs_resource,artifacts/hchain_h8_memory_safe_extension_20261004/inputs/resource_audit.json,/systems/H8/memory_events/44/largest_object_bytes,531604,bytes,shared_preparation_reference_not_incremental_H1,False,False
h8_inputs_resource,artifacts/hchain_h8_memory_safe_extension_20261004/inputs/resource_audit.json,/systems/H8/memory_events/44/simultaneously_live_full_sector_dense_matrices,0,metadata_or_saved_count,shared_preparation_reference_not_incremental_H1,False,False
h8_inputs_resource,artifacts/hchain_h8_memory_safe_extension_20261004/inputs/resource_audit.json,/systems/H8/memory_events/44/stage,group_generation,metadata_or_saved_count,shared_preparation_reference_not_incremental_H1,False,False
h8_inputs_resource,artifacts/hchain_h8_memory_safe_extension_20261004/inputs/resource_audit.json,/systems/H8/memory_events/45/VmHWM_bytes,339337216,bytes,shared_preparation_reference_not_incremental_H1,False,False
h8_inputs_resource,artifacts/hchain_h8_memory_safe_extension_20261004/inputs/resource_audit.json,/systems/H8/memory_events/45/VmRSS_bytes,315023360,bytes,shared_preparation_reference_not_incremental_H1,False,False
h8_inputs_resource,artifacts/hchain_h8_memory_safe_extension_20261004/inputs/resource_audit.json,/systems/H8/memory_events/45/VmSwap_bytes,0,bytes,shared_preparation_reference_not_incremental_H1,False,False
h8_inputs_resource,artifacts/hchain_h8_memory_safe_extension_20261004/inputs/resource_audit.json,/systems/H8/memory_events/45/allocation_count_scope,instrumented Python-owned full-sector objects; native temporaries unobserved,metadata_or_saved_count,shared_preparation_reference_not_incremental_H1,False,False
h8_inputs_resource,artifacts/hchain_h8_memory_safe_extension_20261004/inputs/resource_audit.json,/systems/H8/memory_events/45/explicit_large_allocation_count,0,metadata_or_saved_count,shared_preparation_reference_not_incremental_H1,False,False
h8_inputs_resource,artifacts/hchain_h8_memory_safe_extension_20261004/inputs/resource_audit.json,/systems/H8/memory_events/45/largest_object_bytes,531604,bytes,shared_preparation_reference_not_incremental_H1,False,False
h8_inputs_resource,artifacts/hchain_h8_memory_safe_extension_20261004/inputs/resource_audit.json,/systems/H8/memory_events/45/simultaneously_live_full_sector_dense_matrices,0,metadata_or_saved_count,shared_preparation_reference_not_incremental_H1,False,False
h8_inputs_resource,artifacts/hchain_h8_memory_safe_extension_20261004/inputs/resource_audit.json,/systems/H8/memory_events/45/stage,group_generation,metadata_or_saved_count,shared_preparation_reference_not_incremental_H1,False,False
h8_inputs_resource,artifacts/hchain_h8_memory_safe_extension_20261004/inputs/resource_audit.json,/systems/H8/memory_events/46/VmHWM_bytes,339337216,bytes,shared_preparation_reference_not_incremental_H1,False,False
h8_inputs_resource,artifacts/hchain_h8_memory_safe_extension_20261004/inputs/resource_audit.json,/systems/H8/memory_events/46/VmRSS_bytes,317382656,bytes,shared_preparation_reference_not_incremental_H1,False,False
h8_inputs_resource,artifacts/hchain_h8_memory_safe_extension_20261004/inputs/resource_audit.json,/systems/H8/memory_events/46/VmSwap_bytes,0,bytes,shared_preparation_reference_not_incremental_H1,False,False
h8_inputs_resource,artifacts/hchain_h8_memory_safe_extension_20261004/inputs/resource_audit.json,/systems/H8/memory_events/46/allocation_count_scope,instrumented Python-owned full-sector objects; native temporaries unobserved,metadata_or_saved_count,shared_preparation_reference_not_incremental_H1,False,False
h8_inputs_resource,artifacts/hchain_h8_memory_safe_extension_20261004/inputs/resource_audit.json,/systems/H8/memory_events/46/explicit_large_allocation_count,0,metadata_or_saved_count,shared_preparation_reference_not_incremental_H1,False,False
h8_inputs_resource,artifacts/hchain_h8_memory_safe_extension_20261004/inputs/resource_audit.json,/systems/H8/memory_events/46/largest_object_bytes,531604,bytes,shared_preparation_reference_not_incremental_H1,False,False
h8_inputs_resource,artifacts/hchain_h8_memory_safe_extension_20261004/inputs/resource_audit.json,/systems/H8/memory_events/46/simultaneously_live_full_sector_dense_matrices,0,metadata_or_saved_count,shared_preparation_reference_not_incremental_H1,False,False
h8_inputs_resource,artifacts/hchain_h8_memory_safe_extension_20261004/inputs/resource_audit.json,/systems/H8/memory_events/46/stage,group_generation,metadata_or_saved_count,shared_preparation_reference_not_incremental_H1,False,False
h8_inputs_resource,artifacts/hchain_h8_memory_safe_extension_20261004/inputs/resource_audit.json,/systems/H8/memory_events/47/VmHWM_bytes,339337216,bytes,shared_preparation_reference_not_incremental_H1,False,False
h8_inputs_resource,artifacts/hchain_h8_memory_safe_extension_20261004/inputs/resource_audit.json,/systems/H8/memory_events/47/VmRSS_bytes,317382656,bytes,shared_preparation_reference_not_incremental_H1,False,False
h8_inputs_resource,artifacts/hchain_h8_memory_safe_extension_20261004/inputs/resource_audit.json,/systems/H8/memory_events/47/VmSwap_bytes,0,bytes,shared_preparation_reference_not_incremental_H1,False,False
h8_inputs_resource,artifacts/hchain_h8_memory_safe_extension_20261004/inputs/resource_audit.json,/systems/H8/memory_events/47/allocation_count_scope,instrumented Python-owned full-sector objects; native temporaries unobserved,metadata_or_saved_count,shared_preparation_reference_not_incremental_H1,False,False
h8_inputs_resource,artifacts/hchain_h8_memory_safe_extension_20261004/inputs/resource_audit.json,/systems/H8/memory_events/47/explicit_large_allocation_count,0,metadata_or_saved_count,shared_preparation_reference_not_incremental_H1,False,False
h8_inputs_resource,artifacts/hchain_h8_memory_safe_extension_20261004/inputs/resource_audit.json,/systems/H8/memory_events/47/largest_object_bytes,531604,bytes,shared_preparation_reference_not_incremental_H1,False,False
h8_inputs_resource,artifacts/hchain_h8_memory_safe_extension_20261004/inputs/resource_audit.json,/systems/H8/memory_events/47/simultaneously_live_full_sector_dense_matrices,0,metadata_or_saved_count,shared_preparation_reference_not_incremental_H1,False,False
h8_inputs_resource,artifacts/hchain_h8_memory_safe_extension_20261004/inputs/resource_audit.json,/systems/H8/memory_events/47/stage,group_generation,metadata_or_saved_count,shared_preparation_reference_not_incremental_H1,False,False
h8_inputs_resource,artifacts/hchain_h8_memory_safe_extension_20261004/inputs/resource_audit.json,/systems/H8/memory_events/48/VmHWM_bytes,339337216,bytes,shared_preparation_reference_not_incremental_H1,False,False
h8_inputs_resource,artifacts/hchain_h8_memory_safe_extension_20261004/inputs/resource_audit.json,/systems/H8/memory_events/48/VmRSS_bytes,317382656,bytes,shared_preparation_reference_not_incremental_H1,False,False
h8_inputs_resource,artifacts/hchain_h8_memory_safe_extension_20261004/inputs/resource_audit.json,/systems/H8/memory_events/48/VmSwap_bytes,0,bytes,shared_preparation_reference_not_incremental_H1,False,False
h8_inputs_resource,artifacts/hchain_h8_memory_safe_extension_20261004/inputs/resource_audit.json,/systems/H8/memory_events/48/allocation_count_scope,instrumented Python-owned full-sector objects; native temporaries unobserved,metadata_or_saved_count,shared_preparation_reference_not_incremental_H1,False,False
h8_inputs_resource,artifacts/hchain_h8_memory_safe_extension_20261004/inputs/resource_audit.json,/systems/H8/memory_events/48/explicit_large_allocation_count,0,metadata_or_saved_count,shared_preparation_reference_not_incremental_H1,False,False
h8_inputs_resource,artifacts/hchain_h8_memory_safe_extension_20261004/inputs/resource_audit.json,/systems/H8/memory_events/48/largest_object_bytes,531604,bytes,shared_preparation_reference_not_incremental_H1,False,False
h8_inputs_resource,artifacts/hchain_h8_memory_safe_extension_20261004/inputs/resource_audit.json,/systems/H8/memory_events/48/simultaneously_live_full_sector_dense_matrices,0,metadata_or_saved_count,shared_preparation_reference_not_incremental_H1,False,False
h8_inputs_resource,artifacts/hchain_h8_memory_safe_extension_20261004/inputs/resource_audit.json,/systems/H8/memory_events/48/stage,group_generation,metadata_or_saved_count,shared_preparation_reference_not_incremental_H1,False,False
h8_inputs_resource,artifacts/hchain_h8_memory_safe_extension_20261004/inputs/resource_audit.json,/systems/H8/memory_events/49/VmHWM_bytes,339337216,bytes,shared_preparation_reference_not_incremental_H1,False,False
h8_inputs_resource,artifacts/hchain_h8_memory_safe_extension_20261004/inputs/resource_audit.json,/systems/H8/memory_events/49/VmRSS_bytes,317382656,bytes,shared_preparation_reference_not_incremental_H1,False,False
h8_inputs_resource,artifacts/hchain_h8_memory_safe_extension_20261004/inputs/resource_audit.json,/systems/H8/memory_events/49/VmSwap_bytes,0,bytes,shared_preparation_reference_not_incremental_H1,False,False
h8_inputs_resource,artifacts/hchain_h8_memory_safe_extension_20261004/inputs/resource_audit.json,/systems/H8/memory_events/49/allocation_count_scope,instrumented Python-owned full-sector objects; native temporaries unobserved,metadata_or_saved_count,shared_preparation_reference_not_incremental_H1,False,False
h8_inputs_resource,artifacts/hchain_h8_memory_safe_extension_20261004/inputs/resource_audit.json,/systems/H8/memory_events/49/explicit_large_allocation_count,0,metadata_or_saved_count,shared_preparation_reference_not_incremental_H1,False,False
h8_inputs_resource,artifacts/hchain_h8_memory_safe_extension_20261004/inputs/resource_audit.json,/systems/H8/memory_events/49/largest_object_bytes,531604,bytes,shared_preparation_reference_not_incremental_H1,False,False
h8_inputs_resource,artifacts/hchain_h8_memory_safe_extension_20261004/inputs/resource_audit.json,/systems/H8/memory_events/49/simultaneously_live_full_sector_dense_matrices,0,metadata_or_saved_count,shared_preparation_reference_not_incremental_H1,False,False
h8_inputs_resource,artifacts/hchain_h8_memory_safe_extension_20261004/inputs/resource_audit.json,/systems/H8/memory_events/49/stage,group_generation,metadata_or_saved_count,shared_preparation_reference_not_incremental_H1,False,False
h8_inputs_resource,artifacts/hchain_h8_memory_safe_extension_20261004/inputs/resource_audit.json,/systems/H8/memory_events/50/VmHWM_bytes,339337216,bytes,shared_preparation_reference_not_incremental_H1,False,False
h8_inputs_resource,artifacts/hchain_h8_memory_safe_extension_20261004/inputs/resource_audit.json,/systems/H8/memory_events/50/VmRSS_bytes,317382656,bytes,shared_preparation_reference_not_incremental_H1,False,False
h8_inputs_resource,artifacts/hchain_h8_memory_safe_extension_20261004/inputs/resource_audit.json,/systems/H8/memory_events/50/VmSwap_bytes,0,bytes,shared_preparation_reference_not_incremental_H1,False,False
h8_inputs_resource,artifacts/hchain_h8_memory_safe_extension_20261004/inputs/resource_audit.json,/systems/H8/memory_events/50/allocation_count_scope,instrumented Python-owned full-sector objects; native temporaries unobserved,metadata_or_saved_count,shared_preparation_reference_not_incremental_H1,False,False
h8_inputs_resource,artifacts/hchain_h8_memory_safe_extension_20261004/inputs/resource_audit.json,/systems/H8/memory_events/50/explicit_large_allocation_count,0,metadata_or_saved_count,shared_preparation_reference_not_incremental_H1,False,False
h8_inputs_resource,artifacts/hchain_h8_memory_safe_extension_20261004/inputs/resource_audit.json,/systems/H8/memory_events/50/largest_object_bytes,531604,bytes,shared_preparation_reference_not_incremental_H1,False,False
h8_inputs_resource,artifacts/hchain_h8_memory_safe_extension_20261004/inputs/resource_audit.json,/systems/H8/memory_events/50/simultaneously_live_full_sector_dense_matrices,0,metadata_or_saved_count,shared_preparation_reference_not_incremental_H1,False,False
h8_inputs_resource,artifacts/hchain_h8_memory_safe_extension_20261004/inputs/resource_audit.json,/systems/H8/memory_events/50/stage,group_generation,metadata_or_saved_count,shared_preparation_reference_not_incremental_H1,False,False
h8_inputs_resource,artifacts/hchain_h8_memory_safe_extension_20261004/inputs/resource_audit.json,/systems/H8/memory_events/51/VmHWM_bytes,339337216,bytes,shared_preparation_reference_not_incremental_H1,False,False
h8_inputs_resource,artifacts/hchain_h8_memory_safe_extension_20261004/inputs/resource_audit.json,/systems/H8/memory_events/51/VmRSS_bytes,322101248,bytes,shared_preparation_reference_not_incremental_H1,False,False
h8_inputs_resource,artifacts/hchain_h8_memory_safe_extension_20261004/inputs/resource_audit.json,/systems/H8/memory_events/51/VmSwap_bytes,0,bytes,shared_preparation_reference_not_incremental_H1,False,False
h8_inputs_resource,artifacts/hchain_h8_memory_safe_extension_20261004/inputs/resource_audit.json,/systems/H8/memory_events/51/allocation_count_scope,instrumented Python-owned full-sector objects; native temporaries unobserved,metadata_or_saved_count,shared_preparation_reference_not_incremental_H1,False,False
h8_inputs_resource,artifacts/hchain_h8_memory_safe_extension_20261004/inputs/resource_audit.json,/systems/H8/memory_events/51/explicit_large_allocation_count,0,metadata_or_saved_count,shared_preparation_reference_not_incremental_H1,False,False
h8_inputs_resource,artifacts/hchain_h8_memory_safe_extension_20261004/inputs/resource_audit.json,/systems/H8/memory_events/51/largest_object_bytes,531604,bytes,shared_preparation_reference_not_incremental_H1,False,False
h8_inputs_resource,artifacts/hchain_h8_memory_safe_extension_20261004/inputs/resource_audit.json,/systems/H8/memory_events/51/simultaneously_live_full_sector_dense_matrices,0,metadata_or_saved_count,shared_preparation_reference_not_incremental_H1,False,False
h8_inputs_resource,artifacts/hchain_h8_memory_safe_extension_20261004/inputs/resource_audit.json,/systems/H8/memory_events/51/stage,group_generation,metadata_or_saved_count,shared_preparation_reference_not_incremental_H1,False,False
h8_inputs_resource,artifacts/hchain_h8_memory_safe_extension_20261004/inputs/resource_audit.json,/systems/H8/memory_events/52/VmHWM_bytes,339337216,bytes,shared_preparation_reference_not_incremental_H1,False,False
h8_inputs_resource,artifacts/hchain_h8_memory_safe_extension_20261004/inputs/resource_audit.json,/systems/H8/memory_events/52/VmRSS_bytes,322101248,bytes,shared_preparation_reference_not_incremental_H1,False,False
h8_inputs_resource,artifacts/hchain_h8_memory_safe_extension_20261004/inputs/resource_audit.json,/systems/H8/memory_events/52/VmSwap_bytes,0,bytes,shared_preparation_reference_not_incremental_H1,False,False
h8_inputs_resource,artifacts/hchain_h8_memory_safe_extension_20261004/inputs/resource_audit.json,/systems/H8/memory_events/52/allocation_count_scope,instrumented Python-owned full-sector objects; native temporaries unobserved,metadata_or_saved_count,shared_preparation_reference_not_incremental_H1,False,False
h8_inputs_resource,artifacts/hchain_h8_memory_safe_extension_20261004/inputs/resource_audit.json,/systems/H8/memory_events/52/explicit_large_allocation_count,0,metadata_or_saved_count,shared_preparation_reference_not_incremental_H1,False,False
h8_inputs_resource,artifacts/hchain_h8_memory_safe_extension_20261004/inputs/resource_audit.json,/systems/H8/memory_events/52/largest_object_bytes,531604,bytes,shared_preparation_reference_not_incremental_H1,False,False
h8_inputs_resource,artifacts/hchain_h8_memory_safe_extension_20261004/inputs/resource_audit.json,/systems/H8/memory_events/52/simultaneously_live_full_sector_dense_matrices,0,metadata_or_saved_count,shared_preparation_reference_not_incremental_H1,False,False
h8_inputs_resource,artifacts/hchain_h8_memory_safe_extension_20261004/inputs/resource_audit.json,/systems/H8/memory_events/52/stage,group_generation,metadata_or_saved_count,shared_preparation_reference_not_incremental_H1,False,False
h8_inputs_resource,artifacts/hchain_h8_memory_safe_extension_20261004/inputs/resource_audit.json,/systems/H8/memory_events/53/VmHWM_bytes,339337216,bytes,shared_preparation_reference_not_incremental_H1,False,False
h8_inputs_resource,artifacts/hchain_h8_memory_safe_extension_20261004/inputs/resource_audit.json,/systems/H8/memory_events/53/VmRSS_bytes,322101248,bytes,shared_preparation_reference_not_incremental_H1,False,False
h8_inputs_resource,artifacts/hchain_h8_memory_safe_extension_20261004/inputs/resource_audit.json,/systems/H8/memory_events/53/VmSwap_bytes,0,bytes,shared_preparation_reference_not_incremental_H1,False,False
h8_inputs_resource,artifacts/hchain_h8_memory_safe_extension_20261004/inputs/resource_audit.json,/systems/H8/memory_events/53/allocation_count_scope,instrumented Python-owned full-sector objects; native temporaries unobserved,metadata_or_saved_count,shared_preparation_reference_not_incremental_H1,False,False
h8_inputs_resource,artifacts/hchain_h8_memory_safe_extension_20261004/inputs/resource_audit.json,/systems/H8/memory_events/53/explicit_large_allocation_count,0,metadata_or_saved_count,shared_preparation_reference_not_incremental_H1,False,False
h8_inputs_resource,artifacts/hchain_h8_memory_safe_extension_20261004/inputs/resource_audit.json,/systems/H8/memory_events/53/largest_object_bytes,531604,bytes,shared_preparation_reference_not_incremental_H1,False,False
h8_inputs_resource,artifacts/hchain_h8_memory_safe_extension_20261004/inputs/resource_audit.json,/systems/H8/memory_events/53/simultaneously_live_full_sector_dense_matrices,0,metadata_or_saved_count,shared_preparation_reference_not_incremental_H1,False,False
h8_inputs_resource,artifacts/hchain_h8_memory_safe_extension_20261004/inputs/resource_audit.json,/systems/H8/memory_events/53/stage,group_generation,metadata_or_saved_count,shared_preparation_reference_not_incremental_H1,False,False
h8_inputs_resource,artifacts/hchain_h8_memory_safe_extension_20261004/inputs/resource_audit.json,/systems/H8/memory_events/54/VmHWM_bytes,339337216,bytes,shared_preparation_reference_not_incremental_H1,False,False
h8_inputs_resource,artifacts/hchain_h8_memory_safe_extension_20261004/inputs/resource_audit.json,/systems/H8/memory_events/54/VmRSS_bytes,322101248,bytes,shared_preparation_reference_not_incremental_H1,False,False
h8_inputs_resource,artifacts/hchain_h8_memory_safe_extension_20261004/inputs/resource_audit.json,/systems/H8/memory_events/54/VmSwap_bytes,0,bytes,shared_preparation_reference_not_incremental_H1,False,False
h8_inputs_resource,artifacts/hchain_h8_memory_safe_extension_20261004/inputs/resource_audit.json,/systems/H8/memory_events/54/allocation_count_scope,instrumented Python-owned full-sector objects; native temporaries unobserved,metadata_or_saved_count,shared_preparation_reference_not_incremental_H1,False,False
h8_inputs_resource,artifacts/hchain_h8_memory_safe_extension_20261004/inputs/resource_audit.json,/systems/H8/memory_events/54/explicit_large_allocation_count,0,metadata_or_saved_count,shared_preparation_reference_not_incremental_H1,False,False
h8_inputs_resource,artifacts/hchain_h8_memory_safe_extension_20261004/inputs/resource_audit.json,/systems/H8/memory_events/54/largest_object_bytes,531604,bytes,shared_preparation_reference_not_incremental_H1,False,False
h8_inputs_resource,artifacts/hchain_h8_memory_safe_extension_20261004/inputs/resource_audit.json,/systems/H8/memory_events/54/simultaneously_live_full_sector_dense_matrices,0,metadata_or_saved_count,shared_preparation_reference_not_incremental_H1,False,False
h8_inputs_resource,artifacts/hchain_h8_memory_safe_extension_20261004/inputs/resource_audit.json,/systems/H8/memory_events/54/stage,group_generation,metadata_or_saved_count,shared_preparation_reference_not_incremental_H1,False,False
h8_inputs_resource,artifacts/hchain_h8_memory_safe_extension_20261004/inputs/resource_audit.json,/systems/H8/memory_events/55/VmHWM_bytes,339337216,bytes,shared_preparation_reference_not_incremental_H1,False,False
h8_inputs_resource,artifacts/hchain_h8_memory_safe_extension_20261004/inputs/resource_audit.json,/systems/H8/memory_events/55/VmRSS_bytes,322101248,bytes,shared_preparation_reference_not_incremental_H1,False,False
h8_inputs_resource,artifacts/hchain_h8_memory_safe_extension_20261004/inputs/resource_audit.json,/systems/H8/memory_events/55/VmSwap_bytes,0,bytes,shared_preparation_reference_not_incremental_H1,False,False
h8_inputs_resource,artifacts/hchain_h8_memory_safe_extension_20261004/inputs/resource_audit.json,/systems/H8/memory_events/55/allocation_count_scope,instrumented Python-owned full-sector objects; native temporaries unobserved,metadata_or_saved_count,shared_preparation_reference_not_incremental_H1,False,False
h8_inputs_resource,artifacts/hchain_h8_memory_safe_extension_20261004/inputs/resource_audit.json,/systems/H8/memory_events/55/explicit_large_allocation_count,0,metadata_or_saved_count,shared_preparation_reference_not_incremental_H1,False,False
h8_inputs_resource,artifacts/hchain_h8_memory_safe_extension_20261004/inputs/resource_audit.json,/systems/H8/memory_events/55/largest_object_bytes,531604,bytes,shared_preparation_reference_not_incremental_H1,False,False
h8_inputs_resource,artifacts/hchain_h8_memory_safe_extension_20261004/inputs/resource_audit.json,/systems/H8/memory_events/55/simultaneously_live_full_sector_dense_matrices,0,metadata_or_saved_count,shared_preparation_reference_not_incremental_H1,False,False
h8_inputs_resource,artifacts/hchain_h8_memory_safe_extension_20261004/inputs/resource_audit.json,/systems/H8/memory_events/55/stage,group_generation,metadata_or_saved_count,shared_preparation_reference_not_incremental_H1,False,False
h8_inputs_resource,artifacts/hchain_h8_memory_safe_extension_20261004/inputs/resource_audit.json,/systems/H8/memory_events/56/VmHWM_bytes,339337216,bytes,shared_preparation_reference_not_incremental_H1,False,False
h8_inputs_resource,artifacts/hchain_h8_memory_safe_extension_20261004/inputs/resource_audit.json,/systems/H8/memory_events/56/VmRSS_bytes,305942528,bytes,shared_preparation_reference_not_incremental_H1,False,False
h8_inputs_resource,artifacts/hchain_h8_memory_safe_extension_20261004/inputs/resource_audit.json,/systems/H8/memory_events/56/VmSwap_bytes,0,bytes,shared_preparation_reference_not_incremental_H1,False,False
h8_inputs_resource,artifacts/hchain_h8_memory_safe_extension_20261004/inputs/resource_audit.json,/systems/H8/memory_events/56/allocation_count_scope,instrumented Python-owned full-sector objects; native temporaries unobserved,metadata_or_saved_count,shared_preparation_reference_not_incremental_H1,False,False
h8_inputs_resource,artifacts/hchain_h8_memory_safe_extension_20261004/inputs/resource_audit.json,/systems/H8/memory_events/56/explicit_large_allocation_count,0,metadata_or_saved_count,shared_preparation_reference_not_incremental_H1,False,False
h8_inputs_resource,artifacts/hchain_h8_memory_safe_extension_20261004/inputs/resource_audit.json,/systems/H8/memory_events/56/largest_object_bytes,531604,bytes,shared_preparation_reference_not_incremental_H1,False,False
h8_inputs_resource,artifacts/hchain_h8_memory_safe_extension_20261004/inputs/resource_audit.json,/systems/H8/memory_events/56/simultaneously_live_full_sector_dense_matrices,0,metadata_or_saved_count,shared_preparation_reference_not_incremental_H1,False,False
h8_inputs_resource,artifacts/hchain_h8_memory_safe_extension_20261004/inputs/resource_audit.json,/systems/H8/memory_events/56/stage,group_generation,metadata_or_saved_count,shared_preparation_reference_not_incremental_H1,False,False
h8_inputs_resource,artifacts/hchain_h8_memory_safe_extension_20261004/inputs/resource_audit.json,/systems/H8/memory_events/57/VmHWM_bytes,339337216,bytes,shared_preparation_reference_not_incremental_H1,False,False
h8_inputs_resource,artifacts/hchain_h8_memory_safe_extension_20261004/inputs/resource_audit.json,/systems/H8/memory_events/57/VmRSS_bytes,306049024,bytes,shared_preparation_reference_not_incremental_H1,False,False
h8_inputs_resource,artifacts/hchain_h8_memory_safe_extension_20261004/inputs/resource_audit.json,/systems/H8/memory_events/57/VmSwap_bytes,0,bytes,shared_preparation_reference_not_incremental_H1,False,False
h8_inputs_resource,artifacts/hchain_h8_memory_safe_extension_20261004/inputs/resource_audit.json,/systems/H8/memory_events/57/allocation_count_scope,instrumented Python-owned full-sector objects; native temporaries unobserved,metadata_or_saved_count,shared_preparation_reference_not_incremental_H1,False,False
h8_inputs_resource,artifacts/hchain_h8_memory_safe_extension_20261004/inputs/resource_audit.json,/systems/H8/memory_events/57/explicit_large_allocation_count,0,metadata_or_saved_count,shared_preparation_reference_not_incremental_H1,False,False
h8_inputs_resource,artifacts/hchain_h8_memory_safe_extension_20261004/inputs/resource_audit.json,/systems/H8/memory_events/57/largest_object_bytes,531604,bytes,shared_preparation_reference_not_incremental_H1,False,False
h8_inputs_resource,artifacts/hchain_h8_memory_safe_extension_20261004/inputs/resource_audit.json,/systems/H8/memory_events/57/simultaneously_live_full_sector_dense_matrices,0,metadata_or_saved_count,shared_preparation_reference_not_incremental_H1,False,False
h8_inputs_resource,artifacts/hchain_h8_memory_safe_extension_20261004/inputs/resource_audit.json,/systems/H8/memory_events/57/stage,group_generation,metadata_or_saved_count,shared_preparation_reference_not_incremental_H1,False,False
h8_inputs_resource,artifacts/hchain_h8_memory_safe_extension_20261004/inputs/resource_audit.json,/systems/H8/memory_events/58/VmHWM_bytes,339337216,bytes,shared_preparation_reference_not_incremental_H1,False,False
h8_inputs_resource,artifacts/hchain_h8_memory_safe_extension_20261004/inputs/resource_audit.json,/systems/H8/memory_events/58/VmRSS_bytes,307339264,bytes,shared_preparation_reference_not_incremental_H1,False,False
h8_inputs_resource,artifacts/hchain_h8_memory_safe_extension_20261004/inputs/resource_audit.json,/systems/H8/memory_events/58/VmSwap_bytes,0,bytes,shared_preparation_reference_not_incremental_H1,False,False
h8_inputs_resource,artifacts/hchain_h8_memory_safe_extension_20261004/inputs/resource_audit.json,/systems/H8/memory_events/58/allocation_count_scope,instrumented Python-owned full-sector objects; native temporaries unobserved,metadata_or_saved_count,shared_preparation_reference_not_incremental_H1,False,False
h8_inputs_resource,artifacts/hchain_h8_memory_safe_extension_20261004/inputs/resource_audit.json,/systems/H8/memory_events/58/explicit_large_allocation_count,0,metadata_or_saved_count,shared_preparation_reference_not_incremental_H1,False,False
h8_inputs_resource,artifacts/hchain_h8_memory_safe_extension_20261004/inputs/resource_audit.json,/systems/H8/memory_events/58/largest_object_bytes,531604,bytes,shared_preparation_reference_not_incremental_H1,False,False
h8_inputs_resource,artifacts/hchain_h8_memory_safe_extension_20261004/inputs/resource_audit.json,/systems/H8/memory_events/58/simultaneously_live_full_sector_dense_matrices,0,metadata_or_saved_count,shared_preparation_reference_not_incremental_H1,False,False
h8_inputs_resource,artifacts/hchain_h8_memory_safe_extension_20261004/inputs/resource_audit.json,/systems/H8/memory_events/58/stage,group_generation,metadata_or_saved_count,shared_preparation_reference_not_incremental_H1,False,False
h8_inputs_resource,artifacts/hchain_h8_memory_safe_extension_20261004/inputs/resource_audit.json,/systems/H8/memory_events/59/VmHWM_bytes,339337216,bytes,shared_preparation_reference_not_incremental_H1,False,False
h8_inputs_resource,artifacts/hchain_h8_memory_safe_extension_20261004/inputs/resource_audit.json,/systems/H8/memory_events/59/VmRSS_bytes,307417088,bytes,shared_preparation_reference_not_incremental_H1,False,False
h8_inputs_resource,artifacts/hchain_h8_memory_safe_extension_20261004/inputs/resource_audit.json,/systems/H8/memory_events/59/VmSwap_bytes,0,bytes,shared_preparation_reference_not_incremental_H1,False,False
h8_inputs_resource,artifacts/hchain_h8_memory_safe_extension_20261004/inputs/resource_audit.json,/systems/H8/memory_events/59/allocation_count_scope,instrumented Python-owned full-sector objects; native temporaries unobserved,metadata_or_saved_count,shared_preparation_reference_not_incremental_H1,False,False
h8_inputs_resource,artifacts/hchain_h8_memory_safe_extension_20261004/inputs/resource_audit.json,/systems/H8/memory_events/59/explicit_large_allocation_count,0,metadata_or_saved_count,shared_preparation_reference_not_incremental_H1,False,False
h8_inputs_resource,artifacts/hchain_h8_memory_safe_extension_20261004/inputs/resource_audit.json,/systems/H8/memory_events/59/largest_object_bytes,531604,bytes,shared_preparation_reference_not_incremental_H1,False,False
h8_inputs_resource,artifacts/hchain_h8_memory_safe_extension_20261004/inputs/resource_audit.json,/systems/H8/memory_events/59/simultaneously_live_full_sector_dense_matrices,0,metadata_or_saved_count,shared_preparation_reference_not_incremental_H1,False,False
h8_inputs_resource,artifacts/hchain_h8_memory_safe_extension_20261004/inputs/resource_audit.json,/systems/H8/memory_events/59/stage,group_generation,metadata_or_saved_count,shared_preparation_reference_not_incremental_H1,False,False
h8_inputs_resource,artifacts/hchain_h8_memory_safe_extension_20261004/inputs/resource_audit.json,/systems/H8/memory_events/60/VmHWM_bytes,339337216,bytes,shared_preparation_reference_not_incremental_H1,False,False
h8_inputs_resource,artifacts/hchain_h8_memory_safe_extension_20261004/inputs/resource_audit.json,/systems/H8/memory_events/60/VmRSS_bytes,307552256,bytes,shared_preparation_reference_not_incremental_H1,False,False
h8_inputs_resource,artifacts/hchain_h8_memory_safe_extension_20261004/inputs/resource_audit.json,/systems/H8/memory_events/60/VmSwap_bytes,0,bytes,shared_preparation_reference_not_incremental_H1,False,False
h8_inputs_resource,artifacts/hchain_h8_memory_safe_extension_20261004/inputs/resource_audit.json,/systems/H8/memory_events/60/allocation_count_scope,instrumented Python-owned full-sector objects; native temporaries unobserved,metadata_or_saved_count,shared_preparation_reference_not_incremental_H1,False,False
h8_inputs_resource,artifacts/hchain_h8_memory_safe_extension_20261004/inputs/resource_audit.json,/systems/H8/memory_events/60/explicit_large_allocation_count,0,metadata_or_saved_count,shared_preparation_reference_not_incremental_H1,False,False
h8_inputs_resource,artifacts/hchain_h8_memory_safe_extension_20261004/inputs/resource_audit.json,/systems/H8/memory_events/60/largest_object_bytes,531604,bytes,shared_preparation_reference_not_incremental_H1,False,False
h8_inputs_resource,artifacts/hchain_h8_memory_safe_extension_20261004/inputs/resource_audit.json,/systems/H8/memory_events/60/simultaneously_live_full_sector_dense_matrices,0,metadata_or_saved_count,shared_preparation_reference_not_incremental_H1,False,False
h8_inputs_resource,artifacts/hchain_h8_memory_safe_extension_20261004/inputs/resource_audit.json,/systems/H8/memory_events/60/stage,group_generation,metadata_or_saved_count,shared_preparation_reference_not_incremental_H1,False,False
h8_inputs_resource,artifacts/hchain_h8_memory_safe_extension_20261004/inputs/resource_audit.json,/systems/H8/memory_events/61/VmHWM_bytes,339337216,bytes,shared_preparation_reference_not_incremental_H1,False,False
h8_inputs_resource,artifacts/hchain_h8_memory_safe_extension_20261004/inputs/resource_audit.json,/systems/H8/memory_events/61/VmRSS_bytes,307580928,bytes,shared_preparation_reference_not_incremental_H1,False,False
h8_inputs_resource,artifacts/hchain_h8_memory_safe_extension_20261004/inputs/resource_audit.json,/systems/H8/memory_events/61/VmSwap_bytes,0,bytes,shared_preparation_reference_not_incremental_H1,False,False
h8_inputs_resource,artifacts/hchain_h8_memory_safe_extension_20261004/inputs/resource_audit.json,/systems/H8/memory_events/61/allocation_count_scope,instrumented Python-owned full-sector objects; native temporaries unobserved,metadata_or_saved_count,shared_preparation_reference_not_incremental_H1,False,False
h8_inputs_resource,artifacts/hchain_h8_memory_safe_extension_20261004/inputs/resource_audit.json,/systems/H8/memory_events/61/explicit_large_allocation_count,0,metadata_or_saved_count,shared_preparation_reference_not_incremental_H1,False,False
h8_inputs_resource,artifacts/hchain_h8_memory_safe_extension_20261004/inputs/resource_audit.json,/systems/H8/memory_events/61/largest_object_bytes,531604,bytes,shared_preparation_reference_not_incremental_H1,False,False
h8_inputs_resource,artifacts/hchain_h8_memory_safe_extension_20261004/inputs/resource_audit.json,/systems/H8/memory_events/61/simultaneously_live_full_sector_dense_matrices,0,metadata_or_saved_count,shared_preparation_reference_not_incremental_H1,False,False
h8_inputs_resource,artifacts/hchain_h8_memory_safe_extension_20261004/inputs/resource_audit.json,/systems/H8/memory_events/61/stage,group_generation,metadata_or_saved_count,shared_preparation_reference_not_incremental_H1,False,False
h8_inputs_resource,artifacts/hchain_h8_memory_safe_extension_20261004/inputs/resource_audit.json,/systems/H8/memory_events/62/VmHWM_bytes,339337216,bytes,shared_preparation_reference_not_incremental_H1,False,False
h8_inputs_resource,artifacts/hchain_h8_memory_safe_extension_20261004/inputs/resource_audit.json,/systems/H8/memory_events/62/VmRSS_bytes,314376192,bytes,shared_preparation_reference_not_incremental_H1,False,False
h8_inputs_resource,artifacts/hchain_h8_memory_safe_extension_20261004/inputs/resource_audit.json,/systems/H8/memory_events/62/VmSwap_bytes,0,bytes,shared_preparation_reference_not_incremental_H1,False,False
h8_inputs_resource,artifacts/hchain_h8_memory_safe_extension_20261004/inputs/resource_audit.json,/systems/H8/memory_events/62/allocation_count_scope,instrumented Python-owned full-sector objects; native temporaries unobserved,metadata_or_saved_count,shared_preparation_reference_not_incremental_H1,False,False
h8_inputs_resource,artifacts/hchain_h8_memory_safe_extension_20261004/inputs/resource_audit.json,/systems/H8/memory_events/62/explicit_large_allocation_count,0,metadata_or_saved_count,shared_preparation_reference_not_incremental_H1,False,False
h8_inputs_resource,artifacts/hchain_h8_memory_safe_extension_20261004/inputs/resource_audit.json,/systems/H8/memory_events/62/largest_object_bytes,531604,bytes,shared_preparation_reference_not_incremental_H1,False,False
h8_inputs_resource,artifacts/hchain_h8_memory_safe_extension_20261004/inputs/resource_audit.json,/systems/H8/memory_events/62/simultaneously_live_full_sector_dense_matrices,0,metadata_or_saved_count,shared_preparation_reference_not_incremental_H1,False,False
h8_inputs_resource,artifacts/hchain_h8_memory_safe_extension_20261004/inputs/resource_audit.json,/systems/H8/memory_events/62/stage,group_generation,metadata_or_saved_count,shared_preparation_reference_not_incremental_H1,False,False
h8_inputs_resource,artifacts/hchain_h8_memory_safe_extension_20261004/inputs/resource_audit.json,/systems/H8/memory_events/63/VmHWM_bytes,339337216,bytes,shared_preparation_reference_not_incremental_H1,False,False
h8_inputs_resource,artifacts/hchain_h8_memory_safe_extension_20261004/inputs/resource_audit.json,/systems/H8/memory_events/63/VmRSS_bytes,314236928,bytes,shared_preparation_reference_not_incremental_H1,False,False
h8_inputs_resource,artifacts/hchain_h8_memory_safe_extension_20261004/inputs/resource_audit.json,/systems/H8/memory_events/63/VmSwap_bytes,0,bytes,shared_preparation_reference_not_incremental_H1,False,False
h8_inputs_resource,artifacts/hchain_h8_memory_safe_extension_20261004/inputs/resource_audit.json,/systems/H8/memory_events/63/allocation_count_scope,instrumented Python-owned full-sector objects; native temporaries unobserved,metadata_or_saved_count,shared_preparation_reference_not_incremental_H1,False,False
h8_inputs_resource,artifacts/hchain_h8_memory_safe_extension_20261004/inputs/resource_audit.json,/systems/H8/memory_events/63/explicit_large_allocation_count,0,metadata_or_saved_count,shared_preparation_reference_not_incremental_H1,False,False
h8_inputs_resource,artifacts/hchain_h8_memory_safe_extension_20261004/inputs/resource_audit.json,/systems/H8/memory_events/63/largest_object_bytes,531604,bytes,shared_preparation_reference_not_incremental_H1,False,False
h8_inputs_resource,artifacts/hchain_h8_memory_safe_extension_20261004/inputs/resource_audit.json,/systems/H8/memory_events/63/simultaneously_live_full_sector_dense_matrices,0,metadata_or_saved_count,shared_preparation_reference_not_incremental_H1,False,False
h8_inputs_resource,artifacts/hchain_h8_memory_safe_extension_20261004/inputs/resource_audit.json,/systems/H8/memory_events/63/stage,group_generation,metadata_or_saved_count,shared_preparation_reference_not_incremental_H1,False,False
h8_inputs_resource,artifacts/hchain_h8_memory_safe_extension_20261004/inputs/resource_audit.json,/systems/H8/memory_events/64/VmHWM_bytes,339337216,bytes,shared_preparation_reference_not_incremental_H1,False,False
h8_inputs_resource,artifacts/hchain_h8_memory_safe_extension_20261004/inputs/resource_audit.json,/systems/H8/memory_events/64/VmRSS_bytes,305061888,bytes,shared_preparation_reference_not_incremental_H1,False,False
h8_inputs_resource,artifacts/hchain_h8_memory_safe_extension_20261004/inputs/resource_audit.json,/systems/H8/memory_events/64/VmSwap_bytes,0,bytes,shared_preparation_reference_not_incremental_H1,False,False
h8_inputs_resource,artifacts/hchain_h8_memory_safe_extension_20261004/inputs/resource_audit.json,/systems/H8/memory_events/64/allocation_count_scope,instrumented Python-owned full-sector objects; native temporaries unobserved,metadata_or_saved_count,shared_preparation_reference_not_incremental_H1,False,False
h8_inputs_resource,artifacts/hchain_h8_memory_safe_extension_20261004/inputs/resource_audit.json,/systems/H8/memory_events/64/explicit_large_allocation_count,0,metadata_or_saved_count,shared_preparation_reference_not_incremental_H1,False,False
h8_inputs_resource,artifacts/hchain_h8_memory_safe_extension_20261004/inputs/resource_audit.json,/systems/H8/memory_events/64/largest_object_bytes,531604,bytes,shared_preparation_reference_not_incremental_H1,False,False
h8_inputs_resource,artifacts/hchain_h8_memory_safe_extension_20261004/inputs/resource_audit.json,/systems/H8/memory_events/64/simultaneously_live_full_sector_dense_matrices,0,metadata_or_saved_count,shared_preparation_reference_not_incremental_H1,False,False
h8_inputs_resource,artifacts/hchain_h8_memory_safe_extension_20261004/inputs/resource_audit.json,/systems/H8/memory_events/64/stage,group_generation,metadata_or_saved_count,shared_preparation_reference_not_incremental_H1,False,False
h8_inputs_resource,artifacts/hchain_h8_memory_safe_extension_20261004/inputs/resource_audit.json,/systems/H8/memory_events/65/VmHWM_bytes,339337216,bytes,shared_preparation_reference_not_incremental_H1,False,False
h8_inputs_resource,artifacts/hchain_h8_memory_safe_extension_20261004/inputs/resource_audit.json,/systems/H8/memory_events/65/VmRSS_bytes,320090112,bytes,shared_preparation_reference_not_incremental_H1,False,False
h8_inputs_resource,artifacts/hchain_h8_memory_safe_extension_20261004/inputs/resource_audit.json,/systems/H8/memory_events/65/VmSwap_bytes,0,bytes,shared_preparation_reference_not_incremental_H1,False,False
h8_inputs_resource,artifacts/hchain_h8_memory_safe_extension_20261004/inputs/resource_audit.json,/systems/H8/memory_events/65/allocation_count_scope,instrumented Python-owned full-sector objects; native temporaries unobserved,metadata_or_saved_count,shared_preparation_reference_not_incremental_H1,False,False
h8_inputs_resource,artifacts/hchain_h8_memory_safe_extension_20261004/inputs/resource_audit.json,/systems/H8/memory_events/65/explicit_large_allocation_count,0,metadata_or_saved_count,shared_preparation_reference_not_incremental_H1,False,False
h8_inputs_resource,artifacts/hchain_h8_memory_safe_extension_20261004/inputs/resource_audit.json,/systems/H8/memory_events/65/largest_object_bytes,531604,bytes,shared_preparation_reference_not_incremental_H1,False,False
h8_inputs_resource,artifacts/hchain_h8_memory_safe_extension_20261004/inputs/resource_audit.json,/systems/H8/memory_events/65/simultaneously_live_full_sector_dense_matrices,0,metadata_or_saved_count,shared_preparation_reference_not_incremental_H1,False,False
h8_inputs_resource,artifacts/hchain_h8_memory_safe_extension_20261004/inputs/resource_audit.json,/systems/H8/memory_events/65/stage,group_generation,metadata_or_saved_count,shared_preparation_reference_not_incremental_H1,False,False
h8_inputs_resource,artifacts/hchain_h8_memory_safe_extension_20261004/inputs/resource_audit.json,/systems/H8/memory_events/66/VmHWM_bytes,339337216,bytes,shared_preparation_reference_not_incremental_H1,False,False
h8_inputs_resource,artifacts/hchain_h8_memory_safe_extension_20261004/inputs/resource_audit.json,/systems/H8/memory_events/66/VmRSS_bytes,307507200,bytes,shared_preparation_reference_not_incremental_H1,False,False
h8_inputs_resource,artifacts/hchain_h8_memory_safe_extension_20261004/inputs/resource_audit.json,/systems/H8/memory_events/66/VmSwap_bytes,0,bytes,shared_preparation_reference_not_incremental_H1,False,False
h8_inputs_resource,artifacts/hchain_h8_memory_safe_extension_20261004/inputs/resource_audit.json,/systems/H8/memory_events/66/allocation_count_scope,instrumented Python-owned full-sector objects; native temporaries unobserved,metadata_or_saved_count,shared_preparation_reference_not_incremental_H1,False,False
h8_inputs_resource,artifacts/hchain_h8_memory_safe_extension_20261004/inputs/resource_audit.json,/systems/H8/memory_events/66/explicit_large_allocation_count,0,metadata_or_saved_count,shared_preparation_reference_not_incremental_H1,False,False
h8_inputs_resource,artifacts/hchain_h8_memory_safe_extension_20261004/inputs/resource_audit.json,/systems/H8/memory_events/66/largest_object_bytes,531604,bytes,shared_preparation_reference_not_incremental_H1,False,False
h8_inputs_resource,artifacts/hchain_h8_memory_safe_extension_20261004/inputs/resource_audit.json,/systems/H8/memory_events/66/simultaneously_live_full_sector_dense_matrices,0,metadata_or_saved_count,shared_preparation_reference_not_incremental_H1,False,False
h8_inputs_resource,artifacts/hchain_h8_memory_safe_extension_20261004/inputs/resource_audit.json,/systems/H8/memory_events/66/stage,group_generation,metadata_or_saved_count,shared_preparation_reference_not_incremental_H1,False,False
h8_inputs_resource,artifacts/hchain_h8_memory_safe_extension_20261004/inputs/resource_audit.json,/systems/H8/memory_events/67/VmHWM_bytes,339337216,bytes,shared_preparation_reference_not_incremental_H1,False,False
h8_inputs_resource,artifacts/hchain_h8_memory_safe_extension_20261004/inputs/resource_audit.json,/systems/H8/memory_events/67/VmRSS_bytes,320454656,bytes,shared_preparation_reference_not_incremental_H1,False,False
h8_inputs_resource,artifacts/hchain_h8_memory_safe_extension_20261004/inputs/resource_audit.json,/systems/H8/memory_events/67/VmSwap_bytes,0,bytes,shared_preparation_reference_not_incremental_H1,False,False
h8_inputs_resource,artifacts/hchain_h8_memory_safe_extension_20261004/inputs/resource_audit.json,/systems/H8/memory_events/67/allocation_count_scope,instrumented Python-owned full-sector objects; native temporaries unobserved,metadata_or_saved_count,shared_preparation_reference_not_incremental_H1,False,False
h8_inputs_resource,artifacts/hchain_h8_memory_safe_extension_20261004/inputs/resource_audit.json,/systems/H8/memory_events/67/explicit_large_allocation_count,0,metadata_or_saved_count,shared_preparation_reference_not_incremental_H1,False,False
h8_inputs_resource,artifacts/hchain_h8_memory_safe_extension_20261004/inputs/resource_audit.json,/systems/H8/memory_events/67/largest_object_bytes,531604,bytes,shared_preparation_reference_not_incremental_H1,False,False
h8_inputs_resource,artifacts/hchain_h8_memory_safe_extension_20261004/inputs/resource_audit.json,/systems/H8/memory_events/67/simultaneously_live_full_sector_dense_matrices,0,metadata_or_saved_count,shared_preparation_reference_not_incremental_H1,False,False
h8_inputs_resource,artifacts/hchain_h8_memory_safe_extension_20261004/inputs/resource_audit.json,/systems/H8/memory_events/67/stage,group_generation,metadata_or_saved_count,shared_preparation_reference_not_incremental_H1,False,False
h8_inputs_resource,artifacts/hchain_h8_memory_safe_extension_20261004/inputs/resource_audit.json,/systems/H8/memory_events/68/VmHWM_bytes,339337216,bytes,shared_preparation_reference_not_incremental_H1,False,False
h8_inputs_resource,artifacts/hchain_h8_memory_safe_extension_20261004/inputs/resource_audit.json,/systems/H8/memory_events/68/VmRSS_bytes,308006912,bytes,shared_preparation_reference_not_incremental_H1,False,False
h8_inputs_resource,artifacts/hchain_h8_memory_safe_extension_20261004/inputs/resource_audit.json,/systems/H8/memory_events/68/VmSwap_bytes,0,bytes,shared_preparation_reference_not_incremental_H1,False,False
h8_inputs_resource,artifacts/hchain_h8_memory_safe_extension_20261004/inputs/resource_audit.json,/systems/H8/memory_events/68/allocation_count_scope,instrumented Python-owned full-sector objects; native temporaries unobserved,metadata_or_saved_count,shared_preparation_reference_not_incremental_H1,False,False
h8_inputs_resource,artifacts/hchain_h8_memory_safe_extension_20261004/inputs/resource_audit.json,/systems/H8/memory_events/68/explicit_large_allocation_count,0,metadata_or_saved_count,shared_preparation_reference_not_incremental_H1,False,False
h8_inputs_resource,artifacts/hchain_h8_memory_safe_extension_20261004/inputs/resource_audit.json,/systems/H8/memory_events/68/largest_object_bytes,531604,bytes,shared_preparation_reference_not_incremental_H1,False,False
h8_inputs_resource,artifacts/hchain_h8_memory_safe_extension_20261004/inputs/resource_audit.json,/systems/H8/memory_events/68/simultaneously_live_full_sector_dense_matrices,0,metadata_or_saved_count,shared_preparation_reference_not_incremental_H1,False,False
h8_inputs_resource,artifacts/hchain_h8_memory_safe_extension_20261004/inputs/resource_audit.json,/systems/H8/memory_events/68/stage,group_generation,metadata_or_saved_count,shared_preparation_reference_not_incremental_H1,False,False
h8_inputs_resource,artifacts/hchain_h8_memory_safe_extension_20261004/inputs/resource_audit.json,/systems/H8/memory_events/69/VmHWM_bytes,339337216,bytes,shared_preparation_reference_not_incremental_H1,False,False
h8_inputs_resource,artifacts/hchain_h8_memory_safe_extension_20261004/inputs/resource_audit.json,/systems/H8/memory_events/69/VmRSS_bytes,318697472,bytes,shared_preparation_reference_not_incremental_H1,False,False
h8_inputs_resource,artifacts/hchain_h8_memory_safe_extension_20261004/inputs/resource_audit.json,/systems/H8/memory_events/69/VmSwap_bytes,0,bytes,shared_preparation_reference_not_incremental_H1,False,False
h8_inputs_resource,artifacts/hchain_h8_memory_safe_extension_20261004/inputs/resource_audit.json,/systems/H8/memory_events/69/allocation_count_scope,instrumented Python-owned full-sector objects; native temporaries unobserved,metadata_or_saved_count,shared_preparation_reference_not_incremental_H1,False,False
h8_inputs_resource,artifacts/hchain_h8_memory_safe_extension_20261004/inputs/resource_audit.json,/systems/H8/memory_events/69/explicit_large_allocation_count,0,metadata_or_saved_count,shared_preparation_reference_not_incremental_H1,False,False
h8_inputs_resource,artifacts/hchain_h8_memory_safe_extension_20261004/inputs/resource_audit.json,/systems/H8/memory_events/69/largest_object_bytes,531604,bytes,shared_preparation_reference_not_incremental_H1,False,False
h8_inputs_resource,artifacts/hchain_h8_memory_safe_extension_20261004/inputs/resource_audit.json,/systems/H8/memory_events/69/simultaneously_live_full_sector_dense_matrices,0,metadata_or_saved_count,shared_preparation_reference_not_incremental_H1,False,False
h8_inputs_resource,artifacts/hchain_h8_memory_safe_extension_20261004/inputs/resource_audit.json,/systems/H8/memory_events/69/stage,group_generation,metadata_or_saved_count,shared_preparation_reference_not_incremental_H1,False,False
h8_inputs_resource,artifacts/hchain_h8_memory_safe_extension_20261004/inputs/resource_audit.json,/systems/H8/memory_events/70/VmHWM_bytes,339337216,bytes,shared_preparation_reference_not_incremental_H1,False,False
h8_inputs_resource,artifacts/hchain_h8_memory_safe_extension_20261004/inputs/resource_audit.json,/systems/H8/memory_events/70/VmRSS_bytes,318697472,bytes,shared_preparation_reference_not_incremental_H1,False,False
h8_inputs_resource,artifacts/hchain_h8_memory_safe_extension_20261004/inputs/resource_audit.json,/systems/H8/memory_events/70/VmSwap_bytes,0,bytes,shared_preparation_reference_not_incremental_H1,False,False
h8_inputs_resource,artifacts/hchain_h8_memory_safe_extension_20261004/inputs/resource_audit.json,/systems/H8/memory_events/70/allocation_count_scope,instrumented Python-owned full-sector objects; native temporaries unobserved,metadata_or_saved_count,shared_preparation_reference_not_incremental_H1,False,False
h8_inputs_resource,artifacts/hchain_h8_memory_safe_extension_20261004/inputs/resource_audit.json,/systems/H8/memory_events/70/explicit_large_allocation_count,0,metadata_or_saved_count,shared_preparation_reference_not_incremental_H1,False,False
h8_inputs_resource,artifacts/hchain_h8_memory_safe_extension_20261004/inputs/resource_audit.json,/systems/H8/memory_events/70/largest_object_bytes,531604,bytes,shared_preparation_reference_not_incremental_H1,False,False
h8_inputs_resource,artifacts/hchain_h8_memory_safe_extension_20261004/inputs/resource_audit.json,/systems/H8/memory_events/70/simultaneously_live_full_sector_dense_matrices,0,metadata_or_saved_count,shared_preparation_reference_not_incremental_H1,False,False
h8_inputs_resource,artifacts/hchain_h8_memory_safe_extension_20261004/inputs/resource_audit.json,/systems/H8/memory_events/70/stage,group_generation,metadata_or_saved_count,shared_preparation_reference_not_incremental_H1,False,False
h8_inputs_resource,artifacts/hchain_h8_memory_safe_extension_20261004/inputs/resource_audit.json,/systems/H8/memory_events/71/VmHWM_bytes,339337216,bytes,shared_preparation_reference_not_incremental_H1,False,False
h8_inputs_resource,artifacts/hchain_h8_memory_safe_extension_20261004/inputs/resource_audit.json,/systems/H8/memory_events/71/VmRSS_bytes,331730944,bytes,shared_preparation_reference_not_incremental_H1,False,False
h8_inputs_resource,artifacts/hchain_h8_memory_safe_extension_20261004/inputs/resource_audit.json,/systems/H8/memory_events/71/VmSwap_bytes,0,bytes,shared_preparation_reference_not_incremental_H1,False,False
h8_inputs_resource,artifacts/hchain_h8_memory_safe_extension_20261004/inputs/resource_audit.json,/systems/H8/memory_events/71/allocation_count_scope,instrumented Python-owned full-sector objects; native temporaries unobserved,metadata_or_saved_count,shared_preparation_reference_not_incremental_H1,False,False
h8_inputs_resource,artifacts/hchain_h8_memory_safe_extension_20261004/inputs/resource_audit.json,/systems/H8/memory_events/71/explicit_large_allocation_count,0,metadata_or_saved_count,shared_preparation_reference_not_incremental_H1,False,False
h8_inputs_resource,artifacts/hchain_h8_memory_safe_extension_20261004/inputs/resource_audit.json,/systems/H8/memory_events/71/largest_object_bytes,531604,bytes,shared_preparation_reference_not_incremental_H1,False,False
h8_inputs_resource,artifacts/hchain_h8_memory_safe_extension_20261004/inputs/resource_audit.json,/systems/H8/memory_events/71/simultaneously_live_full_sector_dense_matrices,0,metadata_or_saved_count,shared_preparation_reference_not_incremental_H1,False,False
h8_inputs_resource,artifacts/hchain_h8_memory_safe_extension_20261004/inputs/resource_audit.json,/systems/H8/memory_events/71/stage,group_generation,metadata_or_saved_count,shared_preparation_reference_not_incremental_H1,False,False
h8_inputs_resource,artifacts/hchain_h8_memory_safe_extension_20261004/inputs/resource_audit.json,/systems/H8/memory_events/72/VmHWM_bytes,339337216,bytes,shared_preparation_reference_not_incremental_H1,False,False
h8_inputs_resource,artifacts/hchain_h8_memory_safe_extension_20261004/inputs/resource_audit.json,/systems/H8/memory_events/72/VmRSS_bytes,318885888,bytes,shared_preparation_reference_not_incremental_H1,False,False
h8_inputs_resource,artifacts/hchain_h8_memory_safe_extension_20261004/inputs/resource_audit.json,/systems/H8/memory_events/72/VmSwap_bytes,0,bytes,shared_preparation_reference_not_incremental_H1,False,False
h8_inputs_resource,artifacts/hchain_h8_memory_safe_extension_20261004/inputs/resource_audit.json,/systems/H8/memory_events/72/allocation_count_scope,instrumented Python-owned full-sector objects; native temporaries unobserved,metadata_or_saved_count,shared_preparation_reference_not_incremental_H1,False,False
h8_inputs_resource,artifacts/hchain_h8_memory_safe_extension_20261004/inputs/resource_audit.json,/systems/H8/memory_events/72/explicit_large_allocation_count,0,metadata_or_saved_count,shared_preparation_reference_not_incremental_H1,False,False
h8_inputs_resource,artifacts/hchain_h8_memory_safe_extension_20261004/inputs/resource_audit.json,/systems/H8/memory_events/72/largest_object_bytes,531604,bytes,shared_preparation_reference_not_incremental_H1,False,False
h8_inputs_resource,artifacts/hchain_h8_memory_safe_extension_20261004/inputs/resource_audit.json,/systems/H8/memory_events/72/simultaneously_live_full_sector_dense_matrices,0,metadata_or_saved_count,shared_preparation_reference_not_incremental_H1,False,False
h8_inputs_resource,artifacts/hchain_h8_memory_safe_extension_20261004/inputs/resource_audit.json,/systems/H8/memory_events/72/stage,group_generation,metadata_or_saved_count,shared_preparation_reference_not_incremental_H1,False,False
h8_inputs_resource,artifacts/hchain_h8_memory_safe_extension_20261004/inputs/resource_audit.json,/systems/H8/memory_events/73/VmHWM_bytes,339337216,bytes,shared_preparation_reference_not_incremental_H1,False,False
h8_inputs_resource,artifacts/hchain_h8_memory_safe_extension_20261004/inputs/resource_audit.json,/systems/H8/memory_events/73/VmRSS_bytes,331993088,bytes,shared_preparation_reference_not_incremental_H1,False,False
h8_inputs_resource,artifacts/hchain_h8_memory_safe_extension_20261004/inputs/resource_audit.json,/systems/H8/memory_events/73/VmSwap_bytes,0,bytes,shared_preparation_reference_not_incremental_H1,False,False
h8_inputs_resource,artifacts/hchain_h8_memory_safe_extension_20261004/inputs/resource_audit.json,/systems/H8/memory_events/73/allocation_count_scope,instrumented Python-owned full-sector objects; native temporaries unobserved,metadata_or_saved_count,shared_preparation_reference_not_incremental_H1,False,False
h8_inputs_resource,artifacts/hchain_h8_memory_safe_extension_20261004/inputs/resource_audit.json,/systems/H8/memory_events/73/explicit_large_allocation_count,0,metadata_or_saved_count,shared_preparation_reference_not_incremental_H1,False,False
h8_inputs_resource,artifacts/hchain_h8_memory_safe_extension_20261004/inputs/resource_audit.json,/systems/H8/memory_events/73/largest_object_bytes,531604,bytes,shared_preparation_reference_not_incremental_H1,False,False
h8_inputs_resource,artifacts/hchain_h8_memory_safe_extension_20261004/inputs/resource_audit.json,/systems/H8/memory_events/73/simultaneously_live_full_sector_dense_matrices,0,metadata_or_saved_count,shared_preparation_reference_not_incremental_H1,False,False
h8_inputs_resource,artifacts/hchain_h8_memory_safe_extension_20261004/inputs/resource_audit.json,/systems/H8/memory_events/73/stage,group_generation,metadata_or_saved_count,shared_preparation_reference_not_incremental_H1,False,False
h8_inputs_resource,artifacts/hchain_h8_memory_safe_extension_20261004/inputs/resource_audit.json,/systems/H8/memory_events/74/VmHWM_bytes,339337216,bytes,shared_preparation_reference_not_incremental_H1,False,False
h8_inputs_resource,artifacts/hchain_h8_memory_safe_extension_20261004/inputs/resource_audit.json,/systems/H8/memory_events/74/VmRSS_bytes,318885888,bytes,shared_preparation_reference_not_incremental_H1,False,False
h8_inputs_resource,artifacts/hchain_h8_memory_safe_extension_20261004/inputs/resource_audit.json,/systems/H8/memory_events/74/VmSwap_bytes,0,bytes,shared_preparation_reference_not_incremental_H1,False,False
h8_inputs_resource,artifacts/hchain_h8_memory_safe_extension_20261004/inputs/resource_audit.json,/systems/H8/memory_events/74/allocation_count_scope,instrumented Python-owned full-sector objects; native temporaries unobserved,metadata_or_saved_count,shared_preparation_reference_not_incremental_H1,False,False
h8_inputs_resource,artifacts/hchain_h8_memory_safe_extension_20261004/inputs/resource_audit.json,/systems/H8/memory_events/74/explicit_large_allocation_count,0,metadata_or_saved_count,shared_preparation_reference_not_incremental_H1,False,False
h8_inputs_resource,artifacts/hchain_h8_memory_safe_extension_20261004/inputs/resource_audit.json,/systems/H8/memory_events/74/largest_object_bytes,531604,bytes,shared_preparation_reference_not_incremental_H1,False,False
h8_inputs_resource,artifacts/hchain_h8_memory_safe_extension_20261004/inputs/resource_audit.json,/systems/H8/memory_events/74/simultaneously_live_full_sector_dense_matrices,0,metadata_or_saved_count,shared_preparation_reference_not_incremental_H1,False,False
h8_inputs_resource,artifacts/hchain_h8_memory_safe_extension_20261004/inputs/resource_audit.json,/systems/H8/memory_events/74/stage,group_generation,metadata_or_saved_count,shared_preparation_reference_not_incremental_H1,False,False
h8_inputs_resource,artifacts/hchain_h8_memory_safe_extension_20261004/inputs/resource_audit.json,/systems/H8/memory_events/75/VmHWM_bytes,339337216,bytes,shared_preparation_reference_not_incremental_H1,False,False
h8_inputs_resource,artifacts/hchain_h8_memory_safe_extension_20261004/inputs/resource_audit.json,/systems/H8/memory_events/75/VmRSS_bytes,331993088,bytes,shared_preparation_reference_not_incremental_H1,False,False
h8_inputs_resource,artifacts/hchain_h8_memory_safe_extension_20261004/inputs/resource_audit.json,/systems/H8/memory_events/75/VmSwap_bytes,0,bytes,shared_preparation_reference_not_incremental_H1,False,False
h8_inputs_resource,artifacts/hchain_h8_memory_safe_extension_20261004/inputs/resource_audit.json,/systems/H8/memory_events/75/allocation_count_scope,instrumented Python-owned full-sector objects; native temporaries unobserved,metadata_or_saved_count,shared_preparation_reference_not_incremental_H1,False,False
h8_inputs_resource,artifacts/hchain_h8_memory_safe_extension_20261004/inputs/resource_audit.json,/systems/H8/memory_events/75/explicit_large_allocation_count,0,metadata_or_saved_count,shared_preparation_reference_not_incremental_H1,False,False
h8_inputs_resource,artifacts/hchain_h8_memory_safe_extension_20261004/inputs/resource_audit.json,/systems/H8/memory_events/75/largest_object_bytes,531604,bytes,shared_preparation_reference_not_incremental_H1,False,False
h8_inputs_resource,artifacts/hchain_h8_memory_safe_extension_20261004/inputs/resource_audit.json,/systems/H8/memory_events/75/simultaneously_live_full_sector_dense_matrices,0,metadata_or_saved_count,shared_preparation_reference_not_incremental_H1,False,False
h8_inputs_resource,artifacts/hchain_h8_memory_safe_extension_20261004/inputs/resource_audit.json,/systems/H8/memory_events/75/stage,group_generation,metadata_or_saved_count,shared_preparation_reference_not_incremental_H1,False,False
h8_inputs_resource,artifacts/hchain_h8_memory_safe_extension_20261004/inputs/resource_audit.json,/systems/H8/memory_events/76/VmHWM_bytes,339337216,bytes,shared_preparation_reference_not_incremental_H1,False,False
h8_inputs_resource,artifacts/hchain_h8_memory_safe_extension_20261004/inputs/resource_audit.json,/systems/H8/memory_events/76/VmRSS_bytes,318885888,bytes,shared_preparation_reference_not_incremental_H1,False,False
h8_inputs_resource,artifacts/hchain_h8_memory_safe_extension_20261004/inputs/resource_audit.json,/systems/H8/memory_events/76/VmSwap_bytes,0,bytes,shared_preparation_reference_not_incremental_H1,False,False
h8_inputs_resource,artifacts/hchain_h8_memory_safe_extension_20261004/inputs/resource_audit.json,/systems/H8/memory_events/76/allocation_count_scope,instrumented Python-owned full-sector objects; native temporaries unobserved,metadata_or_saved_count,shared_preparation_reference_not_incremental_H1,False,False
h8_inputs_resource,artifacts/hchain_h8_memory_safe_extension_20261004/inputs/resource_audit.json,/systems/H8/memory_events/76/explicit_large_allocation_count,0,metadata_or_saved_count,shared_preparation_reference_not_incremental_H1,False,False
h8_inputs_resource,artifacts/hchain_h8_memory_safe_extension_20261004/inputs/resource_audit.json,/systems/H8/memory_events/76/largest_object_bytes,531604,bytes,shared_preparation_reference_not_incremental_H1,False,False
h8_inputs_resource,artifacts/hchain_h8_memory_safe_extension_20261004/inputs/resource_audit.json,/systems/H8/memory_events/76/simultaneously_live_full_sector_dense_matrices,0,metadata_or_saved_count,shared_preparation_reference_not_incremental_H1,False,False
h8_inputs_resource,artifacts/hchain_h8_memory_safe_extension_20261004/inputs/resource_audit.json,/systems/H8/memory_events/76/stage,group_generation,metadata_or_saved_count,shared_preparation_reference_not_incremental_H1,False,False
h8_inputs_resource,artifacts/hchain_h8_memory_safe_extension_20261004/inputs/resource_audit.json,/systems/H8/memory_events/77/VmHWM_bytes,339337216,bytes,shared_preparation_reference_not_incremental_H1,False,False
h8_inputs_resource,artifacts/hchain_h8_memory_safe_extension_20261004/inputs/resource_audit.json,/systems/H8/memory_events/77/VmRSS_bytes,332255232,bytes,shared_preparation_reference_not_incremental_H1,False,False
h8_inputs_resource,artifacts/hchain_h8_memory_safe_extension_20261004/inputs/resource_audit.json,/systems/H8/memory_events/77/VmSwap_bytes,0,bytes,shared_preparation_reference_not_incremental_H1,False,False
h8_inputs_resource,artifacts/hchain_h8_memory_safe_extension_20261004/inputs/resource_audit.json,/systems/H8/memory_events/77/allocation_count_scope,instrumented Python-owned full-sector objects; native temporaries unobserved,metadata_or_saved_count,shared_preparation_reference_not_incremental_H1,False,False
h8_inputs_resource,artifacts/hchain_h8_memory_safe_extension_20261004/inputs/resource_audit.json,/systems/H8/memory_events/77/explicit_large_allocation_count,0,metadata_or_saved_count,shared_preparation_reference_not_incremental_H1,False,False
h8_inputs_resource,artifacts/hchain_h8_memory_safe_extension_20261004/inputs/resource_audit.json,/systems/H8/memory_events/77/largest_object_bytes,531604,bytes,shared_preparation_reference_not_incremental_H1,False,False
h8_inputs_resource,artifacts/hchain_h8_memory_safe_extension_20261004/inputs/resource_audit.json,/systems/H8/memory_events/77/simultaneously_live_full_sector_dense_matrices,0,metadata_or_saved_count,shared_preparation_reference_not_incremental_H1,False,False
h8_inputs_resource,artifacts/hchain_h8_memory_safe_extension_20261004/inputs/resource_audit.json,/systems/H8/memory_events/77/stage,group_generation,metadata_or_saved_count,shared_preparation_reference_not_incremental_H1,False,False
h8_inputs_resource,artifacts/hchain_h8_memory_safe_extension_20261004/inputs/resource_audit.json,/systems/H8/memory_events/78/VmHWM_bytes,345718784,bytes,shared_preparation_reference_not_incremental_H1,False,False
h8_inputs_resource,artifacts/hchain_h8_memory_safe_extension_20261004/inputs/resource_audit.json,/systems/H8/memory_events/78/VmRSS_bytes,332460032,bytes,shared_preparation_reference_not_incremental_H1,False,False
h8_inputs_resource,artifacts/hchain_h8_memory_safe_extension_20261004/inputs/resource_audit.json,/systems/H8/memory_events/78/VmSwap_bytes,0,bytes,shared_preparation_reference_not_incremental_H1,False,False
h8_inputs_resource,artifacts/hchain_h8_memory_safe_extension_20261004/inputs/resource_audit.json,/systems/H8/memory_events/78/allocation_count_scope,instrumented Python-owned full-sector objects; native temporaries unobserved,metadata_or_saved_count,shared_preparation_reference_not_incremental_H1,False,False
h8_inputs_resource,artifacts/hchain_h8_memory_safe_extension_20261004/inputs/resource_audit.json,/systems/H8/memory_events/78/explicit_large_allocation_count,0,metadata_or_saved_count,shared_preparation_reference_not_incremental_H1,False,False
h8_inputs_resource,artifacts/hchain_h8_memory_safe_extension_20261004/inputs/resource_audit.json,/systems/H8/memory_events/78/largest_object_bytes,531604,bytes,shared_preparation_reference_not_incremental_H1,False,False
h8_inputs_resource,artifacts/hchain_h8_memory_safe_extension_20261004/inputs/resource_audit.json,/systems/H8/memory_events/78/simultaneously_live_full_sector_dense_matrices,0,metadata_or_saved_count,shared_preparation_reference_not_incremental_H1,False,False
h8_inputs_resource,artifacts/hchain_h8_memory_safe_extension_20261004/inputs/resource_audit.json,/systems/H8/memory_events/78/stage,group_generation,metadata_or_saved_count,shared_preparation_reference_not_incremental_H1,False,False
h8_inputs_resource,artifacts/hchain_h8_memory_safe_extension_20261004/inputs/resource_audit.json,/systems/H8/memory_events/79/VmHWM_bytes,345718784,bytes,shared_preparation_reference_not_incremental_H1,False,False
h8_inputs_resource,artifacts/hchain_h8_memory_safe_extension_20261004/inputs/resource_audit.json,/systems/H8/memory_events/79/VmRSS_bytes,318988288,bytes,shared_preparation_reference_not_incremental_H1,False,False
h8_inputs_resource,artifacts/hchain_h8_memory_safe_extension_20261004/inputs/resource_audit.json,/systems/H8/memory_events/79/VmSwap_bytes,0,bytes,shared_preparation_reference_not_incremental_H1,False,False
h8_inputs_resource,artifacts/hchain_h8_memory_safe_extension_20261004/inputs/resource_audit.json,/systems/H8/memory_events/79/allocation_count_scope,instrumented Python-owned full-sector objects; native temporaries unobserved,metadata_or_saved_count,shared_preparation_reference_not_incremental_H1,False,False
h8_inputs_resource,artifacts/hchain_h8_memory_safe_extension_20261004/inputs/resource_audit.json,/systems/H8/memory_events/79/explicit_large_allocation_count,0,metadata_or_saved_count,shared_preparation_reference_not_incremental_H1,False,False
h8_inputs_resource,artifacts/hchain_h8_memory_safe_extension_20261004/inputs/resource_audit.json,/systems/H8/memory_events/79/largest_object_bytes,531604,bytes,shared_preparation_reference_not_incremental_H1,False,False
h8_inputs_resource,artifacts/hchain_h8_memory_safe_extension_20261004/inputs/resource_audit.json,/systems/H8/memory_events/79/simultaneously_live_full_sector_dense_matrices,0,metadata_or_saved_count,shared_preparation_reference_not_incremental_H1,False,False
h8_inputs_resource,artifacts/hchain_h8_memory_safe_extension_20261004/inputs/resource_audit.json,/systems/H8/memory_events/79/stage,group_generation,metadata_or_saved_count,shared_preparation_reference_not_incremental_H1,False,False
h8_inputs_resource,artifacts/hchain_h8_memory_safe_extension_20261004/inputs/resource_audit.json,/systems/H8/memory_events/80/VmHWM_bytes,345718784,bytes,shared_preparation_reference_not_incremental_H1,False,False
h8_inputs_resource,artifacts/hchain_h8_memory_safe_extension_20261004/inputs/resource_audit.json,/systems/H8/memory_events/80/VmRSS_bytes,304873472,bytes,shared_preparation_reference_not_incremental_H1,False,False
h8_inputs_resource,artifacts/hchain_h8_memory_safe_extension_20261004/inputs/resource_audit.json,/systems/H8/memory_events/80/VmSwap_bytes,0,bytes,shared_preparation_reference_not_incremental_H1,False,False
h8_inputs_resource,artifacts/hchain_h8_memory_safe_extension_20261004/inputs/resource_audit.json,/systems/H8/memory_events/80/allocation_count_scope,instrumented Python-owned full-sector objects; native temporaries unobserved,metadata_or_saved_count,shared_preparation_reference_not_incremental_H1,False,False
h8_inputs_resource,artifacts/hchain_h8_memory_safe_extension_20261004/inputs/resource_audit.json,/systems/H8/memory_events/80/explicit_large_allocation_count,0,metadata_or_saved_count,shared_preparation_reference_not_incremental_H1,False,False
h8_inputs_resource,artifacts/hchain_h8_memory_safe_extension_20261004/inputs/resource_audit.json,/systems/H8/memory_events/80/largest_object_bytes,531604,bytes,shared_preparation_reference_not_incremental_H1,False,False
h8_inputs_resource,artifacts/hchain_h8_memory_safe_extension_20261004/inputs/resource_audit.json,/systems/H8/memory_events/80/simultaneously_live_full_sector_dense_matrices,0,metadata_or_saved_count,shared_preparation_reference_not_incremental_H1,False,False
h8_inputs_resource,artifacts/hchain_h8_memory_safe_extension_20261004/inputs/resource_audit.json,/systems/H8/memory_events/80/stage,group_generation,metadata_or_saved_count,shared_preparation_reference_not_incremental_H1,False,False
h8_inputs_resource,artifacts/hchain_h8_memory_safe_extension_20261004/inputs/resource_audit.json,/systems/H8/memory_events/81/VmHWM_bytes,345718784,bytes,shared_preparation_reference_not_incremental_H1,False,False
h8_inputs_resource,artifacts/hchain_h8_memory_safe_extension_20261004/inputs/resource_audit.json,/systems/H8/memory_events/81/VmRSS_bytes,307212288,bytes,shared_preparation_reference_not_incremental_H1,False,False
h8_inputs_resource,artifacts/hchain_h8_memory_safe_extension_20261004/inputs/resource_audit.json,/systems/H8/memory_events/81/VmSwap_bytes,0,bytes,shared_preparation_reference_not_incremental_H1,False,False
h8_inputs_resource,artifacts/hchain_h8_memory_safe_extension_20261004/inputs/resource_audit.json,/systems/H8/memory_events/81/allocation_count_scope,instrumented Python-owned full-sector objects; native temporaries unobserved,metadata_or_saved_count,shared_preparation_reference_not_incremental_H1,False,False
h8_inputs_resource,artifacts/hchain_h8_memory_safe_extension_20261004/inputs/resource_audit.json,/systems/H8/memory_events/81/explicit_large_allocation_count,0,metadata_or_saved_count,shared_preparation_reference_not_incremental_H1,False,False
h8_inputs_resource,artifacts/hchain_h8_memory_safe_extension_20261004/inputs/resource_audit.json,/systems/H8/memory_events/81/largest_object_bytes,531604,bytes,shared_preparation_reference_not_incremental_H1,False,False
h8_inputs_resource,artifacts/hchain_h8_memory_safe_extension_20261004/inputs/resource_audit.json,/systems/H8/memory_events/81/simultaneously_live_full_sector_dense_matrices,0,metadata_or_saved_count,shared_preparation_reference_not_incremental_H1,False,False
h8_inputs_resource,artifacts/hchain_h8_memory_safe_extension_20261004/inputs/resource_audit.json,/systems/H8/memory_events/81/stage,group_generation,metadata_or_saved_count,shared_preparation_reference_not_incremental_H1,False,False
h8_inputs_resource,artifacts/hchain_h8_memory_safe_extension_20261004/inputs/resource_audit.json,/systems/H8/memory_events/82/VmHWM_bytes,345718784,bytes,shared_preparation_reference_not_incremental_H1,False,False
h8_inputs_resource,artifacts/hchain_h8_memory_safe_extension_20261004/inputs/resource_audit.json,/systems/H8/memory_events/82/VmRSS_bytes,307212288,bytes,shared_preparation_reference_not_incremental_H1,False,False
h8_inputs_resource,artifacts/hchain_h8_memory_safe_extension_20261004/inputs/resource_audit.json,/systems/H8/memory_events/82/VmSwap_bytes,0,bytes,shared_preparation_reference_not_incremental_H1,False,False
h8_inputs_resource,artifacts/hchain_h8_memory_safe_extension_20261004/inputs/resource_audit.json,/systems/H8/memory_events/82/allocation_count_scope,instrumented Python-owned full-sector objects; native temporaries unobserved,metadata_or_saved_count,shared_preparation_reference_not_incremental_H1,False,False
h8_inputs_resource,artifacts/hchain_h8_memory_safe_extension_20261004/inputs/resource_audit.json,/systems/H8/memory_events/82/explicit_large_allocation_count,0,metadata_or_saved_count,shared_preparation_reference_not_incremental_H1,False,False
h8_inputs_resource,artifacts/hchain_h8_memory_safe_extension_20261004/inputs/resource_audit.json,/systems/H8/memory_events/82/largest_object_bytes,531604,bytes,shared_preparation_reference_not_incremental_H1,False,False
h8_inputs_resource,artifacts/hchain_h8_memory_safe_extension_20261004/inputs/resource_audit.json,/systems/H8/memory_events/82/simultaneously_live_full_sector_dense_matrices,0,metadata_or_saved_count,shared_preparation_reference_not_incremental_H1,False,False
h8_inputs_resource,artifacts/hchain_h8_memory_safe_extension_20261004/inputs/resource_audit.json,/systems/H8/memory_events/82/stage,group_generation,metadata_or_saved_count,shared_preparation_reference_not_incremental_H1,False,False
h8_inputs_resource,artifacts/hchain_h8_memory_safe_extension_20261004/inputs/resource_audit.json,/systems/H8/memory_events/83/VmHWM_bytes,345718784,bytes,shared_preparation_reference_not_incremental_H1,False,False
h8_inputs_resource,artifacts/hchain_h8_memory_safe_extension_20261004/inputs/resource_audit.json,/systems/H8/memory_events/83/VmRSS_bytes,312610816,bytes,shared_preparation_reference_not_incremental_H1,False,False
h8_inputs_resource,artifacts/hchain_h8_memory_safe_extension_20261004/inputs/resource_audit.json,/systems/H8/memory_events/83/VmSwap_bytes,0,bytes,shared_preparation_reference_not_incremental_H1,False,False
h8_inputs_resource,artifacts/hchain_h8_memory_safe_extension_20261004/inputs/resource_audit.json,/systems/H8/memory_events/83/allocation_count_scope,instrumented Python-owned full-sector objects; native temporaries unobserved,metadata_or_saved_count,shared_preparation_reference_not_incremental_H1,False,False
h8_inputs_resource,artifacts/hchain_h8_memory_safe_extension_20261004/inputs/resource_audit.json,/systems/H8/memory_events/83/explicit_large_allocation_count,0,metadata_or_saved_count,shared_preparation_reference_not_incremental_H1,False,False
h8_inputs_resource,artifacts/hchain_h8_memory_safe_extension_20261004/inputs/resource_audit.json,/systems/H8/memory_events/83/largest_object_bytes,531604,bytes,shared_preparation_reference_not_incremental_H1,False,False
h8_inputs_resource,artifacts/hchain_h8_memory_safe_extension_20261004/inputs/resource_audit.json,/systems/H8/memory_events/83/simultaneously_live_full_sector_dense_matrices,0,metadata_or_saved_count,shared_preparation_reference_not_incremental_H1,False,False
h8_inputs_resource,artifacts/hchain_h8_memory_safe_extension_20261004/inputs/resource_audit.json,/systems/H8/memory_events/83/stage,group_generation,metadata_or_saved_count,shared_preparation_reference_not_incremental_H1,False,False
h8_inputs_resource,artifacts/hchain_h8_memory_safe_extension_20261004/inputs/resource_audit.json,/systems/H8/memory_events/84/VmHWM_bytes,345718784,bytes,shared_preparation_reference_not_incremental_H1,False,False
h8_inputs_resource,artifacts/hchain_h8_memory_safe_extension_20261004/inputs/resource_audit.json,/systems/H8/memory_events/84/VmRSS_bytes,312610816,bytes,shared_preparation_reference_not_incremental_H1,False,False
h8_inputs_resource,artifacts/hchain_h8_memory_safe_extension_20261004/inputs/resource_audit.json,/systems/H8/memory_events/84/VmSwap_bytes,0,bytes,shared_preparation_reference_not_incremental_H1,False,False
h8_inputs_resource,artifacts/hchain_h8_memory_safe_extension_20261004/inputs/resource_audit.json,/systems/H8/memory_events/84/allocation_count_scope,instrumented Python-owned full-sector objects; native temporaries unobserved,metadata_or_saved_count,shared_preparation_reference_not_incremental_H1,False,False
h8_inputs_resource,artifacts/hchain_h8_memory_safe_extension_20261004/inputs/resource_audit.json,/systems/H8/memory_events/84/explicit_large_allocation_count,0,metadata_or_saved_count,shared_preparation_reference_not_incremental_H1,False,False
h8_inputs_resource,artifacts/hchain_h8_memory_safe_extension_20261004/inputs/resource_audit.json,/systems/H8/memory_events/84/largest_object_bytes,531604,bytes,shared_preparation_reference_not_incremental_H1,False,False
h8_inputs_resource,artifacts/hchain_h8_memory_safe_extension_20261004/inputs/resource_audit.json,/systems/H8/memory_events/84/simultaneously_live_full_sector_dense_matrices,0,metadata_or_saved_count,shared_preparation_reference_not_incremental_H1,False,False
h8_inputs_resource,artifacts/hchain_h8_memory_safe_extension_20261004/inputs/resource_audit.json,/systems/H8/memory_events/84/stage,group_generation,metadata_or_saved_count,shared_preparation_reference_not_incremental_H1,False,False
h8_inputs_resource,artifacts/hchain_h8_memory_safe_extension_20261004/inputs/resource_audit.json,/systems/H8/memory_events/85/VmHWM_bytes,345718784,bytes,shared_preparation_reference_not_incremental_H1,False,False
h8_inputs_resource,artifacts/hchain_h8_memory_safe_extension_20261004/inputs/resource_audit.json,/systems/H8/memory_events/85/VmRSS_bytes,307281920,bytes,shared_preparation_reference_not_incremental_H1,False,False
h8_inputs_resource,artifacts/hchain_h8_memory_safe_extension_20261004/inputs/resource_audit.json,/systems/H8/memory_events/85/VmSwap_bytes,0,bytes,shared_preparation_reference_not_incremental_H1,False,False
h8_inputs_resource,artifacts/hchain_h8_memory_safe_extension_20261004/inputs/resource_audit.json,/systems/H8/memory_events/85/allocation_count_scope,instrumented Python-owned full-sector objects; native temporaries unobserved,metadata_or_saved_count,shared_preparation_reference_not_incremental_H1,False,False
h8_inputs_resource,artifacts/hchain_h8_memory_safe_extension_20261004/inputs/resource_audit.json,/systems/H8/memory_events/85/explicit_large_allocation_count,0,metadata_or_saved_count,shared_preparation_reference_not_incremental_H1,False,False
h8_inputs_resource,artifacts/hchain_h8_memory_safe_extension_20261004/inputs/resource_audit.json,/systems/H8/memory_events/85/largest_object_bytes,531604,bytes,shared_preparation_reference_not_incremental_H1,False,False
h8_inputs_resource,artifacts/hchain_h8_memory_safe_extension_20261004/inputs/resource_audit.json,/systems/H8/memory_events/85/simultaneously_live_full_sector_dense_matrices,0,metadata_or_saved_count,shared_preparation_reference_not_incremental_H1,False,False
h8_inputs_resource,artifacts/hchain_h8_memory_safe_extension_20261004/inputs/resource_audit.json,/systems/H8/memory_events/85/stage,group_generation,metadata_or_saved_count,shared_preparation_reference_not_incremental_H1,False,False
h8_inputs_resource,artifacts/hchain_h8_memory_safe_extension_20261004/inputs/resource_audit.json,/systems/H8/memory_events/86/VmHWM_bytes,345718784,bytes,shared_preparation_reference_not_incremental_H1,False,False
h8_inputs_resource,artifacts/hchain_h8_memory_safe_extension_20261004/inputs/resource_audit.json,/systems/H8/memory_events/86/VmRSS_bytes,323272704,bytes,shared_preparation_reference_not_incremental_H1,False,False
h8_inputs_resource,artifacts/hchain_h8_memory_safe_extension_20261004/inputs/resource_audit.json,/systems/H8/memory_events/86/VmSwap_bytes,0,bytes,shared_preparation_reference_not_incremental_H1,False,False
h8_inputs_resource,artifacts/hchain_h8_memory_safe_extension_20261004/inputs/resource_audit.json,/systems/H8/memory_events/86/allocation_count_scope,instrumented Python-owned full-sector objects; native temporaries unobserved,metadata_or_saved_count,shared_preparation_reference_not_incremental_H1,False,False
h8_inputs_resource,artifacts/hchain_h8_memory_safe_extension_20261004/inputs/resource_audit.json,/systems/H8/memory_events/86/explicit_large_allocation_count,0,metadata_or_saved_count,shared_preparation_reference_not_incremental_H1,False,False
h8_inputs_resource,artifacts/hchain_h8_memory_safe_extension_20261004/inputs/resource_audit.json,/systems/H8/memory_events/86/largest_object_bytes,531604,bytes,shared_preparation_reference_not_incremental_H1,False,False
h8_inputs_resource,artifacts/hchain_h8_memory_safe_extension_20261004/inputs/resource_audit.json,/systems/H8/memory_events/86/simultaneously_live_full_sector_dense_matrices,0,metadata_or_saved_count,shared_preparation_reference_not_incremental_H1,False,False
h8_inputs_resource,artifacts/hchain_h8_memory_safe_extension_20261004/inputs/resource_audit.json,/systems/H8/memory_events/86/stage,group_generation,metadata_or_saved_count,shared_preparation_reference_not_incremental_H1,False,False
h8_inputs_resource,artifacts/hchain_h8_memory_safe_extension_20261004/inputs/resource_audit.json,/systems/H8/memory_events/87/VmHWM_bytes,345718784,bytes,shared_preparation_reference_not_incremental_H1,False,False
h8_inputs_resource,artifacts/hchain_h8_memory_safe_extension_20261004/inputs/resource_audit.json,/systems/H8/memory_events/87/VmRSS_bytes,309239808,bytes,shared_preparation_reference_not_incremental_H1,False,False
h8_inputs_resource,artifacts/hchain_h8_memory_safe_extension_20261004/inputs/resource_audit.json,/systems/H8/memory_events/87/VmSwap_bytes,0,bytes,shared_preparation_reference_not_incremental_H1,False,False
h8_inputs_resource,artifacts/hchain_h8_memory_safe_extension_20261004/inputs/resource_audit.json,/systems/H8/memory_events/87/allocation_count_scope,instrumented Python-owned full-sector objects; native temporaries unobserved,metadata_or_saved_count,shared_preparation_reference_not_incremental_H1,False,False
h8_inputs_resource,artifacts/hchain_h8_memory_safe_extension_20261004/inputs/resource_audit.json,/systems/H8/memory_events/87/explicit_large_allocation_count,0,metadata_or_saved_count,shared_preparation_reference_not_incremental_H1,False,False
h8_inputs_resource,artifacts/hchain_h8_memory_safe_extension_20261004/inputs/resource_audit.json,/systems/H8/memory_events/87/largest_object_bytes,531604,bytes,shared_preparation_reference_not_incremental_H1,False,False
h8_inputs_resource,artifacts/hchain_h8_memory_safe_extension_20261004/inputs/resource_audit.json,/systems/H8/memory_events/87/simultaneously_live_full_sector_dense_matrices,0,metadata_or_saved_count,shared_preparation_reference_not_incremental_H1,False,False
h8_inputs_resource,artifacts/hchain_h8_memory_safe_extension_20261004/inputs/resource_audit.json,/systems/H8/memory_events/87/stage,group_generation,metadata_or_saved_count,shared_preparation_reference_not_incremental_H1,False,False
h8_inputs_resource,artifacts/hchain_h8_memory_safe_extension_20261004/inputs/resource_audit.json,/systems/H8/memory_events/88/VmHWM_bytes,345718784,bytes,shared_preparation_reference_not_incremental_H1,False,False
h8_inputs_resource,artifacts/hchain_h8_memory_safe_extension_20261004/inputs/resource_audit.json,/systems/H8/memory_events/88/VmRSS_bytes,323264512,bytes,shared_preparation_reference_not_incremental_H1,False,False
h8_inputs_resource,artifacts/hchain_h8_memory_safe_extension_20261004/inputs/resource_audit.json,/systems/H8/memory_events/88/VmSwap_bytes,0,bytes,shared_preparation_reference_not_incremental_H1,False,False
h8_inputs_resource,artifacts/hchain_h8_memory_safe_extension_20261004/inputs/resource_audit.json,/systems/H8/memory_events/88/allocation_count_scope,instrumented Python-owned full-sector objects; native temporaries unobserved,metadata_or_saved_count,shared_preparation_reference_not_incremental_H1,False,False
h8_inputs_resource,artifacts/hchain_h8_memory_safe_extension_20261004/inputs/resource_audit.json,/systems/H8/memory_events/88/explicit_large_allocation_count,0,metadata_or_saved_count,shared_preparation_reference_not_incremental_H1,False,False
h8_inputs_resource,artifacts/hchain_h8_memory_safe_extension_20261004/inputs/resource_audit.json,/systems/H8/memory_events/88/largest_object_bytes,531604,bytes,shared_preparation_reference_not_incremental_H1,False,False
h8_inputs_resource,artifacts/hchain_h8_memory_safe_extension_20261004/inputs/resource_audit.json,/systems/H8/memory_events/88/simultaneously_live_full_sector_dense_matrices,0,metadata_or_saved_count,shared_preparation_reference_not_incremental_H1,False,False
h8_inputs_resource,artifacts/hchain_h8_memory_safe_extension_20261004/inputs/resource_audit.json,/systems/H8/memory_events/88/stage,group_generation,metadata_or_saved_count,shared_preparation_reference_not_incremental_H1,False,False
h8_inputs_resource,artifacts/hchain_h8_memory_safe_extension_20261004/inputs/resource_audit.json,/systems/H8/memory_events/89/VmHWM_bytes,345718784,bytes,shared_preparation_reference_not_incremental_H1,False,False
h8_inputs_resource,artifacts/hchain_h8_memory_safe_extension_20261004/inputs/resource_audit.json,/systems/H8/memory_events/89/VmRSS_bytes,323534848,bytes,shared_preparation_reference_not_incremental_H1,False,False
h8_inputs_resource,artifacts/hchain_h8_memory_safe_extension_20261004/inputs/resource_audit.json,/systems/H8/memory_events/89/VmSwap_bytes,0,bytes,shared_preparation_reference_not_incremental_H1,False,False
h8_inputs_resource,artifacts/hchain_h8_memory_safe_extension_20261004/inputs/resource_audit.json,/systems/H8/memory_events/89/allocation_count_scope,instrumented Python-owned full-sector objects; native temporaries unobserved,metadata_or_saved_count,shared_preparation_reference_not_incremental_H1,False,False
h8_inputs_resource,artifacts/hchain_h8_memory_safe_extension_20261004/inputs/resource_audit.json,/systems/H8/memory_events/89/explicit_large_allocation_count,0,metadata_or_saved_count,shared_preparation_reference_not_incremental_H1,False,False
h8_inputs_resource,artifacts/hchain_h8_memory_safe_extension_20261004/inputs/resource_audit.json,/systems/H8/memory_events/89/largest_object_bytes,531604,bytes,shared_preparation_reference_not_incremental_H1,False,False
h8_inputs_resource,artifacts/hchain_h8_memory_safe_extension_20261004/inputs/resource_audit.json,/systems/H8/memory_events/89/simultaneously_live_full_sector_dense_matrices,0,metadata_or_saved_count,shared_preparation_reference_not_incremental_H1,False,False
h8_inputs_resource,artifacts/hchain_h8_memory_safe_extension_20261004/inputs/resource_audit.json,/systems/H8/memory_events/89/stage,group_generation,metadata_or_saved_count,shared_preparation_reference_not_incremental_H1,False,False
h8_inputs_resource,artifacts/hchain_h8_memory_safe_extension_20261004/inputs/resource_audit.json,/systems/H8/memory_events/90/VmHWM_bytes,345718784,bytes,shared_preparation_reference_not_incremental_H1,False,False
h8_inputs_resource,artifacts/hchain_h8_memory_safe_extension_20261004/inputs/resource_audit.json,/systems/H8/memory_events/90/VmRSS_bytes,309370880,bytes,shared_preparation_reference_not_incremental_H1,False,False
h8_inputs_resource,artifacts/hchain_h8_memory_safe_extension_20261004/inputs/resource_audit.json,/systems/H8/memory_events/90/VmSwap_bytes,0,bytes,shared_preparation_reference_not_incremental_H1,False,False
h8_inputs_resource,artifacts/hchain_h8_memory_safe_extension_20261004/inputs/resource_audit.json,/systems/H8/memory_events/90/allocation_count_scope,instrumented Python-owned full-sector objects; native temporaries unobserved,metadata_or_saved_count,shared_preparation_reference_not_incremental_H1,False,False
h8_inputs_resource,artifacts/hchain_h8_memory_safe_extension_20261004/inputs/resource_audit.json,/systems/H8/memory_events/90/explicit_large_allocation_count,0,metadata_or_saved_count,shared_preparation_reference_not_incremental_H1,False,False
h8_inputs_resource,artifacts/hchain_h8_memory_safe_extension_20261004/inputs/resource_audit.json,/systems/H8/memory_events/90/largest_object_bytes,531604,bytes,shared_preparation_reference_not_incremental_H1,False,False
h8_inputs_resource,artifacts/hchain_h8_memory_safe_extension_20261004/inputs/resource_audit.json,/systems/H8/memory_events/90/simultaneously_live_full_sector_dense_matrices,0,metadata_or_saved_count,shared_preparation_reference_not_incremental_H1,False,False
h8_inputs_resource,artifacts/hchain_h8_memory_safe_extension_20261004/inputs/resource_audit.json,/systems/H8/memory_events/90/stage,group_generation,metadata_or_saved_count,shared_preparation_reference_not_incremental_H1,False,False
h8_inputs_resource,artifacts/hchain_h8_memory_safe_extension_20261004/inputs/resource_audit.json,/systems/H8/memory_events/91/VmHWM_bytes,345718784,bytes,shared_preparation_reference_not_incremental_H1,False,False
h8_inputs_resource,artifacts/hchain_h8_memory_safe_extension_20261004/inputs/resource_audit.json,/systems/H8/memory_events/91/VmRSS_bytes,321761280,bytes,shared_preparation_reference_not_incremental_H1,False,False
h8_inputs_resource,artifacts/hchain_h8_memory_safe_extension_20261004/inputs/resource_audit.json,/systems/H8/memory_events/91/VmSwap_bytes,0,bytes,shared_preparation_reference_not_incremental_H1,False,False
h8_inputs_resource,artifacts/hchain_h8_memory_safe_extension_20261004/inputs/resource_audit.json,/systems/H8/memory_events/91/allocation_count_scope,instrumented Python-owned full-sector objects; native temporaries unobserved,metadata_or_saved_count,shared_preparation_reference_not_incremental_H1,False,False
h8_inputs_resource,artifacts/hchain_h8_memory_safe_extension_20261004/inputs/resource_audit.json,/systems/H8/memory_events/91/explicit_large_allocation_count,0,metadata_or_saved_count,shared_preparation_reference_not_incremental_H1,False,False
h8_inputs_resource,artifacts/hchain_h8_memory_safe_extension_20261004/inputs/resource_audit.json,/systems/H8/memory_events/91/largest_object_bytes,531604,bytes,shared_preparation_reference_not_incremental_H1,False,False
h8_inputs_resource,artifacts/hchain_h8_memory_safe_extension_20261004/inputs/resource_audit.json,/systems/H8/memory_events/91/simultaneously_live_full_sector_dense_matrices,0,metadata_or_saved_count,shared_preparation_reference_not_incremental_H1,False,False
h8_inputs_resource,artifacts/hchain_h8_memory_safe_extension_20261004/inputs/resource_audit.json,/systems/H8/memory_events/91/stage,group_generation,metadata_or_saved_count,shared_preparation_reference_not_incremental_H1,False,False
h8_inputs_resource,artifacts/hchain_h8_memory_safe_extension_20261004/inputs/resource_audit.json,/systems/H8/memory_events/92/VmHWM_bytes,345718784,bytes,shared_preparation_reference_not_incremental_H1,False,False
h8_inputs_resource,artifacts/hchain_h8_memory_safe_extension_20261004/inputs/resource_audit.json,/systems/H8/memory_events/92/VmRSS_bytes,336072704,bytes,shared_preparation_reference_not_incremental_H1,False,False
h8_inputs_resource,artifacts/hchain_h8_memory_safe_extension_20261004/inputs/resource_audit.json,/systems/H8/memory_events/92/VmSwap_bytes,0,bytes,shared_preparation_reference_not_incremental_H1,False,False
h8_inputs_resource,artifacts/hchain_h8_memory_safe_extension_20261004/inputs/resource_audit.json,/systems/H8/memory_events/92/allocation_count_scope,instrumented Python-owned full-sector objects; native temporaries unobserved,metadata_or_saved_count,shared_preparation_reference_not_incremental_H1,False,False
h8_inputs_resource,artifacts/hchain_h8_memory_safe_extension_20261004/inputs/resource_audit.json,/systems/H8/memory_events/92/explicit_large_allocation_count,0,metadata_or_saved_count,shared_preparation_reference_not_incremental_H1,False,False
h8_inputs_resource,artifacts/hchain_h8_memory_safe_extension_20261004/inputs/resource_audit.json,/systems/H8/memory_events/92/largest_object_bytes,531604,bytes,shared_preparation_reference_not_incremental_H1,False,False
h8_inputs_resource,artifacts/hchain_h8_memory_safe_extension_20261004/inputs/resource_audit.json,/systems/H8/memory_events/92/simultaneously_live_full_sector_dense_matrices,0,metadata_or_saved_count,shared_preparation_reference_not_incremental_H1,False,False
h8_inputs_resource,artifacts/hchain_h8_memory_safe_extension_20261004/inputs/resource_audit.json,/systems/H8/memory_events/92/stage,group_generation,metadata_or_saved_count,shared_preparation_reference_not_incremental_H1,False,False
h8_inputs_resource,artifacts/hchain_h8_memory_safe_extension_20261004/inputs/resource_audit.json,/systems/H8/memory_events/93/VmHWM_bytes,345718784,bytes,shared_preparation_reference_not_incremental_H1,False,False
h8_inputs_resource,artifacts/hchain_h8_memory_safe_extension_20261004/inputs/resource_audit.json,/systems/H8/memory_events/93/VmRSS_bytes,336072704,bytes,shared_preparation_reference_not_incremental_H1,False,False
h8_inputs_resource,artifacts/hchain_h8_memory_safe_extension_20261004/inputs/resource_audit.json,/systems/H8/memory_events/93/VmSwap_bytes,0,bytes,shared_preparation_reference_not_incremental_H1,False,False
h8_inputs_resource,artifacts/hchain_h8_memory_safe_extension_20261004/inputs/resource_audit.json,/systems/H8/memory_events/93/allocation_count_scope,instrumented Python-owned full-sector objects; native temporaries unobserved,metadata_or_saved_count,shared_preparation_reference_not_incremental_H1,False,False
h8_inputs_resource,artifacts/hchain_h8_memory_safe_extension_20261004/inputs/resource_audit.json,/systems/H8/memory_events/93/explicit_large_allocation_count,0,metadata_or_saved_count,shared_preparation_reference_not_incremental_H1,False,False
h8_inputs_resource,artifacts/hchain_h8_memory_safe_extension_20261004/inputs/resource_audit.json,/systems/H8/memory_events/93/largest_object_bytes,531604,bytes,shared_preparation_reference_not_incremental_H1,False,False
h8_inputs_resource,artifacts/hchain_h8_memory_safe_extension_20261004/inputs/resource_audit.json,/systems/H8/memory_events/93/simultaneously_live_full_sector_dense_matrices,0,metadata_or_saved_count,shared_preparation_reference_not_incremental_H1,False,False
h8_inputs_resource,artifacts/hchain_h8_memory_safe_extension_20261004/inputs/resource_audit.json,/systems/H8/memory_events/93/stage,group_generation,metadata_or_saved_count,shared_preparation_reference_not_incremental_H1,False,False
h8_inputs_resource,artifacts/hchain_h8_memory_safe_extension_20261004/inputs/resource_audit.json,/systems/H8/memory_events/94/VmHWM_bytes,345718784,bytes,shared_preparation_reference_not_incremental_H1,False,False
h8_inputs_resource,artifacts/hchain_h8_memory_safe_extension_20261004/inputs/resource_audit.json,/systems/H8/memory_events/94/VmRSS_bytes,336334848,bytes,shared_preparation_reference_not_incremental_H1,False,False
h8_inputs_resource,artifacts/hchain_h8_memory_safe_extension_20261004/inputs/resource_audit.json,/systems/H8/memory_events/94/VmSwap_bytes,0,bytes,shared_preparation_reference_not_incremental_H1,False,False
h8_inputs_resource,artifacts/hchain_h8_memory_safe_extension_20261004/inputs/resource_audit.json,/systems/H8/memory_events/94/allocation_count_scope,instrumented Python-owned full-sector objects; native temporaries unobserved,metadata_or_saved_count,shared_preparation_reference_not_incremental_H1,False,False
h8_inputs_resource,artifacts/hchain_h8_memory_safe_extension_20261004/inputs/resource_audit.json,/systems/H8/memory_events/94/explicit_large_allocation_count,0,metadata_or_saved_count,shared_preparation_reference_not_incremental_H1,False,False
h8_inputs_resource,artifacts/hchain_h8_memory_safe_extension_20261004/inputs/resource_audit.json,/systems/H8/memory_events/94/largest_object_bytes,531604,bytes,shared_preparation_reference_not_incremental_H1,False,False
h8_inputs_resource,artifacts/hchain_h8_memory_safe_extension_20261004/inputs/resource_audit.json,/systems/H8/memory_events/94/simultaneously_live_full_sector_dense_matrices,0,metadata_or_saved_count,shared_preparation_reference_not_incremental_H1,False,False
h8_inputs_resource,artifacts/hchain_h8_memory_safe_extension_20261004/inputs/resource_audit.json,/systems/H8/memory_events/94/stage,group_generation,metadata_or_saved_count,shared_preparation_reference_not_incremental_H1,False,False
h8_inputs_resource,artifacts/hchain_h8_memory_safe_extension_20261004/inputs/resource_audit.json,/systems/H8/memory_events/95/VmHWM_bytes,345718784,bytes,shared_preparation_reference_not_incremental_H1,False,False
h8_inputs_resource,artifacts/hchain_h8_memory_safe_extension_20261004/inputs/resource_audit.json,/systems/H8/memory_events/95/VmRSS_bytes,336334848,bytes,shared_preparation_reference_not_incremental_H1,False,False
h8_inputs_resource,artifacts/hchain_h8_memory_safe_extension_20261004/inputs/resource_audit.json,/systems/H8/memory_events/95/VmSwap_bytes,0,bytes,shared_preparation_reference_not_incremental_H1,False,False
h8_inputs_resource,artifacts/hchain_h8_memory_safe_extension_20261004/inputs/resource_audit.json,/systems/H8/memory_events/95/allocation_count_scope,instrumented Python-owned full-sector objects; native temporaries unobserved,metadata_or_saved_count,shared_preparation_reference_not_incremental_H1,False,False
h8_inputs_resource,artifacts/hchain_h8_memory_safe_extension_20261004/inputs/resource_audit.json,/systems/H8/memory_events/95/explicit_large_allocation_count,0,metadata_or_saved_count,shared_preparation_reference_not_incremental_H1,False,False
h8_inputs_resource,artifacts/hchain_h8_memory_safe_extension_20261004/inputs/resource_audit.json,/systems/H8/memory_events/95/largest_object_bytes,531604,bytes,shared_preparation_reference_not_incremental_H1,False,False
h8_inputs_resource,artifacts/hchain_h8_memory_safe_extension_20261004/inputs/resource_audit.json,/systems/H8/memory_events/95/simultaneously_live_full_sector_dense_matrices,0,metadata_or_saved_count,shared_preparation_reference_not_incremental_H1,False,False
h8_inputs_resource,artifacts/hchain_h8_memory_safe_extension_20261004/inputs/resource_audit.json,/systems/H8/memory_events/95/stage,group_generation,metadata_or_saved_count,shared_preparation_reference_not_incremental_H1,False,False
h8_inputs_resource,artifacts/hchain_h8_memory_safe_extension_20261004/inputs/resource_audit.json,/systems/H8/memory_events/96/VmHWM_bytes,345718784,bytes,shared_preparation_reference_not_incremental_H1,False,False
h8_inputs_resource,artifacts/hchain_h8_memory_safe_extension_20261004/inputs/resource_audit.json,/systems/H8/memory_events/96/VmRSS_bytes,336334848,bytes,shared_preparation_reference_not_incremental_H1,False,False
h8_inputs_resource,artifacts/hchain_h8_memory_safe_extension_20261004/inputs/resource_audit.json,/systems/H8/memory_events/96/VmSwap_bytes,0,bytes,shared_preparation_reference_not_incremental_H1,False,False
h8_inputs_resource,artifacts/hchain_h8_memory_safe_extension_20261004/inputs/resource_audit.json,/systems/H8/memory_events/96/allocation_count_scope,instrumented Python-owned full-sector objects; native temporaries unobserved,metadata_or_saved_count,shared_preparation_reference_not_incremental_H1,False,False
h8_inputs_resource,artifacts/hchain_h8_memory_safe_extension_20261004/inputs/resource_audit.json,/systems/H8/memory_events/96/explicit_large_allocation_count,0,metadata_or_saved_count,shared_preparation_reference_not_incremental_H1,False,False
h8_inputs_resource,artifacts/hchain_h8_memory_safe_extension_20261004/inputs/resource_audit.json,/systems/H8/memory_events/96/largest_object_bytes,531604,bytes,shared_preparation_reference_not_incremental_H1,False,False
h8_inputs_resource,artifacts/hchain_h8_memory_safe_extension_20261004/inputs/resource_audit.json,/systems/H8/memory_events/96/simultaneously_live_full_sector_dense_matrices,0,metadata_or_saved_count,shared_preparation_reference_not_incremental_H1,False,False
h8_inputs_resource,artifacts/hchain_h8_memory_safe_extension_20261004/inputs/resource_audit.json,/systems/H8/memory_events/96/stage,group_generation,metadata_or_saved_count,shared_preparation_reference_not_incremental_H1,False,False
h8_inputs_resource,artifacts/hchain_h8_memory_safe_extension_20261004/inputs/resource_audit.json,/systems/H8/memory_events/97/VmHWM_bytes,345718784,bytes,shared_preparation_reference_not_incremental_H1,False,False
h8_inputs_resource,artifacts/hchain_h8_memory_safe_extension_20261004/inputs/resource_audit.json,/systems/H8/memory_events/97/VmRSS_bytes,301985792,bytes,shared_preparation_reference_not_incremental_H1,False,False
h8_inputs_resource,artifacts/hchain_h8_memory_safe_extension_20261004/inputs/resource_audit.json,/systems/H8/memory_events/97/VmSwap_bytes,0,bytes,shared_preparation_reference_not_incremental_H1,False,False
h8_inputs_resource,artifacts/hchain_h8_memory_safe_extension_20261004/inputs/resource_audit.json,/systems/H8/memory_events/97/allocation_count_scope,instrumented Python-owned full-sector objects; native temporaries unobserved,metadata_or_saved_count,shared_preparation_reference_not_incremental_H1,False,False
h8_inputs_resource,artifacts/hchain_h8_memory_safe_extension_20261004/inputs/resource_audit.json,/systems/H8/memory_events/97/explicit_large_allocation_count,0,metadata_or_saved_count,shared_preparation_reference_not_incremental_H1,False,False
h8_inputs_resource,artifacts/hchain_h8_memory_safe_extension_20261004/inputs/resource_audit.json,/systems/H8/memory_events/97/largest_object_bytes,531604,bytes,shared_preparation_reference_not_incremental_H1,False,False
h8_inputs_resource,artifacts/hchain_h8_memory_safe_extension_20261004/inputs/resource_audit.json,/systems/H8/memory_events/97/simultaneously_live_full_sector_dense_matrices,0,metadata_or_saved_count,shared_preparation_reference_not_incremental_H1,False,False
h8_inputs_resource,artifacts/hchain_h8_memory_safe_extension_20261004/inputs/resource_audit.json,/systems/H8/memory_events/97/stage,group_generation,metadata_or_saved_count,shared_preparation_reference_not_incremental_H1,False,False
h8_inputs_resource,artifacts/hchain_h8_memory_safe_extension_20261004/inputs/resource_audit.json,/systems/H8/memory_events/98/VmHWM_bytes,345718784,bytes,shared_preparation_reference_not_incremental_H1,False,False
h8_inputs_resource,artifacts/hchain_h8_memory_safe_extension_20261004/inputs/resource_audit.json,/systems/H8/memory_events/98/VmRSS_bytes,323313664,bytes,shared_preparation_reference_not_incremental_H1,False,False
h8_inputs_resource,artifacts/hchain_h8_memory_safe_extension_20261004/inputs/resource_audit.json,/systems/H8/memory_events/98/VmSwap_bytes,0,bytes,shared_preparation_reference_not_incremental_H1,False,False
h8_inputs_resource,artifacts/hchain_h8_memory_safe_extension_20261004/inputs/resource_audit.json,/systems/H8/memory_events/98/allocation_count_scope,instrumented Python-owned full-sector objects; native temporaries unobserved,metadata_or_saved_count,shared_preparation_reference_not_incremental_H1,False,False
h8_inputs_resource,artifacts/hchain_h8_memory_safe_extension_20261004/inputs/resource_audit.json,/systems/H8/memory_events/98/explicit_large_allocation_count,0,metadata_or_saved_count,shared_preparation_reference_not_incremental_H1,False,False
h8_inputs_resource,artifacts/hchain_h8_memory_safe_extension_20261004/inputs/resource_audit.json,/systems/H8/memory_events/98/largest_object_bytes,531604,bytes,shared_preparation_reference_not_incremental_H1,False,False
h8_inputs_resource,artifacts/hchain_h8_memory_safe_extension_20261004/inputs/resource_audit.json,/systems/H8/memory_events/98/simultaneously_live_full_sector_dense_matrices,0,metadata_or_saved_count,shared_preparation_reference_not_incremental_H1,False,False
h8_inputs_resource,artifacts/hchain_h8_memory_safe_extension_20261004/inputs/resource_audit.json,/systems/H8/memory_events/98/stage,group_generation,metadata_or_saved_count,shared_preparation_reference_not_incremental_H1,False,False
h8_inputs_resource,artifacts/hchain_h8_memory_safe_extension_20261004/inputs/resource_audit.json,/systems/H8/memory_events/99/VmHWM_bytes,345718784,bytes,shared_preparation_reference_not_incremental_H1,False,False
h8_inputs_resource,artifacts/hchain_h8_memory_safe_extension_20261004/inputs/resource_audit.json,/systems/H8/memory_events/99/VmRSS_bytes,309104640,bytes,shared_preparation_reference_not_incremental_H1,False,False
h8_inputs_resource,artifacts/hchain_h8_memory_safe_extension_20261004/inputs/resource_audit.json,/systems/H8/memory_events/99/VmSwap_bytes,0,bytes,shared_preparation_reference_not_incremental_H1,False,False
h8_inputs_resource,artifacts/hchain_h8_memory_safe_extension_20261004/inputs/resource_audit.json,/systems/H8/memory_events/99/allocation_count_scope,instrumented Python-owned full-sector objects; native temporaries unobserved,metadata_or_saved_count,shared_preparation_reference_not_incremental_H1,False,False
h8_inputs_resource,artifacts/hchain_h8_memory_safe_extension_20261004/inputs/resource_audit.json,/systems/H8/memory_events/99/explicit_large_allocation_count,0,metadata_or_saved_count,shared_preparation_reference_not_incremental_H1,False,False
h8_inputs_resource,artifacts/hchain_h8_memory_safe_extension_20261004/inputs/resource_audit.json,/systems/H8/memory_events/99/largest_object_bytes,531604,bytes,shared_preparation_reference_not_incremental_H1,False,False
h8_inputs_resource,artifacts/hchain_h8_memory_safe_extension_20261004/inputs/resource_audit.json,/systems/H8/memory_events/99/simultaneously_live_full_sector_dense_matrices,0,metadata_or_saved_count,shared_preparation_reference_not_incremental_H1,False,False
h8_inputs_resource,artifacts/hchain_h8_memory_safe_extension_20261004/inputs/resource_audit.json,/systems/H8/memory_events/99/stage,group_generation,metadata_or_saved_count,shared_preparation_reference_not_incremental_H1,False,False
h8_inputs_resource,artifacts/hchain_h8_memory_safe_extension_20261004/inputs/resource_audit.json,/systems/H8/memory_events/100/VmHWM_bytes,345718784,bytes,shared_preparation_reference_not_incremental_H1,False,False
h8_inputs_resource,artifacts/hchain_h8_memory_safe_extension_20261004/inputs/resource_audit.json,/systems/H8/memory_events/100/VmRSS_bytes,323072000,bytes,shared_preparation_reference_not_incremental_H1,False,False
h8_inputs_resource,artifacts/hchain_h8_memory_safe_extension_20261004/inputs/resource_audit.json,/systems/H8/memory_events/100/VmSwap_bytes,0,bytes,shared_preparation_reference_not_incremental_H1,False,False
h8_inputs_resource,artifacts/hchain_h8_memory_safe_extension_20261004/inputs/resource_audit.json,/systems/H8/memory_events/100/allocation_count_scope,instrumented Python-owned full-sector objects; native temporaries unobserved,metadata_or_saved_count,shared_preparation_reference_not_incremental_H1,False,False
h8_inputs_resource,artifacts/hchain_h8_memory_safe_extension_20261004/inputs/resource_audit.json,/systems/H8/memory_events/100/explicit_large_allocation_count,0,metadata_or_saved_count,shared_preparation_reference_not_incremental_H1,False,False
h8_inputs_resource,artifacts/hchain_h8_memory_safe_extension_20261004/inputs/resource_audit.json,/systems/H8/memory_events/100/largest_object_bytes,531604,bytes,shared_preparation_reference_not_incremental_H1,False,False
h8_inputs_resource,artifacts/hchain_h8_memory_safe_extension_20261004/inputs/resource_audit.json,/systems/H8/memory_events/100/simultaneously_live_full_sector_dense_matrices,0,metadata_or_saved_count,shared_preparation_reference_not_incremental_H1,False,False
h8_inputs_resource,artifacts/hchain_h8_memory_safe_extension_20261004/inputs/resource_audit.json,/systems/H8/memory_events/100/stage,group_generation,metadata_or_saved_count,shared_preparation_reference_not_incremental_H1,False,False
h8_inputs_resource,artifacts/hchain_h8_memory_safe_extension_20261004/inputs/resource_audit.json,/systems/H8/memory_events/101/VmHWM_bytes,345718784,bytes,shared_preparation_reference_not_incremental_H1,False,False
h8_inputs_resource,artifacts/hchain_h8_memory_safe_extension_20261004/inputs/resource_audit.json,/systems/H8/memory_events/101/VmRSS_bytes,323072000,bytes,shared_preparation_reference_not_incremental_H1,False,False
h8_inputs_resource,artifacts/hchain_h8_memory_safe_extension_20261004/inputs/resource_audit.json,/systems/H8/memory_events/101/VmSwap_bytes,0,bytes,shared_preparation_reference_not_incremental_H1,False,False
h8_inputs_resource,artifacts/hchain_h8_memory_safe_extension_20261004/inputs/resource_audit.json,/systems/H8/memory_events/101/allocation_count_scope,instrumented Python-owned full-sector objects; native temporaries unobserved,metadata_or_saved_count,shared_preparation_reference_not_incremental_H1,False,False
h8_inputs_resource,artifacts/hchain_h8_memory_safe_extension_20261004/inputs/resource_audit.json,/systems/H8/memory_events/101/explicit_large_allocation_count,0,metadata_or_saved_count,shared_preparation_reference_not_incremental_H1,False,False
h8_inputs_resource,artifacts/hchain_h8_memory_safe_extension_20261004/inputs/resource_audit.json,/systems/H8/memory_events/101/largest_object_bytes,531604,bytes,shared_preparation_reference_not_incremental_H1,False,False
h8_inputs_resource,artifacts/hchain_h8_memory_safe_extension_20261004/inputs/resource_audit.json,/systems/H8/memory_events/101/simultaneously_live_full_sector_dense_matrices,0,metadata_or_saved_count,shared_preparation_reference_not_incremental_H1,False,False
h8_inputs_resource,artifacts/hchain_h8_memory_safe_extension_20261004/inputs/resource_audit.json,/systems/H8/memory_events/101/stage,group_generation,metadata_or_saved_count,shared_preparation_reference_not_incremental_H1,False,False
h8_inputs_resource,artifacts/hchain_h8_memory_safe_extension_20261004/inputs/resource_audit.json,/systems/H8/memory_events/102/VmHWM_bytes,345718784,bytes,shared_preparation_reference_not_incremental_H1,False,False
h8_inputs_resource,artifacts/hchain_h8_memory_safe_extension_20261004/inputs/resource_audit.json,/systems/H8/memory_events/102/VmRSS_bytes,323072000,bytes,shared_preparation_reference_not_incremental_H1,False,False
h8_inputs_resource,artifacts/hchain_h8_memory_safe_extension_20261004/inputs/resource_audit.json,/systems/H8/memory_events/102/VmSwap_bytes,0,bytes,shared_preparation_reference_not_incremental_H1,False,False
h8_inputs_resource,artifacts/hchain_h8_memory_safe_extension_20261004/inputs/resource_audit.json,/systems/H8/memory_events/102/allocation_count_scope,instrumented Python-owned full-sector objects; native temporaries unobserved,metadata_or_saved_count,shared_preparation_reference_not_incremental_H1,False,False
h8_inputs_resource,artifacts/hchain_h8_memory_safe_extension_20261004/inputs/resource_audit.json,/systems/H8/memory_events/102/explicit_large_allocation_count,0,metadata_or_saved_count,shared_preparation_reference_not_incremental_H1,False,False
h8_inputs_resource,artifacts/hchain_h8_memory_safe_extension_20261004/inputs/resource_audit.json,/systems/H8/memory_events/102/largest_object_bytes,531604,bytes,shared_preparation_reference_not_incremental_H1,False,False
h8_inputs_resource,artifacts/hchain_h8_memory_safe_extension_20261004/inputs/resource_audit.json,/systems/H8/memory_events/102/simultaneously_live_full_sector_dense_matrices,0,metadata_or_saved_count,shared_preparation_reference_not_incremental_H1,False,False
h8_inputs_resource,artifacts/hchain_h8_memory_safe_extension_20261004/inputs/resource_audit.json,/systems/H8/memory_events/102/stage,group_generation,metadata_or_saved_count,shared_preparation_reference_not_incremental_H1,False,False
h8_inputs_resource,artifacts/hchain_h8_memory_safe_extension_20261004/inputs/resource_audit.json,/systems/H8/memory_events/103/VmHWM_bytes,345718784,bytes,shared_preparation_reference_not_incremental_H1,False,False
h8_inputs_resource,artifacts/hchain_h8_memory_safe_extension_20261004/inputs/resource_audit.json,/systems/H8/memory_events/103/VmRSS_bytes,335917056,bytes,shared_preparation_reference_not_incremental_H1,False,False
h8_inputs_resource,artifacts/hchain_h8_memory_safe_extension_20261004/inputs/resource_audit.json,/systems/H8/memory_events/103/VmSwap_bytes,0,bytes,shared_preparation_reference_not_incremental_H1,False,False
h8_inputs_resource,artifacts/hchain_h8_memory_safe_extension_20261004/inputs/resource_audit.json,/systems/H8/memory_events/103/allocation_count_scope,instrumented Python-owned full-sector objects; native temporaries unobserved,metadata_or_saved_count,shared_preparation_reference_not_incremental_H1,False,False
h8_inputs_resource,artifacts/hchain_h8_memory_safe_extension_20261004/inputs/resource_audit.json,/systems/H8/memory_events/103/explicit_large_allocation_count,0,metadata_or_saved_count,shared_preparation_reference_not_incremental_H1,False,False
h8_inputs_resource,artifacts/hchain_h8_memory_safe_extension_20261004/inputs/resource_audit.json,/systems/H8/memory_events/103/largest_object_bytes,531604,bytes,shared_preparation_reference_not_incremental_H1,False,False
h8_inputs_resource,artifacts/hchain_h8_memory_safe_extension_20261004/inputs/resource_audit.json,/systems/H8/memory_events/103/simultaneously_live_full_sector_dense_matrices,0,metadata_or_saved_count,shared_preparation_reference_not_incremental_H1,False,False
h8_inputs_resource,artifacts/hchain_h8_memory_safe_extension_20261004/inputs/resource_audit.json,/systems/H8/memory_events/103/stage,group_generation,metadata_or_saved_count,shared_preparation_reference_not_incremental_H1,False,False
h8_inputs_resource,artifacts/hchain_h8_memory_safe_extension_20261004/inputs/resource_audit.json,/systems/H8/memory_events/104/VmHWM_bytes,345718784,bytes,shared_preparation_reference_not_incremental_H1,False,False
h8_inputs_resource,artifacts/hchain_h8_memory_safe_extension_20261004/inputs/resource_audit.json,/systems/H8/memory_events/104/VmRSS_bytes,335917056,bytes,shared_preparation_reference_not_incremental_H1,False,False
h8_inputs_resource,artifacts/hchain_h8_memory_safe_extension_20261004/inputs/resource_audit.json,/systems/H8/memory_events/104/VmSwap_bytes,0,bytes,shared_preparation_reference_not_incremental_H1,False,False
h8_inputs_resource,artifacts/hchain_h8_memory_safe_extension_20261004/inputs/resource_audit.json,/systems/H8/memory_events/104/allocation_count_scope,instrumented Python-owned full-sector objects; native temporaries unobserved,metadata_or_saved_count,shared_preparation_reference_not_incremental_H1,False,False
h8_inputs_resource,artifacts/hchain_h8_memory_safe_extension_20261004/inputs/resource_audit.json,/systems/H8/memory_events/104/explicit_large_allocation_count,0,metadata_or_saved_count,shared_preparation_reference_not_incremental_H1,False,False
h8_inputs_resource,artifacts/hchain_h8_memory_safe_extension_20261004/inputs/resource_audit.json,/systems/H8/memory_events/104/largest_object_bytes,531604,bytes,shared_preparation_reference_not_incremental_H1,False,False
h8_inputs_resource,artifacts/hchain_h8_memory_safe_extension_20261004/inputs/resource_audit.json,/systems/H8/memory_events/104/simultaneously_live_full_sector_dense_matrices,0,metadata_or_saved_count,shared_preparation_reference_not_incremental_H1,False,False
h8_inputs_resource,artifacts/hchain_h8_memory_safe_extension_20261004/inputs/resource_audit.json,/systems/H8/memory_events/104/stage,group_generation,metadata_or_saved_count,shared_preparation_reference_not_incremental_H1,False,False
h8_inputs_resource,artifacts/hchain_h8_memory_safe_extension_20261004/inputs/resource_audit.json,/systems/H8/memory_events/105/VmHWM_bytes,699379712,bytes,shared_preparation_reference_not_incremental_H1,False,False
h8_inputs_resource,artifacts/hchain_h8_memory_safe_extension_20261004/inputs/resource_audit.json,/systems/H8/memory_events/105/VmRSS_bytes,699379712,bytes,shared_preparation_reference_not_incremental_H1,False,False
h8_inputs_resource,artifacts/hchain_h8_memory_safe_extension_20261004/inputs/resource_audit.json,/systems/H8/memory_events/105/VmSwap_bytes,0,bytes,shared_preparation_reference_not_incremental_H1,False,False
h8_inputs_resource,artifacts/hchain_h8_memory_safe_extension_20261004/inputs/resource_audit.json,/systems/H8/memory_events/105/allocation_count_scope,instrumented Python-owned full-sector objects; native temporaries unobserved,metadata_or_saved_count,shared_preparation_reference_not_incremental_H1,False,False
h8_inputs_resource,artifacts/hchain_h8_memory_safe_extension_20261004/inputs/resource_audit.json,/systems/H8/memory_events/105/explicit_large_allocation_count,1,metadata_or_saved_count,shared_preparation_reference_not_incremental_H1,False,False
h8_inputs_resource,artifacts/hchain_h8_memory_safe_extension_20261004/inputs/resource_audit.json,/systems/H8/memory_events/105/largest_object_bytes,384160000,bytes,shared_preparation_reference_not_incremental_H1,False,False
h8_inputs_resource,artifacts/hchain_h8_memory_safe_extension_20261004/inputs/resource_audit.json,/systems/H8/memory_events/105/simultaneously_live_full_sector_dense_matrices,1,metadata_or_saved_count,shared_preparation_reference_not_incremental_H1,False,False
h8_inputs_resource,artifacts/hchain_h8_memory_safe_extension_20261004/inputs/resource_audit.json,/systems/H8/memory_events/105/stage,CISD_full_H,metadata_or_saved_count,shared_preparation_reference_not_incremental_H1,False,False
h8_inputs_resource,artifacts/hchain_h8_memory_safe_extension_20261004/inputs/resource_audit.json,/systems/H8/memory_events/106/VmHWM_bytes,700166144,bytes,shared_preparation_reference_not_incremental_H1,False,False
h8_inputs_resource,artifacts/hchain_h8_memory_safe_extension_20261004/inputs/resource_audit.json,/systems/H8/memory_events/106/VmRSS_bytes,330694656,bytes,shared_preparation_reference_not_incremental_H1,False,False
h8_inputs_resource,artifacts/hchain_h8_memory_safe_extension_20261004/inputs/resource_audit.json,/systems/H8/memory_events/106/VmSwap_bytes,0,bytes,shared_preparation_reference_not_incremental_H1,False,False
h8_inputs_resource,artifacts/hchain_h8_memory_safe_extension_20261004/inputs/resource_audit.json,/systems/H8/memory_events/106/allocation_count_scope,instrumented Python-owned full-sector objects; native temporaries unobserved,metadata_or_saved_count,shared_preparation_reference_not_incremental_H1,False,False
h8_inputs_resource,artifacts/hchain_h8_memory_safe_extension_20261004/inputs/resource_audit.json,/systems/H8/memory_events/106/explicit_large_allocation_count,0,metadata_or_saved_count,shared_preparation_reference_not_incremental_H1,False,False
h8_inputs_resource,artifacts/hchain_h8_memory_safe_extension_20261004/inputs/resource_audit.json,/systems/H8/memory_events/106/largest_object_bytes,531604,bytes,shared_preparation_reference_not_incremental_H1,False,False
h8_inputs_resource,artifacts/hchain_h8_memory_safe_extension_20261004/inputs/resource_audit.json,/systems/H8/memory_events/106/simultaneously_live_full_sector_dense_matrices,0,metadata_or_saved_count,shared_preparation_reference_not_incremental_H1,False,False
h8_inputs_resource,artifacts/hchain_h8_memory_safe_extension_20261004/inputs/resource_audit.json,/systems/H8/memory_events/106/stage,input_complete,metadata_or_saved_count,shared_preparation_reference_not_incremental_H1,False,False
h8_inputs_resource,artifacts/hchain_h8_memory_safe_extension_20261004/inputs/resource_audit.json,/systems/H8/native_workspace_allocation_count,unknown_not_instrumented,metadata_or_saved_count,shared_preparation_reference_not_incremental_H1,False,False
h8_inputs_resource,artifacts/hchain_h8_memory_safe_extension_20261004/inputs/resource_audit.json,/systems/H8/peak_RSS_KiB,683756,KiB,shared_preparation_reference_not_incremental_H1,False,False
h8_inputs_resource,artifacts/hchain_h8_memory_safe_extension_20261004/inputs/resource_audit.json,/systems/H8/peak_RSS_scope,process_high_water_not_independently_isolated_system_peak,metadata_or_saved_count,shared_preparation_reference_not_incremental_H1,False,False
h8_inputs_resource,artifacts/hchain_h8_memory_safe_extension_20261004/inputs/resource_audit.json,/systems/H8/quantum_K_not_classical_action_count,True,metadata_or_saved_count,shared_preparation_reference_not_incremental_H1,False,False
h8_inputs_resource,artifacts/hchain_h8_memory_safe_extension_20261004/inputs/resource_audit.json,/systems/H8/timings_seconds/CISD_construction,0.17308916989713907,seconds,shared_preparation_reference_not_incremental_H1,False,False
h8_inputs_resource,artifacts/hchain_h8_memory_safe_extension_20261004/inputs/resource_audit.json,/systems/H8/timings_seconds/H8_input,34.712423481978476,seconds,shared_preparation_reference_not_incremental_H1,False,False
h8_inputs_resource,artifacts/hchain_h8_memory_safe_extension_20261004/inputs/resource_audit.json,/systems/H8/timings_seconds/Hamiltonian_group_preparation,33.9835890410468,seconds,shared_preparation_reference_not_incremental_H1,False,False
h8_reference_resource,artifacts/hchain_h8_memory_safe_extension_20261004/reference/resource_audit.json,/counts_are_phase_specific_not_cumulative,True,metadata_or_saved_count,shared_preparation_reference_not_incremental_H1,False,False
h8_reference_resource,artifacts/hchain_h8_memory_safe_extension_20261004/reference/resource_audit.json,/phase,reference,metadata_or_saved_count,shared_preparation_reference_not_incremental_H1,False,False
h8_reference_resource,artifacts/hchain_h8_memory_safe_extension_20261004/reference/resource_audit.json,/process_elapsed_before_final_write_seconds,47.562465203460306,seconds,shared_preparation_reference_not_incremental_H1,False,False
h8_reference_resource,artifacts/hchain_h8_memory_safe_extension_20261004/reference/resource_audit.json,/systems/H8/BLAS_threads,1,metadata_or_saved_count,shared_preparation_reference_not_incremental_H1,False,False
h8_reference_resource,artifacts/hchain_h8_memory_safe_extension_20261004/reference/resource_audit.json,/systems/H8/CPU_processes,1,metadata_or_saved_count,shared_preparation_reference_not_incremental_H1,False,False
h8_reference_resource,artifacts/hchain_h8_memory_safe_extension_20261004/reference/resource_audit.json,/systems/H8/H_exponential_internal_matvec_count,unknown_not_exposed_by_CSR_expm_multiply,metadata_or_saved_count,shared_preparation_reference_not_incremental_H1,False,False
h8_reference_resource,artifacts/hchain_h8_memory_safe_extension_20261004/reference/resource_audit.json,/systems/H8/combined_H1_cost,not_a_combined_H1_measurement,metadata_or_saved_count,shared_preparation_reference_not_incremental_H1,False,False
h8_reference_resource,artifacts/hchain_h8_memory_safe_extension_20261004/reference/resource_audit.json,/systems/H8/counts/Arnoldi_chains,0,metadata_or_saved_count,shared_preparation_reference_not_incremental_H1,False,False
h8_reference_resource,artifacts/hchain_h8_memory_safe_extension_20261004/reference/resource_audit.json,/systems/H8/counts/GPU_allocations,0,metadata_or_saved_count,shared_preparation_reference_not_incremental_H1,False,False
h8_reference_resource,artifacts/hchain_h8_memory_safe_extension_20261004/reference/resource_audit.json,/systems/H8/counts/GPU_kernels,0,metadata_or_saved_count,shared_preparation_reference_not_incremental_H1,False,False
h8_reference_resource,artifacts/hchain_h8_memory_safe_extension_20261004/reference/resource_audit.json,/systems/H8/counts/GPU_queries,0,metadata_or_saved_count,shared_preparation_reference_not_incremental_H1,False,False
h8_reference_resource,artifacts/hchain_h8_memory_safe_extension_20261004/reference/resource_audit.json,/systems/H8/counts/candidate_cheap_pf_actions,0,metadata_or_saved_count,shared_preparation_reference_not_incremental_H1,False,False
h8_reference_resource,artifacts/hchain_h8_memory_safe_extension_20261004/reference/resource_audit.json,/systems/H8/counts/candidate_h_exponential_actions,0,metadata_or_saved_count,shared_preparation_reference_not_incremental_H1,False,False
h8_reference_resource,artifacts/hchain_h8_memory_safe_extension_20261004/reference/resource_audit.json,/systems/H8/counts/component_gate_materializations,14280,metadata_or_saved_count,shared_preparation_reference_not_incremental_H1,False,False
h8_reference_resource,artifacts/hchain_h8_memory_safe_extension_20261004/reference/resource_audit.json,/systems/H8/counts/direct_truth_coordinates,0,metadata_or_saved_count,shared_preparation_reference_not_incremental_H1,False,False
h8_reference_resource,artifacts/hchain_h8_memory_safe_extension_20261004/reference/resource_audit.json,/systems/H8/counts/full_H_ground_solves,0,metadata_or_saved_count,shared_preparation_reference_not_incremental_H1,False,False
h8_reference_resource,artifacts/hchain_h8_memory_safe_extension_20261004/reference/resource_audit.json,/systems/H8/counts/full_pf_unitary_builds,0,metadata_or_saved_count,shared_preparation_reference_not_incremental_H1,False,False
h8_reference_resource,artifacts/hchain_h8_memory_safe_extension_20261004/reference/resource_audit.json,/systems/H8/counts/group_component_eigh_batches,404,metadata_or_saved_count,shared_preparation_reference_not_incremental_H1,False,False
h8_reference_resource,artifacts/hchain_h8_memory_safe_extension_20261004/reference/resource_audit.json,/systems/H8/counts/group_spectrum_preparations,105,metadata_or_saved_count,shared_preparation_reference_not_incremental_H1,False,False
h8_reference_resource,artifacts/hchain_h8_memory_safe_extension_20261004/reference/resource_audit.json,/systems/H8/counts/m1_h_matvecs,0,metadata_or_saved_count,shared_preparation_reference_not_incremental_H1,False,False
h8_reference_resource,artifacts/hchain_h8_memory_safe_extension_20261004/reference/resource_audit.json,/systems/H8/counts/m1_pf_vector_actions,0,metadata_or_saved_count,shared_preparation_reference_not_incremental_H1,False,False
h8_reference_resource,artifacts/hchain_h8_memory_safe_extension_20261004/reference/resource_audit.json,/systems/H8/counts/reference_h_exponential_actions,34,metadata_or_saved_count,shared_preparation_reference_not_incremental_H1,False,False
h8_reference_resource,artifacts/hchain_h8_memory_safe_extension_20261004/reference/resource_audit.json,/systems/H8/counts/reference_pf_actions,34,metadata_or_saved_count,shared_preparation_reference_not_incremental_H1,False,False
h8_reference_resource,artifacts/hchain_h8_memory_safe_extension_20261004/reference/resource_audit.json,/systems/H8/counts/sparse_state_multiplies,49538,metadata_or_saved_count,shared_preparation_reference_not_incremental_H1,False,False
h8_reference_resource,artifacts/hchain_h8_memory_safe_extension_20261004/reference/resource_audit.json,/systems/H8/counts/target_phase_gaps,0,metadata_or_saved_count,shared_preparation_reference_not_incremental_H1,False,False
h8_reference_resource,artifacts/hchain_h8_memory_safe_extension_20261004/reference/resource_audit.json,/systems/H8/counts/truth_array_reads,0,metadata_or_saved_count,shared_preparation_reference_not_incremental_H1,False,False
h8_reference_resource,artifacts/hchain_h8_memory_safe_extension_20261004/reference/resource_audit.json,/systems/H8/maximum_gate_cache_bytes,300058640,bytes,shared_preparation_reference_not_incremental_H1,False,False
h8_reference_resource,artifacts/hchain_h8_memory_safe_extension_20261004/reference/resource_audit.json,/systems/H8/maximum_h_exp_norm_residual,1.1102230246251565e-15,metadata_or_saved_count,shared_preparation_reference_not_incremental_H1,False,False
h8_reference_resource,artifacts/hchain_h8_memory_safe_extension_20261004/reference/resource_audit.json,/systems/H8/maximum_pf_norm_residual,2.886579864025407e-14,metadata_or_saved_count,shared_preparation_reference_not_incremental_H1,False,False
h8_reference_resource,artifacts/hchain_h8_memory_safe_extension_20261004/reference/resource_audit.json,/systems/H8/memory_events/0/VmHWM_bytes,357441536,bytes,shared_preparation_reference_not_incremental_H1,False,False
h8_reference_resource,artifacts/hchain_h8_memory_safe_extension_20261004/reference/resource_audit.json,/systems/H8/memory_events/0/VmRSS_bytes,357441536,bytes,shared_preparation_reference_not_incremental_H1,False,False
h8_reference_resource,artifacts/hchain_h8_memory_safe_extension_20261004/reference/resource_audit.json,/systems/H8/memory_events/0/VmSwap_bytes,0,bytes,shared_preparation_reference_not_incremental_H1,False,False
h8_reference_resource,artifacts/hchain_h8_memory_safe_extension_20261004/reference/resource_audit.json,/systems/H8/memory_events/0/allocation_count_scope,instrumented Python-owned full-sector objects; native temporaries unobserved,metadata_or_saved_count,shared_preparation_reference_not_incremental_H1,False,False
h8_reference_resource,artifacts/hchain_h8_memory_safe_extension_20261004/reference/resource_audit.json,/systems/H8/memory_events/0/explicit_large_allocation_count,0,metadata_or_saved_count,shared_preparation_reference_not_incremental_H1,False,False
h8_reference_resource,artifacts/hchain_h8_memory_safe_extension_20261004/reference/resource_audit.json,/systems/H8/memory_events/0/largest_object_bytes,786432,bytes,shared_preparation_reference_not_incremental_H1,False,False
h8_reference_resource,artifacts/hchain_h8_memory_safe_extension_20261004/reference/resource_audit.json,/systems/H8/memory_events/0/simultaneously_live_full_sector_dense_matrices,0,metadata_or_saved_count,shared_preparation_reference_not_incremental_H1,False,False
h8_reference_resource,artifacts/hchain_h8_memory_safe_extension_20261004/reference/resource_audit.json,/systems/H8/memory_events/0/stage,streamed_component_preprocessing,metadata_or_saved_count,shared_preparation_reference_not_incremental_H1,False,False
h8_reference_resource,artifacts/hchain_h8_memory_safe_extension_20261004/reference/resource_audit.json,/systems/H8/native_workspace_allocation_count,unknown_not_instrumented,metadata_or_saved_count,shared_preparation_reference_not_incremental_H1,False,False
h8_reference_resource,artifacts/hchain_h8_memory_safe_extension_20261004/reference/resource_audit.json,/systems/H8/peak_RSS_KiB,702936,KiB,shared_preparation_reference_not_incremental_H1,False,False
h8_reference_resource,artifacts/hchain_h8_memory_safe_extension_20261004/reference/resource_audit.json,/systems/H8/peak_RSS_scope,process_high_water_not_independently_isolated_system_peak,metadata_or_saved_count,shared_preparation_reference_not_incremental_H1,False,False
h8_reference_resource,artifacts/hchain_h8_memory_safe_extension_20261004/reference/resource_audit.json,/systems/H8/quantum_K_not_classical_action_count,True,metadata_or_saved_count,shared_preparation_reference_not_incremental_H1,False,False
h8_reference_resource,artifacts/hchain_h8_memory_safe_extension_20261004/reference/resource_audit.json,/systems/H8/timings_seconds/H8_reference,47.39470102125779,seconds,shared_preparation_reference_not_incremental_H1,False,False
h8_reference_resource,artifacts/hchain_h8_memory_safe_extension_20261004/reference/resource_audit.json,/systems/H8/timings_seconds/H_exponential_action,0.9809048604220152,seconds,shared_preparation_reference_not_incremental_H1,False,False
h8_reference_resource,artifacts/hchain_h8_memory_safe_extension_20261004/reference/resource_audit.json,/systems/H8/timings_seconds/PF_vector_action,13.540059715975076,seconds,shared_preparation_reference_not_incremental_H1,False,False
h8_reference_resource,artifacts/hchain_h8_memory_safe_extension_20261004/reference/resource_audit.json,/systems/H8/timings_seconds/component_gate_materialization,11.557738787028939,seconds,shared_preparation_reference_not_incremental_H1,False,False
h8_reference_resource,artifacts/hchain_h8_memory_safe_extension_20261004/reference/resource_audit.json,/systems/H8/timings_seconds/group_spectrum_preprocessing,32.48863643081859,seconds,shared_preparation_reference_not_incremental_H1,False,False
h8_ground_resource,artifacts/hchain_h8_memory_safe_extension_20261004/ground/resource_audit.json,/BLAS_threads,1,metadata_or_saved_count,validation_truth_or_ground_not_operational_calibration,False,False
h8_ground_resource,artifacts/hchain_h8_memory_safe_extension_20261004/ground/resource_audit.json,/CPU_processes,1,metadata_or_saved_count,validation_truth_or_ground_not_operational_calibration,False,False
h8_ground_resource,artifacts/hchain_h8_memory_safe_extension_20261004/ground/resource_audit.json,/H_exponential_internal_matvec_count,unknown_not_exposed_by_CSR_expm_multiply,metadata_or_saved_count,validation_truth_or_ground_not_operational_calibration,False,False
h8_ground_resource,artifacts/hchain_h8_memory_safe_extension_20261004/ground/resource_audit.json,/combined_H1_cost,not_measured_preparation_only,metadata_or_saved_count,validation_truth_or_ground_not_operational_calibration,False,False
h8_ground_resource,artifacts/hchain_h8_memory_safe_extension_20261004/ground/resource_audit.json,/counts/Arnoldi_chains,0,metadata_or_saved_count,validation_truth_or_ground_not_operational_calibration,False,False
h8_ground_resource,artifacts/hchain_h8_memory_safe_extension_20261004/ground/resource_audit.json,/counts/GPU_allocations,0,metadata_or_saved_count,validation_truth_or_ground_not_operational_calibration,False,False
h8_ground_resource,artifacts/hchain_h8_memory_safe_extension_20261004/ground/resource_audit.json,/counts/GPU_kernels,0,metadata_or_saved_count,validation_truth_or_ground_not_operational_calibration,False,False
h8_ground_resource,artifacts/hchain_h8_memory_safe_extension_20261004/ground/resource_audit.json,/counts/GPU_queries,0,metadata_or_saved_count,validation_truth_or_ground_not_operational_calibration,False,False
h8_ground_resource,artifacts/hchain_h8_memory_safe_extension_20261004/ground/resource_audit.json,/counts/candidate_cheap_pf_actions,0,metadata_or_saved_count,validation_truth_or_ground_not_operational_calibration,False,False
h8_ground_resource,artifacts/hchain_h8_memory_safe_extension_20261004/ground/resource_audit.json,/counts/candidate_h_exponential_actions,0,metadata_or_saved_count,validation_truth_or_ground_not_operational_calibration,False,False
h8_ground_resource,artifacts/hchain_h8_memory_safe_extension_20261004/ground/resource_audit.json,/counts/direct_truth_coordinates,0,metadata_or_saved_count,validation_truth_or_ground_not_operational_calibration,False,False
h8_ground_resource,artifacts/hchain_h8_memory_safe_extension_20261004/ground/resource_audit.json,/counts/full_H_ground_solves,1,metadata_or_saved_count,validation_truth_or_ground_not_operational_calibration,False,False
h8_ground_resource,artifacts/hchain_h8_memory_safe_extension_20261004/ground/resource_audit.json,/counts/full_pf_unitary_builds,0,metadata_or_saved_count,validation_truth_or_ground_not_operational_calibration,False,False
h8_ground_resource,artifacts/hchain_h8_memory_safe_extension_20261004/ground/resource_audit.json,/counts/ground_verification_H_matvecs,1,metadata_or_saved_count,validation_truth_or_ground_not_operational_calibration,False,False
h8_ground_resource,artifacts/hchain_h8_memory_safe_extension_20261004/ground/resource_audit.json,/counts/group_component_eigh_batches,404,metadata_or_saved_count,validation_truth_or_ground_not_operational_calibration,False,False
h8_ground_resource,artifacts/hchain_h8_memory_safe_extension_20261004/ground/resource_audit.json,/counts/group_spectrum_preparations,105,metadata_or_saved_count,validation_truth_or_ground_not_operational_calibration,False,False
h8_ground_resource,artifacts/hchain_h8_memory_safe_extension_20261004/ground/resource_audit.json,/counts/m1_h_matvecs,0,metadata_or_saved_count,validation_truth_or_ground_not_operational_calibration,False,False
h8_ground_resource,artifacts/hchain_h8_memory_safe_extension_20261004/ground/resource_audit.json,/counts/m1_pf_vector_actions,0,metadata_or_saved_count,validation_truth_or_ground_not_operational_calibration,False,False
h8_ground_resource,artifacts/hchain_h8_memory_safe_extension_20261004/ground/resource_audit.json,/counts/target_phase_gaps,0,metadata_or_saved_count,validation_truth_or_ground_not_operational_calibration,False,False
h8_ground_resource,artifacts/hchain_h8_memory_safe_extension_20261004/ground/resource_audit.json,/counts/truth_array_reads,0,metadata_or_saved_count,validation_truth_or_ground_not_operational_calibration,False,False
h8_ground_resource,artifacts/hchain_h8_memory_safe_extension_20261004/ground/resource_audit.json,/maximum_gate_cache_bytes,0,bytes,validation_truth_or_ground_not_operational_calibration,False,False
h8_ground_resource,artifacts/hchain_h8_memory_safe_extension_20261004/ground/resource_audit.json,/maximum_h_exp_norm_residual,0.0,metadata_or_saved_count,validation_truth_or_ground_not_operational_calibration,False,False
h8_ground_resource,artifacts/hchain_h8_memory_safe_extension_20261004/ground/resource_audit.json,/maximum_pf_norm_residual,0.0,metadata_or_saved_count,validation_truth_or_ground_not_operational_calibration,False,False
h8_ground_resource,artifacts/hchain_h8_memory_safe_extension_20261004/ground/resource_audit.json,/memory_events/0/VmHWM_bytes,356667392,bytes,validation_truth_or_ground_not_operational_calibration,False,False
h8_ground_resource,artifacts/hchain_h8_memory_safe_extension_20261004/ground/resource_audit.json,/memory_events/0/VmRSS_bytes,356667392,bytes,validation_truth_or_ground_not_operational_calibration,False,False
h8_ground_resource,artifacts/hchain_h8_memory_safe_extension_20261004/ground/resource_audit.json,/memory_events/0/VmSwap_bytes,0,bytes,validation_truth_or_ground_not_operational_calibration,False,False
h8_ground_resource,artifacts/hchain_h8_memory_safe_extension_20261004/ground/resource_audit.json,/memory_events/0/allocation_count_scope,instrumented Python-owned full-sector objects; native temporaries unobserved,metadata_or_saved_count,validation_truth_or_ground_not_operational_calibration,False,False
h8_ground_resource,artifacts/hchain_h8_memory_safe_extension_20261004/ground/resource_audit.json,/memory_events/0/explicit_large_allocation_count,0,metadata_or_saved_count,validation_truth_or_ground_not_operational_calibration,False,False
h8_ground_resource,artifacts/hchain_h8_memory_safe_extension_20261004/ground/resource_audit.json,/memory_events/0/largest_object_bytes,786432,bytes,validation_truth_or_ground_not_operational_calibration,False,False
h8_ground_resource,artifacts/hchain_h8_memory_safe_extension_20261004/ground/resource_audit.json,/memory_events/0/simultaneously_live_full_sector_dense_matrices,0,metadata_or_saved_count,validation_truth_or_ground_not_operational_calibration,False,False
h8_ground_resource,artifacts/hchain_h8_memory_safe_extension_20261004/ground/resource_audit.json,/memory_events/0/stage,streamed_component_preprocessing,metadata_or_saved_count,validation_truth_or_ground_not_operational_calibration,False,False
h8_ground_resource,artifacts/hchain_h8_memory_safe_extension_20261004/ground/resource_audit.json,/memory_events/1/VmHWM_bytes,711610368,bytes,validation_truth_or_ground_not_operational_calibration,False,False
h8_ground_resource,artifacts/hchain_h8_memory_safe_extension_20261004/ground/resource_audit.json,/memory_events/1/VmRSS_bytes,711610368,bytes,validation_truth_or_ground_not_operational_calibration,False,False
h8_ground_resource,artifacts/hchain_h8_memory_safe_extension_20261004/ground/resource_audit.json,/memory_events/1/VmSwap_bytes,0,bytes,validation_truth_or_ground_not_operational_calibration,False,False
h8_ground_resource,artifacts/hchain_h8_memory_safe_extension_20261004/ground/resource_audit.json,/memory_events/1/allocation_count_scope,instrumented Python-owned full-sector objects; native temporaries unobserved,metadata_or_saved_count,validation_truth_or_ground_not_operational_calibration,False,False
h8_ground_resource,artifacts/hchain_h8_memory_safe_extension_20261004/ground/resource_audit.json,/memory_events/1/explicit_large_allocation_count,1,metadata_or_saved_count,validation_truth_or_ground_not_operational_calibration,False,False
h8_ground_resource,artifacts/hchain_h8_memory_safe_extension_20261004/ground/resource_audit.json,/memory_events/1/largest_object_bytes,384160000,bytes,validation_truth_or_ground_not_operational_calibration,False,False
h8_ground_resource,artifacts/hchain_h8_memory_safe_extension_20261004/ground/resource_audit.json,/memory_events/1/simultaneously_live_full_sector_dense_matrices,1,metadata_or_saved_count,validation_truth_or_ground_not_operational_calibration,False,False
h8_ground_resource,artifacts/hchain_h8_memory_safe_extension_20261004/ground/resource_audit.json,/memory_events/1/stage,same_H_ground_input,metadata_or_saved_count,validation_truth_or_ground_not_operational_calibration,False,False
h8_ground_resource,artifacts/hchain_h8_memory_safe_extension_20261004/ground/resource_audit.json,/memory_events/2/VmHWM_bytes,1874337792,bytes,validation_truth_or_ground_not_operational_calibration,False,False
h8_ground_resource,artifacts/hchain_h8_memory_safe_extension_20261004/ground/resource_audit.json,/memory_events/2/VmRSS_bytes,366698496,bytes,validation_truth_or_ground_not_operational_calibration,False,False
h8_ground_resource,artifacts/hchain_h8_memory_safe_extension_20261004/ground/resource_audit.json,/memory_events/2/VmSwap_bytes,0,bytes,validation_truth_or_ground_not_operational_calibration,False,False
h8_ground_resource,artifacts/hchain_h8_memory_safe_extension_20261004/ground/resource_audit.json,/memory_events/2/allocation_count_scope,instrumented Python-owned full-sector objects; native temporaries unobserved,metadata_or_saved_count,validation_truth_or_ground_not_operational_calibration,False,False
h8_ground_resource,artifacts/hchain_h8_memory_safe_extension_20261004/ground/resource_audit.json,/memory_events/2/explicit_large_allocation_count,0,metadata_or_saved_count,validation_truth_or_ground_not_operational_calibration,False,False
h8_ground_resource,artifacts/hchain_h8_memory_safe_extension_20261004/ground/resource_audit.json,/memory_events/2/largest_object_bytes,0,bytes,validation_truth_or_ground_not_operational_calibration,False,False
h8_ground_resource,artifacts/hchain_h8_memory_safe_extension_20261004/ground/resource_audit.json,/memory_events/2/simultaneously_live_full_sector_dense_matrices,0,metadata_or_saved_count,validation_truth_or_ground_not_operational_calibration,False,False
h8_ground_resource,artifacts/hchain_h8_memory_safe_extension_20261004/ground/resource_audit.json,/memory_events/2/stage,same_H_ground_released,metadata_or_saved_count,validation_truth_or_ground_not_operational_calibration,False,False
h8_ground_resource,artifacts/hchain_h8_memory_safe_extension_20261004/ground/resource_audit.json,/native_workspace_allocation_count,unknown_not_instrumented,metadata_or_saved_count,validation_truth_or_ground_not_operational_calibration,False,False
h8_ground_resource,artifacts/hchain_h8_memory_safe_extension_20261004/ground/resource_audit.json,/peak_RSS_KiB,1830408,KiB,validation_truth_or_ground_not_operational_calibration,False,False
h8_ground_resource,artifacts/hchain_h8_memory_safe_extension_20261004/ground/resource_audit.json,/quantum_K_not_classical_action_count,True,metadata_or_saved_count,validation_truth_or_ground_not_operational_calibration,False,False
h8_ground_resource,artifacts/hchain_h8_memory_safe_extension_20261004/ground/resource_audit.json,/timings_seconds/H8_same_H_ground,125.7555375979282,seconds,validation_truth_or_ground_not_operational_calibration,False,False
h8_ground_resource,artifacts/hchain_h8_memory_safe_extension_20261004/ground/resource_audit.json,/timings_seconds/group_spectrum_preprocessing,31.8440333600156,seconds,validation_truth_or_ground_not_operational_calibration,False,False
h8_truth_resource,artifacts/hchain_h8_memory_safe_extension_20261004/truth/resource_audit.json,/BLAS_threads,1,metadata_or_saved_count,validation_truth_or_ground_not_operational_calibration,False,False
h8_truth_resource,artifacts/hchain_h8_memory_safe_extension_20261004/truth/resource_audit.json,/CPU_processes,1,metadata_or_saved_count,validation_truth_or_ground_not_operational_calibration,False,False
h8_truth_resource,artifacts/hchain_h8_memory_safe_extension_20261004/truth/resource_audit.json,/H_exponential_internal_matvec_count,unknown_not_exposed_by_CSR_expm_multiply,metadata_or_saved_count,validation_truth_or_ground_not_operational_calibration,False,False
h8_truth_resource,artifacts/hchain_h8_memory_safe_extension_20261004/truth/resource_audit.json,/combined_H1_cost,not_measured_preparation_only,metadata_or_saved_count,validation_truth_or_ground_not_operational_calibration,False,False
h8_truth_resource,artifacts/hchain_h8_memory_safe_extension_20261004/truth/resource_audit.json,/counts/Arnoldi_chains,0,metadata_or_saved_count,validation_truth_or_ground_not_operational_calibration,False,False
h8_truth_resource,artifacts/hchain_h8_memory_safe_extension_20261004/truth/resource_audit.json,/counts/GPU_allocations,0,metadata_or_saved_count,validation_truth_or_ground_not_operational_calibration,False,False
h8_truth_resource,artifacts/hchain_h8_memory_safe_extension_20261004/truth/resource_audit.json,/counts/GPU_kernels,0,metadata_or_saved_count,validation_truth_or_ground_not_operational_calibration,False,False
h8_truth_resource,artifacts/hchain_h8_memory_safe_extension_20261004/truth/resource_audit.json,/counts/GPU_queries,0,metadata_or_saved_count,validation_truth_or_ground_not_operational_calibration,False,False
h8_truth_resource,artifacts/hchain_h8_memory_safe_extension_20261004/truth/resource_audit.json,/counts/candidate_cheap_pf_actions,0,metadata_or_saved_count,validation_truth_or_ground_not_operational_calibration,False,False
h8_truth_resource,artifacts/hchain_h8_memory_safe_extension_20261004/truth/resource_audit.json,/counts/candidate_h_exponential_actions,0,metadata_or_saved_count,validation_truth_or_ground_not_operational_calibration,False,False
h8_truth_resource,artifacts/hchain_h8_memory_safe_extension_20261004/truth/resource_audit.json,/counts/direct_Schur_solves,3,metadata_or_saved_count,validation_truth_or_ground_not_operational_calibration,False,False
h8_truth_resource,artifacts/hchain_h8_memory_safe_extension_20261004/truth/resource_audit.json,/counts/direct_truth_coordinates,3,metadata_or_saved_count,validation_truth_or_ground_not_operational_calibration,False,False
h8_truth_resource,artifacts/hchain_h8_memory_safe_extension_20261004/truth/resource_audit.json,/counts/full_H_ground_solves,1,metadata_or_saved_count,validation_truth_or_ground_not_operational_calibration,False,False
h8_truth_resource,artifacts/hchain_h8_memory_safe_extension_20261004/truth/resource_audit.json,/counts/full_pf_unitary_builds,3,metadata_or_saved_count,validation_truth_or_ground_not_operational_calibration,False,False
h8_truth_resource,artifacts/hchain_h8_memory_safe_extension_20261004/truth/resource_audit.json,/counts/ground_verification_H_matvecs,1,metadata_or_saved_count,validation_truth_or_ground_not_operational_calibration,False,False
h8_truth_resource,artifacts/hchain_h8_memory_safe_extension_20261004/truth/resource_audit.json,/counts/group_component_eigh_batches,404,metadata_or_saved_count,validation_truth_or_ground_not_operational_calibration,False,False
h8_truth_resource,artifacts/hchain_h8_memory_safe_extension_20261004/truth/resource_audit.json,/counts/group_spectrum_preparations,105,metadata_or_saved_count,validation_truth_or_ground_not_operational_calibration,False,False
h8_truth_resource,artifacts/hchain_h8_memory_safe_extension_20261004/truth/resource_audit.json,/counts/m1_h_matvecs,0,metadata_or_saved_count,validation_truth_or_ground_not_operational_calibration,False,False
h8_truth_resource,artifacts/hchain_h8_memory_safe_extension_20261004/truth/resource_audit.json,/counts/m1_pf_vector_actions,0,metadata_or_saved_count,validation_truth_or_ground_not_operational_calibration,False,False
h8_truth_resource,artifacts/hchain_h8_memory_safe_extension_20261004/truth/resource_audit.json,/counts/target_phase_gaps,3,metadata_or_saved_count,validation_truth_or_ground_not_operational_calibration,False,False
h8_truth_resource,artifacts/hchain_h8_memory_safe_extension_20261004/truth/resource_audit.json,/counts/truth_array_reads,1,metadata_or_saved_count,validation_truth_or_ground_not_operational_calibration,False,False
h8_truth_resource,artifacts/hchain_h8_memory_safe_extension_20261004/truth/resource_audit.json,/counts/truth_component_gate_materializations,1260,metadata_or_saved_count,validation_truth_or_ground_not_operational_calibration,False,False
h8_truth_resource,artifacts/hchain_h8_memory_safe_extension_20261004/truth/resource_audit.json,/counts/truth_sparse_matrix_dense_matrix_multiplies,4371,metadata_or_saved_count,validation_truth_or_ground_not_operational_calibration,False,False
h8_truth_resource,artifacts/hchain_h8_memory_safe_extension_20261004/truth/resource_audit.json,/maximum_gate_cache_bytes,0,bytes,validation_truth_or_ground_not_operational_calibration,False,False
h8_truth_resource,artifacts/hchain_h8_memory_safe_extension_20261004/truth/resource_audit.json,/maximum_h_exp_norm_residual,0.0,metadata_or_saved_count,validation_truth_or_ground_not_operational_calibration,False,False
h8_truth_resource,artifacts/hchain_h8_memory_safe_extension_20261004/truth/resource_audit.json,/maximum_pf_norm_residual,0.0,metadata_or_saved_count,validation_truth_or_ground_not_operational_calibration,False,False
h8_truth_resource,artifacts/hchain_h8_memory_safe_extension_20261004/truth/resource_audit.json,/memory_events/0/VmHWM_bytes,356667392,bytes,validation_truth_or_ground_not_operational_calibration,False,False
h8_truth_resource,artifacts/hchain_h8_memory_safe_extension_20261004/truth/resource_audit.json,/memory_events/0/VmRSS_bytes,356667392,bytes,validation_truth_or_ground_not_operational_calibration,False,False
h8_truth_resource,artifacts/hchain_h8_memory_safe_extension_20261004/truth/resource_audit.json,/memory_events/0/VmSwap_bytes,0,bytes,validation_truth_or_ground_not_operational_calibration,False,False
h8_truth_resource,artifacts/hchain_h8_memory_safe_extension_20261004/truth/resource_audit.json,/memory_events/0/allocation_count_scope,instrumented Python-owned full-sector objects; native temporaries unobserved,metadata_or_saved_count,validation_truth_or_ground_not_operational_calibration,False,False
h8_truth_resource,artifacts/hchain_h8_memory_safe_extension_20261004/truth/resource_audit.json,/memory_events/0/explicit_large_allocation_count,0,metadata_or_saved_count,validation_truth_or_ground_not_operational_calibration,False,False
h8_truth_resource,artifacts/hchain_h8_memory_safe_extension_20261004/truth/resource_audit.json,/memory_events/0/largest_object_bytes,786432,bytes,validation_truth_or_ground_not_operational_calibration,False,False
h8_truth_resource,artifacts/hchain_h8_memory_safe_extension_20261004/truth/resource_audit.json,/memory_events/0/simultaneously_live_full_sector_dense_matrices,0,metadata_or_saved_count,validation_truth_or_ground_not_operational_calibration,False,False
h8_truth_resource,artifacts/hchain_h8_memory_safe_extension_20261004/truth/resource_audit.json,/memory_events/0/stage,streamed_component_preprocessing,metadata_or_saved_count,validation_truth_or_ground_not_operational_calibration,False,False
h8_truth_resource,artifacts/hchain_h8_memory_safe_extension_20261004/truth/resource_audit.json,/memory_events/1/VmHWM_bytes,711610368,bytes,validation_truth_or_ground_not_operational_calibration,False,False
h8_truth_resource,artifacts/hchain_h8_memory_safe_extension_20261004/truth/resource_audit.json,/memory_events/1/VmRSS_bytes,711610368,bytes,validation_truth_or_ground_not_operational_calibration,False,False
h8_truth_resource,artifacts/hchain_h8_memory_safe_extension_20261004/truth/resource_audit.json,/memory_events/1/VmSwap_bytes,0,bytes,validation_truth_or_ground_not_operational_calibration,False,False
h8_truth_resource,artifacts/hchain_h8_memory_safe_extension_20261004/truth/resource_audit.json,/memory_events/1/allocation_count_scope,instrumented Python-owned full-sector objects; native temporaries unobserved,metadata_or_saved_count,validation_truth_or_ground_not_operational_calibration,False,False
h8_truth_resource,artifacts/hchain_h8_memory_safe_extension_20261004/truth/resource_audit.json,/memory_events/1/explicit_large_allocation_count,1,metadata_or_saved_count,validation_truth_or_ground_not_operational_calibration,False,False
h8_truth_resource,artifacts/hchain_h8_memory_safe_extension_20261004/truth/resource_audit.json,/memory_events/1/largest_object_bytes,384160000,bytes,validation_truth_or_ground_not_operational_calibration,False,False
h8_truth_resource,artifacts/hchain_h8_memory_safe_extension_20261004/truth/resource_audit.json,/memory_events/1/simultaneously_live_full_sector_dense_matrices,1,metadata_or_saved_count,validation_truth_or_ground_not_operational_calibration,False,False
h8_truth_resource,artifacts/hchain_h8_memory_safe_extension_20261004/truth/resource_audit.json,/memory_events/1/stage,same_H_ground_input,metadata_or_saved_count,validation_truth_or_ground_not_operational_calibration,False,False
h8_truth_resource,artifacts/hchain_h8_memory_safe_extension_20261004/truth/resource_audit.json,/memory_events/2/VmHWM_bytes,1874337792,bytes,validation_truth_or_ground_not_operational_calibration,False,False
h8_truth_resource,artifacts/hchain_h8_memory_safe_extension_20261004/truth/resource_audit.json,/memory_events/2/VmRSS_bytes,366698496,bytes,validation_truth_or_ground_not_operational_calibration,False,False
h8_truth_resource,artifacts/hchain_h8_memory_safe_extension_20261004/truth/resource_audit.json,/memory_events/2/VmSwap_bytes,0,bytes,validation_truth_or_ground_not_operational_calibration,False,False
h8_truth_resource,artifacts/hchain_h8_memory_safe_extension_20261004/truth/resource_audit.json,/memory_events/2/allocation_count_scope,instrumented Python-owned full-sector objects; native temporaries unobserved,metadata_or_saved_count,validation_truth_or_ground_not_operational_calibration,False,False
h8_truth_resource,artifacts/hchain_h8_memory_safe_extension_20261004/truth/resource_audit.json,/memory_events/2/explicit_large_allocation_count,0,metadata_or_saved_count,validation_truth_or_ground_not_operational_calibration,False,False
h8_truth_resource,artifacts/hchain_h8_memory_safe_extension_20261004/truth/resource_audit.json,/memory_events/2/largest_object_bytes,0,bytes,validation_truth_or_ground_not_operational_calibration,False,False
h8_truth_resource,artifacts/hchain_h8_memory_safe_extension_20261004/truth/resource_audit.json,/memory_events/2/simultaneously_live_full_sector_dense_matrices,0,metadata_or_saved_count,validation_truth_or_ground_not_operational_calibration,False,False
h8_truth_resource,artifacts/hchain_h8_memory_safe_extension_20261004/truth/resource_audit.json,/memory_events/2/stage,same_H_ground_released,metadata_or_saved_count,validation_truth_or_ground_not_operational_calibration,False,False
h8_truth_resource,artifacts/hchain_h8_memory_safe_extension_20261004/truth/resource_audit.json,/memory_events/3/VmHWM_bytes,1874337792,bytes,validation_truth_or_ground_not_operational_calibration,False,False
h8_truth_resource,artifacts/hchain_h8_memory_safe_extension_20261004/truth/resource_audit.json,/memory_events/3/VmRSS_bytes,986173440,bytes,validation_truth_or_ground_not_operational_calibration,False,False
h8_truth_resource,artifacts/hchain_h8_memory_safe_extension_20261004/truth/resource_audit.json,/memory_events/3/VmSwap_bytes,0,bytes,validation_truth_or_ground_not_operational_calibration,False,False
h8_truth_resource,artifacts/hchain_h8_memory_safe_extension_20261004/truth/resource_audit.json,/memory_events/3/allocation_count_scope,instrumented Python-owned full-sector objects; native temporaries unobserved,metadata_or_saved_count,validation_truth_or_ground_not_operational_calibration,False,False
h8_truth_resource,artifacts/hchain_h8_memory_safe_extension_20261004/truth/resource_audit.json,/memory_events/3/explicit_large_allocation_count,1,metadata_or_saved_count,validation_truth_or_ground_not_operational_calibration,False,False
h8_truth_resource,artifacts/hchain_h8_memory_safe_extension_20261004/truth/resource_audit.json,/memory_events/3/largest_object_bytes,384160000,bytes,validation_truth_or_ground_not_operational_calibration,False,False
h8_truth_resource,artifacts/hchain_h8_memory_safe_extension_20261004/truth/resource_audit.json,/memory_events/3/simultaneously_live_full_sector_dense_matrices,1,metadata_or_saved_count,validation_truth_or_ground_not_operational_calibration,False,False
h8_truth_resource,artifacts/hchain_h8_memory_safe_extension_20261004/truth/resource_audit.json,/memory_events/3/stage,one_full_PF,metadata_or_saved_count,validation_truth_or_ground_not_operational_calibration,False,False
h8_truth_resource,artifacts/hchain_h8_memory_safe_extension_20261004/truth/resource_audit.json,/memory_events/4/VmHWM_bytes,2555604992,bytes,validation_truth_or_ground_not_operational_calibration,False,False
h8_truth_resource,artifacts/hchain_h8_memory_safe_extension_20261004/truth/resource_audit.json,/memory_events/4/VmRSS_bytes,615129088,bytes,validation_truth_or_ground_not_operational_calibration,False,False
h8_truth_resource,artifacts/hchain_h8_memory_safe_extension_20261004/truth/resource_audit.json,/memory_events/4/VmSwap_bytes,0,bytes,validation_truth_or_ground_not_operational_calibration,False,False
h8_truth_resource,artifacts/hchain_h8_memory_safe_extension_20261004/truth/resource_audit.json,/memory_events/4/allocation_count_scope,instrumented Python-owned full-sector objects; native temporaries unobserved,metadata_or_saved_count,validation_truth_or_ground_not_operational_calibration,False,False
h8_truth_resource,artifacts/hchain_h8_memory_safe_extension_20261004/truth/resource_audit.json,/memory_events/4/explicit_large_allocation_count,0,metadata_or_saved_count,validation_truth_or_ground_not_operational_calibration,False,False
h8_truth_resource,artifacts/hchain_h8_memory_safe_extension_20261004/truth/resource_audit.json,/memory_events/4/largest_object_bytes,0,bytes,validation_truth_or_ground_not_operational_calibration,False,False
h8_truth_resource,artifacts/hchain_h8_memory_safe_extension_20261004/truth/resource_audit.json,/memory_events/4/simultaneously_live_full_sector_dense_matrices,0,metadata_or_saved_count,validation_truth_or_ground_not_operational_calibration,False,False
h8_truth_resource,artifacts/hchain_h8_memory_safe_extension_20261004/truth/resource_audit.json,/memory_events/4/stage,coordinate_dense_objects_released,metadata_or_saved_count,validation_truth_or_ground_not_operational_calibration,False,False
h8_truth_resource,artifacts/hchain_h8_memory_safe_extension_20261004/truth/resource_audit.json,/memory_events/5/VmHWM_bytes,2555604992,bytes,validation_truth_or_ground_not_operational_calibration,False,False
h8_truth_resource,artifacts/hchain_h8_memory_safe_extension_20261004/truth/resource_audit.json,/memory_events/5/VmRSS_bytes,1010626560,bytes,validation_truth_or_ground_not_operational_calibration,False,False
h8_truth_resource,artifacts/hchain_h8_memory_safe_extension_20261004/truth/resource_audit.json,/memory_events/5/VmSwap_bytes,0,bytes,validation_truth_or_ground_not_operational_calibration,False,False
h8_truth_resource,artifacts/hchain_h8_memory_safe_extension_20261004/truth/resource_audit.json,/memory_events/5/allocation_count_scope,instrumented Python-owned full-sector objects; native temporaries unobserved,metadata_or_saved_count,validation_truth_or_ground_not_operational_calibration,False,False
h8_truth_resource,artifacts/hchain_h8_memory_safe_extension_20261004/truth/resource_audit.json,/memory_events/5/explicit_large_allocation_count,1,metadata_or_saved_count,validation_truth_or_ground_not_operational_calibration,False,False
h8_truth_resource,artifacts/hchain_h8_memory_safe_extension_20261004/truth/resource_audit.json,/memory_events/5/largest_object_bytes,384160000,bytes,validation_truth_or_ground_not_operational_calibration,False,False
h8_truth_resource,artifacts/hchain_h8_memory_safe_extension_20261004/truth/resource_audit.json,/memory_events/5/simultaneously_live_full_sector_dense_matrices,1,metadata_or_saved_count,validation_truth_or_ground_not_operational_calibration,False,False
h8_truth_resource,artifacts/hchain_h8_memory_safe_extension_20261004/truth/resource_audit.json,/memory_events/5/stage,one_full_PF,metadata_or_saved_count,validation_truth_or_ground_not_operational_calibration,False,False
h8_truth_resource,artifacts/hchain_h8_memory_safe_extension_20261004/truth/resource_audit.json,/memory_events/6/VmHWM_bytes,2567229440,bytes,validation_truth_or_ground_not_operational_calibration,False,False
h8_truth_resource,artifacts/hchain_h8_memory_safe_extension_20261004/truth/resource_audit.json,/memory_events/6/VmRSS_bytes,626548736,bytes,validation_truth_or_ground_not_operational_calibration,False,False
h8_truth_resource,artifacts/hchain_h8_memory_safe_extension_20261004/truth/resource_audit.json,/memory_events/6/VmSwap_bytes,0,bytes,validation_truth_or_ground_not_operational_calibration,False,False
h8_truth_resource,artifacts/hchain_h8_memory_safe_extension_20261004/truth/resource_audit.json,/memory_events/6/allocation_count_scope,instrumented Python-owned full-sector objects; native temporaries unobserved,metadata_or_saved_count,validation_truth_or_ground_not_operational_calibration,False,False
h8_truth_resource,artifacts/hchain_h8_memory_safe_extension_20261004/truth/resource_audit.json,/memory_events/6/explicit_large_allocation_count,0,metadata_or_saved_count,validation_truth_or_ground_not_operational_calibration,False,False
h8_truth_resource,artifacts/hchain_h8_memory_safe_extension_20261004/truth/resource_audit.json,/memory_events/6/largest_object_bytes,0,bytes,validation_truth_or_ground_not_operational_calibration,False,False
h8_truth_resource,artifacts/hchain_h8_memory_safe_extension_20261004/truth/resource_audit.json,/memory_events/6/simultaneously_live_full_sector_dense_matrices,0,metadata_or_saved_count,validation_truth_or_ground_not_operational_calibration,False,False
h8_truth_resource,artifacts/hchain_h8_memory_safe_extension_20261004/truth/resource_audit.json,/memory_events/6/stage,coordinate_dense_objects_released,metadata_or_saved_count,validation_truth_or_ground_not_operational_calibration,False,False
h8_truth_resource,artifacts/hchain_h8_memory_safe_extension_20261004/truth/resource_audit.json,/memory_events/7/VmHWM_bytes,2567229440,bytes,validation_truth_or_ground_not_operational_calibration,False,False
h8_truth_resource,artifacts/hchain_h8_memory_safe_extension_20261004/truth/resource_audit.json,/memory_events/7/VmRSS_bytes,910786560,bytes,validation_truth_or_ground_not_operational_calibration,False,False
h8_truth_resource,artifacts/hchain_h8_memory_safe_extension_20261004/truth/resource_audit.json,/memory_events/7/VmSwap_bytes,0,bytes,validation_truth_or_ground_not_operational_calibration,False,False
h8_truth_resource,artifacts/hchain_h8_memory_safe_extension_20261004/truth/resource_audit.json,/memory_events/7/allocation_count_scope,instrumented Python-owned full-sector objects; native temporaries unobserved,metadata_or_saved_count,validation_truth_or_ground_not_operational_calibration,False,False
h8_truth_resource,artifacts/hchain_h8_memory_safe_extension_20261004/truth/resource_audit.json,/memory_events/7/explicit_large_allocation_count,1,metadata_or_saved_count,validation_truth_or_ground_not_operational_calibration,False,False
h8_truth_resource,artifacts/hchain_h8_memory_safe_extension_20261004/truth/resource_audit.json,/memory_events/7/largest_object_bytes,384160000,bytes,validation_truth_or_ground_not_operational_calibration,False,False
h8_truth_resource,artifacts/hchain_h8_memory_safe_extension_20261004/truth/resource_audit.json,/memory_events/7/simultaneously_live_full_sector_dense_matrices,1,metadata_or_saved_count,validation_truth_or_ground_not_operational_calibration,False,False
h8_truth_resource,artifacts/hchain_h8_memory_safe_extension_20261004/truth/resource_audit.json,/memory_events/7/stage,one_full_PF,metadata_or_saved_count,validation_truth_or_ground_not_operational_calibration,False,False
h8_truth_resource,artifacts/hchain_h8_memory_safe_extension_20261004/truth/resource_audit.json,/memory_events/8/VmHWM_bytes,2567229440,bytes,validation_truth_or_ground_not_operational_calibration,False,False
h8_truth_resource,artifacts/hchain_h8_memory_safe_extension_20261004/truth/resource_audit.json,/memory_events/8/VmRSS_bytes,526655488,bytes,validation_truth_or_ground_not_operational_calibration,False,False
h8_truth_resource,artifacts/hchain_h8_memory_safe_extension_20261004/truth/resource_audit.json,/memory_events/8/VmSwap_bytes,0,bytes,validation_truth_or_ground_not_operational_calibration,False,False
h8_truth_resource,artifacts/hchain_h8_memory_safe_extension_20261004/truth/resource_audit.json,/memory_events/8/allocation_count_scope,instrumented Python-owned full-sector objects; native temporaries unobserved,metadata_or_saved_count,validation_truth_or_ground_not_operational_calibration,False,False
h8_truth_resource,artifacts/hchain_h8_memory_safe_extension_20261004/truth/resource_audit.json,/memory_events/8/explicit_large_allocation_count,0,metadata_or_saved_count,validation_truth_or_ground_not_operational_calibration,False,False
h8_truth_resource,artifacts/hchain_h8_memory_safe_extension_20261004/truth/resource_audit.json,/memory_events/8/largest_object_bytes,0,bytes,validation_truth_or_ground_not_operational_calibration,False,False
h8_truth_resource,artifacts/hchain_h8_memory_safe_extension_20261004/truth/resource_audit.json,/memory_events/8/simultaneously_live_full_sector_dense_matrices,0,metadata_or_saved_count,validation_truth_or_ground_not_operational_calibration,False,False
h8_truth_resource,artifacts/hchain_h8_memory_safe_extension_20261004/truth/resource_audit.json,/memory_events/8/stage,coordinate_dense_objects_released,metadata_or_saved_count,validation_truth_or_ground_not_operational_calibration,False,False
h8_truth_resource,artifacts/hchain_h8_memory_safe_extension_20261004/truth/resource_audit.json,/native_workspace_allocation_count,unknown_not_instrumented,metadata_or_saved_count,validation_truth_or_ground_not_operational_calibration,False,False
h8_truth_resource,artifacts/hchain_h8_memory_safe_extension_20261004/truth/resource_audit.json,/peak_RSS_KiB,2507060,KiB,validation_truth_or_ground_not_operational_calibration,False,False
h8_truth_resource,artifacts/hchain_h8_memory_safe_extension_20261004/truth/resource_audit.json,/quantum_K_not_classical_action_count,True,metadata_or_saved_count,validation_truth_or_ground_not_operational_calibration,False,False
h8_truth_resource,artifacts/hchain_h8_memory_safe_extension_20261004/truth/resource_audit.json,/timings_seconds/H8_same_H_ground,125.7555375979282,seconds,validation_truth_or_ground_not_operational_calibration,False,False
h8_truth_resource,artifacts/hchain_h8_memory_safe_extension_20261004/truth/resource_audit.json,/timings_seconds/H8_truth_H8_r0.5,478.5751746278256,seconds,validation_truth_or_ground_not_operational_calibration,False,False
h8_truth_resource,artifacts/hchain_h8_memory_safe_extension_20261004/truth/resource_audit.json,/timings_seconds/H8_truth_H8_r0.65,478.49760016193613,seconds,validation_truth_or_ground_not_operational_calibration,False,False
h8_truth_resource,artifacts/hchain_h8_memory_safe_extension_20261004/truth/resource_audit.json,/timings_seconds/H8_truth_H8_r0.8,480.1973010697402,seconds,validation_truth_or_ground_not_operational_calibration,False,False
h8_truth_resource,artifacts/hchain_h8_memory_safe_extension_20261004/truth/resource_audit.json,/timings_seconds/group_spectrum_preprocessing,31.8440333600156,seconds,validation_truth_or_ground_not_operational_calibration,False,False
h8_truth_resource,artifacts/hchain_h8_memory_safe_extension_20261004/truth/resource_audit.json,/timings_seconds/truth_Schur_branch_gap,381.00620387867093,seconds,validation_truth_or_ground_not_operational_calibration,False,False
h8_truth_resource,artifacts/hchain_h8_memory_safe_extension_20261004/truth/resource_audit.json,/timings_seconds/truth_full_PF_construction,1056.261739892885,seconds,validation_truth_or_ground_not_operational_calibration,False,False
h8_scored_resource,artifacts/hchain_h8_memory_safe_extension_20261004/scored/resource_audit.json,/BLAS_threads,1,metadata_or_saved_count,validation_truth_or_ground_not_operational_calibration,False,False
h8_scored_resource,artifacts/hchain_h8_memory_safe_extension_20261004/scored/resource_audit.json,/CPU_processes,1,metadata_or_saved_count,validation_truth_or_ground_not_operational_calibration,False,False
h8_scored_resource,artifacts/hchain_h8_memory_safe_extension_20261004/scored/resource_audit.json,/H_exponential_internal_matvec_count,unknown_not_exposed_by_CSR_expm_multiply,metadata_or_saved_count,validation_truth_or_ground_not_operational_calibration,False,False
h8_scored_resource,artifacts/hchain_h8_memory_safe_extension_20261004/scored/resource_audit.json,/combined_H1_cost,not_measured_preparation_only,metadata_or_saved_count,validation_truth_or_ground_not_operational_calibration,False,False
h8_scored_resource,artifacts/hchain_h8_memory_safe_extension_20261004/scored/resource_audit.json,/counts/Arnoldi_chains,0,metadata_or_saved_count,validation_truth_or_ground_not_operational_calibration,False,False
h8_scored_resource,artifacts/hchain_h8_memory_safe_extension_20261004/scored/resource_audit.json,/counts/GPU_allocations,0,metadata_or_saved_count,validation_truth_or_ground_not_operational_calibration,False,False
h8_scored_resource,artifacts/hchain_h8_memory_safe_extension_20261004/scored/resource_audit.json,/counts/GPU_kernels,0,metadata_or_saved_count,validation_truth_or_ground_not_operational_calibration,False,False
h8_scored_resource,artifacts/hchain_h8_memory_safe_extension_20261004/scored/resource_audit.json,/counts/GPU_queries,0,metadata_or_saved_count,validation_truth_or_ground_not_operational_calibration,False,False
h8_scored_resource,artifacts/hchain_h8_memory_safe_extension_20261004/scored/resource_audit.json,/counts/candidate_cheap_pf_actions,0,metadata_or_saved_count,validation_truth_or_ground_not_operational_calibration,False,False
h8_scored_resource,artifacts/hchain_h8_memory_safe_extension_20261004/scored/resource_audit.json,/counts/candidate_h_exponential_actions,0,metadata_or_saved_count,validation_truth_or_ground_not_operational_calibration,False,False
h8_scored_resource,artifacts/hchain_h8_memory_safe_extension_20261004/scored/resource_audit.json,/counts/direct_Schur_solves,3,metadata_or_saved_count,validation_truth_or_ground_not_operational_calibration,False,False
h8_scored_resource,artifacts/hchain_h8_memory_safe_extension_20261004/scored/resource_audit.json,/counts/direct_truth_coordinates,3,metadata_or_saved_count,validation_truth_or_ground_not_operational_calibration,False,False
h8_scored_resource,artifacts/hchain_h8_memory_safe_extension_20261004/scored/resource_audit.json,/counts/full_H_ground_solves,1,metadata_or_saved_count,validation_truth_or_ground_not_operational_calibration,False,False
h8_scored_resource,artifacts/hchain_h8_memory_safe_extension_20261004/scored/resource_audit.json,/counts/full_pf_unitary_builds,3,metadata_or_saved_count,validation_truth_or_ground_not_operational_calibration,False,False
h8_scored_resource,artifacts/hchain_h8_memory_safe_extension_20261004/scored/resource_audit.json,/counts/ground_verification_H_matvecs,1,metadata_or_saved_count,validation_truth_or_ground_not_operational_calibration,False,False
h8_scored_resource,artifacts/hchain_h8_memory_safe_extension_20261004/scored/resource_audit.json,/counts/group_component_eigh_batches,404,metadata_or_saved_count,validation_truth_or_ground_not_operational_calibration,False,False
h8_scored_resource,artifacts/hchain_h8_memory_safe_extension_20261004/scored/resource_audit.json,/counts/group_spectrum_preparations,105,metadata_or_saved_count,validation_truth_or_ground_not_operational_calibration,False,False
h8_scored_resource,artifacts/hchain_h8_memory_safe_extension_20261004/scored/resource_audit.json,/counts/m1_h_matvecs,0,metadata_or_saved_count,validation_truth_or_ground_not_operational_calibration,False,False
h8_scored_resource,artifacts/hchain_h8_memory_safe_extension_20261004/scored/resource_audit.json,/counts/m1_pf_vector_actions,0,metadata_or_saved_count,validation_truth_or_ground_not_operational_calibration,False,False
h8_scored_resource,artifacts/hchain_h8_memory_safe_extension_20261004/scored/resource_audit.json,/counts/target_phase_gaps,3,metadata_or_saved_count,validation_truth_or_ground_not_operational_calibration,False,False
h8_scored_resource,artifacts/hchain_h8_memory_safe_extension_20261004/scored/resource_audit.json,/counts/truth_array_reads,1,metadata_or_saved_count,validation_truth_or_ground_not_operational_calibration,False,False
h8_scored_resource,artifacts/hchain_h8_memory_safe_extension_20261004/scored/resource_audit.json,/counts/truth_component_gate_materializations,1260,metadata_or_saved_count,validation_truth_or_ground_not_operational_calibration,False,False
h8_scored_resource,artifacts/hchain_h8_memory_safe_extension_20261004/scored/resource_audit.json,/counts/truth_sparse_matrix_dense_matrix_multiplies,4371,metadata_or_saved_count,validation_truth_or_ground_not_operational_calibration,False,False
h8_scored_resource,artifacts/hchain_h8_memory_safe_extension_20261004/scored/resource_audit.json,/maximum_gate_cache_bytes,0,bytes,validation_truth_or_ground_not_operational_calibration,False,False
h8_scored_resource,artifacts/hchain_h8_memory_safe_extension_20261004/scored/resource_audit.json,/maximum_h_exp_norm_residual,0.0,metadata_or_saved_count,validation_truth_or_ground_not_operational_calibration,False,False
h8_scored_resource,artifacts/hchain_h8_memory_safe_extension_20261004/scored/resource_audit.json,/maximum_pf_norm_residual,0.0,metadata_or_saved_count,validation_truth_or_ground_not_operational_calibration,False,False
h8_scored_resource,artifacts/hchain_h8_memory_safe_extension_20261004/scored/resource_audit.json,/memory_events/0/VmHWM_bytes,356667392,bytes,validation_truth_or_ground_not_operational_calibration,False,False
h8_scored_resource,artifacts/hchain_h8_memory_safe_extension_20261004/scored/resource_audit.json,/memory_events/0/VmRSS_bytes,356667392,bytes,validation_truth_or_ground_not_operational_calibration,False,False
h8_scored_resource,artifacts/hchain_h8_memory_safe_extension_20261004/scored/resource_audit.json,/memory_events/0/VmSwap_bytes,0,bytes,validation_truth_or_ground_not_operational_calibration,False,False
h8_scored_resource,artifacts/hchain_h8_memory_safe_extension_20261004/scored/resource_audit.json,/memory_events/0/allocation_count_scope,instrumented Python-owned full-sector objects; native temporaries unobserved,metadata_or_saved_count,validation_truth_or_ground_not_operational_calibration,False,False
h8_scored_resource,artifacts/hchain_h8_memory_safe_extension_20261004/scored/resource_audit.json,/memory_events/0/explicit_large_allocation_count,0,metadata_or_saved_count,validation_truth_or_ground_not_operational_calibration,False,False
h8_scored_resource,artifacts/hchain_h8_memory_safe_extension_20261004/scored/resource_audit.json,/memory_events/0/largest_object_bytes,786432,bytes,validation_truth_or_ground_not_operational_calibration,False,False
h8_scored_resource,artifacts/hchain_h8_memory_safe_extension_20261004/scored/resource_audit.json,/memory_events/0/simultaneously_live_full_sector_dense_matrices,0,metadata_or_saved_count,validation_truth_or_ground_not_operational_calibration,False,False
h8_scored_resource,artifacts/hchain_h8_memory_safe_extension_20261004/scored/resource_audit.json,/memory_events/0/stage,streamed_component_preprocessing,metadata_or_saved_count,validation_truth_or_ground_not_operational_calibration,False,False
h8_scored_resource,artifacts/hchain_h8_memory_safe_extension_20261004/scored/resource_audit.json,/memory_events/1/VmHWM_bytes,711610368,bytes,validation_truth_or_ground_not_operational_calibration,False,False
h8_scored_resource,artifacts/hchain_h8_memory_safe_extension_20261004/scored/resource_audit.json,/memory_events/1/VmRSS_bytes,711610368,bytes,validation_truth_or_ground_not_operational_calibration,False,False
h8_scored_resource,artifacts/hchain_h8_memory_safe_extension_20261004/scored/resource_audit.json,/memory_events/1/VmSwap_bytes,0,bytes,validation_truth_or_ground_not_operational_calibration,False,False
h8_scored_resource,artifacts/hchain_h8_memory_safe_extension_20261004/scored/resource_audit.json,/memory_events/1/allocation_count_scope,instrumented Python-owned full-sector objects; native temporaries unobserved,metadata_or_saved_count,validation_truth_or_ground_not_operational_calibration,False,False
h8_scored_resource,artifacts/hchain_h8_memory_safe_extension_20261004/scored/resource_audit.json,/memory_events/1/explicit_large_allocation_count,1,metadata_or_saved_count,validation_truth_or_ground_not_operational_calibration,False,False
h8_scored_resource,artifacts/hchain_h8_memory_safe_extension_20261004/scored/resource_audit.json,/memory_events/1/largest_object_bytes,384160000,bytes,validation_truth_or_ground_not_operational_calibration,False,False
h8_scored_resource,artifacts/hchain_h8_memory_safe_extension_20261004/scored/resource_audit.json,/memory_events/1/simultaneously_live_full_sector_dense_matrices,1,metadata_or_saved_count,validation_truth_or_ground_not_operational_calibration,False,False
h8_scored_resource,artifacts/hchain_h8_memory_safe_extension_20261004/scored/resource_audit.json,/memory_events/1/stage,same_H_ground_input,metadata_or_saved_count,validation_truth_or_ground_not_operational_calibration,False,False
h8_scored_resource,artifacts/hchain_h8_memory_safe_extension_20261004/scored/resource_audit.json,/memory_events/2/VmHWM_bytes,1874337792,bytes,validation_truth_or_ground_not_operational_calibration,False,False
h8_scored_resource,artifacts/hchain_h8_memory_safe_extension_20261004/scored/resource_audit.json,/memory_events/2/VmRSS_bytes,366698496,bytes,validation_truth_or_ground_not_operational_calibration,False,False
h8_scored_resource,artifacts/hchain_h8_memory_safe_extension_20261004/scored/resource_audit.json,/memory_events/2/VmSwap_bytes,0,bytes,validation_truth_or_ground_not_operational_calibration,False,False
h8_scored_resource,artifacts/hchain_h8_memory_safe_extension_20261004/scored/resource_audit.json,/memory_events/2/allocation_count_scope,instrumented Python-owned full-sector objects; native temporaries unobserved,metadata_or_saved_count,validation_truth_or_ground_not_operational_calibration,False,False
h8_scored_resource,artifacts/hchain_h8_memory_safe_extension_20261004/scored/resource_audit.json,/memory_events/2/explicit_large_allocation_count,0,metadata_or_saved_count,validation_truth_or_ground_not_operational_calibration,False,False
h8_scored_resource,artifacts/hchain_h8_memory_safe_extension_20261004/scored/resource_audit.json,/memory_events/2/largest_object_bytes,0,bytes,validation_truth_or_ground_not_operational_calibration,False,False
h8_scored_resource,artifacts/hchain_h8_memory_safe_extension_20261004/scored/resource_audit.json,/memory_events/2/simultaneously_live_full_sector_dense_matrices,0,metadata_or_saved_count,validation_truth_or_ground_not_operational_calibration,False,False
h8_scored_resource,artifacts/hchain_h8_memory_safe_extension_20261004/scored/resource_audit.json,/memory_events/2/stage,same_H_ground_released,metadata_or_saved_count,validation_truth_or_ground_not_operational_calibration,False,False
h8_scored_resource,artifacts/hchain_h8_memory_safe_extension_20261004/scored/resource_audit.json,/memory_events/3/VmHWM_bytes,1874337792,bytes,validation_truth_or_ground_not_operational_calibration,False,False
h8_scored_resource,artifacts/hchain_h8_memory_safe_extension_20261004/scored/resource_audit.json,/memory_events/3/VmRSS_bytes,986173440,bytes,validation_truth_or_ground_not_operational_calibration,False,False
h8_scored_resource,artifacts/hchain_h8_memory_safe_extension_20261004/scored/resource_audit.json,/memory_events/3/VmSwap_bytes,0,bytes,validation_truth_or_ground_not_operational_calibration,False,False
h8_scored_resource,artifacts/hchain_h8_memory_safe_extension_20261004/scored/resource_audit.json,/memory_events/3/allocation_count_scope,instrumented Python-owned full-sector objects; native temporaries unobserved,metadata_or_saved_count,validation_truth_or_ground_not_operational_calibration,False,False
h8_scored_resource,artifacts/hchain_h8_memory_safe_extension_20261004/scored/resource_audit.json,/memory_events/3/explicit_large_allocation_count,1,metadata_or_saved_count,validation_truth_or_ground_not_operational_calibration,False,False
h8_scored_resource,artifacts/hchain_h8_memory_safe_extension_20261004/scored/resource_audit.json,/memory_events/3/largest_object_bytes,384160000,bytes,validation_truth_or_ground_not_operational_calibration,False,False
h8_scored_resource,artifacts/hchain_h8_memory_safe_extension_20261004/scored/resource_audit.json,/memory_events/3/simultaneously_live_full_sector_dense_matrices,1,metadata_or_saved_count,validation_truth_or_ground_not_operational_calibration,False,False
h8_scored_resource,artifacts/hchain_h8_memory_safe_extension_20261004/scored/resource_audit.json,/memory_events/3/stage,one_full_PF,metadata_or_saved_count,validation_truth_or_ground_not_operational_calibration,False,False
h8_scored_resource,artifacts/hchain_h8_memory_safe_extension_20261004/scored/resource_audit.json,/memory_events/4/VmHWM_bytes,2555604992,bytes,validation_truth_or_ground_not_operational_calibration,False,False
h8_scored_resource,artifacts/hchain_h8_memory_safe_extension_20261004/scored/resource_audit.json,/memory_events/4/VmRSS_bytes,615129088,bytes,validation_truth_or_ground_not_operational_calibration,False,False
h8_scored_resource,artifacts/hchain_h8_memory_safe_extension_20261004/scored/resource_audit.json,/memory_events/4/VmSwap_bytes,0,bytes,validation_truth_or_ground_not_operational_calibration,False,False
h8_scored_resource,artifacts/hchain_h8_memory_safe_extension_20261004/scored/resource_audit.json,/memory_events/4/allocation_count_scope,instrumented Python-owned full-sector objects; native temporaries unobserved,metadata_or_saved_count,validation_truth_or_ground_not_operational_calibration,False,False
h8_scored_resource,artifacts/hchain_h8_memory_safe_extension_20261004/scored/resource_audit.json,/memory_events/4/explicit_large_allocation_count,0,metadata_or_saved_count,validation_truth_or_ground_not_operational_calibration,False,False
h8_scored_resource,artifacts/hchain_h8_memory_safe_extension_20261004/scored/resource_audit.json,/memory_events/4/largest_object_bytes,0,bytes,validation_truth_or_ground_not_operational_calibration,False,False
h8_scored_resource,artifacts/hchain_h8_memory_safe_extension_20261004/scored/resource_audit.json,/memory_events/4/simultaneously_live_full_sector_dense_matrices,0,metadata_or_saved_count,validation_truth_or_ground_not_operational_calibration,False,False
h8_scored_resource,artifacts/hchain_h8_memory_safe_extension_20261004/scored/resource_audit.json,/memory_events/4/stage,coordinate_dense_objects_released,metadata_or_saved_count,validation_truth_or_ground_not_operational_calibration,False,False
h8_scored_resource,artifacts/hchain_h8_memory_safe_extension_20261004/scored/resource_audit.json,/memory_events/5/VmHWM_bytes,2555604992,bytes,validation_truth_or_ground_not_operational_calibration,False,False
h8_scored_resource,artifacts/hchain_h8_memory_safe_extension_20261004/scored/resource_audit.json,/memory_events/5/VmRSS_bytes,1010626560,bytes,validation_truth_or_ground_not_operational_calibration,False,False
h8_scored_resource,artifacts/hchain_h8_memory_safe_extension_20261004/scored/resource_audit.json,/memory_events/5/VmSwap_bytes,0,bytes,validation_truth_or_ground_not_operational_calibration,False,False
h8_scored_resource,artifacts/hchain_h8_memory_safe_extension_20261004/scored/resource_audit.json,/memory_events/5/allocation_count_scope,instrumented Python-owned full-sector objects; native temporaries unobserved,metadata_or_saved_count,validation_truth_or_ground_not_operational_calibration,False,False
h8_scored_resource,artifacts/hchain_h8_memory_safe_extension_20261004/scored/resource_audit.json,/memory_events/5/explicit_large_allocation_count,1,metadata_or_saved_count,validation_truth_or_ground_not_operational_calibration,False,False
h8_scored_resource,artifacts/hchain_h8_memory_safe_extension_20261004/scored/resource_audit.json,/memory_events/5/largest_object_bytes,384160000,bytes,validation_truth_or_ground_not_operational_calibration,False,False
h8_scored_resource,artifacts/hchain_h8_memory_safe_extension_20261004/scored/resource_audit.json,/memory_events/5/simultaneously_live_full_sector_dense_matrices,1,metadata_or_saved_count,validation_truth_or_ground_not_operational_calibration,False,False
h8_scored_resource,artifacts/hchain_h8_memory_safe_extension_20261004/scored/resource_audit.json,/memory_events/5/stage,one_full_PF,metadata_or_saved_count,validation_truth_or_ground_not_operational_calibration,False,False
h8_scored_resource,artifacts/hchain_h8_memory_safe_extension_20261004/scored/resource_audit.json,/memory_events/6/VmHWM_bytes,2567229440,bytes,validation_truth_or_ground_not_operational_calibration,False,False
h8_scored_resource,artifacts/hchain_h8_memory_safe_extension_20261004/scored/resource_audit.json,/memory_events/6/VmRSS_bytes,626548736,bytes,validation_truth_or_ground_not_operational_calibration,False,False
h8_scored_resource,artifacts/hchain_h8_memory_safe_extension_20261004/scored/resource_audit.json,/memory_events/6/VmSwap_bytes,0,bytes,validation_truth_or_ground_not_operational_calibration,False,False
h8_scored_resource,artifacts/hchain_h8_memory_safe_extension_20261004/scored/resource_audit.json,/memory_events/6/allocation_count_scope,instrumented Python-owned full-sector objects; native temporaries unobserved,metadata_or_saved_count,validation_truth_or_ground_not_operational_calibration,False,False
h8_scored_resource,artifacts/hchain_h8_memory_safe_extension_20261004/scored/resource_audit.json,/memory_events/6/explicit_large_allocation_count,0,metadata_or_saved_count,validation_truth_or_ground_not_operational_calibration,False,False
h8_scored_resource,artifacts/hchain_h8_memory_safe_extension_20261004/scored/resource_audit.json,/memory_events/6/largest_object_bytes,0,bytes,validation_truth_or_ground_not_operational_calibration,False,False
h8_scored_resource,artifacts/hchain_h8_memory_safe_extension_20261004/scored/resource_audit.json,/memory_events/6/simultaneously_live_full_sector_dense_matrices,0,metadata_or_saved_count,validation_truth_or_ground_not_operational_calibration,False,False
h8_scored_resource,artifacts/hchain_h8_memory_safe_extension_20261004/scored/resource_audit.json,/memory_events/6/stage,coordinate_dense_objects_released,metadata_or_saved_count,validation_truth_or_ground_not_operational_calibration,False,False
h8_scored_resource,artifacts/hchain_h8_memory_safe_extension_20261004/scored/resource_audit.json,/memory_events/7/VmHWM_bytes,2567229440,bytes,validation_truth_or_ground_not_operational_calibration,False,False
h8_scored_resource,artifacts/hchain_h8_memory_safe_extension_20261004/scored/resource_audit.json,/memory_events/7/VmRSS_bytes,910786560,bytes,validation_truth_or_ground_not_operational_calibration,False,False
h8_scored_resource,artifacts/hchain_h8_memory_safe_extension_20261004/scored/resource_audit.json,/memory_events/7/VmSwap_bytes,0,bytes,validation_truth_or_ground_not_operational_calibration,False,False
h8_scored_resource,artifacts/hchain_h8_memory_safe_extension_20261004/scored/resource_audit.json,/memory_events/7/allocation_count_scope,instrumented Python-owned full-sector objects; native temporaries unobserved,metadata_or_saved_count,validation_truth_or_ground_not_operational_calibration,False,False
h8_scored_resource,artifacts/hchain_h8_memory_safe_extension_20261004/scored/resource_audit.json,/memory_events/7/explicit_large_allocation_count,1,metadata_or_saved_count,validation_truth_or_ground_not_operational_calibration,False,False
h8_scored_resource,artifacts/hchain_h8_memory_safe_extension_20261004/scored/resource_audit.json,/memory_events/7/largest_object_bytes,384160000,bytes,validation_truth_or_ground_not_operational_calibration,False,False
h8_scored_resource,artifacts/hchain_h8_memory_safe_extension_20261004/scored/resource_audit.json,/memory_events/7/simultaneously_live_full_sector_dense_matrices,1,metadata_or_saved_count,validation_truth_or_ground_not_operational_calibration,False,False
h8_scored_resource,artifacts/hchain_h8_memory_safe_extension_20261004/scored/resource_audit.json,/memory_events/7/stage,one_full_PF,metadata_or_saved_count,validation_truth_or_ground_not_operational_calibration,False,False
h8_scored_resource,artifacts/hchain_h8_memory_safe_extension_20261004/scored/resource_audit.json,/memory_events/8/VmHWM_bytes,2567229440,bytes,validation_truth_or_ground_not_operational_calibration,False,False
h8_scored_resource,artifacts/hchain_h8_memory_safe_extension_20261004/scored/resource_audit.json,/memory_events/8/VmRSS_bytes,526655488,bytes,validation_truth_or_ground_not_operational_calibration,False,False
h8_scored_resource,artifacts/hchain_h8_memory_safe_extension_20261004/scored/resource_audit.json,/memory_events/8/VmSwap_bytes,0,bytes,validation_truth_or_ground_not_operational_calibration,False,False
h8_scored_resource,artifacts/hchain_h8_memory_safe_extension_20261004/scored/resource_audit.json,/memory_events/8/allocation_count_scope,instrumented Python-owned full-sector objects; native temporaries unobserved,metadata_or_saved_count,validation_truth_or_ground_not_operational_calibration,False,False
h8_scored_resource,artifacts/hchain_h8_memory_safe_extension_20261004/scored/resource_audit.json,/memory_events/8/explicit_large_allocation_count,0,metadata_or_saved_count,validation_truth_or_ground_not_operational_calibration,False,False
h8_scored_resource,artifacts/hchain_h8_memory_safe_extension_20261004/scored/resource_audit.json,/memory_events/8/largest_object_bytes,0,bytes,validation_truth_or_ground_not_operational_calibration,False,False
h8_scored_resource,artifacts/hchain_h8_memory_safe_extension_20261004/scored/resource_audit.json,/memory_events/8/simultaneously_live_full_sector_dense_matrices,0,metadata_or_saved_count,validation_truth_or_ground_not_operational_calibration,False,False
h8_scored_resource,artifacts/hchain_h8_memory_safe_extension_20261004/scored/resource_audit.json,/memory_events/8/stage,coordinate_dense_objects_released,metadata_or_saved_count,validation_truth_or_ground_not_operational_calibration,False,False
h8_scored_resource,artifacts/hchain_h8_memory_safe_extension_20261004/scored/resource_audit.json,/native_workspace_allocation_count,unknown_not_instrumented,metadata_or_saved_count,validation_truth_or_ground_not_operational_calibration,False,False
h8_scored_resource,artifacts/hchain_h8_memory_safe_extension_20261004/scored/resource_audit.json,/peak_RSS_KiB,2507060,KiB,validation_truth_or_ground_not_operational_calibration,False,False
h8_scored_resource,artifacts/hchain_h8_memory_safe_extension_20261004/scored/resource_audit.json,/quantum_K_not_classical_action_count,True,metadata_or_saved_count,validation_truth_or_ground_not_operational_calibration,False,False
h8_scored_resource,artifacts/hchain_h8_memory_safe_extension_20261004/scored/resource_audit.json,/timings_seconds/H8_same_H_ground,125.7555375979282,seconds,validation_truth_or_ground_not_operational_calibration,False,False
h8_scored_resource,artifacts/hchain_h8_memory_safe_extension_20261004/scored/resource_audit.json,/timings_seconds/H8_truth_H8_r0.5,478.5751746278256,seconds,validation_truth_or_ground_not_operational_calibration,False,False
h8_scored_resource,artifacts/hchain_h8_memory_safe_extension_20261004/scored/resource_audit.json,/timings_seconds/H8_truth_H8_r0.65,478.49760016193613,seconds,validation_truth_or_ground_not_operational_calibration,False,False
h8_scored_resource,artifacts/hchain_h8_memory_safe_extension_20261004/scored/resource_audit.json,/timings_seconds/H8_truth_H8_r0.8,480.1973010697402,seconds,validation_truth_or_ground_not_operational_calibration,False,False
h8_scored_resource,artifacts/hchain_h8_memory_safe_extension_20261004/scored/resource_audit.json,/timings_seconds/group_spectrum_preprocessing,31.8440333600156,seconds,validation_truth_or_ground_not_operational_calibration,False,False
h8_scored_resource,artifacts/hchain_h8_memory_safe_extension_20261004/scored/resource_audit.json,/timings_seconds/truth_Schur_branch_gap,381.00620387867093,seconds,validation_truth_or_ground_not_operational_calibration,False,False
h8_scored_resource,artifacts/hchain_h8_memory_safe_extension_20261004/scored/resource_audit.json,/timings_seconds/truth_full_PF_construction,1056.261739892885,seconds,validation_truth_or_ground_not_operational_calibration,False,False
odd_prediction,artifacts/hchain_h3_h5_h7_extension_20261004/prediction/payload.json,/schedule_resource/H1_adoption_seconds,2.2434163838624954e-05,seconds,combined_shared_path_q0_comparator_excluded_not_cold_cost,False,False
odd_prediction,artifacts/hchain_h3_h5_h7_extension_20261004/prediction/payload.json,/schedule_resource/H1_combined_wall_seconds,0.38746572518721223,seconds,combined_shared_path_q0_comparator_excluded_not_cold_cost,False,False
odd_prediction,artifacts/hchain_h3_h5_h7_extension_20261004/prediction/payload.json,/schedule_resource/comparator_completion_wall_seconds_excluded_from_H1,0.43728859396651387,seconds,combined_shared_path_q0_comparator_excluded_not_cold_cost,False,False
odd_prediction,artifacts/hchain_h3_h5_h7_extension_20261004/prediction/payload.json,/schedule_resource/per_system/H5/cheap_acquisition_seconds,0.0409172372892499,seconds,combined_shared_path_q0_comparator_excluded_not_cold_cost,False,False
odd_prediction,artifacts/hchain_h3_h5_h7_extension_20261004/prediction/payload.json,/schedule_resource/per_system/H5/cheap_decision_seconds,8.619995787739754e-05,seconds,combined_shared_path_q0_comparator_excluded_not_cold_cost,False,False
odd_prediction,artifacts/hchain_h3_h5_h7_extension_20261004/prediction/payload.json,/schedule_resource/per_system/H5/conditional_spectral_seconds,0.0,seconds,combined_shared_path_q0_comparator_excluded_not_cold_cost,False,False
odd_prediction,artifacts/hchain_h3_h5_h7_extension_20261004/prediction/payload.json,/schedule_resource/per_system/H7/cheap_acquisition_seconds,0.16977219795808196,seconds,combined_shared_path_q0_comparator_excluded_not_cold_cost,False,False
odd_prediction,artifacts/hchain_h3_h5_h7_extension_20261004/prediction/payload.json,/schedule_resource/per_system/H7/cheap_decision_seconds,7.768301293253899e-05,seconds,combined_shared_path_q0_comparator_excluded_not_cold_cost,False,False
odd_prediction,artifacts/hchain_h3_h5_h7_extension_20261004/prediction/payload.json,/schedule_resource/per_system/H7/conditional_spectral_seconds,0.0,seconds,combined_shared_path_q0_comparator_excluded_not_cold_cost,False,False
odd_prediction,artifacts/hchain_h3_h5_h7_extension_20261004/prediction/payload.json,/schedule_resource/shared_path_cost_is_rigorous_cost_envelope,False,metadata_or_saved_count,combined_shared_path_q0_comparator_excluded_not_cold_cost,False,False
odd_prediction,artifacts/hchain_h3_h5_h7_extension_20261004/prediction/payload.json,/schedule_resource/shared_preprocessing,account_separately_in_caller,metadata_or_saved_count,combined_shared_path_q0_comparator_excluded_not_cold_cost,False,False
odd_prediction,artifacts/hchain_h3_h5_h7_extension_20261004/prediction/payload.json,/schedule_resource/standalone_cold_always_M1_wall,not_measured,metadata_or_saved_count,combined_shared_path_q0_comparator_excluded_not_cold_cost,False,False
h8_prediction,artifacts/hchain_h8_memory_safe_extension_20261004/prediction/payload.json,/schedule_resource/H1_adoption_seconds,3.099488094449043e-05,seconds,combined_shared_path_q0_comparator_excluded_not_cold_cost,False,False
h8_prediction,artifacts/hchain_h8_memory_safe_extension_20261004/prediction/payload.json,/schedule_resource/H1_combined_wall_seconds,1.4698789417743683,seconds,combined_shared_path_q0_comparator_excluded_not_cold_cost,False,False
h8_prediction,artifacts/hchain_h8_memory_safe_extension_20261004/prediction/payload.json,/schedule_resource/comparator_completion_wall_seconds_excluded_from_H1,2.3591662882827222,seconds,combined_shared_path_q0_comparator_excluded_not_cold_cost,False,False
h8_prediction,artifacts/hchain_h8_memory_safe_extension_20261004/prediction/payload.json,/schedule_resource/per_system/H8/cheap_acquisition_seconds,1.245155243203044,seconds,combined_shared_path_q0_comparator_excluded_not_cold_cost,False,False
h8_prediction,artifacts/hchain_h8_memory_safe_extension_20261004/prediction/payload.json,/schedule_resource/per_system/H8/cheap_decision_seconds,0.0001005958765745163,seconds,combined_shared_path_q0_comparator_excluded_not_cold_cost,False,False
h8_prediction,artifacts/hchain_h8_memory_safe_extension_20261004/prediction/payload.json,/schedule_resource/per_system/H8/conditional_spectral_seconds,0.0,seconds,combined_shared_path_q0_comparator_excluded_not_cold_cost,False,False
h8_prediction,artifacts/hchain_h8_memory_safe_extension_20261004/prediction/payload.json,/schedule_resource/shared_path_cost_is_rigorous_cost_envelope,False,metadata_or_saved_count,combined_shared_path_q0_comparator_excluded_not_cold_cost,False,False
h8_prediction,artifacts/hchain_h8_memory_safe_extension_20261004/prediction/payload.json,/schedule_resource/shared_preprocessing,account_separately_in_caller,metadata_or_saved_count,combined_shared_path_q0_comparator_excluded_not_cold_cost,False,False
h8_prediction,artifacts/hchain_h8_memory_safe_extension_20261004/prediction/payload.json,/schedule_resource/standalone_cold_always_M1_wall,not_measured,metadata_or_saved_count,combined_shared_path_q0_comparator_excluded_not_cold_cost,False,False
