experiment_id,case_id,formula_id,grid_role,sign,absolute_time,time_hartree_inverse,selected_eigenbranch_id,principal_phase_radians,unwrapped_phase_radians,unwrap_integer,direct_shift_hartree,ground_state_overlap_probability,previous_branch_overlap_probability,degenerate_subspace_projector_overlap_probability,eigenpair_residual_2_norm,unitarity_residual_frobenius,branch_reliable,direct_cost,infeasible_error_budget
B,H4,yoshida4,mechanism_fixed,-1,0.1,-0.1,0,0.1834910105377799,0.1834910105377799,0,-4.701598432799159e-07,0.999999999999936,0.9999999999999356,0.9999999999999356,1.5942510475839737e-15,2.4079760759284475e-13,True,84284804.66193926,False
B,H4,yoshida4,mechanism_fixed,-1,0.125,-0.125,0,0.22936384771251667,0.22936384771251667,0,-1.1464821778606193e-06,0.9999999999996225,0.9999999999998699,0.9999999999998699,4.07610813742135e-15,2.4154677516197465e-13,True,67716080.50207828,False
B,H4,yoshida4,mechanism_fixed,-1,0.15,-0.15,0,0.27523680136456863,0.27523680136456863,0,-2.3738791687932803e-06,0.9999999999983635,0.999999999999565,0.999999999999565,3.4728353311675377e-15,2.3889968557508285e-13,True,56871265.89723923,False
B,H4,yoshida4,mechanism_fixed,-1,0.175,-0.175,0,0.32110995446976315,0.32110995446976315,0,-4.390323548264519e-06,0.9999999999943725,0.9999999999988058,0.9999999999988058,1.9414287262442647e-15,2.4071722490413946e-13,True,49381086.03017643,False
B,H4,yoshida4,mechanism_fixed,-1,0.2,-0.2,0,0.3669834220028059,0.3669834220028059,0,-7.474796074102841e-06,0.9999999999836124,0.9999999999971882,0.9999999999971882,1.8797121690653173e-15,2.372852797639166e-13,True,44085923.95631104,False
B,H4,yoshida4,mechanism_fixed,-1,0.225,-0.225,0,0.4128573558114267,0.4128573558114267,0,-1.1946166163179228e-05,0.999999999957897,0.9999999999940445,0.9999999999940445,1.3658798426063637e-15,2.3992725417098e-13,True,40376126.40066615,False
B,H4,yoshida4,mechanism_fixed,-1,0.25,-0.25,0,0.4587319492816099,0.4587319492816099,0,-1.8161908484026767e-05,0.9999999999020639,0.9999999999883871,0.9999999999883871,2.6558043360243602e-15,2.391005592660005e-13,True,37938187.09271234,False
B,H4,yoshida4,mechanism_fixed,-1,0.275,-0.275,0,0.5046074417661863,0.5046074417661863,0,-2.6516659085595862e-05,0.9999999997897415,0.9999999999788052,0.9999999999788052,2.650873542428569e-15,2.399683381317704e-13,True,36658350.91482679,False
B,H4,yoshida4,mechanism_fixed,-1,0.3,-0.3,0,0.5504841227498358,0.5504841227498358,0,-3.744061483068606e-05,0.999999999577547,0.9999999999633542,0.9999999999633542,1.70643853369759e-15,2.397098176760392e-13,True,36614354.80805132,False
B,H4,yoshida4,mechanism_fixed,-1,0.35,-0.35,0,0.6422424817508778,0.6422424817508778,0,-6.88840702669502e-05,0.9999999985445858,0.9999999996903361,0.9999999996903361,3.064383462077874e-15,2.3684106220309854e-13,True,42290643.42583985,False
B,H4,yoshida4,mechanism_fixed,-1,0.4,-0.4,0,0.7340104840186796,0.7340104840186796,0,-0.00011657482874349867,0.9999999957459014,0.9999999992668527,0.9999999992668527,2.493353504205053e-15,2.396871028291089e-13,True,78251391.86283346,False
B,H4,yoshida4,mechanism_fixed,1,0.1,0.1,0,-0.1834910105377799,-0.1834910105377799,0,-4.701598432799159e-07,0.999999999999936,0.9999999999999356,0.9999999999999356,1.5942510475839737e-15,2.4079760759284475e-13,True,84284804.66193926,False
B,H4,yoshida4,mechanism_fixed,1,0.125,0.125,0,-0.22936384771251667,-0.22936384771251667,0,-1.1464821778606193e-06,0.9999999999996225,0.9999999999998699,0.9999999999998699,4.07610813742135e-15,2.4154677516197465e-13,True,67716080.50207828,False
B,H4,yoshida4,mechanism_fixed,1,0.15,0.15,0,-0.27523680136456863,-0.27523680136456863,0,-2.3738791687932803e-06,0.9999999999983635,0.999999999999565,0.999999999999565,3.4728353311675377e-15,2.3889968557508285e-13,True,56871265.89723923,False
B,H4,yoshida4,mechanism_fixed,1,0.175,0.175,0,-0.32110995446976315,-0.32110995446976315,0,-4.390323548264519e-06,0.9999999999943725,0.9999999999988058,0.9999999999988058,1.9414287262442647e-15,2.4071722490413946e-13,True,49381086.03017643,False
B,H4,yoshida4,mechanism_fixed,1,0.2,0.2,0,-0.3669834220028059,-0.3669834220028059,0,-7.474796074102841e-06,0.9999999999836124,0.9999999999971882,0.9999999999971882,1.8797121690653173e-15,2.372852797639166e-13,True,44085923.95631104,False
B,H4,yoshida4,mechanism_fixed,1,0.225,0.225,0,-0.4128573558114267,-0.4128573558114267,0,-1.1946166163179228e-05,0.999999999957897,0.9999999999940445,0.9999999999940445,1.3658798426063637e-15,2.3992725417098e-13,True,40376126.40066615,False
B,H4,yoshida4,mechanism_fixed,1,0.25,0.25,0,-0.4587319492816099,-0.4587319492816099,0,-1.8161908484026767e-05,0.9999999999020639,0.9999999999883871,0.9999999999883871,2.6558043360243602e-15,2.391005592660005e-13,True,37938187.09271234,False
B,H4,yoshida4,mechanism_fixed,1,0.275,0.275,0,-0.5046074417661863,-0.5046074417661863,0,-2.6516659085595862e-05,0.9999999997897415,0.9999999999788052,0.9999999999788052,2.650873542428569e-15,2.399683381317704e-13,True,36658350.91482679,False
B,H4,yoshida4,mechanism_fixed,1,0.3,0.3,0,-0.5504841227498358,-0.5504841227498358,0,-3.744061483068606e-05,0.999999999577547,0.9999999999633542,0.9999999999633542,1.70643853369759e-15,2.397098176760392e-13,True,36614354.80805132,False
B,H4,yoshida4,mechanism_fixed,1,0.35,0.35,0,-0.6422424817508778,-0.6422424817508778,0,-6.88840702669502e-05,0.9999999985445858,0.9999999996903361,0.9999999996903361,3.064383462077874e-15,2.3684106220309854e-13,True,42290643.42583985,False
B,H4,yoshida4,mechanism_fixed,1,0.4,0.4,0,-0.7340104840186796,-0.7340104840186796,0,-0.00011657482874349867,0.9999999957459014,0.9999999992668527,0.9999999992668527,2.493353504205053e-15,2.396871028291089e-13,True,78251391.86283346,False
B,H4,yoshida4,decision_frozen_grid,1,0.07187055691036282,0.07187055691036282,0,-0.13187598638827602,-0.13187598638827602,0,-1.2557257478285067e-07,0.9999999999999929,0.9999999999999927,0.9999999999999927,2.0386173644646578e-15,2.4063833277278934e-13,True,117019282.82140912,False
B,H4,yoshida4,decision_frozen_grid,1,0.0722451563178385,0.0722451563178385,0,-0.13256334268795744,-0.13256334268795744,0,-1.282096779853248e-07,0.9999999999999958,0.999999999999998,0.999999999999998,1.504891953804249e-15,2.394381408341011e-13,True,116414452.39703545,False
B,H4,yoshida4,decision_frozen_grid,1,0.07262170818988536,0.07262170818988536,0,-0.1332542815899416,-0.1332542815899416,0,-1.3090210182475914e-07,0.999999999999996,1.0000000000000013,1.0000000000000013,4.080544806212293e-15,2.406909282345473e-13,True,115812788.39110476,False
B,H4,yoshida4,decision_frozen_grid,1,0.07300022270302226,0.07300022270302226,0,-0.13394882176739242,-0.13394882176739242,0,-1.3365110396179603e-07,0.9999999999999929,0.9999999999999984,0.9999999999999984,2.5315875495202012e-15,2.395879756832357e-13,True,115214274.93337959,False
B,H4,yoshida4,decision_frozen_grid,1,0.07338071008680935,0.07338071008680935,0,-0.13464698199078878,-0.13464698199078878,0,-1.3645775398529736e-07,0.9999999999999918,0.9999999999999951,0.9999999999999951,1.7577907779279943e-15,2.4158073180628086e-13,True,114618896.08949971,False
B,H4,yoshida4,decision_frozen_grid,1,0.07376318062412475,0.07376318062412475,0,-0.1353487811284644,-0.1353487811284644,0,-1.3932337816768836e-07,0.9999999999999927,0.9999999999999949,0.9999999999999949,2.5005327259880526e-15,2.4036120787686816e-13,True,114026636.18274032,False
B,H4,yoshida4,decision_frozen_grid,1,0.07414764465144236,0.07414764465144236,0,-0.13605423814708612,-0.13605423814708612,0,-1.4224912314730886e-07,0.9999999999999933,0.9999999999999973,0.9999999999999973,2.5828292015289177e-15,2.3927712242114047e-13,True,113437479.4781398,False
B,H4,yoshida4,decision_frozen_grid,1,0.07453411255911127,0.07453411255911127,0,-0.13676337211219342,-0.13676337211219342,0,-1.4523632407836828e-07,0.9999999999999909,0.999999999999996,0.999999999999996,4.8284122610498006e-15,2.3970558743189707e-13,True,112851410.44651154,False
B,H4,yoshida4,decision_frozen_grid,1,0.07492259479163649,0.07492259479163649,0,-0.1374762021886927,-0.1374762021886927,0,-1.4828621885953908e-07,0.9999999999999911,0.9999999999999944,0.9999999999999944,2.6121039419036453e-15,2.4255401313395084e-13,True,112268413.55923106,False
B,H4,yoshida4,decision_frozen_grid,1,0.07531310184796124,0.07531310184796124,0,-0.13819274764138928,-0.13819274764138928,0,-1.5140013776004935e-07,0.9999999999999931,0.9999999999999969,0.9999999999999969,2.3154620500985615e-15,2.41812731347604e-13,True,111688473.4228025,False
B,H4,yoshida4,decision_frozen_grid,1,0.07570564428175075,0.07570564428175075,0,-0.13891302783550502,-0.13891302783550502,0,-1.5457945790053884e-07,0.999999999999998,1.000000000000004,1.000000000000004,1.9677362190297068e-15,2.400399772041369e-13,True,111111574.74517904,False
B,H4,yoshida4,decision_frozen_grid,1,0.0761002327016774,0.0761002327016774,0,-0.13963706223719102,-0.13963706223719102,0,-1.5782546514131468e-07,0.9999999999999916,1.000000000000003,1.000000000000003,3.217417671124877e-15,2.4335104852429385e-13,True,110537702.23880203,False
B,H4,yoshida4,decision_frozen_grid,1,0.07649687777170747,0.07649687777170747,0,-0.14036487041407814,-0.14036487041407814,0,-1.6113967293840403e-07,0.9999999999999936,0.9999999999999996,0.9999999999999996,2.61761094429538e-15,2.4024860142885183e-13,True,109966840.84226364,False
B,H4,yoshida4,decision_frozen_grid,1,0.07689559021138925,0.07689559021138925,0,-0.14109647203577388,-0.14109647203577388,0,-1.6452340378947383e-07,0.9999999999999878,0.9999999999999967,0.9999999999999967,4.703448331977152e-15,2.4060788877803127e-13,True,109398975.42840022,False
B,H4,yoshida4,decision_frozen_grid,1,0.07729638079614297,0.07729638079614297,0,-0.1418318868744251,-0.1418318868744251,0,-1.679781911345657e-07,0.9999999999999909,0.9999999999999949,0.9999999999999949,2.776476440506765e-15,2.4109605935871953e-13,True,108834091.08224022,False
B,H4,yoshida4,decision_frozen_grid,1,0.07769926035755172,0.07769926035755172,0,-0.14257113480523112,-0.14257113480523112,0,-1.7150550579714263e-07,0.9999999999999882,0.9999999999999958,0.9999999999999958,2.644682545315737e-15,2.417487144128771e-13,True,108272172.9110088,False
B,H4,yoshida4,decision_frozen_grid,1,0.07810423978365436,0.07810423978365436,0,-0.1433142358069905,-0.1433142358069905,0,-1.7510687744248798e-07,0.9999999999999956,1.0000000000000009,1.0000000000000009,2.8286141719047655e-15,2.388595976904185e-13,True,107713206.12721972,False
B,H4,yoshida4,decision_frozen_grid,1,0.07851133001923978,0.07851133001923978,0,-0.14406120996263308,-0.14406120996263308,0,-1.787837919930979e-07,0.9999999999999933,1.0000000000000067,1.0000000000000067,3.2372427728375698e-15,2.393033543298164e-13,True,107157175.97839476,False
B,H4,yoshida4,decision_frozen_grid,1,0.0789205420661426,0.0789205420661426,0,-0.14481207745978256,-0.14481207745978256,0,-1.825379445374864e-07,0.9999999999999911,1.000000000000003,1.000000000000003,3.3694812336925942e-15,2.39542843781292e-13,True,106604067.91700907,False
B,H4,yoshida4,decision_frozen_grid,1,0.07933188698354053,0.07933188698354053,0,-0.14556685859127438,-0.14556685859127438,0,-1.8637088472495122e-07,0.9999999999999889,0.9999999999999996,0.9999999999999996,7.108741801529732e-16,2.412002827949975e-13,True,106053867.36042985,False
B,H4,yoshida4,decision_frozen_grid,1,0.07974537588825327,0.07974537588825327,0,-0.14632557375572283,-0.14632557375572283,0,-1.9028425302103358e-07,0.9999999999999938,1.000000000000003,1.000000000000003,4.3308352193641845e-15,2.407556157594764e-13,True,105506559.84984905,False
B,H4,yoshida4,decision_frozen_grid,1,0.08016101995504299,0.08016101995504299,0,-0.14708824345807578,-0.14708824345807578,0,-1.9427982089759155e-07,0.999999999999984,0.9999999999999993,0.9999999999999993,4.6037345519032235e-15,2.414515569171043e-13,True,104962131.07505468,False
B,H4,yoshida4,decision_frozen_grid,1,0.08057883041691623,0.08057883041691623,0,-0.14785488831014693,-0.14785488831014693,0,-1.9835921660771305e-07,0.9999999999999876,0.9999999999999938,0.9999999999999938,2.674552118418554e-15,2.418445192584849e-13,True,104420566.69213356,False
B,H4,yoshida4,decision_frozen_grid,1,0.08099881856542751,0.08099881856542751,0,-0.14862552903119955,-0.14862552903119955,0,-2.025242575864894e-07,0.9999999999999907,1.0000000000000013,1.0000000000000013,3.1156281769179217e-15,2.3794053330061295e-13,True,103881852.54269329,False
B,H4,yoshida4,decision_frozen_grid,1,0.08142099575098463,0.08142099575098463,0,-0.14940018644848535,-0.14940018644848535,0,-2.0677668310931097e-07,0.9999999999999878,1.0000000000000022,1.0000000000000022,3.836635159979521e-15,2.4099255235412747e-13,True,103345974.47692248,False
B,H4,yoshida4,decision_frozen_grid,1,0.08184537338315517,0.08184537338315517,0,-0.1501788814978295,-0.1501788814978295,0,-2.1111843162557875e-07,0.9999999999999887,1.0000000000000013,1.0000000000000013,1.2561789293222859e-15,2.417371539369868e-13,True,102812918.53391573,False
B,H4,yoshida4,decision_frozen_grid,1,0.08227196293097508,0.08227196293097508,0,-0.15096163522416584,-0.15096163522416584,0,-2.155512590640285e-07,0.9999999999999862,1.0000000000000009,1.0000000000000009,2.4550891002908222e-15,2.4072821505922376e-13,True,102282670.69290233,False
B,H4,yoshida4,decision_frozen_grid,1,0.08270077592325843,0.08270077592325843,0,-0.15174846878214024,-0.15174846878214024,0,-2.2007716404814914e-07,0.9999999999999831,0.9999999999999964,0.9999999999999964,9.753419095030733e-16,2.40069173966027e-13,True,101755217.1480208,False
B,H4,yoshida4,decision_frozen_grid,1,0.08313182394890917,0.08313182394890917,0,-0.15253940343665534,-0.15253940343665534,0,-2.246980548292754e-07,0.9999999999999809,0.9999999999999927,0.9999999999999927,1.987176644906442e-15,2.396624188354838e-13,True,101230544.09231432,False
B,H4,yoshida4,decision_frozen_grid,1,0.0835651186572342,0.0835651186572342,0,-0.1533344605634611,-0.1533344605634611,0,-2.2941594068903726e-07,0.9999999999999825,0.9999999999999931,0.9999999999999931,2.40916066847441e-15,2.3811808616268286e-13,True,100708637.84022613,False
B,H4,yoshida4,decision_frozen_grid,1,0.08400067175825825,0.08400067175825825,0,-0.15413366164972153,-0.15413366164972153,0,-2.342328015991768e-07,0.999999999999984,0.9999999999999973,0.9999999999999973,1.9714138757594134e-15,2.4179140458355517e-13,True,100189484.7437685,False
B,H4,yoshida4,decision_frozen_grid,1,0.08443849502304035,0.08443849502304035,0,-0.154937028294613,-0.154937028294613,0,-2.3915079117031723e-07,0.9999999999999836,1.0,1.0,1.412385630354855e-15,2.412244221222558e-13,True,99673071.32001162,False
B,H4,yoshida4,decision_frozen_grid,1,0.0848786002839919,0.0848786002839919,0,-0.1557445822098892,-0.1557445822098892,0,-2.4417201638371466e-07,0.9999999999999825,0.9999999999999996,0.9999999999999996,1.462207955802757e-15,2.3990483225248497e-13,True,99159384.1109126,False
B,H4,yoshida4,decision_frozen_grid,1,0.08532099943519654,0.08532099943519654,0,-0.15655634522047374,-0.15655634522047374,0,-2.49298601762149e-07,0.9999999999999822,0.9999999999999996,0.9999999999999996,2.1556059847646594e-15,2.3986349266499324e-13,True,98648409.72375779,False
B,H4,yoshida4,decision_frozen_grid,1,0.08576570443273146,0.08576570443273146,0,-0.15737233926505717,-0.15737233926505717,0,-2.5453277685549835e-07,0.999999999999982,1.0000000000000009,1.0000000000000009,1.707449045656829e-15,2.4128485048601564e-13,True,98140134.88475099,False
B,H4,yoshida4,decision_frozen_grid,1,0.08621272729499069,0.08621272729499069,0,-0.15819258639668585,-0.15819258639668585,0,-2.598768200634538e-07,0.9999999999999811,1.0000000000000013,1.0000000000000013,2.435964854270142e-15,2.4077501964311476e-13,True,97634546.40278669,False
B,H4,yoshida4,decision_frozen_grid,1,0.08666208010300976,0.08666208010300976,0,-0.15901710878335362,-0.15901710878335362,0,-2.6533301222819716e-07,0.9999999999999836,1.0000000000000049,1.0000000000000049,2.006612105085833e-15,2.371858882667472e-13,True,97131631.14027226,False
B,H4,yoshida4,decision_frozen_grid,1,0.08711377500079226,0.08711377500079226,0,-0.15984592870861009,-0.15984592870861009,0,-2.709037383308299e-07,0.9999999999999762,1.0000000000000004,1.0000000000000004,5.1410281015358106e-15,2.4042647127688617e-13,True,96631376.0747899,False
B,H4,yoshida4,decision_frozen_grid,1,0.087567824195638,0.087567824195638,0,-0.1606790685721467,-0.1606790685721467,0,-2.765913023061728e-07,0.9999999999999789,0.999999999999998,0.999999999999998,2.4759267431530524e-15,2.406693608656603e-13,True,96133768.18550038,False
B,H4,yoshida4,decision_frozen_grid,1,0.088024239958473,0.088024239958473,0,-0.16151655089043518,-0.16151655089043518,0,-2.8239829985565734e-07,0.9999999999999742,0.9999999999999982,0.9999999999999982,1.5882704637429572e-15,2.3940502649885565e-13,True,95638794.67847756,False
B,H4,yoshida4,decision_frozen_grid,1,0.08848303462418104,0.08848303462418104,0,-0.16235839829729404,-0.16235839829729404,0,-2.883271397191578e-07,0.999999999999974,0.9999999999999951,0.9999999999999951,2.1674584712030198e-15,2.409100932111607e-13,True,95146442.69581115,False
B,H4,yoshida4,decision_frozen_grid,1,0.08894422059193703,0.08894422059193703,0,-0.16320463354453021,-0.16320463354453021,0,-2.9438038251505816e-07,0.9999999999999776,1.0000000000000009,1.0000000000000009,2.442065285097065e-15,2.3960907816118557e-13,True,94656699.52007687,False
B,H4,yoshida4,decision_frozen_grid,1,0.08940781032554214,0.08940781032554214,0,-0.16405527950254922,-0.16405527950254922,0,-3.005606830086549e-07,0.9999999999999694,0.999999999999998,0.999999999999998,3.133880607855749e-15,2.4008638200769347e-13,True,94169552.53779298,False
B,H4,yoshida4,decision_frozen_grid,1,0.08987381635376059,0.08987381635376059,0,-0.16491035916096286,-0.16491035916096286,0,-3.068706728726056e-07,0.9999999999999718,0.9999999999999942,0.9999999999999942,2.3378526251762337e-15,2.396757069984719e-13,True,93684989.16890877,False
B,H4,yoshida4,decision_frozen_grid,1,0.09034225127065826,0.09034225127065826,0,-0.16576989562921818,-0.16576989562921818,0,-3.133130441757004e-07,0.9999999999999705,0.9999999999999976,0.9999999999999976,1.3173778448456889e-15,2.404087921447431e-13,True,93202996.91605859,False
B,H4,yoshida4,decision_frozen_grid,1,0.09081312773594315,0.09081312773594315,0,-0.16663391213723172,-0.16663391213723172,0,-3.1989065241155856e-07,0.9999999999999718,0.9999999999999996,0.9999999999999996,1.5481043256243728e-15,2.417469339676173e-13,True,92723563.42370234,False
B,H4,yoshida4,decision_frozen_grid,1,0.09128645847530732,0.09128645847530732,0,-0.16750243203599527,-0.16750243203599527,0,-3.2660627402592013e-07,0.9999999999999662,0.999999999999998,0.999999999999998,3.2049482874721777e-15,2.411523182981402e-13,True,92246676.33503434,False
B,H4,yoshida4,decision_frozen_grid,1,0.09176225628077099,0.09176225628077099,0,-0.1683754787982229,-0.1683754787982229,0,-3.334627776130361e-07,0.9999999999999689,0.9999999999999978,0.9999999999999978,1.3670168735657892e-15,2.40379907639054e-13,True,91772323.39195643,False
B,H4,yoshida4,decision_frozen_grid,1,0.09224053401102818,0.09224053401102818,0,-0.169253076018992,-0.169253076018992,0,-3.4046319452585294e-07,0.9999999999999662,1.0000000000000009,1.0000000000000009,2.4240809780452078e-15,2.4009063461270916e-13,True,91300492.47425707,False
B,H4,yoshida4,decision_frozen_grid,1,0.09272130459179417,0.09272130459179417,0,-0.17013524741635985,-0.17013524741635985,0,-3.4761048728348953e-07,0.9999999999999665,1.0000000000000013,1.0000000000000013,1.8983010954995847e-15,2.4040506759277166e-13,True,90831171.46494722,False
B,H4,yoshida4,decision_frozen_grid,1,0.09320458101615496,0.09320458101615496,0,-0.17102201683202523,-0.17102201683202523,0,-3.5490776939539614e-07,0.9999999999999651,1.0000000000000027,1.0000000000000027,2.7483584095858554e-15,2.4111524151610386e-13,True,90364348.37622094,False
B,H4,yoshida4,decision_frozen_grid,1,0.09369037634491824,0.09369037634491824,0,-0.17191340823195844,-0.17191340823195844,0,-3.6235815104035396e-07,0.9999999999999614,1.0000000000000009,1.0000000000000009,1.5582848256930392e-15,2.4097501446438225e-13,True,89900011.26003303,False
B,H4,yoshida4,decision_frozen_grid,1,0.09417870370696653,0.09417870370696653,0,-0.1728094457070632,-0.1728094457070632,0,-3.6996488539386974e-07,0.999999999999958,0.9999999999999967,0.9999999999999967,2.2781651203477206e-15,2.401332875920641e-13,True,89438148.29050128,False
B,H4,yoshida4,decision_frozen_grid,1,0.09466957629961192,0.09466957629961192,0,-0.17371015347380914,-0.17371015347380914,0,-3.777311698982544e-07,0.9999999999999605,0.9999999999999989,0.9999999999999989,2.86987055163019e-15,2.3998707839132424e-13,True,88978747.65067258,False
B,H4,yoshida4,decision_frozen_grid,1,0.09516300738895268,0.09516300738895268,0,-0.1746155558749139,-0.1746155558749139,0,-3.856604382512785e-07,0.9999999999999576,1.0000000000000022,1.0000000000000022,3.991882293337011e-15,2.414015955188666e-13,True,88521797.69596134,False
B,H4,yoshida4,decision_frozen_grid,1,0.09565901031023193,0.09565901031023193,0,-0.17552567737997704,-0.17552567737997704,0,-3.9375609905967224e-07,0.999999999999954,0.9999999999999993,0.9999999999999993,1.581891904514892e-15,2.39694959380993e-13,True,88067286.80606538,False
B,H4,yoshida4,decision_frozen_grid,1,0.09615759846819782,0.09615759846819782,0,-0.17644054258614575,-0.17644054258614575,0,-4.020215860212062e-07,0.9999999999999538,0.9999999999999989,0.9999999999999989,3.1127166075919327e-15,2.4027695655649765e-13,True,87615203.41305935,False
B,H4,yoshida4,decision_frozen_grid,1,0.09665878533746608,0.09665878533746608,0,-0.17736017621879424,-0.17736017621879424,0,-4.104605033639075e-07,0.9999999999999487,0.9999999999999978,0.9999999999999978,2.9454608271356506e-15,2.3889377607068126e-13,True,87165536.08087374,False
B,H4,yoshida4,decision_frozen_grid,1,0.09716258446288391,0.09716258446288391,0,-0.17828460313217837,-0.17828460313217837,0,-4.190764839595573e-07,0.9999999999999525,1.0000000000000004,1.0000000000000004,4.488650660436192e-15,2.407393581463766e-13,True,86718273.42558281,False
B,H4,yoshida4,decision_frozen_grid,1,0.09766900945989619,0.09766900945989619,0,-0.17921384831011017,-0.17921384831011017,0,-4.2787321419268665e-07,0.999999999999946,1.0000000000000018,1.0000000000000018,1.2974906548106809e-15,2.3946172094320503e-13,True,86273404.12860641,False
B,H4,yoshida4,decision_frozen_grid,1,0.09817807401491341,0.09817807401491341,0,-0.1801479368666394,-0.1801479368666394,0,-4.3685449768737783e-07,0.9999999999999425,0.9999999999999962,0.9999999999999962,1.7897248010735298e-15,2.424815708222275e-13,True,85830916.97049102,False
B,H4,yoshida4,decision_frozen_grid,1,0.09868979188568153,0.09868979188568153,0,-0.1810868940467304,-0.1810868940467304,0,-4.460242313264473e-07,0.9999999999999409,0.999999999999996,0.999999999999996,1.945538851448697e-15,2.413635029582814e-13,True,85390800.81652436,False
B,H4,yoshida4,decision_frozen_grid,1,0.09920417690165381,0.09920417690165381,0,-0.18203074522693247,-0.18203074522693247,0,-4.5538628268282366e-07,0.9999999999999418,1.0,1.0,3.026388612380117e-15,2.4273518901531106e-13,True,84953044.55005908,False
B,H4,yoshida4,decision_frozen_grid,1,0.09972124296436459,0.09972124296436459,0,-0.18297951591609513,-0.18297951591609513,0,-4.6494478422864916e-07,0.9999999999999376,1.0000000000000018,1.0000000000000018,1.6006347142237556e-15,2.390722732294532e-13,True,84517637.22953358,False
B,H4,yoshida4,decision_frozen_grid,1,0.1002410040478049,0.1002410040478049,0,-0.1839332317560264,-0.1839332317560264,0,-4.747038160335393e-07,0.9999999999999374,1.0000000000000022,1.0000000000000022,2.221138954016524e-15,2.389078664654781e-13,True,84084567.91710843,False
B,H4,yoshida4,decision_frozen_grid,1,0.10076347419880022,0.10076347419880022,0,-0.18489191852219808,-0.18489191852219808,0,-4.846675254466248e-07,0.9999999999999338,1.000000000000004,1.000000000000004,2.2198728127025004e-15,2.4205721501323803e-13,True,83653825.74254604,False
B,H4,yoshida4,decision_frozen_grid,1,0.10128866753738999,0.10128866753738999,0,-0.1858556021244592,-0.1858556021244592,0,-4.948402954063624e-07,0.9999999999999283,1.0000000000000004,1.0000000000000004,1.2205895147666639e-15,2.4264665262915164e-13,True,83225399.99063775,False
B,H4,yoshida4,decision_frozen_grid,1,0.10181659825720937,0.10181659825720937,0,-0.18682430860770924,-0.18682430860770924,0,-5.052264655525107e-07,0.9999999999999285,1.0000000000000009,1.0000000000000009,2.5288365824364893e-15,2.383171545256754e-13,True,82799279.95287712,False
B,H4,yoshida4,decision_frozen_grid,1,0.10234728062587264,0.10234728062587264,0,-0.18779806415261713,-0.18779806415261713,0,-5.158304852148632e-07,0.9999999999999236,1.0000000000000027,1.0000000000000027,2.2889801148831685e-15,2.407215161932015e-13,True,82375455.0075571,False
B,H4,yoshida4,decision_frozen_grid,1,0.10288072898535891,0.10288072898535891,0,-0.1887768950763306,-0.1887768950763306,0,-5.26656924737523e-07,0.9999999999999198,1.0000000000000004,1.0000000000000004,2.0626424206999723e-15,2.3988742369774e-13,True,81953914.6243548,False
B,H4,yoshida4,decision_frozen_grid,1,0.10341695775239974,0.10341695775239974,0,-0.18976082783319165,-0.18976082783319165,0,-5.37710510339906e-07,0.999999999999917,1.0,1.0,2.7193662485443502e-15,2.4284639100394536e-13,True,81534648.38084342,False
B,H4,yoshida4,decision_frozen_grid,1,0.10395598141886865,0.10395598141886865,0,-0.19074988901543202,-0.19074988901543202,0,-5.489959347126927e-07,0.9999999999999163,1.0000000000000036,1.0000000000000036,3.435827569849712e-15,2.3802153368200375e-13,True,81117645.86393493,False
B,H4,yoshida4,decision_frozen_grid,1,0.10449781455217286,0.10449781455217286,0,-0.19174410535391614,-0.19174410535391614,0,-5.605180868339943e-07,0.9999999999999107,1.0000000000000049,1.0000000000000049,2.7560959954948425e-15,2.4091637392068523e-13,True,80702896.78732972,False
B,H4,yoshida4,decision_frozen_grid,1,0.10504247179564695,0.10504247179564695,0,-0.1927435037188454,-0.1927435037188454,0,-5.722818727793566e-07,0.9999999999999054,1.0000000000000013,1.0000000000000013,2.0663915139495703e-15,2.380586744301893e-13,True,80290390.89861198,False
B,H4,yoshida4,decision_frozen_grid,1,0.10558996786894866,0.10558996786894866,0,-0.1937481111205091,-0.1937481111205091,0,-5.842924486465506e-07,0.9999999999999036,1.0000000000000022,1.0000000000000022,1.851393677970512e-15,2.428411622873255e-13,True,79880118.09645651,False
B,H4,yoshida4,decision_frozen_grid,1,0.10614031756845656,0.10614031756845656,0,-0.1947579547099852,-0.1947579547099852,0,-5.965549385589242e-07,0.9999999999998994,1.000000000000004,1.000000000000004,8.405472703942536e-16,2.415638287027583e-13,True,79472068.2865434,False
B,H4,yoshida4,decision_frozen_grid,1,0.10669353576767007,0.10669353576767007,0,-0.19577306177989376,-0.19577306177989376,0,-6.090746165199334e-07,0.9999999999998894,0.9999999999999987,0.9999999999999987,1.972355745249773e-15,2.410805171602032e-13,True,79066231.47280338,False
B,H4,yoshida4,decision_frozen_grid,1,0.1072496374176114,0.1072496374176114,0,-0.19679345976513193,-0.19679345976513193,0,-6.218568773252997e-07,0.9999999999998896,0.9999999999999976,0.9999999999999976,2.5234831799365736e-15,2.41003638006562e-13,True,78662597.74138899,False
B,H4,yoshida4,decision_frozen_grid,1,0.10780863754722951,0.10780863754722951,0,-0.1978191762436124,-0.1978191762436124,0,-6.349072048106308e-07,0.9999999999998888,1.0000000000000062,1.0000000000000062,4.235903905117631e-15,2.393285459128195e-13,True,78261157.24379385,False
B,H4,yoshida4,decision_frozen_grid,1,0.10837055126380638,0.10837055126380638,0,-0.19885023893701775,-0.19885023893701775,0,-6.482312513433897e-07,0.999999999999881,1.000000000000007,1.000000000000007,3.682777090915322e-15,2.396615188758279e-13,True,77861900.23503998,False
B,H4,yoshida4,decision_frozen_grid,1,0.10893539375336528,0.10893539375336528,0,-0.19988667571154112,-0.19988667571154112,0,-6.618347518916323e-07,0.9999999999998737,1.0000000000000022,1.0000000000000022,1.6539141606394468e-15,2.402785239419113e-13,True,77464817.02995832,False
B,H4,yoshida4,decision_frozen_grid,1,0.10950318028108115,0.10950318028108115,0,-0.20092851457863728,-0.20092851457863728,0,-6.757235038179488e-07,0.9999999999998701,1.0000000000000018,1.0000000000000018,2.1650616145247514e-15,2.402499759480054e-13,True,77069897.9926833,False
B,H4,yoshida4,decision_frozen_grid,1,0.11007392619169312,0.11007392619169312,0,-0.20197578369580016,-0.20197578369580016,0,-6.899035494001282e-07,0.9999999999998643,1.0000000000000036,1.0000000000000036,4.6469416345685714e-15,2.4302345320071553e-13,True,76677133.62442207,False
B,H4,yoshida4,decision_frozen_grid,1,0.11064764690991931,0.11064764690991931,0,-0.20302851136730166,-0.20302851136730166,0,-7.043809666651413e-07,0.9999999999998552,1.0000000000000004,1.0000000000000004,3.494773011619675e-15,2.3930140332361115e-13,True,76286514.4602492,False
B,H4,yoshida4,decision_frozen_grid,1,0.1112243579408736,0.1112243579408736,0,-0.2040867260449724,-0.2040867260449724,0,-7.191620092772411e-07,0.9999999999998501,0.999999999999998,0.999999999999998,1.8789139863732905e-15,2.394763959513078e-13,True,75898031.13596165,False
B,H4,yoshida4,decision_frozen_grid,1,0.11180407487048467,0.11180407487048467,0,-0.2051504563289567,-0.2051504563289567,0,-7.342529759757355e-07,0.9999999999998446,1.0,1.0,2.335231846577454e-15,2.3857277405534545e-13,True,75511674.32418579,False
B,H4,yoshida4,decision_frozen_grid,1,0.11238681336591728,0.11238681336591728,0,-0.20621973096850982,-0.20621973096850982,0,-7.496604232937187e-07,0.9999999999998397,1.0000000000000022,1.0000000000000022,2.676016351134856e-15,2.405046395112132e-13,True,75127434.83497585,False
B,H4,yoshida4,decision_frozen_grid,1,0.11297258917599566,0.11297258917599566,0,-0.20729457886275024,-0.20729457886275024,0,-7.653909388505298e-07,0.9999999999998295,1.0000000000000004,1.0000000000000004,1.146691873275466e-15,2.406131370086237e-13,True,74745303.50630066,False
B,H4,yoshida4,decision_frozen_grid,1,0.11356141813162908,0.11356141813162908,0,-0.20837502906146077,-0.20837502906146077,0,-7.814513149906333e-07,0.9999999999998253,1.0000000000000004,1.0000000000000004,1.5535768577946935e-15,2.3974493546904044e-13,True,74365271.28551522,False
B,H4,yoshida4,decision_frozen_grid,1,0.11415331614623973,0.11415331614623973,0,-0.20946111076586466,-0.20946111076586466,0,-7.978484641846251e-07,0.9999999999998184,1.000000000000004,1.000000000000004,1.789019512357367e-15,2.430168231859795e-13,True,73987329.18790314,False
B,H4,yoshida4,decision_frozen_grid,1,0.11474829921619281,0.11474829921619281,0,-0.2105528533294166,-0.2105528533294166,0,-8.145894281330612e-07,0.9999999999998102,1.000000000000004,1.000000000000004,2.219745551909747e-15,2.384968206867854e-13,True,73611468.29993924,False
B,H4,yoshida4,decision_frozen_grid,1,0.11534638342122878,0.11534638342122878,0,-0.21165028625859636,-0.21165028625859636,0,-8.316813773223686e-07,0.9999999999997962,0.9999999999999984,0.9999999999999984,2.2966129372786266e-15,2.4154081513528875e-13,True,73237679.7780343,False
B,H4,yoshida4,decision_frozen_grid,1,0.11594758492489803,0.11594758492489803,0,-0.21275343921372303,-0.21275343921372303,0,-8.49131748026366e-07,0.9999999999997937,0.999999999999998,0.999999999999998,3.6144152007856386e-15,2.4251891504416643e-13,True,72865954.91048847,False
B,H4,yoshida4,decision_frozen_grid,1,0.1165519199749975,0.1165519199749975,0,-0.21386234200972157,-0.21386234200972157,0,-8.669479367728883e-07,0.9999999999997808,1.0000000000000004,1.0000000000000004,1.2405847333868568e-15,2.401993746910078e-13,True,72496284.97517097,False
B,H4,yoshida4,decision_frozen_grid,1,0.11715940490401007,0.11715940490401007,0,-0.2149770246169767,-0.2149770246169767,0,-8.851377055751897e-07,0.99999999999977,0.9999999999999944,0.9999999999999944,3.9758035022466796e-15,2.4126325170243184e-13,True,72128661.42490268,False
B,H4,yoshida4,decision_frozen_grid,1,0.11777005612954577,0.11777005612954577,0,-0.21609751716209938,-0.21609751716209938,0,-9.037088024577145e-07,0.9999999999997649,0.9999999999999973,0.9999999999999973,2.2275599711730277e-15,2.4015872453277415e-13,True,71763075.71196076,False
B,H4,yoshida4,decision_frozen_grid,1,0.11838389015478544,0.11838389015478544,0,-0.21722384992877988,-0.21722384992877988,0,-9.226692911923351e-07,0.9999999999997558,1.000000000000003,1.000000000000003,2.7020889559924686e-15,2.4288223101261183e-13,True,71399519.43735608,False
B,H4,yoshida4,decision_frozen_grid,1,0.11900092356892687,0.11900092356892687,0,-0.21835605335857183,-0.21835605335857183,0,-9.420272470972435e-07,0.9999999999997451,1.0000000000000036,1.0000000000000036,2.3199189716297182e-15,2.391664941226616e-13,True,71037984.21142435,False
B,H4,yoshida4,decision_frozen_grid,1,0.1196211730476331,0.1196211730476331,0,-0.2194941580517491,-0.2194941580517491,0,-9.617910423642684e-07,0.9999999999997344,1.000000000000004,1.000000000000004,1.171352364945755e-15,2.409703945068279e-13,True,70678461.7815666,False
B,H4,yoshida4,decision_frozen_grid,1,0.12024465535348298,0.12024465535348298,0,-0.22063819476811308,-0.22063819476811308,0,-9.819691735302172e-07,0.9999999999997233,1.0000000000000044,1.0000000000000044,1.92834246958856e-15,2.407735936274008e-13,True,70320943.95292702,False
B,H4,yoshida4,decision_frozen_grid,1,0.12087138733642434,0.12087138733642434,0,-0.22178819442782816,-0.22178819442782816,0,-1.0025702876781395e-06,0.9999999999997062,0.9999999999999987,0.9999999999999987,2.398213018316126e-15,2.3998162816422563e-13,True,69965422.59919007,False
B,H4,yoshida4,decision_frozen_grid,1,0.12150138593422925,0.12150138593422925,0,-0.22294418811226385,-0.22294418811226385,0,-1.0236032310650955e-06,0.9999999999996987,0.9999999999999987,0.9999999999999987,2.4475757156882526e-15,2.4036504216078645e-13,True,69611889.68291333,False
B,H4,yoshida4,decision_frozen_grid,1,0.12213466817295189,0.12213466817295189,0,-0.22410620706484244,-0.22410620706484244,0,-1.0450771035230844e-06,0.9999999999996825,1.0,1.0,3.868016927879256e-15,2.411862445184854e-13,True,69260337.27777845,False
B,H4,yoshida4,decision_frozen_grid,1,0.1227712511673885,0.1227712511673885,0,-0.22527428269186506,-0.22527428269186506,0,-1.0670011014735081e-06,0.9999999999996712,0.9999999999999987,0.9999999999999987,3.397290745859438e-15,2.4072093105636026e-13,True,68910757.49814898,False
B,H4,yoshida4,decision_frozen_grid,1,0.12341115212154012,0.12341115212154012,0,-0.226448446563377,-0.226448446563377,0,-1.08938464560282e-06,0.9999999999996572,1.0000000000000009,1.0000000000000009,2.8170902018098896e-15,2.392546083857448e-13,True,68563142.55399725,False
B,H4,yoshida4,decision_frozen_grid,1,0.12405438832907749,0.12405438832907749,0,-0.22762873041401854,-0.22762873041401854,0,-1.1122373519967255e-06,0.9999999999996405,0.9999999999999987,0.9999999999999987,2.2936670055196552e-15,2.388059780220595e-13,True,68217484.73673573,False
B,H4,yoshida4,decision_frozen_grid,1,0.12470097717380828,0.12470097717380828,0,-0.22881516614389022,-0.22881516614389022,0,-1.1355690892056458e-06,0.9999999999996274,0.9999999999999987,0.9999999999999987,2.073033924439204e-15,2.401739680712545e-13,True,67873776.44231221,False
B,H4,yoshida4,decision_frozen_grid,1,0.12535093613014706,0.12535093613014706,0,-0.2300077858193987,-0.2300077858193987,0,-1.1593898363582156e-06,0.9999999999996134,1.0000000000000027,1.0000000000000027,2.4550822738004073e-15,2.3933617260210704e-13,True,67532010.10869001,False
B,H4,yoshida4,decision_frozen_grid,1,0.12600428276358747,0.12600428276358747,0,-0.23120662167414058,-0.23120662167414058,0,-1.1837098146116887e-06,0.9999999999995963,1.0000000000000044,1.0000000000000044,3.1140306710930746e-15,2.4034068946526336e-13,True,67192178.27125444,False
B,H4,yoshida4,decision_frozen_grid,1,0.12666103473117704,0.12666103473117704,0,-0.23241170610978013,-0.23241170610978013,0,-1.2085395291183687e-06,0.9999999999995743,0.9999999999999989,0.9999999999999989,1.5228662051686517e-15,2.37946642771933e-13,True,66854273.57877351,False
B,H4,yoshida4,decision_frozen_grid,1,0.12732120978199418,0.12732120978199418,0,-0.23362307169690574,-0.23362307169690574,0,-1.2338896109298503e-06,0.9999999999995566,0.9999999999999938,0.9999999999999938,2.5136126875945104e-15,2.407083582794407e-13,True,66518288.72472023,False
B,H4,yoshida4,decision_frozen_grid,1,0.12798482575762807,0.12798482575762807,0,-0.23484075117592698,-0.23484075117592698,0,-1.2597709386774625e-06,0.9999999999995444,1.0000000000000009,1.0000000000000009,2.777239891924534e-15,2.4171561234362257e-13,True,66184216.49770111,False
B,H4,yoshida4,decision_frozen_grid,1,0.1286519005926607,0.1286519005926607,0,-0.23606477745796917,-0.23606477745796917,0,-1.2861947058517842e-06,0.999999999999525,1.000000000000008,1.000000000000008,3.569058721018116e-15,2.3907797185658773e-13,True,65852049.80775489,False
B,H4,yoshida4,decision_frozen_grid,1,0.1293224523151517,0.1293224523151517,0,-0.237295183625733,-0.237295183625733,0,-1.3131721796622031e-06,0.9999999999995002,1.0000000000000036,1.0000000000000036,2.297351979133727e-15,2.405948897259624e-13,True,65521781.58401342,False
B,H4,yoshida4,decision_frozen_grid,1,0.12999649904712535,0.12999649904712535,0,-0.2385320029344287,-0.2385320029344287,0,-1.3407150032396231e-06,0.9999999999994789,0.9999999999999991,0.9999999999999991,2.685882861830705e-15,2.413605221418103e-13,True,65193404.89948156,False
B,H4,yoshida4,decision_frozen_grid,1,0.13067405900506054,0.13067405900506054,0,-0.23977526881264463,-0.23977526881264463,0,-1.368834952941711e-06,0.9999999999994595,1.0000000000000013,1.0000000000000013,1.8844147131242893e-15,2.3956046785844067e-13,True,64866912.86848859,False
B,H4,yoshida4,decision_frozen_grid,1,0.13135515050038302,0.13135515050038302,0,-0.24102501486328112,-0.24102501486328112,0,-1.397544161729769e-06,0.9999999999994356,1.000000000000003,1.000000000000003,4.927049328558698e-15,2.400000562053265e-13,True,64542298.73751986,False
B,H4,yoshida4,decision_frozen_grid,1,0.13203979193996015,0.13203979193996015,0,-0.24228127486443557,-0.24228127486443557,0,-1.4268549335394454e-06,0.9999999999994118,1.000000000000003,1.000000000000003,2.1093282845402154e-15,2.409420377444014e-13,True,64219555.80711587,False
B,H4,yoshida4,decision_frozen_grid,1,0.13272800182659858,0.13272800182659858,0,-0.2435440827703279,-0.2435440827703279,0,-1.4567798287679068e-06,0.9999999999993834,1.0,1.0,3.2287996632544255e-15,2.4110916507605216e-13,True,63898677.4657202,False
B,H4,yoshida4,decision_frozen_grid,1,0.13341979875954407,0.13341979875954407,0,-0.2448134727122338,-0.2448134727122338,0,-1.4873317724095614e-06,0.9999999999993576,0.9999999999999971,0.9999999999999971,1.401374690782226e-15,2.396827646667732e-13,True,63579657.23167591,False
B,H4,yoshida4,decision_frozen_grid,1,0.13411520143498437,0.13411520143498437,0,-0.24608947899937836,-0.24608947899937836,0,-1.5185238242398924e-06,0.9999999999993323,0.9999999999999991,0.9999999999999991,2.2518615553648604e-15,2.417014020064927e-13,True,63262488.658558846,False
B,H4,yoshida4,decision_frozen_grid,1,0.13481422864655426,0.13481422864655426,0,-0.24737213611989264,-0.24737213611989264,0,-1.5503693922003237e-06,0.9999999999993059,1.000000000000003,1.000000000000003,2.1152647751835824e-15,2.418821856580548e-13,True,62947165.41999859,False
B,H4,yoshida4,decision_frozen_grid,1,0.13551689928584365,0.13551689928584365,0,-0.24866147874173336,-0.24866147874173336,0,-1.5828821253727199e-06,0.9999999999992741,1.0000000000000027,1.0000000000000027,2.806979772474216e-15,2.40300479761902e-13,True,62633681.26488165,False
B,H4,yoshida4,decision_frozen_grid,1,0.13622323234290806,0.13622323234290806,0,-0.2499575417136343,-0.2499575417136343,0,-1.6160760121231021e-06,0.9999999999992442,1.0000000000000018,1.0000000000000018,3.288503351398385e-15,2.4097425762632713e-13,True,62322030.05488479,False
B,H4,yoshida4,decision_frozen_grid,1,0.1369332469067818,0.1369332469067818,0,-0.25126036006603725,-0.25126036006603725,0,-1.6499652870649584e-06,0.9999999999992133,1.000000000000004,1.000000000000004,2.2420627896775388e-15,2.4087377433303365e-13,True,62012205.725764535,False
B,H4,yoshida4,decision_frozen_grid,1,0.13764696216599395,0.13764696216599395,0,-0.2525699690120501,-0.2525699690120501,0,-1.6845645030016954e-06,0.9999999999991778,1.0000000000000027,1.0000000000000027,2.256987905267018e-15,2.416877096078094e-13,True,61704202.31430509,False
B,H4,yoshida4,decision_frozen_grid,1,0.13836439740908685,0.13836439740908685,0,-0.25388640394839457,-0.25388640394839457,0,-1.7198884918467883e-06,0.9999999999991449,1.000000000000003,1.000000000000003,5.4667056993673415e-15,2.4077727991339337e-13,True,61398013.941261075,False
B,H4,yoshida4,decision_frozen_grid,1,0.13908557202513744,0.13908557202513744,0,-0.25520970045637564,-0.25520970045637564,0,-1.7559524434496154e-06,0.9999999999991029,0.9999999999999993,0.9999999999999993,1.8418356215379415e-15,2.413809707370389e-13,True,61093634.8404866,False
B,H4,yoshida4,decision_frozen_grid,1,0.13981050550428123,0.13981050550428123,0,-0.256539894302831,-0.256539894302831,0,-1.7927718052312969e-06,0.9999999999990663,0.9999999999999956,0.9999999999999956,2.7919869462865016e-15,2.384363531126164e-13,True,60791059.31810793,False
B,H4,yoshida4,decision_frozen_grid,1,0.14053921743823908,0.14053921743823908,0,-0.2578770214411121,-0.2578770214411121,0,-1.8303623754434284e-06,0.9999999999990257,0.9999999999999956,0.9999999999999956,2.3619242292810396e-15,2.4200248534179183e-13,True,60490281.787196934,False
B,H4,yoshida4,decision_frozen_grid,1,0.14127172752084663,0.14127172752084663,0,-0.25922111801205955,-0.25922111801205955,0,-1.8687403140482672e-06,0.9999999999989864,0.9999999999999971,0.9999999999999971,2.739310057694061e-15,2.4046470889633714e-13,True,60191296.76998831,False
B,H4,yoshida4,decision_frozen_grid,1,0.1420080555485865,0.1420080555485865,0,-0.2605722203449712,-0.2605722203449712,0,-1.9079220689999232e-06,0.9999999999989397,0.9999999999999953,0.9999999999999953,3.7046208768052274e-15,2.4089098034252224e-13,True,59894098.867853835,False
B,H4,yoshida4,decision_frozen_grid,1,0.14274822142112342,0.14274822142112342,0,-0.2619303649585915,-0.2619303649585915,0,-1.947924417100566e-06,0.9999999999989,0.9999999999999971,0.9999999999999971,2.7660969712272292e-15,2.3957817100009735e-13,True,59598682.77550061,False
B,H4,yoshida4,decision_frozen_grid,1,0.14349224514184192,0.14349224514184192,0,-0.2632955885621118,-0.2632955885621118,0,-1.988764542382171e-06,0.9999999999988525,1.0000000000000013,1.0000000000000013,1.667140983305268e-15,2.4173708318777794e-13,True,59305043.308920495,False
B,H4,yoshida4,decision_frozen_grid,1,0.144240146818387,0.144240146818387,0,-0.2646679280561564,-0.2646679280561564,0,-2.030459979485144e-06,0.9999999999988036,1.0,1.0,2.884973238497285e-15,2.396634148701749e-13,True,59013175.381925866,False
B,H4,yoshida4,decision_frozen_grid,1,0.14499194666320747,0.14499194666320747,0,-0.26604742053377406,-0.26604742053377406,0,-2.073028562588064e-06,0.9999999999987546,1.0000000000000022,1.0000000000000022,3.871827681061058e-15,2.3979973184190114e-13,True,58723073.985415004,False
B,H4,yoshida4,decision_frozen_grid,1,0.14574766499410233,0.14574766499410233,1,-0.2674341032814674,-0.2674341032814674,0,-2.1164885921631793e-06,0.9999999999986957,0.999999999999998,0.999999999999998,8.502629874755353e-15,2.388598086681273e-13,True,58434734.248170115,False
B,H4,yoshida4,decision_frozen_grid,1,0.1465073222347697,0.1465073222347697,0,-0.2688280137801817,-0.2688280137801817,0,-2.1608586937560403e-06,0.9999999999986462,0.9999999999999976,0.9999999999999976,3.0314056982345487e-15,2.409584895157276e-13,True,58148151.38206058,False
B,H4,yoshida4,decision_frozen_grid,1,0.14727093891535895,0.14727093891535895,0,-0.2702291897063275,-0.2702291897063275,0,-2.206157866391223e-06,0.9999999999985836,0.9999999999999984,0.9999999999999984,3.3037083127808918e-15,2.385834626201031e-13,True,57863320.6985864,False
B,H4,yoshida4,decision_frozen_grid,1,0.14803853567302547,0.14803853567302547,0,-0.27163766893281055,-0.27163766893281055,0,-2.2524055482975314e-06,0.9999999999985245,0.9999999999999949,0.9999999999999949,2.0191517553512555e-15,2.414528538748158e-13,True,57580237.63132677,False
B,H4,yoshida4,decision_frozen_grid,1,0.14881013325248826,0.14881013325248826,0,-0.2730534895300488,-0.2730534895300488,0,-2.2996215562898215e-06,0.9999999999984666,1.0000000000000004,1.0000000000000004,4.445733641248281e-15,2.391164510578454e-13,True,57298897.71169139,False
B,H4,yoshida4,decision_frozen_grid,1,0.14958575250659095,0.14958575250659095,0,-0.27447668976701234,-0.27447668976701234,0,-2.3478261417242408e-06,0.9999999999984013,1.0000000000000058,1.0000000000000058,3.037027955524668e-15,2.4033696035968726e-13,True,57019296.58768247,False
B,H4,yoshida4,decision_frozen_grid,1,0.15036541439686485,0.15036541439686485,0,-0.27590730811225617,-0.27590730811225617,0,-2.397039968515813e-06,0.9999999999983324,1.000000000000004,1.000000000000004,3.412356379967184e-15,2.401959284384772e-13,True,56741430.013986185,False
B,H4,yoshida4,decision_frozen_grid,1,0.15114913999409588,0.15114913999409588,0,-0.27734538323495983,-0.27734538323495983,0,-2.4472840909339766e-06,0.9999999999982614,1.0000000000000036,1.0000000000000036,2.2022714981213726e-15,2.3954196631767317e-13,True,56465293.84226991,False
B,H4,yoshida4,decision_frozen_grid,1,0.15193695047889375,0.15193695047889375,0,-0.27879095400599474,-0.27879095400599474,0,-2.4985800890497956e-06,0.9999999999981821,0.999999999999998,0.999999999999998,1.70418118504154e-15,2.4053350731815e-13,True,56190884.068236485,False
B,H4,yoshida4,decision_frozen_grid,1,0.15272886714226452,0.15272886714226452,0,-0.2802440594989548,-0.2802440594989548,0,-2.5509499148590464e-06,0.9999999999981042,0.999999999999992,0.999999999999992,3.5253053603547947e-15,2.393431267031858e-13,True,55918196.77425048,False
B,H4,yoshida4,decision_frozen_grid,1,0.15352491138618599,0.15352491138618599,0,-0.28170473899123066,-0.28170473899123066,0,-2.6044159973093173e-06,0.9999999999980276,0.9999999999999947,0.9999999999999947,1.1836005251583939e-15,2.4284501996341385e-13,True,55647228.16544374,False
B,H4,yoshida4,decision_frozen_grid,1,0.15432510472418598,0.15432510472418598,0,-0.28317303196507504,-0.28317303196507504,0,-2.659001248739301e-06,0.9999999999979479,1.0000000000000027,1.0000000000000027,2.222880671894751e-15,2.401229043597331e-13,True,55377974.5700333,False
B,H4,yoshida4,decision_frozen_grid,1,0.15512946878192388,0.15512946878192388,0,-0.28464897810867285,-0.28464897810867285,0,-2.7147290646567512e-06,0.9999999999978544,1.0000000000000004,1.0000000000000004,1.954276005017066e-15,2.3919102675394657e-13,True,55110432.43731196,False
B,H4,yoshida4,decision_frozen_grid,1,0.15593802529777503,0.15593802529777503,0,-0.286132617317212,-0.286132617317212,0,-2.7716232937624596e-06,0.9999999999977653,0.9999999999999962,0.9999999999999962,2.2815430126349487e-15,2.401635128781413e-13,True,54844598.32529864,False
B,H4,yoshida4,decision_frozen_grid,1,0.15675079612341822,0.15675079612341822,0,-0.2876239896939735,-0.2876239896939735,0,-2.829708295237765e-06,0.9999999999976732,1.0000000000000009,1.0000000000000009,2.4223333302295797e-15,2.41128634698794e-13,True,54580468.91917563,False
B,H4,yoshida4,decision_frozen_grid,1,0.15756780322442634,0.15756780322442634,0,-0.28912313555142466,-0.28912313555142466,0,-2.8890089764921356e-06,0.999999999997571,1.0000000000000004,1.0000000000000004,1.7578504623898794e-15,2.373212813162245e-13,True,54318041.04248509,False
B,H4,yoshida4,decision_frozen_grid,1,0.15838906868085975,0.15838906868085975,0,-0.2906300954122979,-0.2906300954122979,0,-2.949550709008264e-06,0.9999999999974665,0.9999999999999962,0.9999999999999962,3.528018692478269e-15,2.4138209344513626e-13,True,54057311.62593207,False
B,H4,yoshida4,decision_frozen_grid,1,0.15921461468786333,0.15921461468786333,0,-0.292144910010698,-0.292144910010698,0,-3.0113593798564153e-06,0.999999999997361,0.9999999999999969,0.9999999999999969,2.352596740591291e-15,2.403719160989109e-13,True,53798277.7237292,False
B,H4,yoshida4,decision_frozen_grid,1,0.16004446355626611,0.16004446355626611,0,-0.29366762029322496,-0.29366762029322496,0,-3.074461511598514e-06,0.9999999999972493,0.9999999999999991,0.9999999999999991,1.233292420719504e-15,2.3798950872255917e-13,True,53540936.55298107,False
B,H4,yoshida4,decision_frozen_grid,1,0.16087863771318428,0.16087863771318428,0,-0.29519826742005295,-0.29519826742005295,0,-3.1388840653345795e-06,0.9999999999971327,0.9999999999999996,0.9999999999999996,1.8394614765640945e-15,2.3828672860558367e-13,True,53285285.4240025,False
B,H4,yoshida4,decision_frozen_grid,1,0.16171715970262726,0.16171715970262726,0,-0.2967368927660738,-0.2967368927660738,0,-3.2046546150077404e-06,0.9999999999970097,0.9999999999999989,0.9999999999999989,1.8920720036108763e-15,2.3860712434702117e-13,True,53031321.79857955,False
B,H4,yoshida4,decision_frozen_grid,1,0.16256005218610706,0.16256005218610706,0,-0.29828353792201784,-0.29828353792201784,0,-3.271801338522451e-06,0.9999999999968823,0.9999999999999978,0.9999999999999978,1.7694546245834948e-15,2.395156291284294e-13,True,52779043.28482359,False
B,H4,yoshida4,decision_frozen_grid,1,0.16340733794325069,0.16340733794325069,0,-0.29983824469557285,-0.29983824469557285,0,-3.340352963565607e-06,0.9999999999967522,0.9999999999999993,0.9999999999999993,2.7141478818580795e-15,2.412178429989311e-13,True,52528447.61695798,False
B,H4,yoshida4,decision_frozen_grid,1,0.16425903987241566,0.16425903987241566,0,-0.3014010551125176,-0.3014010551125176,0,-3.410338768494725e-06,0.9999999999966136,1.0000000000000009,1.0000000000000009,1.726135405212851e-15,2.407326630856605e-13,True,52279532.65413954,False
B,H4,yoshida4,decision_frozen_grid,1,0.1651151809913091,0.1651151809913091,0,-0.30297201141789243,-0.30297201141789243,0,-3.481788769077454e-06,0.9999999999964666,0.9999999999999978,0.9999999999999978,3.419891795800783e-15,2.3848118017670795e-13,True,52032296.44140448,False
B,H4,yoshida4,decision_frozen_grid,1,0.1659757844376094,0.1659757844376094,0,-0.30455115607710237,-0.30455115607710237,0,-3.554733460031656e-06,0.9999999999963227,1.0000000000000004,1.0000000000000004,2.7328210791463404e-15,2.411025309836118e-13,True,51786737.12114333,False
B,H4,yoshida4,decision_frozen_grid,1,0.1668408734695921,0.1668408734695921,0,-0.30613853177711253,-0.30613853177711253,0,-3.629204077260084e-06,0.9999999999961584,0.9999999999999989,0.9999999999999989,2.0539411733088086e-15,2.388022255868006e-13,True,51542853.019225955,False
B,H4,yoshida4,decision_frozen_grid,1,0.16771047146675777,0.16771047146675777,0,-0.3077341814275809,-0.3077341814275809,0,-3.705232449968676e-06,0.9999999999959996,0.9999999999999956,0.9999999999999956,2.268832740911882e-15,2.401672908343201e-13,True,51300642.59385018,False
B,H4,yoshida4,decision_frozen_grid,1,0.16858460193046443,0.16858460193046443,0,-0.3093381481620424,-0.3093381481620424,0,-3.7828511167958823e-06,0.9999999999958276,0.9999999999999976,0.9999999999999976,1.4568533396404739e-15,2.409511321987595e-13,True,51060104.47239807,False
B,H4,yoshida4,decision_frozen_grid,1,0.16946328848456252,0.16946328848456252,0,-0.3109504753390637,-0.3109504753390637,0,-3.862093234552333e-06,0.9999999999956501,0.9999999999999958,0.9999999999999958,2.8248215589079587e-15,2.4061074304776723e-13,True,50821237.41966432,False
B,H4,yoshida4,decision_frozen_grid,1,0.17034655487603306,0.17034655487603306,0,-0.3125712065434401,-0.3125712065434401,0,-3.9429927030099066e-06,0.9999999999954636,0.9999999999999942,0.9999999999999942,1.8119777717068807e-15,2.396931318177112e-13,True,50584040.37727546,False
B,H4,yoshida4,decision_frozen_grid,1,0.1712344249756299,0.1712344249756299,0,-0.31420038558736446,-0.31420038558736446,0,-4.025584079414557e-06,0.9999999999952722,0.9999999999999933,0.9999999999999933,1.4210414279960005e-15,2.413815604504164e-13,True,50348512.4340598,False
B,H4,yoshida4,decision_frozen_grid,1,0.1721269227785245,0.1721269227785245,0,-0.3158380565116313,-0.3158380565116313,0,-4.109902671300958e-06,0.999999999995073,0.9999999999999962,0.9999999999999962,2.680544412865075e-15,2.394442298505339e-13,True,50114652.854794405,False
B,H4,yoshida4,decision_frozen_grid,1,0.1730240724049545,0.1730240724049545,0,-0.31748426358682963,-0.31748426358682963,0,-4.1959845205052915e-06,0.9999999999948646,0.9999999999999987,0.9999999999999987,2.1926425789395268e-15,2.4191688167844534e-13,True,49882461.0733638,False
B,H4,yoshida4,decision_frozen_grid,1,0.17392589810087555,0.17392589810087555,0,-0.3191390513145465,-0.3191390513145465,0,-4.283866415377702e-06,0.9999999999946456,0.9999999999999991,0.9999999999999991,2.4795548908475464e-15,2.418497221372235e-13,True,49651936.6952154,False
B,H4,yoshida4,decision_frozen_grid,1,0.17483242423861678,0.17483242423861678,0,-0.3208024644285704,-0.3208024644285704,0,-4.373585864136942e-06,0.9999999999944142,0.9999999999999947,0.9999999999999947,4.364872660045374e-15,2.4070647069305995e-13,True,49423079.48747024,False
B,H4,yoshida4,decision_frozen_grid,1,0.1757436753175392,0.1757436753175392,0,-0.3224745478961304,-0.3224745478961304,0,-4.465181238089144e-06,0.9999999999941847,0.9999999999999984,0.9999999999999984,3.901923631752344e-15,2.3952920428150864e-13,True,49195889.423333324,False
B,H4,yoshida4,decision_frozen_grid,1,0.17665967596469787,0.17665967596469787,0,-0.324155346919093,-0.324155346919093,0,-4.5586916346262996e-06,0.9999999999939353,1.0000000000000036,1.0000000000000036,1.3033822482035964e-15,2.3946920914314385e-13,True,48970366.63691255,False
B,H4,yoshida4,decision_frozen_grid,1,0.17758045093550764,0.17758045093550764,0,-0.3258449069352101,-0.3258449069352101,0,-4.654156994243763e-06,0.9999999999936771,1.0000000000000009,1.0000000000000009,1.5552759452861907e-15,2.410359685361896e-13,True,48746511.45927728,False
B,H4,yoshida4,decision_frozen_grid,1,0.17850602511441196,0.17850602511441196,0,-0.32754327361935026,-0.32754327361935026,0,-4.7516180861073565e-06,0.9999999999934075,1.0,1.0,2.7813709643699414e-15,2.395151387532574e-13,True,48524324.412537865,False
B,H4,yoshida4,decision_frozen_grid,1,0.1794364235155555,0.1794364235155555,0,-0.3292504928847431,-0.3292504928847431,0,-4.851116532256228e-06,0.999999999993124,0.9999999999999956,0.9999999999999956,1.558991036614258e-15,2.4158961398073217e-13,True,48303806.21628136,False
B,H4,yoshida4,decision_frozen_grid,1,0.18037167128346013,0.18037167128346013,0,-0.33096661088422297,-0.33096661088422297,0,-4.952694787396794e-06,0.999999999992836,0.9999999999999969,0.9999999999999969,2.2040835992380703e-15,2.388429678523188e-13,True,48084957.78017288,False
B,H4,yoshida4,decision_frozen_grid,1,0.1813117936937046,0.1813117936937046,0,-0.33269167401149724,-0.33269167401149724,0,-5.056396221503334e-06,0.9999999999925286,0.9999999999999982,0.9999999999999982,2.936609415797274e-15,2.419170862154754e-13,True,47867780.22877312,False
B,H4,yoshida4,decision_frozen_grid,1,0.1822568161536074,0.1822568161536074,0,-0.3344257289024034,-0.3344257289024034,0,-5.162265102276464e-06,0.9999999999922118,0.9999999999999958,0.9999999999999958,3.4565332187077658e-15,2.390219689447671e-13,True,47652274.8949985,False
B,H4,yoshida4,decision_frozen_grid,1,0.1832067642029135,0.1832067642029135,0,-0.33616882243617163,-0.33616882243617163,0,-5.27034657160641e-06,0.9999999999918798,0.9999999999999958,0.9999999999999958,2.1500655619456886e-15,2.4027886826818256e-13,True,47438443.31205537,False
B,H4,yoshida4,decision_frozen_grid,1,0.18416166351448476,0.18416166351448476,0,-0.33792100173672346,-0.33792100173672346,0,-5.380686780576127e-06,0.9999999999915363,0.9999999999999962,0.9999999999999962,2.538230766035371e-15,2.413177409602161e-13,True,47226287.254358634,False
B,H4,yoshida4,decision_frozen_grid,1,0.18512153989499341,0.18512153989499341,0,-0.3396823141739346,-0.3396823141739346,0,-5.493332794204164e-06,0.999999999991172,0.9999999999999933,0.9999999999999933,4.204550042778279e-15,2.3954819088766765e-13,True,47015808.70735989,False
B,H4,yoshida4,decision_frozen_grid,1,0.1860864192856198,0.1860864192856198,0,-0.3414528073649355,-0.3414528073649355,0,-5.608332662498938e-06,0.999999999990798,0.99999999999999,0.99999999999999,1.3431967076186317e-15,2.3938101459936835e-13,True,46807009.88887734,False
B,H4,yoshida4,decision_frozen_grid,1,0.18705632776275322,0.18705632776275322,0,-0.34323252917540503,-0.34323252917540503,0,-5.725735418904421e-06,0.9999999999904128,0.999999999999996,0.999999999999996,3.1485920265644202e-15,2.398757135684795e-13,True,46599893.24813665,False
B,H4,yoshida4,decision_frozen_grid,1,0.1880312915386969,0.1880312915386969,0,-0.3450215277208824,-0.3450215277208824,0,-5.845591135589245e-06,0.9999999999900011,0.999999999999998,0.999999999999998,1.7569076352585393e-15,2.4117376885936573e-13,True,46394461.48222934,False
B,H4,yoshida4,decision_frozen_grid,1,0.1890113369623762,0.1890113369623762,0,-0.34681985136807014,-0.34681985136807014,0,-5.967950899021801e-06,0.9999999999895766,0.9999999999999942,0.9999999999999942,1.924900782761401e-15,2.384248095254925e-13,True,46190717.52843905,False
B,H4,yoshida4,decision_frozen_grid,1,0.1899964905200507,0.1899964905200507,0,-0.34862754873616625,-0.34862754873616625,0,-6.092866900564431e-06,0.9999999999891322,0.999999999999994,0.999999999999994,5.545440990051079e-15,2.399484375055668e-13,True,45988664.59148583,False
B,H4,yoshida4,decision_frozen_grid,1,0.19098677883603016,0.19098677883603016,0,-0.350444668698174,-0.350444668698174,0,-6.220392368527783e-06,0.999999999988672,0.9999999999999938,0.9999999999999938,1.8778337027672054e-15,2.416622085253117e-13,True,45788306.12304052,False
B,H4,yoshida4,decision_frozen_grid,1,0.19198222867339393,0.19198222867339393,0,-0.3522712603822437,-0.3522712603822437,0,-6.35058163855895e-06,0.9999999999881946,0.9999999999999993,0.9999999999999993,4.554468556437355e-15,2.3966956550996043e-13,True,45589645.843155175,False
B,H4,yoshida4,decision_frozen_grid,1,0.1929828669347143,0.1929828669347143,0,-0.35410737317301977,-0.35410737317301977,0,-6.483490206932174e-06,0.9999999999876903,1.0000000000000013,1.0000000000000013,1.7871861118055418e-15,2.397406642292562e-13,True,45392687.75644602,False
B,H4,yoshida4,decision_frozen_grid,1,0.19398872066278355,0.19398872066278355,0,-0.35595305671297284,-0.35595305671297284,0,-6.61917467370543e-06,0.9999999999871616,0.9999999999999933,0.9999999999999933,4.455054886473601e-15,2.399257587170147e-13,True,45197436.135647886,False
B,H4,yoshida4,decision_frozen_grid,1,0.19499981704134473,0.19499981704134473,0,-0.35780836090377305,-0.35780836090377305,0,-6.7576928590717955e-06,0.9999999999866225,0.9999999999999942,0.9999999999999942,1.5651995070761478e-15,2.397776936367023e-13,True,45003895.55689008,False
B,H4,yoshida4,decision_frozen_grid,1,0.1960161833958264,0.1960161833958264,0,-0.35967333590763534,-0.35967333590763534,0,-6.899103738300383e-06,0.9999999999860507,0.999999999999998,0.999999999999998,3.587856391972498e-15,2.384737879746671e-13,True,44812070.881261565,False
B,H4,yoshida4,decision_frozen_grid,1,0.19703784719408107,0.19703784719408107,0,-0.361548032148707,-0.361548032148707,0,-7.043467558309757e-06,0.9999999999854596,0.9999999999999967,0.9999999999999967,3.3756368352340254e-15,2.3986304878891837e-13,True,44621967.290296376,False
B,H4,yoshida4,decision_frozen_grid,1,0.19806483604712757,0.19806483604712757,0,-0.3634325003144236,-0.3634325003144236,0,-7.1908457504044065e-06,0.9999999999848401,0.9999999999999964,0.9999999999999964,2.2411448960022733e-15,2.401388616874547e-13,True,44433590.26159528,False
B,H4,yoshida4,decision_frozen_grid,1,0.19909717770989716,0.19909717770989716,0,-0.36532679135691365,-0.36532679135691365,0,-7.341301060170835e-06,0.9999999999841964,0.9999999999999967,0.9999999999999967,1.6696617253251745e-15,2.3904849309547594e-13,True,44246945.60850565,False
B,H4,yoshida4,decision_frozen_grid,1,0.20013490008198376,0.20013490008198376,0,-0.3672309564943843,-0.3672309564943843,0,-7.494897536153289e-06,0.999999999983521,0.9999999999999933,0.9999999999999933,1.872405182001869e-15,2.3839565659203635e-13,True,44062039.478456646,False
B,H4,yoshida4,decision_frozen_grid,1,0.20117803120839783,0.20117803120839783,0,-0.3691450472125165,-0.3691450472125165,0,-7.651700533850558e-06,0.9999999999828233,0.9999999999999929,0.9999999999999929,1.4925080677952657e-15,2.418411396990974e-13,True,43878878.356175505,False
B,H4,yoshida4,decision_frozen_grid,1,0.20222659928032444,0.20222659928032444,0,-0.37106911526588027,-0.37106911526588027,0,-7.811776779664825e-06,0.9999999999820932,0.9999999999999953,0.9999999999999953,2.018759515129491e-15,2.3939703950854193e-13,True,43697469.08456512,False
B,H4,yoshida4,decision_frozen_grid,1,0.2032806326358849,0.2032806326358849,0,-0.37300321267934206,-0.37300321267934206,0,-7.975194362019877e-06,0.9999999999813298,0.9999999999999933,0.9999999999999933,2.2288982315314913e-15,2.40990787464524e-13,True,43517818.86471737,False
B,H4,yoshida4,decision_frozen_grid,1,0.20434015976090292,0.20434015976090292,0,-0.3749473917494944,-0.3749473917494944,0,-8.142022787982484e-06,0.9999999999805349,0.9999999999999898,0.9999999999999898,4.229036141204089e-15,2.3877153747832854e-13,True,43339935.27518071,False
B,H4,yoshida4,decision_frozen_grid,1,0.20540520928967435,0.20540520928967435,0,-0.37690170504608733,-0.37690170504608733,0,-8.312333017679308e-06,0.99999999997971,0.9999999999999913,0.9999999999999913,1.276375803695798e-15,2.395025808161967e-13,True,43163826.285041824,False
B,H4,yoshida4,decision_frozen_grid,1,0.2064758100057408,0.2064758100057408,0,-0.3788662054134569,-0.3788662054134569,0,-8.486197444090848e-06,0.999999999978846,0.9999999999999922,0.9999999999999922,1.909322359152066e-15,2.409593565434995e-13,True,42989500.251745366,False
B,H4,yoshida4,decision_frozen_grid,1,0.2075519908426679,0.2075519908426679,0,-0.38084094597198376,-0.38084094597198376,0,-8.66368998075906e-06,0.9999999999779468,0.9999999999999909,0.9999999999999909,2.1372486671589912e-15,2.409927856719909e-13,True,42816965.95016895,False
B,H4,yoshida4,decision_frozen_grid,1,0.20863378088482698,0.20863378088482698,0,-0.38282598011954677,-0.38282598011954677,0,-8.844886087988613e-06,0.9999999999770037,0.9999999999999851,0.9999999999999851,3.396214424697989e-15,2.4177364468746556e-13,True,42646232.58436048,False
B,H4,yoshida4,decision_frozen_grid,1,0.2097212093681813,0.2097212093681813,0,-0.3848213615329753,-0.3848213615329753,0,-9.029862754417195e-06,0.999999999976033,0.9999999999999865,0.9999999999999865,1.5424552312128051e-15,2.4291633902259954e-13,True,42477309.787087545,False
B,H4,yoshida4,decision_frozen_grid,1,0.21081430568107598,0.21081430568107598,0,-0.3868271441695263,-0.3868271441695263,0,-9.218698561852534e-06,0.99999999997501,0.9999999999999891,0.9999999999999891,2.3982910360449393e-15,2.3985752752723987e-13,True,42310207.64350512,False
B,H4,yoshida4,decision_frozen_grid,1,0.21191309936503222,0.21191309936503222,0,-0.3888433822683674,-0.3888433822683674,0,-9.411473739673326e-06,0.999999999973952,0.9999999999999891,0.9999999999999891,2.035509027912956e-15,2.4107280154870016e-13,True,42144936.71218568,False
B,H4,yoshida4,decision_frozen_grid,1,0.21301762011554598,0.21301762011554598,0,-0.3908701303520529,-0.3908701303520529,0,-9.608270143734998e-06,0.9999999999728413,0.9999999999999902,0.9999999999999902,2.2017854245366313e-15,2.4130200542144345e-13,True,41981508.02537024,False
B,H4,yoshida4,decision_frozen_grid,1,0.21412789778289013,0.21412789778289013,0,-0.3929074432280376,-0.3929074432280376,0,-9.809171382046955e-06,0.9999999999716849,0.9999999999999853,0.9999999999999853,1.692809036917847e-15,2.400250477776036e-13,True,41819933.1310085,False
B,H4,yoshida4,decision_frozen_grid,1,0.21524396237292143,0.21524396237292143,0,-0.3949553759901518,-0.3949553759901518,0,-1.0014262715740685e-05,0.9999999999704856,0.9999999999999882,0.9999999999999882,1.3270001622172693e-15,2.4189033418131744e-13,True,41660224.07227395,False
B,H4,yoshida4,decision_frozen_grid,1,0.21636584404789125,0.21636584404789125,0,-0.39701398402013677,-0.39701398402013677,0,-1.0223631208283734e-05,0.9999999999692286,0.99999999999999,0.99999999999999,2.9683102809914343e-15,2.4100759592482143e-13,True,41502393.43729262,False
B,H4,yoshida4,decision_frozen_grid,1,0.217493573127261,0.217493573127261,0,-0.39908332298915317,-0.39908332298915317,0,-1.0437365703719337e-05,0.9999999999679159,0.9999999999999833,0.9999999999999833,4.180369941397352e-15,2.4213811344662893e-13,True,41346454.36155639,False
B,H4,yoshida4,decision_frozen_grid,1,0.21862718008852125,0.21862718008852125,0,-0.4011634488593165,-0.4011634488593165,0,-1.0655556901717489e-05,0.9999999999665552,0.9999999999999825,0.9999999999999825,1.5309463364763832e-15,2.3956186444243884e-13,True,41192420.55804023,False
B,H4,yoshida4,decision_frozen_grid,1,0.2197666955680156,0.2197666955680156,0,-0.40325441788522826,-0.40325441788522826,0,-1.0878297364902423e-05,0.9999999999651337,0.999999999999986,0.999999999999986,3.746029827052522e-15,2.4171637253928215e-13,True,41040306.32915494,False
B,H4,yoshida4,decision_frozen_grid,1,0.22091215036176848,0.22091215036176848,0,-0.40535628661552275,-0.40535628661552275,0,-1.1105681566148107e-05,0.9999999999636517,0.9999999999999867,0.9999999999999867,2.537354527035822e-15,2.4088002407650853e-13,True,40890126.59058113,False
B,H4,yoshida4,decision_frozen_grid,1,0.22206357542631763,0.22206357542631763,0,-0.4074691118944175,-0.4074691118944175,0,-1.1337805910782706e-05,0.9999999999621048,0.9999999999999862,0.9999999999999862,2.022237112187641e-15,2.4084204593562936e-13,True,40741896.888956614,False
B,H4,yoshida4,decision_frozen_grid,1,0.22322100187955046,0.22322100187955046,0,-0.4095929508632889,-0.4095929508632889,0,-1.1574768837396832e-05,0.9999999999604934,0.9999999999999842,0.9999999999999842,2.2496573548566857e-15,2.410551358758126e-13,True,40595633.44205577,False
B,H4,yoshida4,decision_frozen_grid,1,0.22438446100154522,0.22438446100154522,0,-0.41172786096222425,-0.41172786096222425,0,-1.1816670769215776e-05,0.9999999999588136,0.9999999999999845,0.9999999999999845,1.6766714456098784e-15,2.40105033258455e-13,True,40451353.13869974,False
B,H4,yoshida4,decision_frozen_grid,1,0.2255539842354164,0.2255539842354164,0,-0.41387389993161405,-0.41387389993161405,0,-1.206361421157709e-05,0.9999999999570579,0.9999999999999807,0.9999999999999807,1.670941099864014e-15,2.3836541916348863e-13,True,40309073.57989312,False
B,H4,yoshida4,decision_frozen_grid,1,0.2267296031881642,0.2267296031881642,0,-0.41603112581374635,-0.41603112581374635,0,-1.2315703820320323e-05,0.9999999999552331,0.9999999999999769,0.9999999999999769,2.7728466581967396e-15,2.3929601996915166e-13,True,40168813.11285798,False
B,H4,yoshida4,decision_frozen_grid,1,0.2279113496315292,0.2279113496315292,0,-0.4181995969543838,-0.4181995969543838,0,-1.2573046350050632e-05,0.9999999999533298,0.9999999999999782,0.9999999999999782,2.4889469220200997e-15,2.404434285412444e-13,True,40030590.83332638,False
B,H4,yoshida4,decision_frozen_grid,1,0.22909925550285046,0.22909925550285046,0,-0.4203793720043931,-0.4203793720043931,0,-1.283575080224253e-05,0.9999999999513416,0.9999999999999749,0.9999999999999749,4.435547656985657e-15,2.400762964554761e-13,True,39894426.64366581,False
B,H4,yoshida4,decision_frozen_grid,1,0.2302933529059292,0.2302933529059292,0,-0.42257050992134565,-0.42257050992134565,0,-1.3103928398816578e-05,0.9999999999492801,0.999999999999978,0.999999999999978,1.1377912650567478e-15,2.3907401103767605e-13,True,39760341.264513314,False
B,H4,yoshida4,decision_frozen_grid,1,0.23149367411189598,0.23149367411189598,0,-0.4247730699711532,-0.4247730699711532,0,-1.3377692681171283e-05,0.9999999999471161,0.9999999999999785,0.9999999999999785,1.910649260288384e-15,2.3833619190984554e-13,True,39628356.28196693,False
B,H4,yoshida4,decision_frozen_grid,1,0.23270025156008295,0.23270025156008295,0,-0.4269871117296921,-0.4269871117296921,0,-1.365715951107127e-05,0.9999999999448683,0.9999999999999725,0.9999999999999725,3.3616374231145475e-15,2.3938175053856706e-13,True,39498494.16944792,False
B,H4,yoshida4,decision_frozen_grid,1,0.23391311785890073,0.23391311785890073,0,-0.42921269508444565,-0.42921269508444565,0,-1.394244711594439e-05,0.9999999999425311,0.9999999999999805,0.9999999999999805,5.085440645772883e-15,2.420206720521148e-13,True,39370778.32318865,False
B,H4,yoshida4,decision_frozen_grid,1,0.23513230578671962,0.23513230578671962,0,-0.43144988023617187,-0.43144988023617187,0,-1.4233676203012635e-05,0.9999999999400784,0.9999999999999791,0.9999999999999791,1.6380316116174887e-15,2.4016138339426005e-13,True,39245233.117929555,False
B,H4,yoshida4,decision_frozen_grid,1,0.23635784829275513,0.23635784829275513,0,-0.43369872770054724,-0.43369872770054724,0,-1.4530969933312932e-05,0.999999999937534,0.9999999999999745,0.9999999999999745,3.6679897213126345e-15,2.3873947225918783e-13,True,39121883.92634826,False
B,H4,yoshida4,decision_frozen_grid,1,0.23758977849795887,0.23758977849795887,0,-0.4359592983098457,-0.4359592983098457,0,-1.4834454004741815e-05,0.9999999999348768,0.9999999999999774,0.9999999999999774,2.096899618691348e-15,2.395811289212297e-13,True,39000757.16986724,False
B,H4,yoshida4,decision_frozen_grid,1,0.23882812969591347,0.23882812969591347,0,-0.43823165321462193,-0.43823165321462193,0,-1.514425671467201e-05,0.9999999999321045,0.9999999999999742,0.9999999999999742,2.5641402936736012e-15,2.3939592936858264e-13,True,38881880.36583538,False
B,H4,yoshida4,decision_frozen_grid,1,0.2400729353537324,0.2400729353537324,0,-0.44051585388540176,-0.44051585388540176,0,-1.546050901324314e-05,0.9999999999292151,0.9999999999999696,0.9999999999999696,2.1196357252022476e-15,2.3877415708960057e-13,True,38765282.174256,False
B,H4,yoshida4,decision_frozen_grid,1,0.24132422911296425,0.24132422911296425,0,-0.44281196211436513,-0.44281196211436513,0,-1.578334448892882e-05,0.9999999999262026,0.9999999999999656,0.9999999999999656,1.3550072192094172e-15,2.4076916351307786e-13,True,38650992.42850156,False
B,H4,yoshida4,decision_frozen_grid,1,0.2425820447905022,0.2425820447905022,0,-0.4451200400170859,-0.4451200400170859,0,-1.6112899547726656e-05,0.9999999999230655,0.9999999999999647,0.9999999999999647,1.6742923656730725e-15,2.389347971684458e-13,True,38539042.22055792,False
B,H4,yoshida4,decision_frozen_grid,1,0.24384641637949786,0.24384641637949786,0,-0.4474401500342185,-0.4474401500342185,0,-1.6449313333888327e-05,0.9999999999197922,0.9999999999999654,0.9999999999999654,2.587600611459765e-15,2.411358011049037e-13,True,38429463.91917216,False
B,H4,yoshida4,decision_frozen_grid,1,0.2451173780502799,0.2451173780502799,0,-0.4497723549332571,-0.4497723549332571,0,-1.6792727913106376e-05,0.9999999999163822,0.9999999999999645,0.9999999999999645,2.7524421923321854e-15,2.3978626693575214e-13,True,38322291.261366986,False
B,H4,yoshida4,decision_frozen_grid,1,0.2463949641512773,0.2463949641512773,0,-0.45211671781025115,-0.45211671781025115,0,-1.7143288233434362e-05,0.9999999999128251,0.9999999999999649,0.9999999999999649,2.25856751736072e-15,2.3910816603543413e-13,True,38217559.38703189,False
B,H4,yoshida4,decision_frozen_grid,1,0.2476792092099482,0.2476792092099482,0,-0.4544733020915619,-0.4544733020915619,0,-1.7501142215214927e-05,0.9999999999091178,0.9999999999999654,0.9999999999999654,2.4532959159887155e-15,2.390330903843481e-13,True,38115304.91132303,False
B,H4,yoshida4,decision_frozen_grid,1,0.2489701479337125,0.2489701479337125,0,-0.4568421715356289,-0.4568421715356289,0,-1.7866440844338527e-05,0.9999999999052491,0.9999999999999629,0.9999999999999629,2.7677800374906707e-15,2.3964665415207355e-13,True,38015566.00125067,False
B,H4,yoshida4,decision_frozen_grid,1,0.25026781521089,0.25026781521089,0,-0.4592233902347275,-0.4592233902347275,0,-1.82393381860102e-05,0.999999999901219,0.99999999999996,0.99999999999996,2.4968264590329045e-15,2.394292766192454e-13,True,37918382.434454694,False
B,H4,yoshida4,decision_frozen_grid,1,0.2515722461116433,0.2515722461116433,0,-0.4616170226167582,-0.4616170226167582,0,-1.8619991487334175e-05,0.9999999998970153,0.9999999999999583,0.9999999999999583,2.6288038356863237e-15,2.3887300970117e-13,True,37823795.68564699,False
B,H4,yoshida4,decision_frozen_grid,1,0.25288347588892585,0.25288347588892585,0,-0.4640231334470264,-0.4640231334470264,0,-1.9008561203737173e-05,0.9999999998926348,0.9999999999999565,0.9999999999999565,3.198682997921292e-15,2.3873740044499077e-13,True,37731848.996661305,False
B,H4,yoshida4,decision_frozen_grid,1,0.2542015399794342,0.2542015399794342,0,-0.4664417878300538,-0.4664417878300538,0,-1.9405211109768672e-05,0.9999999998880666,0.9999999999999549,0.9999999999999549,3.3756935859669778e-15,2.3778172557722476e-13,True,37642587.47354594,False
B,H4,yoshida4,decision_frozen_grid,1,0.2555264740045658,0.2555264740045658,0,-0.46887305121137124,-0.46887305121137124,0,-1.981010829799068e-05,0.999999999883304,0.9999999999999525,0.9999999999999525,1.7330436302168009e-15,2.4031830171016286e-13,True,37556058.15825701,False
B,H4,yoshida4,decision_frozen_grid,1,0.25685831377138213,0.25685831377138213,0,-0.4713169893793585,-0.4713169893793585,0,-2.022342331975402e-05,0.9999999998783367,0.9999999999999483,0.9999999999999483,2.417940783313483e-15,2.412068626890266e-13,True,37472310.14352742,False
B,H4,yoshida4,decision_frozen_grid,1,0.258197095273576,0.258197095273576,0,-0.47377366846706714,-0.47377366846706714,0,-2.064533022139159e-05,0.9999999998731592,0.999999999999944,0.999999999999944,2.0858046829991612e-15,2.4098824471755904e-13,True,37391394.665024914,False
B,H4,yoshida4,decision_frozen_grid,1,0.25954285469244415,0.25954285469244415,0,-0.4762431549540594,-0.4762431549540594,0,-2.107600660528064e-05,0.9999999998677636,0.9999999999999416,0.9999999999999416,1.7041309203877766e-15,2.394247001695088e-13,True,37313365.20598635,False
B,H4,yoshida4,decision_frozen_grid,1,0.26089562839786556,0.26089562839786556,0,-0.47872551566826826,-0.47872551566826826,0,-2.1515633726654215e-05,0.9999999998621389,0.9999999999999425,0.9999999999999425,1.6886532499711002e-15,2.392515564249806e-13,True,37238277.61772882,False
B,H4,yoshida4,decision_frozen_grid,1,0.2622554529492841,0.2622554529492841,0,-0.48122081778785525,-0.48122081778785525,0,-2.1964396545115505e-05,0.9999999998562703,0.9999999999999396,0.9999999999999396,1.8856670939968646e-15,2.3954718041191343e-13,True,37166190.23466434,False
B,H4,yoshida4,decision_frozen_grid,1,0.2636223650966965,0.2636223650966965,0,-0.483729128843086,-0.483729128843086,0,-2.24224838045739e-05,0.9999999998501545,0.9999999999999349,0.9999999999999349,1.1438535270327169e-15,2.4102188687356654e-13,True,37097164.00419249,False
B,H4,yoshida4,decision_frozen_grid,1,0.2649964017816455,0.2649964017816455,0,-0.4862505167182223,-0.4862505167182223,0,-2.289008813538551e-05,0.9999999998437763,0.9999999999999305,0.9999999999999305,2.859966388680297e-15,2.384036380284665e-13,True,37031262.63040492,False
B,H4,yoshida4,decision_frozen_grid,1,0.2663776001382187,0.2663776001382187,0,-0.48878504965340225,-0.48878504965340225,0,-2.336740606456722e-05,0.9999999998371325,0.9999999999999294,0.9999999999999294,1.3396558270699414e-15,2.402877110677541e-13,True,36968552.701256305,False
B,H4,yoshida4,decision_frozen_grid,1,0.2677659974940514,0.2677659974940514,0,-0.4913327962465775,-0.4913327962465775,0,-2.3854638211862067e-05,0.9999999998302018,0.9999999999999307,0.9999999999999307,2.182680995307244e-15,2.404641680332303e-13,True,36909103.875194125,False
B,H4,yoshida4,decision_frozen_grid,1,0.26916163137133586,0.26916163137133586,0,-0.4938938254553961,-0.4938938254553961,0,-2.435198923045334e-05,0.9999999998229765,0.999999999999929,0.999999999999929,1.793233285618058e-15,2.403810427787887e-13,True,36852989.008217655,False
B,H4,yoshida4,decision_frozen_grid,1,0.2705645394878354,0.2705645394878354,0,-0.49646820659916496,-0.49646820659916496,0,-2.4859668009691305e-05,0.9999999998154399,0.999999999999923,0.999999999999923,1.5704304592437033e-15,2.387870521607236e-13,True,36800284.36267367,False
B,H4,yoshida4,decision_frozen_grid,1,0.2719747597579034,0.2719747597579034,0,-0.4990560093607721,-0.4990560093607721,0,-2.5377887685751332e-05,0.9999999998075855,0.9999999999999167,0.9999999999999167,2.088629180007791e-15,2.3976660111020094e-13,True,36751069.77519384,False
B,H4,yoshida4,decision_frozen_grid,1,0.2733923302935084,0.2733923302935084,0,-0.5016573037886474,-0.5016573037886474,0,-2.5906865753988484e-05,0.9999999997993978,0.9999999999999143,0.9999999999999143,1.8150799547669377e-15,2.3694800155899985e-13,True,36705428.86462084,False
B,H4,yoshida4,decision_frozen_grid,1,0.2748172894052635,0.2748172894052635,0,-0.5042721602987323,-0.5042721602987323,0,-2.644682417440869e-05,0.9999999997908617,0.9999999999999134,0.9999999999999134,4.697048919365813e-15,2.3941384161964014e-13,True,36663449.25146212,False
B,H4,yoshida4,decision_frozen_grid,1,0.27624967560346264,0.27624967560346264,0,-0.5069006496764378,-0.5069006496764378,0,-2.6997989385213472e-05,0.9999999997819615,0.9999999999999125,0.9999999999999125,2.531368141620242e-15,2.395458420112182e-13,True,36625222.7664248,False
B,H4,yoshida4,decision_frozen_grid,1,0.2776895275991202,0.2776895275991202,0,-0.5095428430786687,-0.5095428430786687,0,-2.7560592532394068e-05,0.9999999997726774,0.9999999999999054,0.9999999999999054,1.5473471910201891e-15,2.4115630454962887e-13,True,36590845.73416412,False
B,H4,yoshida4,decision_frozen_grid,1,0.2791368843050181,0.2791368843050181,0,-0.5121988120357881,-0.5121988120357881,0,-2.8134869421769793e-05,0.999999999763004,0.9999999999998994,0.9999999999998994,1.2012188471157262e-15,2.395240717582623e-13,True,36560419.197424814,False
B,H4,yoshida4,decision_frozen_grid,1,0.28059178483675706,0.28059178483675706,0,-0.5148686284536488,-0.5148686284536488,0,-2.872106068441127e-05,0.9999999997529154,0.9999999999998963,0.9999999999998963,1.9538072988206026e-15,2.385370192585897e-13,True,36534049.21845925,False
B,H4,yoshida4,decision_frozen_grid,1,0.28205426851381393,0.28205426851381393,0,-0.5175523646156156,-0.5175523646156156,0,-2.931941186212761e-05,0.9999999997423967,0.9999999999998883,0.9999999999998883,1.614985683315247e-15,2.392156108862198e-13,True,36511847.178420536,False
B,H4,yoshida4,decision_frozen_grid,1,0.283524374860604,0.283524374860604,0,-0.5202500931846024,-0.5202500931846024,0,-2.993017350538807e-05,0.9999999997314342,0.9999999999998848,0.9999999999998848,5.774705760135985e-15,2.4008402651441334e-13,True,36493930.10194788,False
B,H4,yoshida4,decision_frozen_grid,1,0.28500214360754933,0.28500214360754933,0,-0.5229618872051249,-0.5229618872051249,0,-3.0553601285232546e-05,0.9999999997199989,0.9999999999998792,0.9999999999998792,2.823655176164488e-15,2.3827204880746716e-13,True,36480421.00938879,False
B,H4,yoshida4,decision_frozen_grid,1,0.2864876146921527,0.2864876146921527,0,-0.5256878201053599,-0.5256878201053599,0,-3.118995608009101e-05,0.9999999997080746,0.9999999999998652,0.9999999999998652,4.44661658582245e-15,2.403457726715224e-13,True,36471449.28777195,False
B,H4,yoshida4,decision_frozen_grid,1,0.28798082826007665,0.28798082826007665,0,-0.5284279656992111,-0.5284279656992111,0,-3.183950405527547e-05,0.9999999996956557,0.9999999999998623,0.9999999999998623,2.1089004137061434e-15,2.4077487972181475e-13,True,36467151.08770095,False
B,H4,yoshida4,decision_frozen_grid,1,0.2894818246662284,0.2894818246662284,0,-0.5311823981884182,-0.5311823981884182,0,-3.25025168392834e-05,0.9999999996826998,0.999999999999865,0.999999999999865,2.1604310609205637e-15,2.373951493374347e-13,True,36467669.77856338,False
B,H4,yoshida4,decision_frozen_grid,1,0.2909906444758507,0.2909906444758507,0,-0.5339511921646372,-0.5339511921646372,0,-3.317927156576417e-05,0.9999999996691917,0.9999999999998586,0.9999999999998586,2.2810984779927886e-15,2.377333409420338e-13,True,36473156.39909896,False
B,H4,yoshida4,decision_frozen_grid,1,0.2925073284656182,0.2925073284656182,0,-0.536734422611565,-0.536734422611565,0,-3.3870051019846414e-05,0.9999999996551086,0.9999999999998521,0.9999999999998521,1.1664892328658016e-15,2.38853487306529e-13,True,36483770.17440741,False
B,H4,yoshida4,decision_frozen_grid,1,0.294031917624739,0.294031917624739,0,-0.5395321649070638,-0.5395321649070638,0,-3.4575143746717885e-05,0.999999999640425,0.9999999999998455,0.9999999999998455,2.4164042071547878e-15,2.4106343930716654e-13,True,36499679.06246479,False
B,H4,yoshida4,decision_frozen_grid,1,0.29556445315606283,0.29556445315606283,0,-0.5423444948252925,-0.5423444948252925,0,-3.529484413755668e-05,0.999999999625119,0.9999999999998421,0.9999999999998421,1.7083315017844363e-15,2.401935120016172e-13,True,36521060.33801733,False
B,H4,yoshida4,decision_frozen_grid,1,0.2971049764771945,0.2971049764771945,0,-0.5451714885388742,-0.5451714885388742,0,-3.602945259584267e-05,0.9999999996091542,0.9999999999998337,0.9999999999998337,3.65862197277365e-15,2.399999762022516e-13,True,36548101.248338714,False
B,H4,yoshida4,decision_frozen_grid,1,0.29865352922161303,0.29865352922161303,0,-0.5480132226210491,-0.5480132226210491,0,-3.677927561329675e-05,0.9999999995925171,0.9999999999998266,0.9999999999998266,3.990847626879859e-15,2.3942973417381474e-13,True,36580999.69575505,False
B,H4,yoshida4,decision_frozen_grid,1,0.3002101532397971,0.3002101532397971,0,-0.5508697740478692,-0.5508697740478692,0,-3.754462593930086e-05,0.9999999995751683,0.9999999999998241,0.9999999999998241,3.80077716928055e-15,2.393026902970303e-13,True,36619965.00622782,False
B,H4,yoshida4,decision_frozen_grid,1,0.30177489060035584,0.30177489060035584,0,-0.5537412202003689,-0.5537412202003689,0,-3.8325822630636e-05,0.9999999995570781,0.9999999999998161,0.9999999999998161,1.431151188368822e-15,2.405022418003925e-13,True,36665218.7267399,False
B,H4,yoshida4,decision_frozen_grid,1,0.303347783591166,0.303347783591166,0,-0.556627638866794,-0.556627638866794,0,-3.912319124865782e-05,0.9999999995382123,0.9999999999998013,0.9999999999998013,3.5787957645955475e-15,2.412001728823839e-13,True,36716995.537734315,False
B,H4,yoshida4,decision_frozen_grid,1,0.30492887472051455,0.30492887472051455,1,-0.5595291082448184,-0.5595291082448184,0,-3.993706397453778e-05,0.999999999518554,0.9999999999997922,0.9999999999997922,9.235212072963054e-15,2.394562174668036e-13,True,36775544.21981303,False
B,H4,yoshida4,decision_frozen_grid,1,0.3065182067182474,0.3065182067182474,0,-0.5624457069437668,-0.5624457069437668,0,-4.076777970030143e-05,0.9999999994980509,0.9999999999997871,0.9999999999997871,1.728802646698363e-15,2.4160793244091823e-13,True,36841128.69954902,False
B,H4,yoshida4,decision_frozen_grid,1,0.308115822536925,0.308115822536925,0,-0.5653775139868806,-0.5653775139868806,0,-4.1615684211571136e-05,0.9999999994766788,0.9999999999997786,0.9999999999997786,3.971510765947134e-15,2.402162931344625e-13,True,36914029.21952203,False
B,H4,yoshida4,decision_frozen_grid,1,0.30972176535298207,0.30972176535298207,0,-0.5683246088135786,-0.5683246088135786,0,-4.248113032057077e-05,0.9999999994543918,0.9999999999997708,0.9999999999997708,1.9488920679723916e-15,2.3795797200245596e-13,True,36994543.60006183,False
B,H4,yoshida4,decision_frozen_grid,1,0.31133607856789497,0.31133607856789497,0,-0.5712870712817112,-0.5712870712817112,0,-4.336447792496756e-05,0.999999999431157,0.9999999999997609,0.9999999999997609,4.612426615888382e-15,2.3976259144802947e-13,True,37082988.5957123,False
B,H4,yoshida4,decision_frozen_grid,1,0.3129588058093547,0.3129588058093547,0,-0.5742649816698969,-0.5742649816698969,0,-4.426609429031281e-05,0.9999999994069302,0.99999999999975,0.99999999999975,2.6766623373807676e-15,2.41080060808533e-13,True,37179701.45414013,False
B,H4,yoshida4,decision_frozen_grid,1,0.31458999093244616,0.31458999093244616,0,-0.5772584206797955,-0.5772584206797955,0,-4.518635408157223e-05,0.9999999993816706,0.9999999999997373,0.9999999999997373,2.008160505314048e-15,2.3964610959081267e-13,True,37285041.54275953,False
B,H4,yoshida4,decision_frozen_grid,1,0.31622967802083274,0.31622967802083274,0,-0.5802674694384352,-0.5802674694384352,0,-4.612563953143578e-05,0.9999999993553348,0.999999999999724,0.999999999999724,2.392989357706494e-15,2.3926989545567973e-13,True,37399392.18213358,False
B,H4,yoshida4,decision_frozen_grid,1,0.3178779113879481,0.3178779113879481,0,-0.5832922095005668,-0.5832922095005668,0,-4.708434063904754e-05,0.9999999993278768,0.9999999999997105,0.9999999999997105,2.6354572891444596e-15,2.3889048282487144e-13,True,37523162.673198104,False
B,H4,yoshida4,decision_frozen_grid,1,0.31953473557819395,0.31953473557819395,0,-0.5863327228510061,-0.5863327228510061,0,-4.806285529057597e-05,0.9999999992992543,0.9999999999997025,0.9999999999997025,1.6772340348523484e-15,2.396671265984898e-13,True,37656790.50446714,False
B,H4,yoshida4,decision_frozen_grid,1,0.3212001953681435,0.3212001953681435,0,-0.5893890919069905,-0.5893890919069905,0,-4.906158938133842e-05,0.9999999992694035,0.999999999999692,0.999999999999692,2.4670831815549096e-15,2.3979779265261015e-13,True,37800743.78936774,False
B,H4,yoshida4,decision_frozen_grid,1,0.32287433576775176,0.32287433576775176,0,-0.592461399520586,-0.592461399520586,0,-5.008095704628346e-05,0.9999999992382811,0.9999999999996736,0.9999999999996736,1.8751743917463436e-15,2.397067276447873e-13,True,37955523.99923636,False
B,H4,yoshida4,decision_frozen_grid,1,0.3245572020215717,0.3245572020215717,1,-0.595549728981067,-0.595549728981067,0,-5.112138076501793e-05,0.9999999992058402,0.9999999999996634,0.9999999999996634,8.64242470125045e-15,2.4003744539111295e-13,True,38121668.94579812,False
B,H4,yoshida4,decision_frozen_grid,1,0.32624883960997775,0.32624883960997775,0,-0.5986541640173401,-0.5986541640173401,0,-5.218329154788037e-05,0.9999999991720041,0.9999999999996492,0.9999999999996492,3.046302228337816e-15,2.4183568378126016e-13,True,38299756.120254576,False
B,H4,yoshida4,decision_frozen_grid,1,0.327949294250394,0.327949294250394,1,-0.6017747888003779,-0.6017747888003779,0,-5.326712911979392e-05,0.9999999991367337,0.9999999999996299,0.9999999999996299,6.834530975481073e-15,2.3833223385073045e-13,True,38490406.40459912,False
B,H4,yoshida4,decision_frozen_grid,1,0.3296586118985302,0.3296586118985302,0,-0.6049116879456548,-0.6049116879456548,0,-5.437334205216082e-05,0.9999999990999593,0.9999999999996176,0.9999999999996176,2.7921501907268996e-15,2.388245296076894e-13,True,38694288.18650473,False
B,H4,yoshida4,decision_frozen_grid,1,0.3313768387496239,0.3313768387496239,0,-0.608064946515624,-0.608064946515624,0,-5.550238798135432e-05,0.9999999990616162,0.9999999999996043,0.9999999999996043,2.1315660756559642e-15,2.388498317357298e-13,True,38912121.98494821,False
B,H4,yoshida4,decision_frozen_grid,1,0.3331040212396885,0.3331040212396885,0,-0.6112346500221869,-0.6112346500221869,0,-5.665473375460195e-05,0.9999999990216331,0.9999999999995843,0.9999999999995843,2.2786978540271153e-15,2.4108637859692635e-13,True,39144685.59598071,False
B,H4,yoshida4,decision_frozen_grid,1,0.33484020604676856,0.33484020604676856,0,-0.6144208844291964,-0.6144208844291964,0,-5.7830855630713884e-05,0.999999998979948,0.999999999999561,0.999999999999561,2.372185908030435e-15,2.3972981293295955e-13,True,39392819.88215513,False
B,H4,yoshida4,decision_frozen_grid,1,0.33658544009220087,0.33658544009220087,0,-0.617623736154966,-0.617623736154966,0,-5.9031239453721795e-05,0.9999999989364916,0.9999999999995461,0.9999999999995461,2.588677989206759e-15,2.369510864234545e-13,True,39657435.265707776,False
B,H4,yoshida4,decision_frozen_grid,1,0.3383397705418833,0.3383397705418833,0,-0.6208432920747987,-0.6208432920747987,0,-6.0256380833401124e-05,0.9999999988911732,0.9999999999995277,0.9999999999995277,1.8146988859577295e-15,2.4048870835854935e-13,True,39939519.04300437,False
B,H4,yoshida4,decision_frozen_grid,1,0.3401032448075484,0.3401032448075484,0,-0.6240796395235493,-0.6240796395235493,0,-6.150678538663357e-05,0.9999999988439305,0.9999999999995084,0.9999999999995084,2.030701511053517e-15,2.407557129076904e-13,True,40240143.66593853,False
B,H4,yoshida4,decision_frozen_grid,1,0.34187591054804567,0.34187591054804567,0,-0.6273328662981632,-0.6273328662981632,0,-6.27829688495396e-05,0.9999999987946657,0.9999999999994882,0.9999999999994882,1.7928120607484e-15,2.3661469505270856e-13,True,40560476.05897593,False
B,H4,yoshida4,decision_frozen_grid,1,0.34365781567062925,0.34365781567062925,0,-0.6306030606602849,-0.6306030606602849,0,-6.408545735614446e-05,0.9999999987433019,0.9999999999994627,0.9999999999994627,1.8194437626628796e-15,2.399998008328925e-13,True,40901788.26190151,False
B,H4,yoshida4,decision_frozen_grid,1,0.3454490083322522,0.3454490083322522,0,-0.633890311338843,-0.633890311338843,0,-6.541478759691799e-05,0.9999999986897465,0.9999999999994371,0.9999999999994371,1.3810935481992732e-15,2.3860963999349125e-13,True,41265469.48531236,False
B,H4,yoshida4,decision_frozen_grid,1,0.34724953694086896,0.34724953694086896,0,-0.6371947075326696,-0.6371947075326696,0,-6.677150702638635e-05,0.999999998633913,0.9999999999994158,0.9999999999994158,3.347598121709441e-15,2.3878458417953656e-13,True,41653039.88758531,False
B,H4,yoshida4,decision_frozen_grid,1,0.34905945015674233,0.34905945015674233,0,-0.6405163389131474,-0.6405163389131474,0,-6.815617410893537e-05,0.9999999985756876,0.9999999999993896,0.9999999999993896,2.5687544883949297e-15,2.3841269407152414e-13,True,42066166.358450145,False
B,H4,yoshida4,decision_frozen_grid,1,0.35087879689375995,0.35087879689375995,1,-0.6438552956268502,-0.6438552956268502,0,-6.956935848534407e-05,0.9999999985149894,0.9999999999993632,0.9999999999993632,7.808444106522548e-15,2.4031211369287257e-13,True,42506680.60034339,False
B,H4,yoshida4,decision_frozen_grid,1,0.3527076263207548,0.3527076263207548,0,-0.6472116682982273,-0.6472116682982273,0,-7.101164123213266e-05,0.9999999984516947,0.999999999999339,0.999999999999339,1.485712715915888e-15,2.392696077653913e-13,True,42976599.99775583,False
B,H4,yoshida4,decision_frozen_grid,1,0.3545459878628351,0.3545459878628351,0,-0.65058554803229,-0.65058554803229,0,-7.248361506073664e-05,0.9999999983857069,0.9999999999993132,0.9999999999993132,3.1435060011323806e-15,2.391123445674618e-13,True,43478151.70516608,False
B,H4,yoshida4,decision_frozen_grid,1,0.35639393120271967,0.35639393120271967,0,-0.6539770264173221,-0.6539770264173221,0,-7.398588454554655e-05,0.9999999983168948,0.9999999999992844,0.9999999999992844,1.8059724360782514e-15,2.385195375109496e-13,True,44013800.59934079,False
B,H4,yoshida4,decision_frozen_grid,1,0.3582515062820804,0.3582515062820804,0,-0.6573861955276118,-0.6573861955276118,0,-7.551906636016348e-05,0.9999999982451475,0.9999999999992466,0.9999999999992466,3.528367209752803e-15,2.3912005889644363e-13,True,44586281.82584282,False
B,H4,yoshida4,decision_frozen_grid,1,0.3601187633028923,0.3601187633028923,0,-0.6608131479262082,-0.6608131479262082,0,-7.708378953164008e-05,0.9999999981703458,0.9999999999992149,0.9999999999992149,1.5440238356654865e-15,2.388767917769921e-13,True,45198638.85047375,False
B,H4,yoshida4,decision_frozen_grid,1,0.36199575272879,0.36199575272879,0,-0.6642579766676755,-0.6642579766676755,0,-7.868069563676805e-05,0.9999999980923466,0.999999999999182,0.999999999999182,2.8618263804215508e-15,2.384397214094391e-13,True,45854268.08899512,False
B,H4,yoshida4,decision_frozen_grid,1,0.36388252528643195,0.36388252528643195,0,-0.667720775300897,-0.667720775300897,0,-8.03104390867393e-05,0.999999998011027,0.9999999999991502,0.9999999999991502,2.177371564152294e-15,2.4165521794131015e-13,True,46556971.573495746,False
B,H4,yoshida4,decision_frozen_grid,1,0.3657791319668708,0.3657791319668708,0,-0.6712016378718761,-0.6712016378718761,0,-8.197368735518573e-05,0.9999999979262302,0.9999999999991178,0.9999999999991178,1.5027425653954398e-15,2.4037803071634653e-13,True,47311019.29854391,False
B,H4,yoshida4,decision_frozen_grid,1,0.36768562402693156,0.36768562402693156,0,-0.6747006589265697,-0.6747006589265697,0,-8.367112124063603e-05,0.9999999978378156,0.9999999999990785,0.9999999999990785,2.1623650954842673e-15,2.379453173145429e-13,True,48121223.4527897,False
B,H4,yoshida4,decision_frozen_grid,1,0.3696020529905974,0.3696020529905974,0,-0.6782179335137358,-0.6782179335137358,0,-8.540343511587167e-05,0.9999999977456295,0.9999999999990403,0.9999999999990403,2.8197688127288374e-15,2.38265944267856e-13,True,48993027.231231764,False
B,H4,yoshida4,decision_frozen_grid,1,0.3715284706504014,0.3715284706504014,0,-0.6817535571878058,-0.6817535571878058,0,-8.717133719593484e-05,0.9999999976495062,0.9999999999989992,0.9999999999989992,1.6426140298783913e-15,2.41210467368984e-13,True,49932611.70651043,False
B,H4,yoshida4,decision_frozen_grid,1,0.3734649290688267,0.3734649290688267,0,-0.6853076260117804,-0.6853076260117804,0,-8.897554981346367e-05,0.999999997549281,0.9999999999989551,0.9999999999989551,1.6999491405952406e-15,2.418320330062546e-13,True,50947025.183625706,False
B,H4,yoshida4,decision_frozen_grid,1,0.37541148057971324,0.37541148057971324,0,-0.6888802365601295,-0.6888802365601295,0,-9.081680965827843e-05,0.9999999974447804,0.9999999999989122,0.9999999999989122,3.4755618519747595e-15,2.367264630302084e-13,True,52044340.72391176,False
B,H4,yoshida4,decision_frozen_grid,1,0.3773681777896726,0.3773681777896726,0,-0.6924714859217499,-0.6924714859217499,0,-9.269586810978225e-05,0.9999999973358105,0.9999999999988616,0.9999999999988616,3.1907769169486473e-15,2.3795306772429495e-13,True,53233849.37261294,False
B,H4,yoshida4,decision_frozen_grid,1,0.3793350735795089,0.3793350735795089,0,-0.6960814717029048,-0.6960814717029048,0,-9.461349147898979e-05,0.9999999972221931,0.999999999998805,0.999999999998805,2.74111913517173e-15,2.382365646326757e-13,True,54526298.73473904,False
B,H4,yoshida4,decision_frozen_grid,1,0.38131222110564883,0.38131222110564883,0,-0.6997102920302029,-0.6997102920302029,0,-9.657046129185609e-05,0.9999999971037326,0.9999999999987577,0.9999999999987577,1.9949618515222353e-15,2.3732407427238017e-13,True,55934189.953142844,False
B,H4,yoshida4,decision_frozen_grid,1,0.38329967380157776,0.38329967380157776,0,-0.7033580455536074,-0.7033580455536074,0,-9.856757460369181e-05,0.9999999969802102,0.9999999999987113,0.9999999999987113,3.2636136356455067e-15,2.4024010585141764e-13,True,57472150.46166763,False
B,H4,yoshida4,decision_frozen_grid,1,0.3852974853792836,0.3852974853792836,0,-0.7070248314494597,-0.7070248314494597,0,-0.00010060564429781316,0.9999999968514102,0.9999999999986551,0.9999999999986551,2.25783171773244e-15,2.3914103471403845e-13,True,59157406.020150565,False
B,H4,yoshida4,decision_frozen_grid,1,0.387305709830709,0.387305709830709,0,-0.7107107494235256,-0.7107107494235256,0,-0.00010268549938352578,0.999999996717114,0.9999999999985965,0.9999999999985965,1.9123018103040747e-15,2.37542860682574e-13,True,61010384.33536377,False
B,H4,yoshida4,decision_frozen_grid,1,0.38932440142920977,0.38932440142920977,0,-0.7144158997140576,-0.7144158997140576,0,-0.0001048079852885575,0.9999999965770827,0.9999999999985381,0.9999999999985381,1.7831948322191663e-15,2.391022728177801e-13,True,63055495.14332045,False
B,H4,yoshida4,decision_frozen_grid,1,0.39135361473102265,0.39135361473102265,0,-0.7181403830948974,-0.7181403830948974,0,-0.00010697396419123706,0.9999999964310735,0.9999999999984788,0.9999999999984788,2.2170124187713666e-15,2.408049004253627e-13,True,65322150.07820032,False
B,H4,yoshida4,decision_frozen_grid,1,0.3933934045767386,0.3933934045767386,0,-0.7218843008785931,-0.7218843008785931,0,-0.00010918431534534534,0.9999999962788231,0.9999999999984128,0.9999999999984128,3.5516770234164007e-15,2.407430119874075e-13,True,67846112.8909077,False
B,H4,yoshida4,decision_frozen_grid,1,0.39544382609278544,0.39544382609278544,0,-0.725647754919538,-0.725647754919538,0,-0.00011143993539586283,0.9999999961200741,0.9999999999983424,0.9999999999983424,2.946126961850155e-15,2.381136656526213e-13,True,70671311.98111589,False
B,H4,yoshida4,decision_frozen_grid,1,0.39750493469291814,0.39750493469291814,0,-0.7294308476171365,-0.7294308476171365,0,-0.00011374173870759563,0.9999999959545449,0.9999999999982736,0.9999999999982736,1.844303770356157e-15,2.4081584974204345e-13,True,73852311.13747461,False
B,H4,yoshida4,decision_frozen_grid,1,0.3995767860797154,0.3995767860797154,0,-0.7332336819189987,-0.7332336819189987,0,-0.00011609065771867044,0.9999999957819445,0.9999999999982006,0.9999999999982006,2.4189393453203844e-15,2.3693491594075726e-13,True,77457735.33080053,False
B,H4,yoshida4,decision_frozen_grid,1,0.40165943624608574,0.40165943624608574,0,-0.737056361324152,-0.737056361324152,0,-0.00011848764326805039,0.9999999956019681,0.9999999999981204,0.9999999999981204,2.9457435209385703e-15,2.411788175984314e-13,True,81575111.80990255,False
B,H4,yoshida4,decision_frozen_grid,1,0.40375294147678054,0.40375294147678054,0,-0.740898989886282,-0.740898989886282,0,-0.0001209336649474757,0.9999999954143055,0.9999999999980367,0.9999999999980367,1.98232474554724e-15,2.4059770401832027e-13,True,86317859.22614498,False
B,H4,yoshida4,decision_frozen_grid,1,0.4058573583499154,0.4058573583499154,0,-0.7447616722170047,-0.7447616722170047,0,-0.00012342971146850346,0.9999999952186271,0.9999999999979532,0.9999999999979532,2.5326497986171547e-15,2.4027096019410035e-13,True,91835625.49518414,False
B,H4,yoshida4,decision_frozen_grid,1,0.4079727437384987,0.4079727437384987,0,-0.7486445134891586,-0.7486445134891586,0,-0.00012597679102444026,0.999999995014589,0.9999999999978673,0.9999999999978673,2.7286174791236507e-15,2.3879978840795273e-13,True,98330008.70317264,False
B,H4,yoshida4,decision_frozen_grid,1,0.4100991548119688,0.4100991548119688,0,-0.7525476194401152,-0.7525476194401152,0,-0.000128575931637398,0.9999999948018303,0.9999999999977762,0.9999999999977762,2.4548683117605367e-15,2.387416119945618e-13,True,106079241.98759808,False
B,H4,yoshida4,decision_frozen_grid,1,0.4122366490377397,0.4122366490377397,0,-0.7564710963751401,-0.7564710963751401,0,-0.00013122818156774407,0.9999999945799816,0.9999999999976799,0.9999999999976799,1.5824310345608642e-15,2.391266081386781e-13,True,115478431.99666925,False
B,H4,yoshida4,decision_frozen_grid,1,0.41438528418275317,0.41438528418275317,0,-0.7604150511707538,-0.7604150511707538,0,-0.00013393460966848458,0.9999999943486508,0.9999999999975793,0.9999999999975793,3.1262003121922825e-15,2.4045809255444803e-13,True,127108125.27012853,False
B,H4,yoshida4,decision_frozen_grid,1,0.41654511831504054,0.41654511831504054,0,-0.7643795912781374,-0.7643795912781374,0,-0.00013669630578450054,0.9999999941074404,0.9999999999974787,0.9999999999974787,2.3694542486407145e-15,2.385243342567223e-13,True,141857562.80126247,False
B,H4,yoshida4,decision_frozen_grid,1,0.41871620980529156,0.41871620980529156,0,-0.7683648247265631,-0.7683648247265631,0,-0.00013951438115511472,0.9999999938559152,0.9999999999973737,0.9999999999973737,3.065897430576956e-15,2.377382530140044e-13,True,161161313.1250666,False
B,H4,yoshida4,decision_frozen_grid,1,0.4208986173284328,0.4208986173284328,0,-0.7723708601268445,-0.7723708601268445,0,-0.00014238996879689658,0.999999993593639,0.9999999999972589,0.9999999999972589,2.2347125475129404e-15,2.3861040744734637e-13,True,187492992.0564902,False
B,H4,yoshida4,decision_frozen_grid,1,0.42309239986521224,0.42309239986521224,0,-0.7763978066748302,-0.7763978066748302,0,-0.00014532422393731537,0.9999999933201507,0.9999999999971374,0.9999999999971374,2.50409703260283e-15,2.3965644947651673e-13,True,225513980.40561023,False
B,H4,yoshida4,decision_frozen_grid,1,0.4252976167037938,0.4252976167037938,0,-0.7804457741549069,-0.7804457741549069,0,-0.00014831832440465043,0.999999993034975,0.9999999999970126,0.9999999999970126,3.2441673544824348e-15,2.3737534224962037e-13,True,285178714.5428659,False
B,H4,yoshida4,decision_frozen_grid,1,0.4275143274413599,0.4275143274413599,0,-0.7845148729435631,-0.7845148729435631,0,-0.00015137347109539512,0.9999999927376104,0.9999999999968885,0.9999999999968885,1.680340513895152e-15,2.3778716165236143e-13,True,392225788.0775124,False
B,H4,yoshida4,decision_frozen_grid,1,0.4297425919857217,0.4297425919857217,0,-0.7886052140129335,-0.7886052140129335,0,-0.00015449088834196267,0.9999999924275331,0.9999999999967621,0.9999999999967621,3.5126371904722606e-15,2.4133866320371996e-13,True,640009467.0766989,False
B,H4,yoshida4,decision_frozen_grid,1,0.43198247055693817,0.43198247055693817,0,-0.7927169089344244,-0.7927169089344244,0,-0.0001576718244005182,0.9999999921041918,0.9999999999966247,0.9999999999966247,1.9094481847153492e-15,2.4031041003161404e-13,True,1836365285.031928,False
B,H4,yoshida4,decision_frozen_grid,1,0.4342340236889436,0.4342340236889436,0,-0.7968500698823483,-0.7968500698823483,0,-0.00016091755190017487,0.9999999917670288,0.999999999996479,0.999999999996479,2.984863752335776e-15,2.37552723782555e-13,True,,True
B,H4,yoshida4,decision_frozen_grid,1,0.436497312231184,0.436497312231184,0,-0.801004809637574,-0.801004809637574,0,-0.00016422936825843948,0.9999999914154418,0.9999999999963258,0.9999999999963258,2.581150001773738e-15,2.383028892690189e-13,True,,True
B,H4,yoshida4,decision_frozen_grid,1,0.4387723973502608,0.4387723973502608,0,-0.8051812415912322,-0.8051812415912322,0,-0.0001676085961683782,0.999999991048828,0.9999999999961682,0.9999999999961682,1.7584088609256217e-15,2.384159778968821e-13,True,,True
B,H4,yoshida4,decision_frozen_grid,1,0.44105934053158435,0.44105934053158435,0,-0.8093794797484408,-0.8093794797484408,0,-0.00017105658406069146,0.9999999906665258,0.9999999999960039,0.9999999999960039,1.4131522362602559e-15,2.3871800396580236e-13,True,,True
B,H4,yoshida4,decision_frozen_grid,1,0.443358203581036,0.443358203581036,0,-0.8135996387320771,-0.8135996387320771,0,-0.00017457470660309227,0.9999999902678742,0.9999999999958262,0.9999999999958262,2.107592169579514e-15,2.3714143413053557e-13,True,,True
B,H4,yoshida4,decision_frozen_grid,1,0.44566904862663764,0.44566904862663764,0,-0.8178418337865495,-0.8178418337865495,0,-0.00017816436514328515,0.9999999898521756,0.9999999999956499,0.9999999999956499,2.0904343915931053e-15,2.378096480593904e-13,True,,True
B,H4,yoshida4,decision_frozen_grid,1,0.44799193812023097,0.44799193812023097,0,-0.8221061807816434,-0.8221061807816434,0,-0.0001818269882429835,0.9999999894186944,0.9999999999954707,0.9999999999954707,2.702511896901363e-15,2.3764038336120474e-13,True,,True
B,H4,yoshida4,decision_frozen_grid,1,0.4503269348391658,0.4503269348391658,0,-0.8263927962163674,-0.8263927962163674,0,-0.00018556403214819994,0.9999999889666606,0.9999999999952758,0.9999999999952758,1.9676424960177537e-15,2.3663274418179155e-13,True,,True
B,H4,yoshida4,decision_frozen_grid,1,0.4526741018879961,0.4526741018879961,0,-0.8307017972228643,-0.8307017972228643,0,-0.00018937698133858483,0.999999988495287,0.9999999999950662,0.9999999999950662,2.5169308405495914e-15,2.3883344686646185e-13,True,,True
B,H4,yoshida4,decision_frozen_grid,1,0.4550335027001857,0.4550335027001857,0,-0.8350333015703199,-0.8350333015703199,0,-0.00019326734900104725,0.9999999880037496,0.9999999999948535,0.9999999999948535,5.06473890272937e-15,2.367840819916289e-13,True,,True
B,H4,yoshida4,decision_frozen_grid,1,0.45740520103982235,0.45740520103982235,0,-0.8393874276689456,-0.8393874276689456,0,-0.00019723667759885544,0.9999999874911771,0.9999999999946356,0.9999999999946356,1.893494806366471e-15,2.370991802990506e-13,True,,True
B,H4,yoshida4,decision_frozen_grid,1,0.45978926100334133,0.45978926100334133,0,-0.8437642945739586,-0.8437642945739586,0,-0.0002012865393643537,0.9999999869566691,0.9999999999944078,0.9999999999944078,1.787117786066086e-15,2.371335017481619e-13,True,,True
B,H4,yoshida4,decision_frozen_grid,1,0.46218574702125753,0.46218574702125753,0,-0.8481640219896396,-0.8481640219896396,0,-0.00020541853689248768,0.9999999863992874,0.999999999994172,0.999999999994172,1.8831915616877658e-15,2.3811470510036336e-13,True,,True
B,H4,yoshida4,decision_frozen_grid,1,0.4645947238599065,0.4645947238599065,0,-0.8525867302733853,-0.8525867302733853,0,-0.00020963430365350533,0.9999999858180413,0.9999999999939211,0.9999999999939211,1.3587408816045978e-15,2.3808971687820295e-13,True,,True
B,H4,yoshida4,decision_frozen_grid,1,0.4670162566231951,0.4670162566231951,0,-0.8570325404398347,-0.8570325404398347,0,-0.00021393550459047894,0.9999999852119181,0.9999999999936564,0.9999999999936564,2.1972964272607948e-15,2.374893109789172e-13,True,,True
B,H4,yoshida4,decision_frozen_grid,1,0.46945041075436106,0.46945041075436106,0,-0.8615015741650106,-0.8615015741650106,0,-0.00021832383667930166,0.9999999845798456,0.999999999993382,0.999999999993382,3.062699888779979e-15,2.3821149674714264e-13,True,,True
B,H4,yoshida4,decision_frozen_grid,1,0.47189725203774124,0.47189725203774124,0,-0.865993953790488,-0.865993953790488,0,-0.00022280102947558333,0.9999999839207151,0.9999999999930969,0.9999999999930969,2.0612295861193075e-15,2.36806709391646e-13,True,,True
B,H4,yoshida4,decision_frozen_grid,1,0.4743568466005495,0.4743568466005495,0,-0.8705098023276536,-0.8705098023276536,0,-0.00022736884578056227,0.9999999832333627,0.9999999999928015,0.9999999999928015,2.979470341978054e-15,2.38280441133372e-13,True,,True
B,H4,yoshida4,decision_frozen_grid,1,0.4768292609146645,0.4768292609146645,0,-0.8750492434619311,-0.8750492434619311,0,-0.0002320290821595794,0.9999999825165778,0.9999999999924938,0.9999999999924938,2.2817941329800743e-15,2.3989703177619125e-13,True,,True
B,H4,yoshida4,decision_frozen_grid,1,0.47931456179842524,0.47931456179842524,0,-0.8796124015571252,-0.8796124015571252,0,-0.00023678356963885427,0.9999999817690975,0.9999999999921734,0.9999999999921734,1.684182957686563e-15,2.38783016581406e-13,True,,True
B,H4,yoshida4,decision_frozen_grid,1,0.4818128164184374,0.4818128164184374,0,-0.8841994016597239,-0.8841994016597239,0,-0.00024163417423928024,0.9999999809896024,0.9999999999918368,0.9999999999918368,2.2700078784648293e-15,2.401748037200383e-13,True,,True
B,H4,yoshida4,decision_frozen_grid,1,0.48432409229138806,0.48432409229138806,0,-0.8888103695033128,-0.8888103695033128,0,-0.0002465827976665391,0.9999999801767244,0.9999999999914877,0.9999999999914877,2.4763098013177297e-15,2.386760137914013e-13,True,,True
B,H4,yoshida4,decision_frozen_grid,1,0.4868484572858715,0.4868484572858715,0,-0.8934454315129952,-0.8934454315129952,0,-0.0002516313779348245,0.9999999793290205,0.9999999999911222,0.9999999999911222,1.3737343281046999e-15,2.3742416114718084e-13,True,,True
B,H4,yoshida4,decision_frozen_grid,1,0.48938597962422203,0.48938597962422203,0,-0.8981047148098589,-0.8981047148098589,0,-0.0002567818900172103,0.9999999784450061,0.9999999999907392,0.9999999999907392,3.3811733565100765e-15,2.3678847350912773e-13,True,,True
B,H4,yoshida4,decision_frozen_grid,1,0.4919367278843582,0.4919367278843582,0,-0.9027883472154872,-0.9027883472154872,0,-0.00026203634650179275,0.9999999775231109,0.9999999999903366,0.9999999999903366,4.639911993364524e-15,2.396036771550269e-13,True,,True
B,H4,yoshida4,decision_frozen_grid,1,0.494500771001637,0.494500771001637,0,-0.9074964572565147,-0.9074964572565147,0,-0.0002673967982607106,0.9999999765617246,0.9999999999899194,0.9999999999899194,3.527281378054154e-15,2.3742571373992307e-13,True,,True
B,H4,yoshida4,decision_frozen_grid,1,0.4970781782707153,0.4970781782707153,0,-0.9122291741692347,-0.9122291741692347,0,-0.00027286533515202827,0.9999999755591372,0.9999999999894893,0.9999999999894893,2.6011113288179483e-15,2.3597280632272183e-13,True,,True
B,H4,yoshida4,decision_frozen_grid,1,0.4996690193474241,0.4996690193474241,0,-0.9169866279042358,-0.9169866279042358,0,-0.00027844408669164267,0.9999999745135896,0.9999999999890419,0.9999999999890419,1.9943410748543765e-15,2.3758113258522686e-13,True,,True
B,H4,yoshida4,decision_frozen_grid,1,0.5022733642506497,0.5022733642506497,0,-0.9217689491310984,-0.9217689491310984,0,-0.0002841352227713756,0.9999999734232219,0.9999999999885727,0.9999999999885727,2.0215942957237016e-15,2.384164023039977e-13,True,,True
B,H4,yoshida4,decision_frozen_grid,1,0.5048912833642274,0.5048912833642274,0,-0.9265762692431202,-0.9265762692431202,0,-0.000289940954347534,0.9999999722861259,0.9999999999880824,0.9999999999880824,2.1988346946411336e-15,2.3544789879999844e-13,True,,True
B,H4,yoshida4,decision_frozen_grid,1,0.5075228474388422,0.5075228474388422,0,-0.931408720362117,-0.931408720362117,0,-0.0002958635342047433,0.9999999711002745,0.9999999999875684,0.9999999999875684,4.247381407007414e-15,2.3620887346771377e-13,True,,True
B,H4,yoshida4,decision_frozen_grid,1,0.510168127593942,0.510168127593942,0,-0.9362664353432405,-0.9362664353432405,0,-0.0003019052576636039,0.999999969863598,0.9999999999870361,0.9999999999870361,2.587066163871873e-15,2.3839794055401453e-13,True,,True
B,H4,yoshida4,decision_frozen_grid,1,0.5128271953196593,0.5128271953196593,0,-0.94114954777986,-0.94114954777986,0,-0.00030806846333186755,0.9999999685738863,0.9999999999864841,0.9999999999864841,1.5735304039823961e-15,2.3691981514219063e-13,True,,True
B,H4,yoshida4,decision_frozen_grid,1,0.5155001224787427,0.5155001224787427,0,-0.946058192008496,-0.946058192008496,0,-0.0003143555338758208,0.9999999672288762,0.9999999999859011,0.9999999999859011,3.363301798711739e-15,2.3646686400023664e-13,True,,True
B,H4,yoshida4,decision_frozen_grid,1,0.5181869813084999,0.5181869813084999,0,-0.9509925031137881,-0.9509925031137881,0,-0.00032076889677012943,0.9999999658261806,0.9999999999852929,0.9999999999852929,2.0903252194337993e-15,2.3896288850721637e-13,True,,True
B,H4,yoshida4,decision_frozen_grid,1,0.5208878444227494,0.5208878444227494,0,-0.9559526169335344,-0.9559526169335344,0,-0.0003273110251000855,0.99999996436333,0.9999999999846589,0.9999999999846589,2.578314241089197e-15,2.380220229791995e-13,True,,True
B,H4,yoshida4,decision_frozen_grid,1,0.5236027848137833,0.5236027848137833,0,-0.9609386700637653,-0.9609386700637653,0,-0.0003339844383423163,0.9999999628377315,0.9999999999840015,0.9999999999840015,1.3803530492851197e-15,2.369918047148496e-13,True,,True
B,H4,yoshida4,decision_frozen_grid,1,0.5263318758543395,0.5263318758543395,0,-0.9659507998638749,-0.9659507998638749,0,-0.0003407917031728047,0.9999999612466889,0.9999999999833151,0.9999999999833151,1.7189440376082526e-15,2.3867481115564277e-13,True,,True
B,H4,yoshida4,decision_frozen_grid,1,0.529075191299585,0.529075191299585,0,-0.9709891444618058,-0.9709891444618058,0,-0.0003477354342817929,0.9999999595873859,0.9999999999826001,0.9999999999826001,2.7772054052426982e-15,2.3775082655299827e-13,True,,True
B,H4,yoshida4,decision_frozen_grid,1,0.5318328052891091,0.5318328052891091,0,-0.9760538427592884,-0.9760538427592884,0,-0.00035481829520578323,0.9999999578568859,0.9999999999818527,0.9999999999818527,4.122735298874326e-15,2.3764083619648676e-13,True,,True
B,H4,yoshida4,decision_frozen_grid,1,0.534604792348927,0.534604792348927,0,-0.9811450344371316,-0.9811450344371316,0,-0.0003620429991673113,0.9999999560521222,0.9999999999810669,0.9999999999810669,2.8391219330782294e-15,2.3787703599819034e-13,True,,True
B,H4,yoshida4,decision_frozen_grid,1,0.5373912273934938,0.5373912273934938,0,-0.9862628599605664,-0.9862628599605664,0,-0.00036941230991849316,0.9999999541699102,0.9999999999802471,0.9999999999802471,3.1606870130267633e-15,2.349375943399883e-13,True,,True
B,H4,yoshida4,decision_frozen_grid,1,0.5401921857277292,0.5401921857277292,0,-0.9914074605846576,-0.9914074605846576,0,-0.000376929042625207,0.9999999522069104,0.9999999999793974,0.9999999999793974,2.8819597787093558e-15,2.383898354843675e-13,True,,True
B,H4,yoshida4,decision_frozen_grid,1,0.5430077430490531,0.5430077430490531,0,-0.9965789783597484,-0.9965789783597484,0,-0.00038459606471263896,0.9999999501596517,0.9999999999785147,0.9999999999785147,4.859295070010283e-15,2.3625391237734015e-13,True,,True
B,H4,yoshida4,decision_frozen_grid,1,0.5458379754494306,0.5458379754494306,0,-1.0017775561370035,-1.0017775561370035,0,-0.00039241629680519807,0.9999999480244965,0.9999999999775915,0.9999999999775915,2.1654408948740783e-15,2.3612170646495516e-13,True,,True
B,H4,yoshida4,decision_frozen_grid,1,0.5486829594174287,0.5486829594174287,0,-1.0070033375739482,-1.0070033375739482,0,-0.00040039271356095973,0.9999999457976666,0.9999999999766225,0.9999999999766225,3.3465394484639054e-15,2.386057041880758e-13,True,,True
B,H4,yoshida4,decision_frozen_grid,1,0.5515427718402838,0.5515427718402838,0,-1.0122564671401415,-1.0122564671401415,0,-0.00040852834465510135,0.9999999434752175,0.9999999999756128,0.9999999999756128,2.644598702069462e-15,2.3634618396033353e-13,True,,True
B,H4,yoshida4,decision_frozen_grid,1,0.5544174900059792,0.5544174900059792,0,-1.017537090122837,-1.017537090122837,0,-0.000416826275644544,0.9999999410530291,0.9999999999745621,0.9999999999745621,2.2661481862600604e-15,2.365387257321552e-13,True,,True
B,H4,yoshida4,decision_frozen_grid,1,0.5573071916053339,0.5573071916053339,0,-1.0228453526327614,-1.0228453526327614,0,-0.00042528964894961163,0.9999999385268051,0.9999999999734632,0.9999999999734632,2.894805758086833e-15,2.3572139457979234e-13,True,,True
B,H4,yoshida4,decision_frozen_grid,1,0.5602119547341025,0.5602119547341025,0,-1.0281814016099295,-1.0281814016099295,0,-0.00043392166480127337,0.9999999358920751,0.9999999999723252,0.9999999999723252,2.583746217477384e-15,2.376019289280892e-13,True,,True
B,H4,yoshida4,decision_frozen_grid,1,0.5631318578950856,0.5631318578950856,0,-1.033545384829509,-1.033545384829509,0,-0.0004427255821752851,0.999999933144148,0.9999999999711398,0.9999999999711398,1.9437478003087685e-15,2.381696812741766e-13,True,,True
B,H4,yoshida4,decision_frozen_grid,1,0.5660669800002514,0.5660669800002514,0,-1.0389374509077889,-1.0389374509077889,0,-0.0004517047198158153,0.9999999302781505,0.9999999999698934,0.9999999999698934,1.2968676041295016e-15,2.373070518891691e-13,True,,True
B,H4,yoshida4,decision_frozen_grid,1,0.569017400372868,0.569017400372868,0,-1.0443577493081668,-1.0443577493081668,0,-0.0004608624571875719,0.9999999272890006,0.9999999999685931,0.9999999999685931,5.17587165993513e-15,2.369275855602677e-13,True,,True
B,H4,yoshida4,decision_frozen_grid,1,0.5719831987496479,0.5719831987496479,0,-1.0498064303472292,-1.0498064303472292,0,-0.00047020223548766005,0.9999999241713936,0.9999999999672451,0.9999999999672451,3.850296575197494e-15,2.3994640215913814e-13,True,,True
B,H4,yoshida4,decision_frozen_grid,1,0.5749644552829025,0.5749644552829025,0,-1.0552836452009098,-1.0552836452009098,0,-0.0004797275586938543,0.9999999209197763,0.9999999999658351,0.9999999999658351,1.6763530810120907e-15,2.3703966662916675e-13,True,,True
B,H4,current_m3,mechanism_fixed,-1,0.1,-0.1,0,0.18349096365049358,0.18349096365049358,0,-1.2869803001080982e-09,1.0000000000000004,1.0000000000000004,1.0000000000000004,8.708299808435316e-16,5.597981758979164e-13,True,192471421.5857441,False
B,H4,current_m3,mechanism_fixed,-1,0.125,-0.125,0,0.22936370479492474,0.22936370479492474,0,-3.141442439513753e-09,0.999999999999998,0.9999999999999989,0.9999999999999989,2.231963850459192e-15,5.623838115041308e-13,True,153978929.12591293,False
B,H4,current_m3,mechanism_fixed,-1,0.15,-0.15,0,0.27523644625958454,0.27523644625958454,0,-6.512608230480055e-09,1.0000000000000004,0.9999999999999998,0.9999999999999998,2.3128739761066197e-15,5.623333179990162e-13,True,128318488.8260608,False
B,H4,current_m3,mechanism_fixed,-1,0.175,-0.175,0,0.3211091882740103,0.3211091882740103,0,-1.206210353821291e-08,0.9999999999999973,1.0000000000000044,1.0000000000000044,3.941522700658392e-15,5.617315067702272e-13,True,109991106.58364296,False
B,H4,current_m3,mechanism_fixed,-1,0.2,-0.2,0,0.36698193115776995,0.36698193115776995,0,-2.0570894099236625e-08,0.9999999999999805,0.9999999999999993,0.9999999999999993,2.5026377532843695e-15,5.568378178682533e-13,True,96247357.63410246,False
B,H4,current_m3,mechanism_fixed,-1,0.225,-0.225,0,0.4128546753352573,0.4128546753352573,0,-3.2938743732557896e-08,0.9999999999999514,0.9999999999999916,0.9999999999999916,1.2094324065651673e-15,5.594257104791307e-13,True,85559847.89956982,False
B,H4,current_m3,mechanism_fixed,-1,0.25,-0.25,0,0.4587274213503996,0.4587274213503996,0,-5.018364301889733e-08,0.9999999999998908,0.9999999999999889,0.9999999999999889,4.248234856453544e-15,5.577921028109026e-13,True,77012198.58955587,False
B,H4,current_m3,mechanism_fixed,-1,0.275,-0.275,0,0.5046001698812561,0.5046001698812561,0,-7.344115759977399e-08,0.9999999999997604,0.9999999999999796,0.9999999999999796,1.7782020930557675e-15,5.589155167846271e-13,True,70021311.98238593,False
B,H4,current_m3,mechanism_fixed,-1,0.3,-0.3,0,0.5504729217544988,0.5504729217544988,0,-1.039637071986732e-07,0.999999999999515,0.999999999999958,0.999999999999958,1.8566410298193287e-15,5.612654168901811e-13,True,64198504.3910014,False
B,H4,current_m3,mechanism_fixed,-1,0.35,-0.35,0,0.6422184396637481,0.6422184396637481,0,-1.923927537283987e-07,0.9999999999983229,0.9999999999996392,0.9999999999996392,3.559176076559166e-15,5.573744415205158e-13,True,55057861.090617865,False
B,H4,current_m3,mechanism_fixed,-1,0.4,-0.4,0,0.7339639852047768,0.7339639852047768,0,-3.2779398639881663e-07,0.9999999999950828,0.9999999999991487,0.9999999999991487,3.036682133136219e-15,5.610778815835164e-13,True,48216645.54901979,False
B,H4,current_m3,mechanism_fixed,1,0.1,0.1,0,-0.18349096365049358,-0.18349096365049358,0,-1.2869803001080982e-09,1.0000000000000004,1.0000000000000004,1.0000000000000004,8.708299808435316e-16,5.597981758979164e-13,True,192471421.5857441,False
B,H4,current_m3,mechanism_fixed,1,0.125,0.125,0,-0.22936370479492474,-0.22936370479492474,0,-3.141442439513753e-09,0.999999999999998,0.9999999999999989,0.9999999999999989,2.231963850459192e-15,5.623838115041308e-13,True,153978929.12591293,False
B,H4,current_m3,mechanism_fixed,1,0.15,0.15,0,-0.27523644625958454,-0.27523644625958454,0,-6.512608230480055e-09,1.0000000000000004,0.9999999999999998,0.9999999999999998,2.3128739761066197e-15,5.623333179990162e-13,True,128318488.8260608,False
B,H4,current_m3,mechanism_fixed,1,0.175,0.175,0,-0.3211091882740103,-0.3211091882740103,0,-1.206210353821291e-08,0.9999999999999973,1.0000000000000044,1.0000000000000044,3.941522700658392e-15,5.617315067702272e-13,True,109991106.58364296,False
B,H4,current_m3,mechanism_fixed,1,0.2,0.2,0,-0.36698193115776995,-0.36698193115776995,0,-2.0570894099236625e-08,0.9999999999999805,0.9999999999999993,0.9999999999999993,2.5026377532843695e-15,5.568378178682533e-13,True,96247357.63410246,False
B,H4,current_m3,mechanism_fixed,1,0.225,0.225,0,-0.4128546753352573,-0.4128546753352573,0,-3.2938743732557896e-08,0.9999999999999514,0.9999999999999916,0.9999999999999916,1.2094324065651673e-15,5.594257104791307e-13,True,85559847.89956982,False
B,H4,current_m3,mechanism_fixed,1,0.25,0.25,0,-0.4587274213503996,-0.4587274213503996,0,-5.018364301889733e-08,0.9999999999998908,0.9999999999999889,0.9999999999999889,4.248234856453544e-15,5.577921028109026e-13,True,77012198.58955587,False
B,H4,current_m3,mechanism_fixed,1,0.275,0.275,0,-0.5046001698812561,-0.5046001698812561,0,-7.344115759977399e-08,0.9999999999997604,0.9999999999999796,0.9999999999999796,1.7782020930557675e-15,5.589155167846271e-13,True,70021311.98238593,False
B,H4,current_m3,mechanism_fixed,1,0.3,0.3,0,-0.5504729217544988,-0.5504729217544988,0,-1.039637071986732e-07,0.999999999999515,0.999999999999958,0.999999999999958,1.8566410298193287e-15,5.612654168901811e-13,True,64198504.3910014,False
B,H4,current_m3,mechanism_fixed,1,0.35,0.35,0,-0.6422184396637481,-0.6422184396637481,0,-1.923927537283987e-07,0.9999999999983229,0.9999999999996392,0.9999999999996392,3.559176076559166e-15,5.573744415205158e-13,True,55057861.090617865,False
B,H4,current_m3,mechanism_fixed,1,0.4,0.4,0,-0.7339639852047768,-0.7339639852047768,0,-3.2779398639881663e-07,0.9999999999950828,0.9999999999991487,0.9999999999991487,3.036682133136219e-15,5.610778815835164e-13,True,48216645.54901979,False
B,H4,current_m3,decision_frozen_grid,1,0.309412179695288,0.309412179695288,0,-0.5677434261680984,-0.5677434261680984,0,-1.1761471374605037e-07,0.9999999999993787,0.9999999999993789,0.9999999999993789,3.821820127883063e-15,5.639842171766606e-13,True,62250950.67532204,False
B,H4,current_m3,decision_frozen_grid,1,0.31102487930639816,0.31102487930639816,0,-0.5707025851802923,-0.5707025851802923,0,-1.2008197125545905e-07,0.9999999999993514,0.9999999999999984,0.9999999999999984,1.896738265240298e-15,5.579143408860099e-13,True,61929131.88121833,False
B,H4,current_m3,decision_frozen_grid,1,0.31264598453372616,0.31264598453372616,0,-0.5736771677638293,-0.5736771677638293,0,-1.2260093895655189e-07,0.9999999999993223,0.9999999999999958,0.9999999999999958,4.414182432848091e-15,5.584274720791747e-13,True,61608996.81548645,False
B,H4,current_m3,decision_frozen_grid,1,0.31427553918852114,0.31427553918852114,0,-0.5766672543090523,-0.5766672543090523,0,-1.2517269665224262e-07,0.9999999999992963,0.9999999999999971,0.9999999999999971,1.8186752735610904e-15,5.600314638021558e-13,True,61290536.98333196,False
B,H4,current_m3,decision_frozen_grid,1,0.3159135873103821,0.3159135873103821,0,-0.5796729256253245,-0.5796729256253245,0,-1.277983510128422e-07,0.9999999999992601,0.9999999999999938,0.9999999999999938,2.098639359413583e-15,5.581666015775962e-13,True,60973743.93937615,False
B,H4,current_m3,decision_frozen_grid,1,0.31756017316844887,0.31756017316844887,0,-0.5826942629432152,-0.5826942629432152,0,-1.3047903824059404e-07,0.9999999999992362,0.9999999999999956,0.9999999999999956,3.3299167372602854e-15,5.58656812297207e-13,True,60658609.28826077,False
B,H4,current_m3,decision_frozen_grid,1,0.31921534126259804,0.31921534126259804,0,-0.5857313479166886,-0.5857313479166886,0,-1.332159020872581e-07,0.9999999999992051,1.0000000000000049,1.0000000000000049,2.0911375588841065e-15,5.609399670900618e-13,True,60345124.675885156,False
B,H4,current_m3,decision_frozen_grid,1,0.3208791363246463,0.3208791363246463,0,-0.5887842626253235,-0.5887842626253235,0,-1.3601013315600596e-07,0.9999999999991658,1.0000000000000009,1.0000000000000009,3.4013352932862654e-15,5.562901038319581e-13,True,60033281.804011844,False
B,H4,current_m3,decision_frozen_grid,1,0.3225516033195582,0.3225516033195582,0,-0.5918530895765118,-0.5918530895765118,0,-1.3886291116982363e-07,0.9999999999991347,1.0,1.0,2.445190054749556e-15,5.577110707577131e-13,True,59723072.40801932,False
B,H4,current_m3,decision_frozen_grid,1,0.3242327874466623,0.3242327874466623,0,-0.5949379117077113,-0.5949379117077113,0,-1.4177546825422382e-07,0.9999999999990934,1.0000000000000004,1.0000000000000004,2.9158448190328987e-15,5.587220264778474e-13,True,59414488.28048877,False
B,H4,current_m3,decision_frozen_grid,1,0.32592273414087236,0.32592273414087236,0,-0.5980388123886756,-0.5980388123886756,0,-1.4474905829509055e-07,0.9999999999990523,0.9999999999999942,0.9999999999999942,4.358782171999771e-15,5.614087742955013e-13,True,59107521.259191416,False
B,H4,current_m3,decision_frozen_grid,1,0.32762148907391536,0.32762148907391536,0,-0.6011558754237105,-0.6011558754237105,0,-1.477849613795712e-07,0.9999999999990143,0.9999999999999938,0.9999999999999938,1.533743703913948e-15,5.592895593208498e-13,True,58802163.228392385,False
B,H4,current_m3,decision_frozen_grid,1,0.3293290981555655,0.3293290981555655,0,-0.6042891850539371,-0.6042891850539371,0,-1.508844815756305e-07,0.9999999999989737,0.9999999999999973,0.9999999999999973,8.527309665207198e-16,5.578254319618046e-13,True,58498406.11765987,False
B,H4,current_m3,decision_frozen_grid,1,0.3310456075348852,0.3310456075348852,0,-0.6074388259595694,-0.6074388259595694,0,-1.5404894559978288e-07,0.9999999999989271,0.9999999999999964,0.9999999999999964,2.2544121028405157e-15,5.602619305353153e-13,True,58196241.90102812,False
B,H4,current_m3,decision_frozen_grid,1,0.3327710636014725,0.3327710636014725,0,-0.6106048832622047,-0.6106048832622047,0,-1.57279708146163e-07,0.9999999999988851,0.9999999999999971,0.9999999999999971,2.0202315686617142e-15,5.626116285090346e-13,True,57895662.59860162,False
B,H4,current_m3,decision_frozen_grid,1,0.33450551298671427,0.33450551298671427,0,-0.6137874425271288,-0.6137874425271288,0,-1.605781660973804e-07,0.9999999999988378,1.0000000000000018,1.0000000000000018,2.3957749563964055e-15,5.61170660596033e-13,True,57596660.28131632,False
B,H4,current_m3,decision_frozen_grid,1,0.33624900256504675,0.33624900256504675,0,-0.6169865897656159,-0.6169865897656159,0,-1.6394571944466918e-07,0.9999999999987874,1.0000000000000013,1.0000000000000013,4.0484125380133e-15,5.568777342423323e-13,True,57299227.05636543,False
B,H4,current_m3,decision_frozen_grid,1,0.33800157945522236,0.33800157945522236,0,-0.6202024114372747,-0.6202024114372747,0,-1.673838327942434e-07,0.9999999999987379,1.0000000000000022,1.0000000000000022,2.664388379426725e-15,5.608232402133818e-13,True,57003355.08908323,False
B,H4,current_m3,decision_frozen_grid,1,0.3397632910215831,0.3397632910215831,0,-0.6234349944523679,-0.6234349944523679,0,-1.7089398540726108e-07,0.9999999999986819,1.0000000000000036,1.0000000000000036,1.783078282479539e-15,5.60888536662667e-13,True,56709036.58444142,False
B,H4,current_m3,decision_frozen_grid,1,0.3415341848753403,0.3415341848753403,0,-0.6266844261741588,-0.6266844261741588,0,-1.7447766254008457e-07,0.9999999999986213,0.9999999999999978,0.9999999999999978,1.920801067136568e-15,5.591540541171627e-13,True,56416263.78374102,False
B,H4,current_m3,decision_frozen_grid,1,0.34331430887586184,0.34331430887586184,0,-0.6299507944212914,-0.6299507944212914,0,-1.7813641228769939e-07,0.9999999999985645,0.9999999999999956,0.9999999999999956,2.044846121602804e-15,5.594842601675491e-13,True,56125028.984496154,False
B,H4,current_m3,decision_frozen_grid,1,0.34510371113196536,0.34510371113196536,0,-0.6332341874701536,-0.6332341874701536,0,-1.8187180939044367e-07,0.9999999999985012,0.9999999999999951,0.9999999999999951,2.8830514637029698e-15,5.57093640931282e-13,True,55835324.52706618,False
B,H4,current_m3,decision_frozen_grid,1,0.3469024400032183,0.3469024400032183,0,-0.6365346940572614,-0.6365346940572614,0,-1.8568545501196354e-07,0.9999999999984395,0.9999999999999958,0.9999999999999958,2.2204149609348878e-15,5.575185478836521e-13,True,55547142.79424092,False
B,H4,current_m3,decision_frozen_grid,1,0.3487105441012447,0.3487105441012447,0,-0.6398524033816584,-0.6398524033816584,0,-1.8957897851556993e-07,0.9999999999983715,0.999999999999996,0.999999999999996,4.540713518556329e-15,5.570384767664125e-13,True,55260476.21152588,False
B,H4,current_m3,decision_frozen_grid,1,0.35052807229103966,0.35052807229103966,0,-0.6431874051073347,-0.6431874051073347,0,-1.935540556718962e-07,0.9999999999983054,0.9999999999999982,0.9999999999999982,1.6787593659547148e-15,5.598500016778509e-13,True,54975317.25308719,False
B,H4,current_m3,decision_frozen_grid,1,0.35235507369228913,0.35235507369228913,0,-0.6465397893656447,-0.6465397893656447,0,-1.9761239689053411e-07,0.9999999999982319,1.0000000000000009,1.0000000000000009,3.2650999595746957e-15,5.595562226989019e-13,True,54691658.437206484,False
B,H4,current_m3,decision_frozen_grid,1,0.354191597680698,0.354191597680698,0,-0.6499096467577389,-0.6499096467577389,0,-2.0175573012259918e-07,0.9999999999981553,0.9999999999999991,0.9999999999999991,1.936874706979265e-15,5.592180188287235e-13,True,54409492.320044644,False
B,H4,current_m3,decision_frozen_grid,1,0.3560376938893238,0.3560376938893238,0,-0.6532970683570255,-0.6532970683570255,0,-2.0598584216102722e-07,0.9999999999980769,0.9999999999999987,0.9999999999999987,1.2105748046657651e-15,5.614499028036864e-13,True,54128811.50945178,False
B,H4,current_m3,decision_frozen_grid,1,0.3578934122099191,0.3578934122099191,0,-0.6567021457116242,-0.6567021457116242,0,-2.103045477763743e-07,0.9999999999979938,0.9999999999999989,0.9999999999999989,1.5577477231760496e-15,5.570314066801218e-13,True,53849608.653929055,False
B,H4,current_m3,decision_frozen_grid,1,0.3597588027942789,0.3597588027942789,0,-0.6601249708468414,-0.6601249708468414,0,-2.1471369748837787e-07,0.9999999999979092,0.9999999999999987,0.9999999999999987,1.4118312829016589e-15,5.563543657143481e-13,True,53571876.44492605,False
B,H4,current_m3,decision_frozen_grid,1,0.3616339160555963,0.3616339160555963,0,-0.6635656362676601,-0.6635656362676601,0,-2.192151831170719e-07,0.9999999999978209,1.0000000000000018,1.0000000000000018,3.906569564760665e-15,5.606181057780317e-13,True,53295607.618317254,False
B,H4,current_m3,decision_frozen_grid,1,0.3635188026698255,0.3635188026698255,0,-0.66702423496124,-0.66702423496124,0,-2.2381093334189472e-07,0.9999999999977267,1.0000000000000018,1.0000000000000018,1.1407938430513383e-15,5.622799479473466e-13,True,53020794.952496864,False
B,H4,current_m3,decision_frozen_grid,1,0.36541351357705026,0.36541351357705026,0,-0.6705008603994325,-0.6705008603994325,0,-2.2850292236142877e-07,0.999999999997627,0.9999999999999982,0.9999999999999982,2.9661828748120195e-15,5.603391579468835e-13,True,52747431.270867154,False
B,H4,current_m3,decision_frozen_grid,1,0.36731809998286163,0.36731809998286163,0,-0.6739956065413022,-0.6739956065413022,0,-2.3329315124165362e-07,0.9999999999975284,0.9999999999999991,0.9999999999999991,3.793779513887203e-15,5.589562078682475e-13,True,52475509.4352363,False
B,H4,current_m3,decision_frozen_grid,1,0.3692326133597411,0.3692326133597411,0,-0.6775085678356793,-0.6775085678356793,0,-2.3818368455330585e-07,0.9999999999974185,0.9999999999999982,0.9999999999999982,2.5391373146344917e-15,5.580806023453701e-13,True,52205022.35755076,False
B,H4,current_m3,decision_frozen_grid,1,0.3711571054484522,0.3711571054484522,0,-0.6810398392236994,-0.6810398392236994,0,-2.4317661284634084e-07,0.9999999999973126,0.9999999999999989,0.9999999999999989,1.9481136893074868e-15,5.589888891200773e-13,True,51935962.98705439,False
B,H4,current_m3,decision_frozen_grid,1,0.3730916282594384,0.3730916282594384,0,-0.6845895161413789,-0.6845895161413789,0,-2.482740770748393e-07,0.9999999999971951,1.0000000000000013,1.0000000000000013,2.344282014618236e-15,5.612488651081917e-13,True,51668324.31794919,False
B,H4,current_m3,decision_frozen_grid,1,0.3750362340742289,0.3750362340742289,0,-0.6881576945221946,-0.6881576945221946,0,-2.534782688190518e-07,0.9999999999970801,1.000000000000004,1.000000000000004,2.519170407998433e-15,5.598783627534724e-13,True,51402099.38899635,False
B,H4,current_m3,decision_frozen_grid,1,0.3769909754468515,0.3769909754468515,0,-0.6917444707996712,-0.6917444707996712,0,-2.587914140761427e-07,0.9999999999969473,1.0000000000000013,1.0000000000000013,2.0688332842743694e-15,5.611468942270894e-13,True,51137281.2778399,False
B,H4,current_m3,decision_frozen_grid,1,0.3789559052052531,0.3789559052052531,0,-0.6953499419099918,-0.6953499419099918,0,-2.642157816978852e-07,0.9999999999968161,0.9999999999999936,0.9999999999999936,1.6707057769512994e-15,5.605807285029096e-13,True,50873863.10337797,False
B,H4,current_m3,decision_frozen_grid,1,0.38093107645272717,0.38093107645272717,0,-0.6989742052946255,-0.6989742052946255,0,-2.6975370381876473e-07,0.9999999999966818,0.9999999999999942,0.9999999999999942,1.7298830515738819e-15,5.606685747095483e-13,True,50611838.03186965,False
B,H4,current_m3,decision_frozen_grid,1,0.3829165425693489,0.3829165425693489,0,-0.702617358902951,-0.702617358902951,0,-2.754075483224483e-07,0.9999999999965414,0.9999999999999982,0.9999999999999982,9.909437574956025e-16,5.612334531428871e-13,True,50351199.26766746,False
B,H4,current_m3,decision_frozen_grid,1,0.38491235721341815,0.38491235721341815,0,-0.7062795011949143,-0.7062795011949143,0,-2.811797434887353e-07,0.9999999999963907,0.9999999999999978,0.9999999999999978,3.1959654152463334e-15,5.611892713099846e-13,True,50091940.06065559,False
B,H4,current_m3,decision_frozen_grid,1,0.3869185743229091,0.3869185743229091,0,-0.7099607311436821,-0.7099607311436821,0,-2.870727562331865e-07,0.9999999999962352,0.9999999999999949,0.9999999999999949,1.584806287441267e-15,5.593792452021636e-13,True,49834053.698915966,False
B,H4,current_m3,decision_frozen_grid,1,0.38893524811692826,0.38893524811692826,0,-0.7136611482383233,-0.7136611482383233,0,-2.9308910920455844e-07,0.9999999999960765,0.9999999999999958,0.9999999999999958,2.9655532509360675e-15,5.615971502287625e-13,True,49577533.513721436,False
B,H4,current_m3,decision_frozen_grid,1,0.39096243309717993,0.39096243309717993,0,-0.7173808524865019,-0.7173808524865019,0,-2.9923138700205243e-07,0.9999999999959126,1.0000000000000022,1.0000000000000022,2.568180119144373e-15,5.566772113102546e-13,True,49322372.88099609,False
B,H4,current_m3,decision_frozen_grid,1,0.3930001840494386,0.3930001840494386,0,-0.7211199444171705,-0.7211199444171705,0,-3.0550221263858646e-07,0.999999999995731,1.0000000000000004,1.0000000000000004,2.057353176228066e-15,5.584220910588898e-13,True,49068565.21354387,False
B,H4,current_m3,decision_frozen_grid,1,0.39504855604503003,0.39504855604503003,0,-0.7248785250832975,-0.7248785250832975,0,-3.1190426996730025e-07,0.9999999999955504,0.9999999999999964,0.9999999999999964,2.6382303385660444e-15,5.573981311050189e-13,True,48816103.96761403,False
B,H4,current_m3,decision_frozen_grid,1,0.3971076044423196,0.3971076044423196,0,-0.7286566960645978,-0.7286566960645978,0,-3.1844030101702003e-07,0.9999999999953597,0.9999999999999993,0.9999999999999993,2.1488189410505295e-15,5.590944928393771e-13,True,48564982.641598076,False
B,H4,current_m3,decision_frozen_grid,1,0.399177384888208,0.399177384888208,0,-0.7324545594702803,-0.7324545594702803,0,-3.25113110211106e-07,0.9999999999951621,1.0000000000000013,1.0000000000000013,2.5755886031206244e-15,5.590568145666516e-13,True,48315194.776849724,False
B,H4,current_m3,decision_frozen_grid,1,0.4012579533196355,0.4012579533196355,0,-0.7362722179418006,-0.7362722179418006,0,-3.319255450495717e-07,0.9999999999949516,0.9999999999999993,0.9999999999999993,4.689084001588936e-15,5.63195230316944e-13,True,48066733.95135802,False
B,H4,current_m3,decision_frozen_grid,1,0.4033493659650934,0.4033493659650934,0,-0.7401097746556494,-0.7401097746556494,0,-3.388805283055518e-07,0.9999999999947347,0.9999999999999958,0.9999999999999958,2.1138640478116877e-15,5.581058068336502e-13,True,47819593.789097086,False
B,H4,current_m3,decision_frozen_grid,1,0.40545167934614396,0.40545167934614396,0,-0.7439673333261293,-0.7439673333261293,0,-3.459810280492803e-07,0.9999999999945095,0.999999999999996,0.999999999999996,3.045871374399907e-15,5.5939760044781e-13,True,47573767.95048329,False
B,H4,current_m3,decision_frozen_grid,1,0.4075649502789477,0.4075649502789477,0,-0.7478449982081714,-0.7478449982081714,0,-3.5323008829024616e-07,0.9999999999942752,0.9999999999999976,0.9999999999999976,1.6059046191457318e-15,5.607015168947513e-13,True,47329250.14115859,False
B,H4,current_m3,decision_frozen_grid,1,0.40968923587579875,0.40968923587579875,0,-0.7517428741001433,-0.7517428741001433,0,-3.6063080388615276e-07,0.9999999999940292,0.9999999999999989,0.9999999999999989,1.4350110264905324e-15,5.568106934769203e-13,True,47086034.10399471,False
B,H4,current_m3,decision_frozen_grid,1,0.41182459354666867,0.41182459354666867,0,-0.7556610663466949,-0.7556610663466949,0,-3.68186350963029e-07,0.9999999999937699,0.9999999999999947,0.9999999999999947,1.7997832346767943e-15,5.556421364718054e-13,True,46844113.627688184,False
B,H4,current_m3,decision_frozen_grid,1,0.4139710810007578,0.4139710810007578,0,-0.7595996808415928,-0.7595996808415928,0,-3.758999522762707e-07,0.9999999999935083,0.9999999999999976,0.9999999999999976,2.138917244749326e-15,5.608988723684269e-13,True,46603482.536015786,False
B,H4,current_m3,decision_frozen_grid,1,0.4161287562480549,0.4161287562480549,0,-0.7635588240305929,-0.7635588240305929,0,-3.83774902967815e-07,0.999999999993225,0.9999999999999984,0.9999999999999984,3.825112139005746e-15,5.596062100398604e-13,True,46364134.69502288,False
B,H4,current_m3,decision_frozen_grid,1,0.4182976776009049,0.4182976776009049,0,-0.7675386029143249,-0.7675386029143249,0,-3.918145838888165e-07,0.9999999999929357,0.9999999999999956,0.9999999999999956,1.72494683892714e-15,5.606664723162256e-13,True,46126064.016379096,False
B,H4,current_m3,decision_frozen_grid,1,0.420477903675585,0.420477903675585,0,-0.771539125051171,-0.771539125051171,0,-4.0002242962522416e-07,0.9999999999926357,1.0000000000000009,1.0000000000000009,2.915604098919949e-15,5.59336088974046e-13,True,45889264.44754707,False
B,H4,current_m3,decision_frozen_grid,1,0.4226694933938884,0.4226694933938884,0,-0.7755604985601786,-0.7755604985601786,0,-4.08401939377967e-07,0.9999999999923153,0.9999999999999998,0.9999999999999998,1.3817024145135445e-15,5.5923368987091e-13,True,45653729.974550515,False
B,H4,current_m3,decision_frozen_grid,1,0.42487250598471704,0.42487250598471704,0,-0.7796028321239914,-0.7796028321239914,0,-4.169566945044778e-07,0.9999999999919844,0.999999999999994,0.999999999999994,4.791315094319135e-15,5.58932892075324e-13,True,45419454.62655554,False
B,H4,current_m3,decision_frozen_grid,1,0.42708700098568214,0.42708700098568214,0,-0.7836662349917914,-0.7836662349917914,0,-4.256903685107005e-07,0.9999999999916422,0.9999999999999953,0.9999999999999953,1.8101650460182976e-15,5.596791068550651e-13,True,45186432.47815958,False
B,H4,current_m3,decision_frozen_grid,1,0.4293130382447135,0.4293130382447135,0,-0.7877508169822337,-0.7877508169822337,0,-4.346066801996784e-07,0.9999999999912821,0.9999999999999964,0.9999999999999964,1.497706114697151e-15,5.592003661351185e-13,True,44954657.63552304,False
B,H4,current_m3,decision_frozen_grid,1,0.43155067792167645,0.43155067792167645,0,-0.7918566884864343,-0.7918566884864343,0,-4.43709439856832e-07,0.9999999999909064,0.9999999999999938,0.9999999999999938,4.9040476971047386e-15,5.514461963350668e-13,True,44724124.24909751,False
B,H4,current_m3,decision_frozen_grid,1,0.4337999804899981,0.4337999804899981,0,-0.7959839604709509,-0.7959839604709509,0,-4.5300253814772873e-07,0.9999999999905214,0.999999999999998,0.999999999999998,3.2517974859226886e-15,5.593112492047688e-13,True,44494826.509921476,False
B,H4,current_m3,decision_frozen_grid,1,0.43606100673830145,0.43606100673830145,0,-0.8001327444807843,-0.8001327444807843,0,-4.624899498928414e-07,0.9999999999901099,0.9999999999999993,0.9999999999999993,2.9641999494384e-15,5.592632526204419e-13,True,44266758.65016465,False
B,H4,current_m3,decision_frozen_grid,1,0.43833381777204844,0.43833381777204844,0,-0.8043031526423895,-0.8043031526423895,0,-4.721757207448718e-07,0.9999999999896854,0.999999999999996,0.999999999999996,2.279535850607692e-15,5.591023438146618e-13,True,44039914.93890914,False
B,H4,current_m3,decision_frozen_grid,1,0.4406184750151912,0.4406184750151912,0,-0.8084952976667142,-0.8084952976667142,0,-4.820639849523189e-07,0.999999999989245,0.9999999999999991,0.9999999999999991,5.181716778090502e-15,5.565680513814238e-13,True,43814289.686623916,False
B,H4,current_m3,decision_frozen_grid,1,0.44291504021183187,0.44291504021183187,0,-0.8127092928522494,-0.8127092928522494,0,-4.921589720208175e-07,0.9999999999887772,0.9999999999999964,0.9999999999999964,2.827621984841017e-15,5.575525025935036e-13,True,43589877.246451005,False
B,H4,current_m3,decision_frozen_grid,1,0.4452235754278919,0.4452235754278919,0,-0.8169452520880889,-0.8169452520880889,0,-5.024649953888627e-07,0.9999999999882963,0.999999999999992,0.999999999999992,3.0802137671137604e-15,5.566801596964124e-13,True,43366672.01053488,False
B,H4,current_m3,decision_frozen_grid,1,0.4475441430527887,0.4475441430527887,0,-0.8212032898570035,-0.8212032898570035,0,-5.129864439901155e-07,0.9999999999877929,0.9999999999999936,0.9999999999999936,3.407354866051335e-15,5.552042401942546e-13,True,43144668.40723919,False
B,H4,current_m3,decision_frozen_grid,1,0.44987680580112216,0.44987680580112216,0,-0.8254835212385523,-0.8254835212385523,0,-5.237278144498703e-07,0.9999999999872691,0.9999999999999944,0.9999999999999944,2.5470510913937055e-15,5.591759078121789e-13,True,42923860.90942161,False
B,H4,current_m3,decision_frozen_grid,1,0.45222162671436944,0.45222162671436944,0,-0.8297860619121824,-0.8297860619121824,0,-5.346936857719697e-07,0.9999999999867211,0.9999999999999944,0.9999999999999944,4.905226312123876e-15,5.576784879051635e-13,True,42704244.026989296,False
B,H4,current_m3,decision_frozen_grid,1,0.4545786691625888,0.4545786691625888,0,-0.8341110281603731,-0.8341110281603731,0,-5.458887546438973e-07,0.9999999999861517,0.999999999999996,0.999999999999996,3.3397682905409603e-15,5.561865519059953e-13,True,42485812.31588731,False
B,H4,current_m3,decision_frozen_grid,1,0.4569479968461319,0.4569479968461319,0,-0.8384585368717526,-0.8384585368717526,0,-5.573177759288228e-07,0.9999999999855531,0.9999999999999949,0.9999999999999949,1.897989619836189e-15,5.58826036540454e-13,True,42268560.36157253,False
B,H4,current_m3,decision_frozen_grid,1,0.4593296737973659,0.4593296737973659,0,-0.842828705544293,-0.842828705544293,0,-5.6898563438601e-07,0.9999999999849329,0.9999999999999929,0.9999999999999929,1.1825693693908697e-15,5.576629312237062e-13,True,42052482.797730826,False
B,H4,current_m3,decision_frozen_grid,1,0.4617237643824032,0.4617237643824032,0,-0.8472216522884687,-0.8472216522884687,0,-5.80897308477546e-07,0.9999999999842837,0.9999999999999931,0.9999999999999931,4.170472120540771e-15,5.542438544831929e-13,True,41837574.29599039,False
B,H4,current_m3,decision_frozen_grid,1,0.46413033330284176,0.46413033330284176,0,-0.8516374958304561,-0.8516374958304561,0,-5.930578781399021e-07,0.999999999983608,0.9999999999999931,0.9999999999999931,3.1142375843875035e-15,5.548276670096758e-13,True,41623829.56746171,False
B,H4,current_m3,decision_frozen_grid,1,0.46654944559751305,0.46654944559751305,0,-0.8560763555153409,-0.8560763555153409,0,-6.054725207871314e-07,0.999999999982905,0.9999999999999964,0.9999999999999964,2.5322469565742526e-15,5.554579174891507e-13,True,41411243.36115489,False
B,H4,current_m3,decision_frozen_grid,1,0.4689811666442402,0.4689811666442402,0,-0.8605383513103618,-0.8605383513103618,0,-6.181465450616486e-07,0.9999999999821636,0.9999999999999936,0.9999999999999936,3.26259695052184e-15,5.593878883338118e-13,True,41199810.47223459,False
B,H4,current_m3,decision_frozen_grid,1,0.4714255621616048,0.4714255621616048,0,-0.8650236038081324,-0.8650236038081324,0,-6.310853428725949e-07,0.999999999981398,0.9999999999999898,0.9999999999999898,4.134051744595656e-15,5.563641655232818e-13,True,40989525.72891859,False
B,H4,current_m3,decision_frozen_grid,1,0.4738826982107225,0.4738826982107225,0,-0.8695322342299171,-0.8695322342299171,0,-6.442944233686632e-07,0.9999999999805946,0.9999999999999898,0.9999999999999898,1.880070072861171e-15,5.578422934878911e-13,True,40780384.00081404,False
B,H4,current_m3,decision_frozen_grid,1,0.4763526411970293,0.4763526411970293,0,-0.8740643644289149,-0.8740643644289149,0,-6.577794202655696e-07,0.9999999999797557,0.9999999999999842,0.9999999999999842,4.537579539580194e-15,5.569273781964681e-13,True,40572380.20018593,False
B,H4,current_m3,decision_frozen_grid,1,0.47883545787207515,0.47883545787207515,0,-0.878620116893553,-0.878620116893553,0,-6.715460929562767e-07,0.999999999978888,0.9999999999999847,0.9999999999999847,2.06028877791039e-15,5.555694440588712e-13,True,40365509.28159849,False
B,H4,current_m3,decision_frozen_grid,1,0.4813312153353287,0.4813312153353287,0,-0.8831996147507823,-0.8831996147507823,0,-6.856002867650091e-07,0.9999999999779852,0.9999999999999951,0.9999999999999951,1.852856493257547e-15,5.56357536552958e-13,True,40159766.23121885,False
B,H4,current_m3,decision_frozen_grid,1,0.4838399810359902,0.4838399810359902,0,-0.8878029817694363,-0.8878029817694363,0,-6.999479957858767e-07,0.9999999999770284,0.999999999999994,0.999999999999994,1.868576363552727e-15,5.563635581833385e-13,True,39955146.0822679,False
B,H4,current_m3,decision_frozen_grid,1,0.48636182277481477,0.48636182277481477,0,-0.8924303423635647,-0.8924303423635647,0,-7.145953344611655e-07,0.9999999999760425,0.9999999999999893,0.9999999999999893,2.9638660843742776e-15,5.581397892017208e-13,True,39751643.90713619,False
B,H4,current_m3,decision_frozen_grid,1,0.4888968087059446,0.4888968087059446,0,-0.897081821595798,-0.897081821595798,0,-7.295485351388464e-07,0.9999999999750104,0.9999999999999938,0.9999999999999938,2.699609465674834e-15,5.563890927011148e-13,True,39549254.8162041,False
B,H4,current_m3,decision_frozen_grid,1,0.49144500733875063,0.49144500733875063,0,-0.9017575451807339,-0.9017575451807339,0,-7.448139589527614e-07,0.9999999999739311,0.9999999999999925,0.9999999999999925,2.1735866480335233e-15,5.597244342631866e-13,True,39347973.95999574,False
B,H4,current_m3,decision_frozen_grid,1,0.4940064875396844,0.4940064875396844,0,-0.9064576394883498,-0.9064576394883498,0,-7.603981191373066e-07,0.9999999999728086,0.999999999999992,0.999999999999992,3.5906960401193764e-15,5.573674375576829e-13,True,39147796.53433133,False
B,H4,current_m3,decision_frozen_grid,1,0.49658131853413884,0.49658131853413884,0,-0.9111822315473939,-0.9111822315473939,0,-7.76307628624906e-07,0.9999999999716351,0.999999999999992,0.999999999999992,1.730226267859311e-15,5.612247843301136e-13,True,38948717.766722284,False
B,H4,current_m3,decision_frozen_grid,1,0.49916956990831957,0.49916956990831957,0,-0.9159314490488563,-0.9159314490488563,0,-7.925492693239278e-07,0.9999999999704112,0.9999999999999905,0.9999999999999905,3.0950572041878156e-15,5.616856607338707e-13,True,38750732.93290087,False
B,H4,current_m3,decision_frozen_grid,1,0.501771311611125,0.501771311611125,0,-0.9207054203494006,-0.9207054203494006,0,-8.091299499302096e-07,0.9999999999691334,0.9999999999999878,0.9999999999999878,1.863740365538241e-15,5.561183401687695e-13,True,38553837.345747426,False
B,H4,current_m3,decision_frozen_grid,1,0.5043866139560372,0.5043866139560372,0,-0.9255042744748451,-0.9255042744748451,0,-8.260567221363146e-07,0.9999999999677984,0.9999999999999838,0.9999999999999838,1.2723768038839846e-15,5.551762427613714e-13,True,38358026.35866857,False
B,H4,current_m3,decision_frozen_grid,1,0.507015547623022,0.507015547623022,0,-0.9303281411236534,-0.9303281411236534,0,-8.433367852944684e-07,0.9999999999664106,0.9999999999999813,0.9999999999999813,1.4874568282913919e-15,5.589753246419907e-13,True,38163295.366089225,False
B,H4,current_m3,decision_frozen_grid,1,0.5096581836604388,0.5096581836604388,0,-0.9351771506704427,-0.9351771506704427,0,-8.609774850842911e-07,0.999999999964958,0.9999999999999798,0.9999999999999798,3.64503237409577e-15,5.569542122238215e-13,True,37969639.80248718,False
B,H4,current_m3,decision_frozen_grid,1,0.5123145934869612,0.5123145934869612,0,-0.9400514341695145,-0.9400514341695145,0,-8.789863203961801e-07,0.9999999999634497,0.9999999999999809,0.9999999999999809,2.079367529877267e-15,5.591849336988266e-13,True,37777055.143408075,False
B,H4,current_m3,decision_frozen_grid,1,0.514984848893507,0.514984848893507,0,-0.9449511233584036,-0.9449511233584036,0,-8.97370953101273e-07,0.9999999999618754,0.9999999999999889,0.9999999999999889,3.3579578560035473e-15,5.568347139637457e-13,True,37585536.907128625,False
B,H4,current_m3,decision_frozen_grid,1,0.5176690220451784,0.5176690220451784,0,-0.94987635066143,-0.94987635066143,0,-9.161391849588085e-07,0.999999999960226,0.9999999999999893,0.9999999999999893,2.03436111513235e-15,5.581395083267388e-13,True,37395080.64850793,False
B,H4,current_m3,decision_frozen_grid,1,0.5203671854832117,0.5203671854832117,0,-0.9548272491933041,-0.9548272491933041,0,-9.35299003357315e-07,0.9999999999585072,0.9999999999999851,0.9999999999999851,2.840036286327749e-15,5.551505891586871e-13,True,37205681.96917977,False
B,H4,current_m3,decision_frozen_grid,1,0.5230794121269388,0.5230794121269388,0,-0.9598039527627046,-0.9598039527627046,0,-9.548585342411542e-07,0.9999999999567126,0.9999999999999813,0.9999999999999813,2.05135145804941e-15,5.582599409782886e-13,True,37017336.505748235,False
B,H4,current_m3,decision_frozen_grid,1,0.5258057752757573,0.5258057752757573,0,-0.9648065958759241,-0.9648065958759241,0,-9.748260936248698e-07,0.9999999999548435,0.99999999999998,0.99999999999998,1.9520023123764854e-15,5.521347531227045e-13,True,36830039.94125006,False
B,H4,current_m3,decision_frozen_grid,1,0.5285463486111114,0.5285463486111114,0,-0.9698353137404931,-0.9698353137404931,0,-9.952101605037456e-07,0.9999999999528937,0.9999999999999822,0.9999999999999822,1.1500518337829447e-15,5.566593951692171e-13,True,36643787.99808582,False
B,H4,current_m3,decision_frozen_grid,1,0.5313012061984832,0.5313012061984832,0,-0.9748902422688455,-0.9748902422688455,0,-1.0160193890662583e-06,0.9999999999508535,0.9999999999999796,0.9999999999999796,1.6571688180102412e-15,5.559331414965723e-13,True,36458576.44020151,False
B,H4,current_m3,decision_frozen_grid,1,0.5340704224893948,0.5340704224893948,0,-0.9799715180819946,-0.9799715180819946,0,-1.0372626086940784e-06,0.999999999948733,0.9999999999999793,0.9999999999999793,1.2768436580222908e-15,5.566206609669078e-13,True,36274401.072402634,False
B,H4,current_m3,decision_frozen_grid,1,0.5368540723234198,0.5368540723234198,0,-0.9850792785132355,-0.9850792785132355,0,-1.0589488368406563e-06,0.9999999999465112,0.9999999999999778,0.9999999999999778,1.710535573300786e-15,5.5532418103792e-13,True,36091257.74261874,False
B,H4,current_m3,decision_frozen_grid,1,0.5396522309302061,0.5396522309302061,0,-0.990213661611861,-0.990213661611861,0,-1.0810872765887325e-06,0.9999999999441971,0.999999999999972,0.999999999999972,2.3742482515881535e-15,5.544702350760711e-13,True,35909142.340619974,False
B,H4,current_m3,decision_frozen_grid,1,0.5424649739315092,0.5424649739315092,0,-0.9953748061468976,-0.9953748061468976,0,-1.1036873219794074e-06,0.999999999941785,0.9999999999999718,0.9999999999999718,1.854904038908405e-15,5.559876906570284e-13,True,35728050.7985201,False
B,H4,current_m3,decision_frozen_grid,1,0.5452923773432358,0.5452923773432358,0,-1.000562851610857,-1.000562851610857,0,-1.1267585500185362e-06,0.9999999999392699,0.9999999999999762,0.9999999999999762,3.2581440005517603e-15,5.551328336760674e-13,True,35547979.08826617,False
B,H4,current_m3,decision_frozen_grid,1,0.5481345175774981,0.5481345175774981,0,-1.005777938223523,-1.005777938223523,0,-1.1503107462118578e-06,0.9999999999366365,0.9999999999999738,0.9999999999999738,1.6024470535447889e-15,5.592984210331593e-13,True,35368923.226692185,False
B,H4,current_m3,decision_frozen_grid,1,0.5509914714446789,0.5509914714446789,0,-1.011020206935748,-1.011020206935748,0,-1.1743539078956644e-06,0.9999999999338918,0.9999999999999656,0.9999999999999656,4.49053343983501e-15,5.557356197535432e-13,True,35190879.275480464,False
B,H4,current_m3,decision_frozen_grid,1,0.5538633161555073,0.5538633161555073,0,-1.0162897994332443,-1.0162897994332443,0,-1.1988982042687724e-06,0.9999999999310376,0.9999999999999709,0.9999999999999709,4.4317804286326385e-15,5.591478105770693e-13,True,35013843.331532925,False
B,H4,current_m3,decision_frozen_grid,1,0.5567501293231462,0.5567501293231462,0,-1.0215868581404597,-1.0215868581404597,0,-1.2239540507774649e-06,0.9999999999280473,0.999999999999974,0.999999999999974,2.639652407167324e-15,5.575631287468565e-13,True,34837811.542810604,False
B,H4,current_m3,decision_frozen_grid,1,0.5596519889652881,0.5596519889652881,0,-1.0269115262244068,-1.0269115262244068,0,-1.2495320673711063e-06,0.9999999999249265,0.9999999999999647,0.9999999999999647,2.8249993842670603e-15,5.582122428690375e-13,True,34662780.09824909,False
B,H4,current_m3,decision_frozen_grid,1,0.5625689735062658,0.5625689735062658,0,-1.0322639475985358,-1.0322639475985358,0,-1.2756430727289825e-06,0.999999999921682,0.9999999999999671,0.9999999999999671,5.264302730930421e-15,5.52726154881572e-13,True,34488745.22580881,False
B,H4,current_m3,decision_frozen_grid,1,0.5655011617791698,0.5655011617791698,0,-1.0376442669266568,-1.0376442669266568,0,-1.3022981386612287e-06,0.9999999999182856,0.9999999999999714,0.9999999999999714,1.7159370662162752e-15,5.555725863564306e-13,True,34315703.20364275,False
B,H4,current_m3,decision_frozen_grid,1,0.5684486330279801,0.5684486330279801,0,-1.0430526296268297,-1.0430526296268297,0,-1.3295085419251507e-06,0.9999999999147418,0.9999999999999658,0.9999999999999658,3.2906702053791394e-15,5.578500054029985e-13,True,34143650.34877232,False
B,H4,current_m3,decision_frozen_grid,1,0.5714114669097076,0.5714114669097076,0,-1.0484891818753188,-1.0484891818753188,0,-1.3572858008625843e-06,0.9999999999110472,0.9999999999999636,0.9999999999999636,2.2220551121942373e-15,5.572114691395042e-13,True,33972583.024323866,False
B,H4,current_m3,decision_frozen_grid,1,0.574389743496546,0.574389743496546,0,-1.053954070610551,-1.053954070610551,0,-1.385641679174654e-06,0.999999999907188,0.9999999999999618,0.9999999999999618,2.303217838903081e-15,5.590461863749067e-13,True,33802497.6395212,False
B,H4,current_m3,decision_frozen_grid,1,0.5773835432780375,0.5773835432780375,0,-1.059447443537081,-1.059447443537081,0,-1.4145881643834457e-06,0.9999999999031617,0.9999999999999576,0.9999999999999576,2.2093034846941495e-15,5.542366678107097e-13,True,33633390.64428402,False
B,H4,current_m3,decision_frozen_grid,1,0.5803929471632463,0.5803929471632463,0,-1.0649694491296062,-1.0649694491296062,0,-1.4441375002505197e-06,0.9999999998989595,0.999999999999954,0.999999999999954,2.3108256307492306e-15,5.564300842832871e-13,True,33465258.53541311,False
B,H4,current_m3,decision_frozen_grid,1,0.583418036482946,0.583418036482946,0,-1.070520236636986,-1.070520236636986,0,-1.4743021878871332e-06,0.9999999998945739,0.99999999999995,0.99999999999995,2.701854618687199e-15,5.552767884598708e-13,True,33298097.855992075,False
B,H4,current_m3,decision_frozen_grid,1,0.5864588929918181,0.5864588929918181,0,-1.0760999560862752,-1.0760999560862752,0,-1.5050949739858765e-06,0.9999999998900033,0.999999999999952,0.999999999999952,1.7985469056408846e-15,5.533756189674343e-13,True,33131905.19209988,False
B,H4,current_m3,decision_frozen_grid,1,0.5895155988706603,0.5895155988706603,0,-1.0817087582868017,-1.0817087582868017,0,-1.5365288816848732e-06,0.9999999998852203,0.9999999999999476,0.9999999999999476,3.3377477532085902e-15,5.546355404468496e-13,True,32966677.17852036,False
B,H4,current_m3,decision_frozen_grid,1,0.5925882367286087,0.5925882367286087,0,-1.0873467948342348,-1.0873467948342348,0,-1.5686171852546948e-06,0.9999999998802382,0.9999999999999403,0.9999999999999403,2.3045590291044724e-15,5.517959001001346e-13,True,32802410.492607664,False
B,H4,current_m3,decision_frozen_grid,1,0.5956768896053696,0.5956768896053696,0,-1.0930142181147096,-1.0930142181147096,0,-1.601373447845944e-06,0.9999999998750431,0.9999999999999458,0.9999999999999458,3.5478814395344637e-15,5.577731764417389e-13,True,32639101.86137164,False
B,H4,current_m3,decision_frozen_grid,1,0.5987816409734635,0.5987816409734635,0,-1.0987111813089416,-1.0987111813089416,0,-1.634811503725686e-06,0.9999999998696063,0.999999999999942,0.999999999999942,4.2016213298564e-15,5.567372056269456e-13,True,32476748.056929443,False
B,H4,current_m3,decision_frozen_grid,1,0.6019025747404819,0.6019025747404819,0,-1.104437838396379,-1.104437838396379,0,-1.6689454662710546e-06,0.9999999998639402,0.9999999999999318,0.9999999999999318,2.5925481714758154e-15,5.569227064889997e-13,True,32315345.897363294,False
B,H4,current_m3,decision_frozen_grid,1,0.6050397752513542,0.6050397752513542,0,-1.1101943441593825,-1.1101943441593825,0,-1.7037897481753106e-06,0.9999999998580269,0.9999999999999307,0.9999999999999307,2.9665277634799196e-15,5.573651870222956e-13,True,32154892.250043828,False
B,H4,current_m3,decision_frozen_grid,1,0.6081933272906275,0.6081933272906275,0,-1.1159808541874094,-1.1159808541874094,0,-1.7393590525660585e-06,0.9999999998518561,0.9999999999999309,0.9999999999999309,2.3962098792526225e-15,5.55337197813873e-13,True,31995384.02895399,False
B,H4,current_m3,decision_frozen_grid,1,0.6113633160847574,0.6113633160847574,0,-1.1217975248812344,-1.1217975248812344,0,-1.775668385883833e-06,0.9999999998454159,0.9999999999999323,0.9999999999999323,2.9707502833965076e-15,5.546257864041711e-13,True,31836818.19648439,False
B,H4,current_m3,decision_frozen_grid,1,0.6145498273044123,0.6145498273044123,0,-1.1276445134571902,-1.1276445134571902,0,-1.8127330672079722e-06,0.999999999838693,0.9999999999999334,0.9999999999999334,1.7186704498826752e-15,5.550730874317532e-13,True,31679191.764463652,False
B,H4,current_m3,decision_frozen_grid,1,0.6177529470667876,0.6177529470667876,0,-1.1335219779514178,-1.1335219779514178,0,-1.850568721817325e-06,0.9999999998316718,0.9999999999999301,0.9999999999999301,2.8525960889136527e-15,5.533981833301458e-13,True,31522501.79200506,False
B,H4,current_m3,decision_frozen_grid,1,0.6209727619379343,0.6209727619379343,0,-1.1394300772241592,-1.1394300772241592,0,-1.8891912976215508e-06,0.999999999824349,0.9999999999999281,0.9999999999999281,5.156446456032563e-15,5.543399322109932e-13,True,31366745.387970075,False
B,H4,current_m3,decision_frozen_grid,1,0.6242093589350969,0.6242093589350969,0,-1.145368970964061,-1.145368970964061,0,-1.9286170760413057e-06,0.9999999998166946,0.9999999999999216,0.9999999999999216,2.3137070788178923e-15,5.559148862179738e-13,True,31211919.7122638,False
B,H4,current_m3,decision_frozen_grid,1,0.6274628255290664,0.6274628255290664,0,-1.1513388196924974,-1.1513388196924974,0,-1.968862664458726e-06,0.9999999998087103,0.9999999999999092,0.9999999999999092,3.0901095908126116e-15,5.571835076050691e-13,True,31058021.97345886,False
B,H4,current_m3,decision_frozen_grid,1,0.6307332496465442,0.6307332496465442,0,-1.157339784767928,-1.157339784767928,0,-2.0099450166455313e-06,0.9999999998003763,0.9999999999999027,0.9999999999999027,2.8527459808391113e-15,5.553725620510598e-13,True,30905049.43198303,False
B,H4,current_m3,decision_frozen_grid,1,0.6340207196725169,0.6340207196725169,0,-1.1633720283902622,-1.1633720283902622,0,-2.0518814263237317e-06,0.9999999997916806,0.9999999999998996,0.9999999999998996,3.575041739880404e-15,5.534243583224107e-13,True,30752999.39796841,False
B,H4,current_m3,decision_frozen_grid,1,0.6373253244526477,0.6373253244526477,0,-1.1694357136052702,-1.1694357136052702,0,-2.094689550480311e-06,0.9999999997826037,0.9999999999999005,0.9999999999999005,1.4334864916565765e-15,5.542608551382056e-13,True,30601869.234953225,False
B,H4,current_m3,decision_frozen_grid,1,0.6406471532956738,0.6406471532956738,0,-1.1755310043089877,-1.1755310043089877,0,-2.1383874013736204e-06,0.9999999997731297,0.9999999999999025,0.9999999999999025,4.247818166979071e-15,5.549602332846539e-13,True,30451656.357421115,False
B,H4,current_m3,decision_frozen_grid,1,0.6439862959758238,0.6439862959758238,0,-1.1816580652521689,-1.1816580652521689,0,-2.1829933594119666e-06,0.9999999997632341,0.9999999999999005,0.9999999999999005,2.496729912792647e-15,5.566149034581053e-13,True,30302358.23243643,False
B,H4,current_m3,decision_frozen_grid,1,0.6473428427352411,0.6473428427352411,0,-1.1878170620447583,-1.1878170620447583,0,-2.2285261958021607e-06,0.9999999997529037,0.9999999999998925,0.9999999999998925,1.6001366167872494e-15,5.510073472628962e-13,True,30153972.383114714,False
B,H4,current_m3,decision_frozen_grid,1,0.6507168842864243,0.6507168842864243,0,-1.1940081611603601,-1.1940081611603601,0,-2.2750050423514523e-06,0.9999999997421187,0.9999999999998828,0.9999999999998828,2.855086659979287e-15,5.550875562302906e-13,True,30006496.381908175,False
B,H4,current_m3,decision_frozen_grid,1,0.654108511814678,0.654108511814678,0,-1.2002315299407735,-1.2002315299407735,0,-2.322449433878049e-06,0.9999999997308606,0.9999999999998739,0.9999999999998739,2.9800705641881787e-15,5.56067176827348e-13,True,29859927.85788801,False
B,H4,current_m3,decision_frozen_grid,1,0.6575178169805775,0.6575178169805775,0,-1.2064873366005269,-1.2064873366005269,0,-2.3708793110976956e-06,0.9999999997191094,0.999999999999867,0.999999999999867,2.7634435252056347e-15,5.546984825694853e-13,True,29714264.49635371,False
B,H4,current_m3,decision_frozen_grid,1,0.6609448919224459,0.6609448919224459,0,-1.2127757502314283,-1.2127757502314283,0,-2.420315009077356e-06,0.9999999997068454,0.9999999999998652,0.9999999999998652,2.1140827664520027e-15,5.559027841203506e-13,True,29569504.035741128,False
B,H4,current_m3,decision_frozen_grid,1,0.6643898292588438,0.6643898292588438,0,-1.2190969408071648,-1.2190969408071648,0,-2.4707772872112344e-06,0.9999999996940396,0.9999999999998657,0.9999999999998657,3.936974074130987e-15,5.551100979867217e-13,True,29425644.272411097,False
B,H4,current_m3,decision_frozen_grid,1,0.6678527220910733,0.6678527220910733,0,-1.225451079187915,-1.225451079187915,0,-2.5222873387686917e-06,0.9999999996806674,0.9999999999998608,0.9999999999998608,3.752615597060221e-15,5.516356340052896e-13,True,29282683.061503325,False
B,H4,current_m3,decision_frozen_grid,1,0.6713336640056928,0.6713336640056928,0,-1.2318383371249553,-1.2318383371249553,0,-2.574866759363914e-06,0.9999999996667042,0.9999999999998515,0.9999999999998515,2.781240019078362e-15,5.558393106124759e-13,True,29140618.31014224,False
B,H4,current_m3,decision_frozen_grid,1,0.6748327490770475,0.6748327490770475,0,-1.2382588872653606,-1.2382588872653606,0,-2.628537615789739e-06,0.9999999996521289,0.9999999999998419,0.9999999999998419,3.4062236588492007e-15,5.534688166587917e-13,True,28999447.989407238,False
B,H4,current_m3,decision_frozen_grid,1,0.6783500718698113,0.6783500718698113,0,-1.2447129031566608,-1.2447129031566608,0,-2.6833224127109645e-06,0.9999999996369147,0.9999999999998384,0.9999999999998384,2.0458213548364127e-15,5.541355188219671e-13,True,28859170.127179116,False
B,H4,current_m3,decision_frozen_grid,1,0.681885727441542,0.681885727441542,0,-1.251200559251553,-1.251200559251553,0,-2.739244110649963e-06,0.9999999996210192,0.9999999999998284,0.9999999999998284,3.4742591735834775e-15,5.522523481925915e-13,True,28719782.810596593,False
B,H4,current_m3,decision_frozen_grid,1,0.685439811345251,0.685439811345251,0,-1.257722030912642,-1.257722030912642,0,-2.7963261419738927e-06,0.9999999996044346,0.9999999999998195,0.9999999999998195,3.593366682827488e-15,5.554355283357059e-13,True,28581284.18809625,False
B,H4,current_m3,decision_frozen_grid,1,0.6890124196319852,0.6890124196319852,0,-1.2642774944172,-1.2642774944172,0,-2.854592423995328e-06,0.9999999995871094,0.999999999999813,0.999999999999813,2.9501025603819884e-15,5.574801096497893e-13,True,28443672.470888514,False
B,H4,current_m3,decision_frozen_grid,1,0.6926036488534234,0.6926036488534234,0,-1.2708671269619387,-1.2708671269619387,0,-2.9140673485361646e-06,0.9999999995690274,0.9999999999998059,0.9999999999998059,3.6291945807512276e-15,5.542500070938653e-13,True,28306945.930151667,False
B,H4,current_m3,decision_frozen_grid,1,0.6962135960644846,0.6962135960644846,0,-1.2774911066678347,-1.2774911066678347,0,-2.9747758187870232e-06,0.9999999995501401,0.9999999999997995,0.9999999999997995,2.257946228518761e-15,5.53853611227518e-13,True,28171102.902837038,False
B,H4,current_m3,decision_frozen_grid,1,0.6998423588259522,0.6998423588259522,0,-1.2841496125849448,-1.2841496125849448,0,-3.0367432271027894e-06,0.9999999995304178,0.9999999999997864,0.9999999999997864,4.414659796999252e-15,5.535017239475822e-13,True,28036141.786746573,False
B,H4,current_m3,decision_frozen_grid,1,0.70349003520711,0.70349003520711,0,-1.2908428246972896,-1.2908428246972896,0,-3.0999955020760694e-06,0.9999999995098281,0.9999999999997757,0.9999999999997757,2.520526364364067e-15,5.558398490531287e-13,True,27902061.048129644,False
B,H4,current_m3,decision_frozen_grid,1,0.7071567237883921,0.7071567237883921,0,-1.2975709239277164,-1.2975709239277164,0,-3.164559083002061e-06,0.9999999994883237,0.9999999999997655,0.9999999999997655,3.0454086899551814e-15,5.513447444949964e-13,True,27768859.216193464,False
B,H4,current_m3,decision_frozen_grid,1,0.7108425236640485,0.7108425236640485,0,-1.3043340921428308,-1.3043340921428308,0,-3.2304609589584032e-06,0.9999999994658721,0.9999999999997553,0.9999999999997553,2.4729467956015134e-15,5.531322113423728e-13,True,27636534.889216263,False
B,H4,current_m3,decision_frozen_grid,1,0.7145475344448217,0.7145475344448217,0,-1.3111325121579223,-1.3111325121579223,0,-3.2977286625879287e-06,0.9999999994424262,0.999999999999748,0.999999999999748,2.4685728347566105e-15,5.555818425738554e-13,True,27505086.7325422,False
B,H4,current_m3,decision_frozen_grid,1,0.7182718562606396,0.7182718562606396,0,-1.3179663677419318,-1.3179663677419318,0,-3.366390283421339e-06,0.9999999994179432,0.9999999999997411,0.9999999999997411,3.915432752829061e-15,5.531435018439932e-13,True,27374513.480082124,False
B,H4,current_m3,decision_frozen_grid,1,0.7220155897633209,0.7220155897633209,0,-1.3248358436224474,-1.3248358436224474,0,-3.4364744896375754e-06,0.9999999993923674,0.9999999999997269,0.9999999999997269,2.2444997866197122e-15,5.546364655832775e-13,True,27244813.937276874,False
B,H4,current_m3,decision_frozen_grid,1,0.725778836129296,0.725778836129296,0,-1.331741125490716,-1.331741125490716,0,-3.5080105269535977e-06,0.9999999993656641,0.9999999999997111,0.9999999999997111,2.7571655973158966e-15,5.521235219362619e-13,True,27115986.9800337,False
B,H4,current_m3,decision_frozen_grid,1,0.7295616970623414,0.7295616970623414,0,-1.3386824000066913,-1.3386824000066913,0,-3.5810282370540847e-06,0.9999999993377728,0.9999999999996969,0.9999999999996969,3.2484055991684876e-15,5.528797644239945e-13,True,26988031.55710515,False
B,H4,current_m3,decision_frozen_grid,1,0.733364274796327,0.733364274796327,0,-1.3456598548040928,-1.3456598548040928,0,-3.655558057591435e-06,0.9999999993086517,0.9999999999996863,0.9999999999996863,2.5707288412506562e-15,5.536143038485639e-13,True,26860946.68926007,False
B,H4,current_m3,decision_frozen_grid,1,0.7371866720979809,0.7371866720979809,0,-1.352673678495529,-1.352673678495529,0,-3.7316310623758397e-06,0.9999999992782325,0.9999999999996771,0.9999999999996771,3.914399010490643e-15,5.556588449608511e-13,True,26734731.475413155,False
B,H4,current_m3,decision_frozen_grid,1,0.7410289922696652,0.7410289922696652,0,-1.3597240606775882,-1.3597240606775882,0,-3.809278931177218e-06,0.9999999992464619,0.9999999999996625,0.9999999999996625,1.924168643194132e-15,5.514797183043705e-13,True,26609385.086595055,False
B,H4,current_m3,decision_frozen_grid,1,0.7448913391521687,0.7448913391521687,0,-1.3668111919360237,-1.3668111919360237,0,-3.888534006790678e-06,0.9999999992132798,0.999999999999647,0.999999999999647,2.9818830086390368e-15,5.51023956742125e-13,True,26484906.774976626,False
B,H4,current_m3,decision_frozen_grid,1,0.7487738171275121,0.7487738171275121,0,-1.3739352638509155,-1.3739352638509155,0,-3.969429283046111e-06,0.9999999991786155,0.9999999999996243,0.9999999999996243,3.007309255020591e-15,5.509150797600761e-13,True,26361295.87099308,False
B,H4,current_m3,decision_frozen_grid,1,0.7526765311217711,0.7526765311217711,0,-1.381096469001875,-1.381096469001875,0,-4.051998413245883e-06,0.999999999142414,0.9999999999995994,0.9999999999995994,6.373510370867355e-15,5.538302296544492e-13,True,26238551.784032717,False
B,H4,current_m3,decision_frozen_grid,1,0.7565995866079102,0.7565995866079102,0,-1.3882950009732873,-1.3882950009732873,0,-4.136275734589745e-06,0.9999999991046082,0.999999999999585,0.999999999999585,2.8209467781024468e-15,5.545095443285225e-13,True,26116674.005842928,False
B,H4,current_m3,decision_frozen_grid,1,0.7605430896086334,0.7605430896086334,0,-1.395531054359577,-1.395531054359577,0,-4.222296286160443e-06,0.9999999990651165,0.9999999999995748,0.9999999999995748,2.6089164241583427e-15,5.530940386095909e-13,True,25995662.11282031,False
B,H4,current_m3,decision_frozen_grid,1,0.7645071466992504,0.7645071466992504,0,-1.4028048247704892,-1.4028048247704892,0,-4.310095807369407e-06,0.9999999990238628,0.999999999999559,0.999999999999559,3.0081925896255163e-15,5.51788130713412e-13,True,25875515.7650334,False
B,H4,current_m3,decision_frozen_grid,1,0.7684918650105561,0.7684918650105561,0,-1.4101165088364163,-1.4101165088364163,0,-4.399710763935971e-06,0.9999999989807664,0.9999999999995373,0.9999999999995373,2.3547026906118647e-15,5.521670700279154e-13,True,25756234.70989748,False
B,H4,current_m3,decision_frozen_grid,1,0.7724973522317261,0.7724973522317261,0,-1.4174663042137425,-1.4174663042137425,0,-4.491178357435288e-06,0.9999999989357524,0.9999999999995153,0.9999999999995153,1.964816655290078e-15,5.52760707638115e-13,True,25637818.783095367,False
B,H4,current_m3,decision_frozen_grid,1,0.776523716613227,0.776523716613227,0,-1.4248544095902211,-1.4248544095902211,0,-4.584536540841455e-06,0.9999999988887234,0.9999999999994913,0.9999999999994913,1.6511219107866871e-15,5.519634593949548e-13,True,25520267.91052234,False
B,H4,current_m3,decision_frozen_grid,1,0.7805710669697427,0.7805710669697427,0,-1.432281024690379,-1.432281024690379,0,-4.6798240322942775e-06,0.9999999988396058,0.9999999999994722,0.9999999999994722,3.1149925725309944e-15,5.533577488371356e-13,True,25403582.109953675,False
B,H4,current_m3,decision_frozen_grid,1,0.7846395126831133,0.7846395126831133,0,-1.4397463502809509,-1.4397463502809509,0,-4.777080333751016e-06,0.9999999987882775,0.9999999999994473,0.9999999999994473,3.1024155043032485e-15,5.485149074159163e-13,True,25287761.49353575,False
B,H4,current_m3,decision_frozen_grid,1,0.788729163705293,0.788729163705293,0,-1.4472505881763382,-1.4472505881763382,0,-4.876345738091814e-06,0.9999999987346684,0.99999999999942,0.99999999999942,5.7179494448832295e-15,5.531177367407568e-13,True,25172806.26840429,False
B,H4,current_m3,decision_frozen_grid,1,0.7928401305613212,0.7928401305613212,0,-1.4547939412441095,-1.4547939412441095,0,-4.97766135620914e-06,0.9999999986786492,0.999999999999394,0.999999999999394,2.480536587269795e-15,5.509940485982519e-13,True,25058716.740602557,False
B,H4,current_m3,decision_frozen_grid,1,0.7969725243523089,0.7969725243523089,0,-1.462376613410513,-1.462376613410513,0,-5.081069122114812e-06,0.9999999986201318,0.9999999999993638,0.9999999999993638,3.494898003807731e-15,5.479898730817982e-13,True,24945493.31542864,False
B,H4,current_m3,decision_frozen_grid,1,0.8011264567584417,0.8011264567584417,0,-1.469998809666036,-1.469998809666036,0,-5.18661182047353e-06,0.999999998558988,0.9999999999993363,0.9999999999993363,2.3616483967280818e-15,5.548686313292589e-13,True,24833136.501465164,False
B,H4,current_m3,decision_frozen_grid,1,0.805302040041998,0.805302040041998,0,-1.4776607360709715,-1.4776607360709715,0,-5.29433308438243e-06,0.9999999984951078,0.999999999999307,0.999999999999307,2.923221076965409e-15,5.480187688378133e-13,True,24721646.909824576,False
B,H4,current_m3,decision_frozen_grid,1,0.8094993870503832,0.8094993870503832,0,-1.4853625997610538,-1.4853625997610538,0,-5.404277442000449e-06,0.9999999984283594,0.9999999999992766,0.9999999999992766,2.5620572673456927e-15,5.498921611185028e-13,True,24611025.261306822,False
B,H4,current_m3,decision_frozen_grid,1,0.8137186112191787,0.8137186112191787,0,-1.4931046089530706,-1.4931046089530706,0,-5.5164903005611166e-06,0.9999999983586174,0.9999999999992426,0.9999999999992426,3.208912759656819e-15,5.541236293281017e-13,True,24501272.383514155,False
B,H4,current_m3,decision_frozen_grid,1,0.8179598265752083,0.8179598265752083,0,-1.5008869729505538,-1.5008869729505538,0,-5.631017987228759e-06,0.9999999982857457,0.9999999999992109,0.9999999999992109,2.256941024694455e-15,5.503969190470708e-13,True,24392389.217145015,False
B,H4,current_m3,decision_frozen_grid,1,0.8222231477396197,0.8222231477396197,0,-1.5087099021494728,-1.5087099021494728,0,-5.747907755981885e-06,0.9999999982095997,0.9999999999991795,0.9999999999991795,1.7468830816439543e-15,5.559306953190372e-13,True,24284376.816877577,False
B,H4,current_m3,decision_frozen_grid,1,0.8265086899309817,0.8265086899309817,0,-1.5165736080439716,-1.5165736080439716,0,-5.867207813814446e-06,0.9999999981300187,0.9999999999991351,0.9999999999991351,3.0842193681314772e-15,5.513848882011311e-13,True,24177236.355381753,False
B,H4,current_m3,decision_frozen_grid,1,0.8308165689683987,0.8308165689683987,0,-1.5244783032321252,-1.5244783032321252,0,-5.988967328285355e-06,0.999999998046871,0.9999999999990914,0.9999999999990914,2.5951420733790902e-15,5.500204938937605e-13,True,24070969.12442673,False
B,H4,current_m3,decision_frozen_grid,1,0.8351469012746406,0.8351469012746406,0,-1.5324242014217384,-1.5324242014217384,0,-6.113236454385884e-06,0.9999999979599747,0.9999999999990543,0.9999999999990543,1.6558218783232539e-15,5.521421350146702e-13,True,23965576.539101254,False
B,H4,current_m3,decision_frozen_grid,1,0.8394998038792887,0.8394998038792887,0,-1.540411517436173,-1.540411517436173,0,-6.240066356300034e-06,0.9999999978691625,0.9999999999990095,0.9999999999990095,4.379893868173772e-15,5.522747701814168e-13,True,23861060.141269214,False
B,H4,current_m3,decision_frozen_grid,1,0.8438753944218992,0.8438753944218992,0,-1.5484404672201928,-1.5484404672201928,0,-6.3695092107352025e-06,0.9999999977742573,0.9999999999989626,0.9999999999989626,2.084279277037762e-15,5.506251935525818e-13,True,23757421.60021758,False
B,H4,current_m3,decision_frozen_grid,1,0.8482737911551818,0.8482737911551818,0,-1.556511267845868,-1.556511267845868,0,-6.5016182495547525e-06,0.9999999976750735,0.9999999999989182,0.9999999999989182,3.211893659652025e-15,5.477381711339485e-13,True,23654662.719506305,False
B,H4,current_m3,decision_frozen_grid,1,0.8526951129481963,0.8526951129481963,0,-1.5646241375184846,-1.5646241375184846,0,-6.636447764662989e-06,0.999999997571408,0.9999999999988705,0.9999999999988705,2.747665067931574e-15,5.468324276704463e-13,True,23552785.437994804,False
B,H4,current_m3,decision_frozen_grid,1,0.8571394792895644,0.8571394792895644,0,-1.572779295582499,-1.572779295582499,0,-6.7740531344284705e-06,0.9999999974630591,0.9999999999988172,0.9999999999988172,2.2572026280101504e-15,5.504345847943778e-13,True,23451791.834305193,False
B,H4,current_m3,decision_frozen_grid,1,0.8616070102906993,0.8616070102906993,0,-1.5809769625275178,-1.5809769625275178,0,-6.914490836784637e-06,0.9999999973498102,0.9999999999987601,0.9999999999987601,3.452964025295319e-15,5.504917034463108e-13,True,23351684.12930824,False
B,H4,current_m3,decision_frozen_grid,1,0.8660978266890519,0.8660978266890519,0,-1.5892173599943207,-1.5892173599943207,0,-7.057818482092415e-06,0.9999999972314422,0.9999999999987039,0.9999999999987039,2.1119215459445366e-15,5.51257445483234e-13,True,23252464.691738408,False
B,H4,current_m3,decision_frozen_grid,1,0.8706120498513732,0.8706120498513732,0,-1.5975007107809016,-1.5975007107809016,0,-7.204094823798357e-06,0.9999999971077085,0.9999999999986449,0.9999999999986449,3.269660496164442e-15,5.479463718022273e-13,True,23154136.04048831,False
B,H4,current_m3,decision_frozen_grid,1,0.8751498017769949,0.8751498017769949,0,-1.605827238848561,-1.605827238848561,0,-7.353379794183823e-06,0.9999999969783699,0.9999999999985789,0.9999999999985789,4.058907062062744e-15,5.544659924409299e-13,True,23056700.850842133,False
B,H4,current_m3,decision_frozen_grid,1,0.8797112051011263,0.8797112051011263,0,-1.614197169328009,-1.614197169328009,0,-7.505734512802675e-06,0.999999996843167,0.9999999999985132,0.9999999999985132,2.579648316045415e-15,5.515580073763656e-13,True,22960161.95664584,False
B,H4,current_m3,decision_frozen_grid,1,0.8842963830981692,0.8842963830981692,0,-1.6226107285255162,-1.6226107285255162,0,-7.661221313126632e-06,0.9999999967018336,0.9999999999984497,0.9999999999984497,1.6202677504409687e-15,5.495259419687052e-13,True,22864522.355376244,False
B,H4,current_m3,decision_frozen_grid,1,0.8889054596850474,0.8889054596850474,0,-1.6310681439291,-1.6310681439291,0,-7.819903775851955e-06,0.9999999965540756,0.9999999999983842,0.9999999999983842,2.0716254087351907e-15,5.480823874740767e-13,True,22769785.214320652,False
B,H4,current_m3,decision_frozen_grid,1,0.8935385594245584,0.8935385594245584,0,-1.639569644214726,-1.639569644214726,0,-7.981846734006481e-06,0.9999999963995947,0.9999999999983047,0.9999999999983047,2.0179931142602166e-15,5.518719266739217e-13,True,22675953.87263299,False
B,H4,current_m3,decision_frozen_grid,1,0.8981958075287377,0.8981958075287377,0,-1.648115459252575,-1.648115459252575,0,-8.147116319801029e-06,0.9999999962380961,0.9999999999982245,0.9999999999982245,3.1024509262793044e-15,5.48702144400953e-13,True,22583031.849812657,False
B,H4,current_m3,decision_frozen_grid,1,0.9028773298622441,0.9028773298622441,0,-1.6567058201133078,-1.6567058201133078,0,-8.315779970846648e-06,0.9999999960692403,0.9999999999981466,0.9999999999981466,3.5454068615885382e-15,5.536943224668301e-13,True,22491022.84821674,False
B,H4,current_m3,decision_frozen_grid,1,0.90758325294576,0.90758325294576,0,-1.6653409590743802,-1.6653409590743802,0,-8.487906453913396e-06,0.99999999589269,0.9999999999980611,0.9999999999980611,1.2163163542627417e-15,5.495091270525639e-13,True,22399930.75838088,False
B,H4,current_m3,decision_frozen_grid,1,0.9123137039594115,0.9123137039594115,0,-1.674021109626415,-1.674021109626415,0,-8.663565915112414e-06,0.9999999957080903,0.9999999999979743,0.9999999999979743,2.0840886248494524e-15,5.463757271260807e-13,True,22309759.668418996,False
B,H4,current_m3,decision_frozen_grid,1,0.9170688107462055,0.9170688107462055,0,-1.6827465064795593,-1.6827465064795593,0,-8.842829872790503e-06,0.9999999955150618,0.9999999999978826,0.9999999999978826,5.145553511446882e-15,5.491204680362127e-13,True,22220513.865078077,False
B,H4,current_m3,decision_frozen_grid,1,0.9218487018154845,0.9218487018154845,0,-1.6915173855699204,-1.6915173855699204,0,-9.025771265491755e-06,0.9999999953132184,0.9999999999977882,0.9999999999977882,2.4395930635723196e-15,5.491709991834648e-13,True,22132197.843169004,False
B,H4,current_m3,decision_frozen_grid,1,0.9266535063463998,0.9266535063463998,0,-1.7003339840660239,-1.7003339840660239,0,-9.21246447949109e-06,0.9999999951021334,0.9999999999976801,0.9999999999976801,3.8515456509840425e-15,5.465834119975699e-13,True,22044816.31214202,False
B,H4,current_m3,decision_frozen_grid,1,0.9314833541914018,0.9314833541914018,0,-1.7091965403752798,-1.7091965403752798,0,-9.402985354123317e-06,0.9999999948813949,0.9999999999975615,0.9999999999975615,4.2476176365962e-15,5.48769884332801e-13,True,21958374.19961995,False
B,H4,current_m3,decision_frozen_grid,1,0.9363383758797511,0.9363383758797511,0,-1.7181052941505355,-1.7181052941505355,0,-9.59741123507385e-06,0.9999999946505473,0.9999999999974474,0.9999999999974474,3.9079124416447115e-15,5.4859885610969e-13,True,21872876.662210383,False
B,H4,current_m3,decision_frozen_grid,1,0.9412187026210445,0.9412187026210445,0,-1.7270604862966263,-1.7270604862966263,0,-9.795820995250892e-06,0.9999999944091134,0.999999999997327,0.999999999997327,1.9571319644426784e-15,5.483067247704663e-13,True,21788329.091773257,False
B,H4,current_m3,decision_frozen_grid,1,0.9461244663087616,0.9461244663087616,0,-1.736062358976963,-1.736062358976963,0,-9.998295052549011e-06,0.9999999941566036,0.9999999999972038,0.9999999999972038,2.3548695965315265e-15,5.509740533763381e-13,True,21704737.12150581,False
B,H4,current_m3,decision_frozen_grid,1,0.9510557995238295,0.9510557995238295,0,-1.7451111556201782,-1.7451111556201782,0,-1.020491541314783e-05,0.9999999938924933,0.999999999997077,0.999999999997077,2.612526309460666e-15,5.4733543107527e-13,True,21622106.63602023,False
B,H4,current_m3,decision_frozen_grid,1,0.9560128355382056,0.9560128355382056,0,-1.7542071209267787,-1.7542071209267787,0,-1.041576568483471e-05,0.9999999936162383,0.9999999999969411,0.9999999999969411,1.5735934127838568e-15,5.459273811764582e-13,True,21540443.77733995,False
B,H4,current_m3,decision_frozen_grid,1,0.9609957083184792,0.9609957083184792,0,-1.7633505008758703,-1.7633505008758703,0,-1.0630931127408871e-05,0.9999999933272699,0.9999999999967983,0.9999999999967983,3.337010828450388e-15,5.443606628281028e-13,True,21459754.95658162,False
B,H4,current_m3,decision_frozen_grid,1,0.9660045525294925,0.9660045525294925,0,-1.772541542731891,-1.772541542731891,0,-1.0850498673331543e-05,0.9999999930249863,0.9999999999966465,0.9999999999966465,1.8529892146628254e-15,5.456703531278885e-13,True,21380046.86163303,False
B,H4,current_m3,decision_frozen_grid,1,0.9710395035379795,0.9710395035379795,0,-1.7817804950513771,-1.7817804950513771,0,-1.1074556945711578e-05,0.9999999927087675,0.9999999999964888,0.9999999999964888,2.142848278949062e-15,5.496784232875382e-13,True,21301326.46480891,False
B,H4,current_m3,decision_frozen_grid,1,0.9761006974162246,0.9761006974162246,0,-1.7910676076898098,-1.7910676076898098,0,-1.1303196322254294e-05,0.999999992377951,0.9999999999963274,0.9999999999963274,2.4526157676823116e-15,5.468837184184394e-13,True,21223601.037480753,False
B,H4,current_m3,decision_frozen_grid,1,0.9811882709457403,0.9811882709457403,0,-1.8004031318084357,-1.8004031318084357,0,-1.1536508931042633e-05,0.9999999920318481,0.9999999999961566,0.9999999999961566,2.8781958179659834e-15,5.466957595362445e-13,True,21146878.155279916,False
B,H4,current_m3,decision_frozen_grid,1,0.986302361620963,0.986302361620963,0,-1.8097873198811765,-1.8097873198811765,0,-1.1774588705382172e-05,0.999999991669732,0.9999999999959741,0.9999999999959741,2.293576267253272e-15,5.474013093416001e-13,True,21071165.712205738,False
B,H4,current_m3,decision_frozen_grid,1,0.99144310765297,0.99144310765297,0,-1.8192204257015658,-1.8192204257015658,0,-1.2017531421326666e-05,0.9999999912908526,0.9999999999957836,0.9999999999957836,1.7650877187275376e-15,5.446691500836198e-13,True,20996471.93265977,False
B,H4,current_m3,decision_frozen_grid,1,0.9966106479732134,0.9966106479732134,0,-1.8287027043896913,-1.8287027043896913,0,-1.2265434708114142e-05,0.9999999908944119,0.9999999999955895,0.9999999999955895,5.235030481388075e-15,5.451191412394449e-13,True,20922805.380080864,False
B,H4,current_m3,decision_frozen_grid,1,1.001805122237276,1.001805122237276,0,-1.838234412399225,-1.838234412399225,0,-1.2518398106786677e-05,0.9999999904795676,0.9999999999953795,0.9999999999953795,1.350178584434449e-15,5.430265562461915e-13,True,20850174.972946975,False
B,H4,current_m3,decision_frozen_grid,1,1.0070266708286442,1.0070266708286442,0,-1.8478158075244484,-1.8478158075244484,0,-1.2776523086843738e-05,0.9999999900454573,0.9999999999951585,0.9999999999951585,3.6205739749375156e-15,5.494266599567422e-13,True,20778589.995310303,False
B,H4,current_m3,decision_frozen_grid,1,1.0122754348625045,1.0122754348625045,0,-1.8574471489073594,-1.8574471489073594,0,-1.303991310019903e-05,0.9999999895911498,0.9999999999949252,0.9999999999949252,2.4736370595165953e-15,5.452434860887554e-13,True,20708060.11319006,False
B,H4,current_m3,decision_frozen_grid,1,1.0175515561895538,1.0175515561895538,0,-1.8671286970447654,-1.8671286970447654,0,-1.330867359583543e-05,0.9999999891156957,0.9999999999946776,0.9999999999946776,2.318782896877251e-15,5.504282785689891e-13,True,20638595.38597271,False
B,H4,current_m3,decision_frozen_grid,1,1.0228551773998353,1.0228551773998353,0,-1.8768607137954625,-1.8768607137954625,0,-1.3582912068654807e-05,0.9999999886180815,0.9999999999944267,0.9999999999944267,2.419380293105169e-15,5.481811225721731e-13,True,20570206.283288583,False
B,H4,current_m3,decision_frozen_grid,1,1.028186441826592,1.028186441826592,0,-1.8866434623874453,-1.8866434623874453,0,-1.3862738104553074e-05,0.9999999880972505,0.999999999994172,0.999999999994172,5.6792337689060605e-15,5.473006981422972e-13,True,20502903.702003438,False
B,H4,current_m3,decision_frozen_grid,1,1.0335454935501391,1.0335454935501391,0,-1.8964772074251255,-1.8964772074251255,0,-1.4148263399293981e-05,0.9999999875520769,0.9999999999939024,0.9999999999939024,2.7749695792480766e-15,5.44017573406953e-13,True,20436698.98021917,False
B,H4,current_m3,decision_frozen_grid,1,1.038932477401759,1.038932477401759,0,-1.9063622148966293,-1.9063622148966293,0,-1.4439601809801417e-05,0.9999999869813885,0.9999999999936005,0.9999999999936005,2.923995540012982e-15,5.494165050031836e-13,True,20371603.916602023,False
B,H4,current_m3,decision_frozen_grid,1,1.0443475389676142,1.0443475389676142,0,-1.916298752181115,-1.916298752181115,0,-1.473686939079677e-05,0.9999999863839837,0.9999999999932836,0.9999999999932836,1.6336666688392046e-15,5.460047853010348e-13,True,20307630.788437027,False
B,H4,current_m3,decision_frozen_grid,1,1.0497908245926841,1.0497908245926841,0,-1.9262870880561351,-1.9262870880561351,0,-1.5040184431436288e-05,0.9999999857585651,0.9999999999929647,0.9999999999929647,1.8409375378286023e-15,5.452383156895145e-13,True,20244792.370533977,False
B,H4,current_m3,decision_frozen_grid,1,1.0552624813847178,1.0552624813847178,0,-1.9363274927050373,-1.9363274927050373,0,-1.534966749594524e-05,0.9999999851037773,0.9999999999926277,0.9999999999926277,2.1530061225921943e-15,5.462833556831849e-13,True,20183101.955599844,False
B,H4,current_m3,decision_frozen_grid,1,1.0607626572182103,1.0607626572182103,0,-1.9464202377244124,-1.9464202377244124,0,-1.566544146691662e-05,0.9999999844182116,0.9999999999922757,0.9999999999922757,2.8221855464410748e-15,5.481163341552669e-13,True,20122573.375945855,False
B,H4,current_m3,decision_frozen_grid,1,1.0662915007383997,1.0662915007383997,0,-1.9565655961315862,-1.9565655961315862,0,-1.598763159149641e-05,0.9999999837003727,0.9999999999919109,0.9999999999919109,5.850499059460159e-15,5.439164634388091e-13,True,20063221.026621774,False
B,H4,current_m3,decision_frozen_grid,1,1.0718491613652839,1.0718491613652839,0,-1.9667638423721245,-1.9667638423721245,0,-1.6316365502255792e-05,0.9999999829486955,0.9999999999915246,0.9999999999915246,3.012309264221344e-15,5.417631743430162e-13,True,20005059.88609986,False
B,H4,current_m3,decision_frozen_grid,1,1.0774357892976583,1.0774357892976583,0,-1.9770152523274285,-1.9770152523274285,0,-1.665177328491474e-05,0.9999999821615285,0.999999999991106,0.999999999991106,4.625556695788473e-15,5.464508949379312e-13,True,19948105.544682056,False
B,H4,current_m3,decision_frozen_grid,1,1.0830515355171757,1.0830515355171757,0,-1.987320103322335,-1.987320103322335,0,-1.6993987510316444e-05,0.9999999813371764,0.9999999999906737,0.9999999999906737,3.374797488570458e-15,5.443198751205142e-13,True,19892374.22914112,False
B,H4,current_m3,decision_frozen_grid,1,1.0886965517924267,1.0886965517924267,0,-1.9976786741327675,-1.9976786741327675,0,-1.73431432741733e-05,0.9999999804737988,0.9999999999902287,0.9999999999902287,3.7842602940198794e-15,5.42887517851647e-13,True,19837882.82977581,False
B,H4,current_m3,decision_frozen_grid,1,1.0943709906830408,1.0943709906830408,0,-2.0080912449934445,-2.0080912449934445,0,-1.769937825324419e-05,0.9999999795695064,0.9999999999897544,0.9999999999897544,3.3409460966603683e-15,5.455562355393804e-13,True,19784648.93117311,False
B,H4,current_m3,decision_frozen_grid,1,1.1000750055438093,1.1000750055438093,0,-2.0185580976056015,-2.0185580976056015,0,-1.806283273397824e-05,0.9999999786222876,0.9999999999892542,0.9999999999892542,2.7761242167252004e-15,5.445041533484303e-13,True,19732690.84063041,False
B,H4,current_m3,decision_frozen_grid,1,1.1058087505288312,1.1058087505288312,0,-2.02907951514479,-2.02907951514479,0,-1.843364966980232e-05,0.9999999776300538,0.9999999999887286,0.9999999999887286,2.7293983350271873e-15,5.44400052684409e-13,True,19682027.622187924,False
B,H4,current_m3,decision_frozen_grid,1,1.111572380595677,1.111572380595677,0,-2.0396557822687025,-2.0396557822687025,0,-1.8811974730192915e-05,0.9999999765905826,0.9999999999881766,0.9999999999881766,3.650630899824619e-15,5.464330669126353e-13,True,19632679.131231375,False
B,H4,current_m3,decision_frozen_grid,1,1.1173660515095787,1.1173660515095787,0,-2.050287185125036,-2.050287185125036,0,-1.919795633575916e-05,0.999999975501563,0.9999999999875941,0.9999999999875941,2.792898913155539e-15,5.417609161806219e-13,True,19584666.04897761,False
B,H4,current_m3,decision_frozen_grid,1,1.1231899198476374,1.1231899198476374,0,-2.06097401135941,-2.06097401135941,0,-1.959174571308786e-05,0.9999999743605453,0.9999999999869817,0.9999999999869817,4.634004647659094e-15,5.435663731806843e-13,True,19538009.92168307,False
B,H4,current_m3,decision_frozen_grid,1,1.1290441430030573,1.1290441430030573,0,-2.0717165501233255,-2.0717165501233255,0,-1.9993496938264244e-05,0.9999999731649749,0.9999999999863418,0.9999999999863418,3.990623934526087e-15,5.437450803180371e-13,True,19492733.20036952,False
B,H4,current_m3,decision_frozen_grid,1,1.1349288791893974,1.1349288791893974,0,-2.082515092082177,-2.082515092082177,0,-2.0403366996157857e-05,0.9999999719121484,0.9999999999856786,0.9999999999856786,3.651049279269773e-15,5.431731695989958e-13,True,19448859.28500068,False
B,H4,current_m3,decision_frozen_grid,1,1.1408442874448477,1.1408442874448477,0,-2.093369929423284,-2.093369929423284,0,-2.082151581217495e-05,0.9999999705992217,0.9999999999849796,0.9999999999849796,2.5152665424219653e-15,5.446727604496898e-13,True,19406412.56721326,False
B,H4,current_m3,decision_frozen_grid,1,1.1467905276365282,1.1467905276365282,0,-2.104281355864008,-2.104281355864008,0,-2.1248106321092308e-05,0.9999999692232031,0.99999999998423,0.99999999998423,4.170841782444269e-15,5.445941178642229e-13,True,19365418.480811145,False
B,H4,current_m3,decision_frozen_grid,1,1.152767760464808,1.152767760464808,0,-2.1152496666598672,-2.1152496666598672,0,-2.1683304499253708e-05,0.9999999677809788,0.9999999999834452,0.9999999999834452,3.806701629043619e-15,5.442240154078524e-13,True,19325903.549891796,False
B,H4,current_m3,decision_frozen_grid,1,1.158776147467649,1.158776147467649,0,-2.1262751586127457,-2.1262751586127457,0,-2.212727943207149e-05,0.9999999662692277,0.9999999999826323,0.9999999999826323,2.7328631698015283e-15,5.427920198471396e-13,True,19287895.444877572,False
B,H4,current_m3,decision_frozen_grid,1,1.1648158510249722,1.1648158510249722,0,-2.137358130079104,-2.137358130079104,0,-2.258020334844346e-05,0.9999999646844729,0.9999999999817681,0.9999999999817681,2.2131500921470314e-15,5.43297326680309e-13,True,19251423.037082035,False
B,H4,current_m3,decision_frozen_grid,1,1.1708870343630453,1.1708870343630453,0,-2.1484988809782806,-2.1484988809782806,0,-2.304225169424967e-05,0.9999999630230693,0.9999999999808631,0.9999999999808631,2.6337245263595727e-15,5.407695095302047e-13,True,19216516.46217252,False
B,H4,current_m3,decision_frozen_grid,1,1.176989861558894,1.176989861558894,1,-2.159697712800797,-2.159697712800797,0,-2.351360316565909e-05,0.9999999612811533,0.9999999999799116,0.9999999999799116,1.2070275463873768e-14,5.447738910892391e-13,True,19183207.181645118,False
B,H4,current_m3,decision_frozen_grid,1,1.1831244975447361,1.1831244975447361,1,-2.1709549286167333,-2.1709549286167333,0,-2.3994439768193487e-05,0.9999999594546745,0.9999999999789,0.9999999999789,1.5507482519233067e-14,5.435178383433286e-13,True,19151528.051849395,False
B,H4,current_m3,decision_frozen_grid,1,1.1892911081124402,1.1892911081124402,0,-2.182270833084155,-2.182270833084155,0,-2.4484946873570834e-05,0.9999999575393825,0.9999999999778424,0.9999999999778424,4.463396781160096e-15,5.393384019057118e-13,True,19121513.39693463,False
B,H4,current_m3,decision_frozen_grid,1,1.1954898599180044,1.1954898599180044,0,-2.1936457324575844,-2.1936457324575844,0,-2.498531328098963e-05,0.9999999555307642,0.9999999999767315,0.9999999999767315,4.4742991979819545e-15,5.413397030116314e-13,True,19093199.08698214,False
B,H4,current_m3,decision_frozen_grid,1,1.2017209204860615,1.2017209204860615,0,-2.2050799345964847,-2.2050799345964847,0,-2.5495731244662423e-05,0.9999999534241043,0.9999999999755593,0.9999999999755593,2.056795762925179e-15,5.454322926727131e-13,True,19066622.61624394,False
B,H4,current_m3,decision_frozen_grid,1,1.2079844582144061,1.2079844582144061,0,-2.21657374897387,-2.21657374897387,0,-2.6016396569294997e-05,0.9999999512144039,0.9999999999743237,0.9999999999743237,3.816082587758796e-15,5.45028459659104e-13,True,19041823.196304698,False
B,H4,current_m3,decision_frozen_grid,1,1.2142806423785462,1.2142806423785462,0,-2.228127486684874,-2.228127486684874,0,-2.6547508628738115e-05,0.9999999488964295,0.9999999999730231,0.9999999999730231,2.320316907438532e-15,5.43530022162056e-13,True,19018841.844020046,False
B,H4,current_m3,decision_frozen_grid,1,1.2206096431362765,1.2206096431362765,0,-2.239741460455432,-2.239741460455432,0,-2.708927044281495e-05,0.9999999464646374,0.9999999999716604,0.9999999999716604,5.067058956808232e-15,5.393363259006039e-13,True,18997721.48386316,False
B,H4,current_m3,decision_frozen_grid,1,1.2269716315322783,1.2269716315322783,0,-2.251415984650993,-2.251415984650993,0,-2.7641888735496778e-05,0.999999943913194,0.9999999999702152,0.9999999999702152,4.895690134658025e-15,5.422076672377998e-13,True,18978507.054261096,False
B,H4,current_m3,decision_frozen_grid,1,1.233366779502743,1.233366779502743,1,-2.2631513752852572,-2.2631513752852572,0,-2.8205573972650555e-05,0.9999999412359666,0.9999999999686953,0.9999999999686953,1.2056396255589685e-14,5.38922495901764e-13,True,18961245.61814529,False
B,H4,current_m3,decision_frozen_grid,1,1.2397952598800155,1.2397952598800155,1,-2.2749479500290066,-2.2749479500290066,0,-2.8780540442197022e-05,0.9999999384264563,0.9999999999670897,0.9999999999670897,1.4495382738845817e-14,5.444221792385305e-13,True,18945986.48734133,False
B,H4,current_m3,decision_frozen_grid,1,1.2462572463972683,1.2462572463972683,1,-2.2868060282189533,-2.2868060282189533,0,-2.9367006301406207e-05,0.9999999354778598,0.9999999999654035,0.9999999999654035,1.3335897206217571e-14,5.377042401856284e-13,True,18932781.35062041,False
B,H4,current_m3,decision_frozen_grid,1,1.2527529136931947,1.2527529136931947,0,-2.2987259308666403,-2.2987259308666403,0,-2.9965193630188125e-05,0.9999999323829403,0.9999999999636302,0.9999999999636302,1.514818973470343e-15,5.420729785925347e-13,True,18921684.41167012,False
B,H4,current_m3,decision_frozen_grid,1,1.2592824373167306,1.2592824373167306,0,-2.3107079806674107,-2.3107079806674107,0,-3.05753284963739e-05,0.999999929134115,0.9999999999617522,0.9999999999617522,3.9575653780404145e-15,5.4065915024668e-13,True,18912752.538643852,False
B,H4,current_m3,decision_frozen_grid,1,1.2658459937317967,1.2658459937317967,0,-2.3227525020094264,-2.3227525020094264,0,-3.119764102454958e-05,0.9999999257233545,0.9999999999597733,0.9999999999597733,1.926570951011464e-15,5.410469659466731e-13,True,18906045.42492939,False
B,H4,current_m3,decision_frozen_grid,1,1.272443760322068,1.272443760322068,0,-2.3348598209826905,-2.3348598209826905,0,-3.183236542492196e-05,0.9999999221422011,0.9999999999576852,0.9999999999576852,2.747386977819186e-15,5.418039284583206e-13,True,18901625.755623467,False
B,H4,current_m3,decision_frozen_grid,1,1.279075915395769,1.279075915395769,1,-2.3470302653881983,-2.3470302653881983,0,-3.2479740080582076e-05,0.9999999183817113,0.9999999999554796,0.9999999999554796,1.443276151025344e-14,5.416526003339287e-13,True,18899559.395170696,False
B,H4,current_m3,decision_frozen_grid,1,1.2857426381904906,1.2857426381904906,0,-2.359264164747095,-2.359264164747095,0,-3.314000760701319e-05,0.9999999144324716,0.9999999999531597,0.9999999999531597,3.438486531820754e-15,5.371533539374479e-13,True,18899915.58466533,False
B,H4,current_m3,decision_frozen_grid,1,1.292444108878036,1.292444108878036,0,-2.371561850309853,-2.371561850309853,0,-3.381341487806999e-05,0.9999999102844963,0.9999999999507125,0.9999999999507125,3.3094785979965404e-15,5.407754079274162e-13,True,18902767.14902707,False
B,H4,current_m3,decision_frozen_grid,1,1.299180508569289,1.299180508569289,0,-2.3839236550655913,-2.3839236550655913,0,-3.450021312967344e-05,0.999999905927283,0.9999999999481255,0.9999999999481255,2.165864789820595e-15,5.406248890124739e-13,True,18908190.73203455,False
B,H4,current_m3,decision_frozen_grid,1,1.3059520193191079,1.3059520193191079,0,-2.396349913751354,-2.396349913751354,0,-3.5200657985345885e-05,0.9999999013497027,0.9999999999453968,0.9999999999453968,3.5775722426973946e-15,5.401000151354459e-13,True,18916267.037414897,False
B,H4,current_m3,decision_frozen_grid,1,1.3127588241312476,1.3127588241312476,0,-2.4088409628615133,-2.4088409628615133,0,-3.5915009541032106e-05,0.9999998965400092,0.9999999999425064,0.9999999999425064,2.2437618556367855e-15,5.424415442430024e-13,True,18927081.098212276,False
B,H4,current_m3,decision_frozen_grid,1,1.3196011069633025,1.3196011069633025,0,-2.4213971406571573,-2.4213971406571573,0,-3.664353239662965e-05,0.9999998914857929,0.9999999999394538,0.9999999999394538,2.927785959532785e-15,5.369823883789823e-13,True,18940722.559256516,False
B,H4,current_m3,decision_frozen_grid,1,1.3264790527316819,1.3264790527316819,0,-2.4340187871756003,-2.4340187871756003,0,-3.738649573747921e-05,0.9999998861739213,0.9999999999362337,0.9999999999362337,2.227595206083003e-15,5.373246548063647e-13,True,18957285.990409035,False
B,H4,current_m3,decision_frozen_grid,1,1.3333928473166041,1.3333928473166041,0,-2.4467062442398992,-2.4467062442398992,0,-3.814417338476872e-05,0.9999998805905053,0.9999999999328284,0.9999999999328284,3.4430361378128732e-15,5.360211828894771e-13,True,18976871.22048381,False
B,H4,current_m3,decision_frozen_grid,1,1.3403426775671206,1.3403426775671206,0,-2.4594598554684266,-2.4594598554684266,0,-3.8916843846603655e-05,0.9999998747208546,0.9999999999292208,0.9999999999292208,3.6896824853236736e-15,5.400943141715345e-13,True,18999583.699086808,False
B,H4,current_m3,decision_frozen_grid,1,1.347328731306167,1.347328731306167,0,-2.4722799662845394,-2.4722799662845394,0,-3.970479039505648e-05,0.9999998685494323,0.9999999999254052,0.9999999999254052,3.87762953041312e-15,5.365211851566402e-13,True,19025534.893138442,False
B,H4,current_m3,decision_frozen_grid,1,1.3543511973356388,1.3543511973356388,0,-2.485166923926231,-2.485166923926231,0,-4.050830109703085e-05,0.9999998620597915,0.99999999992138,0.99999999992138,2.2828676310061037e-15,5.389214197921652e-13,True,19054842.709795512,False
B,H4,current_m3,decision_frozen_grid,1,1.3614102654414928,1.3614102654414928,0,-2.4981210774559015,-2.4981210774559015,0,-4.132766888886863e-05,0.9999998552344994,0.9999999999171245,0.9999999999171245,2.9525010048187253e-15,5.343254265880156e-13,True,19087631.9633012,False
B,H4,current_m3,decision_frozen_grid,1,1.3685061263988767,1.3685061263988767,0,-2.5111427777701527,-2.5111427777701527,0,-4.216319162875237e-05,0.9999998480551073,0.999999999912611,0.999999999912611,2.6098355779348827e-15,5.378030030937404e-13,True,19124034.87921808,False
B,H4,current_m3,decision_frozen_grid,1,1.3756389719772852,1.3756389719772852,0,-2.524232377609631,-2.524232377609631,0,-4.301517214377881e-05,0.9999998405020768,0.9999999999078328,0.9999999999078328,1.3050143805609782e-15,5.350409371973399e-13,True,19164191.64287062,False
B,H4,current_m3,decision_frozen_grid,1,1.382808994945743,1.382808994945743,0,-2.5373902315689523,-2.5373902315689523,0,-4.3883918294795876e-05,0.9999998325546838,0.9999999999027733,0.9999999999027733,4.136164110093444e-15,5.358862214949394e-13,True,19208251.000544697,False
B,H4,current_m3,decision_frozen_grid,1,1.390016389078013,1.390016389078013,0,-2.550616696106637,-2.550616696106637,0,-4.4769743011263685e-05,0.9999998241909758,0.9999999998974138,0.9999999998974138,3.674285131542759e-15,5.335998366163945e-13,True,19256370.910975527,False
B,H4,current_m3,decision_frozen_grid,1,1.3972613491578338,1.3972613491578338,0,-2.563912129555162,-2.563912129555162,0,-4.567296436785995e-05,0.9999998153876589,0.9999999998917397,0.9999999998917397,2.6637961239999136e-15,5.376599042662907e-13,True,19308719.264968578,False
B,H4,current_m3,decision_frozen_grid,1,1.4045440709841863,1.4045440709841863,0,-2.577276892130997,-2.577276892130997,0,-4.659390560490806e-05,0.9999998061200134,0.9999999998857172,0.9999999998857172,2.9506760102938874e-15,5.333607636623752e-13,True,19365474.663634863,False
B,H4,current_m3,decision_frozen_grid,1,1.4118647513765805,1.4118647513765805,0,-2.5907113459447357,-2.5907113459447357,0,-4.753289518677484e-05,0.9999997963618307,0.9999999998793276,0.9999999998793276,1.9331127308607083e-15,5.36452700432952e-13,True,19426827.27851281,False
B,H4,current_m3,decision_frozen_grid,1,1.4192235881803787,1.4192235881803787,0,-2.60421585501131,-2.60421585501131,0,-4.849026686604141e-05,0.9999997860852651,0.999999999872556,0.999999999872556,4.2900765456178575e-15,5.353171672760264e-13,True,19492979.79705429,False
B,H4,current_m3,decision_frozen_grid,1,1.426620780272141,1.426620780272141,0,-2.6177907852601683,-2.6177907852601683,0,-4.9466359690830686e-05,0.9999997752607421,0.9999999998653681,0.9999999998653681,4.306549452032806e-15,5.365216084563467e-13,True,19564148.452226095,False
B,H4,current_m3,decision_frozen_grid,1,1.4340565275649988,1.4340565275649988,0,-2.631436504545606,-2.631436504545606,0,-5.0461518074973455e-05,0.999999763856849,0.9999999998577385,0.9999999998577385,2.9257404114888657e-15,5.362483133112315e-13,True,19640564.16803413,False
B,H4,current_m3,decision_frozen_grid,1,1.4415310310140605,1.4415310310140605,0,-2.6451533826570928,-2.6451533826570928,0,-5.14760918239876e-05,0.9999997518401785,0.9999999998496365,0.9999999998496365,5.086099133168239e-15,5.371917428482696e-13,True,19722473.815014947,False
B,H4,current_m3,decision_frozen_grid,1,1.4490444926218384,1.4490444926218384,0,-2.6589417913296534,-2.6589417913296534,0,-5.251043616394391e-05,0.9999997391752115,0.9999999998410205,0.9999999998410205,3.1682736644658254e-15,5.3238357498228e-13,True,19810141.59807689,False
B,H4,current_m3,decision_frozen_grid,1,1.4565971154437132,1.4565971154437132,0,-2.672802104254353,-2.672802104254353,0,-5.3564911790537906e-05,0.9999997258241694,0.9999999998318645,0.9999999998318645,7.278392733585096e-15,5.320011143996359e-13,True,19903850.59638501,False
B,H4,current_m3,decision_frozen_grid,1,1.4641891035934156,1.4641891035934156,0,-2.686734697088765,-2.686734697088765,0,-5.4639884881746426e-05,0.9999997117468059,0.9999999998221203,0.9999999998221203,2.9262933202370916e-15,5.367849452094241e-13,True,20003904.463642564,False
B,H4,current_m3,decision_frozen_grid,1,1.4718206622485475,1.4718206622485475,0,-2.700739947467544,-2.700739947467544,0,-5.5735727127803614e-05,0.999999696900313,0.9999999998117537,0.9999999998117537,2.5534501191834805e-15,5.326768554476798e-13,True,20110629.32001397,False
B,H4,current_m3,decision_frozen_grid,1,1.479491997656125,1.479491997656125,0,-2.7148182350130305,-2.7148182350130305,0,-5.685281574985268e-05,0.9999996812390296,0.9999999998007314,0.9999999998007314,3.787080776157049e-15,5.32325610465648e-13,True,20224375.855134156,False
B,H4,current_m3,decision_frozen_grid,1,1.4872033171381516,1.4872033171381516,0,-2.7289699413459108,-2.7289699413459108,0,-5.799153351659925e-05,0.9999996647142911,0.9999999997889792,0.9999999997889792,2.0215607296946504e-15,5.334730405460459e-13,True,20345521.67235697,False
B,H4,current_m3,decision_frozen_grid,1,1.4949548290972232,1.4949548290972232,0,-2.7431954500959312,-2.7431954500959312,0,-5.915226875297108e-05,0.999999647274215,0.9999999997764539,0.9999999997764539,3.17452369698885e-15,5.332063656904107e-13,True,20474473.905925103,False
B,H4,current_m3,decision_frozen_grid,1,1.5027467430221584,1.5027467430221584,0,-2.7574951469126527,-2.7574951469126527,0,-6.0335415341672416e-05,0.9999996288634112,0.9999999997631153,0.9999999997631153,5.379201123752505e-15,5.329889574429916e-13,True,20611672.14922293,False
B,H4,current_m3,decision_frozen_grid,1,1.5105792694936617,1.5105792694936617,0,-2.7718694194762743,-2.7718694194762743,0,-6.154137272451621e-05,0.9999996094227122,0.9999999997488807,0.9999999997488807,2.8209727758678997e-15,5.286820375325662e-13,True,20757591.739720233,False
B,H4,current_m3,decision_frozen_grid,1,1.5184526201900133,1.5184526201900133,0,-2.7863186575084913,-2.7863186575084913,0,-6.277054589531872e-05,0.9999995888889374,0.9999999997336821,0.9999999997336821,2.2167903669442363e-15,5.282460811565374e-13,True,20912747.450476915,False
B,H4,current_m3,decision_frozen_grid,1,1.5263670078927893,1.5263670078927893,0,-2.8008432527833937,-2.8008432527833937,0,-6.402334537369825e-05,0.9999995671944992,0.999999999717454,0.999999999717454,3.643073371149589e-15,5.310801841486125e-13,True,21077697.645969383,False
B,H4,current_m3,decision_frozen_grid,1,1.5343226464926154,1.5343226464926154,0,-2.8154435991384332,-2.8154435991384332,0,-6.530018718642339e-05,0.9999995442671041,0.9999999997001066,0.9999999997001066,3.428612486793558e-15,5.30970565382357e-13,True,21253048.97837408,False
B,H4,current_m3,decision_frozen_grid,1,1.542319750994943,1.542319750994943,0,-2.830120092485425,-2.830120092485425,0,-6.660149283588268e-05,0.9999995200293453,0.9999999996815587,0.9999999996815587,2.797042580579944e-15,5.278982350732576e-13,True,21439461.702988643,False
B,H4,current_m3,decision_frozen_grid,1,1.5503585375258628,1.5503585375258628,0,-2.844873130821589,-2.844873130821589,0,-6.792768925123482e-05,0.9999994943982813,0.9999999996617097,0.9999999996617097,2.4505978199318637e-15,5.312289951313007e-13,True,21637655.709420558,False
B,H4,current_m3,decision_frozen_grid,1,1.5584392233379452,1.5584392233379452,0,-2.8597031142406273,-2.8597031142406273,0,-6.927920872867865e-05,0.9999994672849798,0.9999999996404476,0.9999999996404476,5.720745115743734e-15,5.24471494326401e-13,True,21848417.38559155,False
B,H4,current_m3,decision_frozen_grid,1,1.5665620268161116,1.5665620268161116,0,-2.8746104449438787,-2.8746104449438787,0,-7.065648887927267e-05,0.9999994385940165,0.9999999996176578,0.9999999996176578,2.49404950913036e-15,5.275550648145844e-13,True,22072607.45666865,False
B,H4,current_m3,decision_frozen_grid,1,1.5747271674835357,1.5747271674835357,0,-2.8895955272514486,-2.8895955272514486,0,-7.205997252923702e-05,0.9999994082229052,0.9999999995932243,0.9999999995932243,3.3155568295540545e-15,5.326779984474267e-13,True,22311169.94980011,False
B,H4,current_m3,decision_frozen_grid,1,1.5829348660075764,1.5829348660075764,0,-2.904658767613426,-2.904658767613426,0,-7.349010763424424e-05,0.9999993760614566,0.9999999995669928,0.9999999995669928,2.4408515082639246e-15,5.266381784443206e-13,True,22565142.49571009,False
B,H4,current_m3,decision_frozen_grid,1,1.5911853442057426,1.5911853442057426,0,-2.919800574621133,-2.919800574621133,0,-7.494734717794493e-05,0.9999993419911531,0.9999999995388051,0.9999999995388051,4.556679943176226e-15,5.268971704714948e-13,True,22835668.196720086,False
B,H4,current_m3,decision_frozen_grid,1,1.5994788250516871,1.5994788250516871,0,-2.9350213590183487,-2.9350213590183487,0,-7.643214902164353e-05,0.9999993058843347,0.9999999995084992,0.9999999995084992,1.7419678139580804e-15,5.279265078929871e-13,True,23124009.337444402,False
B,H4,current_m3,decision_frozen_grid,1,1.607815532681232,1.607815532681232,0,-2.9503215337126223,-2.9503215337126223,0,-7.794497577173765e-05,0.9999992676033798,0.9999999994758675,0.9999999994758675,4.783564657065848e-15,5.242001441732774e-13,True,23431563.301736794,False
B,H4,current_m3,decision_frozen_grid,1,1.6161956923984266,1.6161956923984266,0,-2.9657015137865677,-2.9657015137865677,0,-7.948629460141632e-05,0.9999992269997915,0.9999999994406998,0.9999999994406998,2.5140218933626393e-15,5.298334399056526e-13,True,23759881.10133674,False
B,H4,current_m3,decision_frozen_grid,1,1.6246195306816376,1.6246195306816376,0,-2.9811617165091984,-2.9811617165091984,0,-8.105657706414249e-05,0.9999991839131313,0.9999999994027717,0.9999999994027717,1.8613216199043433e-15,5.270492770008691e-13,True,24110689.04346545,False
B,H4,current_m3,decision_frozen_grid,1,1.6330872751896672,1.6330872751896672,0,-2.996702561347246,-2.996702561347246,0,-8.265629886383685e-05,0.9999991381698597,0.9999999993618189,0.9999999993618189,2.2578607063403747e-15,5.26823669446054e-13,True,24485914.164435558,False
B,H4,current_m3,decision_frozen_grid,1,1.6415991547679076,1.6415991547679076,0,-3.0123244699765177,-3.0123244699765177,0,-8.428593961595787e-05,0.9999990895820412,0.9999999993175392,0.9999999993175392,3.5251089988786287e-15,5.281726222296156e-13,True,24887714.228613302,False
B,H4,current_m3,decision_frozen_grid,1,1.6501553994545268,1.6501553994545268,0,-3.0280278662932045,-3.0280278662932045,0,-8.594598254574315e-05,0.9999990379458863,0.9999999992695972,0.9999999992695972,2.1921819550874548e-15,5.273111295767534e-13,True,25318513.259494126,False
B,H4,current_m3,decision_frozen_grid,1,1.6587562404866814,1.6587562404866814,0,-3.043813176425239,-3.043813176425239,0,-8.763691419333419e-05,0.9999989830401234,0.999999999217634,0.999999999217634,2.584626165972349e-15,5.285452051611778e-13,True,25781043.858514823,False
B,H4,current_m3,decision_frozen_grid,1,1.66740191030677,1.66740191030677,0,-3.0596808287435775,-3.0596808287435775,0,-8.935922403519037e-05,0.9999989246241126,0.9999999991612367,0.9999999991612367,5.286433808178071e-15,5.22886242811241e-13,True,26278397.83878298,False
B,H4,current_m3,decision_frozen_grid,1,1.6760926425687133,1.6760926425687133,0,-3.0756312538734822,-3.0756312538734822,0,-9.111340408463064e-05,0.9999988624357812,0.999999999099926,0.999999999099926,3.544950151439913e-15,5.281408984718063e-13,True,26814087.172908906,False
B,H4,current_m3,decision_frozen_grid,1,1.6848286721442687,1.6848286721442687,0,-3.0916648847057515,-3.0916648847057515,0,-9.289994843220128e-05,0.999998796189243,0.9999999990331703,0.9999999990331703,3.1274959314430865e-15,5.255591576220812e-13,True,27392117.775999755,False
B,H4,current_m3,decision_frozen_grid,1,1.693610235129379,1.693610235129379,0,-3.1077821564078936,-3.1077821564078936,0,-9.471935273053234e-05,0.9999987255720905,0.9999999989603663,0.9999999989603663,3.1823373052781137e-15,5.235887477338981e-13,True,28017079.396513622,False
B,H4,current_m3,decision_frozen_grid,1,1.7024375688505498,1.7024375688505498,0,-3.1239835064352386,-3.1239835064352386,0,-9.657211362190665e-05,0.9999986502423126,0.9999999988808197,0.9999999988808197,1.4234953542766077e-15,5.277156660090954e-13,True,28694255.87382504,False
B,H4,current_m3,decision_frozen_grid,1,1.7113109118712688,1.7113109118712688,0,-3.1402693745419277,-3.1402693745419277,0,-9.845872806768519e-05,0.9999985698247804,0.999999998793752,0.999999998793752,2.1004952153622293e-15,5.237774746961136e-13,True,29429761.33976785,False
B,H4,current_m3,decision_frozen_grid,1,1.720230503998448,1.720230503998448,0,3.126545104387769,-3.1566402027918175,-1,-0.0001003796926191125,0.9999984839071456,0.9999999986982584,0.9999999986982584,2.1886313250286467e-15,5.23152952903222e-13,True,30230709.802463192,False
B,H4,current_m3,decision_frozen_grid,1,1.7291965862889065,1.7291965862889065,0,3.1100888716103423,-3.173096435569244,-1,-0.00010233550258886837,0.9999983920352087,0.9999999985932975,0.9999999985932975,2.5715723271143875e-15,5.226871808883581e-13,True,31105428.044109005,False
B,H4,current_m3,decision_frozen_grid,1,1.738209401055886,1.738209401055886,0,3.093546787590002,-3.189638519589584,-1,-0.00010432665109139094,0.9999982937074601,0.9999999984776808,0.9999999984776808,4.081566930940261e-15,5.237343535640333e-13,True,32063725.300031304,False
B,H4,current_m3,decision_frozen_grid,1,1.7472691918755996,1.7472691918755996,0,3.076918403269938,-3.2062669039096483,-1,-0.00010635362798372405,0.9999981883687761,0.9999999983500065,0.9999999983500065,1.3726299951910562e-15,5.236324758589877e-13,True,33117238.236817278,False
B,H4,current_m3,decision_frozen_grid,1,1.7563762035938117,1.7563762035938117,0,3.0602032672417883,-3.222982039937798,-1,-0.00010841691864738046,0.999998075403071,0.9999999982086456,0.9999999982086456,3.1885712032879756e-15,5.221945421718711e-13,True,34279876.9204971,False
B,H4,current_m3,decision_frozen_grid,1,1.7655306823324581,1.7655306823324581,0,3.0434009257358112,-3.239784381443775,-1,-0.0001105170026036717,0.9999979541246474,0.9999999980516985,0.9999999980516985,1.863366483401365e-15,5.237181940838751e-13,True,35568408.04115452,False
B,H4,current_m3,decision_frozen_grid,1,1.7747328754962974,1.7747328754962974,0,3.0265109226114157,-3.2566743845681705,-1,-0.00011265435193474893,0.9999978237680199,0.9999999978769343,0.9999999978769343,2.164227433888239e-15,5.26716426666961e-13,True,37003227.332969405,False
B,H4,current_m3,decision_frozen_grid,1,1.7839830317795955,1.7839830317795955,0,3.009532799348153,-3.273652507831433,-1,-0.00011482942946439145,0.9999976834758333,0.9999999976817091,0.9999999976817091,2.6149691268451056e-15,5.20691336129141e-13,True,38609396.86104908,False
B,H4,current_m3,decision_frozen_grid,1,1.7932814011728477,1.7932814011728477,0,2.9924660950371633,-3.290719212142423,-1,-0.00011704268670365003,0.9999975322845182,0.9999999974628746,0.9999999974628746,3.0409647433115083e-15,5.222973248786143e-13,True,40418059.586307555,False
B,H4,current_m3,decision_frozen_grid,1,1.8026282349695344,1.8026282349695344,0,2.9753103463733597,-3.3078749608062266,-1,-0.00011929456141857031,0.9999973691070743,0.9999999972166667,0.9999999972166667,2.929252855353757e-15,5.210130573835338e-13,True,42468401.50186397,False
B,H4,current_m3,decision_frozen_grid,1,1.8120237857729142,1.8120237857729142,0,2.958065087648246,-3.3251202195313403,-1,-0.00012158547488905214,0.9999971927123852,0.999999996938574,0.999999996938574,3.176902058152867e-15,5.20512648418425e-13,True,44810425.813161954,False
B,H4,current_m3,decision_frozen_grid,1,1.8214683075028484,1.8214683075028484,0,2.9407298507437862,-3.3424554564358,-1,-0.0001239158286487907,0.9999970017000644,0.9999999966231286,0.9999999966231286,2.22777761748178e-15,5.227186293114775e-13,True,47508960.04380077,False
B,H4,current_m3,decision_frozen_grid,1,1.8309620554026629,1.8309620554026629,0,2.92330416512729,-3.3598811420522963,-1,-0.00012628600073716356,0.9999967944698727,0.9999999962636543,0.9999999962636543,1.8016344176125417e-15,5.210549558269133e-13,True,50649586.608413205,False
B,H4,current_m3,decision_frozen_grid,1,1.8405052860460502,1.8405052860460502,0,2.905787557847762,-3.3773977493318244,-1,-0.000128696341240353,0.9999965691841178,0.999999995851989,0.999999995851989,3.4884753194982623e-15,5.213749500980242e-13,True,54347667.37875971,False
B,H4,current_m3,decision_frozen_grid,1,1.850098257343999,1.850098257343999,0,2.8881795535338863,-3.3950057536457,-1,-0.00013114716706774665,0.9999963237210959,0.9999999953780387,0.9999999953780387,1.8749085401655663e-15,5.17788089780546e-13,True,58762524.78182808,False
B,H4,current_m3,decision_frozen_grid,1,1.8597412285517667,1.8597412285517667,0,2.8704796743941565,-3.4127056327854297,-1,-0.00013363875570404637,0.9999960556171152,0.9999999948292053,0.9999999948292053,4.092288941198328e-15,5.192251886208219e-13,True,64120578.21629277,False
B,H4,current_m3,decision_frozen_grid,1,1.8694344602758846,1.8694344602758846,0,2.852687440219593,-3.430497866959993,-1,-0.00013617133775145618,0.9999957619936204,0.9999999941896893,0.9999999941896893,2.6436390920848614e-15,5.196311835359891e-13,True,70754809.42551482,False
B,H4,current_m3,decision_frozen_grid,1,1.8791782144812037,1.8791782144812037,0,2.8348023683897816,-3.4483829387898046,-1,-0.00013874508791178464,0.9999954394647184,0.9999999934394548,0.9999999934394548,3.844794774705941e-15,5.216712815881995e-13,True,79175793.50477594,False
B,H4,current_m3,decision_frozen_grid,1,1.8889727544979706,1.8889727544979706,0,2.8168239738830385,-3.4663613332965477,-1,-0.0001413601140536347,0.9999950840189552,0.9999999925528682,0.9999999925528682,2.19525525106779e-15,5.223280894178693e-13,True,90208280.00655276,False
B,H4,current_m3,decision_frozen_grid,1,1.898818345028946,1.898818345028946,0,2.798751769291963,-3.4844335378876234,-1,-0.00014401644376049738,0.9999946908663803,0.9999999914967956,0.9999999914967956,2.8262185241160595e-15,5.180643824184602e-13,True,105276723.10936515,False
B,H4,current_m3,decision_frozen_grid,1,1.9087152521565605,1.9087152521565605,0,2.780585264845788,-3.5026000423337984,-1,-0.00014671400772847676,0.9999942542388843,0.9999999902279191,0.9999999902279191,2.6219531317823115e-15,5.177125485482768e-13,True,127071363.30226223,False
B,H4,current_m3,decision_frozen_grid,1,1.9186637433501017,1.9186637433501017,0,2.762323968441781,-3.5208613387378054,-1,-0.00014945261896315287,0.9999937671262942,0.9999999886889612,0.9999999886889612,5.660254900087173e-15,5.180679685878066e-13,True,161355551.98630276,False
B,H4,current_m3,decision_frozen_grid,1,1.9286640874729448,1.9286640874729448,0,2.743967385688404,-3.5392179214911823,-1,-0.00015223194652569383,0.999993220923389,0.9999999868031906,0.9999999868031906,1.8031182815635136e-15,5.182971183580944e-13,True,223107377.43308482,False
B,H4,current_m3,decision_frozen_grid,1,1.938716554789819,1.938716554789819,0,2.725515019964359,-3.557670287215227,-1,-0.00015505148191263807,0.9999926049513832,0.9999999844664179,0.9999999844664179,3.2302296891648334e-15,5.175791789311161e-13,True,367196749.62177134,False
B,H4,current_m3,decision_frozen_grid,1,1.9488214169741114,1.9488214169741114,0,2.7069663724990223,-3.576218934680564,-1,-0.00015791049553226522,0.9999919057997395,0.9999999815350252,0.9999999815350252,5.029928722994458e-15,5.152459093703706e-13,True,1085794000.6303492,False
B,H4,current_m3,decision_frozen_grid,1,1.9589789471152081,1.9589789471152081,0,2.688320942482397,-3.594864364697189,-1,-0.00016080797949968861,0.999991106406494,0.9999999778077339,0.9999999778077339,2.2785225734770257e-15,5.127052994308676e-13,True,,True
B,H4,current_m3,decision_frozen_grid,1,1.9691894197258752,1.9691894197258752,1,2.6695782272163218,-3.6136070799632645,-1,-0.0001637425713196805,0.9999901847508476,0.9999999729973634,0.9999999729973634,6.665187544673637e-15,5.184426009387463e-13,True,,True
B,H4,current_m3,decision_frozen_grid,1,1.9794531107496793,1.9794531107496793,1,2.6507377223244637,-3.6324475848551225,-1,-0.00016671245031729676,0.9999891119586585,0.9999999666859833,0.9999999666859833,7.114624164678773e-15,5.147789968918184e-13,True,,True
B,H4,current_m3,decision_frozen_grid,1,1.989770297568442,1.989770297568442,1,2.631798922047773,-3.651386385131813,-1,-0.00016971519445907468,0.9999878494986638,0.9999999582517594,0.9999999582517594,6.4441157178370486e-15,5.155080066582341e-13,True,,True
B,H4,current_m3,decision_frozen_grid,1,2.000141259009738,2.000141259009738,1,2.6127613196669874,-3.670423987512599,-1,-0.00017274757825336273,0.9999863449341314,0.9999999467463476,0.9999999467463476,6.552162203216094e-15,5.14519111800059e-13,True,,True
B,H4,current_m3,decision_frozen_grid,1,2.01056627535443,2.01056627535443,1,2.5936244081189406,-3.6895608990606457,-1,-0.00017580528075966662,0.9999845253128428,0.9999999306827215,0.9999999306827215,6.1499604611334245e-15,5.126514773075058e-13,True,,True
B,H4,current_m3,decision_frozen_grid,1,2.0210456283442464,2.0210456283442464,1,2.5743876809168733,-3.708797626262713,-1,-0.00017888245255726076,0.9999822865688672,0.9999999076541856,0.9999999076541856,5.7992783849340285e-15,5.127006987453578e-13,True,,True
B,H4,current_m3,decision_frozen_grid,1,2.031579601189389,2.031579601189389,1,2.555050633563584,-3.7281346736160024,-1,-0.0001819710540136299,0.9999794759360072,0.9999998736215066,0.9999998736215066,6.068160166499378e-15,5.130398786162619e-13,True,,True
B,H4,current_m3,decision_frozen_grid,1,2.042168478576194,2.042168478576194,1,2.5356127657936898,-3.7475725413858965,-1,-0.00018505980873273487,0.9999758615801008,0.999999821513198,0.999999821513198,7.405317104412262e-15,5.133315447552328e-13,True,,True
B,H4,current_m3,decision_frozen_grid,1,2.052812546674821,2.052812546674821,1,2.5160735852733827,-3.7671117219062036,-1,-0.00018813248043114683,0.9999710776581932,0.9999997383182613,0.9999997383182613,6.033766407741216e-15,5.121820079209259e-13,True,,True
B,H4,current_m3,decision_frozen_grid,1,2.063512093146989,2.063512093146989,1,2.4964326139975554,-3.786752693182031,-1,-0.0001911648975354563,0.9999645192418535,0.9999995986300266,0.9999995986300266,5.400357182957339e-15,5.130833582330246e-13,True,,True
B,H4,current_m3,decision_frozen_grid,1,2.0742674071537506,2.0742674071537506,1,2.476689399999579,-3.806495907180007,-1,-0.00019411951112746628,0.9999551273390985,0.9999993491001029,0.9999993491001029,5.6811853925428485e-15,5.108514660755837e-13,True,,True
B,H4,current_m3,decision_frozen_grid,1,2.0850787793633048,2.0850787793633048,1,2.456843540357784,-3.8263417668218023,-1,-0.00019693470752524256,0.9999409106388342,0.9999988670588538,0.9999988670588538,4.909729199284251e-15,5.098850578165308e-13,True,,True
B,H4,current_m3,decision_frozen_grid,1,2.095946501958856,2.095946501958856,1,2.436894730672049,-3.846290576507537,-1,-0.00019950182958972107,0.9999177610472424,0.9999978353540678,0.9999978353540678,5.3124581186088106e-15,5.106206988817615e-13,True,,True
B,H4,current_m3,decision_frozen_grid,1,2.1068708686465074,2.1068708686465074,1,2.416842885023005,-3.866342422156581,-1,-0.00020160946900094068,0.9998760685196796,0.9999952937137484,0.9999952937137484,4.718682102462481e-15,5.085455290402861e-13,True,,True
B,H4,current_m3,decision_frozen_grid,1,2.117852174663198,2.117852174663198,2,2.3966884801414414,-3.886496827038145,-1,-0.00020278364395776016,0.9997888693059286,0.9999875959554246,0.9999875959554246,6.624439727017713e-15,5.074389896140165e-13,True,,True
B,H4,current_m3,decision_frozen_grid,1,2.1288907167846873,2.1288907167846873,2,2.3764338340236937,-3.9067514731558926,-1,-0.0002016940551361479,0.9995548789972774,0.9999549285159501,0.9999549285159501,5.970492946973753e-15,5.139887032243174e-13,True,,True
B,H4,current_m3,decision_frozen_grid,1,2.1399867933335672,2.1399867933335672,2,2.356090719241056,-3.92709458793853,-1,-0.00019261876422604907,0.9984995733869816,0.9996826678247812,0.9996826678247812,3.4759677341763266e-15,5.086053383567778e-13,True,,True
B,H4,current_m3,decision_frozen_grid,1,2.151140704187331,2.151140704187331,2,2.335894527385349,-3.9472907797942374,-1,-6.599985351485316e-05,0.9541444764333278,0.9689064465793283,0.9689064465793283,1.0531468363733981e-14,5.087294671968592e-13,True,15272555.270721653,False
B,H4,current_m3,decision_frozen_grid,1,2.162352750786474,2.162352750786474,2,2.3148755102855136,-3.9683097968940726,-1,-0.0002718796624219255,0.9963205971036853,0.9255948220986825,0.9255948220986825,3.581298897273028e-15,5.107516853522795e-13,True,,True
B,H4,current_m3,decision_frozen_grid,1,2.173623236142644,2.173623236142644,2,2.294235710678235,-3.9889495965013513,-1,-0.00025182706941961897,0.9992249267064643,0.9989037654542617,0.9989037654542617,5.416668908154334e-15,5.099861938793905e-13,True,,True
B,H4,current_m3,decision_frozen_grid,1,2.184952464846826,2.184952464846826,2,2.2734510964188988,-4.009734210760687,-1,-0.0002489209851359586,0.9996509831111174,0.9999103950244995,0.9999103950244995,4.690570107859416e-15,5.079592758063001e-13,True,,True
B,H4,current_m3,decision_frozen_grid,1,2.1963407430775748,2.1963407430775748,2,2.2525502253179184,-4.030635081861668,-1,-0.00024963802569799576,0.9997882473428168,0.9999798774372226,0.9999798774372226,6.144984485779066e-15,5.040366657613743e-13,True,,True
B,H4,current_m3,decision_frozen_grid,1,2.207788378609295,2.207788378609295,2,2.2315374028377906,-4.051647904341795,-1,-0.00025171611317320597,0.999847769172532,0.9999930769476526,0.9999930769476526,4.726741634166589e-15,5.03434922221046e-13,True,,True
B,H4,current_m3,decision_frozen_grid,1,2.2192956808205495,2.2192956808205495,2,2.210413590509794,-4.072771716669792,-1,-0.0002544449301884466,0.9998771705590181,0.9999969118664629,0.9999969118664629,3.925709816247006e-15,5.07651071713983e-13,True,,True
B,H4,current_m3,decision_frozen_grid,1,2.2308629607024293,2.2308629607024293,2,2.1891788717349936,-4.094006435444593,-1,-0.0002575209732600392,0.999891808022005,0.9999982945195047,0.9999982945195047,4.692262505384156e-15,5.044604553777102e-13,True,,True
B,H4,current_m3,decision_frozen_grid,1,2.2424905308669514,2.2424905308669514,2,2.1678330256086804,-4.115352281570906,-1,-0.00026078130099516095,0.9998975122500676,0.9999988096177072,0.9999988096177072,3.695719842410739e-15,5.076400860362276e-13,True,,True
B,H4,current_m3,decision_frozen_grid,1,2.2541787055555136,2.2541787055555136,2,2.1463757184494616,-4.136809588730125,-1,-0.0002641149974964563,0.9998963008960442,0.9999988955215132,0.9999988955215132,4.748169268750624e-15,5.054855539336567e-13,True,,True
B,H4,current_m3,decision_frozen_grid,1,2.265927800647382,2.265927800647382,2,2.124806595528305,-4.158378711651281,-1,-0.00026742137811974764,0.9998878656435294,0.9999986114232895,0.9999986114232895,3.823189439419521e-15,5.04754019998164e-13,True,,True
B,H4,current_m3,decision_frozen_grid,1,2.277738133668229,2.277738133668229,2,2.1031253597546207,-4.180059947424965,-1,-0.00027057520118667355,0.9998691571129272,0.9999977146269691,0.9999977146269691,3.9301216409637164e-15,5.044333896719945e-13,True,,True
B,H4,current_m3,decision_frozen_grid,1,2.2896100237987183,2.2896100237987183,2,2.081331905585507,-4.201853401594079,-1,-0.0002733688391003408,0.9998312466151016,0.999995240216063,0.999995240216063,4.073630522279768e-15,5.028650539049132e-13,True,,True
B,H4,current_m3,decision_frozen_grid,1,2.3015437918831245,2.3015437918831245,2,2.059426682617725,-4.223758624561861,-1,-0.00027535646364063027,0.9997466572173775,0.9999871707590652,0.9999871707590652,3.372830380394337e-15,5.022609936414722e-13,True,,True
B,H4,current_m3,decision_frozen_grid,1,2.313539760438009,2.313539760438009,2,2.0374121225504433,-4.245773184629143,-1,-0.00027524348294716283,0.9995017419768268,0.9999491236403766,0.9999491236403766,3.52102279584964e-15,5.027712998789351e-13,True,,True
B,H4,current_m3,decision_frozen_grid,1,2.325598253660934,2.325598253660934,2,2.01530261254739,-4.267882694632196,-1,-0.0002666201450409744,0.9981606153328927,0.9995417463747672,0.9995417463747672,4.462773692280442e-15,5.009456619085311e-13,True,,True
B,H4,current_m3,decision_frozen_grid,1,2.337719597439227,2.337719597439227,1,1.9944958136307938,-4.288689493548793,-1,0.0003485106730409804,0.4608494099963592,0.5028047239008575,0.5028047239008575,5.934487778799208e-15,4.997066882925058e-13,False,,True
B,H4,current_m3,decision_frozen_grid,1,2.349904119358783,2.349904119358783,0,2.0036728847044127,-4.2795124224751735,-1,0.013766216122659936,0.0018472935239931818,0.5817774470731646,0.5817774470731646,2.3923526186784898e-15,4.997677322977601e-13,False,,True
B,H4,current_m3,decision_frozen_grid,1,2.362152148712922,2.362152148712922,0,2.014100835488474,-4.269084471691112,-1,0.027623650690146606,0.0004849293231768793,0.9995602680289519,0.9995602680289519,4.064812161503486e-15,5.004400165601893e-13,False,,True
B,H4,current_m3,decision_frozen_grid,1,2.3744640165112867,2.3744640165112867,1,2.0246030277179683,-4.258582279461618,-1,0.04141760929178573,0.00022458053158657724,0.9999504860671218,0.9999504860671218,1.2359206795712654e-14,5.020145534461319e-13,False,,True
B,H4,current_m3,decision_frozen_grid,1,2.3868400554887894,2.3868400554887894,0,2.035165230255042,-4.248020076924544,-1,0.05514225316997279,0.00013143419003660504,0.9999875936176649,0.9999875936176649,3.494215606804965e-15,4.982323793723843e-13,False,,True
B,H4,current_m3,decision_frozen_grid,1,2.3992806001146008,2.3992806001146008,0,2.045784806947165,-4.237400500232422,-1,0.06879670118680292,8.747487106148908e-05,0.9999955373111253,0.9999955373111253,3.2335052325854345e-15,4.987476818332204e-13,False,,True
B,H4,current_m3,decision_frozen_grid,1,2.411785986601194,2.411785986601194,1,2.056461073549978,-4.226724233629608,-1,0.0823809045961672,6.315865383727456e-05,0.9999980209122683,0.9999980209122683,1.2538693950604374e-14,4.978246479672731e-13,False,,True
B,H4,current_m3,decision_frozen_grid,1,2.4243565529134288,2.4243565529134288,0,2.0671939065862004,-4.215991400593386,-1,0.09589505193527348,4.824185306359665e-05,0.9999989929907268,0.9999989929907268,2.279107500659813e-15,4.979282491187365e-13,False,,True
B,H4,current_m3,decision_frozen_grid,1,2.4369926387776837,2.4369926387776837,0,2.0779833942674193,-4.205201912912167,-1,0.10933941969963556,3.8399419956838974e-05,0.9999994349296238,0.9999994349296238,3.177838197971673e-15,4.976507394244337e-13,False,,True
B,H4,current_m3,decision_frozen_grid,1,2.449694585691039,2.449694585691039,0,2.0888297198954726,-4.194355587284114,-1,0.1227143224700522,3.1544178772757673e-05,0.9999996585552539,0.9999996585552539,2.792820852749537e-15,4.950204444637571e-13,False,,True
B,H4,current_m3,decision_frozen_grid,1,2.462462736930506,2.462462736930506,0,2.099733115159153,-4.183452192020433,-1,0.13602009293998196,2.6566123281657207e-05,0.9999997811379175,0.9999997811379175,4.7155399269109754e-15,4.943763397308034e-13,False,,True
B,H4,current_m3,decision_frozen_grid,1,2.475297437562304,2.475297437562304,0,2.1106938388819034,-4.172491468297682,-1,0.1492570728306284,2.2829546760598956e-05,0.9999998525839563,0.9999998525839563,2.299187881939035e-15,4.94735606014444e-13,False,,True
B,H4,two_term_center,mechanism_fixed,-1,0.1,-0.1,0,0.18349096374063123,0.18349096374063123,0,-2.1883568290803623e-09,0.9999999999999989,0.9999999999999989,0.9999999999999989,1.82494118651145e-15,5.567679084027881e-13,True,192472510.26291046,False
B,H4,two_term_center,mechanism_fixed,-1,0.125,-0.125,0,0.22936370506998072,0.22936370506998072,0,-5.341890263466098e-09,0.9999999999999973,0.9999999999999964,0.9999999999999964,1.3701080941438968e-15,5.568579149255983e-13,True,153981055.34287995,False
B,H4,two_term_center,mechanism_fixed,-1,0.15,-0.15,0,0.2752364469439247,0.2752364469439247,0,-1.1074875905237036e-08,1.0000000000000018,0.9999999999999998,0.9999999999999998,2.065619237707799e-15,5.559479059292713e-13,True,128322162.67108811,False
B,H4,two_term_center,mechanism_fixed,-1,0.175,-0.175,0,0.321109189752929,0.321109189752929,0,-2.0513067688909814e-08,0.9999999999999949,0.9999999999999998,0.9999999999999998,1.5792685806687274e-15,5.595455149247052e-13,True,109996940.23390149,False
B,H4,two_term_center,mechanism_fixed,-1,0.2,-0.2,0,0.366981934040688,0.366981934040688,0,-3.498548450941996e-08,0.9999999999999869,0.9999999999999929,0.9999999999999929,1.1173672390855857e-15,5.593558950632956e-13,True,96256065.40766688,False
B,H4,two_term_center,mechanism_fixed,-1,0.225,-0.225,0,0.4128546805294025,0.4128546805294025,0,-5.6023833350238306e-08,0.9999999999999738,0.9999999999999938,0.9999999999999938,1.4303579481252833e-15,5.588558658604138e-13,True,85572246.56454675,False
B,H4,two_term_center,mechanism_fixed,-1,0.25,-0.25,0,0.45872743014489714,0.45872743014489714,0,-8.536163309535993e-08,0.9999999999999403,0.999999999999996,0.999999999999996,4.4873325375900566e-15,5.597019317135457e-13,True,77029207.78958954,False
B,H4,two_term_center,mechanism_fixed,-1,0.275,-0.275,0,0.5046001840416328,0.5046001840416328,0,-1.2493343626296394e-07,0.999999999999865,0.9999999999999887,0.9999999999999887,4.201884544928515e-15,5.594108795207121e-13,True,70043954.96395922,False
B,H4,two_term_center,mechanism_fixed,-1,0.3,-0.3,0,0.550472943627498,0.550472943627498,0,-1.7687370457153406e-07,0.9999999999997278,0.9999999999999754,0.9999999999999754,2.9217250493735888e-15,5.579303923773739e-13,True,64227908.96795326,False
B,H4,two_term_center,mechanism_fixed,-1,0.35,-0.35,0,0.6422184869131067,0.6422184869131067,0,-3.273909208179049e-07,0.999999999999065,0.9999999999998008,0.9999999999998008,2.2616325356964143e-15,5.585012827972786e-13,True,55104598.108248815,False
B,H4,two_term_center,mechanism_fixed,-1,0.4,-0.4,0,0.7339640772650526,0.7339640772650526,0,-5.579446760162199e-07,0.999999999997244,0.9999999999995219,0.9999999999995219,1.2194559713383777e-15,5.563272014237346e-13,True,48286525.586081,False
B,H4,two_term_center,mechanism_fixed,1,0.1,0.1,0,-0.18349096374063123,-0.18349096374063123,0,-2.1883568290803623e-09,0.9999999999999989,0.9999999999999989,0.9999999999999989,1.82494118651145e-15,5.567679084027881e-13,True,192472510.26291046,False
B,H4,two_term_center,mechanism_fixed,1,0.125,0.125,0,-0.22936370506998072,-0.22936370506998072,0,-5.341890263466098e-09,0.9999999999999973,0.9999999999999964,0.9999999999999964,1.3701080941438968e-15,5.568579149255983e-13,True,153981055.34287995,False
B,H4,two_term_center,mechanism_fixed,1,0.15,0.15,0,-0.2752364469439247,-0.2752364469439247,0,-1.1074875905237036e-08,1.0000000000000018,0.9999999999999998,0.9999999999999998,2.065619237707799e-15,5.559479059292713e-13,True,128322162.67108811,False
B,H4,two_term_center,mechanism_fixed,1,0.175,0.175,0,-0.321109189752929,-0.321109189752929,0,-2.0513067688909814e-08,0.9999999999999949,0.9999999999999998,0.9999999999999998,1.5792685806687274e-15,5.595455149247052e-13,True,109996940.23390149,False
B,H4,two_term_center,mechanism_fixed,1,0.2,0.2,0,-0.366981934040688,-0.366981934040688,0,-3.498548450941996e-08,0.9999999999999869,0.9999999999999929,0.9999999999999929,1.1173672390855857e-15,5.593558950632956e-13,True,96256065.40766688,False
B,H4,two_term_center,mechanism_fixed,1,0.225,0.225,0,-0.4128546805294025,-0.4128546805294025,0,-5.6023833350238306e-08,0.9999999999999738,0.9999999999999938,0.9999999999999938,1.4303579481252833e-15,5.588558658604138e-13,True,85572246.56454675,False
B,H4,two_term_center,mechanism_fixed,1,0.25,0.25,0,-0.45872743014489714,-0.45872743014489714,0,-8.536163309535993e-08,0.9999999999999403,0.999999999999996,0.999999999999996,4.4873325375900566e-15,5.597019317135457e-13,True,77029207.78958954,False
B,H4,two_term_center,mechanism_fixed,1,0.275,0.275,0,-0.5046001840416328,-0.5046001840416328,0,-1.2493343626296394e-07,0.999999999999865,0.9999999999999887,0.9999999999999887,4.201884544928515e-15,5.594108795207121e-13,True,70043954.96395922,False
B,H4,two_term_center,mechanism_fixed,1,0.3,0.3,0,-0.550472943627498,-0.550472943627498,0,-1.7687370457153406e-07,0.9999999999997278,0.9999999999999754,0.9999999999999754,2.9217250493735888e-15,5.579303923773739e-13,True,64227908.96795326,False
B,H4,two_term_center,mechanism_fixed,1,0.35,0.35,0,-0.6422184869131067,-0.6422184869131067,0,-3.273909208179049e-07,0.999999999999065,0.9999999999998008,0.9999999999998008,2.2616325356964143e-15,5.585012827972786e-13,True,55104598.108248815,False
B,H4,two_term_center,mechanism_fixed,1,0.4,0.4,0,-0.7339640772650526,-0.7339640772650526,0,-5.579446760162199e-07,0.999999999997244,0.9999999999995219,0.9999999999995219,1.2194559713383777e-15,5.563272014237346e-13,True,48286525.586081,False
B,H4,two_term_center,decision_frozen_grid,1,0.2732419958694326,0.2732419958694326,0,-0.5013744042403542,-0.5013744042403542,0,-1.217724507895923e-07,0.9999999999998705,0.9999999999998705,0.9999999999998705,2.70009824970742e-15,5.578964038166554e-13,True,70493209.46614896,False
B,H4,two_term_center,decision_frozen_grid,1,0.27466617141711647,0.27466617141711647,0,-0.5039876385505319,-0.5039876385505319,0,-1.2432851881349904e-07,0.999999999999865,0.9999999999999969,0.9999999999999969,3.5334696581448763e-15,5.578498782568482e-13,True,70128819.80086634,False
B,H4,two_term_center,decision_frozen_grid,1,0.2760977699671984,0.2760977699671984,0,-0.5066144934223554,-0.5066144934223554,0,-1.26938194400239e-07,0.9999999999998588,0.9999999999999964,0.9999999999999964,3.4164045921490248e-15,5.604470244433955e-13,True,69766337.2244003,False
B,H4,two_term_center,decision_frozen_grid,1,0.2775368302094067,0.2775368302094067,0,-0.509255039848595,-0.509255039848595,0,-1.2960263617856072e-07,0.9999999999998548,0.9999999999999978,0.9999999999999978,1.4540498030774725e-15,5.610208881117224e-13,True,69405752.14192262,False
B,H4,two_term_center,decision_frozen_grid,1,0.27898339103512554,0.27898339103512554,0,-0.5119093491920403,-0.5119093491920403,0,-1.3232296658394205e-07,0.9999999999998481,0.9999999999999989,0.9999999999999989,1.9504819423555932e-15,5.602789207638814e-13,True,69047054.98662527,False
B,H4,two_term_center,decision_frozen_grid,1,0.28043749153844644,0.28043749153844644,0,-0.5145774931874595,-0.5145774931874595,0,-1.35100374887287e-07,0.9999999999998403,0.9999999999999967,0.9999999999999967,1.640883619464582e-15,5.599852958179845e-13,True,68690236.26441544,False
B,H4,two_term_center,decision_frozen_grid,1,0.28189917101722495,0.28189917101722495,0,-0.517259543943513,-0.517259543943513,0,-1.3793603081957428e-07,0.9999999999998366,0.9999999999999987,0.9999999999999987,2.5809032776736807e-15,5.576607647042292e-13,True,68335286.51594223,False
B,H4,two_term_center,decision_frozen_grid,1,0.28336846897414275,0.28336846897414275,0,-0.5199555739447324,-0.5199555739447324,0,-1.408311860462419e-07,0.9999999999998268,0.9999999999999991,0.9999999999999991,1.7872312520213557e-15,5.613917306277326e-13,True,67982196.35998723,False
B,H4,two_term_center,decision_frozen_grid,1,0.2848454251177746,0.2848454251177746,0,-0.5226656560534481,-0.5226656560534481,0,-1.4378706891804427e-07,0.9999999999998215,0.9999999999999982,0.9999999999999982,2.160715459486177e-15,5.613619798695925e-13,True,67630956.44770297,False
B,H4,two_term_center,decision_frozen_grid,1,0.28633007936366217,0.28633007936366217,0,-0.5253898635117817,-0.5253898635117817,0,-1.4680496107644103e-07,0.999999999999815,1.0000000000000013,1.0000000000000013,1.63476657159103e-15,5.57696985463055e-13,True,67281557.4950957,False
B,H4,two_term_center,decision_frozen_grid,1,0.2878224718353925,0.2878224718353925,0,-0.5281282699436137,-0.5281282699436137,0,-1.4988615415489903e-07,0.9999999999998088,1.0000000000000044,1.0000000000000044,1.554995206384561e-15,5.583542847244154e-13,True,66933990.26409555,False
B,H4,two_term_center,decision_frozen_grid,1,0.2893226428656823,0.2893226428656823,0,-0.53088094935658,-0.53088094935658,0,-1.5303197709037875e-07,0.9999999999997988,1.0000000000000044,1.0000000000000044,2.6747227010092762e-15,5.602673795932031e-13,True,66588245.57373088,False
B,H4,two_term_center,decision_frozen_grid,1,0.2908306329974682,0.2908306329974682,0,-0.533647976144074,-0.533647976144074,0,-1.562437974556019e-07,0.9999999999997868,0.9999999999999993,0.9999999999999993,1.4047219104928441e-15,5.598942377410496e-13,True,66244314.30014165,False
B,H4,two_term_center,decision_frozen_grid,1,0.29234648298500204,0.29234648298500204,0,-0.5364294250872437,-0.5364294250872437,0,-1.5952297727217513e-07,0.9999999999997797,0.9999999999999976,0.9999999999999976,2.0934471965472614e-15,5.587652165027205e-13,True,65902187.35773932,False
B,H4,two_term_center,decision_frozen_grid,1,0.29387023379495286,0.29387023379495286,0,-0.5392253713570343,-0.5392253713570343,0,-1.6287094295464044e-07,0.9999999999997702,0.9999999999999991,0.9999999999999991,2.2500324890492474e-15,5.583128244822531e-13,True,65561855.72794006,False
B,H4,two_term_center,decision_frozen_grid,1,0.2954019266075134,0.2954019266075134,0,-0.5420358905162034,-0.5420358905162034,0,-1.6628913113159172e-07,0.9999999999997606,0.9999999999999993,0.9999999999999993,2.9935139692128538e-15,5.579137559958678e-13,True,65223310.43615398,False
B,H4,two_term_center,decision_frozen_grid,1,0.29694160281751353,0.29694160281751353,0,-0.5448610585213683,-0.5448610585213683,0,-1.6977900396675238e-07,0.9999999999997551,1.0000000000000044,1.0000000000000044,4.384418499990463e-15,5.634790041332564e-13,True,64886542.55779821,False
B,H4,two_term_center,decision_frozen_grid,1,0.2984893040355387,0.2984893040355387,0,-0.5477009517250696,-0.5477009517250696,0,-1.733420835758892e-07,0.9999999999997418,1.0000000000000062,1.0000000000000062,3.3222903957826984e-15,5.562115945764482e-13,True,64551543.23186274,False
B,H4,two_term_center,decision_frozen_grid,1,0.3000450720890547,0.3000450720890547,0,-0.550555646877816,-0.550555646877816,0,-1.7697988896614447e-07,0.9999999999997271,0.9999999999999998,0.9999999999999998,2.362410258086847e-15,5.603157515033251e-13,True,64218303.63472514,False
B,H4,two_term_center,decision_frozen_grid,1,0.3016089490235376,0.3016089490235376,0,-0.5534252211301767,-0.5534252211301767,0,-1.8069399665421315e-07,0.9999999999997149,0.9999999999999958,0.9999999999999958,1.7838565287131146e-15,5.605260398365294e-13,True,63886815.0043983,False
B,H4,two_term_center,decision_frozen_grid,1,0.3031809771036106,0.3031809771036106,0,-0.5563097520348519,-0.5563097520348519,0,-1.8448598915199454e-07,0.9999999999997031,0.9999999999999956,0.9999999999999956,3.3133685190156202e-15,5.57683029733316e-13,True,63557068.61925411,False
B,H4,two_term_center,decision_frozen_grid,1,0.3047611988141861,0.3047611988141861,0,-0.5592093175487873,-0.5592093175487873,0,-1.8835751558476943e-07,0.99999999999969,0.9999999999999956,0.9999999999999956,2.0960463130669126e-15,5.608969315519475e-13,True,63229055.82193372,False
B,H4,two_term_center,decision_frozen_grid,1,0.30634965686161375,0.30634965686161375,0,-0.5621239960352612,-0.5621239960352612,0,-1.923102257439524e-07,0.9999999999996814,1.0,1.0,3.793909428683537e-15,5.583589990360576e-13,True,62902767.992498346,False
B,H4,two_term_center,decision_frozen_grid,1,0.30794639417483455,0.30794639417483455,0,-0.5650538662660232,-0.5650538662660232,0,-1.9634583781069637e-07,0.9999999999996645,1.0000000000000009,1.0000000000000009,2.027589660007334e-15,5.601548292263017e-13,True,62578196.574948736,False
B,H4,two_term_center,decision_frozen_grid,1,0.3095514539065413,0.3095514539065413,0,-0.5679990074234069,-0.5679990074234069,0,-2.0046608284474132e-07,0.999999999999651,0.9999999999999982,0.9999999999999982,1.7663527907190709e-15,5.59431867804348e-13,True,62255333.054721005,False
B,H4,two_term_center,decision_frozen_grid,1,0.3111648794343447,0.3111648794343447,0,-0.5709594991024808,-0.5709594991024808,0,-2.0467273942337272e-07,0.9999999999996352,0.9999999999999987,0.9999999999999987,3.968629955650352e-15,5.600783833937723e-13,True,61934168.97194329,False
B,H4,two_term_center,decision_frozen_grid,1,0.31278671436194555,0.31278671436194555,0,-0.5739354213131861,-0.5739354213131861,0,-2.0896758945454508e-07,0.9999999999996236,1.0000000000000013,1.0000000000000013,4.169034846575699e-15,5.616465954182798e-13,True,61614695.90376197,False
B,H4,two_term_center,decision_frozen_grid,1,0.31441700252031307,0.31441700252031307,0,-0.5769268544825286,-0.5769268544825286,0,-2.1335251387810672e-07,0.9999999999996088,1.0000000000000067,1.0000000000000067,2.9323160847522395e-15,5.571935960695986e-13,True,61296905.501081064,False
B,H4,two_term_center,decision_frozen_grid,1,0.31605578796887,0.31605578796887,0,-0.5799338794567225,-0.5799338794567225,0,-2.178293907473261e-07,0.9999999999995881,1.000000000000004,1.000000000000004,2.400963793505559e-15,5.599092230641851e-13,True,60980789.44844255,False
B,H4,two_term_center,decision_frozen_grid,1,0.3177031149966828,0.3177031149966828,0,-0.5829565775033868,-0.5829565775033868,0,-2.2240013430874228e-07,0.9999999999995695,0.9999999999999993,0.9999999999999993,2.2302921517308928e-15,5.611976069377049e-13,True,60666339.478875056,False
B,H4,two_term_center,decision_frozen_grid,1,0.3193590281236586,0.3193590281236586,0,-0.5859950303137506,-0.5859950303137506,0,-2.270667212034283e-07,0.9999999999995508,0.9999999999999982,0.9999999999999982,1.961265775508817e-15,5.609325546232984e-13,True,60353547.38339889,False
B,H4,two_term_center,decision_frozen_grid,1,0.3210235721017488,0.3210235721017488,0,-0.5890493200048503,-0.5890493200048503,0,-2.318311547178098e-07,0.9999999999995346,1.0000000000000004,1.0000000000000004,1.7309707672572632e-15,5.57426933810631e-13,True,60042404.99685545,False
B,H4,two_term_center,decision_frozen_grid,1,0.3226967919161579,0.3226967919161579,0,-0.5921195291217564,-0.5921195291217564,0,-2.366954878763039e-07,0.9999999999995115,1.0000000000000004,1.0000000000000004,3.790623751635624e-15,5.587529255203063e-13,True,59732904.20624931,False
B,H4,two_term_center,decision_frozen_grid,1,0.32437873278656,0.32437873278656,0,-0.5952057406398031,-0.5952057406398031,0,-2.416618161138473e-07,0.9999999999994926,0.9999999999999996,0.9999999999999996,3.672136237889246e-15,5.575111487611638e-13,True,59425036.94746634,False
B,H4,two_term_center,decision_frozen_grid,1,0.32606944016832,0.32606944016832,0,-0.5983080379668259,-0.5983080379668259,0,-2.467322628429969e-07,0.9999999999994726,1.000000000000003,1.000000000000003,1.7224123448807482e-15,5.618435944831097e-13,True,59118795.199443385,False
B,H4,two_term_center,decision_frozen_grid,1,0.32776895975372294,0.32776895975372294,0,-0.601426504945432,-0.601426504945432,0,-2.51909026527386e-07,0.9999999999994451,1.0,1.0,2.6128898981112904e-15,5.578910045492286e-13,True,58814171.001244105,False
B,H4,two_term_center,decision_frozen_grid,1,0.32947733747320823,0.32947733747320823,0,-0.6045612258552457,-0.6045612258552457,0,-2.5719431473447685e-07,0.9999999999994269,1.0000000000000009,1.0000000000000009,1.673878952492683e-15,5.591429269695989e-13,True,58511156.42704013,False
B,H4,two_term_center,decision_frozen_grid,1,0.3311946194966113,0.3311946194966113,0,-0.6077122854152082,-0.6077122854152082,0,-2.625904120812095e-07,0.9999999999993996,1.000000000000003,1.000000000000003,1.5898610651175042e-15,5.576866278098232e-13,True,58209743.61083566,False
B,H4,two_term_center,decision_frozen_grid,1,0.33292085223441087,0.33292085223441087,0,-0.6108797687858536,-0.6108797687858536,0,-2.6809963782348234e-07,0.9999999999993758,1.0000000000000022,1.0000000000000022,2.860042165740901e-15,5.583913304269111e-13,True,57909924.73025969,False
B,H4,two_term_center,decision_frozen_grid,1,0.33465608233898414,0.33465608233898414,0,-0.6140637615716145,-0.6140637615716145,0,-2.7372435118522276e-07,0.9999999999993527,1.000000000000008,1.000000000000008,4.298605707795734e-15,5.596265548012751e-13,True,57611692.00813132,False
B,H4,two_term_center,decision_frozen_grid,1,0.33640035670586665,0.33640035670586665,0,-0.6172643498231465,-0.6172643498231465,0,-2.7946698843983597e-07,0.9999999999993177,1.0000000000000044,1.0000000000000044,1.265138629344474e-15,5.607206285690232e-13,True,57315037.7254106,False
B,H4,two_term_center,decision_frozen_grid,1,0.33815372247502,0.33815372247502,0,-0.6204816200396367,-0.6204816200396367,0,-2.853300069549647e-07,0.9999999999992895,0.9999999999999987,0.9999999999999987,1.3383360178892008e-15,5.597701184511642e-13,True,57019954.20039579,False
B,H4,two_term_center,decision_frozen_grid,1,0.3399162270321062,0.3399162270321062,0,-0.6237156591711576,-0.6237156591711576,0,-2.9131593004549927e-07,0.999999999999259,0.9999999999999996,0.9999999999999996,1.56217667563629e-15,5.585123632774397e-13,True,56726433.80449616,False
B,H4,two_term_center,decision_frozen_grid,1,0.3416879180097677,0.3416879180097677,0,-0.6269665546210115,-0.6269665546210115,0,-2.9742733231863383e-07,0.999999999999226,0.999999999999998,0.999999999999998,3.065057535670306e-15,5.566320743892544e-13,True,56434468.95640381,False
B,H4,two_term_center,decision_frozen_grid,1,0.3434688432889149,0.3434688432889149,0,-0.6302343942480888,-0.6302343942480888,0,-3.0366682413074386e-07,0.9999999999991909,0.9999999999999942,0.9999999999999942,3.524998701952732e-15,5.588647873086127e-13,True,56144052.11612006,False
B,H4,two_term_center,decision_frozen_grid,1,0.3452590510000205,0.3452590510000205,0,-0.633519266369265,-0.633519266369265,0,-3.1003711442600945e-07,0.9999999999991593,0.9999999999999953,0.9999999999999953,1.9222527039875325e-15,5.562831812134045e-13,True,55855175.80668262,False
B,H4,two_term_center,decision_frozen_grid,1,0.3470585895244197,0.3470585895244197,0,-0.6368212597617565,-0.6368212597617565,0,-3.165409205863057e-07,0.9999999999991263,1.0000000000000009,1.0000000000000009,1.9920508735953242e-15,5.591676403830855e-13,True,55567832.581768945,False
B,H4,two_term_center,decision_frozen_grid,1,0.34886750749561807,0.34886750749561807,0,-0.6401404636655518,-0.6401404636655518,0,-3.2318105724904456e-07,0.9999999999990818,0.9999999999999971,0.9999999999999971,4.0755343216198346e-15,5.600447457036622e-13,True,55282015.056487344,False
B,H4,two_term_center,decision_frozen_grid,1,0.35068585380060585,0.35068585380060585,0,-0.6434769677857971,-0.6434769677857971,0,-3.2996035881360797e-07,0.9999999999990481,0.9999999999999956,0.9999999999999956,2.3473363893348682e-15,5.567549110017545e-13,True,54997715.879707545,False
B,H4,two_term_center,decision_frozen_grid,1,0.3525136775811792,0.3525136775811792,0,-0.6468308622952433,-0.6468308622952433,0,-3.368817422799708e-07,0.9999999999990083,1.0000000000000018,1.0000000000000018,2.1528652124444613e-15,5.607677573724233e-13,True,54714927.755508155,False
B,H4,two_term_center,decision_frozen_grid,1,0.354351028235268,0.354351028235268,0,-0.6502022378366794,-0.6502022378366794,0,-3.4394819459215853e-07,0.9999999999989657,1.0000000000000022,1.0000000000000022,1.0371183671264778e-15,5.615262918796287e-13,True,54433643.43812144,False
B,H4,two_term_center,decision_frozen_grid,1,0.3561979554182712,0.3561979554182712,0,-0.6535911855253712,-0.6535911855253712,0,-3.511627388874672e-07,0.9999999999989198,1.0000000000000009,1.0000000000000009,1.4041165864029026e-15,5.594333471928201e-13,True,54153855.719837114,False
B,H4,two_term_center,decision_frozen_grid,1,0.35805450904439856,0.35805450904439856,0,-0.6569977969515396,-0.6569977969515396,0,-3.585284777951614e-07,0.9999999999988722,0.9999999999999982,0.9999999999999982,1.96903854065951e-15,5.53919306108327e-13,True,53875557.44537346,False
B,H4,two_term_center,decision_frozen_grid,1,0.35992073928801993,0.35992073928801993,0,-0.6604221641828325,-0.6604221641828325,0,-3.660485785594858e-07,0.9999999999988205,0.9999999999999929,0.9999999999999929,3.7080387448846185e-15,5.580197641468865e-13,True,53598741.506192334,False
B,H4,two_term_center,decision_frozen_grid,1,0.3617966965850206,0.3617966965850206,0,-0.663864379766814,-0.663864379766814,0,-3.737262772585126e-07,0.9999999999987736,0.9999999999999927,0.9999999999999927,3.050943997726301e-15,5.578087934818334e-13,True,53323400.841382116,False
B,H4,two_term_center,decision_frozen_grid,1,0.36368243163416514,0.36368243163416514,0,-0.6673245367334577,-0.6673245367334577,0,-3.8156485060447665e-07,0.9999999999987235,0.9999999999999984,0.9999999999999984,2.90477263453725e-15,5.627328906154275e-13,True,53049528.42768732,False
B,H4,two_term_center,decision_frozen_grid,1,0.36557799539846686,0.36557799539846686,0,-0.6708027285976856,-0.6708027285976856,0,-3.8956768522169227e-07,0.9999999999986693,1.0000000000000009,1.0000000000000009,2.0274566313211935e-15,5.57702769236355e-13,True,52777117.30219569,False
B,H4,two_term_center,decision_frozen_grid,1,0.3674834391065657,0.3674834391065657,0,-0.6742990493618739,-0.6742990493618739,0,-3.9773821103317175e-07,0.9999999999986084,0.9999999999999976,0.9999999999999976,2.3492633911737063e-15,5.610226173591948e-13,True,52506160.53944223,False
B,H4,two_term_center,decision_frozen_grid,1,0.3693988142541123,0.3693988142541123,0,-0.677813593518404,-0.677813593518404,0,-4.0607993234687e-07,0.9999999999985492,0.9999999999999936,0.9999999999999936,2.3295329145321874e-15,5.565507107487706e-13,True,52236651.261304796,False
B,H4,two_term_center,decision_frozen_grid,1,0.3713241726051599,0.3713241726051599,0,-0.681346456052227,-0.681346456052227,0,-4.145964505042343e-07,0.9999999999984885,0.9999999999999958,0.9999999999999958,2.4533544930848073e-15,5.591720241443409e-13,True,51968582.64383402,False
B,H4,two_term_center,decision_frozen_grid,1,0.37325956619356315,0.37325956619356315,0,-0.684897732443408,-0.684897732443408,0,-4.2329140104158114e-07,0.9999999999984257,0.9999999999999989,0.9999999999999989,2.625541322150802e-15,5.562622945962966e-13,True,51701947.89605748,False
B,H4,two_term_center,decision_frozen_grid,1,0.3752050473243846,0.3752050473243846,0,-0.6884675186697317,-0.6884675186697317,0,-4.321685185271207e-07,0.9999999999983575,0.9999999999999998,0.9999999999999998,2.5455539641134945e-15,5.621877157626419e-13,True,51436740.28074006,False
B,H4,two_term_center,decision_frozen_grid,1,0.37716066857530783,0.37716066857530783,0,-0.6920559112092968,-0.6920559112092968,0,-4.4123163500664475e-07,0.9999999999982838,0.999999999999996,0.999999999999996,5.280332633596525e-15,5.594287343719178e-13,True,51172953.11313023,False
B,H4,two_term_center,decision_frozen_grid,1,0.37912648279805905,0.37912648279805905,0,-0.6956630070430998,-0.6956630070430998,0,-4.504846127240114e-07,0.9999999999982128,0.9999999999999951,0.9999999999999951,2.1356771096608606e-15,5.630686355647583e-13,True,50910579.73867664,False
B,H4,two_term_center,decision_frozen_grid,1,0.3811025431198347,0.3811025431198347,0,-0.6992889036576946,-0.6992889036576946,0,-4.5993144537348485e-07,0.9999999999981373,0.9999999999999982,0.9999999999999982,3.4639077152709725e-15,5.573120008877352e-13,True,50649613.5651314,False
B,H4,two_term_center,decision_frozen_grid,1,0.38308890294473796,0.38308890294473796,0,-0.7029336990477996,-0.7029336990477996,0,-4.6957618016207903e-07,0.9999999999980551,0.9999999999999964,0.9999999999999964,3.69021175060139e-15,5.572116329378809e-13,True,50390048.03684699,False
B,H4,two_term_center,decision_frozen_grid,1,0.3850856159552213,0.3850856159552213,0,-0.7065974917189604,-0.7065974917189604,0,-4.794229540028283e-07,0.9999999999979767,0.9999999999999991,0.9999999999999991,2.3289709913752377e-15,5.597318313451241e-13,True,50131876.645851776,False
B,H4,two_term_center,decision_frozen_grid,1,0.3870927361135379,0.3870927361135379,0,-0.7102803806902123,-0.7102803806902123,0,-4.894759897400291e-07,0.999999999997891,1.0000000000000049,1.0000000000000049,2.774317499805475e-15,5.558338445280392e-13,True,49875092.93003674,False
B,H4,two_term_center,decision_frozen_grid,1,0.38911031766319976,0.38911031766319976,0,-0.713982465496766,-0.713982465496766,0,-4.997396176875668e-07,0.9999999999978,1.0000000000000062,1.0000000000000062,1.1823316165805196e-15,5.555175660776923e-13,True,49619690.479294665,False
B,H4,two_term_center,decision_frozen_grid,1,0.39113841513044345,0.39113841513044345,0,-0.7177038461926801,-0.7177038461926801,0,-5.102182276672806e-07,0.9999999999977025,1.0000000000000022,1.0000000000000022,2.0032717658047683e-15,5.588481260817912e-13,True,49365662.91986639,False
B,H4,two_term_center,decision_frozen_grid,1,0.39317708332570434,0.39317708332570434,0,-0.7214446233535863,-0.7214446233535863,0,-5.209163176367326e-07,0.9999999999976052,1.0000000000000004,1.0000000000000004,1.5976754983196028e-15,5.58372631333217e-13,True,49113003.9290163,False
B,H4,two_term_center,decision_frozen_grid,1,0.39522637734509697,0.39522637734509697,0,-0.7252048980794001,-0.7252048980794001,0,-5.318384761476835e-07,0.9999999999975036,1.0000000000000027,1.0000000000000027,2.809527291321855e-15,5.598151888410337e-13,True,48861707.228902094,False
B,H4,two_term_center,decision_frozen_grid,1,0.39728635257190476,0.39728635257190476,0,-0.7289847719970594,-0.7289847719970594,0,-5.429893883412973e-07,0.9999999999973932,1.0000000000000009,1.0000000000000009,2.0390290332797315e-15,5.537332625904536e-13,True,48611766.58782404,False
B,H4,two_term_center,decision_frozen_grid,1,0.3993570646780767,0.3993570646780767,0,-0.7327843472632759,-0.7327843472632759,0,-5.543738481605942e-07,0.9999999999972808,0.9999999999999964,0.9999999999999964,2.153700139305471e-15,5.593409479959941e-13,True,48363175.823322,False
B,H4,two_term_center,decision_frozen_grid,1,0.4014385696257316,0.4014385696257316,0,-0.7366037265672845,-0.7366037265672845,0,-5.659967243776265e-07,0.9999999999971734,1.0000000000000049,1.0000000000000049,4.637301331268783e-15,5.55815482112198e-13,True,48115928.791175745,False
B,H4,two_term_center,decision_frozen_grid,1,0.40353092366867066,0.40353092366867066,0,-0.7404430131336416,-0.7404430131336416,0,-5.778630156605402e-07,0.9999999999970446,1.0000000000000067,1.0000000000000067,2.239772908916059e-15,5.590931915036204e-13,True,47870019.40157219,False
B,H4,two_term_center,decision_frozen_grid,1,0.4056341833538979,0.4056341833538979,0,-0.7443023107249965,-0.7443023107249965,0,-5.899777983930932e-07,0.9999999999969209,1.0000000000000027,1.0000000000000027,4.367328441824817e-15,5.573939559055291e-13,True,47625441.60260799,False
B,H4,two_term_center,decision_frozen_grid,1,0.40774840552314817,0.40774840552314817,0,-0.7481817236449106,-0.7481817236449106,0,-6.023462619797471e-07,0.9999999999967857,1.000000000000003,1.000000000000003,3.763313849510632e-15,5.584968269733604e-13,True,47382189.39038964,False
B,H4,two_term_center,decision_frozen_grid,1,0.4098736473144234,0.4098736473144234,0,-0.7520813567406908,-0.7520813567406908,0,-6.149737385996445e-07,0.999999999996648,1.0000000000000004,1.0000000000000004,2.534341352127357e-15,5.564302590038082e-13,True,47140256.817174725,False
B,H4,two_term_center,decision_frozen_grid,1,0.41200996616353663,0.41200996616353663,0,-0.7560013154061884,-0.7560013154061884,0,-6.278656161651242e-07,0.9999999999965004,0.9999999999999964,0.9999999999999964,4.191377896393628e-15,5.582540038408378e-13,True,46899637.964749984,False
B,H4,two_term_center,decision_frozen_grid,1,0.41415741980566473,0.41415741980566473,0,-0.7599417055846833,-0.7599417055846833,0,-6.410274178136888e-07,0.9999999999963534,0.9999999999999956,0.9999999999999956,1.424837713694588e-15,5.576751219330026e-13,True,46660326.96755733,False
B,H4,two_term_center,decision_frozen_grid,1,0.4163160662769082,0.4163160662769082,0,-0.7639026337717475,-0.7639026337717475,0,-6.544648014639165e-07,0.9999999999961922,0.9999999999999942,0.9999999999999942,4.626626610076199e-15,5.570135411248269e-13,True,46422318.01173904,False
B,H4,two_term_center,decision_frozen_grid,1,0.4184859639158598,0.4184859639158598,0,-0.7678842070181109,-0.7678842070181109,0,-6.681835240662792e-07,0.9999999999960314,0.9999999999999916,0.9999999999999916,2.0113132603221694e-15,5.575097324648012e-13,True,46185605.3239262,False
B,H4,two_term_center,decision_frozen_grid,1,0.4206671713651813,0.4206671713651813,0,-0.7718865329325626,-0.7718865329325626,0,-6.821894555919528e-07,0.9999999999958573,0.9999999999999902,0.9999999999999902,4.787364119162512e-15,5.580742581889632e-13,True,45950183.1747573,False
B,H4,two_term_center,decision_frozen_grid,1,0.42285974757318817,0.42285974757318817,0,-0.7759097196848741,-0.7759097196848741,0,-6.964886121174629e-07,0.9999999999956872,0.999999999999994,0.999999999999994,1.45251340059013e-15,5.601006050168434e-13,True,45716045.887786865,False
B,H4,two_term_center,decision_frozen_grid,1,0.4250637517954428,0.4250637517954428,0,-0.7799538760087036,-0.7799538760087036,0,-7.110871034221589e-07,0.9999999999954932,0.9999999999999925,0.9999999999999925,6.338252308059993e-15,5.532570785631435e-13,True,45483187.82361099,False
B,H4,two_term_center,decision_frozen_grid,1,0.4272792435963558,0.4272792435963558,0,-0.784019111204561,-0.784019111204561,0,-7.259911931623009e-07,0.9999999999953075,0.9999999999999911,0.9999999999999911,3.0058694064528978e-15,5.624611559437384e-13,True,45251603.39657204,False
B,H4,two_term_center,decision_frozen_grid,1,0.4295062828507959,0.4295062828507959,0,-0.7881055351427538,-0.7881055351427538,0,-7.412072713375295e-07,0.9999999999951035,0.9999999999999964,0.9999999999999964,1.4461243129053038e-15,5.568753836357957e-13,True,45021287.06606324,False
B,H4,two_term_center,decision_frozen_grid,1,0.431744929745708,0.431744929745708,0,-0.7922132582663558,-0.7922132582663558,0,-7.56741850072018e-07,0.9999999999948919,0.9999999999999927,0.9999999999999927,2.129387257155526e-15,5.584909886779252e-13,True,44792233.33466789,False
B,H4,two_term_center,decision_frozen_grid,1,0.4339952447817398,0.4339952447817398,0,-0.7963423915942,-0.7963423915942,0,-7.726015769371486e-07,0.9999999999946751,0.9999999999999936,0.9999999999999936,2.721452163834674e-15,5.595661524476178e-13,True,44564436.75127588,False
B,H4,two_term_center,decision_frozen_grid,1,0.43625728877487685,0.43625728877487685,0,-0.8004930467238913,-0.8004930467238913,0,-7.88793257155973e-07,0.9999999999944433,0.9999999999999931,0.9999999999999931,4.9876255237307884e-15,5.601333831487015e-13,True,44337891.91658369,False
B,H4,two_term_center,decision_frozen_grid,1,0.4385311228580861,0.4385311228580861,0,-0.8046653358348059,-0.8046653358348059,0,-8.053238103045146e-07,0.9999999999942084,0.9999999999999936,0.9999999999999936,2.143026901424274e-15,5.601749873792779e-13,True,44112593.47019814,False
B,H4,two_term_center,decision_frozen_grid,1,0.44081680848296817,0.44081680848296817,0,-0.808859371691151,-0.808859371691151,0,-8.222003280433654e-07,0.9999999999939644,1.0000000000000022,1.0000000000000022,2.8118877911740546e-15,5.593504896762107e-13,True,43888536.10608424,False
B,H4,two_term_center,decision_frozen_grid,1,0.44311440742141783,0.44311440742141783,0,-0.8130752676449933,-0.8130752676449933,0,-8.394300270442301e-07,0.999999999993699,1.0000000000000013,1.0000000000000013,1.0332755794701069e-15,5.543860228111987e-13,True,43665714.55867772,False
B,H4,two_term_center,decision_frozen_grid,1,0.4454239817672938,0.4454239817672938,0,-0.817313137639341,-0.817313137639341,0,-8.570202825186612e-07,0.9999999999934281,0.9999999999999953,0.9999999999999953,2.1882102314280694e-15,5.570257430171038e-13,True,43444123.61149347,False
B,H4,two_term_center,decision_frozen_grid,1,0.4477455939380969,0.4477455939380969,0,-0.8215730962112288,-0.8215730962112288,0,-8.749786351014421e-07,0.9999999999931448,0.9999999999999942,0.9999999999999942,1.7179763894522525e-15,5.586687389364797e-13,True,43223758.09820514,False
B,H4,two_term_center,decision_frozen_grid,1,0.450079306676656,0.450079306676656,0,-0.8258552584947987,-0.8258552584947987,0,-8.933127551014053e-07,0.9999999999928526,0.9999999999999956,0.9999999999999956,2.0881505739310123e-15,5.606703991408747e-13,True,43004612.8921151,False
B,H4,two_term_center,decision_frozen_grid,1,0.4524251830528251,0.4524251830528251,0,-0.8301597402244437,-0.8301597402244437,0,-9.120305040077881e-07,0.9999999999925435,0.9999999999999964,0.9999999999999964,2.434725434640857e-15,5.576279597632486e-13,True,42786682.92219096,False
B,H4,two_term_center,decision_frozen_grid,1,0.45478328646518684,0.45478328646518684,0,-0.8344866577379143,-0.8344866577379143,0,-9.311398811995275e-07,0.9999999999922242,0.9999999999999964,0.9999999999999964,1.6394472634061621e-15,5.51764722125659e-13,True,42569963.15777529,False
B,H4,two_term_center,decision_frozen_grid,1,0.45715368064276607,0.45715368064276607,0,-0.8388361279794849,-0.8388361279794849,0,-9.506490699084935e-07,0.9999999999918876,0.9999999999999951,0.9999999999999951,3.3222919500020943e-15,5.576102919137628e-13,True,42354448.62027679,False
B,H4,two_term_center,decision_frozen_grid,1,0.4595364296467523,0.4595364296467523,0,-0.8432082685031045,-0.8432082685031045,0,-9.705664052450658e-07,0.9999999999915379,0.9999999999999925,0.9999999999999925,2.017632879173723e-15,5.54770884490727e-13,True,42140134.37377434,False
B,H4,two_term_center,decision_frozen_grid,1,0.4619315978722309,0.4619315978722309,0,-0.8476031974755951,-0.8476031974755951,0,-9.90900416164564e-07,0.9999999999911733,0.9999999999999911,0.9999999999999911,3.285116277693934e-15,5.578463124005753e-13,True,41927015.53546604,False
B,H4,two_term_center,decision_frozen_grid,1,0.4643392500499238,0.4643392500499238,0,-0.8520210336798354,-0.8520210336798354,0,-1.011659795269182e-06,0.9999999999907951,0.9999999999999925,0.9999999999999925,2.223642611650114e-15,5.547692171581846e-13,True,41715087.26679297,False
B,H4,two_term_center,decision_frozen_grid,1,0.46675945124793794,0.46675945124793794,0,-0.8564618965179862,-0.8564618965179862,0,-1.0328534281178747e-06,0.9999999999903992,0.9999999999999933,0.9999999999999933,1.9830542137453524e-15,5.58885784834968e-13,True,41504344.78041634,False
B,H4,two_term_center,decision_frozen_grid,1,0.46919226687352455,0.46919226687352455,0,-0.8609259060147115,-0.8609259060147115,0,-1.0544903696896313e-06,0.9999999999899871,0.9999999999999947,0.9999999999999947,1.888806075193827e-15,5.568232062453156e-13,True,41294783.33319781,False
B,H4,two_term_center,decision_frozen_grid,1,0.47163776267484697,0.47163776267484697,0,-0.8654131828204387,-0.8654131828204387,0,-1.0765798728051834e-06,0.9999999999895601,1.0,1.0,2.696798165961265e-15,5.554970608850383e-13,True,41086398.23286624,False
B,H4,two_term_center,decision_frozen_grid,1,0.47409600474275665,0.47409600474275665,0,-0.8699238482146191,-0.8699238482146191,0,-1.09913138301998e-06,0.9999999999891036,0.9999999999999973,0.9999999999999973,2.7168151156857315e-15,5.583737909877618e-13,True,40879184.83582259,False
B,H4,two_term_center,decision_frozen_grid,1,0.47656705951258016,0.47656705951258016,0,-0.8744580241090123,-0.8744580241090123,0,-1.122154541510767e-06,0.9999999999886295,0.9999999999999851,0.9999999999999851,3.503920272829391e-15,5.602524348610042e-13,True,40673138.5470568,False
B,H4,two_term_center,decision_frozen_grid,1,0.47905099376591403,0.47905099376591403,0,-0.87901583305098,-0.87901583305098,0,-1.145659177748115e-06,0.9999999999881528,0.9999999999999925,0.9999999999999925,3.4266697508655857e-15,5.568388938703447e-13,True,40468254.817448616,False
B,H4,two_term_center,decision_frozen_grid,1,0.4815478746324302,0.4815478746324302,0,-0.8835973982268243,-0.8835973982268243,0,-1.169655354571475e-06,0.9999999999876397,1.0000000000000022,1.0000000000000022,1.4471792425951515e-15,5.54588600613779e-13,True,40264529.154479526,False
B,H4,two_term_center,decision_frozen_grid,1,0.48405776959168956,0.48405776959168956,0,-0.8882028434650935,-0.8882028434650935,0,-1.194153313122115e-06,0.999999999987107,0.9999999999999998,0.9999999999999998,1.4908503903500433e-15,5.57395127845045e-13,True,40061957.107261285,False
B,H4,two_term_center,decision_frozen_grid,1,0.4865807464749659,0.4865807464749659,0,-0.8928322932399558,-0.8928322932399558,0,-1.219163520138622e-06,0.9999999999865472,0.9999999999999953,0.9999999999999953,1.3965522944465515e-15,5.554870165422383e-13,True,39860534.27779558,False
B,H4,two_term_center,decision_frozen_grid,1,0.48911687346707927,0.48911687346707927,0,-0.8974858726745646,-0.8974858726745646,0,-1.2446966610735188e-06,0.9999999999859632,0.9999999999999869,0.9999999999999869,1.5650283793507669e-15,5.58582497663701e-13,True,39660256.31831186,False
B,H4,two_term_center,decision_frozen_grid,1,0.4916662191082386,0.4916662191082386,0,-0.9021637075444472,-0.9021637075444472,0,-1.270763646976647e-06,0.9999999999853617,0.999999999999986,0.999999999999986,2.6047748524307895e-15,5.511740246780301e-13,True,39461118.932113096,False
B,H4,two_term_center,decision_frozen_grid,1,0.49422885229589364,0.49422885229589364,0,-0.9068659242809044,-0.9068659242809044,0,-1.2973756073897391e-06,0.9999999999847315,0.9999999999999898,0.9999999999999898,2.372319765054793e-15,5.556848511721483e-13,True,39263117.87091693,False
B,H4,two_term_center,decision_frozen_grid,1,0.49680484228659777,0.49680484228659777,0,-0.9115926499744408,-0.9115926499744408,0,-1.3245439047793184e-06,0.9999999999840747,0.9999999999999913,0.9999999999999913,1.5350206033233262e-15,5.546654494009761e-13,True,39066248.93759327,False
B,H4,two_term_center,decision_frozen_grid,1,0.4993942586978789,0.4993942586978789,0,-0.9163440123782056,-0.9163440123782056,0,-1.3522801425303044e-06,0.9999999999833946,0.9999999999999996,0.9999999999999996,5.726298350083228e-15,5.540857328689465e-13,True,38870507.9872342,False
B,H4,two_term_center,decision_frozen_grid,1,0.5019971715101212,0.5019971715101212,0,-0.9211201399114455,-0.9211201399114455,0,-1.3805961522894705e-06,0.9999999999826734,1.0000000000000018,1.0000000000000018,3.1254542685994137e-15,5.553764927535017e-13,True,38675890.92313307,False
B,H4,two_term_center,decision_frozen_grid,1,0.5046136510684568,0.5046136510684568,0,-0.9259211616629993,-0.9259211616629993,0,-1.4095040337114284e-06,0.999999999981924,0.9999999999999949,0.9999999999999949,1.7046286060093758e-15,5.543557761156177e-13,True,38482393.705642425,False
B,H4,two_term_center,decision_frozen_grid,1,0.5072437680846661,0.5072437680846661,0,-0.9307472073947735,-0.9307472073947735,0,-1.4390161171551341e-06,0.9999999999811426,0.9999999999999916,0.9999999999999916,1.5804640489798807e-15,5.566503835429198e-13,True,38290012.34209148,False
B,H4,two_term_center,decision_frozen_grid,1,0.5098875936390893,0.5098875936390893,0,-0.9355984075452715,-0.9355984075452715,0,-1.4691450005432927e-06,0.9999999999803293,0.9999999999999905,0.9999999999999905,2.634718969323254e-15,5.57088629042928e-13,True,38098742.89488473,False
B,H4,two_term_center,decision_frozen_grid,1,0.5125451991825475,0.5125451991825475,0,-0.9404748932331166,-0.9404748932331166,0,-1.4999035311547004e-06,0.9999999999794829,0.9999999999999929,0.9999999999999929,1.804750683090233e-15,5.546565116168329e-13,True,37908581.476141445,False
B,H4,two_term_center,decision_frozen_grid,1,0.515216656538273,0.515216656538273,0,-0.945376796260616,-0.945376796260616,0,-1.531304838264802e-06,0.9999999999785933,0.9999999999999913,0.9999999999999913,5.365054674833425e-15,5.591153086526556e-13,True,37719524.25463794,False
B,H4,two_term_center,decision_frozen_grid,1,0.5179020379038515,0.5179020379038515,0,-0.9503042491173178,-0.9503042491173178,0,-1.563362309164873e-06,0.999999999977673,0.9999999999999918,0.9999999999999918,2.4235154798174497e-15,5.534113737466912e-13,True,37531567.44908117,False
B,H4,two_term_center,decision_frozen_grid,1,0.5206014158531721,0.5206014158531721,0,-0.9552573849836157,-0.9552573849836157,0,-1.5960896286859594e-06,0.9999999999767055,0.999999999999992,0.999999999999992,2.102092096184249e-15,5.562259816906165e-13,True,37344707.33660445,False
B,H4,two_term_center,decision_frozen_grid,1,0.5233148633383895,0.5233148633383895,0,-0.9602363377343348,-0.9602363377343348,0,-1.6295007385647153e-06,0.9999999999756986,0.9999999999999876,0.9999999999999876,1.798944045292141e-15,5.526943743199192e-13,True,37158940.24213485,False
B,H4,two_term_center,decision_frozen_grid,1,0.5260424536918951,0.5260424536918951,0,-0.9652412419423833,-0.9652412419423833,0,-1.6636098925104648e-06,0.9999999999746509,0.9999999999999887,0.9999999999999887,1.2213338946001214e-15,5.560249650901444e-13,True,36974262.55049996,False
B,H4,two_term_center,decision_frozen_grid,1,0.5287842606282989,0.5287842606282989,0,-0.9702722328823803,-0.9702722328823803,0,-1.6984316271173583e-06,0.9999999999735534,0.9999999999999885,0.9999999999999885,1.7943671008548213e-15,5.561811671161004e-13,True,36790670.69855237,False
B,H4,two_term_center,decision_frozen_grid,1,0.5315403582464218,0.5315403582464218,0,-0.9753294465343327,-0.9753294465343327,0,-1.7339807887317704e-06,0.9999999999724145,0.9999999999999905,0.9999999999999905,1.2216745910953313e-15,5.56759085106612e-13,True,36608161.18051137,False
B,H4,two_term_center,decision_frozen_grid,1,0.5343108210312983,0.5343108210312983,0,-0.9804130195873092,-0.9804130195873092,0,-1.7702725192414448e-06,0.9999999999712177,0.9999999999999898,0.9999999999999898,1.8096076582832638e-15,5.530241873844471e-13,True,36426730.54365819,False
B,H4,two_term_center,decision_frozen_grid,1,0.5370957238561895,0.5370957238561895,0,-0.9855230894431599,-0.9855230894431599,0,-1.8073222933789879e-06,0.9999999999699776,0.9999999999999893,0.9999999999999893,3.847919590905174e-15,5.589798210802152e-13,True,36246375.396004125,False
B,H4,two_term_center,decision_frozen_grid,1,0.5398951419846059,0.5398951419846059,0,-0.9906597942202213,-0.9906597942202213,0,-1.845145889411981e-06,0.9999999999686793,0.9999999999999936,0.9999999999999936,1.73236982642228e-15,5.566937703466032e-13,True,36067092.39849033,False
B,H4,two_term_center,decision_frozen_grid,1,0.5427091510723422,0.5427091510723422,0,-0.995823272757071,-0.995823272757071,0,-1.883759415788333e-06,0.9999999999673226,0.9999999999999911,0.9999999999999911,1.2012721401367286e-15,5.552749890169403e-13,True,35888878.27015976,False
B,H4,two_term_center,decision_frozen_grid,1,0.5455378271695216,0.5455378271695216,0,-1.001013664616293,-1.001013664616293,0,-1.923179324903046e-06,0.9999999999659028,0.9999999999999829,0.9999999999999829,2.870461507485082e-15,5.554658311340478e-13,True,35711729.790264785,False
B,H4,two_term_center,decision_frozen_grid,1,0.5483812467226518,0.5483812467226518,0,-1.0062311100882526,-1.0062311100882526,0,-1.9634224008857615e-06,0.9999999999644349,0.9999999999999836,0.9999999999999836,4.043915498275154e-15,5.531917576947897e-13,True,35535643.79445213,False
B,H4,two_term_center,decision_frozen_grid,1,0.5512394865766893,0.5512394865766893,0,-1.011475750194899,-1.011475750194899,0,-2.0045057727013926e-06,0.9999999999628912,0.999999999999986,0.999999999999986,1.9267536073807516e-15,5.544004546978282e-13,True,35360617.17674537,False
B,H4,two_term_center,decision_frozen_grid,1,0.5541126239771184,0.5541126239771184,0,-1.0167477266935991,-1.0167477266935991,0,-2.0464469345782277e-06,0.9999999999612881,0.9999999999999847,0.9999999999999847,2.7260194222560473e-15,5.535822245876291e-13,True,35186646.89311435,False
B,H4,two_term_center,decision_frozen_grid,1,0.5570007365720367,0.5570007365720367,0,-1.022047182080969,-1.022047182080969,0,-2.0892637371261458e-06,0.9999999999596072,0.9999999999999822,0.9999999999999822,4.925350581265737e-15,5.538554674969297e-13,True,35013729.958424024,False
B,H4,two_term_center,decision_frozen_grid,1,0.5599039024142554,0.5599039024142554,0,-1.027374259596739,-1.027374259596739,0,-2.132974395774312e-06,0.9999999999578646,0.9999999999999838,0.9999999999999838,2.2504313199658344e-15,5.533201492059085e-13,True,34841863.44731008,False
B,H4,two_term_center,decision_frozen_grid,1,0.5628221999634074,0.5628221999634074,0,-1.032729103227646,-1.032729103227646,0,-2.1775975129756375e-06,0.9999999999560361,0.9999999999999865,0.9999999999999865,2.6407117152182703e-15,5.56729933304655e-13,True,34671044.49807252,False
B,H4,two_term_center,decision_frozen_grid,1,0.5657557080880682,0.5657557080880682,0,-1.0381118577113293,-1.0381118577113293,0,-2.223152074432022e-06,0.9999999999541336,0.9999999999999851,0.9999999999999851,3.2361487276818508e-15,5.530218766309205e-13,True,34501270.31076353,False
B,H4,two_term_center,decision_frozen_grid,1,0.5687045060678876,0.5687045060678876,0,-1.0435226685402508,-1.0435226685402508,0,-2.2696574439873274e-06,0.999999999952143,0.999999999999984,0.999999999999984,3.1646208974637834e-15,5.573170026011151e-13,True,34332538.14504328,False
B,H4,two_term_center,decision_frozen_grid,1,0.5716686735957318,0.5716686735957318,0,-1.0489616819656609,-1.0489616819656609,0,-2.317133412033101e-06,0.9999999999500655,0.9999999999999776,0.9999999999999776,2.463859873384718e-15,5.559616704819113e-13,True,34164845.32974406,False
B,H4,two_term_center,decision_frozen_grid,1,0.5746482907798375,0.5746482907798375,0,-1.0544290450015386,-1.0544290450015386,0,-2.365600154430325e-06,0.999999999947905,0.999999999999978,0.999999999999978,2.5265072265469916e-15,5.576070767174146e-13,True,33998189.252802335,False
B,H4,two_term_center,decision_frozen_grid,1,0.5776434381459769,0.5776434381459769,0,-1.0599249054285975,-1.0599249054285975,0,-2.415078273809712e-06,0.9999999999456426,0.9999999999999782,0.9999999999999782,2.2881973189930775e-15,5.563921928652866e-13,True,33832567.36923304,False
B,H4,two_term_center,decision_frozen_grid,1,0.5806541966396332,0.5806541966396332,0,-1.0654494117982918,-1.0654494117982918,0,-2.4655888060109987e-06,0.9999999999432825,0.9999999999999725,0.9999999999999725,3.662409606012657e-15,5.550015217756739e-13,True,33667977.20141622,False
B,H4,two_term_center,decision_frozen_grid,1,0.5836806476281898,0.5836806476281898,0,-1.0710027134368387,-1.0710027134368387,0,-2.5171532118672957e-06,0.9999999999408251,0.999999999999972,0.999999999999972,1.4996151049083785e-15,5.579600448063608e-13,True,33504416.33625605,False
B,H4,two_term_center,decision_frozen_grid,1,0.5867228729031273,0.5867228729031273,0,-1.076584960449272,-1.076584960449272,0,-2.569793395856834e-06,0.9999999999382574,0.9999999999999745,0.9999999999999745,2.3992489921319868e-15,5.565308117914207e-13,True,33341882.42814225,False
B,H4,two_term_center,decision_frozen_grid,1,0.5897809546822355,0.5897809546822355,0,-1.0821963037235238,-1.0821963037235238,0,-2.6235317254208468e-06,0.9999999999355755,0.999999999999972,0.999999999999972,3.627222572161942e-15,5.559295438757375e-13,True,33180373.201985598,False
B,H4,two_term_center,decision_frozen_grid,1,0.5928549756118346,0.5928549756118346,0,-1.0878368949344988,-1.0878368949344988,0,-2.678391010757508e-06,0.9999999999327802,0.9999999999999702,0.9999999999999702,3.94676595453106e-15,5.539262685831303e-13,True,33019886.44785641,False
B,H4,two_term_center,decision_frozen_grid,1,0.5959450187690092,0.5959450187690092,0,-1.093506886548214,-1.093506886548214,0,-2.734394553893793e-06,0.9999999999298606,0.9999999999999705,0.9999999999999705,1.6768063304951788e-15,5.542470400157691e-13,True,32860420.03031668,False
B,H4,two_term_center,decision_frozen_grid,1,0.5990511676638534,0.5990511676638534,0,-1.0992064318259245,-1.0992064318259245,0,-2.7915661353627996e-06,0.9999999999268139,0.9999999999999694,0.9999999999999694,2.122262868669434e-15,5.554196057125929e-13,True,32701971.884487074,False
B,H4,two_term_center,decision_frozen_grid,1,0.6021735062417269,0.6021735062417269,0,-1.104935684828272,-1.104935684828272,0,-2.849930011761259e-06,0.99999999992363,0.9999999999999643,0.9999999999999643,1.6139519242437378e-15,5.579868698250134e-13,True,32544540.014498685,False
B,H4,two_term_center,decision_frozen_grid,1,0.6053121188855254,0.6053121188855254,0,-1.1106948004194894,-1.1106948004194894,0,-2.9095109570498323e-06,0.9999999999203124,0.9999999999999605,0.9999999999999605,1.7042914460800132e-15,5.579192343318772e-13,True,32388122.501060367,False
B,H4,two_term_center,decision_frozen_grid,1,0.6084670904179593,0.6084670904179593,0,-1.1164839342715847,-1.1164839342715847,0,-2.970334245899764e-06,0.9999999999168532,0.9999999999999649,0.9999999999999649,6.251383596855919e-15,5.570293324023187e-13,True,32232717.496901847,False
B,H4,two_term_center,decision_frozen_grid,1,0.6116385061038472,0.6116385061038472,0,-1.1223032428685802,-1.1223032428685802,0,-3.0324256832248153e-06,0.999999999913233,0.9999999999999636,0.9999999999999636,2.195857942741207e-15,5.518507095122294e-13,True,32078323.23183572,False
B,H4,two_term_center,decision_frozen_grid,1,0.6148264516524196,0.6148264516524196,0,-1.1281528835107508,-1.1281528835107508,0,-3.0958115979640155e-06,0.9999999999094606,0.9999999999999594,0.9999999999999594,1.6812335690080301e-15,5.576630240425496e-13,True,31924938.010406233,False
B,H4,two_term_center,decision_frozen_grid,1,0.6180310132196356,0.6180310132196356,0,-1.1340330143189052,-1.1340330143189052,0,-3.160518871281326e-06,0.999999999905524,0.9999999999999618,0.9999999999999618,2.1172754686293293e-15,5.5646646622124e-13,True,31772560.21662507,False
B,H4,two_term_center,decision_frozen_grid,1,0.6212522774105116,0.6212522774105116,0,-1.1399437942386699,-1.1399437942386699,0,-3.2265749307924807e-06,0.99999999990141,0.9999999999999591,0.9999999999999591,2.8785032187056808e-15,5.527339775808694e-13,True,31621188.311729815,False
B,H4,two_term_center,decision_frozen_grid,1,0.6244903312814609,0.6244903312814609,0,-1.1458853830448101,-1.1458853830448101,0,-3.294007771659224e-06,0.9999999998971179,0.9999999999999545,0.9999999999999545,1.4651190872622742e-15,5.504145582796072e-13,True,31470820.83744653,False
B,H4,two_term_center,decision_frozen_grid,1,0.6277452623426476,0.6277452623426476,0,-1.1518579413455752,-1.1518579413455752,0,-3.3628459736867455e-06,0.9999999998926397,0.9999999999999536,0.9999999999999536,2.7990911369333266e-15,5.546133897023779e-13,True,31321456.418395426,False
B,H4,two_term_center,decision_frozen_grid,1,0.6310171585603506,0.6310171585603506,0,-1.1578616305870484,-1.1578616305870484,0,-3.4331186964386973e-06,0.9999999998879623,0.9999999999999512,0.9999999999999512,5.58216200537479e-15,5.577247717449716e-13,True,31173093.760071743,False
B,H4,two_term_center,decision_frozen_grid,1,0.6343061083593414,0.6343061083593414,0,-1.163896613057543,-1.163896613057543,0,-3.504855705438459e-06,0.9999999998830793,0.9999999999999463,0.9999999999999463,3.2972133556236643e-15,5.546709096276481e-13,True,31025731.65310028,False
B,H4,two_term_center,decision_frozen_grid,1,0.6376122006252739,0.6376122006252739,0,-1.1699630518920054,-1.1699630518920054,0,-3.5780873766100285e-06,0.9999999998779894,0.9999999999999474,0.9999999999999474,5.107757782090107e-15,5.541425656085077e-13,True,30879368.97310391,False
B,H4,two_term_center,decision_frozen_grid,1,0.6409355247070864,0.6409355247070864,0,-1.1760611110764543,-1.1760611110764543,0,-3.652844717372261e-06,0.9999999998726667,0.999999999999946,0.999999999999946,1.4215313739721223e-15,5.560039993483535e-13,True,30734004.683900375,False
B,H4,two_term_center,decision_frozen_grid,1,0.6442761704194166,0.6442761704194166,0,-1.1821909554524317,-1.1821909554524317,0,-3.7291593713018045e-06,0.9999999998671174,0.9999999999999425,0.9999999999999425,2.9714487948429934e-15,5.558268843164693e-13,True,30589637.83742892,False
B,H4,two_term_center,decision_frozen_grid,1,0.6476342280450283,0.6476342280450283,0,-1.1883527507214775,-1.1883527507214775,0,-3.8070636256826162e-06,0.9999999998613198,0.9999999999999412,0.9999999999999412,3.70329781042624e-15,5.569173663608578e-13,True,30446267.574286327,False
B,H4,two_term_center,decision_frozen_grid,1,0.6510097883372522,0.6510097883372522,0,-1.1945466634496469,-1.1945466634496469,0,-3.886590442148119e-06,0.9999999998552682,0.9999999999999356,0.9999999999999356,2.6908748428905337e-15,5.521945783510665e-13,True,30303893.128795434,False
B,H4,two_term_center,decision_frozen_grid,1,0.6544029425224376,0.6544029425224376,0,-1.2007728610720334,-1.2007728610720334,0,-3.967773465118896e-06,0.9999999998489502,0.9999999999999298,0.9999999999999298,4.117005681958404e-15,5.551103716583078e-13,True,30162513.829685107,False
B,H4,two_term_center,decision_frozen_grid,1,0.6578137823024185,0.6578137823024185,0,-1.2070315118973123,-1.2070315118973123,0,-4.0506470215806445e-06,0.9999999998423554,0.9999999999999247,0.9999999999999247,2.6486714364816325e-15,5.499909325293097e-13,True,30022129.099129617,False
B,H4,two_term_center,decision_frozen_grid,1,0.6612423998569915,0.6612423998569915,0,-1.213322785112321,-1.213322785112321,0,-4.135246142400462e-06,0.9999999998354698,0.9999999999999194,0.9999999999999194,2.784049062585266e-15,5.542954772952618e-13,True,29882738.45601118,False
B,H4,two_term_center,decision_frozen_grid,1,0.6646888878464078,0.6646888878464078,0,-1.2196468507866716,-1.2196468507866716,0,-4.221606592524907e-06,0.9999999998282842,0.9999999999999165,0.9999999999999165,2.527589018847139e-15,5.523080885141024e-13,True,29744341.52086127,False
B,H4,two_term_center,decision_frozen_grid,1,0.6681533394138761,0.6681533394138761,0,-1.2260038798773567,-1.2260038798773567,0,-4.309764858767551e-06,0.9999999998207783,0.9999999999999121,0.9999999999999121,3.2592145856444796e-15,5.534881391731795e-13,True,29606938.01264246,False
B,H4,two_term_center,decision_frozen_grid,1,0.671635848188081,0.671635848188081,0,-1.232394044233419,-1.232394044233419,0,-4.399758191997449e-06,0.9999999998129476,0.9999999999999087,0.9999999999999087,1.6651889995333467e-15,5.549749587757078e-13,True,29470527.75601648,False
B,H4,two_term_center,decision_frozen_grid,1,0.6751365082857128,0.6751365082857128,0,-1.238817516600606,-1.238817516600606,0,-4.491624593372379e-06,0.9999999998047684,0.9999999999999074,0.9999999999999074,2.2754968466513227e-15,5.554888150789193e-13,True,29335110.677903935,False
B,H4,two_term_center,decision_frozen_grid,1,0.678655414314011,0.678655414314011,0,-1.2452744706260883,-1.2452744706260883,0,-4.585402857415488e-06,0.9999999997962341,0.9999999999999083,0.9999999999999083,5.023386833947021e-15,5.545491165463473e-13,True,29200686.814920053,False
B,H4,two_term_center,decision_frozen_grid,1,0.6821926613733216,0.6821926613733216,0,-1.2517650808631737,-1.2517650808631737,0,-4.681132569794855e-06,0.999999999787315,0.9999999999999056,0.9999999999999056,3.0422899399442283e-15,5.530482860903356e-13,True,29067256.31219408,False
B,H4,two_term_center,decision_frozen_grid,1,0.6857483450596663,0.6857483450596663,0,-1.258289522776061,-1.258289522776061,0,-4.778854131748389e-06,0.9999999997780071,0.9999999999998992,0.9999999999998992,2.3710521049710888e-15,5.566395205817554e-13,True,28934819.42728109,False
B,H4,two_term_center,decision_frozen_grid,1,0.6893225614673277,0.6893225614673277,0,-1.2648479727446156,-1.2648479727446156,0,-4.878608771186066e-06,0.9999999997682851,0.9999999999998932,0.9999999999998932,2.779553307011025e-15,5.524159575841194e-13,True,28803376.53157866,False
B,H4,two_term_center,decision_frozen_grid,1,0.6929154071914444,0.6929154071914444,0,-1.2714406080691725,-1.2714406080691725,0,-4.980438567780965e-06,0.9999999997581364,0.9999999999998856,0.9999999999998856,2.362100695258471e-15,5.542938437083701e-13,True,28672928.114393786,False
B,H4,two_term_center,decision_frozen_grid,1,0.6965269793306225,0.6965269793306225,0,-1.2780676069753614,-1.2780676069753614,0,-5.0843864625171875e-06,0.9999999997475431,0.9999999999998845,0.9999999999998845,4.929126049197404e-15,5.484408656093576e-13,True,28543474.78412943,False
B,H4,two_term_center,decision_frozen_grid,1,0.7001573754895599,0.7001573754895599,0,-1.2847291486189572,-1.2847291486189572,0,-5.190496272566847e-06,0.9999999997364721,0.9999999999998772,0.9999999999998772,1.9752533151210256e-15,5.510422353247473e-13,True,28415017.270520296,False
B,H4,two_term_center,decision_frozen_grid,1,0.7038066937816837,0.7038066937816837,0,-1.291425413090767,-1.291425413090767,0,-5.298812721488133e-06,0.9999999997249203,0.9999999999998679,0.9999999999998679,3.219137876519929e-15,5.523489258389608e-13,True,28287556.42972967,False
B,H4,two_term_center,decision_frozen_grid,1,0.707475032831802,0.707475032831802,1,-1.2981565814215317,-1.2981565814215317,0,-5.40938144966141e-06,0.9999999997128586,0.9999999999998677,0.9999999999998677,1.8801659441893065e-14,5.517391789549026e-13,True,28161093.245820127,False
B,H4,two_term_center,decision_frozen_grid,1,0.711162491778769,0.711162491778769,0,-1.3049228355868527,-1.3049228355868527,0,-5.522249028722115e-06,0.9999999997002631,0.9999999999998688,0.9999999999998688,6.486556697481714e-15,5.529473075698874e-13,True,28035628.833029367,False
B,H4,two_term_center,decision_frozen_grid,1,0.714869170278165,0.714869170278165,0,-1.3117243585121563,-1.3117243585121563,0,-5.637462984431352e-06,0.9999999996871007,0.9999999999998599,0.9999999999998599,3.887749127514607e-15,5.529346023771445e-13,True,27911164.43964228,False
B,H4,two_term_center,decision_frozen_grid,1,0.7185951685049885,0.7185951685049885,0,-1.3185613340776834,-1.3185613340776834,0,-5.7550718275400925e-06,0.9999999996733657,0.9999999999998519,0.9999999999998519,1.5742119792643176e-15,5.531854889214423e-13,True,27787701.45334457,False
B,H4,two_term_center,decision_frozen_grid,1,0.7223405871563644,0.7223405871563644,0,-1.3254339471234857,-1.3254339471234857,0,-5.8751250486821505e-06,0.9999999996590119,0.9999999999998426,0.9999999999998426,3.656016010072294e-15,5.49247321000269e-13,True,27665241.40010267,False
B,H4,two_term_center,decision_frozen_grid,1,0.7261055274542654,0.7261055274542654,0,-1.3323423834544783,-1.3323423834544783,0,-5.997673156787897e-06,0.9999999996440347,0.9999999999998359,0.9999999999998359,4.387548422138031e-15,5.519856089259876e-13,True,27543785.951017987,False
B,H4,two_term_center,decision_frozen_grid,1,0.7298900911482468,0.7298900911482468,0,-1.339286829845503,-1.339286829845503,0,-6.122767697958054e-06,0.9999999996283926,0.999999999999841,0.999999999999841,4.236562512291054e-15,5.506981767977834e-13,True,27423336.925676826,False
B,H4,two_term_center,decision_frozen_grid,1,0.733694380518197,0.733694380518197,0,-1.346267474046423,-1.346267474046423,0,-6.250461276779973e-06,0.9999999996120428,0.9999999999998324,0.9999999999998324,2.10722211416558e-15,5.535311496726295e-13,True,27303896.296012297,False
B,H4,two_term_center,decision_frozen_grid,1,0.7375184983771018,0.7375184983771018,0,-1.3532845047872346,-1.3532845047872346,0,-6.380807563211022e-06,0.999999999594974,0.9999999999998161,0.9999999999998161,3.727339965297598e-15,5.511468443262585e-13,True,27185466.1876749,False
B,H4,two_term_center,decision_frozen_grid,1,0.7413625480738223,0.7413625480738223,0,-1.3603381117832287,-1.3603381117832287,0,-6.513861335433191e-06,0.9999999995771487,0.9999999999998075,0.9999999999998075,2.924377119630168e-15,5.519488225413267e-13,True,27068048.88790727,False
B,H4,two_term_center,decision_frozen_grid,1,0.7452266334958885,0.7452266334958885,0,-1.367428485740156,-1.367428485740156,0,-6.649678483627852e-06,0.9999999995585338,0.9999999999998028,0.9999999999998028,2.232644483142188e-15,5.530518860517767e-13,True,26951646.84652981,False
B,H4,two_term_center,decision_frozen_grid,1,0.7491108590723067,0.7491108590723067,0,-1.3745558183594444,-1.3745558183594444,0,-6.788316051276055e-06,0.9999999995390847,0.999999999999793,0.999999999999793,2.7109004996221682e-15,5.527566183582283e-13,True,26836262.68368607,False
B,H4,two_term_center,decision_frozen_grid,1,0.7530153297763819,0.7530153297763819,0,-1.3817203023434153,-1.3817203023434153,0,-6.929832235380573e-06,0.9999999995187745,0.9999999999997813,0.9999999999997813,2.622931499148932e-15,5.510991971139715e-13,True,26721899.190418743,False
B,H4,two_term_center,decision_frozen_grid,1,0.7569401511285545,0.7569401511285545,0,-1.3889221314005644,-1.3889221314005644,0,-7.074286436425936e-06,0.9999999994975615,0.9999999999997737,0.9999999999997737,3.1193706392579666e-15,5.500618386296219e-13,True,26608559.338122554,False
B,H4,two_term_center,decision_frozen_grid,1,0.7608854291992525,0.7608854291992525,0,-1.396161500250828,-1.396161500250828,0,-7.221739251717096e-06,0.9999999994754005,0.999999999999764,0.999999999999764,1.0498254015235341e-15,5.50155002810422e-13,True,26496246.278157018,False
B,H4,two_term_center,decision_frozen_grid,1,0.7648512706117575,0.7648512706117575,0,-1.403438604630924,-1.403438604630924,0,-7.3722525291142205e-06,0.9999999994522486,0.9999999999997466,0.9999999999997466,2.339646775722205e-15,5.50546881816242e-13,True,26384963.35216952,False
B,H4,two_term_center,decision_frozen_grid,1,0.7688377825450867,0.7688377825450867,0,-1.4107536412996866,-1.4107536412996866,0,-7.525889376358563e-06,0.9999999994280742,0.9999999999997342,0.9999999999997342,2.8431080445753243e-15,5.490415469558647e-13,True,26274714.09476344,False
B,H4,two_term_center,decision_frozen_grid,1,0.7728450727368895,0.7728450727368895,0,-1.4181068080434456,-1.4181068080434456,0,-7.682714187939865e-06,0.9999999994028157,0.9999999999997256,0.9999999999997256,2.7729805752967086e-15,5.502289803247923e-13,True,26165502.239382412,False
B,H4,two_term_center,decision_frozen_grid,1,0.7768732494863587,0.7768732494863587,0,-1.4254983036814244,-1.4254983036814244,0,-7.842792664414233e-06,0.9999999993764352,0.9999999999997158,0.9999999999997158,3.3550421691955254e-15,5.508310265191475e-13,True,26057331.72303821,False
B,H4,two_term_center,decision_frozen_grid,1,0.7809224216571583,0.7809224216571583,0,-1.432928328071196,-1.432928328071196,0,-8.006191862142131e-06,0.9999999993488649,0.9999999999996991,0.9999999999996991,4.435975793763913e-15,5.492179112753663e-13,True,25950206.696431387,False
B,H4,two_term_center,decision_frozen_grid,1,0.7849926986803638,0.7849926986803638,0,-1.4403970821141208,-1.4403970821141208,0,-8.172980190401802e-06,0.9999999993200779,0.9999999999996858,0.9999999999996858,3.023493578787135e-15,5.50982980060521e-13,True,25844131.525170565,False
B,H4,two_term_center,decision_frozen_grid,1,0.789084190557422,0.789084190557422,0,-1.4479047677608607,-1.4479047677608607,0,-8.343227458684765e-06,0.9999999992899942,0.9999999999996763,0.9999999999996763,4.766365335338856e-15,5.517521169541478e-13,True,25739110.799814846,False
B,H4,two_term_center,decision_frozen_grid,1,0.7931970078631219,0.7931970078631219,0,-1.4554515880168957,-1.4554515880168957,0,-8.517004898012104e-06,0.9999999992585649,0.9999999999996574,0.9999999999996574,2.2046775172056896e-15,5.479045916942446e-13,True,25635149.341630347,False
B,H4,two_term_center,decision_frozen_grid,1,0.7973312617485842,0.7973312617485842,0,-1.4630377469480798,-1.4630377469480798,0,-8.694385189134124e-06,0.9999999992257265,0.9999999999996356,0.9999999999996356,2.5978151221380988e-15,5.52621114402969e-13,True,25532252.20973543,False
B,H4,two_term_center,decision_frozen_grid,1,0.8014870639442645,0.8014870639442645,0,-1.4706634496862272,-1.4706634496862272,0,-8.875442495170915e-06,0.9999999991914315,0.9999999999996254,0.9999999999996254,4.0956694637727965e-15,5.480789683072292e-13,True,25430424.709212583,False
B,H4,two_term_center,decision_frozen_grid,1,0.8056645267629733,0.8056645267629733,0,-1.478328902434727,-1.478328902434727,0,-9.060252487813614e-06,0.9999999991555883,0.999999999999617,0.999999999999617,3.3056799268209723e-15,5.524333146782001e-13,True,25329672.398354262,False
B,H4,two_term_center,decision_frozen_grid,1,0.8098637631029113,0.8098637631029113,0,-1.486034312474186,-1.486034312474186,0,-9.248892373747708e-06,0.9999999991181401,0.9999999999995997,0.9999999999995997,2.9599173944487928e-15,5.519384772742558e-13,True,25230001.096199818,False
B,H4,two_term_center,decision_frozen_grid,1,0.8140848864507204,0.8140848864507204,0,-1.4937798881681155,-1.4937798881681155,0,-9.441440937285606e-06,0.9999999990790107,0.9999999999995832,0.9999999999995832,1.572109443750014e-15,5.537700421850596e-13,True,25131416.893059414,False
B,H4,two_term_center,decision_frozen_grid,1,0.8183280108845506,0.8183280108845506,0,-1.5015658389686255,-1.5015658389686255,0,-9.637978554577487e-06,0.9999999990381196,0.9999999999995612,0.9999999999995612,2.2967046215586854e-15,5.468222326117719e-13,True,25033926.156530783,False
B,H4,two_term_center,decision_frozen_grid,1,0.8225932510771433,0.8225932510771433,0,-1.5093923754221807,-1.5093923754221807,0,-9.838587244681563e-06,0.9999999989953978,0.9999999999995401,0.9999999999995401,4.290892030721485e-15,5.514356250102316e-13,True,24937535.544002265,False
B,H4,two_term_center,decision_frozen_grid,1,0.8268807222989304,0.8268807222989304,0,-1.517259709175362,-1.517259709175362,0,-1.0043350688881958e-05,0.9999999989507491,0.9999999999995188,0.9999999999995188,2.4860073340507333e-15,5.523834437163831e-13,True,24842252.01013764,False
B,H4,two_term_center,decision_frozen_grid,1,0.831190540421149,0.831190540421149,0,-1.525168052980669,-1.525168052980669,0,-1.0252354266215846e-05,0.9999999989040924,0.9999999999994913,0.9999999999994913,3.574371452683683e-15,5.514988956375695e-13,True,24748082.81741773,False
B,H4,two_term_center,decision_frozen_grid,1,0.8355228219189742,0.8355228219189742,0,-1.5331176207023585,-1.5331176207023585,0,-1.0465685086336052e-05,0.9999999988553414,0.9999999999994695,0.9999999999994695,2.3326677200602253e-15,5.525470345185669e-13,True,24655035.546589144,False
B,H4,two_term_center,decision_frozen_grid,1,0.839877683874665,0.839877683874665,0,-1.5411086273223142,-1.5411086273223142,0,-1.0683432032587703e-05,0.9999999988043902,0.99999999999945,0.99999999999945,3.45183981240587e-15,5.490508599710086e-13,True,24563118.109179553,False
B,H4,two_term_center,decision_frozen_grid,1,0.8442552439807303,0.8442552439807303,0,-1.5491412889459417,-1.5491412889459417,0,-1.090568578598905e-05,0.9999999987511374,0.9999999999994216,0.9999999999994216,1.1503595227208372e-15,5.488636976645128e-13,True,24472338.757247087,False
B,H4,two_term_center,decision_frozen_grid,1,0.8486556205431083,0.8486556205431083,0,-1.5572158228081086,-1.5572158228081086,0,-1.1132538873637188e-05,0.9999999986954844,0.9999999999993898,0.9999999999993898,3.595457057298688e-15,5.505215505985637e-13,True,24382706.097598977,False
B,H4,two_term_center,decision_frozen_grid,1,0.8530789324843645,0.8530789324843645,0,-1.5653324472790917,-1.5653324472790917,0,-1.1364085683585046e-05,0.999999998637326,0.9999999999993665,0.9999999999993665,2.5848327681814142e-15,5.491755770428872e-13,True,24294229.100933895,False
B,H4,two_term_center,decision_frozen_grid,1,0.8575252993469059,0.8575252993469059,0,-1.5734913818705993,-1.5734913818705993,0,-1.160042252723592e-05,0.9999999985765244,0.9999999999993341,0.9999999999993341,4.3998378970398615e-15,5.547210691666314e-13,True,24206917.119296014,False
B,H4,two_term_center,decision_frozen_grid,1,0.8619948412962104,0.8619948412962104,0,-1.5816928472417908,-1.5816928472417908,0,-1.1841647667765187e-05,0.999999998512985,0.9999999999992968,0.9999999999992968,3.2112460845796292e-15,5.518735244842814e-13,True,24120779.898438133,False
B,H4,two_term_center,decision_frozen_grid,1,0.8664876791240761,0.8664876791240761,0,-1.5899370652053304,-1.5899370652053304,0,-1.2087861341214534e-05,0.9999999984465713,0.9999999999992699,0.9999999999992699,2.522263304530759e-15,5.507389955463533e-13,True,24035827.589555304,False
B,H4,two_term_center,decision_frozen_grid,1,0.871003934251884,0.871003934251884,0,-1.598224258733509,-1.598224258733509,0,-1.2339165826436016e-05,0.9999999983771464,0.999999999999239,0.999999999999239,3.5370249680505523e-15,5.47893416155005e-13,True,23952070.769590277,False
B,H4,two_term_center,decision_frozen_grid,1,0.8755437287338815,0.8755437287338815,0,-1.6065546519643648,-1.6065546519643648,0,-1.2595665467962647e-05,0.9999999983045806,0.9999999999992084,0.9999999999992084,3.119593166156771e-15,5.492376356561033e-13,True,23869520.454448856,False
B,H4,two_term_center,decision_frozen_grid,1,0.8801071852604785,0.8801071852604785,0,-1.6149284702078461,-1.6149284702078461,0,-1.2857466714866206e-05,0.9999999982287173,0.9999999999991764,0.9999999999991764,2.2999649050489874e-15,5.511622912489773e-13,True,23788188.115501396,False
B,H4,two_term_center,decision_frozen_grid,1,0.8846944271615653,0.8846944271615653,0,-1.6233459399520211,-1.6233459399520211,0,-1.312467817005114e-05,0.9999999981494083,0.9999999999991349,0.9999999999991349,4.65794055889707e-15,5.504096823497169e-13,True,23708085.69848143,False
B,H4,two_term_center,decision_frozen_grid,1,0.8893055784098446,0.8893055784098446,0,-1.6318072888693018,-1.6318072888693018,0,-1.3397410620452632e-05,0.9999999980665022,0.9999999999990947,0.9999999999990947,1.9112050065102796e-15,5.499380234081571e-13,True,23629225.640029553,False
B,H4,two_term_center,decision_frozen_grid,1,0.8939407636241825,0.8939407636241825,0,-1.6403127458227382,-1.6403127458227382,0,-1.3675777105648379e-05,0.9999999979798184,0.9999999999990496,0.9999999999990496,2.3641501392008326e-15,5.477659878428479e-13,True,23551620.891261477,False
B,H4,two_term_center,decision_frozen_grid,1,0.8986001080729757,0.8986001080729757,0,-1.6488625408722954,-1.6488625408722954,0,-1.3959892930737183e-05,0.999999997889202,0.9999999999990061,0.9999999999990061,4.588802734389379e-15,5.465395230393684e-13,True,23475284.9331533,False
B,H4,two_term_center,decision_frozen_grid,1,0.9032837376775373,0.9032837376775373,0,-1.6574569052812145,-1.6574569052812145,0,-1.4249875732508244e-05,0.9999999977944452,0.999999999998959,0.999999999998959,2.9436001524700824e-15,5.44623949350635e-13,True,23400231.801465172,False
B,H4,two_term_center,decision_frozen_grid,1,0.9079917790155004,0.9079917790155004,0,-1.6660960715223807,-1.6660960715223807,0,-1.4545845514968292e-05,0.9999999976953846,0.9999999999989106,0.9999999999989106,1.8437181748259053e-15,5.439624012115435e-13,True,23326476.10766747,False
B,H4,two_term_center,decision_frozen_grid,1,0.9127243593242382,0.9127243593242382,0,-1.6747802732847459,-1.6747802732847459,0,-1.4847924707295235e-05,0.9999999975917928,0.9999999999988638,0.9999999999988638,1.9834790923200764e-15,5.451224992839055e-13,True,23254033.064515688,False
B,H4,two_term_center,decision_frozen_grid,1,0.9174816065043025,0.9174816065043025,0,-1.6835097454797607,-1.6835097454797607,0,-1.515623819448031e-05,0.999999997483477,0.9999999999988083,0.9999999999988083,3.3044756954538916e-15,5.473131114279944e-13,True,23182918.508320164,False
B,H4,two_term_center,decision_frozen_grid,1,0.9222636491228812,0.9222636491228812,0,-1.6922847242478674,-1.6922847242478674,0,-1.5470913371284922e-05,0.9999999973702074,0.9999999999987519,0.9999999999987519,2.847731876486627e-15,5.475581671543782e-13,True,23113148.926145956,False
B,H4,two_term_center,decision_frozen_grid,1,0.9270706164172722,0.9270706164172722,0,-1.7011054469650368,-1.7011054469650368,0,-1.5792080209964254e-05,0.9999999972517679,0.9999999999986997,0.9999999999986997,5.138728367317149e-15,5.459153141842886e-13,True,23044741.486464724,False
B,H4,two_term_center,decision_frozen_grid,1,0.9319026382983765,0.9319026382983765,0,-1.7099721522493048,-1.7099721522493048,0,-1.6119871286024434e-05,0.9999999971278895,0.9999999999986393,0.9999999999986393,2.9644875300348458e-15,5.47793063583725e-13,True,22977714.064394947,False
B,H4,two_term_center,decision_frozen_grid,1,0.9367598453542084,0.9367598453542084,0,-1.7188850799673732,-1.7188850799673732,0,-1.645442183573209e-05,0.9999999969983466,0.9999999999985725,0.9999999999985725,3.0663070017379683e-15,5.435530094555798e-13,True,22912085.273471672,False
B,H4,two_term_center,decision_frozen_grid,1,0.941642368853426,0.941642368853426,0,-1.7278444712412462,-1.7278444712412462,0,-1.679586980984915e-05,0.9999999968628497,0.9999999999985014,0.9999999999985014,2.7644610887396473e-15,5.497591667453711e-13,True,22847874.498325948,False
B,H4,two_term_center,decision_frozen_grid,1,0.9465503407488771,0.9465503407488771,0,-1.7368505684549154,-1.7368505684549154,0,-1.7144355945131196e-05,0.9999999967211419,0.9999999999984241,0.9999999999984241,3.798358782649476e-15,5.509044774569505e-13,True,22785101.93183268,False
B,H4,two_term_center,decision_frozen_grid,1,0.951483893681167,0.951483893681167,0,-1.7459036152610352,-1.7459036152610352,0,-1.75000237794265e-05,0.9999999965729258,0.9999999999983566,0.9999999999983566,2.179965702836994e-15,5.482660873825947e-13,True,22723788.60495578,False
B,H4,two_term_center,decision_frozen_grid,1,0.956443160982242,0.956443160982242,0,-1.7550038565876922,-1.7550038565876922,0,-1.7863019733166396e-05,0.9999999964178814,0.9999999999982796,0.9999999999982796,2.103041913111975e-15,5.486371092202593e-13,True,22663956.429090932,False
B,H4,two_term_center,decision_frozen_grid,1,0.9614282766789933,0.9614282766789933,0,-1.7641515386452,-1.7641515386452,0,-1.8233493174646398e-05,0.9999999962557058,0.9999999999981954,0.9999999999981954,1.897024986091737e-15,5.463171363010136e-13,True,22605628.237792145,False
B,H4,two_term_center,decision_frozen_grid,1,0.9664393754968792,0.9664393754968792,0,-1.7733469089328937,-1.7733469089328937,0,-1.8611596446227452e-05,0.999999996086057,0.999999999998116,0.999999999998116,3.760799698028758e-15,5.469106267717259e-13,True,22548827.82436497,False
B,H4,two_term_center,decision_frozen_grid,1,0.9714765928635654,0.9714765928635654,0,-1.7825902162460134,-1.7825902162460134,0,-1.8997484944049958e-05,0.9999999959085737,0.9999999999980276,0.9999999999980276,3.208344958986594e-15,5.437121851613974e-13,True,22493579.990305666,False
B,H4,two_term_center,decision_frozen_grid,1,0.9765400649125862,0.9765400649125862,0,-1.7918817106826066,-1.7918817106826066,0,-1.939131717687559e-05,0.999999995722908,0.999999999997941,0.999999999997941,2.9069855737049826e-15,5.48103214441641e-13,True,22439910.592834424,False
B,H4,two_term_center,decision_frozen_grid,1,0.9816299284870226,0.9816299284870226,0,-1.8012216436504622,-1.8012216436504622,0,-1.9793254818489814e-05,0.9999999955286427,0.9999999999978495,0.9999999999978495,2.055972970749859e-15,5.444017558623728e-13,True,22387846.59400833,False
B,H4,two_term_center,decision_frozen_grid,1,0.986746321143201,0.986746321143201,0,-1.8106102678740943,-1.8106102678740943,0,-2.0203462770984615e-05,0.9999999953253937,0.9999999999977451,0.9999999999977451,2.625938367128738e-15,5.453498757578715e-13,True,22337416.114376854,False
B,H4,two_term_center,decision_frozen_grid,1,0.9918893811544104,0.9918893811544104,0,-1.820047837401763,-1.820047837401763,0,-2.0622109228041197e-05,0.9999999951127208,0.9999999999976363,0.9999999999976363,4.429049159504772e-15,5.472329871978804e-13,True,22288648.48964131,False
B,H4,two_term_center,decision_frozen_grid,1,0.99705924751464,0.99705924751464,0,-1.8295346076125485,-1.8295346076125485,0,-2.1049365745762216e-05,0.9999999948901928,0.9999999999975242,0.9999999999975242,5.2788914546446495e-15,5.43197233008229e-13,True,22241574.331752077,False
B,H4,two_term_center,decision_frozen_grid,1,1.0022560599423351,1.0022560599423351,0,-1.8390708352234333,-1.8390708352234333,0,-2.1485407291077507e-05,0.9999999946573264,0.9999999999974103,0.9999999999974103,2.5534444525844644e-15,5.44982734100705e-13,True,22196225.589864746,False
B,H4,two_term_center,decision_frozen_grid,1,1.007479958884172,1.007479958884172,0,-1.8486567782964594,-1.8486567782964594,0,-2.193041231990378e-05,0.9999999944136371,0.9999999999972875,0.9999999999972875,2.2723094128145115e-15,5.470952488026661e-13,True,22152635.61979414,False
B,H4,two_term_center,decision_frozen_grid,1,1.012731085518857,1.012731085518857,0,-1.8582926962459194,-1.8582926962459194,0,-2.2384562845756406e-05,0.9999999941585942,0.9999999999971487,0.9999999999971487,7.206062534287802e-15,5.450422525305463e-13,True,22110839.255938828,False
B,H4,two_term_center,decision_frozen_grid,1,1.0180095817609371,1.0180095817609371,0,-1.867978849845573,-1.867978849845573,0,-2.2848044502810083e-05,0.9999999938916886,0.9999999999970115,0.9999999999970115,5.141071751456455e-15,5.445110742932684e-13,True,22070872.886612862,False
B,H4,two_term_center,decision_frozen_grid,1,1.0233155902646396,1.0233155902646396,0,-1.8777155012359195,-1.8777155012359195,0,-2.33210466153988e-05,0.9999999936123207,0.9999999999968774,0.9999999999968774,5.7450208267219306e-15,5.462873389797816e-13,True,22032774.535042647,False
B,H4,two_term_center,decision_frozen_grid,1,1.0286492544277244,1.0286492544277244,0,-1.8875029139315065,-1.8875029139315065,0,-2.380376226729375e-05,0.9999999933199046,0.9999999999967246,0.9999999999967246,3.0556857849627525e-15,5.444750411913543e-13,True,21996583.94531371,False
B,H4,two_term_center,decision_frozen_grid,1,1.0340107183953615,1.0340107183953615,0,-1.897341352828292,-1.897341352828292,0,-2.4296388380085077e-05,0.9999999930138208,0.9999999999965694,0.9999999999965694,2.828478161294021e-15,5.467971250786398e-13,True,21962342.67516803,False
B,H4,two_term_center,decision_frozen_grid,1,1.0394001270640252,1.0394001270640252,1,-1.9072310842110334,-1.9072310842110334,0,-2.4799125779573217e-05,0.9999999926934005,0.9999999999964067,0.9999999999964067,1.231779411127676e-14,5.445259075631816e-13,True,21930094.192655474,False
B,H4,two_term_center,decision_frozen_grid,1,1.0448176260854107,1.0448176260854107,0,-1.9171723757607393,-1.9171723757607393,0,-2.5312179281700153e-05,0.9999999923579621,0.9999999999962332,0.9999999999962332,3.227131572861833e-15,5.455181459593641e-13,True,21899883.982216686,False
B,H4,two_term_center,decision_frozen_grid,1,1.0502633618703703,1.0502633618703703,0,-1.927165496562132,-1.927165496562132,0,-2.583575774650626e-05,0.9999999920067819,0.999999999996056,0.999999999996056,3.656994073007207e-15,5.440867238490392e-13,True,21871759.652310256,False
B,H4,two_term_center,decision_frozen_grid,1,1.0557374815928702,1.0557374815928702,0,-1.937210717111207,-1.937210717111207,0,-2.637007418604398e-05,0.999999991639084,0.9999999999958602,0.9999999999958602,3.5091227443580846e-15,5.463237510052546e-13,True,21845771.059145216,False
B,H4,two_term_center,decision_frozen_grid,1,1.0612401331939674,1.0612401331939674,0,-1.9473083093227752,-1.9473083093227752,0,-2.6915345815448077e-05,0.9999999912540947,0.9999999999956544,0.9999999999956544,3.245551055143476e-15,5.424971922506653e-13,True,21821970.429026466,False
B,H4,two_term_center,decision_frozen_grid,1,1.0667714653858085,1.0667714653858085,0,-1.957458546538094,-1.957458546538094,0,-2.747179414464007e-05,0.9999999908509623,0.999999999995449,0.999999999995449,3.105299705243832e-15,5.474897077655229e-13,True,21800412.495881725,False
B,H4,two_term_center,decision_frozen_grid,1,1.07233162765565,1.07233162765565,0,-1.9676617035325406,-1.9676617035325406,0,-2.8039645068478336e-05,0.9999999904288033,0.9999999999952283,0.9999999999952283,2.6825162191966883e-15,5.401580310851391e-13,True,21781154.64781994,False
B,H4,two_term_center,decision_frozen_grid,1,1.0779207702698952,1.0779207702698952,0,-1.9779180565232848,-1.9779180565232848,0,-2.8619128923601522e-05,0.999999989986702,0.9999999999949978,0.9999999999949978,3.2802740698656716e-15,5.424902739760988e-13,True,21764257.07821082,False
B,H4,two_term_center,decision_frozen_grid,1,1.0835390442781572,1.0835390442781572,0,-1.9882278831770885,-1.9882278831770885,0,-2.9210480610109002e-05,0.9999999895236751,0.9999999999947549,0.9999999999947549,3.3345957462487015e-15,5.430625828225578e-13,True,21749782.958390307,False
B,H4,two_term_center,decision_frozen_grid,1,1.089186601517342,1.089186601517342,0,-1.9985914626180654,-1.9985914626180654,0,-2.9813939640632725e-05,0.9999999890387103,0.999999999994496,0.999999999994496,2.0885888816773645e-15,5.428835001104573e-13,True,21737798.61014786,False
B,H4,two_term_center,decision_frozen_grid,1,1.0948635946157497,1.0948635946157497,0,-2.009009075435545,-2.009009075435545,0,-3.0429750248694987e-05,0.9999999885307405,0.9999999999942348,0.9999999999942348,2.852123930622788e-15,5.427173590616041e-13,True,21728373.700906083,False
B,H4,two_term_center,decision_frozen_grid,1,1.100570176997201,1.100570176997201,0,-2.0194810036919693,-2.0194810036919693,0,-3.105816147752627e-05,0.9999999879986214,0.9999999999939597,0.9999999999939597,2.0301789202764484e-15,5.454000288584618e-13,True,21721581.44965721,False
B,H4,two_term_center,decision_frozen_grid,1,1.106306502885182,1.106306502885182,0,-2.0300075309308125,-2.0300075309308125,0,-3.169942725622654e-05,0.9999999874411758,0.9999999999936617,0.9999999999936617,2.220255213362976e-15,5.404186794289637e-13,True,21717498.845969833,False
B,H4,two_term_center,decision_frozen_grid,1,1.112072727307015,1.112072727307015,0,-2.0405889421846,-2.0405889421846,0,-3.2353806513674144e-05,0.9999999868571652,0.9999999999933531,0.9999999999933531,3.3998999127464152e-15,5.415376091108629e-13,True,21716206.89196845,False
B,H4,two_term_center,decision_frozen_grid,1,1.1178690060980452,1.1178690060980452,0,-2.0512255239829034,-2.0512255239829034,0,-3.3021563241808494e-05,0.9999999862452675,0.9999999999930296,0.9999999999930296,2.203579456531655e-15,5.454790601309732e-13,True,21717790.853823025,False
B,H4,two_term_center,decision_frozen_grid,1,1.1236954959058536,1.1236954959058536,0,-2.061917564360463,-2.061917564360463,0,-3.3702966623527786e-05,0.9999999856041066,0.9999999999926779,0.9999999999926779,2.508618844514149e-15,5.419859703041396e-13,True,21722340.544008348,False
B,H4,two_term_center,decision_frozen_grid,1,1.1295523541944907,1.1295523541944907,0,-2.0726653528652954,-2.0726653528652954,0,-3.43982911064078e-05,0.9999999849322533,0.9999999999923153,0.9999999999923153,3.2348421334156387e-15,5.397576819593691e-13,True,21729950.61593846,False
B,H4,two_term_center,decision_frozen_grid,1,1.1354397392487312,1.1354397392487312,0,-2.083469180566881,-2.083469180566881,0,-3.5107816507728984e-05,0.9999999842281676,0.9999999999919438,0.9999999999919438,2.6544731332738565e-15,5.413537128977732e-13,True,21740720.88759231,False
B,H4,two_term_center,decision_frozen_grid,1,1.1413578101783526,1.1413578101783526,0,-2.0943293400644,-2.0943293400644,0,-3.583182811706109e-05,0.9999999834902485,0.999999999991545,0.999999999991545,1.814386623884311e-15,5.39135455086332e-13,True,21754756.69065982,False
B,H4,two_term_center,decision_frozen_grid,1,1.1473067269224344,1.1473067269224344,0,-2.105246125495004,-2.105246125495004,0,-3.657061679218643e-05,0.9999999827168163,0.9999999999911242,0.9999999999911242,3.714801590702947e-15,5.392004768062554e-13,True,21772169.246946517,False
B,H4,two_term_center,decision_frozen_grid,1,1.1532866502536814,1.1532866502536814,0,-2.1162198325421584,-2.1162198325421584,0,-3.7324479069233973e-05,0.9999999819060975,0.9999999999906843,0.9999999999906843,3.719174979491661e-15,5.429084152282334e-13,True,21793076.078485947,False
B,H4,two_term_center,decision_frozen_grid,1,1.1592977417827686,1.1592977417827686,0,-2.127250758444016,-2.127250758444016,0,-3.809371726104516e-05,0.9999999810562253,0.999999999990222,0.999999999990222,2.029643828405242e-15,5.38300137401358e-13,True,21817601.44990306,False
B,H4,two_term_center,decision_frozen_grid,1,1.1653401639627066,1.1653401639627066,0,-2.1383392020018492,-2.1383392020018492,0,-3.887863956641979e-05,0.9999999801652332,0.9999999999897327,0.9999999999897327,4.6859986065779e-15,5.411511690096055e-13,True,21845876.850476198,False
B,H4,two_term_center,decision_frozen_grid,1,1.1714140800932369,1.1714140800932369,0,-2.1494854635885425,-2.1494854635885425,0,-3.967956017802976e-05,0.9999999792310649,0.9999999999892213,0.9999999999892213,3.0328920671751142e-15,5.438956998398182e-13,True,21878041.51761654,False
B,H4,two_term_center,decision_frozen_grid,1,1.1775196543252398,1.1775196543252398,0,-2.1606898451571217,-2.1606898451571217,0,-4.049679939344131e-05,0.9999999782515324,0.9999999999886855,0.9999999999886855,1.8338041922785955e-15,5.420503157962427e-13,True,21914243.00687677,False
B,H4,two_term_center,decision_frozen_grid,1,1.1836570516651734,1.1836570516651734,0,-2.1719526502493496,-2.1719526502493496,0,-4.133068372857984e-05,0.9999999772243512,0.9999999999881177,0.9999999999881177,3.9291730074062626e-15,5.39208042965319e-13,True,21954637.813218918,False
B,H4,two_term_center,decision_frozen_grid,1,1.1898264379795325,1.1898264379795325,0,-2.1832741840043597,-2.1832741840043597,0,-4.218154602586566e-05,0.9999999761471016,0.9999999999875151,0.9999999999875151,3.25868512043084e-15,5.416392217292909e-13,True,21999392.047519684,False
B,H4,two_term_center,decision_frozen_grid,1,1.1960279799993323,1.1960279799993323,1,-2.1946547531673573,-2.1946547531673573,0,-4.304972557100939e-05,0.999999975017264,0.9999999999868916,0.9999999999868916,1.4163649216300547e-14,5.410760566837857e-13,True,22048682.176974002,False
B,H4,two_term_center,decision_frozen_grid,1,1.2022618453246123,1.2022618453246123,0,-2.206094666098373,-2.206094666098373,0,-4.39355682193554e-05,0.9999999738321255,0.9999999999862319,0.9999999999862319,2.4785549138023304e-15,5.392018996413312e-13,True,22102695.83650875,False
B,H4,two_term_center,decision_frozen_grid,1,1.2085282024289674,1.2085282024289674,0,-2.217594232781053,-2.217594232781053,0,-4.483942649935457e-05,0.9999999725889013,0.9999999999855329,0.9999999999855329,4.059034470626666e-15,5.368356070919616e-13,True,22161632.71277839,False
B,H4,two_term_center,decision_frozen_grid,1,1.2148272206641002,1.2148272206641002,0,-2.229153764831525,-2.229153764831525,0,-4.5761659742682426e-05,0.9999999712845837,0.9999999999847953,0.9999999999847953,2.4057051665980786e-15,5.385711997481739e-13,True,22225705.51881492,False
B,H4,two_term_center,decision_frozen_grid,1,1.2211590702643986,1.2211590702643986,0,-2.2407735755073204,-2.2407735755073204,0,-4.6702634213469096e-05,0.9999999699160758,0.9999999999840186,0.9999999999840186,2.4125920880729107e-15,5.387862623581497e-13,True,22295141.064118456,False
B,H4,two_term_center,decision_frozen_grid,1,1.2275239223515355,1.2275239223515355,0,-2.252453979716323,-2.252453979716323,0,-4.766272321710119e-05,0.9999999684800442,0.9999999999832068,0.9999999999832068,2.5125639397954026e-15,5.400342248263001e-13,True,22370181.427452076,False
B,H4,two_term_center,decision_frozen_grid,1,1.233921948939093,1.233921948939093,1,-2.264195294025805,-2.264195294025805,0,-4.8642307235891025e-05,0.999999966973024,0.9999999999823448,0.9999999999823448,1.3286599110830934e-14,5.400829719454964e-13,True,22451085.25428117,False
B,H4,two_term_center,decision_frozen_grid,1,1.2403533229372146,1.2403533229372146,1,-2.2759978366715163,-2.2759978366715163,0,-4.9641774060971144e-05,0.9999999653913337,0.9999999999814417,0.9999999999814417,1.3250380743471306e-14,5.386893372474404e-13,True,22538129.187461644,False
B,H4,two_term_center,decision_frozen_grid,1,1.2468182181572736,1.2468182181572736,1,-2.287861927566811,-2.287861927566811,0,-5.066151891819359e-05,0.9999999637310969,0.9999999999804852,0.9999999999804852,1.1295530102619615e-14,5.360546424380104e-13,True,22631609.447147325,False
B,H4,two_term_center,decision_frozen_grid,1,1.2533168093165725,1.2533168093165725,0,-2.299787888311834,-2.299787888311834,0,-5.170194459092059e-05,0.9999999619882284,0.9999999999794746,0.9999999999794746,2.1084194428137522e-15,5.379705293561477e-13,True,22731843.57925604,False
B,H4,two_term_center,decision_frozen_grid,1,1.2598492720430663,1.2598492720430663,0,-2.311776042202802,-2.311776042202802,0,-5.276346157256917e-05,0.9999999601584135,0.999999999978411,0.999999999978411,4.15040846833057e-15,5.357808025931179e-13,True,22839172.4010457,False
B,H4,two_term_center,decision_frozen_grid,1,1.2664157828801061,1.2664157828801061,1,-2.323826714241296,-2.323826714241296,0,-5.3846488191844344e-05,0.9999999582370969,0.9999999999772884,0.9999999999772884,1.1104320288227738e-14,5.408340084715983e-13,True,22953962.156835716,False
B,H4,two_term_center,decision_frozen_grid,1,1.2730165192912128,1.2730165192912128,1,-2.3359402311436392,-2.3359402311436392,0,-5.495145075373742e-05,0.9999999562194695,0.9999999999761027,0.9999999999761027,1.1233399004233925e-14,5.365957240187315e-13,True,23076606.921354223,False
B,H4,two_term_center,decision_frozen_grid,1,1.2796516596648706,1.2796516596648706,0,-2.3481169213503206,-2.3481169213503206,0,-5.607878367497321e-05,0.9999999541004548,0.9999999999748508,0.9999999999748508,2.024026993532991e-15,5.375898089149356e-13,True,23207531.2792464,False
B,H4,two_term_center,decision_frozen_grid,1,1.286321383319351,1.286321383319351,0,-2.3603571150354914,-2.3603571150354914,0,-5.722892962811699e-05,0.9999999518746937,0.9999999999735327,0.9999999999735327,2.39750257957839e-15,5.389013853187776e-13,True,23347193.32200032,False
B,H4,two_term_center,decision_frozen_grid,1,1.2930258705075566,1.2930258705075566,0,-2.3726611441165164,-2.3726611441165164,0,-5.840233968923414e-05,0.9999999495365115,0.9999999999721403,0.9999999999721403,1.7385776125941062e-15,5.386511028514342e-13,True,23496088.005598817,False
B,H4,two_term_center,decision_frozen_grid,1,1.2997653024218931,1.2997653024218931,0,-2.3850293422635844,-2.3850293422635844,0,-5.9599473480664855e-05,0.9999999470799219,0.9999999999706624,0.9999999999706624,1.7436001322240146e-15,5.359100389425032e-13,True,23654750.918531053,False
B,H4,two_term_center,decision_frozen_grid,1,1.3065398611991677,1.3065398611991677,0,-2.3974620449093815,-2.3974620449093815,0,-6.0820799317795604e-05,0.9999999444986091,0.9999999999691089,0.9999999999691089,2.5132021901572924e-15,5.39068369669799e-13,True,23823762.522299007,False
B,H4,two_term_center,decision_frozen_grid,1,1.313349729925508,1.313349729925508,0,-2.4099595892588197,-2.4099595892588197,0,-6.20667943567188e-05,0.9999999417858676,0.9999999999674756,0.9999999999674756,3.1470265478273856e-15,5.312606335491465e-13,True,24003752.934162706,False
B,H4,two_term_center,decision_frozen_grid,1,1.3201950926413144,1.3201950926413144,0,-2.4225223142988543,-2.4225223142988543,0,-6.333794475632537e-05,0.9999999389346157,0.9999999999657381,0.9999999999657381,2.3423720624763668e-15,5.370645398985745e-13,True,24195407.338227626,False
B,H4,two_term_center,decision_frozen_grid,1,1.32707613434623,1.32707613434623,0,-2.435150560808315,-2.435150560808315,0,-6.463474581419604e-05,0.9999999359373778,0.9999999999638993,0.9999999999638993,3.233045134500703e-15,5.388062742025232e-13,True,24399472.11235969,False
B,H4,two_term_center,decision_frozen_grid,1,1.3339930410041432,1.3339930410041432,0,-2.4478446713678528,-2.4478446713678528,0,-6.595770213535523e-05,0.9999999327862288,0.999999999961962,0.999999999961962,2.1822526687139743e-15,5.33799456653928e-13,True,24616761.800636083,False
B,H4,two_term_center,decision_frozen_grid,1,1.3409459995482111,1.3409459995482111,0,-2.4606049903699243,-2.4606049903699243,0,-6.730732778947868e-05,0.9999999294727716,0.9999999999599058,0.9999999999599058,1.8946892410607428e-15,5.310910339344756e-13,True,24848167.057313588,False
B,H4,two_term_center,decision_frozen_grid,1,1.347935197885913,1.347935197885913,0,-2.473431864028833,-2.473431864028833,0,-6.868414645966325e-05,0.9999999259881449,0.9999999999577311,0.9999999999577311,2.7733385100220176e-15,5.34355521590111e-13,True,25094663.725476563,False
B,H4,two_term_center,decision_frozen_grid,1,1.3549608249041292,1.3549608249041292,0,-2.4863256403908585,-2.4863256403908585,0,-7.008869161184705e-05,0.9999999223229354,0.9999999999554399,0.9999999999554399,1.911002885802953e-15,5.39011790774194e-13,True,25357323.252783433,False
B,H4,two_term_center,decision_frozen_grid,1,1.3620230704742435,1.3620230704742435,0,-2.499286669344435,-2.499286669344435,0,-7.152150665645784e-05,0.9999999184671681,0.9999999999530036,0.9999999999530036,1.8508159736804774e-15,5.348460530780824e-13,True,25637324.670647036,False
B,H4,two_term_center,decision_frozen_grid,1,1.3691221254572763,1.3691221254572763,0,-2.512315302630391,-2.512315302630391,0,-7.298314510473247e-05,0.9999999144103024,0.9999999999504205,0.9999999999504205,2.0452779458012026e-15,5.316235963711127e-13,True,25935968.41887919,False
B,H4,two_term_center,decision_frozen_grid,1,1.3762581817090425,1.3762581817090425,0,-2.5254118938522803,-2.5254118938522803,0,-7.447417074546436e-05,0.9999999101411308,0.9999999999476892,0.9999999999476892,2.548062345779059e-15,5.319642548313436e-13,True,26254692.36454619,False
B,H4,two_term_center,decision_frozen_grid,1,1.383431432085337,1.383431432085337,0,-2.5385767984867593,-2.5385767984867593,0,-7.599515780953858e-05,0.9999999056477868,0.9999999999447928,0.9999999999447928,2.9306857995379045e-15,5.306411584628241e-13,True,26595090.42099234,False
B,H4,two_term_center,decision_frozen_grid,1,1.3906420704471454,1.3906420704471454,0,-2.551810373894028,-2.551810373894028,0,-7.754669113335666e-05,0.999999900917671,0.9999999999417237,0.9999999999417237,1.5387742919323088e-15,5.301790005470321e-13,True,26958934.277554564,False
B,H4,two_term_center,decision_frozen_grid,1,1.3978902916658837,1.3978902916658837,0,-2.5651129793283562,-2.5651129793283562,0,-7.912936633691636e-05,0.999999895937413,0.9999999999384659,0.9999999999384659,1.8482658484174483e-15,5.315243584518726e-13,True,27348198.869180303,False
B,H4,two_term_center,decision_frozen_grid,1,1.405176291628666,1.405176291628666,0,-2.5784849759486597,-2.5784849759486597,0,-8.074378998590426e-05,0.999999890692825,0.9999999999350104,0.9999999999350104,2.0325285119210414e-15,5.341978949293101e-13,True,27765092.347507667,False
B,H4,two_term_center,decision_frozen_grid,1,1.4125002672435965,1.4125002672435965,0,-2.5919267268291715,-2.5919267268291715,0,-8.239057978109976e-05,0.9999998851688319,0.9999999999313514,0.9999999999313514,2.827916269584714e-15,5.32241677323395e-13,True,28212091.52670092,False
B,H4,two_term_center,decision_frozen_grid,1,1.4198624164450924,1.4198624164450924,0,-2.6054385969701426,-2.6054385969701426,0,-8.407036471336227e-05,0.9999998793494039,0.9999999999274629,0.9999999999274629,4.336274476075301e-15,5.33957513545698e-13,True,28691983.982277904,False
B,H4,two_term_center,decision_frozen_grid,1,1.4272629381992326,1.4272629381992326,0,-2.6190209533086573,-2.6190209533086573,0,-8.578378525725405e-05,0.9999998732175173,0.9999999999233256,0.9999999999233256,3.652480597837711e-15,5.328523904894975e-13,True,29207918.33820512,False
B,H4,two_term_center,decision_frozen_grid,1,1.4347020325091353,1.4347020325091353,0,-2.632674164729488,-2.632674164729488,0,-8.753149354068235e-05,0.9999998667550729,0.9999999999189371,0.9999999999189371,5.1018898324013665e-15,5.305541780188956e-13,True,29763464.63405454,False
B,H4,two_term_center,decision_frozen_grid,1,1.4421799004203633,1.4421799004203633,0,-2.64639860207602,-2.64639860207602,0,-8.931415351609573e-05,0.9999998599427895,0.9999999999142777,0.9999999999142777,3.028436446875105e-15,5.310996544388928e-13,True,30362687.223956913,False
B,H4,two_term_center,decision_frozen_grid,1,1.4496967440263555,1.4496967440263555,0,-2.660194638161274,-2.660194638161274,0,-9.113244115432906e-05,0.9999998527601587,0.9999999999093159,0.9999999999093159,4.4736661556624474e-15,5.35498366066981e-13,True,31010233.360777255,False
B,H4,two_term_center,decision_frozen_grid,1,1.4572527664738928,1.4572527664738928,0,-2.6740626477789724,-2.6740626477789724,0,-9.298704461091489e-05,0.9999998451853394,0.999999999904037,0.999999999904037,7.197091501039419e-15,5.320828984443951e-13,True,31711441.52367593,False
B,H4,two_term_center,decision_frozen_grid,1,1.4648481719685829,1.4648481719685829,0,-2.688003007714681,-2.688003007714681,0,-9.487866440993642e-05,0.9999998371950474,0.9999999998984097,0.9999999998984097,2.1236100795463164e-15,5.292352998911857e-13,True,32472474.84601779,False
B,H4,two_term_center,decision_frozen_grid,1,1.4724831657803834,1.4724831657803834,0,-2.702016096757046,-2.702016096757046,0,-9.680801362965674e-05,0.9999998287644865,0.9999999998924152,0.9999999998924152,2.516003787045777e-15,5.309928182943458e-13,True,33300486.691580135,False
B,H4,two_term_center,decision_frozen_grid,1,1.480157954249146,1.480157954249146,0,-2.7161022957090664,-2.7161022957090664,0,-9.877581807460345e-05,0.9999998198671834,0.9999999998860369,0.9999999998860369,3.823166436084773e-15,5.283093633817097e-13,True,34203827.78529145,False
B,H4,two_term_center,decision_frozen_grid,1,1.4878727447901972,1.4878727447901972,0,-2.7302619873994742,-2.7302619873994742,0,-0.00010078281646097587,0.9999998104748841,0.9999999998792308,0.9999999998792308,3.763608027284719e-15,5.334060270347965e-13,True,35192307.61433822,False
B,H4,two_term_center,decision_frozen_grid,1,1.4956277458999392,1.4956277458999392,0,-2.7444955566941585,-2.7444955566941585,0,-0.0001028297605936146,0.9999998005574382,0.9999999998719691,0.9999999998719691,2.7647498812648716e-15,5.289777369367049e-13,True,36277527.43111581,False
B,H4,two_term_center,decision_frozen_grid,1,1.5034231671614864,1.5034231671614864,0,-2.7588033905076847,-2.7588033905076847,0,-0.00010491741555118672,0.9999997900826093,0.9999999998642239,0.9999999998642239,1.652419846363606e-15,5.310212404617319e-13,True,37473308.84684935,False
B,H4,two_term_center,decision_frozen_grid,1,1.5112592192503314,1.5112592192503314,0,-2.773185877814868,-2.773185877814868,0,-0.0001070465598553838,0.9999997790159378,0.9999999998559532,0.9999999998559532,1.6892720373444153e-15,5.290908331073136e-13,True,38796251.61881053,False
B,H4,two_term_center,decision_frozen_grid,1,1.519136113940036,1.519136113940036,0,-2.7876434096624387,-2.7876434096624387,0,-0.00010921798565810548,0.9999997673205501,0.9999999998471123,0.9999999998471123,3.4849575520586148e-15,5.237861075252104e-13,True,40266468.49824082,False
B,H4,two_term_center,decision_frozen_grid,1,1.5270540641079549,1.5270540641079549,0,-2.8021763791807577,-2.8021763791807577,0,-0.00011143249890976925,0.9999997549569793,0.9999999998376572,0.9999999998376572,4.948495538386451e-15,5.260148396753818e-13,True,41908566.3397071,False
B,H4,two_term_center,decision_frozen_grid,1,1.53501328374099,1.53501328374099,0,-2.816785181595618,-2.816785181595618,0,-0.00011369091953183919,0.9999997418829283,0.9999999998275402,0.9999999998275402,2.2352965865416776e-15,5.295864978923089e-13,True,43752975.4742839,False
B,H4,two_term_center,decision_frozen_grid,1,1.543013987941374,1.543013987941374,0,-2.831470214240132,-2.831470214240132,0,-0.00011599408159690405,0.9999997280530538,0.9999999998167035,0.9999999998167035,2.761356036665008e-15,5.249602458538381e-13,True,45837780.64536737,False
B,H4,two_term_center,decision_frozen_grid,1,1.551056392932481,1.551056392932481,0,-2.846231876566655,-2.846231876566655,0,-0.00011834283348766128,0.9999997134187056,0.9999999998050946,0.9999999998050946,1.7752617866525643e-15,5.271534487381718e-13,True,48211289.06147522,False
B,H4,two_term_center,decision_frozen_grid,1,1.559140716064671,1.559140716064671,0,-2.8610705701588097,-2.8610705701588097,0,-0.00012073803806322836,0.9999996979276152,0.9999999997926388,0.9999999997926388,2.394668955343305e-15,5.240025771732863e-13,True,50935706.72511477,False
B,H4,two_term_center,decision_frozen_grid,1,1.5672671758211674,1.5672671758211674,0,-2.875986698743574,-2.875986698743574,0,-0.00012318057282034722,0.9999996815236434,0.9999999997792672,0.9999999997792672,1.8524809165970275e-15,5.289787586979783e-13,True,54092524.26919075,False
B,H4,two_term_center,decision_frozen_grid,1,1.5754359918239558,1.5754359918239558,0,-2.8909806682034325,-2.8909806682034325,0,-0.00012567133004925957,0.999999664146364,0.9999999997649094,0.9999999997649094,2.9230999865494953e-15,5.29897144127602e-13,True,57790617.63132306,False
B,H4,two_term_center,decision_frozen_grid,1,1.583647384839724,1.583647384839724,0,-2.906052886588613,-2.906052886588613,0,-0.0001282112169853633,0.9999996457307238,0.9999999997494657,0.9999999997494657,1.970132121388808e-15,5.27822874060492e-13,True,62178806.546062164,False
B,H4,two_term_center,decision_frozen_grid,1,1.5919015767858253,1.5919015767858253,0,-2.9212037641293613,-2.9212037641293613,0,-0.00013080115594510389,0.9999996262066141,0.9999999997328419,0.9999999997328419,2.8820131516481717e-15,5.25921176110488e-13,True,67466021.83377671,False
B,H4,two_term_center,decision_frozen_grid,1,1.6001987907362796,1.6001987907362796,0,-2.9364337132483125,-2.9364337132483125,0,-0.00013344208446386396,0.9999996054983951,0.9999999997149402,0.9999999997149402,3.4543968992065338e-15,5.255670231850884e-13,True,73955063.88213697,False
B,H4,two_term_center,decision_frozen_grid,1,1.6085392509277976,1.6085392509277976,0,-2.951743148572914,-2.951743148572914,0,-0.00013613495542563747,0.9999995835243548,0.9999999996956335,0.9999999996956335,1.6598749586873086e-15,5.272879223380561e-13,True,82101990.38774931,False
B,H4,two_term_center,decision_frozen_grid,1,1.6169231827658437,1.6169231827658437,0,-2.967132486947916,-2.967132486947916,0,-0.00013888073718026916,0.9999995601961658,0.9999999996747873,0.9999999996747873,2.116177619233887e-15,5.237501117365727e-13,True,92627122.32403998,False
B,H4,two_term_center,decision_frozen_grid,1,1.6253508128307284,1.6253508128307284,0,-2.98260214744791,-2.98260214744791,0,-0.00014168041363915584,0.9999995354181883,0.9999999996522559,0.9999999996522559,2.0247843961342078e-15,5.261422821738425e-13,True,106738877.75719637,False
B,H4,two_term_center,decision_frozen_grid,1,1.633822368883729,1.633822368883729,0,-2.9981525513899445,-2.9981525513899445,0,-0.00014453498437938528,0.9999995090867818,0.9999999996278739,0.9999999996278739,2.2046121329106208e-15,5.277441484016356e-13,True,126631514.01787409,False
B,H4,two_term_center,decision_frozen_grid,1,1.642338079873247,1.642338079873247,0,-3.0137841223461805,-3.0137841223461805,0,-0.0001474454647134582,0.999999481089455,0.999999999601465,0.999999999601465,2.4440772737107285e-15,5.197715208484812e-13,True,156748016.2396069,False
B,H4,two_term_center,decision_frozen_grid,1,1.6508981759409946,1.6508981759409946,0,-3.0294972861565945,-3.0294972861565945,0,-0.00015041288574590972,0.9999994513039439,0.9999999995728084,0.9999999995728084,2.4266749524249966e-15,5.22394365109065e-13,True,207653057.2206878,False
B,H4,two_term_center,decision_frozen_grid,1,1.6595028884282164,1.6595028884282164,0,-3.045292470941761,-3.045292470941761,0,-0.00015343829442815426,0.9999994195972125,0.9999999995416753,0.9999999995416753,3.098087079366764e-15,5.218363017517462e-13,True,312116353.6037505,False
B,H4,two_term_center,decision_frozen_grid,1,1.6681524498819382,1.6681524498819382,0,-3.0611701071156223,-3.0611701071156223,0,-0.00015652275356181633,0.9999993858242188,0.9999999995078062,0.9999999995078062,4.3608591128514385e-15,5.215512265040682e-13,True,648048839.5625379,False
B,H4,two_term_center,decision_frozen_grid,1,1.6768470940612537,1.6768470940612537,0,-3.0771306273983385,-3.0771306273983385,0,-0.00015966734180072883,0.99999934982664,0.999999999470905,0.999999999470905,5.042395470006901e-15,5.230418724639186e-13,True,,True
B,H4,two_term_center,decision_frozen_grid,1,1.6855870559436428,1.6855870559436428,0,-3.0931744668291445,-3.0931744668291445,0,-0.0001628731536109651,0.999999311431286,0.9999999994306219,0.9999999994306219,2.030471938860066e-15,5.235880787970371e-13,True,,True
B,H4,two_term_center,decision_frozen_grid,1,1.6943725717313205,1.6943725717313205,0,-3.1093020627792356,-3.1093020627792356,0,-0.00016614129920755616,0.9999992704484658,0.9999999993865711,0.9999999993865711,2.051429662760967e-15,5.238067725558578e-13,True,,True
B,H4,two_term_center,decision_frozen_grid,1,1.7032038788576198,1.7032038788576198,0,-3.125513854964657,-3.125513854964657,0,-0.00016947290444679908,0.9999992266699184,0.9999999993383308,0.9999999993383308,2.938782947085252e-15,5.174481185878781e-13,True,,True
B,H4,two_term_center,decision_frozen_grid,1,1.7120812159934105,1.7120812159934105,0,3.1413750217203944,-3.141810285459192,-1,-0.0001728691106734903,0.9999991798665732,0.9999999992853734,0.9999999992853734,2.812241523270915e-15,5.199627406789996e-13,True,,True
B,H4,two_term_center,decision_frozen_grid,1,1.7210048230535486,1.7210048230535486,0,3.12499350847235,-3.1581917987072363,-1,-0.0001763310745224178,0.9999991297859626,0.9999999992271233,0.9999999992271233,2.738160602297421e-15,5.177689702991838e-13,True,,True
B,H4,two_term_center,decision_frozen_grid,1,1.7299749412033594,1.7299749412033594,0,3.1085264656429357,-3.1746588415366506,-1,-0.0001798599676674506,0.9999990761491397,0.9999999991629194,0.9999999991629194,1.9062632843972954e-15,5.196822521507978e-13,True,,True
B,H4,two_term_center,decision_frozen_grid,1,1.738991812865155,1.738991812865155,0,3.091973444008041,-3.1912118631715454,-1,-0.00018345697649224668,0.9999990186471962,0.9999999990919803,0.9999999990919803,2.3842352587627994e-15,5.194054449367738e-13,True,,True
B,H4,two_term_center,decision_frozen_grid,1,1.7480556817247883,1.7480556817247883,0,3.0753339919345786,-3.2078513152450077,-1,-0.0001871233016896845,0.9999989569371417,0.9999999990134016,0.9999999990134016,3.4981635958680043e-15,5.200564162159044e-13,True,,True
B,H4,two_term_center,decision_frozen_grid,1,1.7571667927382357,1.7571667927382357,0,3.058607655367871,-3.2245776518117153,-1,-0.00019086015777247667,0.9999988906371223,0.999999998926127,0.999999998926127,3.0421234770145993e-15,5.20088272557619e-13,True,,True
B,H4,two_term_center,decision_frozen_grid,1,1.7663253921382185,1.7663253921382185,0,3.0417939778191494,-3.241391329360437,-1,-0.00019466877247920067,0.9999988193207506,0.999999998828913,0.999999998828913,1.7223163190096074e-15,5.17545011065541e-13,True,,True
B,H4,two_term_center,decision_frozen_grid,1,1.7755317274408575,1.7755317274408575,0,3.0248925003532516,-3.2582928068263346,-1,-0.00019855038604821296,0.999998742510468,0.9999999987203008,0.9999999987203008,3.9193395861265245e-15,5.194933871563896e-13,True,,True
B,H4,two_term_center,decision_frozen_grid,1,1.784786047452363,1.784786047452363,0,3.0079027615765033,-3.275282545603083,-1,-0.00020250625036388747,0.9999986596695886,0.9999999985985635,0.9999999985985635,3.609130575469398e-15,5.170356044534549e-13,True,,True
B,H4,two_term_center,decision_frozen_grid,1,1.7940886022757572,1.7940886022757572,0,2.9908242976249158,-3.2923610095546705,-1,-0.00020653762790723285,0.9999985701928576,0.9999999984616248,0.9999999984616248,1.970459482140779e-15,5.199003497583654e-13,True,,True
B,H4,two_term_center,decision_frozen_grid,1,1.8034396433176338,1.8034396433176338,0,2.9736566421527004,-3.309528665026886,-1,-0.00021064579052265664,0.999998473395123,0.9999999983070127,0.9999999983070127,2.9230746117228824e-15,5.138907417284252e-13,True,,True
B,H4,two_term_center,decision_frozen_grid,1,1.812839423294955,1.812839423294955,0,2.956399326321232,-3.326785980858354,-1,-0.00021483201792449336,0.9999983684976017,0.9999999981317402,0.9999999981317402,2.0255686012200647e-15,5.179681710563052e-13,True,,True
B,H4,two_term_center,decision_frozen_grid,1,1.8222881962418769,1.8222881962418769,0,2.9390518787885296,-3.3441334283910567,-1,-0.00021909759592997347,0.9999982546112871,0.9999999979321834,0.9999999979321834,2.2699715784638293e-15,5.159215796865254e-13,True,,True
B,H4,two_term_center,decision_frozen_grid,1,1.8317862175166182,1.8317862175166182,0,2.9216138256994624,-3.361571481480124,-1,-0.00022344381430183802,0.9999981307165937,0.9999999977039356,0.9999999977039356,2.5297662823121552e-15,5.172913851490133e-13,True,,True
B,H4,two_term_center,decision_frozen_grid,1,1.84133374380836,1.84133374380836,0,2.9040846906767355,-3.3791006165028508,-1,-0.00022787196419526978,0.9999979956383257,0.9999999974415594,0.9999999974415594,2.0143817977683838e-15,5.161707607454494e-13,True,,True
B,H4,two_term_center,decision_frozen_grid,1,1.8509310331441842,1.8509310331441842,0,2.8864639948129684,-3.396721312366618,-1,-0.00023238333504993491,0.9999978480146829,0.999999997138314,0.999999997138314,4.8052918280605114e-15,5.149258545679172e-13,True,,True
B,H4,two_term_center,decision_frozen_grid,1,1.8605783448960456,1.8605783448960456,0,2.868751256664096,-3.4144340505154904,-1,-0.00023697921082965756,0.9999976862585253,0.9999999967858102,0.9999999967858102,4.4938367554611825e-15,5.162337951649092e-13,True,,True
B,H4,two_term_center,decision_frozen_grid,1,1.8702759397877808,1.8702759397877808,0,2.8509459922444336,-3.4322393149351527,-1,-0.0002416608654487451,0.999997508508554,0.9999999963734811,0.9999999963734811,5.193344520759227e-15,5.109478051998538e-13,True,,True
B,H4,two_term_center,decision_frozen_grid,1,1.880024079902158,1.880024079902158,0,2.8330477150238598,-3.4501375921557265,-1,-0.00024642955717335546,0.999997312567361,0.9999999958878931,0.9999999958878931,1.81272592727146e-15,5.110514709043019e-13,True,,True
B,H4,two_term_center,decision_frozen_grid,1,1.889823028687955,1.889823028687955,0,2.8150559359277225,-3.4681293712518637,-1,-0.00025128652172590193,0.9999970958219786,0.9999999953118401,0.9999999953118401,3.588280839248595e-15,5.143365601376663e-13,True,,True
B,H4,two_term_center,decision_frozen_grid,1,1.899673050967083,1.899673050967083,0,2.7969701633402475,-3.4862151438393387,-1,-0.00025623296371990456,0.9999968551409607,0.999999994623016,0.999999994623016,2.098430986890792e-15,5.125118711012199e-13,True,,True
B,H4,two_term_center,decision_frozen_grid,1,1.9095744129417407,1.9095744129417407,0,2.778789903112476,-3.50439540406711,-1,-0.00026127004596321335,0.999996586739808,0.9999999937922255,0.9999999937922255,1.714537921790846e-15,5.107590811383181e-13,True,,True
B,H4,two_term_center,decision_frozen_grid,1,1.9195273822016123,1.9195273822016123,0,2.7605146585761626,-3.5226706486034236,-1,-0.000266398875956364,0.9999962860026864,0.9999999927807988,0.9999999927807988,2.3399877265658443e-15,5.150873077601266e-13,True,,True
B,H4,two_term_center,decision_frozen_grid,1,1.9295322277310951,1.9295322277310951,1,2.7421439305655957,-3.5410413766139905,-1,-0.00027162048868922817,0.9999959472436062,0.9999999915368205,0.9999999915368205,6.1674866126717435e-15,5.09467621825261e-13,True,,True
B,H4,two_term_center,decision_frozen_grid,1,1.93958921991657,1.93958921991657,1,2.723677217450015,-3.5595080897295714,-1,-0.00027693582448451437,0.9999955633820112,0.9999999899896457,0.9999999899896457,5.603628848661751e-15,5.15691286931195e-13,True,,True
B,H4,two_term_center,decision_frozen_grid,1,1.9496986305537125,1.9496986305537125,0,2.705114015180509,-3.5780712919990774,-1,-0.0002823457000946661,0.9999951254957643,0.9999999880417032,0.9999999880417032,3.0930802137855002e-15,5.096628218011141e-13,True,,True
B,H4,two_term_center,decision_frozen_grid,1,1.9598607328548323,1.9598607328548323,0,2.6864538173568135,-3.5967314898227727,-1,-0.00028785077054727104,0.9999946221952156,0.9999999855559796,0.9999999855559796,4.7495190853831956e-15,5.135050425318772e-13,True,,True
B,H4,two_term_center,decision_frozen_grid,1,1.9700758014562614,1.9700758014562614,1,2.6676961153221512,-3.615489191857435,-1,-0.00029345147794712645,0.9999940387314714,0.9999999823365365,0.9999999823365365,3.5132531352119782e-15,5.096796506270933e-13,True,,True
B,H4,two_term_center,decision_frozen_grid,1,1.9803441124257741,1.9803441124257741,1,2.648840398298095,-3.6343449088814914,-1,-0.00029914798169228263,0.999993355701289,0.9999999780975254,0.9999999780975254,5.86921171791979e-15,5.131475242311194e-13,True,,True
B,H4,two_term_center,decision_frozen_grid,1,1.9906659432700495,1.9906659432700495,1,2.6298861535777784,-3.653299153601808,-1,-0.00030494006159398346,0.999992547125555,0.9999999724125241,0.9999999724125241,4.202781603328124e-15,5.103930154229676e-13,True,,True
B,H4,two_term_center,decision_frozen_grid,1,2.00104157294217,2.00104157294217,1,2.6108328668062017,-3.6723524403733845,-1,-0.00031082698056539293,0.9999915775297054,0.9999999646293268,0.9999999646293268,5.421267856397493e-15,5.070087724002705e-13,True,,True
B,H4,two_term_center,decision_frozen_grid,1,2.0114712818491594,2.0114712818491594,1,2.591680022393784,-3.6915052847858023,-1,-0.0003168072854524695,0.9999903973870761,0.9999999537219163,0.9999999537219163,6.618627928302711e-15,5.103276654567092e-13,True,,True
B,H4,two_term_center,decision_frozen_grid,1,2.0219553518595643,2.0219553518595643,1,2.572427104139675,-3.7107582030399113,-1,-0.0003228785104898435,0.9999889357874787,0.9999999380235974,0.9999999380235974,5.838843798002248e-15,5.09252294194244e-13,True,,True
B,H4,two_term_center,decision_frozen_grid,1,2.0324940663110684,2.0324940663110684,1,2.553073596196535,-3.730111710983051,-1,-0.0003290367222390511,0.9999870882225431,0.9999999147251697,0.9999999147251697,5.6164135290034875e-15,5.086146233887694e-13,True,,True
B,H4,two_term_center,decision_frozen_grid,1,2.043087710018151,2.043087710018151,1,2.5336189846123394,-3.749566322567247,-1,-0.0003352757966263997,0.9999846953955841,0.9999998788841099,0.9999998788841099,3.999548266493904e-15,5.074969653428071e-13,True,,True
B,H4,two_term_center,decision_frozen_grid,1,2.053736569279783,2.053736569279783,1,2.51406275989179,-3.7691225472877963,-1,-0.0003415862225699673,0.999981504672439,0.9999998213528398,0.9999998213528398,5.062290667944548e-15,5.060025341179592e-13,True,,True
B,H4,two_term_center,decision_frozen_grid,1,2.06444093188717,2.06444093188717,1,2.4944044214565184,-3.788780885723068,-1,-0.00034795302392498506,0.9999770958635482,0.9999997241409494,0.9999997241409494,3.580483726508394e-15,5.08446352943674e-13,True,,True
B,H4,two_term_center,decision_frozen_grid,1,2.075201087131521,2.075201087131521,1,2.4746434858732522,-3.808541821306334,-1,-0.0003543519317188437,0.9999707281352311,0.9999995491378488,0.9999995491378488,4.6405514433258516e-15,5.029344577207484e-13,True,,True
B,H4,two_term_center,decision_frozen_grid,1,2.086017325811874,2.086017325811874,1,2.4547795031697595,-3.8284058040098268,-1,-0.0003607418005184826,0.9999609959057004,0.9999992077228957,0.9999992077228957,4.388054771640231e-15,5.068855793160223e-13,True,,True
B,H4,two_term_center,decision_frozen_grid,1,2.09688994024295,2.09688994024295,1,2.4348120923329963,-3.84837321484659,-1,-0.00036704811655896563,0.9999449650411125,0.9999984673568033,0.9999984673568033,5.551988097528908e-15,5.076484352181742e-13,True,,True
B,H4,two_term_center,decision_frozen_grid,1,2.1078192242630585,2.1078192242630585,2,2.4147410287294826,-3.8684442784501036,-1,-0.0003731223926264349,0.9999156578782047,0.9999966093338473,0.9999966093338473,4.057176107877218e-15,5.045866792364525e-13,True,,True
B,H4,two_term_center,decision_frozen_grid,1,2.1188054732420327,2.1188054732420327,2,2.394566500667245,-3.888618806512341,-1,-0.0003786230109967814,0.9998530026736875,0.9999908192792059,0.9999908192792059,3.952069067251946e-15,5.049969916402231e-13,True,,True
B,H4,two_term_center,decision_frozen_grid,1,2.1298489840892154,2.1298489840892154,2,2.3742900986968207,-3.9088952084827655,-1,-0.00038255577009316255,0.9996782674169892,0.9999649753136663,0.9999649753136663,3.5196035936140952e-15,5.043511814421919e-13,True,,True
B,H4,two_term_center,decision_frozen_grid,1,2.140950055261484,2.140950055261484,2,2.3539211928503314,-3.929264114329255,-1,-0.00038031219249723414,0.9988109821127813,0.9997220027672054,0.9997220027672054,5.262366734508421e-15,5.052122105476377e-13,True,,True
B,H4,two_term_center,decision_frozen_grid,1,2.1521089867713123,2.1521089867713123,2,2.333816683233703,-3.949368623945883,-1,-0.00020589481423782807,0.8933862436359714,0.9136420984178426,0.9136420984178426,8.406750323625632e-15,5.05096940764623e-13,False,,True
B,H4,two_term_center,decision_frozen_grid,1,2.1633260801948833,2.1633260801948833,2,2.3127229964263036,-3.9704623107532826,-1,-0.0004411919655282759,0.9981091255179886,0.865200474003585,0.865200474003585,2.907457501724631e-15,5.033476858297885e-13,False,,True
B,H4,two_term_center,decision_frozen_grid,1,2.1746016386802363,2.1746016386802363,2,2.292039714902545,-3.991145592277041,-1,-0.000435984543125878,0.9995449459924958,0.9995000342063035,0.9995000342063035,2.21142427061116e-15,5.025926271539143e-13,True,,True
B,H4,two_term_center,decision_frozen_grid,1,2.1859359669554608,2.1859359669554608,2,2.2712287062958945,-4.011956600883692,-1,-0.0004399182602672358,0.9997869708488536,0.999951420700304,0.999951420700304,3.3641458536946727e-15,5.00266919408901e-13,True,,True
B,H4,m5_best,mechanism_fixed,-1,0.1,-0.1,0,0.18349096353309596,0.18349096353309596,0,-1.1300405056147156e-10,1.0000000000000018,1.0000000000000022,1.0000000000000022,1.4966296363962626e-15,8.804447593640625e-13,True,300903808.57441777,False
B,H4,m5_best,mechanism_fixed,-1,0.125,-0.125,0,0.2293637044367216,0.2293637044367216,0,-2.7581736894433106e-10,0.9999999999999964,0.9999999999999987,0.9999999999999987,1.8314847418767303e-15,8.828067402455443e-13,True,240723292.79944006,False
B,H4,m5_best,mechanism_fixed,-1,0.15,-0.15,0,0.27523644536845315,0.27523644536845315,0,-5.717322171250316e-10,0.9999999999999991,0.9999999999999958,0.9999999999999958,2.2994301065885185e-15,8.850249297344209e-13,True,200603116.499155,False
B,H4,m5_best,mechanism_fixed,-1,0.175,-0.175,0,0.3211091863484284,0.3211091863484284,0,-1.0587783982884957e-09,1.0,1.0000000000000004,1.0000000000000004,2.918083978140061e-15,8.819536702009783e-13,True,171946053.9421797,False
B,H4,m5_best,mechanism_fixed,-1,0.2,-0.2,0,0.3669819274046673,0.3669819274046673,0,-1.805380955843816e-09,0.9999999999999918,0.9999999999999962,0.9999999999999962,6.100557860265594e-15,8.750349091167522e-13,True,150453502.0796066,False
B,H4,m5_best,mechanism_fixed,-1,0.225,-0.225,0,0.412854668574359,0.412854668574359,0,-2.8903066606744687e-09,0.999999999999996,0.9999999999999996,0.9999999999999996,4.17055424663841e-15,8.814931557501155e-13,True,133737356.78953598,False
B,H4,m5_best,mechanism_fixed,-1,0.25,-0.25,0,0.458727409905146,0.458727409905146,0,-4.402628484001525e-09,0.9999999999999734,0.9999999999999984,0.9999999999999984,3.586459460330755e-15,8.810570076929511e-13,True,120364763.38937455,False
B,H4,m5_best,mechanism_fixed,-1,0.275,-0.275,0,0.5046001514563742,0.5046001514563742,0,-6.441586819505574e-09,0.9999999999999538,0.9999999999999929,0.9999999999999929,6.436846177935532e-15,8.785752692873447e-13,True,109423912.25340712,False
B,H4,m5_best,mechanism_fixed,-1,0.3,-0.3,0,0.5504728933003395,0.5504728933003395,0,-9.116509769313552e-09,0.9999999999999045,0.9999999999999951,0.9999999999999951,1.3302116371523741e-15,8.745490018563686e-13,True,100306936.65997446,False
B,H4,m5_best,mechanism_fixed,-1,0.35,-0.35,0,0.6422183782277788,0.6422183782277788,0,-1.686141271051156e-08,0.9999999999996618,0.9999999999999278,0.9999999999999278,2.96830252246892e-15,8.744425827998212e-13,True,85981553.22600754,False
B,H4,m5_best,mechanism_fixed,-1,0.4,-0.4,0,0.7339638655709575,0.7339638655709575,0,-2.8709438160134937e-08,0.9999999999990141,0.999999999999829,0.999999999999829,1.3958407437299423e-15,8.727534199762272e-13,True,75239453.53330961,False
B,H4,m5_best,mechanism_fixed,1,0.1,0.1,0,-0.18349096353309596,-0.18349096353309596,0,-1.1300405056147156e-10,1.0000000000000018,1.0000000000000022,1.0000000000000022,1.4966296363962626e-15,8.804447593640625e-13,True,300903808.57441777,False
B,H4,m5_best,mechanism_fixed,1,0.125,0.125,0,-0.2293637044367216,-0.2293637044367216,0,-2.7581736894433106e-10,0.9999999999999964,0.9999999999999987,0.9999999999999987,1.8314847418767303e-15,8.828067402455443e-13,True,240723292.79944006,False
B,H4,m5_best,mechanism_fixed,1,0.15,0.15,0,-0.27523644536845315,-0.27523644536845315,0,-5.717322171250316e-10,0.9999999999999991,0.9999999999999958,0.9999999999999958,2.2994301065885185e-15,8.850249297344209e-13,True,200603116.499155,False
B,H4,m5_best,mechanism_fixed,1,0.175,0.175,0,-0.3211091863484284,-0.3211091863484284,0,-1.0587783982884957e-09,1.0,1.0000000000000004,1.0000000000000004,2.918083978140061e-15,8.819536702009783e-13,True,171946053.9421797,False
B,H4,m5_best,mechanism_fixed,1,0.2,0.2,0,-0.3669819274046673,-0.3669819274046673,0,-1.805380955843816e-09,0.9999999999999918,0.9999999999999962,0.9999999999999962,6.100557860265594e-15,8.750349091167522e-13,True,150453502.0796066,False
B,H4,m5_best,mechanism_fixed,1,0.225,0.225,0,-0.412854668574359,-0.412854668574359,0,-2.8903066606744687e-09,0.999999999999996,0.9999999999999996,0.9999999999999996,4.17055424663841e-15,8.814931557501155e-13,True,133737356.78953598,False
B,H4,m5_best,mechanism_fixed,1,0.25,0.25,0,-0.458727409905146,-0.458727409905146,0,-4.402628484001525e-09,0.9999999999999734,0.9999999999999984,0.9999999999999984,3.586459460330755e-15,8.810570076929511e-13,True,120364763.38937455,False
B,H4,m5_best,mechanism_fixed,1,0.275,0.275,0,-0.5046001514563742,-0.5046001514563742,0,-6.441586819505574e-09,0.9999999999999538,0.9999999999999929,0.9999999999999929,6.436846177935532e-15,8.785752692873447e-13,True,109423912.25340712,False
B,H4,m5_best,mechanism_fixed,1,0.3,0.3,0,-0.5504728933003395,-0.5504728933003395,0,-9.116509769313552e-09,0.9999999999999045,0.9999999999999951,0.9999999999999951,1.3302116371523741e-15,8.745490018563686e-13,True,100306936.65997446,False
B,H4,m5_best,mechanism_fixed,1,0.35,0.35,0,-0.6422183782277788,-0.6422183782277788,0,-1.686141271051156e-08,0.9999999999996618,0.9999999999999278,0.9999999999999278,2.96830252246892e-15,8.744425827998212e-13,True,85981553.22600754,False
B,H4,m5_best,mechanism_fixed,1,0.4,0.4,0,-0.7339638655709575,-0.7339638655709575,0,-2.8709438160134937e-08,0.9999999999990141,0.999999999999829,0.999999999999829,1.3958407437299423e-15,8.727534199762272e-13,True,75239453.53330961,False
B,H4,m5_best,decision_frozen_grid,1,0.5385146445049875,0.5385146445049875,0,-0.9881257603556935,-0.9881257603556935,0,-9.367901210310947e-08,0.999999999988989,0.9999999999889895,0.9999999999889895,1.1483646865425034e-15,8.746007427385657e-13,True,55909451.49569309,False
B,H4,m5_best,decision_frozen_grid,1,0.5413214582465332,0.5413214582465332,0,-0.9932760112545691,-0.9932760112545691,0,-9.563221703423608e-08,0.9999999999885094,0.9999999999999929,0.9999999999999929,2.912216440510136e-15,8.753455012777734e-13,True,55620236.70167287,False
B,H4,m5_best,decision_frozen_grid,1,0.54414290149437,0.54414290149437,0,-0.9984531060099602,-0.9984531060099602,0,-9.762598351947815e-08,0.9999999999880127,0.9999999999999893,0.9999999999999893,2.1985500789238925e-15,8.768406672380087e-13,True,55332532.091579415,False
B,H4,m5_best,decision_frozen_grid,1,0.5469790504995337,0.5469790504995337,0,-1.0036571845365196,-1.0036571845365196,0,-9.966114178361352e-08,0.9999999999874982,0.9999999999999933,0.9999999999999933,2.338843173768477e-15,8.686233586722086e-13,True,55046329.994972445,False
B,H4,m5_best,decision_frozen_grid,1,0.5498299819104909,0.5498299819104909,0,-1.0088883874781744,-1.0088883874781744,0,-1.0173854159134521e-07,0.999999999986952,0.999999999999992,0.999999999999992,3.3784883083178177e-15,8.717017555500994e-13,True,54761622.78451664,False
B,H4,m5_best,decision_frozen_grid,1,0.5526957727752105,0.5526957727752105,0,-1.0141468562119333,-1.0141468562119333,0,-1.0385906423771019e-07,0.9999999999863938,0.9999999999999931,0.9999999999999931,1.6114083674288524e-15,8.750005997121275e-13,True,54478402.879760884,False
B,H4,m5_best,decision_frozen_grid,1,0.5555765005432466,0.5555765005432466,0,-1.0194327328516901,-1.0194327328516901,0,-1.060235867988979e-07,0.9999999999858009,0.9999999999999953,0.9999999999999953,3.4328970711302598e-15,8.783592537300911e-13,True,54196662.73454714,False
B,H4,m5_best,decision_frozen_grid,1,0.5584722430678312,0.5584722430678312,0,-1.0247461602520915,-1.0247461602520915,0,-1.082330318702418e-07,0.9999999999851894,0.9999999999999944,0.9999999999999944,2.9526128533037352e-15,8.749832421720119e-13,True,53916394.85374325,False
B,H4,m5_best,decision_frozen_grid,1,0.5613830786079779,0.5613830786079779,0,-1.0300872820123659,-1.0300872820123659,0,-1.1048831138893433e-07,0.9999999999845486,0.9999999999999976,0.9999999999999976,1.7667725964048377e-15,8.745666534150784e-13,True,53637591.77378073,False
B,H4,m5_best,decision_frozen_grid,1,0.5643090858305975,0.5643090858305975,0,-1.0354562424802316,-1.0354562424802316,0,-1.127903725972601e-07,0.9999999999838782,0.9999999999999973,0.9999999999999973,2.9730949966847472e-15,8.737239684472259e-13,True,53360246.07800951,False
B,H4,m5_best,decision_frozen_grid,1,0.5672503438126237,0.5672503438126237,0,-1.04085318675579,-1.04085318675579,0,-1.1514018360969658e-07,0.9999999999831748,0.9999999999999918,0.9999999999999918,2.272496459019716e-15,8.712575468774289e-13,True,53084350.39144216,False
B,H4,m5_best,decision_frozen_grid,1,0.5702069320431505,0.5702069320431505,0,-1.046278260695443,-1.046278260695443,0,-1.1753872564135293e-07,0.9999999999824511,0.9999999999999916,0.9999999999999916,1.6139880633409945e-15,8.73917862256306e-13,True,52809897.37786118,False
B,H4,m5_best,decision_frozen_grid,1,0.5731789304255799,0.5731789304255799,0,-1.0517316109158423,-1.0517316109158423,0,-1.1998700588655709e-07,0.9999999999816913,0.9999999999999973,0.9999999999999973,3.633916952463306e-15,8.733696110045741e-13,True,52536879.743822135,False
B,H4,m5_best,decision_frozen_grid,1,0.5761664192797813,0.5761664192797813,0,-1.0572133847978373,-1.0572133847978373,0,-1.22486031539637e-07,0.9999999999808997,1.0000000000000004,1.0000000000000004,3.3617740142934613e-15,8.753937391981891e-13,True,52265290.22977346,False
B,H4,m5_best,decision_frozen_grid,1,0.5791694793442632,0.5791694793442632,0,-1.062723730490492,-1.062723730490492,0,-1.2503686619425025e-07,0.9999999999800615,0.9999999999999929,0.9999999999999929,2.43835137719328e-15,8.693830300882432e-13,True,51995121.62834275,False
B,H4,m5_best,decision_frozen_grid,1,0.5821881917783542,0.5821881917783542,0,-1.0682627969150522,-1.0682627969150522,0,-1.276405674488501e-07,0.9999999999792044,0.9999999999999896,0.9999999999999896,1.2668775904865229e-15,8.741057112612744e-13,True,51726366.76346418,False
B,H4,m5_best,decision_frozen_grid,1,0.5852226381643967,0.5852226381643967,0,-1.0738307337689923,-1.0738307337689923,0,-1.3029822265586688e-07,0.9999999999782974,0.9999999999999922,0.9999999999999922,2.0192323400783826e-15,8.74847830757512e-13,True,51459018.5018577,False
B,H4,m5_best,decision_frozen_grid,1,0.5882729005099514,0.5882729005099514,0,-1.0794276915300574,-1.0794276915300574,0,-1.3301094403672664e-07,0.9999999999773568,0.9999999999999878,0.9999999999999878,3.4735731844516572e-15,8.713778964409673e-13,True,51193069.75108623,False
B,H4,m5_best,decision_frozen_grid,1,0.5913390612500146,0.5913390612500146,0,-1.085053821460329,-1.085053821460329,0,-1.3577986246460227e-07,0.9999999999763785,0.9999999999999929,0.9999999999999929,2.1275338130297897e-15,8.767031936684473e-13,True,50928513.45723955,False
B,H4,m5_best,decision_frozen_grid,1,0.5944212032492446,0.5944212032492446,0,-1.090709275610315,-1.090709275610315,0,-1.3860613456984083e-07,0.999999999975351,0.9999999999999951,0.9999999999999951,2.815960862557369e-15,8.714911975291809e-13,True,50665342.606922425,False
B,H4,m5_best,decision_frozen_grid,1,0.5975194098042022,0.5975194098042022,0,-1.0963942068230548,-1.0963942068230548,0,-1.414909318597779e-07,0.9999999999742843,0.9999999999999971,0.9999999999999971,4.990510080124906e-15,8.758029355839981e-13,True,50403550.22348183,False
B,H4,m5_best,decision_frozen_grid,1,0.6006337646456017,0.6006337646456017,0,-1.1021087687382658,-1.1021087687382658,0,-1.4443546558773335e-07,0.9999999999731615,0.9999999999999947,0.9999999999999947,2.9758469944163934e-15,8.730926163670052e-13,True,50143129.37460277,False
B,H4,m5_best,decision_frozen_grid,1,0.6037643519405735,0.6037643519405735,0,-1.1078531157964766,-1.1078531157964766,0,-1.4744095655494505e-07,0.999999999971994,0.9999999999999865,0.9999999999999865,2.083460630692854e-15,8.742199101584488e-13,True,49884073.16241105,False
B,H4,m5_best,decision_frozen_grid,1,0.6069112562949387,0.6069112562949387,0,-1.1136274032432154,-1.1136274032432154,0,-1.5050865753707399e-07,0.9999999999707827,0.9999999999999911,0.9999999999999911,6.114805289214174e-15,8.659151441860881e-13,True,49626374.730276614,False
B,H4,m5_best,decision_frozen_grid,1,0.610074562755496,0.610074562755496,0,-1.119431787133207,-1.119431787133207,0,-1.5363985284011505e-07,0.9999999999695104,0.9999999999999938,0.9999999999999938,2.648435469522939e-15,8.7366896056791e-13,True,49370027.26231027,False
B,H4,m5_best,decision_frozen_grid,1,0.6132543568123199,0.6132543568123199,0,-1.1252664243345731,-1.1252664243345731,0,-1.5683583209913365e-07,0.9999999999681806,0.9999999999999871,0.9999999999999871,3.3777350542537656e-15,8.716305053031553e-13,True,49115023.974922605,False
B,H4,m5_best,decision_frozen_grid,1,0.6164507244010711,0.6164507244010711,0,-1.1311314725331003,-1.1311314725331003,0,-1.6009793268878525e-07,0.9999999999667981,0.9999999999999836,0.9999999999999836,1.1838006240075697e-15,8.746494649026671e-13,True,48861358.12969475,False
B,H4,m5_best,decision_frozen_grid,1,0.6196637519053186,0.6196637519053186,0,-1.1370270902364805,-1.1370270902364805,0,-1.6342750774889225e-07,0.999999999965355,0.9999999999999856,0.9999999999999856,2.2278359523503115e-15,8.738997851993941e-13,True,48609023.023135416,False
B,H4,m5_best,decision_frozen_grid,1,0.6228935261588755,0.6228935261588755,0,-1.1429534367786096,-1.1429534367786096,0,-1.6682594528028005e-07,0.9999999999638429,0.9999999999999811,0.9999999999999811,2.2538083315730136e-15,8.728436031448114e-13,True,48358011.99225882,False
B,H4,m5_best,decision_frozen_grid,1,0.6261401344481443,0.6261401344481443,0,-1.1489106723238816,-1.1489106723238816,0,-1.7029465060325322e-07,0.999999999962274,0.9999999999999807,0.9999999999999807,1.159126649986267e-15,8.740059099801036e-13,True,48108318.40891363,False
B,H4,m5_best,decision_frozen_grid,1,0.6294036645144765,0.6294036645144765,0,-1.1548989578715325,-1.1548989578715325,0,-1.7383506989432362e-07,0.9999999999606284,0.9999999999999813,0.9999999999999813,1.0691776160395991e-15,8.706343536953625e-13,True,47859935.686630115,False
B,H4,m5_best,decision_frozen_grid,1,0.6326842045565442,0.6326842045565442,0,-1.1609184552599792,-1.1609184552599792,0,-1.7744866642743773e-07,0.9999999999589166,0.9999999999999798,0.9999999999999798,1.9351836931229356e-15,8.731198463555232e-13,True,47612857.27310454,False
B,H4,m5_best,decision_frozen_grid,1,0.6359818432327227,0.6359818432327227,0,-1.1669693271712054,-1.1669693271712054,0,-1.8113694366661548e-07,0.999999999957131,0.9999999999999856,0.9999999999999856,3.863837683006987e-15,8.69961060182e-13,True,47367076.6568496,False
B,H4,m5_best,decision_frozen_grid,1,0.6392966696634876,0.6392966696634876,0,-1.1730517371351508,-1.1730517371351508,0,-1.8490142750238192e-07,0.9999999999552573,0.9999999999999838,0.9999999999999838,2.3853249785507195e-15,8.749130117969699e-13,True,47122587.36153963,False
B,H4,m5_best,decision_frozen_grid,1,0.6426287734338227,0.6426287734338227,0,-1.179165849534138,-1.179165849534138,0,-1.8874368090671112e-07,0.9999999999533047,0.9999999999999747,0.9999999999999747,1.9166575290835613e-15,8.702966998795361e-13,True,46879382.950070865,False
B,H4,m5_best,decision_frozen_grid,1,0.6459782445956418,0.6459782445956418,0,-1.18531182960731,-1.18531182960731,0,-1.9266528972217145e-07,0.9999999999512716,0.9999999999999736,0.9999999999999736,2.037713409900131e-15,8.703253747838323e-13,True,46637457.020033255,False
B,H4,m5_best,decision_frozen_grid,1,0.6493451736702212,0.6493451736702212,0,-1.191489843455105,-1.191489843455105,0,-1.966678810916278e-07,0.9999999999491491,0.9999999999999778,0.9999999999999778,1.928058255908088e-15,8.697515371022108e-13,True,46396803.20882997,False
B,H4,m5_best,decision_frozen_grid,1,0.6527296516506469,0.6527296516506469,0,-1.19770005804374,-1.19770005804374,0,-2.0075311124578832e-07,0.9999999999469305,0.9999999999999791,0.9999999999999791,1.82977093407623e-15,8.697640444879437e-13,True,46157415.18974745,False
B,H4,m5_best,decision_frozen_grid,1,0.6561317700042737,0.6561317700042737,0,-1.2039426412097254,-1.2039426412097254,0,-2.04922666835472e-07,0.9999999999446143,0.9999999999999769,0.9999999999999769,2.963214889494844e-15,8.707830206060254e-13,True,45919286.672047265,False
B,H4,m5_best,decision_frozen_grid,1,0.6595516206751975,0.6595516206751975,0,-1.2102177616644076,-1.2102177616644076,0,-2.0917827425748214e-07,0.999999999942198,0.9999999999999767,0.9999999999999767,4.620027133274339e-15,8.740436058604712e-13,True,45682411.4033439,False
B,H4,m5_best,decision_frozen_grid,1,0.6629892960867391,0.6629892960867391,0,-1.2165255889985211,-1.2165255889985211,0,-2.1352168810828687e-07,0.9999999999396727,0.9999999999999756,0.9999999999999756,2.1217671010270144e-15,8.73121791335213e-13,True,45446783.16594326,False
B,H4,m5_best,decision_frozen_grid,1,0.6664448891439426,0.6664448891439426,0,-1.22286629368678,-1.22286629368678,0,-2.1795470250829396e-07,0.9999999999370395,0.9999999999999747,0.9999999999999747,2.025922647452971e-15,8.72213228814764e-13,True,45212395.77978457,False
B,H4,m5_best,decision_frozen_grid,1,0.6699184932360868,0.6699184932360868,0,-1.229240047092487,-1.229240047092487,0,-2.2247914954753867e-07,0.9999999999342912,0.9999999999999769,0.9999999999999769,3.704328365367139e-15,8.699421752921988e-13,True,44979243.10164636,False
B,H4,m5_best,decision_frozen_grid,1,0.6734102022392078,0.6734102022392078,0,-1.2356470214721553,-1.2356470214721553,0,-2.270968875173196e-07,0.9999999999314149,0.9999999999999734,0.9999999999999734,2.5530870427972298e-15,8.73542442249338e-13,True,44747319.02149823,False
B,H4,m5_best,decision_frozen_grid,1,0.6769201105186371,0.6769201105186371,0,-1.242087389980186,-1.242087389980186,0,-2.318098297759974e-07,0.9999999999284195,0.9999999999999705,0.9999999999999705,1.6552214901054938e-15,8.731929592051593e-13,True,44516617.47032602,False
B,H4,m5_best,decision_frozen_grid,1,0.6804483129315516,0.6804483129315516,0,-1.2485613266735258,-1.2485613266735258,0,-2.3661991099821478e-07,0.9999999999252824,0.9999999999999656,0.9999999999999656,2.842757886134362e-15,8.709756776249958e-13,True,44287132.410284005,False
B,H4,m5_best,decision_frozen_grid,1,0.6839949048295368,0.6839949048295368,0,-1.2550690065163868,-1.2550690065163868,0,-2.4152911071162464e-07,0.9999999999220137,0.9999999999999569,0.9999999999999569,4.723661478353642e-15,8.732403768595117e-13,True,44058857.84100447,False
B,H4,m5_best,decision_frozen_grid,1,0.6875599820611644,0.6875599820611644,0,-1.2616106053849778,-1.2616106053849778,0,-2.465394539630239e-07,0.9999999999186078,0.9999999999999614,0.9999999999999614,1.2740230125373202e-15,8.716970505917047e-13,True,43831787.79940876,False
B,H4,m5_best,decision_frozen_grid,1,0.6911436409745818,0.6911436409745818,0,-1.2681863000722478,-1.2681863000722478,0,-2.5165299644136496e-07,0.9999999999150389,0.99999999999996,0.99999999999996,5.128616586028365e-15,8.68733622187493e-13,True,43605916.35525773,False
B,H4,m5_best,decision_frozen_grid,1,0.6947459784201169,0.6947459784201169,0,-1.2747962682926786,-1.2747962682926786,0,-2.568718435735917e-07,0.9999999999113156,0.9999999999999496,0.9999999999999496,4.880912330436451e-15,8.683615878173073e-13,True,43381237.61609511,False
B,H4,m5_best,decision_frozen_grid,1,0.6983670917528948,0.6983670917528948,0,-1.2814406886870768,-1.2814406886870768,0,-2.621981338712942e-07,0.9999999999074343,0.9999999999999474,0.9999999999999474,3.272868375855237e-15,8.733658441185821e-13,True,43157745.72233675,False
B,H4,m5_best,decision_frozen_grid,1,0.7020070788354692,0.7020070788354692,0,-1.2881197408274143,-1.2881197408274143,0,-2.6763405491792014e-07,0.9999999999033851,0.9999999999999549,0.9999999999999549,2.200646053807433e-15,8.680247655106439e-13,True,42935434.85131251,False
B,H4,m5_best,decision_frozen_grid,1,0.705666038040467,0.705666038040467,0,-1.2948336052216818,-1.2948336052216818,0,-2.731818427026411e-07,0.9999999998991458,0.999999999999956,0.999999999999956,3.9812041637240515e-15,8.66750025474536e-13,True,42714299.21670769,False
B,H4,m5_best,decision_frozen_grid,1,0.7093440682532475,0.7093440682532475,0,-1.3015824633187558,-1.3015824633187558,0,-2.788437625245166e-07,0.9999999998947249,0.9999999999999514,0.9999999999999514,2.435535763459597e-15,8.679114284931427e-13,True,42494333.06309186,False
B,H4,m5_best,decision_frozen_grid,1,0.7130412688745736,0.7130412688745736,0,-1.3083664975133218,-1.3083664975133218,0,-2.8462213697011407e-07,0.9999999998901103,0.9999999999999536,0.9999999999999536,2.5786811163059933e-15,8.686326309939768e-13,True,42275530.673119284,False
B,H4,m5_best,decision_frozen_grid,1,0.7167577398232996,0.7167577398232996,0,-1.3151858911507994,-1.3151858911507994,0,-2.905193359215019e-07,0.9999999998852867,0.9999999999999534,0.9999999999999534,3.7973145069855575e-15,8.669507970136066e-13,True,42057886.36446483,False
B,H4,m5_best,decision_frozen_grid,1,0.7204935815390704,0.7204935815390704,0,-1.3220408285322944,-1.3220408285322944,0,-2.9653777078308963e-07,0.9999999998802493,0.9999999999999483,0.9999999999999483,2.0618643815251812e-15,8.691960161419993e-13,True,41841394.487956375,False
B,H4,m5_best,decision_frozen_grid,1,0.7242488949850365,0.7242488949850365,0,-1.328931494919583,-1.328931494919583,0,-3.026798987004753e-07,0.9999999998749936,0.9999999999999463,0.9999999999999463,3.8197119154981976e-15,8.666894642463727e-13,True,41626049.42837337,False
B,H4,m5_best,decision_frozen_grid,1,0.7280237816505827,0.7280237816505827,0,-1.3358580765401256,-1.3358580765401256,0,-3.08948229665873e-07,0.9999999998695028,0.9999999999999474,0.9999999999999474,2.9628331063060522e-15,8.715693112656912e-13,True,41411845.60596707,False
B,H4,m5_best,decision_frozen_grid,1,0.7318183435540704,0.7318183435540704,0,-1.3428207605921025,-1.3428207605921025,0,-3.1534532696220197e-07,0.9999999998637639,0.9999999999999418,0.9999999999999418,1.5093198981410373e-15,8.739855974150131e-13,True,41198777.47620283,False
B,H4,m5_best,decision_frozen_grid,1,0.7356326832455952,0.7356326832455952,0,-1.3498197352494663,-1.3498197352494663,0,-3.2187379783721326e-07,0.9999999998577762,0.9999999999999372,0.9999999999999372,1.462318478493298e-15,8.696976233000044e-13,True,40986839.526986174,False
B,H4,m5_best,decision_frozen_grid,1,0.739466903809758,0.739466903809758,0,-1.3568551896670387,-1.3568551896670387,0,-3.2853630549389834e-07,0.999999999851519,0.9999999999999338,0.9999999999999338,2.1084157660763794e-15,8.703394101692921e-13,True,40776026.28143292,False
B,H4,m5_best,decision_frozen_grid,1,0.7433211088684509,0.7433211088684509,0,-1.3639273139856185,-1.3639273139856185,0,-3.353355637614186e-07,0.9999999998449864,0.999999999999929,0.999999999999929,2.800431375953566e-15,8.669541529919547e-13,True,40566332.29613121,False
B,H4,m5_best,decision_frozen_grid,1,0.7471954025836586,0.7471954025836586,0,-1.3710362993371317,-1.3710362993371317,0,-3.4227434553280034e-07,0.9999999998381635,0.9999999999999261,0.9999999999999261,1.8547102104221598e-15,8.696246741406902e-13,True,40357752.16294423,False
B,H4,m5_best,decision_frozen_grid,1,0.7510898896602715,0.7510898896602715,0,-1.378182337849784,-1.378182337849784,0,-3.493554692202139e-07,0.9999999998310352,0.9999999999999198,0.9999999999999198,1.647040346656839e-15,8.728680720831286e-13,True,40150280.50520158,False
B,H4,m5_best,decision_frozen_grid,1,0.7550046753489176,0.7550046753489176,0,-1.3853656226532705,-1.3853656226532705,0,-3.565818147421851e-07,0.999999999823592,0.9999999999999141,0.9999999999999141,2.0364022228492722e-15,8.70197810119858e-13,True,39943911.98141938,False
B,H4,m5_best,decision_frozen_grid,1,0.7589398654488051,0.7589398654488051,0,-1.3925863478839895,-1.3925863478839895,0,-3.6395631708430187e-07,0.999999999815816,0.9999999999999081,0.9999999999999081,3.3615523927022863e-15,8.670402703641854e-13,True,39738641.283296615,False
B,H4,m5_best,decision_frozen_grid,1,0.7628955663105832,0.7628955663105832,0,-1.3998447086902963,-1.3998447086902963,0,-3.7148197096215085e-07,0.9999999998077025,0.9999999999999092,0.9999999999999092,2.350583084505256e-15,8.691238261515961e-13,True,39534463.13652679,False
B,H4,m5_best,decision_frozen_grid,1,0.766871884839215,0.766871884839215,0,-1.4071409012377782,-1.4071409012377782,0,-3.791618314874512e-07,0.9999999997992193,0.9999999999999098,0.9999999999999098,2.498187398017562e-15,8.674774657775211e-13,True,39331372.30059044,False
B,H4,m5_best,decision_frozen_grid,1,0.7708689284968675,0.7708689284968675,0,-1.4144751227145556,-1.4144751227145556,0,-3.869990099492071e-07,0.9999999997903584,0.9999999999999023,0.9999999999999023,3.155932461569313e-15,8.668720002802496e-13,True,39129363.5673454,False
B,H4,m5_best,decision_frozen_grid,1,0.7748868053058158,0.7748868053058158,0,-1.4218475713366152,-1.4218475713366152,0,-3.9499667803255534e-07,0.9999999997811049,0.9999999999998976,0.9999999999998976,3.379769988160355e-15,8.674741656369697e-13,True,38928431.761720456,False
B,H4,m5_best,decision_frozen_grid,1,0.7789256238513615,0.7789256238513615,0,-1.4292584463531761,-1.4292584463531761,0,-4.0315807603441556e-07,0.9999999997714428,0.9999999999998992,0.9999999999998992,4.728842539907249e-15,8.67626930813595e-13,True,38728571.74335611,False
B,H4,m5_best,decision_frozen_grid,1,0.7829854932847689,0.7829854932847689,0,-1.4367079480520641,-1.4367079480520641,0,-4.11486497320368e-07,0.9999999997613378,0.999999999999893,0.999999999999893,2.8359169492421523e-15,8.709285252888606e-13,True,38529778.40243025,False
B,H4,m5_best,decision_frozen_grid,1,0.7870665233262131,0.7870665233262131,0,-1.4441962777651491,-1.4441962777651491,0,-4.1998531674636297e-07,0.9999999997507869,0.9999999999998803,0.9999999999998803,3.0862327256820495e-15,8.666121016536284e-13,True,38332046.66620787,False
B,H4,m5_best,decision_frozen_grid,1,0.7911688242677469,0.7911688242677469,0,-1.4517236378737617,-1.4517236378737617,0,-4.286579564638515e-07,0.9999999997397653,0.999999999999873,0.999999999999873,1.995525592583872e-15,8.685084869885289e-13,True,38135371.49036148,False
B,H4,m5_best,decision_frozen_grid,1,0.7952925069762802,0.7952925069762802,0,-1.4592902318141883,-1.4592902318141883,0,-4.375079176721641e-07,0.9999999997282545,0.9999999999998694,0.9999999999998694,2.773436194089162e-15,8.657744629226821e-13,True,37939747.8662923,False
B,H4,m5_best,decision_frozen_grid,1,0.799437682896577,0.799437682896577,0,-1.4668962640831662,-1.4668962640831662,0,-4.465387710705926e-07,0.999999999716227,0.9999999999998672,0.9999999999998672,1.958321389011603e-15,8.650262695914532e-13,True,37745170.818414696,False
B,H4,m5_best,decision_frozen_grid,1,0.8036044640542671,0.8036044640542671,0,-1.4745419402434015,-1.4745419402434015,0,-4.55754145090026e-07,0.9999999997036642,0.9999999999998666,0.9999999999998666,3.7171323380320114e-15,8.685570745093721e-13,True,37551635.4009917,False
B,H4,m5_best,decision_frozen_grid,1,0.8077929630588732,0.8077929630588732,0,-1.4822274669291469,-1.4822274669291469,0,-4.6515775165012485e-07,0.9999999996905302,0.9999999999998606,0.9999999999998606,3.93317677242443e-15,8.639567564959227e-13,True,37359136.703883864,False
B,H4,m5_best,decision_frozen_grid,1,0.8120032931068547,0.8120032931068547,0,-1.4899530518517767,-1.4899530518517767,0,-4.747533695059758e-07,0.9999999996768101,0.9999999999998477,0.9999999999998477,3.854471933670362e-15,8.669317111660667e-13,True,37167669.84819765,False
B,H4,m5_best,decision_frozen_grid,1,0.8162355679846672,0.8162355679846672,0,-1.497718903805404,-1.497718903805404,0,-4.845448458024038e-07,0.9999999996624744,0.9999999999998357,0.9999999999998357,3.31374568772725e-15,8.687174895402987e-13,True,36977229.98629685,False
B,H4,m5_best,decision_frozen_grid,1,0.820489902071837,0.820489902071837,0,-1.5055252326725406,-1.5055252326725406,0,-4.945361169461648e-07,0.9999999996475055,0.9999999999998339,0.9999999999998339,2.399447905762608e-15,8.656795874105588e-13,True,36787812.30628178,False
B,H4,m5_best,decision_frozen_grid,1,0.8247664103440522,0.8247664103440522,0,-1.5133722494297566,-1.5133722494297566,0,-5.04731186845575e-07,0.9999999996318509,0.9999999999998272,0.9999999999998272,3.3611904187792543e-15,8.720504171090093e-13,True,36599412.02650505,False
B,H4,m5_best,decision_frozen_grid,1,0.8290652083762708,0.8290652083762708,0,-1.5212601661533858,-1.5212601661533858,0,-5.151341295750456e-07,0.9999999996155042,0.9999999999998186,0.9999999999998186,1.99066999404707e-15,8.706165933745409e-13,True,36412024.39584547,False
B,H4,m5_best,decision_frozen_grid,1,0.8333864123458434,0.8333864123458434,0,-1.5291891960252817,-1.5291891960252817,0,-5.257491160204353e-07,0.9999999995984181,0.9999999999998166,0.9999999999998166,3.2568064437203706e-15,8.673659824471912e-13,True,36225644.69943837,False
B,H4,m5_best,decision_frozen_grid,1,0.8377301390356532,0.8377301390356532,0,-1.537159553338555,-1.537159553338555,0,-5.365803812384939e-07,0.9999999995805602,0.9999999999998059,0.9999999999998059,5.677293191744172e-15,8.683969609349461e-13,True,36040268.25077378,False
B,H4,m5_best,decision_frozen_grid,1,0.842096505837272,0.842096505837272,0,-1.545171453503388,-1.545171453503388,0,-5.476322502140363e-07,0.9999999995619,0.9999999999997935,0.9999999999997935,1.3659507211979404e-15,8.613614253705935e-13,True,35855890.397211745,False
B,H4,m5_best,decision_frozen_grid,1,0.8464856307541334,0.8464856307541334,0,-1.553225113052858,-1.553225113052858,0,-5.589091331970053e-07,0.9999999995424023,0.9999999999997851,0.9999999999997851,3.785762897359131e-15,8.674288532629638e-13,True,35672506.51849294,False
B,H4,m5_best,decision_frozen_grid,1,0.850897632404721,0.850897632404721,0,-1.5613207496487884,-1.5613207496487884,0,-5.704155250363385e-07,0.9999999995220206,0.9999999999997737,0.9999999999997737,3.176795039608965e-15,8.666569690192845e-13,True,35490112.02618132,False
B,H4,m5_best,decision_frozen_grid,1,0.8553326300257746,0.8553326300257746,0,-1.5694585820876283,-1.5694585820876283,0,-5.821559967422729e-07,0.9999999995007272,0.9999999999997646,0.9999999999997646,3.0579267959527655e-15,8.674593975832445e-13,True,35308702.361389816,False
B,H4,m5_best,decision_frozen_grid,1,0.859790743475513,0.859790743475513,0,-1.5776388303063915,-1.5776388303063915,0,-5.941352207994299e-07,0.9999999994784687,0.9999999999997589,0.9999999999997589,3.502726395700867e-15,8.638679360927992e-13,True,35128273.00003673,False
B,H4,m5_best,decision_frozen_grid,1,0.864272093236872,0.864272093236872,0,-1.5858617153885886,-1.5858617153885886,0,-6.063579571780053e-07,0.9999999994552009,0.9999999999997453,0.9999999999997453,2.285471293174908e-15,8.648493477873096e-13,True,34948819.4492867,False
B,H4,m5_best,decision_frozen_grid,1,0.8687768004207622,0.8687768004207622,0,-1.5941274595702064,-1.5941274595702064,0,-6.188290511133232e-07,0.9999999994308877,0.9999999999997333,0.9999999999997333,4.4988859677356875e-15,8.668228359735126e-13,True,34770337.24667015,False
B,H4,m5_best,decision_frozen_grid,1,0.8733049867693405,0.8733049867693405,0,-1.6024362862457249,-1.6024362862457249,0,-6.315534448742e-07,0.9999999994054729,0.9999999999997258,0.9999999999997258,1.7895331049097898e-15,8.657641910631574e-13,True,34592821.96227279,False
B,H4,m5_best,decision_frozen_grid,1,0.8778567746593016,0.8778567746593016,0,-1.6107884199741553,-1.6107884199741553,0,-6.445361722118292e-07,0.9999999993789033,0.9999999999997116,0.9999999999997116,1.7052470983426172e-15,8.619269455153494e-13,True,34416269.197098404,False
B,H4,m5_best,decision_frozen_grid,1,0.8824322871051843,0.8824322871051843,0,-1.6191840864851241,-1.6191840864851241,0,-6.577823734588151e-07,0.9999999993511344,0.9999999999996967,0.9999999999996967,2.6379709734036677e-15,8.670028245933516e-13,True,34240674.5859307,False
B,H4,m5_best,decision_frozen_grid,1,0.8870316477626964,0.8870316477626964,0,-1.627623512684956,-1.627623512684956,0,-6.712972715483545e-07,0.9999999993221034,0.9999999999996831,0.9999999999996831,3.554665430463346e-15,8.621364234110947e-13,True,34066033.791714475,False
B,H4,m5_best,decision_frozen_grid,1,0.8916549809320566,0.8916549809320566,0,-1.6361069266628347,-1.6361069266628347,0,-6.850861988816348e-07,0.9999999992917556,0.9999999999996658,0.9999999999996658,3.774914498455942e-15,8.652108344187066e-13,True,33892342.51096063,False
B,H4,m5_best,decision_frozen_grid,1,0.8963024115613542,0.8963024115613542,0,-1.6446345576969605,-1.6446345576969605,0,-6.991545871137816e-07,0.9999999992600297,0.9999999999996481,0.9999999999996481,4.344226161103479e-15,8.629167276804498e-13,True,33719596.47110383,False
B,H4,m5_best,decision_frozen_grid,1,0.9009740652499245,0.9009740652499245,0,-1.6532066362607576,-1.6532066362607576,0,-7.135079742592865e-07,0.999999999226868,0.9999999999996352,0.9999999999996352,3.392391727277451e-15,8.597113664009773e-13,True,33547791.431595847,False
B,H4,m5_best,decision_frozen_grid,1,0.9056700682517449,0.9056700682517449,0,-1.661823394029102,-1.661823394029102,0,-7.28152000473159e-07,0.9999999991921882,0.9999999999996183,0.9999999999996183,1.2921555171181926e-15,8.579058489469987e-13,True,33376923.182578433,False
B,H4,m5_best,decision_frozen_grid,1,0.910390547478846,0.910390547478846,0,-1.6704850638845894,-1.6704850638845894,0,-7.430924093831948e-07,0.9999999991559341,0.9999999999995948,0.9999999999995948,3.727538433696289e-15,8.6406300503386e-13,True,33206987.544752657,False
B,H4,m5_best,decision_frozen_grid,1,0.9151356305047418,0.9151356305047418,0,-1.679191879923844,-1.679191879923844,0,-7.583350616346962e-07,0.9999999991180293,0.9999999999995755,0.9999999999995755,1.513704455578544e-15,8.669826616441382e-13,True,33037980.37179117,False
B,H4,m5_best,decision_frozen_grid,1,0.9199054455678768,0.9199054455678768,0,-1.6879440774638368,-1.6879440774638368,0,-7.738859213457516e-07,0.9999999990783999,0.9999999999995597,0.9999999999995597,1.7097841445937832e-15,8.657666378882067e-13,True,32869897.547058582,False
B,H4,m5_best,decision_frozen_grid,1,0.9247001215750927,0.9247001215750927,0,-1.6967418930482614,-1.6967418930482614,0,-7.897510683196884e-07,0.9999999990369619,0.9999999999995468,0.9999999999995468,2.6346442950480643e-15,8.614878425351706e-13,True,32702734.98573634,False
B,H4,m5_best,decision_frozen_grid,1,0.929519788105112,0.929519788105112,0,-1.705585564453927,-1.705585564453927,0,-8.059366936041812e-07,0.9999999989936259,0.9999999999995273,0.9999999999995273,2.863300963801657e-15,8.638765501863808e-13,True,32536488.633462094,False
B,H4,m5_best,decision_frozen_grid,1,0.934364575412039,0.934364575412039,0,-1.714475330697202,-1.714475330697202,0,-8.224491145902846e-07,0.9999999989483106,0.9999999999995037,0.9999999999995037,3.5335964751028516e-15,8.635769711880783e-13,True,32371154.468994457,False
B,H4,m5_best,decision_frozen_grid,1,0.9392346144288807,0.9392346144288807,0,-1.7234114320404592,-1.7234114320404592,0,-8.392947541402407e-07,0.9999999989009174,0.9999999999994755,0.9999999999994755,2.0486426986606613e-15,8.639561801731802e-13,True,32206728.499485042,False
B,H4,m5_best,decision_frozen_grid,1,0.9441300367710855,0.9441300367710855,0,-1.7323941099985958,-1.7323941099985958,0,-8.564801636801178e-07,0.9999999988513641,0.9999999999994522,0.9999999999994522,2.1947151447718093e-15,8.612685877660278e-13,True,32043206.764774054,False
B,H4,m5_best,decision_frozen_grid,1,0.9490509747401004,0.9490509747401004,0,-1.7414236073455556,-1.7414236073455556,0,-8.740120129857587e-07,0.9999999987995334,0.9999999999994313,0.9999999999994313,4.072686615182635e-15,8.595534021559329e-13,True,31880585.334854003,False
B,H4,m5_best,decision_frozen_grid,1,0.953997561326945,0.953997561326945,0,-1.7505001681209056,-1.7505001681209056,0,-8.918971035054568e-07,0.9999999987453221,0.9999999999994007,0.9999999999994007,2.2921778839091865e-15,8.591462547359229e-13,True,31718860.31211476,False
B,H4,m5_best,decision_frozen_grid,1,0.9589699302158075,0.9589699302158075,0,-1.7596240376364216,-1.7596240376364216,0,-9.101423503743433e-07,0.999999998688627,0.9999999999993714,0.9999999999993714,3.063475815142962e-15,8.611601366582149e-13,True,31558027.827281777,False
B,H4,m5_best,decision_frozen_grid,1,0.9639682157876566,0.9639682157876566,0,-1.7687954624827493,-1.7687954624827493,0,-9.287548099479181e-07,0.9999999986293229,0.9999999999993425,0.9999999999993425,2.3774358364443024e-15,8.642025836147057e-13,True,31398084.044490963,False
B,H4,m5_best,decision_frozen_grid,1,0.9689925531238736,0.9689925531238736,0,-1.7780146905360572,-1.7780146905360572,0,-9.477416642589276e-07,0.9999999985672943,0.9999999999993139,0.9999999999993139,3.23614541407484e-15,8.592604287826367e-13,True,31239025.15771443,False
B,H4,m5_best,decision_frozen_grid,1,0.9740430780099024,0.9740430780099024,0,-1.7872819709647494,-1.7872819709647494,0,-9.67110229677104e-07,0.9999999985024013,0.9999999999992801,0.9999999999992801,4.373988118812123e-15,8.635002670225886e-13,True,31080847.392036173,False
B,H4,m5_best,decision_frozen_grid,1,0.9791199269389202,0.9791199269389202,0,-1.7965975542362005,-1.7965975542362005,0,-9.868679500257826e-07,0.9999999984345256,0.999999999999245,0.999999999999245,2.741595198827622e-15,8.579028105285681e-13,True,30923547.001850944,False
B,H4,m5_best,decision_frozen_grid,1,0.9842232371155256,0.9842232371155256,0,-1.8059616921235522,-1.8059616921235522,0,-1.0070224216729429e-06,0.9999999983635155,0.9999999999992146,0.9999999999992146,1.533243551864206e-15,8.60534996014436e-13,True,30767120.275324464,False
B,H4,m5_best,decision_frozen_grid,1,0.9893531464594465,0.9893531464594465,0,-1.815374637712499,-1.815374637712499,0,-1.0275813679960777e-06,0.9999999982892205,0.9999999999991753,0.9999999999991753,2.2233472616261222e-15,8.602533739989503e-13,True,30611563.52893001,False
B,H4,m5_best,decision_frozen_grid,1,0.994509793609268,0.994509793609268,0,-1.8248366454081555,-1.8248366454081555,0,-1.0485526600323425e-06,0.9999999982115015,0.9999999999991402,0.9999999999991402,6.350812383433686e-15,8.643244975010817e-13,True,30456873.111026686,False
B,H4,m5_best,decision_frozen_grid,1,0.9996933179261787,0.9996933179261787,0,-1.8343479709419248,-1.8343479709419248,0,-1.0699443053763247e-06,0.9999999981301679,0.999999999999098,0.999999999999098,3.595697096487952e-15,8.632461273985614e-13,True,30303045.3992501,False
B,H4,m5_best,decision_frozen_grid,1,1.0049038594977378,1.0049038594977378,0,-1.8439088713784406,-1.8439088713784406,0,-1.0917644714947272e-06,0.9999999980450787,0.9999999999990485,0.9999999999990485,2.3517618766391806e-15,8.613811486835462e-13,True,30150076.804531943,False
B,H4,m5_best,decision_frozen_grid,1,1.0101415591416596,1.0101415591416596,0,-1.8535196051224947,-1.8535196051224947,0,-1.1140214608573729e-06,0.9999999979560406,0.9999999999990081,0.9999999999990081,6.41907348026224e-15,8.59329069159433e-13,True,29997963.765863843,False
B,H4,m5_best,decision_frozen_grid,1,1.0154065584096208,1.0154065584096208,0,-1.8631804319260543,-1.8631804319260543,0,-1.1367237366943783e-06,0.9999999978628651,0.999999999998961,0.999999999998961,1.3061940522318533e-15,8.614127507887679e-13,True,29846702.754760545,False
B,H4,m5_best,decision_frozen_grid,1,1.0206989995910847,1.0206989995910847,0,-1.8728916128952735,-1.8728916128952735,0,-1.1598799103396118e-06,0.9999999977653578,0.999999999998908,0.999999999998908,3.792173808962525e-15,8.61382306303981e-13,True,29696290.272378236,False
B,H4,m5_best,decision_frozen_grid,1,1.0260190257171478,1.0260190257171478,0,-1.8826534104975674,-1.8826534104975674,0,-1.1834987494463434e-06,0.9999999976633174,0.9999999999988567,0.9999999999988567,3.9512465467488e-15,8.626870501292578e-13,True,29546722.850612115,False
B,H4,m5_best,decision_frozen_grid,1,1.0313667805644042,1.0313667805644042,0,-1.8924660885687132,-1.8924660885687132,0,-1.207589180207691e-06,0.9999999975565208,0.9999999999988056,0.9999999999988056,1.9037372118413344e-15,8.613034930292316e-13,True,29397997.052044153,False
B,H4,m5_best,decision_frozen_grid,1,1.0367424086588322,1.0367424086588322,0,-1.9023299123199897,-1.9023299123199897,0,-1.2321602904652451e-06,0.999999997444744,0.9999999999987512,0.9999999999987512,2.7668786957688333e-15,8.588204295020398e-13,True,29250109.470053256,False
B,H4,m5_best,decision_frozen_grid,1,1.042146055279699,1.042146055279699,0,-1.9122451483453569,-1.9122451483453569,0,-1.257221333261782e-06,0.9999999973277425,0.999999999998691,0.999999999998691,2.252486112909012e-15,8.595070705256172e-13,True,29103056.729000643,False
B,H4,m5_best,decision_frozen_grid,1,1.0475778664634885,1.0475778664634885,0,-1.9222120646286622,-1.9222120646286622,0,-1.2827817210681047e-06,0.9999999972052738,0.9999999999986264,0.9999999999986264,1.993379174493195e-15,8.570199005839829e-13,True,28956835.482698224,False
B,H4,m5_best,decision_frozen_grid,1,1.0530379890078467,1.0530379890078467,0,-1.9322309305508998,-1.9322309305508998,0,-1.3088510355530047e-06,0.9999999970770739,0.9999999999985636,0.9999999999985636,2.4505833913465874e-15,8.58049095409101e-13,True,28811442.415751904,False
B,H4,m5_best,decision_frozen_grid,1,1.05852657047555,1.05852657047555,0,-1.9423020168975083,-1.9423020168975083,0,-1.335439036465047e-06,0.9999999969428617,0.9999999999984954,0.9999999999984954,3.3623578858967984e-15,8.578352822628279e-13,True,28666874.244702034,False
B,H4,m5_best,decision_frozen_grid,1,1.0640437591984917,1.0640437591984917,0,-1.9524255958656738,-1.9524255958656738,0,-1.3625556418705997e-06,0.9999999968023501,0.999999999998419,0.999999999998419,2.1946006651900438e-15,8.622176604656527e-13,True,28523127.71395685,False
B,H4,m5_best,decision_frozen_grid,1,1.0695897042816926,1.0695897042816926,0,-1.9626019410717304,-1.9626019410717304,0,-1.390210959240079e-06,0.9999999966552409,0.9999999999983429,0.9999999999983429,1.8926779310120354e-15,8.563279862777672e-13,True,28380199.600976087,False
B,H4,m5_best,decision_frozen_grid,1,1.0751645556073295,1.0751645556073295,0,-1.9728313275585407,-1.9728313275585407,0,-1.4184152674623363e-06,0.9999999965012123,0.9999999999982683,0.9999999999982683,3.7722834023602466e-15,8.591856447586389e-13,True,28238086.7125291,False
B,H4,m5_best,decision_frozen_grid,1,1.0807684638387864,1.0807684638387864,0,-1.9831140318029512,-1.9831140318029512,0,-1.44717902661462e-06,0.99999999633992,0.9999999999981839,0.9999999999981839,1.857500924969614e-15,8.568125883224585e-13,True,28096785.885996703,False
B,H4,m5_best,decision_frozen_grid,1,1.086401580424725,1.086401580424725,0,-1.993450331723265,-1.993450331723265,0,-1.4765128766303093e-06,0.9999999961710235,0.999999999998092,0.999999999998092,2.294467672274862e-15,8.575029554749248e-13,True,27956293.98866774,False
B,H4,m5_best,decision_frozen_grid,1,1.0920640576031793,1.0920640576031793,0,-2.003840506686781,-2.003840506686781,0,-1.5064276490672768e-06,0.9999999959941479,0.9999999999979976,0.9999999999979976,2.6001184798102734e-15,8.558427583217594e-13,True,27816607.919362232,False
B,H4,m5_best,decision_frozen_grid,1,1.0977560484056694,1.0977560484056694,0,-2.014284837517341,-2.014284837517341,0,-1.5369343604465513e-06,0.9999999958089116,0.9999999999979023,0.9999999999979023,1.5338947094238092e-15,8.592404891555369e-13,True,27677724.6067742,False
B,H4,m5_best,decision_frozen_grid,1,1.1034777066613368,1.1034777066613368,0,-2.024783606502931,-2.024783606502931,0,-1.568044212474362e-06,0.9999999956148979,0.9999999999978033,0.9999999999978033,2.3219325060781636e-15,8.56470574252247e-13,True,27539641.009061467,False
B,H4,m5_best,decision_frozen_grid,1,1.1092291870011026,1.1092291870011026,0,-2.035337097403336,-2.035337097403336,0,-1.5997686086954843e-06,0.9999999954116814,0.9999999999976941,0.9999999999976941,2.6936903982202633e-15,8.582778162161177e-13,True,27402354.11629989,False
B,H4,m5_best,decision_frozen_grid,1,1.1150106448618446,1.1150106448618446,0,-2.045945595457797,-2.045945595457797,0,-1.6321191378398936e-06,0.9999999951988199,0.999999999997587,0.999999999997587,2.8848737321246146e-15,8.560424609853754e-13,True,27265860.94710861,False
B,H4,m5_best,decision_frozen_grid,1,1.120822236490601,1.120822236490601,0,-2.0566093873927653,-2.0566093873927653,0,-1.6651075993578957e-06,0.99999999497582,0.9999999999974669,0.9999999999974669,2.7531790417947497e-15,8.543309304718407e-13,True,27130158.55262847,False
B,H4,m5_best,decision_frozen_grid,1,1.1266641189487903,1.1266641189487903,0,-2.0673287614296307,-2.0673287614296307,0,-1.6987459834361118e-06,0.999999994742206,0.999999999997337,0.999999999997337,3.4248244975997312e-15,8.550482919384389e-13,True,26995244.012592398,False
B,H4,m5_best,decision_frozen_grid,1,1.1325364501164574,1.1325364501164574,0,-2.0781040072925423,-2.0781040072925423,0,-1.7330464860965122e-06,0.9999999944974476,0.9999999999972098,0.9999999999972098,2.6004465102808192e-15,8.532265545733473e-13,True,26861114.43748508,False
B,H4,m5_best,decision_frozen_grid,1,1.1384393886965405,1.1384393886965405,0,-2.0889354162162506,-2.0889354162162506,0,-1.768021511860951e-06,0.9999999942409898,0.9999999999970728,0.9999999999970728,4.326417580740035e-15,8.518550640820888e-13,True,26727766.968532126,False
B,H4,m5_best,decision_frozen_grid,1,1.144373094219159,1.144373094219159,0,-2.0998232809539736,-2.0998232809539736,0,-1.8036836622048469e-06,0.9999999939722659,0.9999999999969302,0.9999999999969302,3.67872780909925e-15,8.569649959584409e-13,True,26595198.77529035,False
B,H4,m5_best,decision_frozen_grid,1,1.1503377270459265,1.1503377270459265,0,-2.1107678957853553,-2.1107678957853553,0,-1.8400457644229817e-06,0.9999999936906587,0.9999999999967837,0.9999999999967837,3.345517105392243e-15,8.589495049012087e-13,True,26463407.060095415,False
B,H4,m5_best,decision_frozen_grid,1,1.1563334483742829,1.1563334483742829,0,-2.121769556524402,-2.121769556524402,0,-1.8771208505352632e-06,0.9999999933955244,0.9999999999966176,0.9999999999966176,6.9449445795639985e-15,8.575865032084036e-13,True,26332389.0540305,False
B,H4,m5_best,decision_frozen_grid,1,1.1623604202418525,1.1623604202418525,0,-2.1328285605274977,-2.1328285605274977,0,-1.9149221635039737e-06,0.9999999930862118,0.999999999996448,0.999999999996448,4.583351938895187e-15,8.521868188750271e-13,True,26202142.017553817,False
B,H4,m5_best,decision_frozen_grid,1,1.1684188055308218,1.1684188055308218,0,-2.14394520670147,-2.14394520670147,0,-1.953463175885517e-06,0.9999999927619916,0.9999999999962725,0.9999999999962725,5.170291987965564e-15,8.573319476322731e-13,True,26072663.243169032,False
B,H4,m5_best,decision_frozen_grid,1,1.1745087679723423,1.1745087679723423,0,-2.155119795511651,-2.155119795511651,0,-1.9927575627409766e-06,0.9999999924221414,0.99999999999609,0.99999999999609,2.838790533830918e-15,8.530157734440891e-13,True,25943950.050480556,False
B,H4,m5_best,decision_frozen_grid,1,1.1806304721509557,1.1806304721509557,1,-2.166352628990054,-2.166352628990054,0,-2.0328192418261892e-06,0.9999999920658582,0.9999999999959002,0.9999999999959002,2.0517828734906127e-14,8.538547837796615e-13,True,25815999.7924284,False
B,H4,m5_best,decision_frozen_grid,1,1.1867840835090402,1.1867840835090402,1,-2.1776440107435078,-2.1776440107435078,0,-2.0736623396189202e-06,0.9999999916923277,0.999999999995693,0.999999999995693,2.1732710625771487e-14,8.528704812733622e-13,True,25688809.849237673,False
B,H4,m5_best,decision_frozen_grid,1,1.1929697683512839,1.1929697683512839,1,-2.1889942459619056,-2.1889942459619056,0,-2.1153012166319485e-06,0.9999999913006818,0.9999999999954752,0.9999999999954752,1.900170367857212e-14,8.510135456022098e-13,True,25562377.632176004,False
B,H4,m5_best,decision_frozen_grid,1,1.199187693849178,1.199187693849178,1,-2.2004036414264516,-2.2004036414264516,0,-2.1577504578651485e-06,0.9999999908900095,0.9999999999952467,0.9999999999952467,2.127535110428973e-14,8.548556105421832e-13,True,25436700.581567835,False
B,H4,m5_best,decision_frozen_grid,1,1.2054380280455343,1.2054380280455343,1,-2.2118725055179755,-2.2118725055179755,0,-2.2010248812431854e-06,0.99999999045935,0.9999999999950082,0.9999999999950082,2.178915352494067e-14,8.518792278393116e-13,True,25311776.16776275,False
B,H4,m5_best,decision_frozen_grid,1,1.2117209398590283,1.2117209398590283,1,-2.2234011482252782,-2.2234011482252782,0,-2.24513953739347e-06,0.9999999900076872,0.999999999994756,0.999999999994756,2.0594218976222793e-14,8.478024425636663e-13,True,25187601.890691288,False
B,H4,m5_best,decision_frozen_grid,1,1.2180365990887623,1.2180365990887623,1,-2.234989881153527,-2.234989881153527,0,-2.2901097138650073e-06,0.9999999895339691,0.9999999999944984,0.9999999999944984,2.0066480905427236e-14,8.509891417563863e-13,True,25064175.280144565,False
B,H4,m5_best,decision_frozen_grid,1,1.224385176418856,1.224385176418856,1,-2.2466390175326865,-2.2466390175326865,0,-2.335950929799324e-06,0.9999999890370497,0.9999999999942255,0.9999999999942255,2.0348231166624266e-14,8.507979299838985e-13,True,24941493.894532755,False
B,H4,m5_best,decision_frozen_grid,1,1.230766843423058,1.230766843423058,1,-2.258348872226009,-2.258348872226009,0,-2.382678950585415e-06,0.999999988515766,0.9999999999939333,0.9999999999939333,2.0824196569743753e-14,8.503764277874817e-13,True,24819555.322840903,False
B,H4,m5_best,decision_frozen_grid,1,1.2371817725693843,1.2371817725693843,1,-2.2701197617385445,-2.2701197617385445,0,-2.430309772316619e-06,0.9999999879688561,0.9999999999936249,0.9999999999936249,1.8842185473889417e-14,8.525769609906645e-13,True,24698357.18178218,False
B,H4,m5_best,decision_frozen_grid,1,1.2436301372247773,1.2436301372247773,1,-2.2819520042257233,-2.2819520042257233,0,-2.478859637555786e-06,0.999999987395026,0.999999999993304,0.999999999993304,1.9954262913136625e-14,8.514920856582038e-13,True,24577897.11793819,False
B,H4,m5_best,decision_frozen_grid,1,1.250112111659793,1.250112111659793,1,-2.2938459195019703,-2.2938459195019703,0,-2.5283450355573223e-06,0.9999999867928662,0.999999999992965,0.999999999992965,2.0559827577074265e-14,8.477721883317212e-13,True,24458172.807421405,False
B,H4,m5_best,decision_frozen_grid,1,1.256627871053309,1.256627871053309,1,-2.3058018290493427,-2.3058018290493427,0,-2.5787826882783804e-06,0.9999999861609328,0.9999999999925968,0.9999999999925968,1.8763892911861372e-14,8.504876606966561e-13,True,24339181.953345545,False
B,H4,m5_best,decision_frozen_grid,1,1.2631775914972605,1.2631775914972605,1,-2.317820056026275,-2.317820056026275,0,-2.630189581687148e-06,0.9999999854976835,0.9999999999922138,0.9999999999922138,2.1117357514928484e-14,8.513481793702765e-13,True,24220922.290369958,False
B,H4,m5_best,decision_frozen_grid,1,1.2697614500013987,1.2697614500013987,0,-2.329900925276277,-2.329900925276277,0,-2.68258292779322e-06,0.9999999848014968,0.9999999999918143,0.9999999999918143,3.5959659579706244e-15,8.508890320894487e-13,True,24103391.578468964,False
B,H4,m5_best,decision_frozen_grid,1,1.2763796244980732,1.2763796244980732,1,-2.3420447633367756,-2.3420447633367756,0,-2.7359802037274505e-06,0.9999999840706467,0.9999999999913869,0.9999999999913869,2.020659194699124e-14,8.50469010847397e-13,True,23986587.608675182,False
B,H4,m5_best,decision_frozen_grid,1,1.2830322938470438,1.2830322938470438,0,-2.354251898447922,-2.354251898447922,0,-2.7903991219879742e-06,0.999999983303348,0.9999999999909408,0.9999999999909408,1.531395552246977e-15,8.543094905378764e-13,True,23870508.19818032,False
B,H4,m5_best,decision_frozen_grid,1,1.2897196378403106,1.2897196378403106,1,-2.3665226605614973,-2.3665226605614973,0,-2.8458576513124e-06,0.9999999824976721,0.9999999999904765,0.9999999999904765,2.0405953290465232e-14,8.482116213229046e-13,True,23755151.193258114,False
B,H4,m5_best,decision_frozen_grid,1,1.2964418372069761,1.2964418372069761,1,-2.3788573813498424,-2.3788573813498424,0,-2.902374010016473e-06,0.9999999816516149,0.9999999999899809,0.9999999999899809,2.011463516769012e-14,8.475187356563803e-13,True,23640514.467955865,False
B,H4,m5_best,decision_frozen_grid,1,1.303199073618127,1.303199073618127,1,-2.391256394214821,-2.391256394214821,0,-2.9599666577784234e-06,0.9999999807630396,0.9999999999894535,0.9999999999894535,2.0499734314081336e-14,8.470375522948608e-13,True,23526595.922594674,False
B,H4,m5_best,decision_frozen_grid,1,1.3099915296917461,1.3099915296917461,0,-2.403720034296879,-2.403720034296879,0,-3.01865431651116e-06,0.9999999798297218,0.9999999999889042,0.9999999999889042,1.807873343392313e-15,8.487869684080932e-13,True,23413393.486673616,False
B,H4,m5_best,decision_frozen_grid,1,1.316819388997647,1.316819388997647,1,-2.4162486384840816,-2.4162486384840816,0,-3.0784559461594085e-06,0.9999999788492567,0.9999999999883205,0.9999999999883205,1.986018925615504e-14,8.474703984029856e-13,True,23300905.114984892,False
B,H4,m5_best,decision_frozen_grid,1,1.3236828360624333,1.3236828360624333,1,-2.4288425454212534,-2.4288425454212534,0,-3.1393907604648774e-06,0.999999977819166,0.999999999987697,0.999999999987697,2.0440281326260093e-14,8.479204953505627e-13,True,23189128.789773144,False
B,H4,m5_best,decision_frozen_grid,1,1.3305820563744888,1.3305820563744888,1,-2.4415020955191418,-2.4415020955191418,0,-3.201478218528564e-06,0.9999999767367859,0.9999999999870455,0.9999999999870455,2.0413937881422912e-14,8.486377547469022e-13,True,23078062.519270305,False
B,H4,m5_best,decision_frozen_grid,1,1.3375172363889878,1.3375172363889878,1,-2.4542276309636346,-2.4542276309636346,0,-3.2647380312500474e-06,0.9999999755993253,0.9999999999863594,0.9999999999863594,1.9017445845197205e-14,8.44354249739794e-13,True,22967704.338467546,False
B,H4,m5_best,decision_frozen_grid,1,1.3444885635329349,1.3444885635329349,0,-2.46701949572501,-2.46701949572501,0,-3.329190147782768e-06,0.9999999744038116,0.9999999999856355,0.9999999999856355,4.018869872672762e-15,8.415799934532819e-13,True,22858052.306949522,False
B,H4,m5_best,decision_frozen_grid,1,1.3514962262102312,1.3514962262102312,1,-2.4798780355672583,-2.4798780355672583,0,-3.3948547619733205e-06,0.9999999731471225,0.9999999999848703,0.9999999999848703,1.7637958614889383e-14,8.482532717914404e-13,True,22749104.509710364,False
B,H4,m5_best,decision_frozen_grid,1,1.3585404138067654,1.3585404138067654,0,-2.4928035980574457,-2.4928035980574457,0,-3.4617523156921237e-06,0.999999971825932,0.9999999999840599,0.9999999999840599,2.3595936772611434e-15,8.503567442800681e-13,True,22640859.057508092,False
B,H4,m5_best,decision_frozen_grid,1,1.3656213166955309,1.3656213166955309,0,-2.5057965325751,-2.5057965325751,0,-3.5299034810698515e-06,0.9999999704367373,0.9999999999831946,0.9999999999831946,3.128105802813935e-15,8.447293271370546e-13,True,22533314.08417088,False
B,H4,m5_best,decision_frozen_grid,1,1.3727391262417725,1.3727391262417725,0,-2.518857190321688,-2.518857190321688,0,-3.5993291715996634e-06,0.9999999689758399,0.9999999999822888,0.9999999999822888,3.703370856167654e-15,8.46435517107117e-13,True,22426467.74814068,False
B,H4,m5_best,decision_frozen_grid,1,1.379894034808158,1.379894034808158,0,-2.531985924330104,-2.531985924330104,0,-3.6700505301467956e-06,0.999999967439283,0.9999999999813312,0.9999999999813312,2.158146164591986e-15,8.476667759609984e-13,True,22320318.230678782,False
B,H4,m5_best,decision_frozen_grid,1,1.3870862357599754,1.3870862357599754,0,-2.5451830894742344,-2.5451830894742344,0,-3.7420889322792306e-06,0.9999999658229212,0.9999999999803106,0.9999999999803106,2.410618611831561e-15,8.452272216691568e-13,True,22214863.736317113,False
B,H4,m5_best,decision_frozen_grid,1,1.3943159234703602,1.3943159234703602,0,-2.5584490424785487,-2.5584490424785487,0,-3.815465974277288e-06,0.9999999641223353,0.9999999999792375,0.9999999999792375,2.570715782611631e-15,8.462234523108715e-13,True,22110102.4911332,False
B,H4,m5_best,decision_frozen_grid,1,1.4015832933255472,1.4015832933255472,0,-2.571784141927759,-2.571784141927759,0,-3.890203475132026e-06,0.9999999623328385,0.9999999999780917,0.9999999999780917,3.0979634529987204e-15,8.391839344980145e-13,True,22006032.74306252,False
B,H4,m5_best,decision_frozen_grid,1,1.408888541730153,1.408888541730153,0,-2.5851887482765132,-2.5851887482765132,0,-3.9663234636666544e-06,0.999999960449488,0.9999999999768763,0.9999999999768763,3.134308733385807e-15,8.439807743361113e-13,True,21902652.76011986,False
B,H4,m5_best,decision_frozen_grid,1,1.4162318661124815,1.4162318661124815,0,-2.5986632238591567,-2.5986632238591567,0,-4.043848183199472e-06,0.9999999584670136,0.9999999999755942,0.9999999999755942,2.3526237669179702e-15,8.429442504893196e-13,True,21799960.831141926,False
B,H4,m5_best,decision_frozen_grid,1,1.4236134649298604,1.4236134649298604,0,-2.6122079328995187,-2.6122079328995187,0,-4.1228000742243864e-06,0.9999999563798372,0.9999999999742339,0.9999999999742339,2.398972731949056e-15,8.472010542148916e-13,True,21697955.263453376,False
B,H4,m5_best,decision_frozen_grid,1,1.4310335376740055,1.4310335376740055,0,-2.625823241520766,-2.625823241520766,0,-4.20320176841571e-06,0.999999954182036,0.9999999999727966,0.9999999999727966,2.1701457050084297e-15,8.416363878308359e-13,True,21596634.382182393,False
B,H4,m5_best,decision_frozen_grid,1,1.4384922848764112,1.4384922848764112,0,-2.6395095177553176,-2.6395095177553176,0,-4.285076092180873e-06,0.9999999518673116,0.9999999999712721,0.9999999999712721,3.253431805783444e-15,8.418744489220284e-13,True,21495996.53093211,False
B,H4,m5_best,decision_frozen_grid,1,1.4459899081137697,1.4459899081137697,0,-2.653267131554767,-2.653267131554767,0,-4.368446038016671e-06,0.9999999494289806,0.9999999999696467,0.9999999999696467,2.406373971687816e-15,8.419382360089099e-13,True,21396040.068006545,False
B,H4,m5_best,decision_frozen_grid,1,1.4535266100134197,1.4535266100134197,0,-2.667096454799912,-2.667096454799912,0,-4.4533347736130935e-06,0.9999999468599428,0.9999999999679183,0.9999999999679183,1.3714214009234099e-15,8.440606549013883e-13,True,21296763.36793493,False
B,H4,m5_best,decision_frozen_grid,1,1.4611025942588214,1.4611025942588214,0,-2.680997861310785,-2.680997861310785,0,-4.539765618538638e-06,0.9999999441526471,0.9999999999660851,0.9999999999660851,2.3233990683534465e-15,8.399650702219613e-13,True,21198164.818536215,False
B,H4,m5_best,decision_frozen_grid,1,1.4687180655950622,1.4687180655950622,0,-2.694971726856769,-2.694971726856769,0,-4.6277620402435105e-06,0.999999941299059,0.9999999999641385,0.9999999999641385,2.1274940577501504e-15,8.353493972812951e-13,True,21100242.8207059,False
B,H4,m5_best,decision_frozen_grid,1,1.4763732298343892,1.4763732298343892,0,-2.709018429166736,-2.709018429166736,0,-4.717347633631519e-06,0.9999999382906343,0.9999999999620743,0.9999999999620743,6.835216186699935e-15,8.418119011909992e-13,True,21002995.785993114,False
B,H4,m5_best,decision_frozen_grid,1,1.4840682938617722,1.4840682938617722,0,-2.7231383479392584,-2.7231383479392584,0,-4.8085461092917114e-06,0.9999999351182457,0.9999999999598652,0.9999999999598652,6.88166989751017e-15,8.38731970350889e-13,True,20906422.13542434,False
B,H4,m5_best,decision_frozen_grid,1,1.491803465640494,1.491803465640494,0,-2.73733186485288,-2.73733186485288,0,-4.90138129327633e-06,0.9999999317722323,0.9999999999575127,0.9999999999575127,2.0832353881769337e-15,8.372541432970383e-13,True,20810520.299928036,False
B,H4,m5_best,decision_frozen_grid,1,1.4995789542177713,1.4995789542177713,0,-2.751599363576375,-2.751599363576375,0,-4.995877076030553e-06,0.9999999282422392,0.9999999999550213,0.9999999999550213,6.603258000308596e-15,8.417158350274964e-13,True,20715288.713942483,False
B,H4,m5_best,decision_frozen_grid,1,1.5073949697304043,1.5073949697304043,0,-2.765941229779157,-2.765941229779157,0,-5.092057432598551e-06,0.9999999245172476,0.9999999999523632,0.9999999999523632,1.7758617244744103e-15,8.375948864571985e-13,True,20620725.818719693,False
B,H4,m5_best,decision_frozen_grid,1,1.5152517234104554,1.5152517234104554,0,-2.7803578511416496,-2.7803578511416496,0,-5.189946377104349e-06,0.9999999205855032,0.9999999999495344,0.9999999999495344,2.1975923774757696e-15,8.33899643143249e-13,True,20526830.056817394,False
B,H4,m5_best,decision_frozen_grid,1,1.5231494275909585,1.5231494275909585,0,-2.794849617365768,-2.794849617365768,0,-5.28956795609048e-06,0.9999999164344409,0.999999999946517,0.999999999946517,3.321066310362167e-15,8.358213946010006e-13,True,20433599.871890664,False
B,H4,m5_best,decision_frozen_grid,1,1.5310882957116563,1.5310882957116563,0,-2.8094169201854045,-2.8094169201854045,0,-5.390946212102676e-06,0.9999999120506525,0.9999999999432911,0.9999999999432911,1.6377149810820892e-15,8.392724858563664e-13,True,20341033.704574246,False
B,H4,m5_best,decision_frozen_grid,1,1.5390685423247703,1.5390685423247703,0,-2.824060153377012,-2.824060153377012,0,-5.494105171477415e-06,0.9999999074197995,0.9999999999398457,0.9999999999398457,2.5918187358255637e-15,8.331355928707639e-13,True,20249129.99166173,False
B,H4,m5_best,decision_frozen_grid,1,1.5470903831007972,1.5470903831007972,0,-2.8387797127701977,-2.8387797127701977,0,-5.599068807926599e-06,0.9999999025265428,0.9999999999361615,0.9999999999361615,4.163230716995058e-15,8.424676677640049e-13,True,20157887.162146743,False
B,H4,m5_best,decision_frozen_grid,1,1.5551540348343391,1.5551540348343391,0,-2.8535759962584013,-2.8535759962584013,0,-5.705861023219683e-06,0.999999897354469,0.9999999999322235,0.9999999999322235,3.7433219318972475e-15,8.343631499378573e-13,True,20067303.635603033,False
B,H4,m5_best,decision_frozen_grid,1,1.563259715449962,1.563259715449962,0,-2.868449403809585,-2.868449403809585,0,-5.814505600554298e-06,0.9999998918859925,0.9999999999280196,0.9999999999280196,5.9406321364657226e-15,8.333435477189555e-13,True,19977377.817062944,False
B,H4,m5_best,decision_frozen_grid,1,1.571407644008085,1.571407644008085,0,-2.8834003374770156,-2.8834003374770156,0,-5.925026182129756e-06,0.9999998861022378,0.9999999999235094,0.9999999999235094,2.8483056767831585e-15,8.32560782460807e-13,True,19888108.09516281,False
B,H4,m5_best,decision_frozen_grid,1,1.579598040710901,1.579598040710901,0,-2.898429201410073,-2.898429201410073,0,-6.037446230733323e-06,0.9999998799829957,0.9999999999186708,0.9999999999186708,1.9290250433181582e-15,8.353351642155534e-13,True,19799492.838278595,False
B,H4,m5_best,decision_frozen_grid,1,1.587831126908327,1.587831126908327,0,-2.913536401865103,-2.913536401865103,0,-6.151788980668371e-06,0.9999998735065352,0.9999999999134943,0.9999999999134943,2.9414868178691e-15,8.310537594635024e-13,True,19711530.38938865,False
B,H4,m5_best,decision_frozen_grid,1,1.5961071251039878,1.5961071251039878,0,-2.9287223472163393,-2.9287223472163393,0,-6.268077401561101e-06,0.9999998666494987,0.9999999999079381,0.9999999999079381,3.615312481255945e-15,8.331152214896438e-13,True,19624219.062711913,False
B,H4,m5_best,decision_frozen_grid,1,1.6044262589612273,1.6044262589612273,0,-2.9439874479668573,-2.9439874479668573,0,-6.386334146402106e-06,0.9999998593867695,0.9999999999019651,0.9999999999019651,1.908952676553891e-15,8.326434261735062e-13,True,19537557.13841603,False
B,H4,m5_best,decision_frozen_grid,1,1.6127887533091547,1.6127887533091547,0,-2.9593321167595925,-2.9593321167595925,0,-6.506581502918607e-06,0.999999851691294,0.9999999998955427,0.9999999998955427,2.1092215094915635e-15,8.341792347106241e-13,True,19451542.857872583,False
B,H4,m5_best,decision_frozen_grid,1,1.6211948341487192,1.6211948341487192,0,-2.9747567683883824,-2.9747567683883824,0,-6.628841330957869e-06,0.9999998435339116,0.9999999998886302,0.9999999998886302,1.6268426232402467e-15,8.297408275443302e-13,True,19366174.417247467,False
B,H4,m5_best,decision_frozen_grid,1,1.6296447286588196,1.6296447286588196,0,-2.990261819809093,-2.990261819809093,0,-6.753135012083078e-06,0.9999998348831519,0.9999999998811826,0.9999999998811826,3.1212081662733935e-15,8.289976990213538e-13,True,19281449.96277579,False
B,H4,m5_best,decision_frozen_grid,1,1.6381386652024423,1.6381386652024423,0,-3.0058476901507367,-3.0058476901507367,0,-6.8794833636420805e-06,0.9999998257050078,0.9999999998731428,0.9999999998731428,4.605751375912318e-15,8.346747152980933e-13,True,19197367.58166632,False
B,H4,m5_best,decision_frozen_grid,1,1.6466768733328339,1.6466768733328339,0,-3.0215148007267025,-3.0215148007267025,0,-7.007906587919166e-06,0.999999815962711,0.999999999864458,0.999999999864458,4.1393863344014726e-15,8.298938439563079e-13,True,19113925.297598656,False
B,H4,m5_best,decision_frozen_grid,1,1.6552595837997042,1.6552595837997042,0,-3.037263575045973,-3.037263575045973,0,-7.1384241773220225e-06,0.9999998056164227,0.9999999998550719,0.9999999998550719,2.6725203172643407e-15,8.348727445960811e-13,True,19031121.060814008,False
B,H4,m5_best,decision_frozen_grid,1,1.6638870285554637,1.6638870285554637,0,-3.053094438824413,-3.053094438824413,0,-7.271054832225232e-06,0.9999997946229443,0.9999999998449141,0.9999999998449141,2.525100401646969e-15,8.311076014144719e-13,True,18948952.739981763,False
B,H4,m5_best,decision_frozen_grid,1,1.6725594407614899,1.6725594407614899,0,-3.0690078199960893,-3.0690078199960893,0,-7.405816364158824e-06,0.9999997829353406,0.9999999998339004,0.9999999998339004,2.53999450895497e-15,8.2958684965792e-13,True,18867418.112402808,False
B,H4,m5_best,decision_frozen_grid,1,1.6812770547944313,1.6812770547944313,0,-3.0850041487246362,-3.0850041487246362,0,-7.542725591447308e-06,0.9999997705025833,0.9999999998219453,0.9999999998219453,1.7420915834071111e-15,8.236646525106312e-13,True,18786514.85346356,False
B,H4,m5_best,decision_frozen_grid,1,1.6900401062525403,1.6900401062525403,0,-3.1010838574146593,-3.1010838574146593,0,-7.681798229519643e-06,0.9999997572690443,0.9999999998089504,0.9999999998089504,1.94833349100833e-15,8.304344677028492e-13,True,18706240.525626358,False
B,H4,m5_best,decision_frozen_grid,1,1.6988488319620392,1.6988488319620392,0,-3.117247380723155,-3.117247380723155,0,-7.82304875523998e-06,0.9999997431740201,0.9999999997947808,0.9999999997947808,2.6748009282147106e-15,8.283264729616155e-13,True,18626592.56442245,False
B,H4,m5_best,decision_frozen_grid,1,1.7077034699835232,1.7077034699835232,0,-3.1334951555709964,-3.1334951555709964,0,-7.966490279009975e-06,0.999999728151161,0.9999999997793196,0.9999999997793196,1.9558824320139198e-15,8.285738365008976e-13,True,18547568.26564479,False
B,H4,m5_best,decision_frozen_grid,1,1.7166042596183915,1.7166042596183915,0,3.133357686025178,-3.149827621154408,-1,-8.112134383120306e-06,0.9999997121277503,0.9999999997624285,0.9999999997624285,3.569956207858059e-15,8.242569367636941e-13,True,18469164.768634483,False
B,H4,m5_best,decision_frozen_grid,1,1.7255514414153168,1.7255514414153168,0,3.116940088223092,-3.1662452189564942,-1,-8.259990954773144e-06,0.999999695023965,0.9999999997439235,0.9999999997439235,2.0823673069874795e-15,8.305380280471903e-13,True,18391379.039200593,False
B,H4,m5_best,decision_frozen_grid,1,1.7345452571767441,1.7345452571767441,0,3.1004369144208104,-3.182748392758776,-1,-8.410067999786719e-06,0.9999996767519913,0.9999999997236129,0.9999999997236129,1.9464996501525227e-15,8.273217891116288e-13,True,18314207.850474183,False
B,H4,m5_best,decision_frozen_grid,1,1.7435859499654272,1.7435859499654272,0,3.0838477185268465,-3.1993375886527398,-1,-8.562371430986815e-06,0.9999996572149671,0.9999999997012659,0.9999999997012659,1.940125637001653e-15,8.286026655775927e-13,True,18237647.761006672,False
B,H4,m5_best,decision_frozen_grid,1,1.7526737641109964,1.7526737641109964,0,3.067172052128188,-3.216013255051398,-1,-8.716904835059935e-06,0.9999996363058155,0.9999999996766129,0.9999999996766129,2.9331597753347146e-15,8.285137000764576e-13,True,18161695.090616435,False
B,H4,m5_best,decision_frozen_grid,1,1.761808945216564,1.761808945216564,0,3.050409464478741,-3.2327758427008453,-1,-8.873669208764312e-06,0.9999996139058216,0.999999999649348,0.999999999649348,1.6677248579941396e-15,8.246078632649328e-13,True,18086345.892925117,False
B,H4,m5_best,decision_frozen_grid,1,1.7709917401653577,1.7709917401653577,0,3.0335595024877757,-3.2496258046918105,-1,-9.032662670938052e-06,0.9999995898830126,0.9999999996191196,0.9999999996191196,5.114998790557304e-15,8.211437093932465e-13,True,18011595.92541188,False
B,H4,m5_best,decision_frozen_grid,1,1.7802223971273963,1.7802223971273963,0,3.0166217107084075,-3.2665635964711788,-1,-9.193880124325204e-06,0.9999995640901669,0.9999999995854922,0.9999999995854922,1.600930830147478e-15,8.281065938639455e-13,True,17937440.61391887,False
B,H4,m5_best,decision_frozen_grid,1,1.7895011655661963,1.7895011655661963,0,2.999595631326104,-3.283589675853482,-1,-9.357312880764468e-06,0.999999536362586,0.9999999995479565,0.9999999995479565,2.6489122911928727e-15,8.228687818083515e-13,True,17863875.013320565,False
B,H4,m5_best,decision_frozen_grid,1,1.798828296245512,1.798828296245512,0,2.9824808041472437,-3.3007045030323425,-1,-9.522948237750128e-06,0.9999995065153007,0.999999999505927,0.999999999505927,2.640191309422298e-15,8.235698236542714e-13,True,17790893.762993164,False
B,H4,m5_best,decision_frozen_grid,1,1.8082040412361131,1.8082040412361131,0,2.965276766587747,-3.3179085405918394,-1,-9.690768989933929e-06,0.999999474339788,0.9999999994586832,0.9999999994586832,3.6968814879151084e-15,8.246031746349322e-13,True,17718491.03522463,False
B,H4,m5_best,decision_frozen_grid,1,1.8176286539225983,1.8176286539225983,0,2.9479830536618246,-3.3352022535177617,-1,-9.860752857582256e-06,0.9999994396000139,0.9999999994053539,0.9999999994053539,3.629096575255329e-15,8.238429700412686e-13,True,17646660.474562723,False
B,H4,m5_best,decision_frozen_grid,1,1.8271023890102422,1.8271023890102422,0,2.930599197970799,-3.3525861092087874,-1,-1.0032871862630799e-05,0.9999994020276132,0.9999999993448969,0.9999999993448969,3.3884007467060106e-15,8.215215439394658e-13,True,17575395.131864775,False
B,H4,m5_best,decision_frozen_grid,1,1.836625502531879,1.836625502531879,0,2.9131247296921785,-3.3700605774874077,-1,-1.0207091547975722e-05,0.9999993613159718,0.9999999992760293,0.9999999992760293,3.1835195555777745e-15,8.223184597325562e-13,True,17504687.380877964,False
B,H4,m5_best,decision_frozen_grid,1,1.8461982518548208,1.8461982518548208,0,2.8955591765688653,-3.387626130610721,-1,-1.0383370120381485e-05,0.9999993171129842,0.9999999991971624,0.9999999991971624,2.3416104464977255e-15,8.190754828719849e-13,True,17434528.82707298,False
B,H4,m5_best,decision_frozen_grid,1,1.8558208956878164,1.8558208956878164,0,2.877902063898688,-3.4052832432808984,-1,-1.0561657406427116e-05,0.9999992690120664,0.999999999106358,0.999999999106358,2.5940909299497635e-15,8.193508147701798e-13,True,17364910.195943374,False
B,H4,m5_best,decision_frozen_grid,1,1.8654936940880387,1.8654936940880387,0,2.860152914524289,-3.4230323926552972,-1,-1.0741893623933407e-05,0.9999992165408178,0.9999999990011721,0.9999999990011721,4.505472764870101e-15,8.169785143344491e-13,True,17295821.20141861,False
B,H4,m5_best,decision_frozen_grid,1,1.8752169084681158,1.8752169084681158,1,2.8423112488234374,-3.440874058356149,-1,-1.0924007928680979e-05,0.999999159146878,0.999999998878524,0.999999998878524,1.0985169760000307e-14,8.195105893157617e-13,True,17227250.390070744,False
B,H4,m5_best,decision_frozen_grid,1,1.8849908016031949,1.8849908016031949,1,2.824376584699988,-3.4588087224795983,-1,-1.1107916633168458e-05,0.9999990961797393,0.999999998734493,0.999999998734493,1.3429766002159504e-14,8.176858463665426e-13,True,17159184.949586663,False
B,H4,m5_best,decision_frozen_grid,1,1.8948156376380447,1.8948156376380447,1,2.806348437575537,-3.4768368696040493,-1,-1.129352108031334e-05,0.9999990268675358,0.9999999985640391,0.9999999985640391,1.07615365453469e-14,8.188284370769918e-13,True,17091610.480169605,False
B,H4,m5_best,decision_frozen_grid,1,1.9046916820941928,1.9046916820941928,1,2.7882263203821314,-3.494958986797455,-1,-1.1480705004007774e-05,0.999998950286712,0.9999999983606123,0.9999999983606123,1.1531795881631484e-14,8.154799326539497e-13,True,17024510.710178617,False
B,H4,m5_best,decision_frozen_grid,1,1.9146192018771018,1.9146192018771018,0,2.7700097435562556,-3.5131755636233306,-1,-1.166933127105807e-05,0.9999988653223347,0.9999999981155927,0.9999999981155927,3.738264456923159e-15,8.153280073305682e-13,True,16957867.144906525,False
B,H4,m5_best,decision_frozen_grid,1,1.9245984652833843,1.9245984652833843,0,2.7516982150345437,-3.5314870921450425,-1,-1.1859237800893041e-05,0.9999987706151926,0.9999999978175194,0.9999999978175194,1.7001813073235617e-15,8.145375773277272e-13,True,16891658.626402672,False
B,H4,m5_best,decision_frozen_grid,1,1.934629742008051,1.934629742008051,0,2.7332912402518246,-3.5498940669277617,-1,-1.2050232380600434e-05,0.9999986644906125,0.9999999974509168,0.9999999974509168,3.588952973687459e-15,8.118283771192487e-13,True,16825860.7737315,False
B,H4,m5_best,decision_frozen_grid,1,1.9447133031518016,1.9447133031518016,1,2.714788322142274,-3.568396985037312,-1,-1.2242086016467368e-05,0.9999985448611963,0.9999999969946163,0.9999999969946163,1.1508379619753796e-14,8.097671255804265e-13,True,16760445.265041009,False
B,H4,m5_best,decision_frozen_grid,1,1.9548494212283496,1.9548494212283496,1,2.6961889611448866,-3.5869963460346996,-1,-1.2434524262250335e-05,0.9999984090918838,0.9999999964191706,0.9999999964191706,1.0064655350252109e-14,8.156476420604687e-13,True,16695378.900868768,False
B,H4,m5_best,decision_frozen_grid,1,1.96503837017179,1.96503837017179,1,2.6774926552149,-3.605692651964686,-1,-1.2627215762339716e-05,0.9999982538096794,0.9999999956829082,0.9999999956829082,1.0335020633123658e-14,8.105117901628068e-13,True,16630622.366618153,False
B,H4,m5_best,decision_frozen_grid,1,1.975280425343999,1.975280425343999,0,2.658698899843721,-3.624486407335865,-1,-1.2819756838089447e-05,0.999998074630291,0.9999999947257188,0.9999999947257188,2.975423907088197e-15,8.123610381746364e-13,True,16566128.567767559,False
B,H4,m5_best,decision_frozen_grid,1,1.9855758635420775,1.9855758635420775,1,2.639807188091083,-3.6433781190885033,-1,-1.3011650376704154e-05,0.9999978657574758,0.9999999934590709,0.9999999934590709,1.2352416841181568e-14,8.158535872662415e-13,True,16501840.350327425,False
B,H4,m5_best,decision_frozen_grid,1,1.9959249630058338,1.9959249630058338,1,2.620817010635174,-3.6623682965444124,-1,-1.320227636569804e-05,0.9999976193822906,0.9999999917494429,0.9999999917494429,1.0709201006767647e-14,8.135604750997131e-13,True,16437687.320757588,False
B,H4,m5_best,decision_frozen_grid,1,2.0063280034252977,2.0063280034252977,1,2.6017278558500356,-3.6814574513295506,-1,-1.339084976281768e-05,0.9999973247595411,0.9999999893900502,0.9999999893900502,9.672765502343845e-15,8.12373244450098e-13,True,16373581.301681437,False
B,H4,m5_best,decision_frozen_grid,1,2.016785265948285,2.016785265948285,1,2.582539209925095,-3.7006460972544915,-1,-1.3576358791622667e-05,0.999996966746806,0.9999999860509283,0.9999999860509283,1.153828862350323e-14,8.084634372726755e-13,True,16309409.681651035,False
B,H4,m5_best,decision_frozen_grid,1,2.0272970331879927,2.0272970331879927,1,2.5632505570521005,-3.7199347501274858,-1,-1.3757471947206668e-05,0.999996523417349,0.9999999811872532,0.9999999811872532,8.81184407368951e-15,8.097895108442871e-13,True,16245025.402677882,False
B,H4,m5_best,decision_frozen_grid,1,2.0378635892306374,2.0378635892306374,1,2.5438613797235923,-3.739323927455994,-1,-1.3932393218896166e-05,0.9999959620112726,0.9999999738631362,0.9999999738631362,1.1075163421091558e-14,8.121319183393223e-13,True,16180231.391646571,False
B,H4,m5_best,decision_frozen_grid,1,2.048485219643132,2.048485219643132,1,2.5243711592237177,-3.7588141479558685,-1,-1.4098628019709736e-05,0.9999952317630533,0.9999999623947399,0.9999999623947399,9.428881717154042e-15,8.086502770029515e-13,True,16114755.427459612,False
B,H4,m5_best,decision_frozen_grid,1,2.0591622114808055,2.0591622114808055,1,2.504779376466846,-3.7784059307127404,-1,-1.4252587646312875e-05,0.9999942505246652,0.9999999435813812,0.9999999435813812,8.999789239885864e-15,8.102538074585092e-13,True,16048207.749091823,False
B,H4,m5_best,decision_frozen_grid,1,2.0698948532951587,2.0698948532951587,1,2.485085513502242,-3.7980997936773444,-1,-1.4388884514549005e-05,0.9999928782242201,0.9999999109207078,0.9999999109207078,1.0531701612420555e-14,8.108386296843324e-13,True,15980005.694732824,False
B,H4,m5_best,decision_frozen_grid,1,2.0806834351416637,2.0806834351416637,1,2.465289056386622,-3.8178962507929644,-1,-1.449899231298346e-05,0.9999908600414835,0.9999998500703325,0.9999998500703325,1.0336818617074827e-14,8.074968770304007e-13,True,15909230.840895968,False
B,H4,m5_best,decision_frozen_grid,1,2.091528248587601,2.091528248587601,1,2.445389501122177,-3.837795806057409,-1,-1.4568482881172073e-05,0.9999876924750586,0.999999725905054,0.999999725905054,1.089390436399568e-14,8.066319181530484e-13,True,15834335.46878463,False
B,H4,m5_best,decision_frozen_grid,1,2.1024295867199423,2.1024295867199423,1,2.4253863672867038,-3.8577989398928825,-1,-1.4570691617921128e-05,0.9999822653340243,0.9999994396520112,0.9999994396520112,9.84711190212306e-15,8.054354718468371e-13,True,15752472.924034461,False
B,H4,m5_best,decision_frozen_grid,1,2.113387744153269,2.113387744153269,1,2.4052792341613705,-3.8779060730182158,-1,-1.4449937039362482e-05,0.9999717236323812,0.9999986546518609,0.9999986546518609,1.1135145316056866e-14,8.061411794097985e-13,True,15657735.965470694,False
B,H4,m5_best,decision_frozen_grid,1,2.124403017037735,2.124403017037735,2,2.385067859091997,-3.8981174480875893,-1,-1.40665583299171e-05,0.9999467842049996,0.9999958373375523,0.9999958373375523,1.0105143935062057e-14,8.063579984662015e-13,True,15535447.735883834,False
B,H4,m5_best,decision_frozen_grid,1,2.135475703067069,2.135475703067069,2,2.364752729877677,-3.918432577301909,-1,-1.2940428339547339e-05,0.9998617593298379,0.9999794223941642,0.9999794223941642,8.301910545794242e-15,8.072543345358287e-13,True,15336029.27281358,False
B,H4,m5_best,decision_frozen_grid,1,2.1466061014866242,2.1466061014866242,2,2.3443408223886686,-3.9388444847909176,-1,-7.57761540293167e-06,0.9990721256817835,0.9996468610704502,0.9996468610704502,1.0833827632834118e-14,8.05294609996922e-13,True,14717463.430879032,False
B,H4,m5_best,decision_frozen_grid,1,2.1577945131014595,2.1577945131014595,2,2.3237565537366267,-3.9594287534429595,-1,-3.281616123529396e-05,0.9971003490534782,0.9929201118678112,0.9929201118678112,7.939379177659767e-15,8.041746254022669e-13,True,17561257.10947166,False
B,H4,m5_best,decision_frozen_grid,1,2.1690412402844728,2.1690412402844728,2,2.3031442260092247,-3.9800410811703615,-1,-2.1396636641135558e-05,0.9997794299504364,0.9984692278106416,0.9984692278106416,8.168181450088512e-15,8.053631706284001e-13,True,16024154.025098238,False
B,H4,m5_best,decision_frozen_grid,1,2.1803465869845713,2.1803465869845713,2,2.2824031644950122,-4.000782142684574,-1,-1.980515953659001e-05,0.9999204111930532,0.999963281582725,0.999963281582725,7.964100797282234e-15,8.00755215461275e-13,True,15759275.756694118,False
B,H4,m5_best,decision_frozen_grid,1,2.191710858734889,2.191710858734889,2,2.2615516839943344,-4.021633623185252,-1,-1.927757971209587e-05,0.9999563157214459,0.9999939537373126,0.9999939537373126,7.403736197702463e-15,8.029239219184132e-13,True,15618517.119209375,False
B,H4,m5_best,decision_frozen_grid,1,2.203134362661039,2.203134362661039,2,2.240590807435786,-4.0425944997438,-1,-1.907737358330941e-05,0.9999703879058782,0.9999982142396685,0.9999982142396685,9.2670406453255e-15,8.017758078764212e-13,True,15515358.733599259,False
B,H4,m5_best,decision_frozen_grid,1,2.2146174074894156,2.2146174074894156,2,2.219520375441507,-4.06366493173808,-1,-1.9015661215204815e-05,0.9999770547060176,0.9999992813055759,0.9999992813055759,8.394174928470953e-15,8.028207549494962e-13,True,15428122.766928626,False
B,H4,m5_best,decision_frozen_grid,1,2.2261603035555413,2.2261603035555413,4,2.1983399738584053,-4.084845333321181,-1,-1.9020547317394332e-05,0.9999804264524996,0.9999996395508565,0.9999996395508565,2.3624403322887197e-14,7.986905603445597e-13,True,15348660.548997054,False
B,H4,m5_best,decision_frozen_grid,1,2.237763362812447,2.237763362812447,2,2.1770491063150685,-4.106136200864517,-1,-1.905702047566571e-05,0.9999819939904974,0.9999997767549724,0.9999997767549724,7.955141052745857e-15,7.962767832009001e-13,True,15273045.334889226,False
B,H4,m5_best,decision_frozen_grid,1,2.2494268988391095,2.2494268988391095,2,2.1556472440452916,-4.127538063134295,-1,-1.9103859738356377e-05,0.9999823352394557,0.9999998222243996,0.9999998222243996,7.895356578987975e-15,7.965820034645457e-13,True,15198926.911375703,False
B,H4,m5_best,decision_frozen_grid,1,2.261151226848922,2.261151226848922,2,2.134133845705394,-4.149051461474192,-1,-1.9144515276403595e-05,0.9999815872850562,0.9999998097264153,0.9999998097264153,7.821440666072777e-15,7.97368116018373e-13,True,15124502.819474598,False
B,H4,m5_best,decision_frozen_grid,1,2.2729366636982133,2.2729366636982133,2,2.1125083696537263,-4.17067693752586,-1,-1.9161583580507013e-05,0.9999795218430608,0.9999997273327553,0.9999997273327553,7.711443523867487e-15,7.945005854489373e-13,True,15047912.309239976,False
B,H4,m5_best,decision_frozen_grid,1,2.284783527894814,2.284783527894814,2,2.090770288955431,-4.192415018224155,-1,-1.913025989330741e-05,0.9999753122605473,0.9999994960011294,0.9999994960011294,6.064833353064403e-15,7.901546452379529e-13,True,14966543.276634863,False
B,H4,m5_best,decision_frozen_grid,1,2.2966921396066584,2.2966921396066584,2,2.0689191247329086,-4.214266182446678,-1,-1.9004006817313623e-05,0.9999665369267456,0.9999988088152393,0.9999988088152393,7.303024482612388e-15,7.915865430000518e-13,True,14875547.132106645,False
B,H4,m5_best,decision_frozen_grid,1,2.3086628206704454,2.3086628206704454,2,2.0469545561743394,-4.236230751005246,-1,-1.8667467244437574e-05,0.9999446533447145,0.9999961407924941,0.9999961407924941,6.755126537968614e-15,7.937340948920151e-13,True,14763017.58998928,False
B,H4,m5_best,decision_frozen_grid,1,2.320695894600329,2.320695894600329,1,2.024876984147522,-4.258308323032065,-1,-1.769539010409993e-05,0.9998618733602501,0.9999781127832622,0.9999781127832622,2.4039097206290808e-15,7.931680204639303e-13,True,14585693.740493555,False
B,H4,m5_best,decision_frozen_grid,1,2.3327916865966642,2.3327916865966642,1,2.0026957693757272,-4.280489537803859,-1,-1.1829222237746961e-05,0.9986132404910811,0.9993279338897189,0.9993279338897189,2.3885178936443055e-15,7.918028730350502e-13,True,13933111.246635554,False
B,H4,m5_best,decision_frozen_grid,1,2.3449505235547963,2.3449505235547963,1,1.9803492815747652,-4.302836025604821,-1,-2.7171500675882143e-05,0.9991109648492009,0.9955746819619344,0.9955746819619344,6.118711221700188e-15,7.945132729217062e-13,True,15469608.965621978,False
B,H4,m5_best,decision_frozen_grid,1,2.3571727340738966,2.3571727340738966,1,1.957932320439686,-4.3252529867399,-1,-2.291945510601856e-05,0.9998643210365845,0.9996498745896581,0.9996498745896581,2.0651880191008373e-15,7.910712478084413e-13,True,14909800.729288753,False
B,H4,m5_best,decision_frozen_grid,1,2.3694586484658386,2.3694586484658386,1,1.93539069510622,-4.347794612073367,-1,-2.1991416865763114e-05,0.9999344005520052,0.9999830989451952,0.9999830989451952,2.3743225930179004e-15,7.918002778742703e-13,True,14732285.980257025,False
B,H4,m5_best,decision_frozen_grid,1,2.3818085987641284,2.3818085987641284,2,1.912730414368429,-4.370454892811157,-1,-2.155743912712893e-05,0.9999530175854473,0.9999966841646342,0.9999966841646342,7.266716355949049e-15,7.900127326177277e-13,True,14609741.987587478,False
B,H4,m5_best,decision_frozen_grid,1,2.3942229187328783,2.3942229187328783,2,1.8899516979928837,-4.393233609186702,-1,-2.1262324276349887e-05,0.999959105770598,0.999998875920537,0.999998875920537,8.758640158040071e-15,7.904133218720487e-13,True,14502929.658416547,False
B,H4,m5_best,decision_frozen_grid,1,2.4067019438758255,2.4067019438758255,2,1.8670541821385667,-4.416131125041019,-1,-2.0999328816939666e-05,0.9999602694762678,0.999999446421439,0.999999446421439,6.237862891684763e-15,7.910859046776243e-13,True,14400306.132420005,False
B,H4,m5_best,decision_frozen_grid,1,2.419246011445399,2.419246011445399,2,1.8440373667600654,-4.439147940419521,-1,-2.0718875018532756e-05,0.9999586915064267,0.9999996199379152,0.9999996199379152,5.732645843884393e-15,7.860593384046221e-13,True,14296659.907945491,False
B,H4,m5_best,decision_frozen_grid,1,2.4318554604518337,2.4318554604518337,2,1.820900710060468,-4.462284597119118,-1,-2.038825064110128e-05,0.9999550293425123,0.9999996527561834,0.9999996527561834,5.457786885909465e-15,7.870545069715047e-13,True,14188693.609422674,False
B,H4,m5_best,decision_frozen_grid,1,2.444530631672337,2.444530631672337,2,1.7976436596255994,-4.485541647553987,-1,-1.997844181134134e-05,0.9999493157248689,0.9999996108218233,0.9999996108218233,5.885004964219423e-15,7.854363388406496e-13,True,14073622.40888917,False
B,H4,m5_best,decision_frozen_grid,1,2.457271867660291,2.457271867660291,2,1.7742656682436946,-4.508919638935891,-1,-1.9457601184269535e-05,0.9999411833712353,0.999999504281334,0.999999504281334,5.574848267375165e-15,7.827604620150979e-13,True,13948526.254181704,False
B,H4,m5_best,decision_frozen_grid,1,2.470079512754515,2.470079512754515,2,1.750766207262068,-4.532419099917519,-1,-1.8785715013125426e-05,0.9999298510688525,0.999999314684969,0.999999314684969,5.004175329227063e-15,7.785872691154608e-13,True,13809879.125039276,False
B,H4,m5_best,decision_frozen_grid,1,2.4829539130885725,2.4829539130885725,2,1.7271447836627005,-4.556040523516886,-1,-1.7907939532824102e-05,0.9999139410542829,0.9999989921250229,0.9999989921250229,6.5630539887300784e-15,7.848323305064221e-13,True,13653020.98452103,False
B,H4,m5_best,decision_frozen_grid,1,2.4958954166001206,2.4958954166001206,2,1.7034009674834418,-4.579784339696144,-1,-1.67440029625876e-05,0.9998910521831853,0.9999984296172656,0.9999984296172656,6.920021166858263e-15,7.874417190859296e-13,True,13471379.432585452,False
B,H4,m5_best,decision_frozen_grid,1,2.5089043730403184,2.5089043730403184,4,1.679534441669404,-4.603650865510183,-1,-1.5169003030779393e-05,0.9998568286438599,0.9999973923140943,0.9999973923140943,2.1680066454751342e-14,7.773553964052024e-13,True,13255143.743786607,False
B,H4,m5_best,decision_frozen_grid,1,2.5219811339832754,2.5219811339832754,1,1.6555451018727934,-4.627640205306793,-1,-1.2975007043003473e-05,0.9998028006036763,0.9999953186010034,0.9999953186010034,4.6890180999561434e-15,7.829430225880296e-13,True,12988778.349525662,False
B,H4,m5_best,decision_frozen_grid,1,2.535126052835557,2.535126052835557,1,1.6314332783003735,-4.651752028879213,-1,-9.785722157040766e-06,0.9997107947516962,0.9999906861515486,0.9999906861515486,2.1921421575773815e-15,7.782079801097173e-13,True,12645913.966302704,False
B,H4,m5_best,decision_frozen_grid,1,2.5483394848457297,2.5483394848457297,4,1.6072002999391948,-4.675985007240391,-1,-4.839500652886741e-06,0.9995360024554657,0.9999785781262073,0.9999785781262073,2.39366573886254e-14,7.804017644376387e-13,True,12177645.032686649,False
B,H4,m5_best,decision_frozen_grid,1,2.561621787113968,2.561621787113968,5,1.5828502321674713,-4.700335075012115,-1,3.6788988877489714e-06,0.999142387112307,0.9999384245473779,0.9999384245473779,2.5473860224310724e-14,7.751049966481545e-13,True,12024189.003933867,False
B,H4,m5_best,decision_frozen_grid,1,2.5749733186017023,2.5749733186017023,9,1.5583971382002184,-4.724788168979368,-1,2.143080538030695e-05,0.9979434880304641,0.9997380765667532,0.9997380765667532,6.111473759718793e-14,7.77150744997561e-13,True,13501367.535569565,False
B,H4,m5_best,decision_frozen_grid,1,2.588394440141318,2.588394440141318,13,1.5339210188399564,-4.74926428833963,-1,7.943519622499728e-05,0.9904929224483269,0.9972550420053984,0.9972550420053984,6.416470017749667e-14,7.782674141790457e-13,True,23178996.675552767,False
B,H4,m5_best,decision_frozen_grid,1,2.6018855144459123,2.6018855144459123,8,1.5074142348976496,-4.775771072281937,-1,-0.0005942890578851667,0.791173932741239,0.7068815852735761,0.7068815852735761,3.1706772890158615e-14,7.729612249291793e-13,False,,True
B,H4,m5_best,decision_frozen_grid,1,2.6154469061190917,2.6154469061190917,10,1.4837742143108337,-4.799411092868753,-1,-0.00011560717563519063,0.9937647038800009,0.8514291603332825,0.8514291603332825,6.136569665909499e-14,7.774574324793596e-13,False,41903917.20384639,False
B,H4,m5_best,decision_frozen_grid,1,2.6290789816648297,2.6290789816648297,6,1.458863968774461,-4.824321338405126,-1,-7.568551599512752e-05,0.998139761387138,0.9986989598711143,0.9986989598711143,2.402584491335655e-14,7.713822655747485e-13,True,21797666.144713793,False
B,H4,m5_best,decision_frozen_grid,1,2.642782109497368,2.642782109497368,8,1.4337573277076814,-4.849427979471905,-1,-6.115637493131487e-05,0.9990865810981522,0.9998279408298447,0.9998279408298447,2.5227134648184023e-14,7.727943160985124e-13,True,18476419.015937056,False
B,H4,m5_best,decision_frozen_grid,1,2.6565566599511747,2.6565566599511747,7,1.408501534939366,-4.87468377224022,-1,-5.3588314349317656e-05,0.9994390844402548,0.9999541292243836,0.9999541292243836,2.475158483053726e-14,7.757838403373046e-13,True,17065466.907201737,False
B,H4,m5_best,decision_frozen_grid,1,2.670403005290956,2.670403005290956,9,1.383106573295328,-4.900078733884258,-1,-4.888009811221394e-05,0.9996073378580617,0.9999828913994676,0.9999828913994676,6.120355516357264e-14,7.696510950107136e-13,True,16253488.84469864,False
B,H4,m5_best,decision_frozen_grid,1,2.684321519721711,2.684321519721711,9,1.3575754871550505,-4.925609820024536,-1,-4.5597914915873616e-05,0.9996996003569324,0.999992186369952,0.999992186369952,6.138794802293998e-14,7.747879900676545e-13,True,15702710.001780301,False
B,H4,m5_best,decision_frozen_grid,1,2.698312579398848,2.698312579398848,8,1.3319092434913724,-4.951276063688214,-1,-4.3105798913423143e-05,0.9997544364114784,0.9999958787221553,0.9999958787221553,5.693318206291485e-14,7.702176398120113e-13,True,15286419.49602724,False
B,H4,m5_best,decision_frozen_grid,1,2.7123765624383505,2.7123765624383505,5,1.3061080161074063,-4.97707729107218,-1,-4.107184682133891e-05,0.9997875858194556,0.9999971152321062,0.9999971152321062,1.2392792494328239e-14,7.725240478251092e-13,True,14945672.240187524,False
B,H4,m5_best,decision_frozen_grid,1,2.726513848926996,2.726513848926996,8,1.2801715661763633,-5.0030137410032225,-1,-3.932092695091427e-05,0.9998090339223329,0.9999950937349118,0.9999950937349118,5.785996447158842e-14,7.710494408501379e-13,True,14651306.294126553,False
B,H4,m5_best,decision_frozen_grid,1,2.7407248209326274,2.7407248209326274,9,1.254099593131614,-5.029085714047972,-1,-3.770266788527543e-05,0.9998220842635888,0.9999985901540356,0.9999985901540356,6.109278682951637e-14,7.68288720507073e-13,True,14381459.675781999,False
B,H4,m5_best,decision_frozen_grid,1,2.755009862514477,2.755009862514477,9,1.2278915882990544,-5.055293718880532,-1,-3.614398393914087e-05,0.9998281045594444,0.9999990904840846,0.9999990904840846,6.02195759778482e-14,7.664936516940152e-13,True,14125907.859219348,False
B,H4,m5_best,decision_frozen_grid,1,2.76936935973355,2.76936935973355,1,1.2015470392435936,-5.081638267935992,-1,-3.457331655143392e-05,0.9998287771338293,0.9999991989924847,0.9999991989924847,8.31006094516593e-15,7.680600945021804e-13,True,13875785.09440441,False
B,H4,m5_best,decision_frozen_grid,1,2.7838037006630536,2.7838037006630536,8,1.175065405350882,-5.1081199018287045,-1,-3.292937883681013e-05,0.9998246213752326,0.9999992077362335,0.9999992077362335,5.941694282531771e-14,7.670841159690087e-13,True,13624350.60390894,False
B,H4,m5_best,decision_frozen_grid,1,2.7983132753988884,2.7983132753988884,0,1.1484461406220627,-5.134739166557523,-1,-3.1152755680663446e-05,0.9998156225549104,0.9999991376185408,0.9999991376185408,3.567923004978407e-15,7.606924493488678e-13,True,13365887.232335567,False
B,H4,m5_best,decision_frozen_grid,1,2.8128984760701883,2.8128984760701883,0,1.1216887099003778,-5.161496597279209,-1,-2.9180096194458827e-05,0.9998012953859745,0.9999989854893945,0.9999989854893945,2.410901790137237e-15,7.675417693579456e-13,True,13095096.028238496,False
B,H4,m5_best,decision_frozen_grid,1,2.827559696849921,2.827559696849921,0,1.0947926056371748,-5.188392701542411,-1,-2.6938295454970174e-05,0.9997806307609197,0.9999987307951611,0.9999987307951611,2.9640689385165035e-15,7.622539064036264e-13,True,12806655.748534547,False
B,H4,m5_best,decision_frozen_grid,1,2.842297333965536,2.842297333965536,0,1.0677573688370396,-5.215427938342547,-1,-2.4337388650819136e-05,0.999751930181593,0.9999983307460236,0.9999983307460236,2.8027310326365292e-15,7.65395065025927e-13,True,12494839.506095026,False
B,H4,m5_best,decision_frozen_grid,1,2.857111785709677,2.857111785709677,0,1.0405826187497593,-5.242602688429827,-1,-2.1260608935813607e-05,0.9997124781298846,0.9999977065150903,0.9999977065150903,2.7905365038189687e-15,7.614571811181789e-13,True,12153117.512306772,False
B,H4,m5_best,decision_frozen_grid,1,2.8720034524509477,2.8720034524509477,8,1.0132680987316134,-5.269917208447973,-1,-1.7549131583693978e-05,0.9996579334526516,0.9999967133120179,0.9999967133120179,5.836117095420403e-14,7.629471151018668e-13,True,11773679.792622838,False
B,H4,m5_best,decision_frozen_grid,1,2.8869727366447244,2.8869727366447244,0,0.985813751946048,-5.297371555233538,-1,-1.2976967918243432e-05,0.999581180329151,0.9999950751908963,0.9999950751908963,3.3679150185104707e-15,7.559455293028273e-13,True,11346796.711287292,False
B,H4,m5_best,decision_frozen_grid,1,2.9020200428440397,2.9020200428440397,0,0.9582198543199512,-5.324965452859635,-1,-7.206927992831069e-06,0.999470051845782,0.9999922344384867,0.9999922344384867,3.456039222111032e-15,7.541203118323321e-13,True,10859893.43391655,False
B,H4,m5_best,decision_frozen_grid,1,2.9171457777105125,2.9171457777105125,0,0.93048726436529,-5.352698042814296,-1,2.9208074070474765e-07,0.999302495401522,0.9999869727380222,0.9999869727380222,3.892789389170662e-15,7.576557554635981e-13,True,10333940.699143484,False
B,H4,m5_best,decision_frozen_grid,1,2.93235035002534,2.93235035002534,0,0.9026179320251818,-5.3805673751544045,-1,1.0413469807790676e-05,0.9990353231562819,0.9999763473737756,0.9999763473737756,2.798468909228893e-15,7.594792965530789e-13,True,10978940.915091455,False
B,H4,m5_best,decision_frozen_grid,1,2.9476341707003435,2.9476341707003435,8,0.87461604710025,-5.408569260079336,-1,2.4793048315929767e-05,0.9985746909403,0.9999522432354591,0.9999522432354591,5.933071192155564e-14,7.544302326337699e-13,True,12089120.198630929,False
B,H4,m5_best,decision_frozen_grid,1,2.9629976527890727,2.9629976527890727,8,0.8464910145790454,-5.43669429260054,-1,4.679370237936631e-05,0.99768479848818,0.9998877968206786,0.9998877968206786,5.937847335166216e-14,7.549783548255607e-13,True,14376957.758254042,False
B,H4,m5_best,decision_frozen_grid,1,2.978441211497974,2.978441211497974,8,0.8182668580259492,-5.464918449153637,-1,8.46173338129308e-05,0.995629030981035,0.9996665146333844,0.9996665146333844,5.91893962051311e-14,7.515683450379791e-13,True,21540166.114092924,False
B,H4,m5_best,decision_frozen_grid,1,2.993965264197605,2.993965264197605,8,0.7900231084711286,-5.493162198708458,-1,0.00016483560497548844,0.9890825094856012,0.998496784986131,0.998496784986131,5.787791379672753e-14,7.521090458813924e-13,True,,True
B,H4,m5_best,decision_frozen_grid,1,3.0095702304339174,3.0095702304339174,9,0.7622297102685817,-5.520955596911005,-1,0.00044319177662788256,0.9451022874647075,0.9826426625953144,0.9826426625953144,5.829163269608479e-14,7.532736881843873e-13,True,,True
B,H4,m5_best,decision_frozen_grid,1,3.025256531939595,3.025256531939595,8,0.7288339813696323,-5.554351325809954,-1,-0.00108386390156201,0.792668362152816,0.5763132250431089,0.5763132250431089,5.638393097023835e-14,7.51595797019207e-13,False,,True
B,H4,m5_best,decision_frozen_grid,1,3.041024592645454,3.041024592645454,9,0.7021316696082683,-5.581053637571318,-1,-0.0003447231548050489,0.9783825670150756,0.8976065258485713,0.8976065258485713,5.849456117757358e-14,7.482577690354965e-13,False,,True
B,H4,m5_best,decision_frozen_grid,1,3.056874838691895,3.056874838691895,11,0.6734360633386988,-5.609749243840888,-1,-0.00021595541349617164,0.9924614573925019,0.9962256775645506,0.9962256775645506,5.848147670063275e-14,7.465664629539587e-13,True,,True
B,H4,m5_best,decision_frozen_grid,1,3.0728076984404207,3.0728076984404207,11,0.6443615598716497,-5.638823747307937,-1,-0.00016248796433071533,0.9959720837073885,0.9993816591676956,0.9993816591676956,5.899946193512842e-14,7.486629758907165e-13,True,,True
B,H4,m5_best,decision_frozen_grid,1,3.0888236024852174,3.0888236024852174,11,0.6150680074538201,-5.6681172997257665,-1,-0.0001311535034500544,0.9972502224446466,0.9998076662755059,0.9998076662755059,5.945484237028177e-14,7.489294903125813e-13,True,55038211.701190494,False
B,H4,m5_best,decision_frozen_grid,1,3.1049229836647867,3.1049229836647867,13,0.5855981863085302,-5.697587120871056,-1,-0.00010757804190753006,0.9976556490275672,0.9998903092535498,0.9998903092535498,6.104345458877923e-14,7.426372666599623e-13,True,29824786.193993356,False
B,H4,m5_best,decision_frozen_grid,1,3.121106277073645,3.121106277073645,1,0.5559754337263598,-5.727209873453226,-1,-8.391034726273894e-05,0.9972889206215491,0.9998293872804984,0.9998293872804984,8.46901331864114e-15,7.429741316815859e-13,True,20362957.95470833,False
B,H4,m5_best,decision_frozen_grid,1,3.1373739200740816,3.1373739200740816,3,0.526241485077544,-5.756943822102042,-1,-4.6595299223683995e-05,0.9945533963090945,0.9991791669605599,0.9991791669605599,1.97951994412708e-14,7.437131985803277e-13,True,13553992.231942663,False
B,H4,m5_best,decision_frozen_grid,1,3.1537263523079826,3.1537263523079826,6,0.49675775135001415,-5.786427555829572,-1,0.00011900679361320776,0.9510019768109343,0.976326128441263,0.976326128441263,4.0464079052125426e-14,7.461445256492011e-13,True,37679450.461057134,False
B,H4,m5_best,decision_frozen_grid,1,3.170164015708705,3.170164015708705,2,0.46538530552809804,-5.817800001651488,-1,-0.0002635522964107295,0.9739444576667351,0.8614418758470507,0.8614418758470507,1.76823407014392e-14,7.39330642136239e-13,False,,True
B,H4,m5_best,decision_frozen_grid,1,3.186687354513026,3.186687354513026,15,0.43539333836624283,-5.847791968813343,-1,-0.00015961327033053863,0.9954911944403577,0.990515775546761,0.990515775546761,5.6276379396909505e-14,7.437584038500429e-13,True,,True
B,H4,m5_best,decision_frozen_grid,1,3.2032968152731485,3.2032968152731485,4,0.40500222084878645,-5.8781830863308,-1,-0.0001320188379336784,0.9979082554857335,0.9994558614710308,0.9994558614710308,1.1933845736675443e-14,7.411599873719726e-13,True,54751044.96626092,False
B,H4,m5_best,decision_frozen_grid,1,3.219992846868766,3.219992846868766,9,0.3744100758380357,-5.908775231341551,-1,-0.0001178050098855632,0.998653146957569,0.999890468694164,0.999890468694164,2.5478576613859058e-14,7.437661888400241e-13,True,35836742.71574484,False
B,H4,m5_best,decision_frozen_grid,1,3.2367759005191967,3.2367759005191967,18,0.343643271216923,-5.939542035962663,-1,-0.00010836371423139646,0.998984146345763,0.9999640605076646,0.9999640605076646,5.764329923285389e-14,7.389788751517487e-13,True,29050623.690568864,False
B,H4,m5_best,decision_frozen_grid,1,3.2536464297955767,3.2536464297955767,18,0.3127090122115702,-5.970476294968016,-1,-0.00010115153896173013,0.9991598837018222,0.9999843321238185,0.9999843321238185,5.810714146332849e-14,7.362151542825357e-13,True,25319211.432081018,False
B,H4,m5_best,decision_frozen_grid,1,3.2706048906331198,3.2706048906331198,18,0.2816098439481166,-6.00157546323147,-1,-9.5100578697771e-05,0.9992582818531076,0.9999904231849788,0.9999904231849788,5.829911876422192e-14,7.382068562658741e-13,True,22816118.54966915,False
B,H4,m5_best,decision_frozen_grid,1,3.287651741343436,3.287651741343436,30,0.2503476291795401,-6.032837678000046,-1,-8.937095258332306e-05,0.9991533882403999,0.9998860469823956,0.9998860469823956,6.161722883999643e-14,7.365654465011551e-13,True,20839666.898628663,False
B,H4,m5_best,decision_frozen_grid,1,3.3047874426269193,3.3047874426269193,14,0.2189179374836042,-6.064267369695982,-1,-8.504294978761706e-05,0.9993403940279325,0.9996564225783184,0.9996564225783184,5.46376215784551e-14,7.381539051999763e-13,True,19524263.977745473,False
B,H4,m5_best,decision_frozen_grid,1,3.322012457585202,3.322012457585202,14,0.18732667009001447,-6.095858637089572,-1,-8.006302077445682e-05,0.9993816873305698,0.9999888133645165,0.9999888133645165,5.3407029891669816e-14,7.355744646787929e-13,True,18203243.123618852,False
B,H4,m5_best,decision_frozen_grid,1,3.339327251733664,3.339327251733664,7,0.1555706523348681,-6.127614654844718,-1,-7.51365391316039e-05,0.9993897979269302,0.9999973454746204,0.9999973454746204,1.2617383348025483e-14,7.349766558293054e-13,True,17049616.236018177,False
B,H4,m5_best,decision_frozen_grid,1,3.3567322930140167,3.3567322930140167,6,0.12364968404037321,-6.159535623139213,-1,-7.00669043587343e-05,0.9993837436074953,0.9999979671338686,0.9999979671338686,1.3405265059421604e-14,7.33137334208479e-13,True,15998235.661101174,False
B,H4,m5_best,decision_frozen_grid,1,3.3742280518069503,3.3742280518069503,10,0.09156335465988424,-6.191621952519702,-1,-6.472260708667577e-05,0.9993656849048657,0.9999980221409063,0.9999980221409063,2.6577921624014378e-14,7.268649533901345e-13,True,15016526.2427387,False
B,H4,m5_best,decision_frozen_grid,1,3.3918150009448444,3.3918150009448444,13,0.05931123446833617,-6.22387407271125,-1,-5.897921929709504e-05,0.9993357103362864,0.9999978716687603,0.9999978716687603,5.326955413207754e-14,7.298595501788913e-13,True,14083933.17676675,False
B,H4,m5_best,decision_frozen_grid,1,3.409493615724548,3.409493615724548,5,0.026892920669520686,-6.256292386510066,-1,-5.2705716226730814e-05,0.9992928594636623,0.9999975612653735,0.9999975612653735,1.3154537956302195e-14,7.300727464535291e-13,True,13186772.04974597,False
B,H4,m5_best,decision_frozen_grid,1,3.4272643739202215,3.4272643739202215,15,-0.005691929307702447,-6.288877236487289,-1,-4.575495927117146e-05,0.999235227827815,0.9999970769316135,0.9999970769316135,5.6409732888737966e-14,7.296913993524598e-13,True,12315767.408050597,False
B,H4,m5_best,decision_frozen_grid,1,3.445127755796255,3.445127755796255,5,-0.03844356210734683,-6.321628869286933,-1,-3.795377961024471e-05,0.9991598170968715,0.9999963714093995,0.9999963714093995,1.2501643532839478e-14,7.325991167933971e-13,True,11464639.912336113,False
B,H4,m5_best,decision_frozen_grid,1,3.4630842441202416,3.4630842441202416,17,-0.0713620832328342,-6.354547390412421,-1,-2.9090630662587103e-05,0.9990621871911013,0.9999953596483111,0.9999953596483111,5.732425426025741e-14,7.276609105850177e-13,True,10629218.24934539,False
B,H4,m5_best,decision_frozen_grid,1,3.481134324176025,3.481134324176025,17,-0.10444739458355576,-6.387632701763142,-1,-1.8898680280932112e-05,0.9989358473682891,0.9999938996855504,0.9999938996855504,5.69260565103494e-14,7.256047006521484e-13,True,9806841.767917993,False
B,H4,m5_best,decision_frozen_grid,1,3.4992784837768185,3.4992784837768185,3,-0.13769910314958453,-6.420884410329171,-1,-7.031202667207026e-06,0.9987712294304962,0.9999917538807979,0.9999917538807979,1.231129700856411e-14,7.262775477398637e-13,True,8995932.267441722,False
B,H4,m5_best,decision_frozen_grid,1,3.5175172132783867,3.5175172132783867,11,-0.1711163813480264,-6.454301688527613,-1,6.975989149005102e-06,0.998553931128163,0.9999885130079772,0.9999885130079772,3.212346105822056e-14,7.23179139775555e-13,True,8946044.72065897,False
B,H4,m5_best,decision_frozen_grid,1,3.5358510055922965,3.5358510055922965,12,-0.2046977438771712,-6.487883051056757,-1,2.3764519351043845e-05,0.9982616045590503,0.9999834421684773,0.9999834421684773,4.9377622281574326e-14,7.183745458904116e-13,True,10001554.865749937,False
B,H4,m5_best,decision_frozen_grid,1,3.554280356199236,3.554280356199236,17,-0.23844067407715527,-6.521625981256742,-1,4.425385264528181e-05,0.9978581744612819,0.999975149484315,0.999975149484315,5.721962155997794e-14,7.210145891628547e-13,True,11720779.281394511,False
B,H4,m5_best,decision_frozen_grid,1,3.572805763162414,3.572805763162414,16,-0.272340963631436,-6.555526270811022,-1,6.981873476141764e-05,0.9972824311013805,0.9999608201664694,0.9999608201664694,5.777618927024866e-14,7.236673835094235e-13,True,14989047.74904266,False
B,H4,m5_best,decision_frozen_grid,1,3.5914277271410087,3.5914277271410087,15,-0.30639146768063485,-6.589576774860221,-1,0.00010262377186442961,0.9964237875304648,0.9999342804245617,0.9999342804245617,5.4697929017118045e-14,7.18859367904189e-13,True,23533095.437492747,False
B,H4,m5_best,decision_frozen_grid,1,3.6101467514037076,3.6101467514037076,14,-0.34057956177469595,-6.623764868954282,-1,0.00014630700177953315,0.9950657161738501,0.9998805263007358,0.9998805263007358,5.5313062096269484e-14,7.201554724100114e-13,True,101758629.98000577,False
B,H4,m5_best,decision_frozen_grid,1,3.6289633418423026,3.6289633418423026,3,-0.374881384587454,-6.65806669176704,-1,0.00020752759430453516,0.9927368931122472,0.9997578839836974,0.9997578839836974,1.600018896442545e-14,7.165484402387785e-13,True,,True
B,H4,m5_best,decision_frozen_grid,1,3.647878006985367,3.647878006985367,14,-0.40924688918007995,-6.6924321963596665,-1,0.0002999844718929445,0.988250980957896,0.9994276049745676,0.9994276049745676,6.072518716003341e-14,7.151470664849201e-13,True,,True
B,H4,m5_best,decision_frozen_grid,1,3.666891258011995,3.666891258011995,13,-0.4435527899512138,-6.7267380971308,-1,0.0004570638652665604,0.977922015107449,0.998290645124859,0.998290645124859,5.831453076140598e-14,7.157544090810385e-13,True,,True
B,H4,m5_best,decision_frozen_grid,1,3.6860036087656165,3.6860036087656165,2,-0.4774049958866317,-6.760590303066218,-1,0.0007849243823545571,0.9458927582631935,0.9925007418288698,0.9925007418288698,2.5827698157537362e-14,7.117185521948436e-13,True,,True
B,H4,m5_best,decision_frozen_grid,1,3.7052155757678893,3.7052155757678893,8,-0.5088758451826095,-6.792061152362196,-1,0.0018014088620377233,0.7855308197899366,0.939687772280787,0.939687772280787,5.234426520509571e-14,7.128778393894593e-13,False,,True
B,H4,m5_best,decision_frozen_grid,1,3.7245276782326493,3.7245276782326493,2,-0.5286480493557407,-6.811833356535327,-1,0.005997637504555398,0.25739525665723995,0.7193894013159954,0.7193894013159954,5.3836199528190715e-14,7.122595536201861e-13,False,,True
B,H4,m5_best,decision_frozen_grid,1,3.7439404380799512,3.7439404380799512,11,-0.5356513908908748,-6.818836698070461,-1,0.013610175238446542,0.06499942208276838,0.926468072046718,0.926468072046718,9.692348607238023e-14,7.122770025743345e-13,False,,True
B,H4,m5_best,decision_frozen_grid,1,3.763454379950168,3.763454379950168,5,-0.539729770299159,-6.822915077478745,-1,0.021970141696291634,0.026790502092354052,0.9912882473321167,0.9912882473321167,7.648962687743493e-14,7.068927257890441e-13,False,,True
B,H4,m5_best,decision_frozen_grid,1,3.783070031218174,3.783070031218174,1,-0.5431305160971319,-6.826315823276718,-1,0.03047150244603891,0.014551220752071237,0.9981056227578312,0.9981056227578312,5.576374650880142e-14,7.13373010902129e-13,False,,True
B,H4,m5_best,decision_frozen_grid,1,3.8027879220075946,3.8027879220075946,0,-0.5462946388660721,-6.829479946045659,-1,0.038995667330892436,0.009218069940171615,0.9993856607530507,0.9993856607530507,2.660642417991404e-15,7.083422457899744e-13,False,,True
B,H4,m5_best,decision_frozen_grid,1,3.8226085852051304,3.8226085852051304,0,-0.5493560272023008,-6.832541334381887,-1,0.04750682321510524,0.006427717829990647,0.9997467241874568,0.9997467241874568,3.0626187612833827e-15,7.067117446253954e-13,False,,True
B,H4,m5_best,decision_frozen_grid,1,3.842532556474968,3.842532556474968,7,-0.5523681940968824,-6.835553501276468,-1,0.0559908099869173,0.004783681878932358,0.99987788728264,0.99987788728264,4.826460352383007e-14,7.086161300324522e-13,False,,True
B,H4,m5_best,decision_frozen_grid,1,3.8625603742732464,3.8625603742732464,2,-0.5553565845072325,-6.838541891686819,-1,0.06444102656261164,0.0037314169209256226,0.9999343214433046,0.9999343214433046,6.306929597010506e-15,7.059691881599324e-13,False,,True
B,H4,m5_best,decision_frozen_grid,1,3.8826925798626144,3.8826925798626144,0,-0.5583348265863223,-6.841520133765909,-1,0.07285405315897364,0.0030156619349542436,0.9999617161546335,0.9999617161546335,4.057570474559043e-15,7.025553106642833e-13,False,,True
B,H4,m5_best,decision_frozen_grid,1,3.9029297173268573,3.9029297173268573,1,-0.5613108826463589,-6.844496189825945,-1,0.08122799461854813,0.00250562754124233,0.9999762693954538,0.9999762693954538,5.797899538322532e-15,6.993662524163938e-13,False,,True
B,H4,m5_best,decision_frozen_grid,1,3.9232723335856026,3.9232723335856026,4,-0.5642897256106127,-6.847475032790199,-1,0.08956175962654189,0.002128627257730149,0.9999845604071107,0.9999845604071107,5.828688692830463e-14,6.993506088982679e-13,False,,True
B,H4,m5_best,decision_frozen_grid,1,3.9437209784090994,3.9437209784090994,4,-0.5672746310102117,-6.850459938189798,-1,0.09785471279966629,0.001841606472634484,0.9999895543670536,0.9999895543670536,6.002594030221594e-14,6.992586049811318e-13,False,,True
B,H4,m5_best,decision_frozen_grid,1,3.964276204433073,3.964276204433073,1,-0.5702678528835455,-6.853453160063132,-1,0.10610649269241179,0.0016177188232585037,0.9999927020320891,0.9999927020320891,6.300566765323089e-15,7.021486117330281e-13,False,,True
B,H4,m5_best,decision_frozen_grid,1,3.984938567173669,3.984938567173669,1,-0.5732710008060361,-6.8564563079856224,-1,0.11431691028453517,0.0014395021048078222,0.9999947620467794,0.9999947620467794,4.7292992361654985e-15,6.971347588310682e-13,False,,True
B,H4,m5_best,decision_frozen_grid,1,4.005708625042457,4.005708625042457,1,-0.5762852615317035,-6.85947056871129,-1,0.12248588930993032,0.0012951890989418957,0.9999961535711742,0.9999961535711742,3.877780217034415e-15,6.915758904666066e-13,False,,True
B,H4,m5_best,decision_frozen_grid,1,4.026586939361526,4.026586939361526,2,-0.5793115351079283,-6.8624968422875146,-1,0.13061342961419342,0.0011766084027580506,0.9999971191629742,0.9999971191629742,3.1875049967722684e-14,6.959625037516788e-13,False,,True
B,H4,m5_best,decision_frozen_grid,1,4.047574074378656,4.047574074378656,1,-0.5823505216152056,-6.865535828794792,-1,0.1386995838061793,0.0010779371207707293,0.999997804831476,0.999997804831476,4.3152714106205276e-15,6.945129513965435e-13,False,,True
B,H4,m5_best,decision_frozen_grid,1,4.068670597282565,4.068670597282565,0,-0.5854027782224384,-6.868588085402025,-1,0.14674444190161662,0.0009949316990684398,0.9999983015093661,0.9999983015093661,3.284151550554852e-15,6.963195361165216e-13,False,,True
B,H4,m5_best,decision_frozen_grid,1,4.089877078218238,4.089877078218238,0,-0.5884687577615979,-6.871654064941184,-1,0.15474812094211976,0.0009244381003508616,0.9999986675311929,0.9999986675311929,4.464200244772073e-15,6.943187176197282e-13,False,,True
B,H4,m5_best,decision_frozen_grid,1,4.111194090302334,4.111194090302334,1,-0.5915488354417383,-6.874734142621325,-1,0.16271075780719269,0.0008640709593457121,0.9999989413055186,0.9999989413055186,5.851666762998211e-14,6.908969759543966e-13,False,,True
B,H4,m5_best,decision_frozen_grid,1,4.132622209638677,4.132622209638677,1,-0.5946433277449872,-6.877828634924573,-1,0.17063250413078657,0.0008119981322815025,0.9999991487092665,0.9999991487092665,5.919620161863912e-14,6.895452605029218e-13,False,,True
B,H4,m5_best,decision_frozen_grid,1,4.154162015333828,4.154162015333828,1,-0.5977525060457758,-6.880937813225362,-1,0.17851352263821751,0.0007667927844764189,0.9999993075358808,0.9999993075358808,5.799703358874444e-14,6.865373402092541e-13,False,,True
B,H4,m5_best,decision_frozen_grid,1,4.175814089512727,4.175814089512727,1,-0.6008766065925106,-6.884061913772097,-1,0.18635398446210627,0.0007273298142788008,0.9999994302448375,0.9999994302448375,5.63175451989371e-14,6.862098561852517e-13,False,,True
B,H4,m5_best,decision_frozen_grid,1,4.197579017334435,4.197579017334435,2,-0.6040158379337124,-6.887201145113298,-1,0.19415406714604377,0.0006927120191808417,0.9999995257028796,0.9999995257028796,6.206742883253307e-14,6.876495661020276e-13,False,,True
B,H4,m5_best,decision_frozen_grid,1,4.219457387007943,4.219457387007943,1,-0.6071703865176283,-6.890355693697215,-1,0.2019139531396894,0.0006622166074716119,0.9999996003110714,0.9999996003110714,5.6354915224872146e-14,6.867808864387335e-13,False,,True
B,H4,m5_best,decision_frozen_grid,1,4.241449789808069,4.241449789808069,2,-0.610340420965966,-6.893525728145552,-1,0.2096338286505286,0.0006352558763353426,0.9999996587488265,0.9999996587488265,6.03346006837159e-14,6.817197106182886e-13,False,,True
B,H4,m5_best,decision_frozen_grid,1,4.263556820091438,4.263556820091438,8,-0.6135260953713955,-6.896711402550982,-1,0.21731388275814134,0.0006113479144967827,0.9999997044737857,0.9999997044737857,6.825673716440903e-14,6.789311000628374e-13,False,,True
B,H4,m5_best,decision_frozen_grid,1,4.2857790753125435,4.2857790753125435,10,-0.6167275518667913,-6.899912859046378,-1,0.22495430672422145,0.0005900945040898905,0.9999997400630609,0.9999997400630609,8.818510271342132e-14,6.818452258936187e-13,False,,True
B,H4,m5_best,decision_frozen_grid,1,4.3081171560399,4.3081171560399,16,-0.6199449226448148,-6.903130229824401,-1,0.23255529345026682,0.0005711642633739045,0.9999997674493861,0.9999997674493861,1.0295904466264092e-13,6.818774251380819e-13,False,,True
C,lambda_1,yoshida4,mechanism_fixed,-1,0.05,-0.05,1,0.07071067811865474,0.07071067811865474,0,4.440892098500626e-16,1.0000000000000004,1.0,1.0,5.551115123125783e-17,6.280369834735101e-16,True,1054216.800002942,False
C,lambda_1,yoshida4,mechanism_fixed,-1,0.08,-0.08,1,0.1131370849898476,0.1131370849898476,0,0.0,1.0,1.0,1.0,5.991705756259507e-17,1.4130832128153975e-15,True,658885.5000000027,False
C,lambda_1,yoshida4,mechanism_fixed,-1,0.12,-0.12,1,0.1697056274847714,0.1697056274847714,0,2.220446049250313e-16,1.0,0.9999999999999998,0.9999999999999998,6.206335383118183e-17,7.850462293418876e-16,True,439257.0000006138,False
C,lambda_1,yoshida4,mechanism_fixed,-1,0.18,-0.18,1,0.2545584412271572,0.2545584412271572,0,-4.440892098500626e-16,0.9999999999999998,0.9999999999999998,0.9999999999999998,1.0007415106216802e-16,3.1401849173675503e-16,True,292838.00000081724,False
C,lambda_1,yoshida4,mechanism_fixed,-1,0.27,-0.27,1,0.3818376618407357,0.3818376618407357,0,0.0,0.9999999999999998,1.0,1.0,1.3092278833360675e-16,6.280369834735101e-16,True,195225.33333333413,False
C,lambda_1,yoshida4,mechanism_fixed,-1,0.4,-0.4,1,0.5656854249492383,0.5656854249492383,0,-6.661338147750939e-16,1.0,0.9999999999999998,0.9999999999999998,1.6653345369377348e-16,0.0,True,131777.10000055138,False
C,lambda_1,yoshida4,mechanism_fixed,1,0.05,0.05,1,-0.07071067811865474,-0.07071067811865474,0,4.440892098500626e-16,1.0000000000000004,1.0,1.0,5.551115123125783e-17,6.280369834735101e-16,True,1054216.800002942,False
C,lambda_1,yoshida4,mechanism_fixed,1,0.08,0.08,1,-0.1131370849898476,-0.1131370849898476,0,0.0,1.0,1.0,1.0,5.991705756259507e-17,1.4130832128153975e-15,True,658885.5000000027,False
C,lambda_1,yoshida4,mechanism_fixed,1,0.12,0.12,1,-0.1697056274847714,-0.1697056274847714,0,2.220446049250313e-16,1.0,0.9999999999999998,0.9999999999999998,6.206335383118183e-17,7.850462293418876e-16,True,439257.0000006138,False
C,lambda_1,yoshida4,mechanism_fixed,1,0.18,0.18,1,-0.2545584412271572,-0.2545584412271572,0,-4.440892098500626e-16,0.9999999999999998,0.9999999999999998,0.9999999999999998,1.0007415106216802e-16,3.1401849173675503e-16,True,292838.00000081724,False
C,lambda_1,yoshida4,mechanism_fixed,1,0.27,0.27,1,-0.3818376618407357,-0.3818376618407357,0,0.0,0.9999999999999998,1.0,1.0,1.3092278833360675e-16,6.280369834735101e-16,True,195225.33333333413,False
C,lambda_1,yoshida4,mechanism_fixed,1,0.4,0.4,1,-0.5656854249492383,-0.5656854249492383,0,-6.661338147750939e-16,1.0,0.9999999999999998,0.9999999999999998,1.6653345369377348e-16,0.0,True,131777.10000055138,False
C,lambda_1.772983346207417,yoshida4,mechanism_fixed,-1,0.05,-0.05,1,0.07071068251748337,0.07071068251748337,0,-8.797657224945965e-08,0.9999999999999556,0.9999999999999556,0.9999999999999556,1.3615092990768423e-16,3.454203409104305e-15,True,1054799.114285569,False
C,lambda_1.772983346207417,yoshida4,mechanism_fixed,-1,0.08,-0.08,1,0.11313713025779126,0.11313713025779126,0,-5.658492956417405e-07,0.999999999998102,0.9999999999986371,0.9999999999986371,1.1102230246251565e-16,4.082240392577815e-15,True,661233.3816473031,False
C,lambda_1.772983346207417,yoshida4,mechanism_fixed,-1,0.12,-0.12,1,0.16970595798941862,0.16970595798941862,0,-2.754205393307174e-06,0.9999999999514351,0.9999999999687388,0.9999999999687388,1.1775693440128312e-16,3.1401849173675502e-15,True,446982.15424922446,False
C,lambda_1.772983346207417,yoshida4,mechanism_fixed,-1,0.18,-0.18,1,0.25456072841568533,0.25456072841568533,0,-1.2706602934509093e-05,0.9999999987601551,0.9999999992023574,0.9999999992023574,7.850462293418876e-17,4.082240392577815e-15,True,318210.5860144806,False
C,lambda_1.772983346207417,yoshida4,mechanism_fixed,-1,0.27,-0.27,1,0.38185136957430377,0.38185136957430377,0,-5.0769383585391736e-05,0.9999999685283525,0.9999999797816989,0.9999999797816989,6.206335383118183e-17,5.0242958677880805e-15,True,286499.04767379706,False
C,lambda_1.772983346207417,yoshida4,mechanism_fixed,-1,0.4,-0.4,1,0.5657316049883313,0.5657316049883313,0,-0.00011545009773294979,0.9999992873745931,0.9999995554191251,0.9999995554191251,1.6939998869943826e-16,3.76822190084106e-15,True,478251.92127671436,False
C,lambda_1.772983346207417,yoshida4,mechanism_fixed,1,0.05,0.05,1,-0.07071068251748337,-0.07071068251748337,0,-8.797657224945965e-08,0.9999999999999556,0.9999999999999556,0.9999999999999556,1.3615092990768423e-16,3.454203409104305e-15,True,1054799.114285569,False
C,lambda_1.772983346207417,yoshida4,mechanism_fixed,1,0.08,0.08,1,-0.11313713025779126,-0.11313713025779126,0,-5.658492956417405e-07,0.999999999998102,0.9999999999986371,0.9999999999986371,1.1102230246251565e-16,4.082240392577815e-15,True,661233.3816473031,False
C,lambda_1.772983346207417,yoshida4,mechanism_fixed,1,0.12,0.12,1,-0.16970595798941862,-0.16970595798941862,0,-2.754205393307174e-06,0.9999999999514351,0.9999999999687388,0.9999999999687388,1.1775693440128312e-16,3.1401849173675502e-15,True,446982.15424922446,False
C,lambda_1.772983346207417,yoshida4,mechanism_fixed,1,0.18,0.18,1,-0.25456072841568533,-0.25456072841568533,0,-1.2706602934509093e-05,0.9999999987601551,0.9999999992023574,0.9999999992023574,7.850462293418876e-17,4.082240392577815e-15,True,318210.5860144806,False
C,lambda_1.772983346207417,yoshida4,mechanism_fixed,1,0.27,0.27,1,-0.38185136957430377,-0.38185136957430377,0,-5.0769383585391736e-05,0.9999999685283525,0.9999999797816989,0.9999999797816989,6.206335383118183e-17,5.0242958677880805e-15,True,286499.04767379706,False
C,lambda_1.772983346207417,yoshida4,mechanism_fixed,1,0.4,0.4,1,-0.5657316049883313,-0.5657316049883313,0,-0.00011545009773294979,0.9999992873745931,0.9999995554191251,0.9999995554191251,1.6939998869943826e-16,3.76822190084106e-15,True,478251.92127671436,False
C,lambda_1.842983346207417,yoshida4,mechanism_fixed,-1,0.05,-0.05,1,0.07071067965103565,0.07071067965103565,0,-3.0647617776935476e-08,0.9999999999999243,0.9999999999999245,0.9999999999999245,2.7755575615628914e-17,2.826166425630795e-15,True,1054419.5826699215,False
C,lambda_1.842983346207417,yoshida4,mechanism_fixed,-1,0.08,-0.08,1,0.11313709991195398,0.11313709991195398,0,-1.8652632949311965e-07,0.9999999999967555,0.9999999999976708,0.9999999999976708,5.721958498152797e-17,4.082240392577815e-15,True,659657.6103470499,False
C,lambda_1.842983346207417,yoshida4,mechanism_fixed,-1,0.12,-0.12,1,0.16970572311256707,0.16970572311256707,0,-7.968982971284788e-07,0.9999999999171265,0.9999999999466775,0.9999999999466775,2.7755575615628914e-17,4.710277376051325e-15,True,441464.5951405305,False
C,lambda_1.842983346207417,yoshida4,mechanism_fixed,-1,0.18,-0.18,1,0.2545588713004706,0.2545588713004706,0,-2.3892961860116912e-06,0.9999999978925538,0.999999998645507,0.999999998645507,2.0206364052201326e-16,5.338314359524835e-15,True,297295.3710511466,False
C,lambda_1.842983346207417,yoshida4,mechanism_fixed,-1,0.27,-0.27,1,0.38183609679823566,0.38183609679823566,0,5.796453703910132e-06,0.999999946981253,0.999999966014682,0.999999966014682,1.2719202621569003e-16,4.082240392577815e-15,True,202594.36432170527,False
C,lambda_1.842983346207417,yoshida4,mechanism_fixed,-1,0.4,-0.4,1,0.565607312976503,0.565607312976503,0,0.00019527993183765524,0.9999988228391963,0.9999992694665039,0.9999992694665039,1.6653345369377348e-16,4.710277376051325e-15,True,,True
C,lambda_1.842983346207417,yoshida4,mechanism_fixed,1,0.05,0.05,1,-0.07071067965103565,-0.07071067965103565,0,-3.0647617776935476e-08,0.9999999999999243,0.9999999999999245,0.9999999999999245,2.7755575615628914e-17,2.826166425630795e-15,True,1054419.5826699215,False
C,lambda_1.842983346207417,yoshida4,mechanism_fixed,1,0.08,0.08,1,-0.11313709991195398,-0.11313709991195398,0,-1.8652632949311965e-07,0.9999999999967555,0.9999999999976708,0.9999999999976708,5.721958498152797e-17,4.082240392577815e-15,True,659657.6103470499,False
C,lambda_1.842983346207417,yoshida4,mechanism_fixed,1,0.12,0.12,1,-0.16970572311256707,-0.16970572311256707,0,-7.968982971284788e-07,0.9999999999171265,0.9999999999466775,0.9999999999466775,2.7755575615628914e-17,4.710277376051325e-15,True,441464.5951405305,False
C,lambda_1.842983346207417,yoshida4,mechanism_fixed,1,0.18,0.18,1,-0.2545588713004706,-0.2545588713004706,0,-2.3892961860116912e-06,0.9999999978925538,0.999999998645507,0.999999998645507,2.0206364052201326e-16,5.338314359524835e-15,True,297295.3710511466,False
C,lambda_1.842983346207417,yoshida4,mechanism_fixed,1,0.27,0.27,1,-0.38183609679823566,-0.38183609679823566,0,5.796453703910132e-06,0.999999946981253,0.999999966014682,0.999999966014682,1.2719202621569003e-16,4.082240392577815e-15,True,202594.36432170527,False
C,lambda_1.842983346207417,yoshida4,mechanism_fixed,1,0.4,0.4,1,-0.565607312976503,-0.565607312976503,0,0.00019527993183765524,0.9999988228391963,0.9999992694665039,0.9999992694665039,1.6653345369377348e-16,4.710277376051325e-15,True,,True
C,lambda_1.872983346207417,yoshida4,mechanism_fixed,-1,0.05,-0.05,1,0.07071067803955797,0.07071067803955797,0,1.5819359155955226e-09,0.9999999999999063,0.9999999999999063,0.9999999999999063,7.97218214573518e-17,1.5700924586837751e-15,True,1054227.2651096121,False
C,lambda_1.872983346207417,yoshida4,mechanism_fixed,-1,0.08,-0.08,1,0.1131370828735761,0.1131370828735761,0,2.6453393919823043e-08,0.9999999999959828,0.9999999999971165,0.9999999999971165,1.286154448849884e-16,1.5700924586837751e-15,True,658994.891631176,False
C,lambda_1.872983346207417,yoshida4,mechanism_fixed,-1,0.12,-0.12,1,0.16970559156919163,0.16970559156919163,0,2.992964982517776e-07,0.9999999998974662,0.9999999999340403,0.9999999999340403,1.3738309013483032e-16,1.2560739669470201e-15,True,440083.52767533896,False
C,lambda_1.872983346207417,yoshida4,mechanism_fixed,-1,0.18,-0.18,1,0.2545578368101225,0.2545578368101225,0,3.3578724145666428e-06,0.9999999973971394,0.9999999983278172,0.9999999983278172,6.798699777552591e-17,2.198129442157285e-15,True,299141.1997900924,False
C,lambda_1.872983346207417,yoshida4,mechanism_fixed,-1,0.27,-0.27,1,0.3818276809555403,0.3818276809555403,0,3.696624146454219e-05,0.9999999347773147,0.9999999582332766,0.9999999582332766,1.3597399555105182e-16,2.198129442157285e-15,True,254188.68487168464,False
C,lambda_1.872983346207417,yoshida4,mechanism_fixed,-1,0.4,-0.4,1,0.5655401250348248,0.5655401250348248,0,0.00036324978603330393,0.9999985644928744,0.999999111242562,0.999999111242562,1.249000902703301e-16,2.5121479338940403e-15,True,,True
C,lambda_1.872983346207417,yoshida4,mechanism_fixed,1,0.05,0.05,1,-0.07071067803955797,-0.07071067803955797,0,1.5819359155955226e-09,0.9999999999999063,0.9999999999999063,0.9999999999999063,7.97218214573518e-17,1.5700924586837751e-15,True,1054227.2651096121,False
C,lambda_1.872983346207417,yoshida4,mechanism_fixed,1,0.08,0.08,1,-0.1131370828735761,-0.1131370828735761,0,2.6453393919823043e-08,0.9999999999959828,0.9999999999971165,0.9999999999971165,1.286154448849884e-16,1.5700924586837751e-15,True,658994.891631176,False
C,lambda_1.872983346207417,yoshida4,mechanism_fixed,1,0.12,0.12,1,-0.16970559156919163,-0.16970559156919163,0,2.992964982517776e-07,0.9999999998974662,0.9999999999340403,0.9999999999340403,1.3738309013483032e-16,1.2560739669470201e-15,True,440083.52767533896,False
C,lambda_1.872983346207417,yoshida4,mechanism_fixed,1,0.18,0.18,1,-0.2545578368101225,-0.2545578368101225,0,3.3578724145666428e-06,0.9999999973971394,0.9999999983278172,0.9999999983278172,6.798699777552591e-17,2.198129442157285e-15,True,299141.1997900924,False
C,lambda_1.872983346207417,yoshida4,mechanism_fixed,1,0.27,0.27,1,-0.3818276809555403,-0.3818276809555403,0,3.696624146454219e-05,0.9999999347773147,0.9999999582332766,0.9999999582332766,1.3597399555105182e-16,2.198129442157285e-15,True,254188.68487168464,False
C,lambda_1.872983346207417,yoshida4,mechanism_fixed,1,0.4,0.4,1,-0.5655401250348248,-0.5655401250348248,0,0.00036324978603330393,0.9999985644928744,0.999999111242562,0.999999111242562,1.249000902703301e-16,2.5121479338940403e-15,True,,True
C,lambda_1.902983346207417,yoshida4,mechanism_fixed,-1,0.05,-0.05,1,0.07071067617685087,0.07071067617685087,0,3.8836077909110145e-08,0.9999999999998848,0.9999999999998848,0.9999999999998848,1.2412670766236366e-16,6.280369834735101e-16,True,1054473.7755464357,False
C,lambda_1.902983346207417,yoshida4,mechanism_fixed,-1,0.08,-0.08,1,0.11313706319045778,0.11313706319045778,0,2.724923728880668e-07,0.999999999995068,0.9999999999964597,0.9999999999964597,8.326672684688674e-17,9.42055475210265e-16,True,660014.0692039847,False
C,lambda_1.902983346207417,yoshida4,mechanism_fixed,-1,0.12,-0.12,1,0.16970543978614094,0.16970543978614094,0,1.5641552539857884e-06,0.9999999998742226,0.9999999999191032,0.9999999999191032,1.249000902703301e-16,3.454203409104305e-15,True,443611.1457070565,False
C,lambda_1.902983346207417,yoshida4,mechanism_fixed,-1,0.18,-0.18,1,0.2545566461717253,0.2545566461717253,0,9.972530176760586e-06,0.9999999968127902,0.9999999979533125,0.9999999979533125,9.614813431917819e-17,1.2560739669470201e-15,True,312386.73187141836,False
C,lambda_1.902983346207417,yoshida4,mechanism_fixed,-1,0.27,-0.27,1,0.3818180452656391,0.3818180452656391,0,7.265398183919913e-05,0.999999920458583,0.9999999491156935,0.9999999491156935,6.206335383118183e-17,9.42055475210265e-16,True,358811.3963886814,False
C,lambda_1.902983346207417,yoshida4,mechanism_fixed,-1,0.4,-0.4,1,0.5654639383436132,0.5654639383436132,0,0.0005537165140623301,0.9999982649549634,0.9999989284015489,0.9999989284015489,2.2247786310271853e-16,2.5121479338940403e-15,True,,True
C,lambda_1.902983346207417,yoshida4,mechanism_fixed,1,0.05,0.05,1,-0.07071067617685087,-0.07071067617685087,0,3.8836077909110145e-08,0.9999999999998848,0.9999999999998848,0.9999999999998848,1.2412670766236366e-16,6.280369834735101e-16,True,1054473.7755464357,False
C,lambda_1.902983346207417,yoshida4,mechanism_fixed,1,0.08,0.08,1,-0.11313706319045778,-0.11313706319045778,0,2.724923728880668e-07,0.999999999995068,0.9999999999964597,0.9999999999964597,8.326672684688674e-17,9.42055475210265e-16,True,660014.0692039847,False
C,lambda_1.902983346207417,yoshida4,mechanism_fixed,1,0.12,0.12,1,-0.16970543978614094,-0.16970543978614094,0,1.5641552539857884e-06,0.9999999998742226,0.9999999999191032,0.9999999999191032,1.249000902703301e-16,3.454203409104305e-15,True,443611.1457070565,False
C,lambda_1.902983346207417,yoshida4,mechanism_fixed,1,0.18,0.18,1,-0.2545566461717253,-0.2545566461717253,0,9.972530176760586e-06,0.9999999968127902,0.9999999979533125,0.9999999979533125,9.614813431917819e-17,1.2560739669470201e-15,True,312386.73187141836,False
C,lambda_1.902983346207417,yoshida4,mechanism_fixed,1,0.27,0.27,1,-0.3818180452656391,-0.3818180452656391,0,7.265398183919913e-05,0.999999920458583,0.9999999491156935,0.9999999491156935,6.206335383118183e-17,9.42055475210265e-16,True,358811.3963886814,False
C,lambda_1.902983346207417,yoshida4,mechanism_fixed,1,0.4,0.4,1,-0.5654639383436132,-0.5654639383436132,0,0.0005537165140623301,0.9999982649549634,0.9999989284015489,0.9999989284015489,2.2247786310271853e-16,2.5121479338940403e-15,True,,True
C,lambda_1.972983346207417,yoshida4,mechanism_fixed,-1,0.05,-0.05,1,0.07071067076845207,0.07071067076845207,0,1.4700405381873338e-07,0.9999999999998195,0.9999999999998197,0.9999999999998197,5.721958498152797e-17,1.4130832128153975e-15,True,1055190.1761515886,False
C,lambda_1.972983346207417,yoshida4,mechanism_fixed,-1,0.08,-0.08,1,0.11313700608568218,0.11313700608568218,0,9.86302067795819e-07,0.9999999999922735,0.9999999999944551,0.9999999999944551,1.5959455978986625e-16,1.0990647210786425e-15,True,662988.8334305248,False
C,lambda_1.972983346207417,yoshida4,mechanism_fixed,-1,0.12,-0.12,1,0.16970500013889767,0.16970500013889767,0,5.227882281300111e-06,0.9999999998033322,0.9999999998735682,0.9999999998735682,1.2412670766236366e-16,2.0411201962889075e-15,True,454155.8009071211,False
C,lambda_1.972983346207417,yoshida4,mechanism_fixed,-1,0.18,-0.18,1,0.25455320945906457,0.25455320945906457,0,2.9065378291948107e-05,0.9999999950379186,0.9999999968169859,0.9999999968169859,1.1443916996305594e-16,1.2560739669470201e-15,True,358162.619469564,False
C,lambda_1.972983346207417,yoshida4,mechanism_fixed,-1,0.27,-0.27,1,0.3817904363616232,0.3817904363616232,0,0.0001749091818983306,0.9999998773787035,0.9999999217504563,0.9999999217504563,1.2719202621569003e-16,2.826166425630795e-15,True,,True
C,lambda_1.972983346207417,yoshida4,mechanism_fixed,-1,0.4,-0.4,1,0.5652487142895315,0.5652487142895315,0,0.0010917766492664072,0.9999973827496657,0.9999983931422491,0.9999983931422491,1.3597399555105182e-16,3.1401849173675503e-16,True,,True
C,lambda_1.972983346207417,yoshida4,mechanism_fixed,1,0.05,0.05,1,-0.07071067076845207,-0.07071067076845207,0,1.4700405381873338e-07,0.9999999999998195,0.9999999999998197,0.9999999999998197,5.721958498152797e-17,1.4130832128153975e-15,True,1055190.1761515886,False
C,lambda_1.972983346207417,yoshida4,mechanism_fixed,1,0.08,0.08,1,-0.11313700608568218,-0.11313700608568218,0,9.86302067795819e-07,0.9999999999922735,0.9999999999944551,0.9999999999944551,1.5959455978986625e-16,1.0990647210786425e-15,True,662988.8334305248,False
C,lambda_1.972983346207417,yoshida4,mechanism_fixed,1,0.12,0.12,1,-0.16970500013889767,-0.16970500013889767,0,5.227882281300111e-06,0.9999999998033322,0.9999999998735682,0.9999999998735682,1.2412670766236366e-16,2.0411201962889075e-15,True,454155.8009071211,False
C,lambda_1.972983346207417,yoshida4,mechanism_fixed,1,0.18,0.18,1,-0.25455320945906457,-0.25455320945906457,0,2.9065378291948107e-05,0.9999999950379186,0.9999999968169859,0.9999999968169859,1.1443916996305594e-16,1.2560739669470201e-15,True,358162.619469564,False
C,lambda_1.972983346207417,yoshida4,mechanism_fixed,1,0.27,0.27,1,-0.3817904363616232,-0.3817904363616232,0,0.0001749091818983306,0.9999998773787035,0.9999999217504563,0.9999999217504563,1.2719202621569003e-16,2.826166425630795e-15,True,,True
C,lambda_1.972983346207417,yoshida4,mechanism_fixed,1,0.4,0.4,1,-0.5652487142895315,-0.5652487142895315,0,0.0010917766492664072,0.9999973827496657,0.9999983931422491,0.9999983931422491,1.3597399555105182e-16,3.1401849173675503e-16,True,,True
