experiment_id,case_id,formula_id,state_id,sign,absolute_time,time_hartree_inverse,echo_real,echo_imaginary,echo_overlap_magnitude,echo_principal_phase_radians,echo_unwrapped_phase_radians,echo_unwrap_integer,proxy_imag_hartree,proxy_arg_hartree,unitarity_residual_frobenius,unitary_cold_repeatability_frobenius,proxy_repeatability_error_hartree,proxy_noise_hartree,signal_to_noise_rho,quality_class
B,H4,yoshida4,rhf,-1,0.1,-0.1,0.9999999999999959,3.604878151541868e-08,0.9999999999999966,3.6048781515418814e-08,3.6048781515418814e-08,0,-3.604878151541868e-07,-3.6048781515418814e-07,2.4110245324413643e-13,0.0,0.0,2.411024532441364e-12,149516.44427655937,resolved
B,H4,yoshida4,cisd,-1,0.1,-0.1,0.9999999999999976,4.6569755254294985e-08,0.9999999999999987,4.6569755254295064e-08,4.6569755254295064e-08,0,-4.656975525429498e-07,-4.656975525429506e-07,2.4110245324413643e-13,0.0,0.0,2.411024532441364e-12,193153.38615463694,resolved
B,H4,yoshida4,controlled_q0.001_phi0.000000000000,-1,0.1,-0.1,0.999999999999997,4.752079202956492e-08,0.9999999999999981,4.752079202956503e-08,4.752079202956503e-08,0,-4.7520792029564923e-07,-4.752079202956503e-07,2.4110245324413643e-13,0.0,0.0,2.411024532441364e-12,197097.9199512588,resolved
B,H4,yoshida4,controlled_q0.001_phi1.570796326795,-1,0.1,-0.1,0.9999999999999973,4.699450723054735e-08,0.9999999999999984,4.699450723054744e-08,4.699450723054744e-08,0,-4.699450723054735e-07,-4.699450723054744e-07,2.4110245324413643e-13,0.0,0.0,2.411024532441364e-12,194915.09355552463,resolved
B,H4,yoshida4,controlled_q0.001_phi3.141592653590,-1,0.1,-0.1,0.9999999999999973,4.63884380243509e-08,0.9999999999999984,4.638843802435099e-08,4.638843802435099e-08,0,-4.6388438024350895e-07,-4.638843802435099e-07,2.4110245324413643e-13,0.0,0.0,2.411024532441364e-12,192401.3522059799,resolved
B,H4,yoshida4,controlled_q0.001_phi4.712388980385,-1,0.1,-0.1,0.9999999999999974,4.691472282381849e-08,0.9999999999999986,4.691472282381858e-08,4.691472282381858e-08,0,-4.691472282381849e-07,-4.6914722823818576e-07,2.4110245324413643e-13,0.0,0.0,2.411024532441364e-12,194584.17860358063,resolved
B,H4,yoshida4,controlled_q0.010_phi0.000000000000,-1,0.1,-0.1,0.9999999999999974,4.81847051274657e-08,0.9999999999999986,4.8184705127465786e-08,4.8184705127465786e-08,0,-4.81847051274657e-07,-4.818470512746578e-07,2.4110245324413643e-13,0.0,0.0,2.411024532441364e-12,199851.57545732084,resolved
B,H4,yoshida4,controlled_q0.010_phi1.570796326795,-1,0.1,-0.1,0.9999999999999971,4.65279600863136e-08,0.9999999999999982,4.65279600863137e-08,4.65279600863137e-08,0,-4.65279600863136e-07,-4.65279600863137e-07,2.4110245324413643e-13,0.0,0.0,2.411024532441364e-12,192980.03591527187,resolved
B,H4,yoshida4,controlled_q0.010_phi3.141592653590,-1,0.1,-0.1,0.9999999999999976,4.462005365613749e-08,0.9999999999999986,4.462005365613757e-08,4.462005365613757e-08,0,-4.4620053656137484e-07,-4.4620053656137564e-07,2.4110245324413643e-13,0.0,0.0,2.411024532441364e-12,185066.77578662356,resolved
B,H4,yoshida4,controlled_q0.010_phi4.712388980385,-1,0.1,-0.1,0.9999999999999973,4.627679869601692e-08,0.9999999999999984,4.627679869601701e-08,4.627679869601701e-08,0,-4.627679869601692e-07,-4.627679869601701e-07,2.4110245324413643e-13,0.0,0.0,2.411024532441364e-12,191938.31532339402,resolved
B,H4,yoshida4,controlled_q0.050_phi0.000000000000,-1,0.1,-0.1,0.9999999999999978,4.78520570115922e-08,0.9999999999999989,4.7852057011592273e-08,4.7852057011592273e-08,0,-4.78520570115922e-07,-4.785205701159227e-07,2.4110245324413643e-13,0.0,0.0,2.411024532441364e-12,198471.8793513809,resolved
B,H4,yoshida4,controlled_q0.050_phi1.570796326795,-1,0.1,-0.1,0.9999999999999973,4.4223074403826335e-08,0.9999999999999983,4.422307440382642e-08,4.422307440382642e-08,0,-4.4223074403826335e-07,-4.422307440382642e-07,2.4110245324413643e-13,0.0,0.0,2.411024532441364e-12,183420.25893468104,resolved
B,H4,yoshida4,controlled_q0.050_phi3.141592653590,-1,0.1,-0.1,0.9999999999999978,4.004394057062138e-08,0.9999999999999986,4.0043940570621445e-08,4.0043940570621445e-08,0,-4.004394057062138e-07,-4.004394057062144e-07,2.4110245324413643e-13,0.0,0.0,2.411024532441364e-12,166086.82338903262,resolved
B,H4,yoshida4,controlled_q0.050_phi4.712388980385,-1,0.1,-0.1,0.9999999999999977,4.3672923175433476e-08,0.9999999999999987,4.367292317543355e-08,4.367292317543355e-08,0,-4.3672923175433476e-07,-4.3672923175433545e-07,2.4110245324413643e-13,0.0,0.0,2.411024532441364e-12,181138.44379348136,resolved
B,H4,yoshida4,rhf,-1,0.125,-0.125,0.9999999999999813,1.0988859622251823e-07,0.9999999999999873,1.0988859622251983e-07,1.0988859622251983e-07,0,-8.791087697801458e-07,-8.791087697801587e-07,2.4128323943590683e-13,0.0,0.0,1.9302659154872546e-12,455434.02218664443,resolved
B,H4,yoshida4,cisd,-1,0.125,-0.125,0.9999999999999812,1.4194838509485958e-07,0.9999999999999913,1.419483850948613e-07,1.419483850948613e-07,0,-1.1355870807588766e-06,-1.1355870807588904e-06,2.4128323943590683e-13,0.0,0.0,1.9302659154872546e-12,588306.0316444648,resolved
B,H4,yoshida4,controlled_q0.001_phi0.000000000000,-1,0.125,-0.125,0.999999999999981,1.448511611404914e-07,0.9999999999999915,1.4485116114049315e-07,1.4485116114049315e-07,0,-1.1588092891239312e-06,-1.1588092891239452e-06,2.4128323943590683e-13,0.0,0.0,1.9302659154872546e-12,600336.606384833,resolved
B,H4,yoshida4,controlled_q0.001_phi1.570796326795,-1,0.125,-0.125,0.9999999999999812,1.4327559236422538e-07,0.9999999999999915,1.432755923642271e-07,1.432755923642271e-07,0,-1.146204738913803e-06,-1.1462047389138168e-06,2.4128323943590683e-13,0.0,0.0,1.9302659154872546e-12,593806.6510512196,resolved
B,H4,yoshida4,controlled_q0.001_phi3.141592653590,-1,0.125,-0.125,0.9999999999999813,1.413950687772329e-07,0.9999999999999913,1.4139506877723459e-07,1.4139506877723459e-07,0,-1.1311605502178631e-06,-1.1311605502178767e-06,2.4128323943590683e-13,0.0,0.0,1.9302659154872546e-12,586012.8084644367,resolved
B,H4,yoshida4,controlled_q0.001_phi4.712388980385,-1,0.125,-0.125,0.9999999999999812,1.4297063755412329e-07,0.9999999999999915,1.42970637554125e-07,1.42970637554125e-07,0,-1.1437651004329863e-06,-1.143765100433e-06,2.4128323943590683e-13,0.0,0.0,1.9302659154872546e-12,592542.7638006378,resolved
B,H4,yoshida4,controlled_q0.010_phi0.000000000000,-1,0.125,-0.125,0.9999999999999813,1.468791986087269e-07,0.9999999999999921,1.468791986087286e-07,1.468791986087286e-07,0,-1.1750335888698152e-06,-1.1750335888698288e-06,2.4128323943590683e-13,0.0,0.0,1.9302659154872546e-12,608741.8212392788,resolved
B,H4,yoshida4,controlled_q0.010_phi1.570796326795,-1,0.125,-0.125,0.999999999999981,1.4191930661818647e-07,0.9999999999999911,1.4191930661818822e-07,1.4191930661818822e-07,0,-1.1353544529454918e-06,-1.1353544529455057e-06,2.4128323943590683e-13,0.0,0.0,1.9302659154872546e-12,588185.5157033614,resolved
B,H4,yoshida4,controlled_q0.010_phi3.141592653590,-1,0.125,-0.125,0.9999999999999812,1.359994166050351e-07,0.9999999999999905,1.3599941660503682e-07,1.3599941660503682e-07,0,-1.0879953328402808e-06,-1.0879953328402946e-06,2.4128323943590683e-13,0.0,0.0,1.9302659154872546e-12,563650.4919404534,resolved
B,H4,yoshida4,controlled_q0.010_phi4.712388980385,-1,0.125,-0.125,0.9999999999999811,1.409593085926683e-07,0.999999999999991,1.4095930859267003e-07,1.4095930859267003e-07,0,-1.1276744687413465e-06,-1.1276744687413602e-06,2.4128323943590683e-13,0.0,0.0,1.9302659154872546e-12,584206.797464322,resolved
B,H4,yoshida4,controlled_q0.050_phi0.000000000000,-1,0.125,-0.125,0.999999999999982,1.4587141512065404e-07,0.9999999999999927,1.4587141512065563e-07,1.4587141512065563e-07,0,-1.1669713209652323e-06,-1.166971320965245e-06,2.4128323943590683e-13,0.0,0.0,1.9302659154872546e-12,604565.0558310021,resolved
B,H4,yoshida4,controlled_q0.050_phi1.570796326795,-1,0.125,-0.125,0.9999999999999815,1.3500712320313468e-07,0.9999999999999906,1.3500712320313638e-07,1.3500712320313638e-07,0,-1.0800569856250775e-06,-1.080056985625091e-06,2.4128323943590683e-13,0.0,0.0,1.9302659154872546e-12,559537.9252979453,resolved
B,H4,yoshida4,controlled_q0.050_phi3.141592653590,-1,0.125,-0.125,0.9999999999999816,1.220400236310531e-07,0.999999999999989,1.2204002363105474e-07,1.2204002363105474e-07,0,-9.763201890484248e-07,-9.76320189048438e-07,2.4128323943590683e-13,0.0,0.0,1.9302659154872546e-12,505795.6943730074,resolved
B,H4,yoshida4,controlled_q0.050_phi4.712388980385,-1,0.125,-0.125,0.9999999999999816,1.3290431555117166e-07,0.9999999999999905,1.3290431555117333e-07,1.3290431555117333e-07,0,-1.0632345244093733e-06,-1.0632345244093866e-06,2.4128323943590683e-13,0.0,0.0,1.9302659154872546e-12,550822.8249168366,resolved
B,H4,yoshida4,rhf,-1,0.15,-0.15,0.9999999999999055,2.7306296229712146e-07,0.9999999999999428,2.7306296229714046e-07,2.7306296229714046e-07,0,-1.8204197486474765e-06,-1.820419748647603e-06,2.3895926489272524e-13,0.0,0.0,1.5930617659515017e-12,1142717.619338619,resolved
B,H4,yoshida4,cisd,-1,0.15,-0.15,0.9999999999998943,3.526927433096831e-07,0.9999999999999565,3.5269274330970575e-07,3.5269274330970575e-07,0,-2.3512849553978874e-06,-2.3512849553980386e-06,2.3895926489272524e-13,0.0,0.0,1.5930617659515017e-12,1475953.4160268514,resolved
B,H4,yoshida4,controlled_q0.001_phi0.000000000000,-1,0.15,-0.15,0.999999999999894,3.599169823873242e-07,0.9999999999999587,3.599169823873468e-07,3.599169823873468e-07,0,-2.3994465492488282e-06,-2.399446549248979e-06,2.3895926489272524e-13,0.0,0.0,1.5930617659515017e-12,1506185.5105258208,resolved
B,H4,yoshida4,controlled_q0.001_phi1.570796326795,-1,0.15,-0.15,0.9999999999998943,3.560728764600424e-07,0.9999999999999577,3.56072876460065e-07,3.56072876460065e-07,0,-2.3738191764002825e-06,-2.3738191764004333e-06,2.3895926489272524e-13,0.0,0.0,1.5930617659515017e-12,1490098.6434649953,resolved
B,H4,yoshida4,controlled_q0.001_phi3.141592653590,-1,0.15,-0.15,0.9999999999998945,3.513159976779869e-07,0.9999999999999563,3.513159976780095e-07,3.513159976780095e-07,0,-2.3421066511865794e-06,-2.34210665118673e-06,2.3895926489272524e-13,0.0,0.0,1.5930617659515017e-12,1470191.9920774002,resolved
B,H4,yoshida4,controlled_q0.001_phi4.712388980385,-1,0.15,-0.15,0.9999999999998942,3.551601036057804e-07,0.9999999999999573,3.5516010360580306e-07,3.5516010360580306e-07,0,-2.367734024038536e-06,-2.3677340240386874e-06,2.3895926489272524e-13,0.0,0.0,1.5930617659515017e-12,1486278.859140367,resolved
B,H4,yoshida4,controlled_q0.010_phi0.000000000000,-1,0.15,-0.15,0.9999999999998945,3.6496909521998305e-07,0.9999999999999611,3.6496909522000534e-07,3.6496909522000534e-07,0,-2.4331273014665537e-06,-2.4331273014667023e-06,2.3895926489272524e-13,0.0,0.0,1.5930617659515017e-12,1527327.6614063352,resolved
B,H4,yoshida4,controlled_q0.010_phi1.570796326795,-1,0.15,-0.15,0.9999999999998945,3.528678461511836e-07,0.9999999999999568,3.5286784615120616e-07,3.5286784615120616e-07,0,-2.3524523076745574e-06,-2.3524523076747077e-06,2.3895926489272524e-13,0.0,0.0,1.5930617659515017e-12,1476686.1887928671,resolved
B,H4,yoshida4,controlled_q0.010_phi3.141592653590,-1,0.15,-0.15,0.9999999999998948,3.37893187281444e-07,0.9999999999999518,3.378931872814667e-07,3.378931872814667e-07,0,-2.2526212485429602e-06,-2.2526212485431114e-06,2.3895926489272524e-13,0.0,0.0,1.5930617659515017e-12,1414020.0315444253,resolved
B,H4,yoshida4,controlled_q0.010_phi4.712388980385,-1,0.15,-0.15,0.9999999999998944,3.499944363494212e-07,0.9999999999999557,3.4999443634944384e-07,3.4999443634944384e-07,0,-2.3332962423294745e-06,-2.3332962423296257e-06,2.3895926489272524e-13,0.0,0.0,1.5930617659515017e-12,1464661.5041544524,resolved
B,H4,yoshida4,controlled_q0.050_phi0.000000000000,-1,0.15,-0.15,0.9999999999998962,3.624835199191219e-07,0.9999999999999619,3.624835199191437e-07,3.624835199191437e-07,0,-2.416556799460813e-06,-2.416556799460958e-06,2.3895926489272524e-13,0.0,0.0,1.5930617659515017e-12,1516925.9918917553,resolved
B,H4,yoshida4,controlled_q0.050_phi1.570796326795,-1,0.15,-0.15,0.9999999999998963,3.359765913830276e-07,0.9999999999999527,3.359765913830498e-07,3.359765913830498e-07,0,-2.2398439425535175e-06,-2.2398439425536653e-06,2.3895926489272524e-13,0.0,0.0,1.5930617659515017e-12,1405999.434815201,resolved
B,H4,yoshida4,controlled_q0.050_phi3.141592653590,-1,0.15,-0.15,0.999999999999897,3.0317566229837506e-07,0.9999999999999429,3.0317566229839703e-07,3.0317566229839703e-07,0,-2.021171081989167e-06,-2.0211710819893136e-06,2.3895926489272524e-13,0.0,0.0,1.5930617659515017e-12,1268733.6581591768,resolved
B,H4,yoshida4,controlled_q0.050_phi4.712388980385,-1,0.15,-0.15,0.9999999999998963,3.296825908348511e-07,0.9999999999999506,3.296825908348733e-07,3.296825908348733e-07,0,-2.1978839388990074e-06,-2.1978839388991557e-06,2.3895926489272524e-13,0.0,0.0,1.5930617659515017e-12,1379660.2152373285,resolved
B,H4,yoshida4,rhf,-1,0.175,-0.175,0.9999999999995718,5.892409283281275e-07,0.9999999999997454,5.892409283283116e-07,5.892409283283116e-07,0,-3.3670910190178716e-06,-3.3670910190189236e-06,2.4053043167666084e-13,0.0,0.0,1.3744596095809192e-12,2449756.2500541704,resolved
B,H4,yoshida4,cisd,-1,0.175,-0.175,0.9999999999995135,7.609805551565686e-07,0.999999999999803,7.609805551567919e-07,7.609805551567919e-07,0,-4.348460315180393e-06,-4.348460315181668e-06,2.4053043167666084e-13,0.0,0.0,1.3744596095809192e-12,3163759.986010985,resolved
B,H4,yoshida4,controlled_q0.001_phi0.000000000000,-1,0.175,-0.175,0.9999999999995128,7.765976246893928e-07,0.9999999999998144,7.76597624689615e-07,7.76597624689615e-07,0,-4.437700712510816e-06,-4.437700712512086e-06,2.4053043167666084e-13,0.0,0.0,1.3744596095809192e-12,3228687.6104448764,resolved
B,H4,yoshida4,controlled_q0.001_phi1.570796326795,-1,0.175,-0.175,0.9999999999995133,7.684554504977948e-07,0.9999999999998085,7.684554504980176e-07,7.684554504980176e-07,0,-4.391174002844542e-06,-4.391174002845815e-06,2.4053043167666084e-13,0.0,0.0,1.3744596095809192e-12,3194836.6996273077,resolved
B,H4,yoshida4,controlled_q0.001_phi3.141592653590,-1,0.175,-0.175,0.9999999999995137,7.580051423278432e-07,0.999999999999801,7.580051423280666e-07,7.580051423280666e-07,0,-4.331457956159104e-06,-4.331457956160381e-06,2.4053043167666084e-13,0.0,0.0,1.3744596095809192e-12,3151389.7723628203,resolved
B,H4,yoshida4,controlled_q0.001_phi4.712388980385,-1,0.175,-0.175,0.9999999999995131,7.661473165191442e-07,0.9999999999998066,7.661473165193674e-07,7.661473165193674e-07,0,-4.377984665823682e-06,-4.377984665824957e-06,2.4053043167666084e-13,0.0,0.0,1.3744596095809192e-12,3185240.6831791555,resolved
B,H4,yoshida4,controlled_q0.010_phi0.000000000000,-1,0.175,-0.175,0.9999999999995143,7.875312591071098e-07,0.9999999999998244,7.875312591073295e-07,7.875312591073295e-07,0,-4.500178623469199e-06,-4.5001786234704546e-06,2.4053043167666084e-13,0.0,0.0,1.3744596095809192e-12,3274143.955995426,resolved
B,H4,yoshida4,controlled_q0.010_phi1.570796326795,-1,0.175,-0.175,0.9999999999995154,7.618996871096989e-07,0.9999999999998056,7.618996871099207e-07,7.618996871099207e-07,0,-4.353712497769708e-06,-4.3537124977709756e-06,2.4053043167666084e-13,0.0,0.0,1.3744596095809192e-12,3167581.256969189,resolved
B,H4,yoshida4,controlled_q0.010_phi3.141592653590,-1,0.175,-0.175,0.9999999999995158,7.29002107180619e-07,0.9999999999997815,7.290021071808429e-07,7.290021071808429e-07,0,-4.165726326746395e-06,-4.165726326747674e-06,2.4053043167666084e-13,0.0,0.0,1.3744596095809192e-12,3030810.2891554227,resolved
B,H4,yoshida4,controlled_q0.010_phi4.712388980385,-1,0.175,-0.175,0.9999999999995142,7.546336791789537e-07,0.9999999999997989,7.546336791791771e-07,7.546336791791771e-07,0,-4.312192452451165e-06,-4.312192452452441e-06,2.4053043167666084e-13,0.0,0.0,1.3744596095809192e-12,3137372.9881855003,resolved
B,H4,yoshida4,controlled_q0.050_phi0.000000000000,-1,0.175,-0.175,0.9999999999995207,7.822144391306824e-07,0.9999999999998267,7.822144391308978e-07,7.822144391308978e-07,0,-4.469796795032471e-06,-4.469796795033702e-06,2.4053043167666084e-13,0.0,0.0,1.3744596095809192e-12,3252039.393427748,resolved
B,H4,yoshida4,controlled_q0.050_phi1.570796326795,-1,0.175,-0.175,0.9999999999995235,7.260702970402627e-07,0.9999999999997871,7.260702970404811e-07,7.260702970404811e-07,0,-4.148973125944359e-06,-4.148973125945607e-06,2.4053043167666084e-13,0.0,0.0,1.3744596095809192e-12,3018621.3527288777,resolved
B,H4,yoshida4,controlled_q0.050_phi3.141592653590,-1,0.175,-0.175,0.9999999999995239,6.540104794703484e-07,0.9999999999997378,6.540104794705665e-07,6.540104794705665e-07,0,-3.7372027398305627e-06,-3.737202739831809e-06,2.4053043167666084e-13,0.0,0.0,1.3744596095809192e-12,2719034.239914884,resolved
B,H4,yoshida4,controlled_q0.050_phi4.712388980385,-1,0.175,-0.175,0.9999999999995209,7.101546215630694e-07,0.9999999999997731,7.101546215632903e-07,7.101546215632903e-07,0,-4.058026408931825e-06,-4.058026408933087e-06,2.4053043167666084e-13,0.0,0.0,1.3744596095809192e-12,2952452.280623322,resolved
B,H4,yoshida4,rhf,-1,0.2,-0.2,0.9999999999983807,1.1466775617918756e-06,0.9999999999990382,1.1466775617932298e-06,1.1466775617932298e-06,0,-5.733387808959378e-06,-5.7333878089661485e-06,2.372646985856632e-13,0.0,0.0,1.186323492928316e-12,4832904.214690302,resolved
B,H4,yoshida4,cisd,-1,0.2,-0.2,0.9999999999981547,1.4806740201924216e-06,0.9999999999992509,1.4806740201940718e-06,1.4806740201940718e-06,0,-7.403370100962108e-06,-7.403370100970359e-06,2.372646985856632e-13,0.0,0.0,1.186323492928316e-12,6240599.756384879,resolved
B,H4,yoshida4,controlled_q0.001_phi0.000000000000,-1,0.2,-0.2,0.9999999999981531,1.5111268711910038e-06,0.9999999999992949,1.5111268711926445e-06,1.5111268711926445e-06,0,-7.555634355955019e-06,-7.5556343559632225e-06,2.372646985856632e-13,0.0,0.0,1.186323492928316e-12,6368949.448438152,resolved
B,H4,yoshida4,controlled_q0.001_phi1.570796326795,-1,0.2,-0.2,0.9999999999981551,1.4955800375204137e-06,0.9999999999992735,1.4955800375220578e-06,1.4955800375220578e-06,0,-7.4779001876020684e-06,-7.477900187610289e-06,2.372646985856632e-13,0.0,0.0,1.186323492928316e-12,6303424.177450663,resolved
B,H4,yoshida4,controlled_q0.001_phi3.141592653590,-1,0.2,-0.2,0.9999999999981555,1.4748737621648046e-06,0.999999999999243,1.4748737621664557e-06,1.4748737621664557e-06,0,-7.374368810824023e-06,-7.374368810832278e-06,2.372646985856632e-13,0.0,0.0,1.186323492928316e-12,6216153.397267015,resolved
B,H4,yoshida4,controlled_q0.001_phi4.712388980385,-1,0.2,-0.2,0.9999999999981534,1.4904205958351114e-06,0.999999999999264,1.4904205958367601e-06,1.4904205958367601e-06,0,-7.452102979175557e-06,-7.4521029791838e-06,2.372646985856632e-13,0.0,0.0,1.186323492928316e-12,6281678.668253308,resolved
B,H4,yoshida4,controlled_q0.010_phi0.000000000000,-1,0.2,-0.2,0.9999999999981574,1.5324739042082049e-06,0.9999999999993316,1.532473904209829e-06,1.532473904209829e-06,0,-7.662369521041023e-06,-7.662369521049144e-06,2.372646985856632e-13,0.0,0.0,1.186323492928316e-12,6458920.831220549,resolved
B,H4,yoshida4,controlled_q0.010_phi1.570796326795,-1,0.2,-0.2,0.9999999999981632,1.483532457219848e-06,0.9999999999992637,1.4835324572214845e-06,1.4835324572214845e-06,0,-7.41766228609924e-06,-7.417662286107422e-06,2.372646985856632e-13,0.0,0.0,1.186323492928316e-12,6252647.216645363,resolved
B,H4,yoshida4,controlled_q0.010_phi3.141592653590,-1,0.2,-0.2,0.9999999999981637,1.4183490829637765e-06,0.9999999999991696,1.41834908296543e-06,1.41834908296543e-06,0,-7.091745414818883e-06,-7.09174541482715e-06,2.372646985856632e-13,0.0,0.0,1.186323492928316e-12,5977918.718707701,resolved
B,H4,yoshida4,controlled_q0.010_phi4.712388980385,-1,0.2,-0.2,0.9999999999981576,1.4672905299531816e-06,0.9999999999992341,1.467290529954832e-06,1.467290529954832e-06,0,-7.336452649765908e-06,-7.33645264977416e-06,2.372646985856632e-13,0.0,0.0,1.186323492928316e-12,6184192.333287305,resolved
B,H4,yoshida4,controlled_q0.050_phi0.000000000000,-1,0.2,-0.2,0.9999999999981813,1.5222301132839124e-06,0.99999999999934,1.522230113285505e-06,1.522230113285505e-06,0,-7.611150566419561e-06,-7.611150566427525e-06,2.372646985856632e-13,0.0,0.0,1.186323492928316e-12,6415746.305109603,resolved
B,H4,yoshida4,controlled_q0.050_phi1.570796326795,-1,0.2,-0.2,0.9999999999981939,1.4150273418573472e-06,0.9999999999991951,1.4150273418589585e-06,1.4150273418589585e-06,0,-7.075136709286736e-06,-7.075136709294792e-06,2.372646985856632e-13,0.0,0.0,1.186323492928316e-12,5963918.569818169,resolved
B,H4,yoshida4,controlled_q0.050_phi3.141592653590,-1,0.2,-0.2,0.9999999999981949,1.272247779737725e-06,0.9999999999990042,1.2722477797393351e-06,1.2722477797393351e-06,0,-6.361238898688624e-06,-6.361238898696675e-06,2.372646985856632e-13,0.0,0.0,1.186323492928316e-12,5362145.2635879,resolved
B,H4,yoshida4,controlled_q0.050_phi4.712388980385,-1,0.2,-0.2,0.9999999999981816,1.3794505511633554e-06,0.999999999999133,1.3794505511649889e-06,1.3794505511649889e-06,0,-6.897252755816777e-06,-6.897252755824944e-06,2.372646985856632e-13,0.0,0.0,1.186323492928316e-12,5813972.998875397,resolved
B,H4,yoshida4,rhf,-1,0.225,-0.225,0.999999999994763,2.061984771317693e-06,0.9999999999968888,2.0619847713255692e-06,2.0619847713255692e-06,0,-9.16437676141197e-06,-9.164376761446974e-06,2.399936358975117e-13,0.0,0.0,1.0666383817667185e-12,8591831.044212587,resolved
B,H4,yoshida4,cisd,-1,0.225,-0.225,0.9999999999940281,2.6621412886830954e-06,0.9999999999975716,2.6621412886927046e-06,2.6621412886927046e-06,0,-1.1831739060813758e-05,-1.1831739060856465e-05,2.399936358975117e-13,0.0,0.0,1.0666383817667185e-12,11092549.511687687,resolved
B,H4,yoshida4,controlled_q0.001_phi0.000000000000,-1,0.225,-0.225,0.9999999999940226,2.7170255260724857e-06,0.9999999999977137,2.7170255260820407e-06,2.7170255260820407e-06,0,-1.2075669004766602e-05,-1.2075669004809069e-05,2.399936358975117e-13,0.0,0.0,1.0666383817667185e-12,11321239.89834789,resolved
B,H4,yoshida4,controlled_q0.001_phi1.570796326795,-1,0.225,-0.225,0.9999999999940296,2.6896069029098187e-06,0.9999999999976465,2.6896069029193915e-06,2.6896069029193915e-06,0,-1.1953808457376972e-05,-1.1953808457419517e-05,2.399936358975117e-13,0.0,0.0,1.0666383817667185e-12,11206992.605663946,resolved
B,H4,yoshida4,controlled_q0.001_phi3.141592653590,-1,0.225,-0.225,0.9999999999940302,2.651691066251827e-06,0.999999999997546,2.651691066261442e-06,2.651691066261442e-06,0,-1.1785293627785897e-05,-1.1785293627828631e-05,2.399936358975117e-13,0.0,0.0,1.0666383817667185e-12,11049005.763570419,resolved
B,H4,yoshida4,controlled_q0.001_phi4.712388980385,-1,0.225,-0.225,0.9999999999940231,2.679109689414025e-06,0.9999999999976119,2.6791096894236276e-06,2.6791096894236276e-06,0,-1.1907154175173443e-05,-1.1907154175216122e-05,2.399936358975117e-13,0.0,0.0,1.0666383817667185e-12,11163253.056252407,resolved
B,H4,yoshida4,controlled_q0.010_phi0.000000000000,-1,0.225,-0.225,0.999999999994035,2.7555517528178944e-06,0.9999999999978315,2.755551752827357e-06,2.755551752827357e-06,0,-1.2246896679190642e-05,-1.2246896679232697e-05,2.399936358975117e-13,0.0,0.0,1.0666383817667185e-12,11481770.099914823,resolved
B,H4,yoshida4,controlled_q0.010_phi1.570796326795,-1,0.225,-0.225,0.9999999999940565,2.669237901369026e-06,0.9999999999976189,2.6692379013785513e-06,2.6692379013785513e-06,0,-1.1863279561640115e-05,-1.186327956168245e-05,2.399936358975117e-13,0.0,0.0,1.0666383817667185e-12,11122119.515322953,resolved
B,H4,yoshida4,controlled_q0.010_phi3.141592653590,-1,0.225,-0.225,0.9999999999940579,2.5498788119745184e-06,0.9999999999973088,2.5498788119841437e-06,2.5498788119841437e-06,0,-1.1332794719886749e-05,-1.1332794719929527e-05,2.399936358975117e-13,0.0,0.0,1.0666383817667185e-12,10624776.788095472,resolved
B,H4,yoshida4,controlled_q0.010_phi4.712388980385,-1,0.225,-0.225,0.9999999999940358,2.636192663425449e-06,0.9999999999975105,2.636192663435065e-06,2.636192663435065e-06,0,-1.171641183744644e-05,-1.1716411837489177e-05,2.399936358975117e-13,0.0,0.0,1.0666383817667185e-12,10984427.372695936,resolved
B,H4,yoshida4,controlled_q0.050_phi0.000000000000,-1,0.225,-0.225,0.9999999999941103,2.737335666670105e-06,0.9999999999978568,2.7373356666793903e-06,2.7373356666793903e-06,0,-1.2165936296311578e-05,-1.2165936296352845e-05,2.399936358975117e-13,0.0,0.0,1.0666383817667185e-12,11405867.7282554,resolved
B,H4,yoshida4,controlled_q0.050_phi1.570796326795,-1,0.225,-0.225,0.9999999999941577,2.548271291650389e-06,0.9999999999974045,2.548271291659761e-06,2.548271291659761e-06,0,-1.132565018511284e-05,-1.1325650185154494e-05,2.399936358975117e-13,0.0,0.0,1.0666383817667185e-12,10618078.609128695,resolved
B,H4,yoshida4,controlled_q0.050_phi3.141592653590,-1,0.225,-0.225,0.9999999999941602,2.286823664647195e-06,0.999999999996775,2.2868236646565633e-06,2.2868236646565633e-06,0,-1.0163660731765312e-05,-1.0163660731806949e-05,2.399936358975117e-13,0.0,0.0,1.0666383817667185e-12,9528684.60905261,resolved
B,H4,yoshida4,controlled_q0.050_phi4.712388980385,-1,0.225,-0.225,0.9999999999941123,2.4758880396678895e-06,0.9999999999971773,2.4758880396774076e-06,2.4758880396774076e-06,0,-1.1003946842968398e-05,-1.10039468430107e-05,2.399936358975117e-13,0.0,0.0,1.0666383817667185e-12,10316473.72818339,resolved
B,H4,yoshida4,rhf,-1,0.25,-0.25,0.999999999985026,3.4837554945821303e-06,0.9999999999910942,3.4837554946202027e-06,3.4837554946202027e-06,0,-1.3935021978328521e-05,-1.3935021978480811e-05,2.391341875716951e-13,0.0,0.0,9.565367502867805e-13,14568203.442419378,resolved
B,H4,yoshida4,cisd,-1,0.25,-0.25,0.9999999999829247,4.496868919145649e-06,0.9999999999930356,4.496868919192123e-06,4.496868919192123e-06,0,-1.7987475676582595e-05,-1.798747567676849e-05,2.391341875716951e-13,0.0,0.0,9.565367502867805e-13,18804793.094661284,resolved
B,H4,yoshida4,controlled_q0.001_phi0.000000000000,-1,0.25,-0.25,0.9999999999829073,4.58982394669841e-06,0.9999999999934406,4.589823946744632e-06,4.589823946744632e-06,0,-1.835929578679364e-05,-1.8359295786978527e-05,2.391341875716951e-13,0.0,0.0,9.565367502867805e-13,19193508.01868231,resolved
B,H4,yoshida4,controlled_q0.001_phi1.570796326795,-1,0.25,-0.25,0.9999999999829292,4.5444152782056924e-06,0.9999999999932551,4.544415278251986e-06,4.544415278251986e-06,0,-1.817766111282277e-05,-1.8177661113007945e-05,2.391341875716951e-13,0.0,0.0,9.565367502867805e-13,19003620.203168254,resolved
B,H4,yoshida4,controlled_q0.001_phi3.141592653590,-1,0.25,-0.25,0.9999999999829309,4.4791760750346334e-06,0.9999999999929624,4.479176075081134e-06,4.479176075081134e-06,0,-1.7916704300138534e-05,-1.7916704300324535e-05,2.391341875716951e-13,0.0,0.0,9.565367502867805e-13,18730805.9985849,resolved
B,H4,yoshida4,controlled_q0.001_phi4.712388980385,-1,0.25,-0.25,0.9999999999829087,4.524584743527361e-06,0.9999999999931446,4.524584743573817e-06,4.524584743573817e-06,0,-1.8098338974109444e-05,-1.8098338974295267e-05,2.391341875716951e-13,0.0,0.0,9.565367502867805e-13,18920693.814099,resolved
B,H4,yoshida4,controlled_q0.010_phi0.000000000000,-1,0.25,-0.25,0.99999999998294,4.655171498954429e-06,0.9999999999937753,4.655171499000219e-06,4.655171499000219e-06,0,-1.8620685995817715e-05,-1.8620685996000877e-05,2.391341875716951e-13,0.0,0.0,9.565367502867805e-13,19466775.31232859,resolved
B,H4,yoshida4,controlled_q0.010_phi1.570796326795,-1,0.25,-0.25,0.9999999999830085,4.512224967915743e-06,0.9999999999931886,4.512224967961789e-06,4.512224967961789e-06,0,-1.804889987166297e-05,-1.8048899871847157e-05,2.391341875716951e-13,0.0,0.0,9.565367502867805e-13,18869008.290848948,resolved
B,H4,yoshida4,controlled_q0.010_phi3.141592653590,-1,0.25,-0.25,0.9999999999830125,4.3068518950942645e-06,0.999999999992287,4.306851895140798e-06,4.306851895140798e-06,0,-1.7227407580377058e-05,-1.7227407580563192e-05,2.391341875716951e-13,0.0,0.0,9.565367502867805e-13,18010188.918734264,resolved
B,H4,yoshida4,controlled_q0.010_phi4.712388980385,-1,0.25,-0.25,0.9999999999829435,4.4497984261334875e-06,0.9999999999928438,4.449798426180016e-06,4.449798426180016e-06,0,-1.779919370453395e-05,-1.7799193704720063e-05,2.391341875716951e-13,0.0,0.0,9.565367502867805e-13,18607955.94021615,resolved
B,H4,yoshida4,controlled_q0.050_phi0.000000000000,-1,0.25,-0.25,0.9999999999831508,4.6247705621195705e-06,0.999999999993845,4.624770562164522e-06,4.624770562164522e-06,0,-1.8499082248478282e-05,-1.8499082248658087e-05,2.391341875716951e-13,0.0,0.0,9.565367502867805e-13,19339646.117027964,resolved
B,H4,yoshida4,controlled_q0.050_phi1.570796326795,-1,0.25,-0.25,0.9999999999833009,4.311656315701337e-06,0.9999999999925961,4.3116563157466195e-06,4.3116563157466195e-06,0,-1.724662526280535e-05,-1.7246625262986478e-05,2.391341875716951e-13,0.0,0.0,9.565367502867805e-13,18030279.81688588,resolved
B,H4,yoshida4,controlled_q0.050_phi3.141592653590,-1,0.25,-0.25,0.9999999999833096,3.861801153332008e-06,0.9999999999907663,3.861801153377266e-06,3.861801153377266e-06,0,-1.5447204613328034e-05,-1.5447204613509065e-05,2.391341875716951e-13,0.0,0.0,9.565367502867805e-13,16149096.84201552,resolved
B,H4,yoshida4,controlled_q0.050_phi4.712388980385,-1,0.25,-0.25,0.9999999999831589,4.174915399749943e-06,0.9999999999918738,4.174915399795997e-06,4.174915399795997e-06,0,-1.669966159899977e-05,-1.6699661599183987e-05,2.391341875716951e-13,0.0,0.0,9.565367502867805e-13,17458463.14215635,resolved
B,H4,yoshida4,rhf,-1,0.275,-0.275,0.9999999999612957,5.596023239073933e-06,0.9999999999769534,5.596023239232109e-06,5.596023239232109e-06,0,-2.03491754148143e-05,-2.0349175415389484e-05,2.399664845957066e-13,0.0,0.0,8.726053985298421e-13,23320020.079062555,resolved
B,H4,yoshida4,cisd,-1,0.275,-0.275,0.9999999999558677,7.2218375602746885e-06,0.9999999999819452,7.221837560467853e-06,7.221837560467853e-06,0,-2.6261227491907956e-05,-2.626122749261037e-05,2.399664845957066e-13,0.0,0.0,8.726053985298421e-13,30095192.55341835,resolved
B,H4,yoshida4,controlled_q0.001_phi0.000000000000,-1,0.275,-0.275,0.9999999999558178,7.371546026913596e-06,0.9999999999829876,7.371546027105765e-06,7.371546027105765e-06,0,-2.6805621916049436e-05,-2.680562191674823e-05,2.399664845957066e-13,0.0,0.0,8.726053985298421e-13,30719064.953312587,resolved
B,H4,yoshida4,controlled_q0.001_phi1.570796326795,-1,0.275,-0.275,0.9999999999558796,7.300090746512099e-06,0.9999999999825253,7.300090746704504e-06,7.300090746704504e-06,0,-2.6545784532771268e-05,-2.6545784533470924e-05,2.399664845957066e-13,0.0,0.0,8.726053985298421e-13,30421293.03519709,resolved
B,H4,yoshida4,controlled_q0.001_phi3.141592653590,-1,0.275,-0.275,0.9999999999558843,7.19335310549168e-06,0.9999999999817565,7.193353105684948e-06,7.193353105684948e-06,0,-2.615764765633338e-05,-2.6157647657036173e-05,2.399664845957066e-13,0.0,0.0,8.726053985298421e-13,29976490.748743422,resolved
B,H4,yoshida4,controlled_q0.001_phi4.712388980385,-1,0.275,-0.275,0.9999999999558224,7.26480838589413e-06,0.9999999999822111,7.264808386087266e-06,7.264808386087266e-06,0,-2.6417485039615017e-05,-2.6417485040317326e-05,2.399664845957066e-13,0.0,0.0,8.726053985298421e-13,30274262.666862898,resolved
B,H4,yoshida4,controlled_q0.010_phi0.000000000000,-1,0.275,-0.275,0.999999999955895,7.476958435914959e-06,0.9999999999838474,7.476958436105397e-06,7.476958436105397e-06,0,-2.7188939766963485e-05,-2.718893976765599e-05,2.399664845957066e-13,0.0,0.0,8.726053985298421e-13,31158344.668473486,resolved
B,H4,yoshida4,controlled_q0.010_phi1.570796326795,-1,0.275,-0.275,0.9999999999560889,7.252017146137067e-06,0.9999999999823848,7.252017146328379e-06,7.252017146328379e-06,0,-2.6370971440498423e-05,-2.63709714411941e-05,2.399664845957066e-13,0.0,0.0,8.726053985298421e-13,30220958.390731946,resolved
B,H4,yoshida4,controlled_q0.010_phi3.141592653590,-1,0.275,-0.275,0.999999999956103,6.9160069520132e-06,0.9999999999800185,6.9160069522065254e-06,6.9160069522065254e-06,0,-2.514911618913891e-05,-2.514911618984191e-05,2.399664845957066e-13,0.0,0.0,8.726053985298421e-13,28820720.37545255,resolved
B,H4,yoshida4,controlled_q0.010_phi4.712388980385,-1,0.275,-0.275,0.9999999999559087,7.140948241792476e-06,0.9999999999814053,7.14094824198595e-06,7.14094824198595e-06,0,-2.5967084515609003e-05,-2.5967084516312545e-05,2.399664845957066e-13,0.0,0.0,8.726053985298421e-13,29758106.65319985,resolved
B,H4,yoshida4,controlled_q0.050_phi0.000000000000,-1,0.275,-0.275,0.999999999956428,7.428769943228626e-06,0.9999999999840212,7.428769943415657e-06,7.428769943415657e-06,0,-2.7013708884467728e-05,-2.701370888514784e-05,2.399664845957066e-13,0.0,0.0,8.726053985298421e-13,30957531.23918347,resolved
B,H4,yoshida4,controlled_q0.050_phi1.570796326795,-1,0.275,-0.275,0.999999999956853,6.936051988301606e-06,0.9999999999809074,6.936051988489647e-06,6.936051988489647e-06,0,-2.5222007230187657e-05,-2.5222007230871443e-05,2.399664845957066e-13,0.0,0.0,8.726053985298421e-13,28904253.025114756,resolved
B,H4,yoshida4,controlled_q0.050_phi3.141592653590,-1,0.275,-0.275,0.9999999999568836,6.200045469245674e-06,0.9999999999761039,6.200045469433553e-06,6.200045469433553e-06,0,-2.2545619888166085e-05,-2.2545619888849282e-05,2.399664845957066e-13,0.0,0.0,8.726053985298421e-13,25837130.87972037,resolved
B,H4,yoshida4,controlled_q0.050_phi4.712388980385,-1,0.275,-0.275,0.9999999999564585,6.6927634241684825e-06,0.999999999978855,6.692763424359965e-06,6.692763424359965e-06,0,-2.4337321542430842e-05,-2.4337321543127144e-05,2.399664845957066e-13,0.0,0.0,8.726053985298421e-13,27890409.093771536,resolved
B,H4,yoshida4,rhf,-1,0.3,-0.3,0.9999999999079465,8.621540082021095e-06,0.999999999945112,8.621540082601121e-06,8.621540082601121e-06,0,-2.8738466940070317e-05,-2.8738466942003738e-05,2.390118482420291e-13,0.0,0.0,7.967061608067638e-13,36071601.24250709,resolved
B,H4,yoshida4,cisd,-1,0.3,-0.3,0.9999999998950528,1.1123633968748665e-05,0.9999999999569205,1.1123633969457264e-05,1.1123633969457264e-05,0,-3.7078779895828886e-05,-3.707877989819088e-05,2.390118482420291e-13,0.0,0.0,7.967061608067638e-13,46540094.35333351,resolved
B,H4,yoshida4,controlled_q0.001_phi0.000000000000,-1,0.3,-0.3,0.9999999998949198,1.1354926811593707e-05,0.999999999959387,1.135492681229887e-05,1.135492681229887e-05,0,-3.784975603864569e-05,-3.7849756040996236e-05,2.390118482420291e-13,0.0,0.0,7.967061608067638e-13,47507798.86064659,resolved
B,H4,yoshida4,controlled_q0.001_phi1.570796326795,-1,0.3,-0.3,0.9999999998950793,1.1247157838781795e-05,0.9999999999583286,1.1247157839487605e-05,1.1247157839487605e-05,0,-3.749052612927265e-05,-3.749052613162535e-05,2.390118482420291e-13,0.0,0.0,7.967061608067638e-13,47056905.00913015,resolved
B,H4,yoshida4,controlled_q0.001_phi3.141592653590,-1,0.3,-0.3,0.9999999998950946,1.107964415026673e-05,0.9999999999564738,1.1079644150975671e-05,1.1079644150975671e-05,0,-3.693214716755577e-05,-3.69321471699189e-05,2.390118482420291e-13,0.0,0.0,7.967061608067638e-13,46356045.659490556,resolved
B,H4,yoshida4,controlled_q0.001_phi4.712388980385,-1,0.3,-0.3,0.999999999894935,1.1187413123078457e-05,0.9999999999575141,1.1187413123787131e-05,1.1187413123787131e-05,0,-3.7291377076928193e-05,-3.729137707929044e-05,2.390118482420291e-13,0.0,0.0,7.967061608067638e-13,46806939.51100623,resolved
B,H4,yoshida4,controlled_q0.010_phi0.000000000000,-1,0.3,-0.3,0.9999999998950848,1.1518055489596173e-05,0.9999999999614176,1.1518055490295243e-05,1.1518055490295243e-05,0,-3.839351829865391e-05,-3.8393518300984146e-05,2.390118482420291e-13,0.0,0.0,7.967061608067638e-13,48190311.795475155,resolved
B,H4,yoshida4,controlled_q0.010_phi1.570796326795,-1,0.3,-0.3,0.9999999998955862,1.1178798662024245e-05,0.999999999958069,1.1178798662725812e-05,1.1178798662725812e-05,0,-3.726266220674748e-05,-3.726266220908604e-05,2.390118482420291e-13,0.0,0.0,7.967061608067638e-13,46770897.52765865,resolved
B,H4,yoshida4,controlled_q0.010_phi3.141592653590,-1,0.3,-0.3,0.9999999998956337,1.0651465413337395e-05,0.9999999999523606,1.0651465414046232e-05,1.0651465414046232e-05,0,-3.550488471112465e-05,-3.5504884713487445e-05,2.390118482420291e-13,0.0,0.0,7.967061608067638e-13,44564591.637111925,resolved
B,H4,yoshida4,controlled_q0.010_phi4.712388980385,-1,0.3,-0.3,0.9999999998951318,1.0990722240911827e-05,0.9999999999555298,1.0990722241621859e-05,1.0990722241621859e-05,0,-3.6635740803039426e-05,-3.66357408054062e-05,2.390118482420291e-13,0.0,0.0,7.967061608067638e-13,45984005.9049389,resolved
B,H4,yoshida4,controlled_q0.050_phi0.000000000000,-1,0.3,-0.3,0.9999999998963225,1.144486239633726e-05,0.9999999999618149,1.1444862397024135e-05,1.1444862397024135e-05,0,-3.81495413211242e-05,-3.8149541323413785e-05,2.390118482420291e-13,0.0,0.0,7.967061608067638e-13,47884079.72456628,resolved
B,H4,yoshida4,controlled_q0.050_phi1.570796326795,-1,0.3,-0.3,0.9999999998974212,1.0701744356779452e-05,0.9999999999546848,1.0701744357468678e-05,1.0701744357468678e-05,0,-3.5672481189264846e-05,-3.567248119156226e-05,2.390118482420291e-13,0.0,0.0,7.967061608067638e-13,44774953.356883846,resolved
B,H4,yoshida4,controlled_q0.050_phi3.141592653590,-1,0.3,-0.3,0.9999999998975247,9.546658244699089e-06,0.9999999999430941,9.546658245387362e-06,9.546658245387362e-06,0,-3.182219414899696e-05,-3.182219415129121e-05,2.390118482420291e-13,0.0,0.0,7.967061608067638e-13,39942196.652242586,resolved
B,H4,yoshida4,controlled_q0.050_phi4.712388980385,-1,0.3,-0.3,0.999999999896426,1.0289776284257493e-05,0.9999999999493657,1.0289776284960088e-05,1.0289776284960088e-05,0,-3.429925428085831e-05,-3.4299254283200295e-05,2.390118482420291e-13,0.0,0.0,7.967061608067638e-13,43051323.019927524,resolved
B,H4,yoshida4,rhf,-1,0.35,-0.35,0.9999999995734923,1.8515195170765164e-05,0.9999999997448985,1.8515195176546293e-05,1.8515195176546293e-05,0,-5.2900557630757615e-05,-5.290055764727512e-05,2.3601620197736e-13,0.0,0.0,6.743320056496001e-13,78448831.12109923,resolved
B,H4,yoshida4,cisd,-1,0.35,-0.35,0.9999999995139447,2.387470762906561e-05,0.9999999997989455,2.387470763613383e-05,2.387470763613383e-05,0,-6.82134503687589e-05,-6.821345038895381e-05,2.3601620197736e-13,0.0,0.0,6.743320056496001e-13,101157070.69701852,resolved
B,H4,yoshida4,controlled_q0.001_phi0.000000000000,-1,0.35,-0.35,0.9999999995131786,2.4374385503070998e-05,0.999999999810234,2.4374385510109943e-05,2.4374385510109943e-05,0,-6.964110143734571e-05,-6.964110145745698e-05,2.3601620197736e-13,0.0,0.0,6.743320056496001e-13,103274204.4777465,resolved
B,H4,yoshida4,controlled_q0.001_phi1.570796326795,-1,0.35,-0.35,0.999999999514035,2.4153165540211378e-05,0.9999999998057226,2.4153165547252184e-05,2.4153165547252184e-05,0,-6.900904440060394e-05,-6.900904442072052e-05,2.3601620197736e-13,0.0,0.0,6.743320056496001e-13,102336896.1022781,resolved
B,H4,yoshida4,controlled_q0.001_phi3.141592653590,-1,0.35,-0.35,0.9999999995141622,2.377975227660921e-05,0.9999999997969005,2.3779752283680015e-05,2.3779752283680015e-05,0,-6.794214936174061e-05,-6.79421493819429e-05,2.3601620197736e-13,0.0,0.0,6.743320056496001e-13,100754745.12927844,resolved
B,H4,yoshida4,controlled_q0.001_phi4.712388980385,-1,0.35,-0.35,0.9999999995133056,2.4000972239469854e-05,0.999999999801329,2.400097224654243e-05,2.400097224654243e-05,0,-6.85742063984853e-05,-6.857420641869266e-05,2.3601620197736e-13,0.0,0.0,6.743320056496001e-13,101692053.50475116,resolved
B,H4,yoshida4,controlled_q0.010_phi0.000000000000,-1,0.35,-0.35,0.9999999995137594,2.472803464606107e-05,0.9999999998194973,2.4728034653044646e-05,2.4728034653044646e-05,0,-7.065152756017449e-05,-7.065152758012756e-05,2.3601620197736e-13,0.0,0.0,6.743320056496001e-13,104772614.925958,resolved
B,H4,yoshida4,controlled_q0.010_phi1.570796326795,-1,0.35,-0.35,0.9999999995164547,2.4031633995324868e-05,0.9999999998052144,2.4031634002319005e-05,2.4031634002319005e-05,0,-6.866181141521391e-05,-6.866181143519716e-05,2.3601620197736e-13,0.0,0.0,6.743320056496001e-13,101821967.28015356,resolved
B,H4,yoshida4,controlled_q0.010_phi3.141592653590,-1,0.35,-0.35,0.9999999995168541,2.28561286909909e-05,0.9999999997780554,2.2856128698053712e-05,2.2856128698053712e-05,0,-6.530322483140258e-05,-6.530322485158204e-05,2.3601620197736e-13,0.0,0.0,6.743320056496001e-13,96841354.53202228,resolved
B,H4,yoshida4,controlled_q0.010_phi4.712388980385,-1,0.35,-0.35,0.9999999995141585,2.3552529341726303e-05,0.9999999997915193,2.3552529348814064e-05,2.3552529348814064e-05,0,-6.729294097636087e-05,-6.729294099661161e-05,2.3601620197736e-13,0.0,0.0,6.743320056496001e-13,99792002.17782333,resolved
B,H4,yoshida4,controlled_q0.050_phi0.000000000000,-1,0.35,-0.35,0.9999999995191895,2.4575610467540638e-05,0.9999999998211698,2.4575610474409282e-05,2.4575610474409282e-05,0,-7.021602990725897e-05,-7.021602992688366e-05,2.3601620197736e-13,0.0,0.0,6.743320056496001e-13,104126794.0999155,resolved
B,H4,yoshida4,controlled_q0.050_phi1.570796326795,-1,0.35,-0.35,0.9999999995250933,2.3050194192136483e-05,0.999999999790749,2.3050194199000896e-05,2.3050194199000896e-05,0,-6.585769769181853e-05,-6.585769771143114e-05,2.3601620197736e-13,0.0,0.0,6.743320056496001e-13,97663609.52773736,resolved
B,H4,yoshida4,controlled_q0.050_phi3.141592653590,-1,0.35,-0.35,0.9999999995259679,2.0475333124496903e-05,0.9999999997355875,2.0475333131341516e-05,2.0475333131341516e-05,0,-5.850095178427687e-05,-5.8500951803832905e-05,2.3601620197736e-13,0.0,0.0,6.743320056496001e-13,86753930.2511995,resolved
B,H4,yoshida4,controlled_q0.050_phi4.712388980385,-1,0.35,-0.35,0.9999999995200639,2.2000749399906164e-05,0.9999999997620804,2.2000749406915422e-05,2.2000749406915422e-05,0,-6.28592839997319e-05,-6.285928401975836e-05,2.3601620197736e-13,0.0,0.0,6.743320056496001e-13,93217114.82339926,resolved
B,H4,yoshida4,rhf,-1,0.4,-0.4,0.9999999983941017,3.583278457380823e-05,0.9999999990360959,3.5832784616015746e-05,3.5832784616015746e-05,0,-8.958196143452057e-05,-8.958196154003936e-05,2.399057712909183e-13,0.0,0.0,5.997644282272957e-13,149361911.47463524,resolved
B,H4,yoshida4,cisd,-1,0.4,-0.4,0.9999999981707604,4.6172107849350135e-05,0.9999999992366921,4.617210790099911e-05,4.617210790099911e-05,0,-0.00011543026962337533,-0.00011543026975249776,2.399057712909183e-13,0.0,0.0,5.997644282272957e-13,192459346.02115172,resolved
B,H4,yoshida4,controlled_q0.001_phi0.000000000000,-1,0.4,-0.4,0.9999999981672398,4.714522531881957e-05,0.999999999278576,4.7145225370295997e-05,4.7145225370295997e-05,0,-0.00011786306329704891,-0.00011786306342573998,2.399057712909183e-13,0.0,0.0,5.997644282272957e-13,196515594.70676336,resolved
B,H4,yoshida4,controlled_q0.001_phi1.570796326795,-1,0.4,-0.4,0.9999999981709042,4.673775509018616e-05,0.9999999992631131,4.6737755141642396e-05,4.6737755141642396e-05,0,-0.0001168443877254654,-0.00011684438785410599,2.399057712909183e-13,0.0,0.0,5.997644282272957e-13,194817135.23894468,resolved
B,H4,yoshida4,controlled_q0.001_phi3.141592653590,-1,0.4,-0.4,0.9999999981716794,4.598734083876365e-05,0.9999999992290971,4.59873408904247e-05,4.59873408904247e-05,0,-0.00011496835209690912,-0.00011496835222606174,2.399057712909183e-13,0.0,0.0,5.997644282272957e-13,191689181.09517992,resolved
B,H4,yoshida4,controlled_q0.001_phi4.712388980385,-1,0.4,-0.4,0.9999999981680151,4.639481106739744e-05,0.9999999992442543,4.639481111910409e-05,4.639481111910409e-05,0,-0.0001159870276684936,-0.00011598702779776021,2.399057712909183e-13,0.0,0.0,5.997644282272957e-13,193387640.5630002,resolved
B,H4,yoshida4,controlled_q0.010_phi0.000000000000,-1,0.4,-0.4,0.999999998168655,4.7836411973284955e-05,0.9999999993128162,4.783641202440155e-05,4.783641202440155e-05,0,-0.00011959102993321238,-0.00011959103006100387,2.399057712909183e-13,0.0,0.0,5.997644282272957e-13,199396670.26716423,resolved
B,H4,yoshida4,controlled_q0.010_phi1.570796326795,-1,0.4,-0.4,0.9999999981801897,4.655369531106346e-05,0.999999999263813,4.655369536215124e-05,4.655369536215124e-05,0,-0.00011638423827765865,-0.0001163842384053781,2.399057712909183e-13,0.0,0.0,5.997644282272957e-13,194049918.26816365,resolved
B,H4,yoshida4,controlled_q0.010_phi3.141592653590,-1,0.4,-0.4,0.99999999818263,4.4191390543189596e-05,0.9999999991590695,4.419139059473489e-05,4.419139059473489e-05,0,-0.00011047847635797399,-0.00011047847648683722,2.399057712909183e-13,0.0,0.0,5.997644282272957e-13,184203115.68745688,resolved
B,H4,yoshida4,controlled_q0.010_phi4.712388980385,-1,0.4,-0.4,0.9999999981710951,4.547410720540969e-05,0.9999999992050423,4.547410725723229e-05,4.547410725723229e-05,0,-0.00011368526801352422,-0.00011368526814308072,2.399057712909183e-13,0.0,0.0,5.997644282272957e-13,189549867.68645164,resolved
B,H4,yoshida4,controlled_q0.050_phi0.000000000000,-1,0.4,-0.4,0.9999999981878166,4.75509515148021e-05,0.9999999993183631,4.7550951565134106e-05,4.7550951565134106e-05,0,-0.00011887737878700524,-0.00011887737891283527,2.399057712909183e-13,0.0,0.0,5.997644282272957e-13,198206784.51766014,resolved
B,H4,yoshida4,controlled_q0.050_phi1.570796326795,-1,0.4,-0.4,0.9999999982130822,4.4741251565181064e-05,0.999999999213972,4.474125161527596e-05,4.474125161527596e-05,0,-0.00011185312891295266,-0.0001118531290381899,2.399057712909183e-13,0.0,0.0,5.997644282272957e-13,186495103.15834057,resolved
B,H4,yoshida4,controlled_q0.050_phi3.141592653590,-1,0.4,-0.4,0.9999999982184276,3.9566790374522693e-05,0.999999999001193,3.956679042436612e-05,3.956679042436612e-05,0,-9.891697593630673e-05,-9.891697606091529e-05,2.399057712909183e-13,0.0,0.0,5.997644282272957e-13,164926379.8933065,resolved
B,H4,yoshida4,controlled_q0.050_phi4.712388980385,-1,0.4,-0.4,0.9999999981931613,4.2376490324140884e-05,0.9999999990910448,4.2376490375342263e-05,4.2376490375342263e-05,0,-0.00010594122581035221,-0.00010594122593835565,2.399057712909183e-13,0.0,0.0,5.997644282272957e-13,176638061.25261423,resolved
B,H4,yoshida4,rhf,1,0.1,0.1,0.9999999999999959,-3.604878151541868e-08,0.9999999999999966,-3.6048781515418814e-08,-3.6048781515418814e-08,0,-3.604878151541868e-07,-3.6048781515418814e-07,2.4110245324413643e-13,0.0,0.0,2.411024532441364e-12,149516.44427655937,resolved
B,H4,yoshida4,cisd,1,0.1,0.1,0.9999999999999976,-4.6569755254294985e-08,0.9999999999999987,-4.6569755254295064e-08,-4.6569755254295064e-08,0,-4.656975525429498e-07,-4.656975525429506e-07,2.4110245324413643e-13,0.0,0.0,2.411024532441364e-12,193153.38615463694,resolved
B,H4,yoshida4,controlled_q0.001_phi0.000000000000,1,0.1,0.1,0.999999999999997,-4.7520792029564916e-08,0.9999999999999981,-4.752079202956502e-08,-4.752079202956502e-08,0,-4.752079202956491e-07,-4.752079202956502e-07,2.4110245324413643e-13,0.0,0.0,2.411024532441364e-12,197097.91995125878,resolved
B,H4,yoshida4,controlled_q0.001_phi1.570796326795,1,0.1,0.1,0.9999999999999974,-4.691472282381849e-08,0.9999999999999986,-4.691472282381858e-08,-4.691472282381858e-08,0,-4.691472282381849e-07,-4.6914722823818576e-07,2.4110245324413643e-13,0.0,0.0,2.411024532441364e-12,194584.17860358063,resolved
B,H4,yoshida4,controlled_q0.001_phi3.141592653590,1,0.1,0.1,0.9999999999999973,-4.63884380243509e-08,0.9999999999999984,-4.638843802435099e-08,-4.638843802435099e-08,0,-4.6388438024350895e-07,-4.638843802435099e-07,2.4110245324413643e-13,0.0,0.0,2.411024532441364e-12,192401.3522059799,resolved
B,H4,yoshida4,controlled_q0.001_phi4.712388980385,1,0.1,0.1,0.9999999999999973,-4.699450723054735e-08,0.9999999999999984,-4.699450723054744e-08,-4.699450723054744e-08,0,-4.699450723054735e-07,-4.699450723054744e-07,2.4110245324413643e-13,0.0,0.0,2.411024532441364e-12,194915.09355552463,resolved
B,H4,yoshida4,controlled_q0.010_phi0.000000000000,1,0.1,0.1,0.9999999999999974,-4.8184705127465687e-08,0.9999999999999986,-4.818470512746577e-08,-4.818470512746577e-08,0,-4.818470512746569e-07,-4.818470512746577e-07,2.4110245324413643e-13,0.0,0.0,2.411024532441364e-12,199851.57545732078,resolved
B,H4,yoshida4,controlled_q0.010_phi1.570796326795,1,0.1,0.1,0.9999999999999973,-4.627679869601692e-08,0.9999999999999984,-4.627679869601701e-08,-4.627679869601701e-08,0,-4.627679869601692e-07,-4.627679869601701e-07,2.4110245324413643e-13,0.0,0.0,2.411024532441364e-12,191938.31532339402,resolved
B,H4,yoshida4,controlled_q0.010_phi3.141592653590,1,0.1,0.1,0.9999999999999976,-4.462005365613749e-08,0.9999999999999986,-4.462005365613757e-08,-4.462005365613757e-08,0,-4.4620053656137484e-07,-4.4620053656137564e-07,2.4110245324413643e-13,0.0,0.0,2.411024532441364e-12,185066.77578662356,resolved
B,H4,yoshida4,controlled_q0.010_phi4.712388980385,1,0.1,0.1,0.9999999999999971,-4.65279600863136e-08,0.9999999999999982,-4.65279600863137e-08,-4.65279600863137e-08,0,-4.65279600863136e-07,-4.65279600863137e-07,2.4110245324413643e-13,0.0,0.0,2.411024532441364e-12,192980.03591527187,resolved
B,H4,yoshida4,controlled_q0.050_phi0.000000000000,1,0.1,0.1,0.9999999999999978,-4.78520570115922e-08,0.9999999999999989,-4.7852057011592273e-08,-4.7852057011592273e-08,0,-4.78520570115922e-07,-4.785205701159227e-07,2.4110245324413643e-13,0.0,0.0,2.411024532441364e-12,198471.8793513809,resolved
B,H4,yoshida4,controlled_q0.050_phi1.570796326795,1,0.1,0.1,0.9999999999999977,-4.3672923175433476e-08,0.9999999999999987,-4.367292317543355e-08,-4.367292317543355e-08,0,-4.3672923175433476e-07,-4.3672923175433545e-07,2.4110245324413643e-13,0.0,0.0,2.411024532441364e-12,181138.44379348136,resolved
B,H4,yoshida4,controlled_q0.050_phi3.141592653590,1,0.1,0.1,0.9999999999999978,-4.004394057062138e-08,0.9999999999999986,-4.0043940570621445e-08,-4.0043940570621445e-08,0,-4.004394057062138e-07,-4.004394057062144e-07,2.4110245324413643e-13,0.0,0.0,2.411024532441364e-12,166086.82338903262,resolved
B,H4,yoshida4,controlled_q0.050_phi4.712388980385,1,0.1,0.1,0.9999999999999973,-4.4223074403826335e-08,0.9999999999999983,-4.422307440382642e-08,-4.422307440382642e-08,0,-4.4223074403826335e-07,-4.422307440382642e-07,2.4110245324413643e-13,0.0,0.0,2.411024532441364e-12,183420.25893468104,resolved
B,H4,yoshida4,rhf,1,0.125,0.125,0.9999999999999813,-1.0988859622251823e-07,0.9999999999999873,-1.0988859622251983e-07,-1.0988859622251983e-07,0,-8.791087697801458e-07,-8.791087697801587e-07,2.4128323943590683e-13,0.0,0.0,1.9302659154872546e-12,455434.02218664443,resolved
B,H4,yoshida4,cisd,1,0.125,0.125,0.9999999999999812,-1.4194838509485958e-07,0.9999999999999913,-1.419483850948613e-07,-1.419483850948613e-07,0,-1.1355870807588766e-06,-1.1355870807588904e-06,2.4128323943590683e-13,0.0,0.0,1.9302659154872546e-12,588306.0316444648,resolved
B,H4,yoshida4,controlled_q0.001_phi0.000000000000,1,0.125,0.125,0.999999999999981,-1.4485116114049143e-07,0.9999999999999915,-1.4485116114049318e-07,-1.4485116114049318e-07,0,-1.1588092891239315e-06,-1.1588092891239454e-06,2.4128323943590683e-13,0.0,0.0,1.9302659154872546e-12,600336.6063848331,resolved
B,H4,yoshida4,controlled_q0.001_phi1.570796326795,1,0.125,0.125,0.9999999999999812,-1.4297063755412329e-07,0.9999999999999915,-1.42970637554125e-07,-1.42970637554125e-07,0,-1.1437651004329863e-06,-1.143765100433e-06,2.4128323943590683e-13,0.0,0.0,1.9302659154872546e-12,592542.7638006378,resolved
B,H4,yoshida4,controlled_q0.001_phi3.141592653590,1,0.125,0.125,0.9999999999999813,-1.413950687772329e-07,0.9999999999999913,-1.4139506877723459e-07,-1.4139506877723459e-07,0,-1.1311605502178631e-06,-1.1311605502178767e-06,2.4128323943590683e-13,0.0,0.0,1.9302659154872546e-12,586012.8084644367,resolved
B,H4,yoshida4,controlled_q0.001_phi4.712388980385,1,0.125,0.125,0.9999999999999812,-1.4327559236422538e-07,0.9999999999999915,-1.432755923642271e-07,-1.432755923642271e-07,0,-1.146204738913803e-06,-1.1462047389138168e-06,2.4128323943590683e-13,0.0,0.0,1.9302659154872546e-12,593806.6510512196,resolved
B,H4,yoshida4,controlled_q0.010_phi0.000000000000,1,0.125,0.125,0.9999999999999813,-1.4687919860872688e-07,0.9999999999999921,-1.4687919860872857e-07,-1.4687919860872857e-07,0,-1.175033588869815e-06,-1.1750335888698286e-06,2.4128323943590683e-13,0.0,0.0,1.9302659154872546e-12,608741.8212392787,resolved
B,H4,yoshida4,controlled_q0.010_phi1.570796326795,1,0.125,0.125,0.9999999999999811,-1.409593085926683e-07,0.999999999999991,-1.4095930859267003e-07,-1.4095930859267003e-07,0,-1.1276744687413465e-06,-1.1276744687413602e-06,2.4128323943590683e-13,0.0,0.0,1.9302659154872546e-12,584206.797464322,resolved
B,H4,yoshida4,controlled_q0.010_phi3.141592653590,1,0.125,0.125,0.9999999999999812,-1.359994166050351e-07,0.9999999999999905,-1.3599941660503682e-07,-1.3599941660503682e-07,0,-1.0879953328402808e-06,-1.0879953328402946e-06,2.4128323943590683e-13,0.0,0.0,1.9302659154872546e-12,563650.4919404534,resolved
B,H4,yoshida4,controlled_q0.010_phi4.712388980385,1,0.125,0.125,0.999999999999981,-1.4191930661818647e-07,0.9999999999999911,-1.4191930661818822e-07,-1.4191930661818822e-07,0,-1.1353544529454918e-06,-1.1353544529455057e-06,2.4128323943590683e-13,0.0,0.0,1.9302659154872546e-12,588185.5157033614,resolved
B,H4,yoshida4,controlled_q0.050_phi0.000000000000,1,0.125,0.125,0.999999999999982,-1.45871415120654e-07,0.9999999999999927,-1.458714151206556e-07,-1.458714151206556e-07,0,-1.166971320965232e-06,-1.1669713209652448e-06,2.4128323943590683e-13,0.0,0.0,1.9302659154872546e-12,604565.055831002,resolved
B,H4,yoshida4,controlled_q0.050_phi1.570796326795,1,0.125,0.125,0.9999999999999816,-1.3290431555117166e-07,0.9999999999999905,-1.3290431555117333e-07,-1.3290431555117333e-07,0,-1.0632345244093733e-06,-1.0632345244093866e-06,2.4128323943590683e-13,0.0,0.0,1.9302659154872546e-12,550822.8249168366,resolved
B,H4,yoshida4,controlled_q0.050_phi3.141592653590,1,0.125,0.125,0.9999999999999816,-1.220400236310531e-07,0.999999999999989,-1.2204002363105474e-07,-1.2204002363105474e-07,0,-9.763201890484248e-07,-9.76320189048438e-07,2.4128323943590683e-13,0.0,0.0,1.9302659154872546e-12,505795.6943730074,resolved
B,H4,yoshida4,controlled_q0.050_phi4.712388980385,1,0.125,0.125,0.9999999999999815,-1.3500712320313468e-07,0.9999999999999906,-1.3500712320313638e-07,-1.3500712320313638e-07,0,-1.0800569856250775e-06,-1.080056985625091e-06,2.4128323943590683e-13,0.0,0.0,1.9302659154872546e-12,559537.9252979453,resolved
B,H4,yoshida4,rhf,1,0.15,0.15,0.9999999999999055,-2.7306296229712146e-07,0.9999999999999428,-2.7306296229714046e-07,-2.7306296229714046e-07,0,-1.8204197486474765e-06,-1.820419748647603e-06,2.3895926489272524e-13,0.0,0.0,1.5930617659515017e-12,1142717.619338619,resolved
B,H4,yoshida4,cisd,1,0.15,0.15,0.9999999999998943,-3.526927433096831e-07,0.9999999999999565,-3.5269274330970575e-07,-3.5269274330970575e-07,0,-2.3512849553978874e-06,-2.3512849553980386e-06,2.3895926489272524e-13,0.0,0.0,1.5930617659515017e-12,1475953.4160268514,resolved
B,H4,yoshida4,controlled_q0.001_phi0.000000000000,1,0.15,0.15,0.999999999999894,-3.5991698238732426e-07,0.9999999999999587,-3.5991698238734686e-07,-3.5991698238734686e-07,0,-2.3994465492488287e-06,-2.399446549248979e-06,2.3895926489272524e-13,0.0,0.0,1.5930617659515017e-12,1506185.510525821,resolved
B,H4,yoshida4,controlled_q0.001_phi1.570796326795,1,0.15,0.15,0.9999999999998942,-3.551601036057804e-07,0.9999999999999573,-3.5516010360580306e-07,-3.5516010360580306e-07,0,-2.367734024038536e-06,-2.3677340240386874e-06,2.3895926489272524e-13,0.0,0.0,1.5930617659515017e-12,1486278.859140367,resolved
B,H4,yoshida4,controlled_q0.001_phi3.141592653590,1,0.15,0.15,0.9999999999998945,-3.513159976779869e-07,0.9999999999999563,-3.513159976780095e-07,-3.513159976780095e-07,0,-2.3421066511865794e-06,-2.34210665118673e-06,2.3895926489272524e-13,0.0,0.0,1.5930617659515017e-12,1470191.9920774002,resolved
B,H4,yoshida4,controlled_q0.001_phi4.712388980385,1,0.15,0.15,0.9999999999998943,-3.560728764600424e-07,0.9999999999999577,-3.56072876460065e-07,-3.56072876460065e-07,0,-2.3738191764002825e-06,-2.3738191764004333e-06,2.3895926489272524e-13,0.0,0.0,1.5930617659515017e-12,1490098.6434649953,resolved
B,H4,yoshida4,controlled_q0.010_phi0.000000000000,1,0.15,0.15,0.9999999999998945,-3.649690952199831e-07,0.9999999999999611,-3.649690952200054e-07,-3.649690952200054e-07,0,-2.433127301466554e-06,-2.4331273014667027e-06,2.3895926489272524e-13,0.0,0.0,1.5930617659515017e-12,1527327.6614063357,resolved
B,H4,yoshida4,controlled_q0.010_phi1.570796326795,1,0.15,0.15,0.9999999999998944,-3.499944363494212e-07,0.9999999999999557,-3.4999443634944384e-07,-3.4999443634944384e-07,0,-2.3332962423294745e-06,-2.3332962423296257e-06,2.3895926489272524e-13,0.0,0.0,1.5930617659515017e-12,1464661.5041544524,resolved
B,H4,yoshida4,controlled_q0.010_phi3.141592653590,1,0.15,0.15,0.9999999999998948,-3.37893187281444e-07,0.9999999999999518,-3.378931872814667e-07,-3.378931872814667e-07,0,-2.2526212485429602e-06,-2.2526212485431114e-06,2.3895926489272524e-13,0.0,0.0,1.5930617659515017e-12,1414020.0315444253,resolved
B,H4,yoshida4,controlled_q0.010_phi4.712388980385,1,0.15,0.15,0.9999999999998945,-3.528678461511836e-07,0.9999999999999568,-3.5286784615120616e-07,-3.5286784615120616e-07,0,-2.3524523076745574e-06,-2.3524523076747077e-06,2.3895926489272524e-13,0.0,0.0,1.5930617659515017e-12,1476686.1887928671,resolved
B,H4,yoshida4,controlled_q0.050_phi0.000000000000,1,0.15,0.15,0.9999999999998962,-3.62483519919122e-07,0.9999999999999619,-3.624835199191438e-07,-3.624835199191438e-07,0,-2.4165567994608134e-06,-2.4165567994609587e-06,2.3895926489272524e-13,0.0,0.0,1.5930617659515017e-12,1516925.9918917555,resolved
B,H4,yoshida4,controlled_q0.050_phi1.570796326795,1,0.15,0.15,0.9999999999998963,-3.296825908348511e-07,0.9999999999999506,-3.296825908348733e-07,-3.296825908348733e-07,0,-2.1978839388990074e-06,-2.1978839388991557e-06,2.3895926489272524e-13,0.0,0.0,1.5930617659515017e-12,1379660.2152373285,resolved
B,H4,yoshida4,controlled_q0.050_phi3.141592653590,1,0.15,0.15,0.999999999999897,-3.0317566229837506e-07,0.9999999999999429,-3.0317566229839703e-07,-3.0317566229839703e-07,0,-2.021171081989167e-06,-2.0211710819893136e-06,2.3895926489272524e-13,0.0,0.0,1.5930617659515017e-12,1268733.6581591768,resolved
B,H4,yoshida4,controlled_q0.050_phi4.712388980385,1,0.15,0.15,0.9999999999998963,-3.359765913830276e-07,0.9999999999999527,-3.359765913830498e-07,-3.359765913830498e-07,0,-2.2398439425535175e-06,-2.2398439425536653e-06,2.3895926489272524e-13,0.0,0.0,1.5930617659515017e-12,1405999.434815201,resolved
B,H4,yoshida4,rhf,1,0.175,0.175,0.9999999999995718,-5.892409283281275e-07,0.9999999999997454,-5.892409283283116e-07,-5.892409283283116e-07,0,-3.3670910190178716e-06,-3.3670910190189236e-06,2.4053043167666084e-13,0.0,0.0,1.3744596095809192e-12,2449756.2500541704,resolved
B,H4,yoshida4,cisd,1,0.175,0.175,0.9999999999995135,-7.609805551565686e-07,0.999999999999803,-7.609805551567919e-07,-7.609805551567919e-07,0,-4.348460315180393e-06,-4.348460315181668e-06,2.4053043167666084e-13,0.0,0.0,1.3744596095809192e-12,3163759.986010985,resolved
B,H4,yoshida4,controlled_q0.001_phi0.000000000000,1,0.175,0.175,0.9999999999995128,-7.765976246893927e-07,0.9999999999998144,-7.765976246896149e-07,-7.765976246896149e-07,0,-4.437700712510816e-06,-4.4377007125120855e-06,2.4053043167666084e-13,0.0,0.0,1.3744596095809192e-12,3228687.6104448764,resolved
B,H4,yoshida4,controlled_q0.001_phi1.570796326795,1,0.175,0.175,0.9999999999995131,-7.661473165191442e-07,0.9999999999998066,-7.661473165193674e-07,-7.661473165193674e-07,0,-4.377984665823682e-06,-4.377984665824957e-06,2.4053043167666084e-13,0.0,0.0,1.3744596095809192e-12,3185240.6831791555,resolved
B,H4,yoshida4,controlled_q0.001_phi3.141592653590,1,0.175,0.175,0.9999999999995137,-7.580051423278432e-07,0.999999999999801,-7.580051423280666e-07,-7.580051423280666e-07,0,-4.331457956159104e-06,-4.331457956160381e-06,2.4053043167666084e-13,0.0,0.0,1.3744596095809192e-12,3151389.7723628203,resolved
B,H4,yoshida4,controlled_q0.001_phi4.712388980385,1,0.175,0.175,0.9999999999995133,-7.684554504977948e-07,0.9999999999998085,-7.684554504980176e-07,-7.684554504980176e-07,0,-4.391174002844542e-06,-4.391174002845815e-06,2.4053043167666084e-13,0.0,0.0,1.3744596095809192e-12,3194836.6996273077,resolved
B,H4,yoshida4,controlled_q0.010_phi0.000000000000,1,0.175,0.175,0.9999999999995143,-7.875312591071098e-07,0.9999999999998244,-7.875312591073295e-07,-7.875312591073295e-07,0,-4.500178623469199e-06,-4.5001786234704546e-06,2.4053043167666084e-13,0.0,0.0,1.3744596095809192e-12,3274143.955995426,resolved
B,H4,yoshida4,controlled_q0.010_phi1.570796326795,1,0.175,0.175,0.9999999999995142,-7.546336791789537e-07,0.9999999999997989,-7.546336791791771e-07,-7.546336791791771e-07,0,-4.312192452451165e-06,-4.312192452452441e-06,2.4053043167666084e-13,0.0,0.0,1.3744596095809192e-12,3137372.9881855003,resolved
B,H4,yoshida4,controlled_q0.010_phi3.141592653590,1,0.175,0.175,0.9999999999995158,-7.29002107180619e-07,0.9999999999997815,-7.290021071808429e-07,-7.290021071808429e-07,0,-4.165726326746395e-06,-4.165726326747674e-06,2.4053043167666084e-13,0.0,0.0,1.3744596095809192e-12,3030810.2891554227,resolved
B,H4,yoshida4,controlled_q0.010_phi4.712388980385,1,0.175,0.175,0.9999999999995154,-7.618996871096989e-07,0.9999999999998056,-7.618996871099207e-07,-7.618996871099207e-07,0,-4.353712497769708e-06,-4.3537124977709756e-06,2.4053043167666084e-13,0.0,0.0,1.3744596095809192e-12,3167581.256969189,resolved
B,H4,yoshida4,controlled_q0.050_phi0.000000000000,1,0.175,0.175,0.9999999999995207,-7.822144391306822e-07,0.9999999999998267,-7.822144391308976e-07,-7.822144391308976e-07,0,-4.4697967950324705e-06,-4.4697967950337e-06,2.4053043167666084e-13,0.0,0.0,1.3744596095809192e-12,3252039.3934277473,resolved
B,H4,yoshida4,controlled_q0.050_phi1.570796326795,1,0.175,0.175,0.9999999999995209,-7.101546215630694e-07,0.9999999999997731,-7.101546215632903e-07,-7.101546215632903e-07,0,-4.058026408931825e-06,-4.058026408933087e-06,2.4053043167666084e-13,0.0,0.0,1.3744596095809192e-12,2952452.280623322,resolved
B,H4,yoshida4,controlled_q0.050_phi3.141592653590,1,0.175,0.175,0.9999999999995239,-6.540104794703484e-07,0.9999999999997378,-6.540104794705665e-07,-6.540104794705665e-07,0,-3.7372027398305627e-06,-3.737202739831809e-06,2.4053043167666084e-13,0.0,0.0,1.3744596095809192e-12,2719034.239914884,resolved
B,H4,yoshida4,controlled_q0.050_phi4.712388980385,1,0.175,0.175,0.9999999999995235,-7.260702970402627e-07,0.9999999999997871,-7.260702970404811e-07,-7.260702970404811e-07,0,-4.148973125944359e-06,-4.148973125945607e-06,2.4053043167666084e-13,0.0,0.0,1.3744596095809192e-12,3018621.3527288777,resolved
B,H4,yoshida4,rhf,1,0.2,0.2,0.9999999999983807,-1.1466775617918756e-06,0.9999999999990382,-1.1466775617932298e-06,-1.1466775617932298e-06,0,-5.733387808959378e-06,-5.7333878089661485e-06,2.372646985856632e-13,0.0,0.0,1.186323492928316e-12,4832904.214690302,resolved
B,H4,yoshida4,cisd,1,0.2,0.2,0.9999999999981547,-1.4806740201924216e-06,0.9999999999992509,-1.4806740201940718e-06,-1.4806740201940718e-06,0,-7.403370100962108e-06,-7.403370100970359e-06,2.372646985856632e-13,0.0,0.0,1.186323492928316e-12,6240599.756384879,resolved
B,H4,yoshida4,controlled_q0.001_phi0.000000000000,1,0.2,0.2,0.9999999999981531,-1.5111268711910036e-06,0.9999999999992949,-1.5111268711926443e-06,-1.5111268711926443e-06,0,-7.555634355955017e-06,-7.555634355963221e-06,2.372646985856632e-13,0.0,0.0,1.186323492928316e-12,6368949.44843815,resolved
B,H4,yoshida4,controlled_q0.001_phi1.570796326795,1,0.2,0.2,0.9999999999981534,-1.4904205958351114e-06,0.999999999999264,-1.4904205958367601e-06,-1.4904205958367601e-06,0,-7.452102979175557e-06,-7.4521029791838e-06,2.372646985856632e-13,0.0,0.0,1.186323492928316e-12,6281678.668253308,resolved
B,H4,yoshida4,controlled_q0.001_phi3.141592653590,1,0.2,0.2,0.9999999999981555,-1.4748737621648046e-06,0.999999999999243,-1.4748737621664557e-06,-1.4748737621664557e-06,0,-7.374368810824023e-06,-7.374368810832278e-06,2.372646985856632e-13,0.0,0.0,1.186323492928316e-12,6216153.397267015,resolved
B,H4,yoshida4,controlled_q0.001_phi4.712388980385,1,0.2,0.2,0.9999999999981551,-1.4955800375204137e-06,0.9999999999992735,-1.4955800375220578e-06,-1.4955800375220578e-06,0,-7.4779001876020684e-06,-7.477900187610289e-06,2.372646985856632e-13,0.0,0.0,1.186323492928316e-12,6303424.177450663,resolved
B,H4,yoshida4,controlled_q0.010_phi0.000000000000,1,0.2,0.2,0.9999999999981574,-1.5324739042082047e-06,0.9999999999993316,-1.5324739042098288e-06,-1.5324739042098288e-06,0,-7.662369521041023e-06,-7.662369521049144e-06,2.372646985856632e-13,0.0,0.0,1.186323492928316e-12,6458920.831220549,resolved
B,H4,yoshida4,controlled_q0.010_phi1.570796326795,1,0.2,0.2,0.9999999999981576,-1.4672905299531816e-06,0.9999999999992341,-1.467290529954832e-06,-1.467290529954832e-06,0,-7.336452649765908e-06,-7.33645264977416e-06,2.372646985856632e-13,0.0,0.0,1.186323492928316e-12,6184192.333287305,resolved
B,H4,yoshida4,controlled_q0.010_phi3.141592653590,1,0.2,0.2,0.9999999999981637,-1.4183490829637765e-06,0.9999999999991696,-1.41834908296543e-06,-1.41834908296543e-06,0,-7.091745414818883e-06,-7.09174541482715e-06,2.372646985856632e-13,0.0,0.0,1.186323492928316e-12,5977918.718707701,resolved
B,H4,yoshida4,controlled_q0.010_phi4.712388980385,1,0.2,0.2,0.9999999999981632,-1.483532457219848e-06,0.9999999999992637,-1.4835324572214845e-06,-1.4835324572214845e-06,0,-7.41766228609924e-06,-7.417662286107422e-06,2.372646985856632e-13,0.0,0.0,1.186323492928316e-12,6252647.216645363,resolved
B,H4,yoshida4,controlled_q0.050_phi0.000000000000,1,0.2,0.2,0.9999999999981813,-1.5222301132839122e-06,0.99999999999934,-1.5222301132855048e-06,-1.5222301132855048e-06,0,-7.6111505664195605e-06,-7.6111505664275235e-06,2.372646985856632e-13,0.0,0.0,1.186323492928316e-12,6415746.305109602,resolved
B,H4,yoshida4,controlled_q0.050_phi1.570796326795,1,0.2,0.2,0.9999999999981816,-1.3794505511633554e-06,0.999999999999133,-1.3794505511649889e-06,-1.3794505511649889e-06,0,-6.897252755816777e-06,-6.897252755824944e-06,2.372646985856632e-13,0.0,0.0,1.186323492928316e-12,5813972.998875397,resolved
B,H4,yoshida4,controlled_q0.050_phi3.141592653590,1,0.2,0.2,0.9999999999981949,-1.272247779737725e-06,0.9999999999990042,-1.2722477797393351e-06,-1.2722477797393351e-06,0,-6.361238898688624e-06,-6.361238898696675e-06,2.372646985856632e-13,0.0,0.0,1.186323492928316e-12,5362145.2635879,resolved
B,H4,yoshida4,controlled_q0.050_phi4.712388980385,1,0.2,0.2,0.9999999999981939,-1.4150273418573472e-06,0.9999999999991951,-1.4150273418589585e-06,-1.4150273418589585e-06,0,-7.075136709286736e-06,-7.075136709294792e-06,2.372646985856632e-13,0.0,0.0,1.186323492928316e-12,5963918.569818169,resolved
B,H4,yoshida4,rhf,1,0.225,0.225,0.999999999994763,-2.061984771317693e-06,0.9999999999968888,-2.0619847713255692e-06,-2.0619847713255692e-06,0,-9.16437676141197e-06,-9.164376761446974e-06,2.399936358975117e-13,0.0,0.0,1.0666383817667185e-12,8591831.044212587,resolved
B,H4,yoshida4,cisd,1,0.225,0.225,0.9999999999940281,-2.6621412886830954e-06,0.9999999999975716,-2.6621412886927046e-06,-2.6621412886927046e-06,0,-1.1831739060813758e-05,-1.1831739060856465e-05,2.399936358975117e-13,0.0,0.0,1.0666383817667185e-12,11092549.511687687,resolved
B,H4,yoshida4,controlled_q0.001_phi0.000000000000,1,0.225,0.225,0.9999999999940226,-2.7170255260724857e-06,0.9999999999977137,-2.7170255260820407e-06,-2.7170255260820407e-06,0,-1.2075669004766602e-05,-1.2075669004809069e-05,2.399936358975117e-13,0.0,0.0,1.0666383817667185e-12,11321239.89834789,resolved
B,H4,yoshida4,controlled_q0.001_phi1.570796326795,1,0.225,0.225,0.9999999999940231,-2.679109689414025e-06,0.9999999999976119,-2.6791096894236276e-06,-2.6791096894236276e-06,0,-1.1907154175173443e-05,-1.1907154175216122e-05,2.399936358975117e-13,0.0,0.0,1.0666383817667185e-12,11163253.056252407,resolved
B,H4,yoshida4,controlled_q0.001_phi3.141592653590,1,0.225,0.225,0.9999999999940302,-2.651691066251827e-06,0.999999999997546,-2.651691066261442e-06,-2.651691066261442e-06,0,-1.1785293627785897e-05,-1.1785293627828631e-05,2.399936358975117e-13,0.0,0.0,1.0666383817667185e-12,11049005.763570419,resolved
B,H4,yoshida4,controlled_q0.001_phi4.712388980385,1,0.225,0.225,0.9999999999940296,-2.6896069029098187e-06,0.9999999999976465,-2.6896069029193915e-06,-2.6896069029193915e-06,0,-1.1953808457376972e-05,-1.1953808457419517e-05,2.399936358975117e-13,0.0,0.0,1.0666383817667185e-12,11206992.605663946,resolved
B,H4,yoshida4,controlled_q0.010_phi0.000000000000,1,0.225,0.225,0.999999999994035,-2.755551752817894e-06,0.9999999999978315,-2.7555517528273566e-06,-2.7555517528273566e-06,0,-1.224689667919064e-05,-1.2246896679232695e-05,2.399936358975117e-13,0.0,0.0,1.0666383817667185e-12,11481770.099914823,resolved
B,H4,yoshida4,controlled_q0.010_phi1.570796326795,1,0.225,0.225,0.9999999999940358,-2.636192663425449e-06,0.9999999999975105,-2.636192663435065e-06,-2.636192663435065e-06,0,-1.171641183744644e-05,-1.1716411837489177e-05,2.399936358975117e-13,0.0,0.0,1.0666383817667185e-12,10984427.372695936,resolved
B,H4,yoshida4,controlled_q0.010_phi3.141592653590,1,0.225,0.225,0.9999999999940579,-2.5498788119745184e-06,0.9999999999973088,-2.5498788119841437e-06,-2.5498788119841437e-06,0,-1.1332794719886749e-05,-1.1332794719929527e-05,2.399936358975117e-13,0.0,0.0,1.0666383817667185e-12,10624776.788095472,resolved
B,H4,yoshida4,controlled_q0.010_phi4.712388980385,1,0.225,0.225,0.9999999999940565,-2.669237901369026e-06,0.9999999999976189,-2.6692379013785513e-06,-2.6692379013785513e-06,0,-1.1863279561640115e-05,-1.186327956168245e-05,2.399936358975117e-13,0.0,0.0,1.0666383817667185e-12,11122119.515322953,resolved
B,H4,yoshida4,controlled_q0.050_phi0.000000000000,1,0.225,0.225,0.9999999999941103,-2.737335666670105e-06,0.9999999999978568,-2.7373356666793903e-06,-2.7373356666793903e-06,0,-1.2165936296311578e-05,-1.2165936296352845e-05,2.399936358975117e-13,0.0,0.0,1.0666383817667185e-12,11405867.7282554,resolved
B,H4,yoshida4,controlled_q0.050_phi1.570796326795,1,0.225,0.225,0.9999999999941123,-2.4758880396678895e-06,0.9999999999971773,-2.4758880396774076e-06,-2.4758880396774076e-06,0,-1.1003946842968398e-05,-1.10039468430107e-05,2.399936358975117e-13,0.0,0.0,1.0666383817667185e-12,10316473.72818339,resolved
B,H4,yoshida4,controlled_q0.050_phi3.141592653590,1,0.225,0.225,0.9999999999941602,-2.286823664647195e-06,0.999999999996775,-2.2868236646565633e-06,-2.2868236646565633e-06,0,-1.0163660731765312e-05,-1.0163660731806949e-05,2.399936358975117e-13,0.0,0.0,1.0666383817667185e-12,9528684.60905261,resolved
B,H4,yoshida4,controlled_q0.050_phi4.712388980385,1,0.225,0.225,0.9999999999941577,-2.548271291650389e-06,0.9999999999974045,-2.548271291659761e-06,-2.548271291659761e-06,0,-1.132565018511284e-05,-1.1325650185154494e-05,2.399936358975117e-13,0.0,0.0,1.0666383817667185e-12,10618078.609128695,resolved
B,H4,yoshida4,rhf,1,0.25,0.25,0.999999999985026,-3.4837554945821303e-06,0.9999999999910942,-3.4837554946202027e-06,-3.4837554946202027e-06,0,-1.3935021978328521e-05,-1.3935021978480811e-05,2.391341875716951e-13,0.0,0.0,9.565367502867805e-13,14568203.442419378,resolved
B,H4,yoshida4,cisd,1,0.25,0.25,0.9999999999829247,-4.496868919145649e-06,0.9999999999930356,-4.496868919192123e-06,-4.496868919192123e-06,0,-1.7987475676582595e-05,-1.798747567676849e-05,2.391341875716951e-13,0.0,0.0,9.565367502867805e-13,18804793.094661284,resolved
B,H4,yoshida4,controlled_q0.001_phi0.000000000000,1,0.25,0.25,0.9999999999829073,-4.589823946698411e-06,0.9999999999934406,-4.5898239467446325e-06,-4.5898239467446325e-06,0,-1.8359295786793643e-05,-1.835929578697853e-05,2.391341875716951e-13,0.0,0.0,9.565367502867805e-13,19193508.018682312,resolved
B,H4,yoshida4,controlled_q0.001_phi1.570796326795,1,0.25,0.25,0.9999999999829087,-4.524584743527361e-06,0.9999999999931446,-4.524584743573817e-06,-4.524584743573817e-06,0,-1.8098338974109444e-05,-1.8098338974295267e-05,2.391341875716951e-13,0.0,0.0,9.565367502867805e-13,18920693.814099,resolved
B,H4,yoshida4,controlled_q0.001_phi3.141592653590,1,0.25,0.25,0.9999999999829309,-4.4791760750346334e-06,0.9999999999929624,-4.479176075081134e-06,-4.479176075081134e-06,0,-1.7916704300138534e-05,-1.7916704300324535e-05,2.391341875716951e-13,0.0,0.0,9.565367502867805e-13,18730805.9985849,resolved
B,H4,yoshida4,controlled_q0.001_phi4.712388980385,1,0.25,0.25,0.9999999999829292,-4.5444152782056924e-06,0.9999999999932551,-4.544415278251986e-06,-4.544415278251986e-06,0,-1.817766111282277e-05,-1.8177661113007945e-05,2.391341875716951e-13,0.0,0.0,9.565367502867805e-13,19003620.203168254,resolved
B,H4,yoshida4,controlled_q0.010_phi0.000000000000,1,0.25,0.25,0.99999999998294,-4.65517149895443e-06,0.9999999999937753,-4.65517149900022e-06,-4.65517149900022e-06,0,-1.862068599581772e-05,-1.862068599600088e-05,2.391341875716951e-13,0.0,0.0,9.565367502867805e-13,19466775.312328592,resolved
B,H4,yoshida4,controlled_q0.010_phi1.570796326795,1,0.25,0.25,0.9999999999829435,-4.4497984261334875e-06,0.9999999999928438,-4.449798426180016e-06,-4.449798426180016e-06,0,-1.779919370453395e-05,-1.7799193704720063e-05,2.391341875716951e-13,0.0,0.0,9.565367502867805e-13,18607955.94021615,resolved
B,H4,yoshida4,controlled_q0.010_phi3.141592653590,1,0.25,0.25,0.9999999999830125,-4.3068518950942645e-06,0.999999999992287,-4.306851895140798e-06,-4.306851895140798e-06,0,-1.7227407580377058e-05,-1.7227407580563192e-05,2.391341875716951e-13,0.0,0.0,9.565367502867805e-13,18010188.918734264,resolved
B,H4,yoshida4,controlled_q0.010_phi4.712388980385,1,0.25,0.25,0.9999999999830085,-4.512224967915743e-06,0.9999999999931886,-4.512224967961789e-06,-4.512224967961789e-06,0,-1.804889987166297e-05,-1.8048899871847157e-05,2.391341875716951e-13,0.0,0.0,9.565367502867805e-13,18869008.290848948,resolved
B,H4,yoshida4,controlled_q0.050_phi0.000000000000,1,0.25,0.25,0.9999999999831508,-4.6247705621195705e-06,0.999999999993845,-4.624770562164522e-06,-4.624770562164522e-06,0,-1.8499082248478282e-05,-1.8499082248658087e-05,2.391341875716951e-13,0.0,0.0,9.565367502867805e-13,19339646.117027964,resolved
B,H4,yoshida4,controlled_q0.050_phi1.570796326795,1,0.25,0.25,0.9999999999831589,-4.174915399749943e-06,0.9999999999918738,-4.174915399795997e-06,-4.174915399795997e-06,0,-1.669966159899977e-05,-1.6699661599183987e-05,2.391341875716951e-13,0.0,0.0,9.565367502867805e-13,17458463.14215635,resolved
B,H4,yoshida4,controlled_q0.050_phi3.141592653590,1,0.25,0.25,0.9999999999833096,-3.861801153332008e-06,0.9999999999907663,-3.861801153377266e-06,-3.861801153377266e-06,0,-1.5447204613328034e-05,-1.5447204613509065e-05,2.391341875716951e-13,0.0,0.0,9.565367502867805e-13,16149096.84201552,resolved
B,H4,yoshida4,controlled_q0.050_phi4.712388980385,1,0.25,0.25,0.9999999999833009,-4.311656315701337e-06,0.9999999999925961,-4.3116563157466195e-06,-4.3116563157466195e-06,0,-1.724662526280535e-05,-1.7246625262986478e-05,2.391341875716951e-13,0.0,0.0,9.565367502867805e-13,18030279.81688588,resolved
B,H4,yoshida4,rhf,1,0.275,0.275,0.9999999999612957,-5.596023239073933e-06,0.9999999999769534,-5.596023239232109e-06,-5.596023239232109e-06,0,-2.03491754148143e-05,-2.0349175415389484e-05,2.399664845957066e-13,0.0,0.0,8.726053985298421e-13,23320020.079062555,resolved
B,H4,yoshida4,cisd,1,0.275,0.275,0.9999999999558677,-7.2218375602746885e-06,0.9999999999819452,-7.221837560467853e-06,-7.221837560467853e-06,0,-2.6261227491907956e-05,-2.626122749261037e-05,2.399664845957066e-13,0.0,0.0,8.726053985298421e-13,30095192.55341835,resolved
B,H4,yoshida4,controlled_q0.001_phi0.000000000000,1,0.275,0.275,0.9999999999558178,-7.3715460269135966e-06,0.9999999999829876,-7.3715460271057655e-06,-7.3715460271057655e-06,0,-2.680562191604944e-05,-2.6805621916748235e-05,2.399664845957066e-13,0.0,0.0,8.726053985298421e-13,30719064.95331259,resolved
B,H4,yoshida4,controlled_q0.001_phi1.570796326795,1,0.275,0.275,0.9999999999558224,-7.26480838589413e-06,0.9999999999822111,-7.264808386087266e-06,-7.264808386087266e-06,0,-2.6417485039615017e-05,-2.6417485040317326e-05,2.399664845957066e-13,0.0,0.0,8.726053985298421e-13,30274262.666862898,resolved
B,H4,yoshida4,controlled_q0.001_phi3.141592653590,1,0.275,0.275,0.9999999999558843,-7.19335310549168e-06,0.9999999999817565,-7.193353105684948e-06,-7.193353105684948e-06,0,-2.615764765633338e-05,-2.6157647657036173e-05,2.399664845957066e-13,0.0,0.0,8.726053985298421e-13,29976490.748743422,resolved
B,H4,yoshida4,controlled_q0.001_phi4.712388980385,1,0.275,0.275,0.9999999999558796,-7.300090746512099e-06,0.9999999999825253,-7.300090746704504e-06,-7.300090746704504e-06,0,-2.6545784532771268e-05,-2.6545784533470924e-05,2.399664845957066e-13,0.0,0.0,8.726053985298421e-13,30421293.03519709,resolved
B,H4,yoshida4,controlled_q0.010_phi0.000000000000,1,0.275,0.275,0.999999999955895,-7.47695843591496e-06,0.9999999999838474,-7.476958436105398e-06,-7.476958436105398e-06,0,-2.718893976696349e-05,-2.7188939767655992e-05,2.399664845957066e-13,0.0,0.0,8.726053985298421e-13,31158344.66847349,resolved
B,H4,yoshida4,controlled_q0.010_phi1.570796326795,1,0.275,0.275,0.9999999999559087,-7.140948241792476e-06,0.9999999999814053,-7.14094824198595e-06,-7.14094824198595e-06,0,-2.5967084515609003e-05,-2.5967084516312545e-05,2.399664845957066e-13,0.0,0.0,8.726053985298421e-13,29758106.65319985,resolved
B,H4,yoshida4,controlled_q0.010_phi3.141592653590,1,0.275,0.275,0.999999999956103,-6.9160069520132e-06,0.9999999999800185,-6.9160069522065254e-06,-6.9160069522065254e-06,0,-2.514911618913891e-05,-2.514911618984191e-05,2.399664845957066e-13,0.0,0.0,8.726053985298421e-13,28820720.37545255,resolved
B,H4,yoshida4,controlled_q0.010_phi4.712388980385,1,0.275,0.275,0.9999999999560889,-7.252017146137067e-06,0.9999999999823848,-7.252017146328379e-06,-7.252017146328379e-06,0,-2.6370971440498423e-05,-2.63709714411941e-05,2.399664845957066e-13,0.0,0.0,8.726053985298421e-13,30220958.390731946,resolved
B,H4,yoshida4,controlled_q0.050_phi0.000000000000,1,0.275,0.275,0.999999999956428,-7.428769943228626e-06,0.9999999999840212,-7.428769943415657e-06,-7.428769943415657e-06,0,-2.7013708884467728e-05,-2.701370888514784e-05,2.399664845957066e-13,0.0,0.0,8.726053985298421e-13,30957531.23918347,resolved
B,H4,yoshida4,controlled_q0.050_phi1.570796326795,1,0.275,0.275,0.9999999999564585,-6.6927634241684825e-06,0.999999999978855,-6.692763424359965e-06,-6.692763424359965e-06,0,-2.4337321542430842e-05,-2.4337321543127144e-05,2.399664845957066e-13,0.0,0.0,8.726053985298421e-13,27890409.093771536,resolved
B,H4,yoshida4,controlled_q0.050_phi3.141592653590,1,0.275,0.275,0.9999999999568836,-6.200045469245674e-06,0.9999999999761039,-6.200045469433553e-06,-6.200045469433553e-06,0,-2.2545619888166085e-05,-2.2545619888849282e-05,2.399664845957066e-13,0.0,0.0,8.726053985298421e-13,25837130.87972037,resolved
B,H4,yoshida4,controlled_q0.050_phi4.712388980385,1,0.275,0.275,0.999999999956853,-6.936051988301606e-06,0.9999999999809074,-6.936051988489647e-06,-6.936051988489647e-06,0,-2.5222007230187657e-05,-2.5222007230871443e-05,2.399664845957066e-13,0.0,0.0,8.726053985298421e-13,28904253.025114756,resolved
B,H4,yoshida4,rhf,1,0.3,0.3,0.9999999999079465,-8.621540082021095e-06,0.999999999945112,-8.621540082601121e-06,-8.621540082601121e-06,0,-2.8738466940070317e-05,-2.8738466942003738e-05,2.390118482420291e-13,0.0,0.0,7.967061608067638e-13,36071601.24250709,resolved
B,H4,yoshida4,cisd,1,0.3,0.3,0.9999999998950528,-1.1123633968748665e-05,0.9999999999569205,-1.1123633969457264e-05,-1.1123633969457264e-05,0,-3.7078779895828886e-05,-3.707877989819088e-05,2.390118482420291e-13,0.0,0.0,7.967061608067638e-13,46540094.35333351,resolved
B,H4,yoshida4,controlled_q0.001_phi0.000000000000,1,0.3,0.3,0.9999999998949198,-1.1354926811593707e-05,0.999999999959387,-1.135492681229887e-05,-1.135492681229887e-05,0,-3.784975603864569e-05,-3.7849756040996236e-05,2.390118482420291e-13,0.0,0.0,7.967061608067638e-13,47507798.86064659,resolved
B,H4,yoshida4,controlled_q0.001_phi1.570796326795,1,0.3,0.3,0.999999999894935,-1.1187413123078457e-05,0.9999999999575141,-1.1187413123787131e-05,-1.1187413123787131e-05,0,-3.7291377076928193e-05,-3.729137707929044e-05,2.390118482420291e-13,0.0,0.0,7.967061608067638e-13,46806939.51100623,resolved
B,H4,yoshida4,controlled_q0.001_phi3.141592653590,1,0.3,0.3,0.9999999998950946,-1.107964415026673e-05,0.9999999999564738,-1.1079644150975671e-05,-1.1079644150975671e-05,0,-3.693214716755577e-05,-3.69321471699189e-05,2.390118482420291e-13,0.0,0.0,7.967061608067638e-13,46356045.659490556,resolved
B,H4,yoshida4,controlled_q0.001_phi4.712388980385,1,0.3,0.3,0.9999999998950793,-1.1247157838781795e-05,0.9999999999583286,-1.1247157839487605e-05,-1.1247157839487605e-05,0,-3.749052612927265e-05,-3.749052613162535e-05,2.390118482420291e-13,0.0,0.0,7.967061608067638e-13,47056905.00913015,resolved
B,H4,yoshida4,controlled_q0.010_phi0.000000000000,1,0.3,0.3,0.9999999998950848,-1.1518055489596173e-05,0.9999999999614176,-1.1518055490295243e-05,-1.1518055490295243e-05,0,-3.839351829865391e-05,-3.8393518300984146e-05,2.390118482420291e-13,0.0,0.0,7.967061608067638e-13,48190311.795475155,resolved
B,H4,yoshida4,controlled_q0.010_phi1.570796326795,1,0.3,0.3,0.9999999998951318,-1.0990722240911827e-05,0.9999999999555298,-1.0990722241621859e-05,-1.0990722241621859e-05,0,-3.6635740803039426e-05,-3.66357408054062e-05,2.390118482420291e-13,0.0,0.0,7.967061608067638e-13,45984005.9049389,resolved
B,H4,yoshida4,controlled_q0.010_phi3.141592653590,1,0.3,0.3,0.9999999998956337,-1.0651465413337395e-05,0.9999999999523606,-1.0651465414046232e-05,-1.0651465414046232e-05,0,-3.550488471112465e-05,-3.5504884713487445e-05,2.390118482420291e-13,0.0,0.0,7.967061608067638e-13,44564591.637111925,resolved
B,H4,yoshida4,controlled_q0.010_phi4.712388980385,1,0.3,0.3,0.9999999998955862,-1.1178798662024245e-05,0.999999999958069,-1.1178798662725812e-05,-1.1178798662725812e-05,0,-3.726266220674748e-05,-3.726266220908604e-05,2.390118482420291e-13,0.0,0.0,7.967061608067638e-13,46770897.52765865,resolved
B,H4,yoshida4,controlled_q0.050_phi0.000000000000,1,0.3,0.3,0.9999999998963225,-1.1444862396337262e-05,0.9999999999618149,-1.1444862397024136e-05,-1.1444862397024136e-05,0,-3.814954132112421e-05,-3.814954132341379e-05,2.390118482420291e-13,0.0,0.0,7.967061608067638e-13,47884079.72456629,resolved
B,H4,yoshida4,controlled_q0.050_phi1.570796326795,1,0.3,0.3,0.999999999896426,-1.0289776284257493e-05,0.9999999999493657,-1.0289776284960088e-05,-1.0289776284960088e-05,0,-3.429925428085831e-05,-3.4299254283200295e-05,2.390118482420291e-13,0.0,0.0,7.967061608067638e-13,43051323.019927524,resolved
B,H4,yoshida4,controlled_q0.050_phi3.141592653590,1,0.3,0.3,0.9999999998975247,-9.546658244699089e-06,0.9999999999430941,-9.546658245387362e-06,-9.546658245387362e-06,0,-3.182219414899696e-05,-3.182219415129121e-05,2.390118482420291e-13,0.0,0.0,7.967061608067638e-13,39942196.652242586,resolved
B,H4,yoshida4,controlled_q0.050_phi4.712388980385,1,0.3,0.3,0.9999999998974212,-1.0701744356779452e-05,0.9999999999546848,-1.0701744357468678e-05,-1.0701744357468678e-05,0,-3.5672481189264846e-05,-3.567248119156226e-05,2.390118482420291e-13,0.0,0.0,7.967061608067638e-13,44774953.356883846,resolved
B,H4,yoshida4,rhf,1,0.35,0.35,0.9999999995734923,-1.8515195170765164e-05,0.9999999997448985,-1.8515195176546293e-05,-1.8515195176546293e-05,0,-5.2900557630757615e-05,-5.290055764727512e-05,2.3601620197736e-13,0.0,0.0,6.743320056496001e-13,78448831.12109923,resolved
B,H4,yoshida4,cisd,1,0.35,0.35,0.9999999995139447,-2.387470762906561e-05,0.9999999997989455,-2.387470763613383e-05,-2.387470763613383e-05,0,-6.82134503687589e-05,-6.821345038895381e-05,2.3601620197736e-13,0.0,0.0,6.743320056496001e-13,101157070.69701852,resolved
B,H4,yoshida4,controlled_q0.001_phi0.000000000000,1,0.35,0.35,0.9999999995131786,-2.4374385503071e-05,0.999999999810234,-2.4374385510109947e-05,-2.4374385510109947e-05,0,-6.964110143734573e-05,-6.9641101457457e-05,2.3601620197736e-13,0.0,0.0,6.743320056496001e-13,103274204.47774652,resolved
B,H4,yoshida4,controlled_q0.001_phi1.570796326795,1,0.35,0.35,0.9999999995133056,-2.4000972239469854e-05,0.999999999801329,-2.400097224654243e-05,-2.400097224654243e-05,0,-6.85742063984853e-05,-6.857420641869266e-05,2.3601620197736e-13,0.0,0.0,6.743320056496001e-13,101692053.50475116,resolved
B,H4,yoshida4,controlled_q0.001_phi3.141592653590,1,0.35,0.35,0.9999999995141622,-2.377975227660921e-05,0.9999999997969005,-2.3779752283680015e-05,-2.3779752283680015e-05,0,-6.794214936174061e-05,-6.79421493819429e-05,2.3601620197736e-13,0.0,0.0,6.743320056496001e-13,100754745.12927844,resolved
B,H4,yoshida4,controlled_q0.001_phi4.712388980385,1,0.35,0.35,0.999999999514035,-2.4153165540211378e-05,0.9999999998057226,-2.4153165547252184e-05,-2.4153165547252184e-05,0,-6.900904440060394e-05,-6.900904442072052e-05,2.3601620197736e-13,0.0,0.0,6.743320056496001e-13,102336896.1022781,resolved
B,H4,yoshida4,controlled_q0.010_phi0.000000000000,1,0.35,0.35,0.9999999995137594,-2.4728034646061066e-05,0.9999999998194973,-2.4728034653044643e-05,-2.4728034653044643e-05,0,-7.065152756017447e-05,-7.065152758012756e-05,2.3601620197736e-13,0.0,0.0,6.743320056496001e-13,104772614.92595798,resolved
B,H4,yoshida4,controlled_q0.010_phi1.570796326795,1,0.35,0.35,0.9999999995141585,-2.3552529341726303e-05,0.9999999997915193,-2.3552529348814064e-05,-2.3552529348814064e-05,0,-6.729294097636087e-05,-6.729294099661161e-05,2.3601620197736e-13,0.0,0.0,6.743320056496001e-13,99792002.17782333,resolved
B,H4,yoshida4,controlled_q0.010_phi3.141592653590,1,0.35,0.35,0.9999999995168541,-2.28561286909909e-05,0.9999999997780554,-2.2856128698053712e-05,-2.2856128698053712e-05,0,-6.530322483140258e-05,-6.530322485158204e-05,2.3601620197736e-13,0.0,0.0,6.743320056496001e-13,96841354.53202228,resolved
B,H4,yoshida4,controlled_q0.010_phi4.712388980385,1,0.35,0.35,0.9999999995164547,-2.4031633995324868e-05,0.9999999998052144,-2.4031634002319005e-05,-2.4031634002319005e-05,0,-6.866181141521391e-05,-6.866181143519716e-05,2.3601620197736e-13,0.0,0.0,6.743320056496001e-13,101821967.28015356,resolved
B,H4,yoshida4,controlled_q0.050_phi0.000000000000,1,0.35,0.35,0.9999999995191895,-2.457561046754063e-05,0.9999999998211698,-2.4575610474409276e-05,-2.4575610474409276e-05,0,-7.021602990725895e-05,-7.021602992688365e-05,2.3601620197736e-13,0.0,0.0,6.743320056496001e-13,104126794.09991547,resolved
B,H4,yoshida4,controlled_q0.050_phi1.570796326795,1,0.35,0.35,0.9999999995200639,-2.2000749399906164e-05,0.9999999997620804,-2.2000749406915422e-05,-2.2000749406915422e-05,0,-6.28592839997319e-05,-6.285928401975836e-05,2.3601620197736e-13,0.0,0.0,6.743320056496001e-13,93217114.82339926,resolved
B,H4,yoshida4,controlled_q0.050_phi3.141592653590,1,0.35,0.35,0.9999999995259679,-2.0475333124496903e-05,0.9999999997355875,-2.0475333131341516e-05,-2.0475333131341516e-05,0,-5.850095178427687e-05,-5.8500951803832905e-05,2.3601620197736e-13,0.0,0.0,6.743320056496001e-13,86753930.2511995,resolved
B,H4,yoshida4,controlled_q0.050_phi4.712388980385,1,0.35,0.35,0.9999999995250933,-2.3050194192136483e-05,0.999999999790749,-2.3050194199000896e-05,-2.3050194199000896e-05,0,-6.585769769181853e-05,-6.585769771143114e-05,2.3601620197736e-13,0.0,0.0,6.743320056496001e-13,97663609.52773736,resolved
B,H4,yoshida4,rhf,1,0.4,0.4,0.9999999983941017,-3.583278457380823e-05,0.9999999990360959,-3.5832784616015746e-05,-3.5832784616015746e-05,0,-8.958196143452057e-05,-8.958196154003936e-05,2.399057712909183e-13,0.0,0.0,5.997644282272957e-13,149361911.47463524,resolved
B,H4,yoshida4,cisd,1,0.4,0.4,0.9999999981707604,-4.6172107849350135e-05,0.9999999992366921,-4.617210790099911e-05,-4.617210790099911e-05,0,-0.00011543026962337533,-0.00011543026975249776,2.399057712909183e-13,0.0,0.0,5.997644282272957e-13,192459346.02115172,resolved
B,H4,yoshida4,controlled_q0.001_phi0.000000000000,1,0.4,0.4,0.9999999981672398,-4.714522531881957e-05,0.999999999278576,-4.7145225370295997e-05,-4.7145225370295997e-05,0,-0.00011786306329704891,-0.00011786306342573998,2.399057712909183e-13,0.0,0.0,5.997644282272957e-13,196515594.70676336,resolved
B,H4,yoshida4,controlled_q0.001_phi1.570796326795,1,0.4,0.4,0.9999999981680151,-4.639481106739744e-05,0.9999999992442543,-4.639481111910409e-05,-4.639481111910409e-05,0,-0.0001159870276684936,-0.00011598702779776021,2.399057712909183e-13,0.0,0.0,5.997644282272957e-13,193387640.5630002,resolved
B,H4,yoshida4,controlled_q0.001_phi3.141592653590,1,0.4,0.4,0.9999999981716794,-4.598734083876365e-05,0.9999999992290971,-4.59873408904247e-05,-4.59873408904247e-05,0,-0.00011496835209690912,-0.00011496835222606174,2.399057712909183e-13,0.0,0.0,5.997644282272957e-13,191689181.09517992,resolved
B,H4,yoshida4,controlled_q0.001_phi4.712388980385,1,0.4,0.4,0.9999999981709042,-4.673775509018616e-05,0.9999999992631131,-4.6737755141642396e-05,-4.6737755141642396e-05,0,-0.0001168443877254654,-0.00011684438785410599,2.399057712909183e-13,0.0,0.0,5.997644282272957e-13,194817135.23894468,resolved
B,H4,yoshida4,controlled_q0.010_phi0.000000000000,1,0.4,0.4,0.999999998168655,-4.783641197328495e-05,0.9999999993128162,-4.783641202440154e-05,-4.783641202440154e-05,0,-0.00011959102993321236,-0.00011959103006100386,2.399057712909183e-13,0.0,0.0,5.997644282272957e-13,199396670.2671642,resolved
B,H4,yoshida4,controlled_q0.010_phi1.570796326795,1,0.4,0.4,0.9999999981710951,-4.547410720540969e-05,0.9999999992050423,-4.547410725723229e-05,-4.547410725723229e-05,0,-0.00011368526801352422,-0.00011368526814308072,2.399057712909183e-13,0.0,0.0,5.997644282272957e-13,189549867.68645164,resolved
B,H4,yoshida4,controlled_q0.010_phi3.141592653590,1,0.4,0.4,0.99999999818263,-4.4191390543189596e-05,0.9999999991590695,-4.419139059473489e-05,-4.419139059473489e-05,0,-0.00011047847635797399,-0.00011047847648683722,2.399057712909183e-13,0.0,0.0,5.997644282272957e-13,184203115.68745688,resolved
B,H4,yoshida4,controlled_q0.010_phi4.712388980385,1,0.4,0.4,0.9999999981801897,-4.655369531106346e-05,0.999999999263813,-4.655369536215124e-05,-4.655369536215124e-05,0,-0.00011638423827765865,-0.0001163842384053781,2.399057712909183e-13,0.0,0.0,5.997644282272957e-13,194049918.26816365,resolved
B,H4,yoshida4,controlled_q0.050_phi0.000000000000,1,0.4,0.4,0.9999999981878166,-4.755095151480211e-05,0.9999999993183631,-4.755095156513411e-05,-4.755095156513411e-05,0,-0.00011887737878700527,-0.00011887737891283528,2.399057712909183e-13,0.0,0.0,5.997644282272957e-13,198206784.51766017,resolved
B,H4,yoshida4,controlled_q0.050_phi1.570796326795,1,0.4,0.4,0.9999999981931613,-4.2376490324140884e-05,0.9999999990910448,-4.2376490375342263e-05,-4.2376490375342263e-05,0,-0.00010594122581035221,-0.00010594122593835565,2.399057712909183e-13,0.0,0.0,5.997644282272957e-13,176638061.25261423,resolved
B,H4,yoshida4,controlled_q0.050_phi3.141592653590,1,0.4,0.4,0.9999999982184276,-3.9566790374522693e-05,0.999999999001193,-3.956679042436612e-05,-3.956679042436612e-05,0,-9.891697593630673e-05,-9.891697606091529e-05,2.399057712909183e-13,0.0,0.0,5.997644282272957e-13,164926379.8933065,resolved
B,H4,yoshida4,controlled_q0.050_phi4.712388980385,1,0.4,0.4,0.9999999982130822,-4.4741251565181064e-05,0.999999999213972,-4.474125161527596e-05,-4.474125161527596e-05,0,-0.00011185312891295266,-0.0001118531290381899,2.399057712909183e-13,0.0,0.0,5.997644282272957e-13,186495103.15834057,resolved
B,H4,current_m3,rhf,-1,0.1,-0.1,0.999999999999996,4.93054957972916e-10,0.999999999999996,4.93054957972918e-10,4.93054957972918e-10,0,-4.93054957972916e-09,-4.930549579729179e-09,5.594637135915295e-13,0.0,0.0,5.5946371359152945e-12,881.2992621231924,resolved
B,H4,current_m3,cisd,-1,0.1,-0.1,0.9999999999999992,1.3585146699040463e-10,0.9999999999999992,1.3585146699040473e-10,1.3585146699040473e-10,0,-1.3585146699040462e-09,-1.3585146699040473e-09,5.594637135915295e-13,0.0,0.0,5.5946371359152945e-12,242.82444721623403,resolved
B,H4,current_m3,controlled_q0.001_phi0.000000000000,-1,0.1,-0.1,0.9999999999999988,1.1733680638759655e-10,0.9999999999999988,1.173368063875967e-10,1.173368063875967e-10,0,-1.1733680638759654e-09,-1.173368063875967e-09,5.594637135915295e-13,0.0,0.0,5.5946371359152945e-12,209.73086106754266,resolved
B,H4,current_m3,controlled_q0.001_phi1.570796326795,-1,0.1,-0.1,0.999999999999999,1.2781940588423024e-10,0.999999999999999,1.2781940588423037e-10,1.2781940588423037e-10,0,-1.2781940588423024e-09,-1.2781940588423037e-09,5.594637135915295e-13,0.0,0.0,5.5946371359152945e-12,228.46773218531305,resolved
B,H4,current_m3,controlled_q0.001_phi3.141592653590,-1,0.1,-0.1,0.9999999999999993,1.3824768899276074e-10,0.9999999999999993,1.3824768899276084e-10,1.3824768899276084e-10,0,-1.3824768899276074e-09,-1.3824768899276084e-09,5.594637135915295e-13,0.0,0.0,5.5946371359152945e-12,247.10751677757045,resolved
B,H4,current_m3,controlled_q0.001_phi4.712388980385,-1,0.1,-0.1,0.999999999999999,1.2776508930695263e-10,0.999999999999999,1.2776508930695276e-10,1.2776508930695276e-10,0,-1.2776508930695263e-09,-1.2776508930695275e-09,5.594637135915295e-13,0.0,0.0,5.5946371359152945e-12,228.3706453216648,resolved
B,H4,current_m3,controlled_q0.010_phi0.000000000000,-1,0.1,-0.1,0.9999999999999991,8.67212440342667e-11,0.9999999999999991,8.672124403426678e-11,8.672124403426678e-11,0,-8.67212440342667e-10,-8.672124403426677e-10,5.594637135915295e-13,0.0,0.0,5.5946371359152945e-12,155.00780824113076,resolved
B,H4,current_m3,controlled_q0.010_phi1.570796326795,-1,0.1,-0.1,0.9999999999999988,1.1972047919001083e-10,0.9999999999999988,1.1972047919001099e-10,1.1972047919001099e-10,0,-1.1972047919001083e-09,-1.1972047919001098e-09,5.594637135915295e-13,0.0,0.0,5.5946371359152945e-12,213.99149986234863,resolved
B,H4,current_m3,controlled_q0.010_phi3.141592653590,-1,0.1,-0.1,0.9999999999999997,1.5254872210388342e-10,0.9999999999999997,1.5254872210388347e-10,1.5254872210388347e-10,0,-1.525487221038834e-09,-1.5254872210388347e-09,5.594637135915295e-13,0.0,0.0,5.5946371359152945e-12,272.6695555008969,resolved
B,H4,current_m3,controlled_q0.010_phi4.712388980385,-1,0.1,-0.1,0.9999999999999992,1.1954948923170727e-10,0.9999999999999992,1.1954948923170738e-10,1.1954948923170738e-10,0,-1.1954948923170727e-09,-1.1954948923170738e-09,5.594637135915295e-13,0.0,0.0,5.5946371359152945e-12,213.68586796138786,resolved
B,H4,current_m3,controlled_q0.050_phi0.000000000000,-1,0.1,-0.1,0.9999999999999994,1.1285260699362008e-11,0.9999999999999994,1.1285260699362014e-11,1.1285260699362014e-11,0,-1.1285260699362007e-10,-1.1285260699362014e-10,5.594637135915295e-13,0.0,0.0,5.5946371359152945e-12,20.17156863832191,marginal
B,H4,current_m3,controlled_q0.050_phi1.570796326795,-1,0.1,-0.1,0.9999999999999991,8.356774473805562e-11,0.9999999999999991,8.356774473805569e-11,8.356774473805569e-11,0,-8.356774473805562e-10,-8.356774473805569e-10,5.594637135915295e-13,0.0,0.0,5.5946371359152945e-12,149.37116153894002,resolved
B,H4,current_m3,controlled_q0.050_phi3.141592653590,-1,0.1,-0.1,1.0000000000000002,1.5547568658453395e-10,1.0000000000000002,1.5547568658453392e-10,1.5547568658453392e-10,0,-1.5547568658453394e-09,-1.5547568658453392e-09,5.594637135915295e-13,0.0,0.0,5.5946371359152945e-12,277.9012879788812,resolved
B,H4,current_m3,controlled_q0.050_phi4.712388980385,-1,0.1,-0.1,0.9999999999999998,8.319320232708094e-11,0.9999999999999998,8.319320232708095e-11,8.319320232708095e-11,0,-8.319320232708094e-10,-8.319320232708095e-10,5.594637135915295e-13,0.0,0.0,5.5946371359152945e-12,148.70169468724688,resolved
B,H4,current_m3,rhf,-1,0.125,-0.125,0.9999999999999952,1.5014001986113357e-09,0.9999999999999952,1.501400198611343e-09,1.501400198611343e-09,0,-1.2011201588890685e-08,-1.2011201588890743e-08,5.61761123426081e-13,0.0,0.0,4.494088987408648e-12,2672.666612197304,resolved
B,H4,current_m3,cisd,-1,0.125,-0.125,0.999999999999999,4.1460482874230905e-10,0.999999999999999,4.1460482874230947e-10,4.1460482874230947e-10,0,-3.3168386299384724e-09,-3.3168386299384757e-09,5.61761123426081e-13,0.0,0.0,4.494088987408648e-12,738.0447158993632,resolved
B,H4,current_m3,controlled_q0.001_phi0.000000000000,-1,0.125,-0.125,0.9999999999999987,3.578896032609371e-10,0.9999999999999987,3.578896032609376e-10,3.578896032609376e-10,0,-2.863116826087497e-09,-2.8631168260875007e-09,5.61761123426081e-13,0.0,0.0,4.494088987408648e-12,637.08503194068,resolved
B,H4,current_m3,controlled_q0.001_phi1.570796326795,-1,0.125,-0.125,0.9999999999999989,3.9001090399760907e-10,0.9999999999999989,3.900109039976095e-10,3.900109039976095e-10,0,-3.1200872319808726e-09,-3.120087231980876e-09,5.61761123426081e-13,0.0,0.0,4.494088987408648e-12,694.2646753819524,resolved
B,H4,current_m3,controlled_q0.001_phi3.141592653590,-1,0.125,-0.125,0.999999999999999,4.219535966852541e-10,0.999999999999999,4.219535966852545e-10,4.219535966852545e-10,0,-3.375628773482033e-09,-3.375628773482036e-09,5.61761123426081e-13,0.0,0.0,4.494088987408648e-12,751.1263757659738,resolved
B,H4,current_m3,controlled_q0.001_phi4.712388980385,-1,0.125,-0.125,0.999999999999999,3.898322955674799e-10,0.999999999999999,3.898322955674803e-10,3.898322955674803e-10,0,-3.118658364539839e-09,-3.1186583645398424e-09,5.61761123426081e-13,0.0,0.0,4.494088987408648e-12,693.946731646295,resolved
B,H4,current_m3,controlled_q0.010_phi0.000000000000,-1,0.125,-0.125,0.9999999999999989,2.642390607373098e-10,0.9999999999999989,2.642390607373101e-10,2.642390607373101e-10,0,-2.113912485898478e-09,-2.1139124858984807e-09,5.61761123426081e-13,0.0,0.0,4.494088987408648e-12,470.37619678229566,resolved
B,H4,current_m3,controlled_q0.010_phi1.570796326795,-1,0.125,-0.125,0.9999999999999988,3.6535694521860895e-10,0.9999999999999988,3.653569452186094e-10,3.653569452186094e-10,0,-2.9228555617488716e-09,-2.9228555617488753e-09,5.61761123426081e-13,0.0,0.0,4.494088987408648e-12,650.3777673156911,resolved
B,H4,current_m3,controlled_q0.010_phi3.141592653590,-1,0.125,-0.125,0.9999999999999993,4.659125721724434e-10,0.9999999999999993,4.659125721724437e-10,4.659125721724437e-10,0,-3.7273005773795475e-09,-3.72730057737955e-09,5.61761123426081e-13,0.0,0.0,4.494088987408648e-12,829.3784541922831,resolved
B,H4,current_m3,controlled_q0.010_phi4.712388980385,-1,0.125,-0.125,0.9999999999999992,3.6479468404349014e-10,0.9999999999999992,3.647946840434904e-10,3.647946840434904e-10,0,-2.918357472347921e-09,-2.918357472347923e-09,5.61761123426081e-13,0.0,0.0,4.494088987408648e-12,649.3768771656399,resolved
B,H4,current_m3,controlled_q0.050_phi0.000000000000,-1,0.125,-0.125,0.999999999999999,3.377434426875161e-11,0.999999999999999,3.3774344268751644e-11,3.3774344268751644e-11,0,-2.701947541500129e-10,-2.7019475415001315e-10,5.61761123426081e-13,0.0,0.0,4.494088987408648e-12,60.12225278739102,marginal
B,H4,current_m3,controlled_q0.050_phi1.570796326795,-1,0.125,-0.125,0.9999999999999989,2.55265907370128e-10,0.9999999999999989,2.5526590737012826e-10,2.5526590737012826e-10,0,-2.042127258961024e-09,-2.042127258961026e-09,5.61761123426081e-13,0.0,0.0,4.494088987408648e-12,454.4029423277045,resolved
B,H4,current_m3,controlled_q0.050_phi3.141592653590,-1,0.125,-0.125,1.0,4.755258795901676e-10,1.0,4.755258795901676e-10,4.755258795901676e-10,0,-3.804207036721341e-09,-3.804207036721341e-09,5.61761123426081e-13,0.0,0.0,4.494088987408648e-12,846.4912571557462,resolved
B,H4,current_m3,controlled_q0.050_phi4.712388980385,-1,0.125,-0.125,0.9999999999999996,2.5403432135640003e-10,0.9999999999999996,2.5403432135640013e-10,2.5403432135640013e-10,0,-2.0322745708512002e-09,-2.032274570851201e-09,5.61761123426081e-13,0.0,0.0,4.494088987408648e-12,452.2105762803413,resolved
B,H4,current_m3,rhf,-1,0.15,-0.15,0.9999999999999936,3.725993402703409e-09,0.9999999999999936,3.725993402703433e-09,3.725993402703433e-09,0,-2.483995601802273e-08,-2.4839956018022888e-08,5.607048516963514e-13,0.0,0.0,3.738032344642343e-12,6645.195580938567,resolved
B,H4,current_m3,cisd,-1,0.15,-0.15,0.9999999999999973,1.0317259874982665e-09,0.9999999999999973,1.0317259874982692e-09,1.0317259874982692e-09,0,-6.878173249988444e-09,-6.878173249988462e-09,5.607048516963514e-13,0.0,0.0,3.738032344642343e-12,1840.0518282959245,resolved
B,H4,current_m3,controlled_q0.001_phi0.000000000000,-1,0.15,-0.15,0.9999999999999969,8.899567680123358e-10,0.9999999999999969,8.899567680123386e-10,8.899567680123386e-10,0,-5.933045120082239e-09,-5.933045120082257e-09,5.607048516963514e-13,0.0,0.0,3.738032344642343e-12,1587.2107496838464,resolved
B,H4,current_m3,controlled_q0.001_phi1.570796326795,-1,0.15,-0.15,0.999999999999997,9.702540205731164e-10,0.999999999999997,9.702540205731193e-10,9.702540205731193e-10,0,-6.4683601371541095e-09,-6.4683601371541285e-09,5.607048516963514e-13,0.0,0.0,3.738032344642343e-12,1730.4184503446306,resolved
B,H4,current_m3,controlled_q0.001_phi3.141592653590,-1,0.15,-0.15,0.9999999999999974,1.0501211492169768e-09,0.9999999999999974,1.0501211492169795e-09,1.0501211492169795e-09,0,-7.000807661446512e-09,-7.00080766144653e-09,5.607048516963514e-13,0.0,0.0,3.738032344642343e-12,1872.85903811952,resolved
B,H4,current_m3,controlled_q0.001_phi4.712388980385,-1,0.15,-0.15,0.9999999999999971,9.698238965377692e-10,0.9999999999999971,9.698238965377721e-10,9.698238965377721e-10,0,-6.4654926435851285e-09,-6.4654926435851475e-09,5.607048516963514e-13,0.0,0.0,3.738032344642343e-12,1729.6513372475247,resolved
B,H4,current_m3,controlled_q0.010_phi0.000000000000,-1,0.15,-0.15,0.9999999999999972,6.562623237723829e-10,0.9999999999999972,6.562623237723848e-10,6.562623237723848e-10,0,-4.375082158482553e-09,-4.375082158482565e-09,5.607048516963514e-13,0.0,0.0,3.738032344642343e-12,1170.4238366886477,resolved
B,H4,current_m3,controlled_q0.010_phi1.570796326795,-1,0.15,-0.15,0.9999999999999969,9.090381485749033e-10,0.9999999999999969,9.090381485749061e-10,9.090381485749061e-10,0,-6.060254323832689e-09,-6.060254323832707e-09,5.607048516963514e-13,0.0,0.0,3.738032344642343e-12,1621.2418098839478,resolved
B,H4,current_m3,controlled_q0.010_phi3.141592653590,-1,0.15,-0.15,0.9999999999999976,1.1604599461471783e-09,0.9999999999999976,1.1604599461471812e-09,1.1604599461471812e-09,0,-7.73639964098119e-09,-7.736399640981208e-09,5.607048516963514e-13,0.0,0.0,3.738032344642343e-12,2069.644916815564,resolved
B,H4,current_m3,controlled_q0.010_phi4.712388980385,-1,0.15,-0.15,0.9999999999999973,9.076841197067087e-10,0.9999999999999973,9.076841197067111e-10,9.076841197067111e-10,0,-6.051227464711392e-09,-6.051227464711408e-09,5.607048516963514e-13,0.0,0.0,3.738032344642343e-12,1618.8269406990316,resolved
B,H4,current_m3,controlled_q0.050_phi0.000000000000,-1,0.15,-0.15,0.9999999999999973,8.203289320252351e-11,0.9999999999999973,8.203289320252373e-11,8.203289320252373e-11,0,-5.468859546834901e-10,-5.468859546834916e-10,5.607048516963514e-13,0.0,0.0,3.738032344642343e-12,146.3031628036425,resolved
B,H4,current_m3,controlled_q0.050_phi1.570796326795,-1,0.15,-0.15,0.9999999999999972,6.357204276885575e-10,0.9999999999999972,6.357204276885593e-10,6.357204276885593e-10,0,-4.238136184590384e-09,-4.238136184590395e-09,5.607048516963514e-13,0.0,0.0,3.738032344642343e-12,1133.78799160602,resolved
B,H4,current_m3,controlled_q0.050_phi3.141592653590,-1,0.15,-0.15,0.9999999999999983,1.1864420553403694e-09,0.9999999999999983,1.1864420553403714e-09,1.1864420553403714e-09,0,-7.909613702269129e-09,-7.909613702269144e-09,5.607048516963514e-13,0.0,0.0,3.738032344642343e-12,2115.9832160376677,resolved
B,H4,current_m3,controlled_q0.050_phi4.712388980385,-1,0.15,-0.15,0.9999999999999981,6.327545275935931e-10,0.9999999999999981,6.327545275935943e-10,6.327545275935943e-10,0,-4.218363517290621e-09,-4.218363517290629e-09,5.607048516963514e-13,0.0,0.0,3.738032344642343e-12,1128.4983992545513,resolved
B,H4,current_m3,rhf,-1,0.175,-0.175,0.9999999999999918,8.027921272191207e-09,0.9999999999999918,8.027921272191274e-09,8.027921272191274e-09,0,-4.5873835841092614e-08,-4.5873835841093e-08,5.618476461916515e-13,0.0,0.0,3.2105579782380087e-12,14288.430905791867,resolved
B,H4,current_m3,cisd,-1,0.175,-0.175,0.9999999999999956,2.230103940583782e-09,0.9999999999999956,2.230103940583792e-09,2.230103940583792e-09,0,-1.2743451089050184e-08,-1.274345108905024e-08,5.618476461916515e-13,0.0,0.0,3.2105579782380087e-12,3969.232505822535,resolved
B,H4,current_m3,controlled_q0.001_phi0.000000000000,-1,0.175,-0.175,0.9999999999999951,1.9220535565913266e-09,0.9999999999999951,1.922053556591336e-09,1.922053556591336e-09,0,-1.0983163180521867e-08,-1.098316318052192e-08,5.618476461916515e-13,0.0,0.0,3.2105579782380087e-12,3420.9515152719823,resolved
B,H4,current_m3,controlled_q0.001_phi1.570796326795,-1,0.175,-0.175,0.9999999999999952,2.096485775563914e-09,0.9999999999999952,2.0964857755639237e-09,2.0964857755639237e-09,0,-1.197991871750808e-08,-1.1979918717508136e-08,5.618476461916515e-13,0.0,0.0,3.2105579782380087e-12,3731.413292864064,resolved
B,H4,current_m3,controlled_q0.001_phi3.141592653590,-1,0.175,-0.175,0.9999999999999958,2.270139733695323e-09,0.9999999999999958,2.2701397336953326e-09,2.2701397336953326e-09,0,-1.2972227049687561e-08,-1.2972227049687616e-08,5.618476461916515e-13,0.0,0.0,3.2105579782380087e-12,4040.489889177105,resolved
B,H4,current_m3,controlled_q0.001_phi4.712388980385,-1,0.175,-0.175,0.9999999999999953,2.095707513994141e-09,0.9999999999999953,2.095707513994151e-09,2.095707513994151e-09,0,-1.197547150853795e-08,-1.1975471508538007e-08,5.618476461916515e-13,0.0,0.0,3.2105579782380087e-12,3730.028110288239,resolved
B,H4,current_m3,controlled_q0.010_phi0.000000000000,-1,0.175,-0.175,0.9999999999999956,1.415272221118725e-09,0.9999999999999956,1.4152722211187312e-09,1.4152722211187312e-09,0,-8.087269834964143e-09,-8.087269834964178e-09,5.618476461916515e-13,0.0,0.0,3.2105579782380087e-12,2518.960844121722,resolved
B,H4,current_m3,controlled_q0.010_phi1.570796326795,-1,0.175,-0.175,0.9999999999999953,1.964385011425651e-09,0.9999999999999953,1.9643850114256602e-09,1.9643850114256602e-09,0,-1.1225057208146579e-08,-1.122505720814663e-08,5.618476461916515e-13,0.0,0.0,3.2105579782380087e-12,3496.294813622092,resolved
B,H4,current_m3,controlled_q0.010_phi3.141592653590,-1,0.175,-0.175,0.9999999999999958,2.511047833382519e-09,0.9999999999999958,2.5110478333825297e-09,2.5110478333825297e-09,0,-1.4348844762185824e-08,-1.4348844762185885e-08,5.618476461916515e-13,0.0,0.0,3.2105579782380087e-12,4469.268226721337,resolved
B,H4,current_m3,controlled_q0.010_phi4.712388980385,-1,0.175,-0.175,0.9999999999999957,1.961935045848018e-09,0.9999999999999957,1.9619350458480265e-09,1.9619350458480265e-09,0,-1.1211057404845816e-08,-1.1211057404845866e-08,5.618476461916515e-13,0.0,0.0,3.2105579782380087e-12,3491.9342621554447,resolved
B,H4,current_m3,controlled_q0.050_phi0.000000000000,-1,0.175,-0.175,0.999999999999996,1.7222120081610246e-10,0.999999999999996,1.7222120081610316e-10,1.7222120081610316e-10,0,-9.841211475205855e-10,-9.841211475205895e-10,5.618476461916515e-13,0.0,0.0,3.2105579782380087e-12,306.5265147651009,resolved
B,H4,current_m3,controlled_q0.050_phi1.570796326795,-1,0.175,-0.175,0.9999999999999956,1.3750138579821103e-09,0.9999999999999956,1.3750138579821165e-09,1.3750138579821165e-09,0,-7.85722204561206e-09,-7.857222045612094e-09,5.618476461916515e-13,0.0,0.0,3.2105579782380087e-12,2447.3073213037546,resolved
B,H4,current_m3,controlled_q0.050_phi3.141592653590,-1,0.175,-0.175,0.9999999999999966,2.5724400279722348e-09,0.9999999999999966,2.5724400279722434e-09,2.5724400279722434e-09,0,-1.4699657302698486e-08,-1.4699657302698535e-08,5.618476461916515e-13,0.0,0.0,3.2105579782380087e-12,4578.536628940066,resolved
B,H4,current_m3,controlled_q0.050_phi4.712388980385,-1,0.175,-0.175,0.9999999999999966,1.36964737815215e-09,0.9999999999999966,1.3696473781521549e-09,1.3696473781521549e-09,0,-7.826556446583716e-09,-7.826556446583742e-09,5.618476461916515e-13,0.0,0.0,3.2105579782380087e-12,2437.755835475994,resolved
B,H4,current_m3,rhf,-1,0.2,-0.2,0.9999999999999907,1.5594700142340656e-08,0.9999999999999908,1.5594700142340802e-08,1.5594700142340802e-08,0,-7.797350071170328e-08,-7.797350071170401e-08,5.576885890779707e-13,0.0,0.0,2.7884429453898533e-12,27963.097054080758,resolved
B,H4,current_m3,cisd,-1,0.2,-0.2,0.9999999999999947,4.348246953434125e-09,0.9999999999999947,4.348246953434148e-09,4.348246953434148e-09,0,-2.1741234767170626e-08,-2.174123476717074e-08,5.576885890779707e-13,0.0,0.0,2.7884429453898533e-12,7796.908594854171,resolved
B,H4,current_m3,controlled_q0.001_phi0.000000000000,-1,0.2,-0.2,0.9999999999999942,3.744015974788408e-09,0.9999999999999942,3.7440159747884296e-09,3.7440159747884296e-09,0,-1.872007987394204e-08,-1.8720079873942145e-08,5.576885890779707e-13,0.0,0.0,2.7884429453898533e-12,6713.452719157134,resolved
B,H4,current_m3,controlled_q0.001_phi1.570796326795,-1,0.2,-0.2,0.9999999999999943,4.085942741051049e-09,0.9999999999999943,4.085942741051072e-09,4.085942741051072e-09,0,-2.0429713705255245e-08,-2.042971370525536e-08,5.576885890779707e-13,0.0,0.0,2.7884429453898533e-12,7326.566870959936,resolved
B,H4,current_m3,controlled_q0.001_phi3.141592653590,-1,0.2,-0.2,0.9999999999999947,4.426920241800221e-09,0.9999999999999947,4.4269202418002445e-09,4.4269202418002445e-09,0,-2.2134601209001106e-08,-2.2134601209001222e-08,5.576885890779707e-13,0.0,0.0,2.7884429453898533e-12,7937.978880147558,resolved
B,H4,current_m3,controlled_q0.001_phi4.712388980385,-1,0.2,-0.2,0.9999999999999946,4.084993475211504e-09,0.9999999999999946,4.0849934752115265e-09,4.0849934752115265e-09,0,-2.042496737605752e-08,-2.042496737605763e-08,5.576885890779707e-13,0.0,0.0,2.7884429453898533e-12,7324.864727760065,resolved
B,H4,current_m3,controlled_q0.010_phi0.000000000000,-1,0.2,-0.2,0.9999999999999946,2.752233351789752e-09,0.9999999999999946,2.752233351789767e-09,2.752233351789767e-09,0,-1.376116675894876e-08,-1.3761166758948835e-08,5.576885890779707e-13,0.0,0.0,2.7884429453898533e-12,4935.072019924297,resolved
B,H4,current_m3,controlled_q0.010_phi1.570796326795,-1,0.2,-0.2,0.9999999999999941,3.828619131798772e-09,0.9999999999999941,3.828619131798794e-09,3.828619131798794e-09,0,-1.9143095658993858e-08,-1.9143095658993968e-08,5.576885890779707e-13,0.0,0.0,2.7884429453898533e-12,6865.15594326333,resolved
B,H4,current_m3,controlled_q0.010_phi3.141592653590,-1,0.2,-0.2,0.9999999999999948,4.902016625369319e-09,0.9999999999999948,4.902016625369345e-09,4.902016625369345e-09,0,-2.4510083126846594e-08,-2.4510083126846723e-08,5.576885890779707e-13,0.0,0.0,2.7884429453898533e-12,8789.881524156424,resolved
B,H4,current_m3,controlled_q0.010_phi4.712388980385,-1,0.2,-0.2,0.9999999999999948,3.825630843362626e-09,0.9999999999999948,3.825630843362646e-09,3.825630843362646e-09,0,-1.912815421681313e-08,-1.912815421681323e-08,5.576885890779707e-13,0.0,0.0,2.7884429453898533e-12,6859.797597235333,resolved
B,H4,current_m3,controlled_q0.050_phi0.000000000000,-1,0.2,-0.2,0.9999999999999952,3.244593865915317e-10,0.9999999999999952,3.244593865915333e-10,3.244593865915333e-10,0,-1.6222969329576586e-09,-1.6222969329576662e-09,5.576885890779707e-13,0.0,0.0,2.7884429453898533e-12,581.7931242379588,resolved
B,H4,current_m3,controlled_q0.050_phi1.570796326795,-1,0.2,-0.2,0.9999999999999944,2.6822061655051854e-09,0.9999999999999944,2.6822061655052003e-09,2.6822061655052003e-09,0,-1.3411030827525927e-08,-1.3411030827526002e-08,5.576885890779707e-13,0.0,0.0,2.7884429453898533e-12,4809.505193462342,resolved
B,H4,current_m3,controlled_q0.050_phi3.141592653590,-1,0.2,-0.2,0.9999999999999954,5.033407304213961e-09,0.9999999999999954,5.033407304213984e-09,5.033407304213984e-09,0,-2.5167036521069805e-08,-2.516703652106992e-08,5.576885890779707e-13,0.0,0.0,2.7884429453898533e-12,9025.48017440292,resolved
B,H4,current_m3,controlled_q0.050_phi4.712388980385,-1,0.2,-0.2,0.9999999999999954,2.6756605282091117e-09,0.9999999999999954,2.6756605282091237e-09,2.6756605282091237e-09,0,-1.3378302641045559e-08,-1.3378302641045618e-08,5.576885890779707e-13,0.0,0.0,2.7884429453898533e-12,4797.76811039436,resolved
B,H4,current_m3,rhf,-1,0.225,-0.225,0.999999999999988,2.7985961326137954e-08,0.9999999999999885,2.798596132613828e-08,2.798596132613828e-08,0,-1.243820503383909e-07,-1.2438205033839237e-07,5.584125649683397e-13,0.0,0.0,2.4818336220815095e-12,50116.99786469647,resolved
B,H4,current_m3,cisd,-1,0.225,-0.225,0.999999999999992,7.836247539353382e-09,0.999999999999992,7.836247539353445e-09,7.836247539353445e-09,0,-3.482776684157058e-08,-3.4827766841570866e-08,5.584125649683397e-13,0.0,0.0,2.4818336220815095e-12,14033.078821923846,resolved
B,H4,current_m3,controlled_q0.001_phi0.000000000000,-1,0.225,-0.225,0.9999999999999917,6.740054603080712e-09,0.9999999999999917,6.740054603080768e-09,6.740054603080768e-09,0,-2.9955798235914275e-08,-2.995579823591453e-08,5.584125649683397e-13,0.0,0.0,2.4818336220815095e-12,12070.026761419405,resolved
B,H4,current_m3,controlled_q0.001_phi1.570796326795,-1,0.225,-0.225,0.9999999999999918,7.359726016554352e-09,0.9999999999999918,7.3597260165544125e-09,7.3597260165544125e-09,0,-3.270989340690823e-08,-3.27098934069085e-08,5.584125649683397e-13,0.0,0.0,2.4818336220815095e-12,13179.72853453186,resolved
B,H4,current_m3,controlled_q0.001_phi3.141592653590,-1,0.225,-0.225,0.9999999999999921,7.979267094291614e-09,0.9999999999999921,7.979267094291677e-09,7.979267094291677e-09,0,-3.546340930796273e-08,-3.546340930796301e-08,5.584125649683397e-13,0.0,0.0,2.4818336220815095e-12,14289.19690362629,resolved
B,H4,current_m3,controlled_q0.001_phi4.712388980385,-1,0.225,-0.225,0.999999999999992,7.35959568070807e-09,0.999999999999992,7.3595956807081285e-09,7.3595956807081285e-09,0,-3.270931413648031e-08,-3.270931413648057e-08,5.584125649683397e-13,0.0,0.0,2.4818336220815095e-12,13179.49513031702,resolved
B,H4,current_m3,controlled_q0.010_phi0.000000000000,-1,0.225,-0.225,0.9999999999999919,4.9453061467613345e-09,0.9999999999999919,4.945306146761374e-09,4.945306146761374e-09,0,-2.1979138430050375e-08,-2.197913843005055e-08,5.584125649683397e-13,0.0,0.0,2.4818336220815095e-12,8856.008007344388,resolved
B,H4,current_m3,controlled_q0.010_phi1.570796326795,-1,0.225,-0.225,0.9999999999999916,6.896032338048197e-09,0.9999999999999916,6.896032338048255e-09,6.896032338048255e-09,0,-3.0649032613547543e-08,-3.06490326135478e-08,5.584125649683397e-13,0.0,0.0,2.4818336220815095e-12,12349.350230754893,resolved
B,H4,current_m3,controlled_q0.010_phi3.141592653590,-1,0.225,-0.225,0.9999999999999923,8.846348232313239e-09,0.9999999999999923,8.846348232313306e-09,8.846348232313306e-09,0,-3.93171032547255e-08,-3.9317103254725807e-08,5.584125649683397e-13,0.0,0.0,2.4818336220815095e-12,15841.957698095135,resolved
B,H4,current_m3,controlled_q0.010_phi4.712388980385,-1,0.225,-0.225,0.9999999999999922,6.895622041251659e-09,0.9999999999999922,6.895622041251713e-09,6.895622041251713e-09,0,-3.0647209072229597e-08,-3.0647209072229835e-08,5.584125649683397e-13,0.0,0.0,2.4818336220815095e-12,12348.615475088067,resolved
B,H4,current_m3,controlled_q0.050_phi0.000000000000,-1,0.225,-0.225,0.9999999999999923,5.618661383363962e-10,0.9999999999999923,5.618661383364005e-10,5.618661383364005e-10,0,-2.4971828370506496e-09,-2.497182837050669e-09,5.584125649683397e-13,0.0,0.0,2.4818336220815095e-12,1006.184626895443,resolved
B,H4,current_m3,controlled_q0.050_phi1.570796326795,-1,0.225,-0.225,0.9999999999999919,4.83479361754191e-09,0.9999999999999919,4.834793617541949e-09,4.834793617541949e-09,0,-2.1487971633519603e-08,-2.1487971633519775e-08,5.584125649683397e-13,0.0,0.0,2.4818336220815095e-12,8658.103203347564,resolved
B,H4,current_m3,controlled_q0.050_phi3.141592653590,-1,0.225,-0.225,0.9999999999999934,9.106822381637053e-09,0.9999999999999934,9.106822381637113e-09,9.106822381637113e-09,0,-4.0474766140609125e-08,-4.047476614060939e-08,5.584125649683397e-13,0.0,0.0,2.4818336220815095e-12,16308.412369183317,resolved
B,H4,current_m3,controlled_q0.050_phi4.712388980385,-1,0.225,-0.225,0.9999999999999933,4.833894902411817e-09,0.9999999999999933,4.8338949024118494e-09,4.8338949024118494e-09,0,-2.148397734405252e-08,-2.1483977344052665e-08,5.584125649683397e-13,0.0,0.0,2.4818336220815095e-12,8656.49379269588,resolved
B,H4,current_m3,rhf,-1,0.25,-0.25,0.9999999999999781,4.71752090169808e-08,0.9999999999999792,4.71752090169818e-08,4.71752090169818e-08,0,-1.887008360679232e-07,-1.887008360679272e-07,5.571302218589082e-13,0.0,0.0,2.228520887435633e-12,84675.37241038021,resolved
B,H4,current_m3,cisd,-1,0.25,-0.25,0.9999999999999838,1.3271747882403667e-08,0.9999999999999839,1.3271747882403882e-08,1.3271747882403882e-08,0,-5.308699152961467e-08,-5.308699152961553e-08,5.571302218589082e-13,0.0,0.0,2.228520887435633e-12,23821.626186641697,resolved
B,H4,current_m3,controlled_q0.001_phi0.000000000000,-1,0.25,-0.25,0.9999999999999835,1.1401589508650337e-08,0.9999999999999836,1.1401589508650526e-08,1.1401589508650526e-08,0,-4.560635803460135e-08,-4.56063580346021e-08,5.571302218589082e-13,0.0,0.0,2.228520887435633e-12,20464.85554240452,resolved
B,H4,current_m3,controlled_q0.001_phi1.570796326795,-1,0.25,-0.25,0.9999999999999833,1.2457185156458314e-08,0.9999999999999835,1.2457185156458521e-08,1.2457185156458521e-08,0,-4.9828740625833257e-08,-4.9828740625834084e-08,5.571302218589082e-13,0.0,0.0,2.228520887435633e-12,22359.557366846748,resolved
B,H4,current_m3,controlled_q0.001_phi3.141592653590,-1,0.25,-0.25,0.9999999999999839,1.3516288387481828e-08,0.999999999999984,1.3516288387482045e-08,1.3516288387482045e-08,0,-5.4065153549927314e-08,-5.406515354992818e-08,5.571302218589082e-13,0.0,0.0,2.228520887435633e-12,24260.554996251474,resolved
B,H4,current_m3,controlled_q0.001_phi4.712388980385,-1,0.25,-0.25,0.9999999999999837,1.2460692739788004e-08,0.9999999999999838,1.2460692739788208e-08,1.2460692739788208e-08,0,-4.9842770959152016e-08,-4.984277095915283e-08,5.571302218589082e-13,0.0,0.0,2.228520887435633e-12,22365.85317201414,resolved
B,H4,current_m3,controlled_q0.010_phi0.000000000000,-1,0.25,-0.25,0.9999999999999838,8.348122611736746e-09,0.9999999999999838,8.348122611736881e-09,8.348122611736881e-09,0,-3.339249044694698e-08,-3.3392490446947525e-08,5.571302218589082e-13,0.0,0.0,2.228520887435633e-12,14984.149637193592,resolved
B,H4,current_m3,controlled_q0.010_phi1.570796326795,-1,0.25,-0.25,0.9999999999999832,1.1671138703921169e-08,0.9999999999999833,1.1671138703921364e-08,1.1671138703921364e-08,0,-4.6684554815684676e-08,-4.6684554815685457e-08,5.571302218589082e-13,0.0,0.0,2.228520887435633e-12,20948.672762679267,resolved
B,H4,current_m3,controlled_q0.010_phi3.141592653590,-1,0.25,-0.25,0.9999999999999841,1.500519666731699e-08,0.9999999999999842,1.500519666731723e-08,1.500519666731723e-08,0,-6.002078666926797e-08,-6.002078666926892e-08,5.571302218589082e-13,0.0,0.0,2.228520887435633e-12,26933.015080838708,resolved
B,H4,current_m3,controlled_q0.010_phi4.712388980385,-1,0.25,-0.25,0.999999999999984,1.168218057793352e-08,0.9999999999999841,1.1682180577933708e-08,1.1682180577933708e-08,0,-4.672872231173408e-08,-4.672872231173483e-08,5.571302218589082e-13,0.0,0.0,2.228520887435633e-12,20968.4919603805,resolved
B,H4,current_m3,controlled_q0.050_phi0.000000000000,-1,0.25,-0.25,0.9999999999999845,9.089382281712493e-10,0.9999999999999845,9.089382281712635e-10,9.089382281712635e-10,0,-3.635752912684997e-09,-3.635752912685054e-09,5.571302218589082e-13,0.0,0.0,2.228520887435633e-12,1631.4645885453967,resolved
B,H4,current_m3,controlled_q0.050_phi1.570796326795,-1,0.25,-0.25,0.9999999999999836,8.187769491921348e-09,0.9999999999999836,8.187769491921482e-09,8.187769491921482e-09,0,-3.2751077967685394e-08,-3.275107796768593e-08,5.571302218589082e-13,0.0,0.0,2.228520887435633e-12,14696.329817833646,resolved
B,H4,current_m3,controlled_q0.050_phi3.141592653590,-1,0.25,-0.25,0.9999999999999847,1.549078719720063e-08,0.9999999999999848,1.5490787197200865e-08,1.5490787197200865e-08,0,-6.196314878880252e-08,-6.196314878880346e-08,5.571302218589082e-13,0.0,0.0,2.228520887435633e-12,27804.607593381697,resolved
B,H4,current_m3,controlled_q0.050_phi4.712388980385,-1,0.25,-0.25,0.9999999999999851,8.211955932965753e-09,0.9999999999999851,8.211955932965876e-09,8.211955932965876e-09,0,-3.284782373186301e-08,-3.28478237318635e-08,5.571302218589082e-13,0.0,0.0,2.228520887435633e-12,14739.742363223313,resolved
B,H4,current_m3,rhf,-1,0.275,-0.275,0.9999999999999521,7.558716424993506e-08,0.999999999999955,7.558716424993852e-08,7.558716424993852e-08,0,-2.748624154543093e-07,-2.748624154543219e-07,5.592784842241574e-13,0.0,0.0,2.0337399426332997e-12,135151.21067957964,resolved
B,H4,current_m3,cisd,-1,0.275,-0.275,0.9999999999999614,2.137590424961152e-08,0.9999999999999616,2.1375904249612343e-08,2.1375904249612343e-08,0,-7.773056090767824e-08,-7.773056090768124e-08,5.592784842241574e-13,0.0,0.0,2.0337399426332997e-12,38220.501686676915,resolved
B,H4,current_m3,controlled_q0.001_phi0.000000000000,-1,0.275,-0.275,0.9999999999999609,1.8339849609495176e-08,0.9999999999999611,1.833984960949589e-08,1.833984960949589e-08,0,-6.669036221634608e-08,-6.669036221634869e-08,5.592784842241574e-13,0.0,0.0,2.0337399426332997e-12,32791.98132382402,resolved
B,H4,current_m3,controlled_q0.001_phi1.570796326795,-1,0.275,-0.275,0.999999999999961,2.005008865597728e-08,0.9999999999999613,2.0050088655978058e-08,2.0050088655978058e-08,0,-7.290941329446284e-08,-7.290941329446565e-08,5.592784842241574e-13,0.0,0.0,2.0337399426332997e-12,35849.91953300541,resolved
B,H4,current_m3,controlled_q0.001_phi3.141592653590,-1,0.275,-0.275,0.9999999999999615,2.177384551643544e-08,0.9999999999999617,2.1773845516436273e-08,2.1773845516436273e-08,0,-7.917762005976522e-08,-7.917762005976825e-08,5.592784842241574e-13,0.0,0.0,2.0337399426332997e-12,38932.02783697385,resolved
B,H4,current_m3,controlled_q0.001_phi4.712388980385,-1,0.275,-0.275,0.9999999999999614,2.0063606470666073e-08,0.9999999999999616,2.0063606470666844e-08,2.0063606470666844e-08,0,-7.295856898424026e-08,-7.295856898424307e-08,5.592784842241574e-13,0.0,0.0,2.0337399426332997e-12,35874.089629066846,resolved
B,H4,current_m3,controlled_q0.010_phi0.000000000000,-1,0.275,-0.275,0.9999999999999613,1.3397596820323441e-08,0.9999999999999614,1.3397596820323959e-08,1.3397596820323959e-08,0,-4.8718533892085234e-08,-4.871853389208712e-08,5.592784842241574e-13,0.0,0.0,2.0337399426332997e-12,23955.144348005557,resolved
B,H4,current_m3,controlled_q0.010_phi1.570796326795,-1,0.275,-0.275,0.9999999999999608,1.8781430940854882e-08,0.999999999999961,1.8781430940855616e-08,1.8781430940855616e-08,0,-6.829611251219957e-08,-6.829611251220224e-08,5.592784842241574e-13,0.0,0.0,2.0337399426332997e-12,33581.536695281364,resolved
B,H4,current_m3,controlled_q0.010_phi3.141592653590,-1,0.275,-0.275,0.9999999999999618,2.4207819158783644e-08,0.9999999999999621,2.4207819158784564e-08,2.4207819158784564e-08,0,-8.80284333046678e-08,-8.802843330467113e-08,5.592784842241574e-13,0.0,0.0,2.0337399426332997e-12,43284.016534920396,resolved
B,H4,current_m3,controlled_q0.010_phi4.712388980385,-1,0.275,-0.275,0.9999999999999619,1.88239850382535e-08,0.9999999999999621,1.8823985038254214e-08,1.8823985038254214e-08,0,-6.845085468455817e-08,-6.845085468456077e-08,5.592784842241574e-13,0.0,0.0,2.0337399426332997e-12,33657.6241876469,resolved
B,H4,current_m3,controlled_q0.050_phi0.000000000000,-1,0.275,-0.275,0.9999999999999623,1.3892413438373459e-09,0.9999999999999623,1.3892413438373984e-09,1.3892413438373984e-09,0,-5.051786704863075e-09,-5.051786704863266e-09,5.592784842241574e-13,0.0,0.0,2.0337399426332997e-12,2483.988537060441,resolved
B,H4,current_m3,controlled_q0.050_phi1.570796326795,-1,0.275,-0.275,0.9999999999999613,1.3182148459606191e-08,0.9999999999999614,1.31821484596067e-08,1.31821484596067e-08,0,-4.793508530765887e-08,-4.7935085307660726e-08,5.592784842241574e-13,0.0,0.0,2.0337399426332997e-12,23569.918799742023,resolved
B,H4,current_m3,controlled_q0.050_phi3.141592653590,-1,0.275,-0.275,0.9999999999999635,2.5068267316054018e-08,0.9999999999999638,2.5068267316054928e-08,2.5068267316054928e-08,0,-9.115733569474187e-08,-9.115733569474518e-08,5.592784842241574e-13,0.0,0.0,2.0337399426332997e-12,44822.513333101364,resolved
B,H4,current_m3,controlled_q0.050_phi4.712388980385,-1,0.275,-0.275,0.9999999999999638,1.3275360198281017e-08,0.9999999999999639,1.3275360198281496e-08,1.3275360198281496e-08,0,-4.827403708465824e-08,-4.8274037084659985e-08,5.592784842241574e-13,0.0,0.0,2.0337399426332997e-12,23736.583066836316,resolved
B,H4,current_m3,rhf,-1,0.3,-0.3,0.9999999999998964,1.1613022049550281e-07,0.9999999999999032,1.1613022049551431e-07,1.1613022049551431e-07,0,-3.871007349850094e-07,-3.8710073498504774e-07,5.601374390616757e-13,0.0,0.0,1.8671247968722526e-12,207324.51073086713,resolved
B,H4,current_m3,cisd,-1,0.3,-0.3,0.9999999999999132,3.302933013997219e-08,0.9999999999999137,3.302933013997505e-08,3.302933013997505e-08,0,-1.1009776713324064e-07,-1.1009776713325017e-07,5.601374390616757e-13,0.0,0.0,1.8671247968722526e-12,58966.47471967213,resolved
B,H4,current_m3,controlled_q0.001_phi0.000000000000,-1,0.3,-0.3,0.9999999999999126,2.8298208030759654e-08,0.9999999999999131,2.829820803076212e-08,2.829820803076212e-08,0,-9.432736010253218e-08,-9.43273601025404e-08,5.601374390616757e-13,0.0,0.0,1.8671247968722526e-12,50520.115345555016,resolved
B,H4,current_m3,controlled_q0.001_phi1.570796326795,-1,0.3,-0.3,0.9999999999999126,3.0956526927581815e-08,0.9999999999999131,3.095652692758451e-08,3.095652692758451e-08,0,-1.0318842309193939e-07,-1.0318842309194836e-07,5.601374390616757e-13,0.0,0.0,1.8671247968722526e-12,55265.94862046571,resolved
B,H4,current_m3,controlled_q0.001_phi3.141592653590,-1,0.3,-0.3,0.9999999999999133,3.365102374311429e-08,0.9999999999999138,3.36510237431172e-08,3.36510237431172e-08,0,-1.121700791437143e-07,-1.12170079143724e-07,5.601374390616757e-13,0.0,0.0,1.8671247968722526e-12,60076.36947011684,resolved
B,H4,current_m3,controlled_q0.001_phi4.712388980385,-1,0.3,-0.3,0.9999999999999133,3.0992704846532354e-08,0.9999999999999137,3.0992704846535034e-08,3.0992704846535034e-08,0,-1.0330901615510785e-07,-1.0330901615511678e-07,5.601374390616757e-13,0.0,0.0,1.8671247968722526e-12,55330.53619563502,resolved
B,H4,current_m3,controlled_q0.010_phi0.000000000000,-1,0.3,-0.3,0.999999999999913,2.0621238402446992e-08,0.9999999999999132,2.0621238402448785e-08,2.0621238402448785e-08,0,-6.873746134148998e-08,-6.873746134149595e-08,5.601374390616757e-13,0.0,0.0,1.8671247968722526e-12,36814.60471021367,resolved
B,H4,current_m3,controlled_q0.010_phi1.570796326795,-1,0.3,-0.3,0.9999999999999122,2.8989628785176802e-08,0.9999999999999126,2.898962878517934e-08,2.898962878517934e-08,0,-9.663209595058934e-08,-9.66320959505978e-08,5.601374390616757e-13,0.0,0.0,1.8671247968722526e-12,51754.49231484919,resolved
B,H4,current_m3,controlled_q0.010_phi3.141592653590,-1,0.3,-0.3,0.9999999999999141,3.7471907289503275e-08,0.9999999999999147,3.747190728950648e-08,3.747190728950648e-08,0,-1.249063576316776e-07,-1.2490635763168826e-07,5.601374390616757e-13,0.0,0.0,1.8671247968722526e-12,66897.70166456827,resolved
B,H4,current_m3,controlled_q0.010_phi4.712388980385,-1,0.3,-0.3,0.9999999999999143,2.9103516908934868e-08,0.9999999999999147,2.9103516908937353e-08,2.9103516908937353e-08,0,-9.701172302978289e-08,-9.701172302979118e-08,5.601374390616757e-13,0.0,0.0,1.8671247968722526e-12,51957.814063791455,resolved
B,H4,current_m3,controlled_q0.050_phi0.000000000000,-1,0.3,-0.3,0.9999999999999145,2.0223946218474086e-09,0.9999999999999145,2.0223946218475815e-09,2.0223946218475815e-09,0,-6.741315406158029e-09,-6.7413154061586056e-09,5.601374390616757e-13,0.0,0.0,1.8671247968722526e-12,3610.5328457159712,resolved
B,H4,current_m3,controlled_q0.050_phi1.570796326795,-1,0.3,-0.3,0.9999999999999132,2.0352760733699515e-08,0.9999999999999134,2.035276073370128e-08,2.035276073370128e-08,0,-6.784253577899839e-08,-6.784253577900427e-08,5.601374390616757e-13,0.0,0.0,1.8671247968722526e-12,36335.29793650967,resolved
B,H4,current_m3,controlled_q0.050_phi3.141592653590,-1,0.3,-0.3,0.9999999999999166,3.893259070599776e-08,0.9999999999999174,3.893259070600099e-08,3.893259070600099e-08,0,-1.297753023533259e-07,-1.2977530235333664e-07,5.601374390616757e-13,0.0,0.0,1.8671247968722526e-12,69505.42490288882,resolved
B,H4,current_m3,controlled_q0.050_phi4.712388980385,-1,0.3,-0.3,0.9999999999999176,2.0602224596460994e-08,0.9999999999999178,2.0602224596462688e-08,2.0602224596462688e-08,0,-6.867408198820332e-08,-6.867408198820896e-08,5.601374390616757e-13,0.0,0.0,1.8671247968722526e-12,36780.65981622864,resolved
B,H4,current_m3,rhf,-1,0.35,-0.35,0.9999999999995289,2.4781871116319465e-07,0.9999999999995597,2.478187111633063e-07,2.478187111633063e-07,0,-7.080534604662705e-07,-7.080534604665895e-07,5.582092057126421e-13,0.0,0.0,1.5948834448932633e-12,443953.10687650694,resolved
B,H4,current_m3,cisd,-1,0.35,-0.35,0.9999999999995945,7.139919968426617e-08,0.9999999999995971,7.139919968429499e-08,7.139919968429499e-08,0,-2.0399771338361764e-07,-2.0399771338369999e-07,5.582092057126421e-13,0.0,0.0,1.5948834448932633e-12,127907.59979157604,resolved
B,H4,current_m3,controlled_q0.001_phi0.000000000000,-1,0.35,-0.35,0.9999999999995939,6.098155388659201e-08,0.9999999999995958,6.09815538866167e-08,6.09815538866167e-08,0,-1.742330111045486e-07,-1.7423301110461917e-07,5.582092057126421e-13,0.0,0.0,1.5948834448932633e-12,109244.98066766819,resolved
B,H4,current_m3,controlled_q0.001_phi1.570796326795,-1,0.35,-0.35,0.9999999999995931,6.679523662715507e-08,0.9999999999995953,6.679523662718215e-08,6.679523662718215e-08,0,-1.9084353322044306e-07,-1.9084353322052043e-07,5.582092057126421e-13,0.0,0.0,1.5948834448932633e-12,119659.86218711748,resolved
B,H4,current_m3,controlled_q0.001_phi3.141592653590,-1,0.35,-0.35,0.9999999999995949,7.277563647233945e-08,0.9999999999995975,7.27756364723688e-08,7.27756364723688e-08,0,-2.0793038992096986e-07,-2.0793038992105372e-07,5.582092057126421e-13,0.0,0.0,1.5948834448932633e-12,130373.40790435347,resolved
B,H4,current_m3,controlled_q0.001_phi4.712388980385,-1,0.35,-0.35,0.9999999999995953,6.696195373212012e-08,0.9999999999995975,6.696195373214712e-08,6.696195373214712e-08,0,-1.913198678060575e-07,-1.9131986780613464e-07,5.582092057126421e-13,0.0,0.0,1.5948834448932633e-12,119958.52638551997,resolved
B,H4,current_m3,controlled_q0.010_phi0.000000000000,-1,0.35,-0.35,0.9999999999995954,4.419444496025595e-08,0.9999999999995964,4.41944449602738e-08,4.41944449602738e-08,0,-1.2626984274358843e-07,-1.2626984274363943e-07,5.582092057126421e-13,0.0,0.0,1.5948834448932633e-12,79171.83111273624,resolved
B,H4,current_m3,controlled_q0.010_phi1.570796326795,-1,0.35,-0.35,0.9999999999995923,6.249592368525597e-08,0.9999999999995943,6.249592368528137e-08,6.249592368528137e-08,0,-1.7855978195787423e-07,-1.7855978195794678e-07,5.582092057126421e-13,0.0,0.0,1.5948834448932633e-12,111957.88791313476,resolved
B,H4,current_m3,controlled_q0.010_phi3.141592653590,-1,0.35,-0.35,0.9999999999995971,8.132222801102036e-08,0.9999999999996004,8.132222801105294e-08,8.132222801105294e-08,0,-2.3234922288862962e-07,-2.3234922288872271e-07,5.582092057126421e-13,0.0,0.0,1.5948834448932633e-12,145684.13988658556,resolved
B,H4,current_m3,controlled_q0.010_phi4.712388980385,-1,0.35,-0.35,0.9999999999995995,6.302074928837137e-08,0.9999999999996015,6.302074928839653e-08,6.302074928839653e-08,0,-1.8005928368106106e-07,-1.8005928368113295e-07,5.582092057126421e-13,0.0,0.0,1.5948834448932633e-12,112898.08309039877,resolved
B,H4,current_m3,controlled_q0.050_phi0.000000000000,-1,0.35,-0.35,0.9999999999996023,3.7831867573144445e-09,0.9999999999996023,3.783186757315949e-09,3.783186757315949e-09,0,-1.0809105020898414e-08,-1.0809105020902713e-08,5.582092057126421e-13,0.0,0.0,1.5948834448932633e-12,6777.363609553177,resolved
B,H4,current_m3,controlled_q0.050_phi1.570796326795,-1,0.35,-0.35,0.9999999999995963,4.38712789829071e-08,0.9999999999995973,4.3871278982924784e-08,4.3871278982924784e-08,0,-1.2534651137973458e-07,-1.253465113797851e-07,5.582092057126421e-13,0.0,0.0,1.5948834448932633e-12,78592.8976697876,resolved
B,H4,current_m3,controlled_q0.050_phi3.141592653590,-1,0.35,-0.35,0.9999999999996063,8.510896449105e-08,0.99999999999961,8.51089644910833e-08,8.51089644910833e-08,0,-2.431684699744286e-07,-2.431684699745237e-07,5.582092057126421e-13,0.0,0.0,1.5948834448932633e-12,152467.86262221343,resolved
B,H4,current_m3,controlled_q0.050_phi4.712388980385,-1,0.35,-0.35,0.9999999999996119,4.502087226805618e-08,0.9999999999996129,4.502087226807362e-08,4.502087226807362e-08,0,-1.2863106362301767e-07,-1.286310636230675e-07,5.582092057126421e-13,0.0,0.0,1.5948834448932633e-12,80652.32856663468,resolved
B,H4,current_m3,rhf,-1,0.4,-0.4,0.9999999999982332,4.760667777770067e-07,0.9999999999983465,4.7606677777781184e-07,4.7606677777781184e-07,0,-1.1901669444425167e-06,-1.1901669444445295e-06,5.611897929570083e-13,0.0,0.0,1.4029744823925206e-12,848316.8862864142,resolved
B,H4,current_m3,cisd,-1,0.4,-0.4,0.9999999999984708,1.3921898679884233e-07,0.9999999999984804,1.3921898679905433e-07,1.3921898679905433e-07,0,-3.480474669971058e-07,-3.480474669976358e-07,5.611897929570083e-13,0.0,0.0,1.4029744823925206e-12,248078.2589884126,resolved
B,H4,current_m3,controlled_q0.001_phi0.000000000000,-1,0.4,-0.4,0.9999999999984697,1.1849286963818706e-07,0.9999999999984767,1.1849286963836784e-07,1.1849286963836784e-07,0,-2.9623217409546765e-07,-2.962321740959196e-07,5.611897929570083e-13,0.0,0.0,1.4029744823925206e-12,211145.8033009246,resolved
B,H4,current_m3,controlled_q0.001_phi1.570796326795,-1,0.4,-0.4,0.9999999999984662,1.2995209078075186e-07,0.9999999999984747,1.2995209078095043e-07,1.2995209078095043e-07,0,-3.2488022695187965e-07,-3.2488022695237606e-07,5.611897929570083e-13,0.0,0.0,1.4029744823925206e-12,231565.31428701032,resolved
B,H4,current_m3,controlled_q0.001_phi3.141592653590,-1,0.4,-0.4,0.9999999999984712,1.419735738121829e-07,0.9999999999984813,1.41973573812399e-07,1.41973573812399e-07,0,-3.5493393453045723e-07,-3.549339345309975e-07,5.611897929570083e-13,0.0,0.0,1.4029744823925206e-12,252986.73567118717,resolved
B,H4,current_m3,controlled_q0.001_phi4.712388980385,-1,0.4,-0.4,0.9999999999984749,1.305143526703599e-07,0.9999999999984834,1.3051435267055822e-07,1.3051435267055822e-07,0,-3.2628588167589977e-07,-3.2628588167639555e-07,5.611897929570083e-13,0.0,0.0,1.4029744823925206e-12,232567.2246864233,resolved
B,H4,current_m3,controlled_q0.010_phi0.000000000000,-1,0.4,-0.4,0.9999999999984753,8.534641505022304e-08,0.999999999998479,8.534641505035296e-08,8.534641505035296e-08,0,-2.133660376255576e-07,-2.133660376258824e-07,5.611897929570083e-13,0.0,0.0,1.4029744823925206e-12,152081.19627500296,resolved
B,H4,current_m3,controlled_q0.010_phi1.570796326795,-1,0.4,-0.4,0.9999999999984631,1.2142005396086064e-07,0.9999999999984704,1.2142005396104664e-07,1.2142005396104664e-07,0,-3.035501349021516e-07,-3.0355013490261657e-07,5.611897929570083e-13,0.0,0.0,1.4029744823925206e-12,216361.83602177957,resolved
B,H4,current_m3,controlled_q0.010_phi3.141592653590,-1,0.4,-0.4,0.9999999999984789,1.592636938307539e-07,0.9999999999984915,1.592636938309948e-07,1.592636938309948e-07,0,-3.981592345768847e-07,-3.9815923457748693e-07,5.611897929570083e-13,0.0,0.0,1.4029744823925206e-12,283796.49065170146,resolved
B,H4,current_m3,controlled_q0.010_phi4.712388980385,-1,0.4,-0.4,0.9999999999984905,1.231900549208964e-07,0.9999999999984981,1.2319005492108172e-07,1.2319005492108172e-07,0,-3.07975137302241e-07,-3.079751373027043e-07,5.611897929570083e-13,0.0,0.0,1.4029744823925206e-12,219515.850906315,resolved
B,H4,current_m3,controlled_q0.050_phi0.000000000000,-1,0.4,-0.4,0.9999999999985022,6.113474865712104e-09,0.9999999999985022,6.113474865721261e-09,6.113474865721261e-09,0,-1.528368716428026e-08,-1.528368716430315e-08,5.611897929570083e-13,0.0,0.0,1.4029744823925206e-12,10893.774160608167,resolved
B,H4,current_m3,controlled_q0.050_phi1.570796326795,-1,0.4,-0.4,0.9999999999984758,8.513022456413388e-08,0.9999999999984794,8.513022456426344e-08,8.513022456426344e-08,0,-2.128255614103347e-07,-2.128255614106586e-07,5.611897929570083e-13,0.0,0.0,1.4029744823925206e-12,151695.96031953412,resolved
B,H4,current_m3,controlled_q0.050_phi3.141592653590,-1,0.4,-0.4,0.9999999999985102,1.6802403592907303e-07,0.9999999999985243,1.6802403592932177e-07,1.6802403592932177e-07,0,-4.2006008982268257e-07,-4.200600898233044e-07,5.611897929570083e-13,0.0,0.0,1.4029744823925206e-12,299406.79256428505,resolved
B,H4,current_m3,controlled_q0.050_phi4.712388980385,-1,0.4,-0.4,0.9999999999985362,8.900728622890375e-08,0.9999999999985402,8.900728622903381e-08,8.900728622903381e-08,0,-2.2251821557225937e-07,-2.225182155725845e-07,5.611897929570083e-13,0.0,0.0,1.4029744823925206e-12,158604.60640224518,resolved
B,H4,current_m3,rhf,1,0.1,0.1,0.999999999999996,-4.93054957972916e-10,0.999999999999996,-4.93054957972918e-10,-4.93054957972918e-10,0,-4.93054957972916e-09,-4.930549579729179e-09,5.594637135915295e-13,0.0,0.0,5.5946371359152945e-12,881.2992621231924,resolved
B,H4,current_m3,cisd,1,0.1,0.1,0.9999999999999992,-1.3585146699040463e-10,0.9999999999999992,-1.3585146699040473e-10,-1.3585146699040473e-10,0,-1.3585146699040462e-09,-1.3585146699040473e-09,5.594637135915295e-13,0.0,0.0,5.5946371359152945e-12,242.82444721623403,resolved
B,H4,current_m3,controlled_q0.001_phi0.000000000000,1,0.1,0.1,0.9999999999999988,-1.173368063875966e-10,0.9999999999999988,-1.1733680638759676e-10,-1.1733680638759676e-10,0,-1.173368063875966e-09,-1.1733680638759674e-09,5.594637135915295e-13,0.0,0.0,5.5946371359152945e-12,209.73086106754278,resolved
B,H4,current_m3,controlled_q0.001_phi1.570796326795,1,0.1,0.1,0.999999999999999,-1.2776508930695263e-10,0.999999999999999,-1.2776508930695276e-10,-1.2776508930695276e-10,0,-1.2776508930695263e-09,-1.2776508930695275e-09,5.594637135915295e-13,0.0,0.0,5.5946371359152945e-12,228.3706453216648,resolved
B,H4,current_m3,controlled_q0.001_phi3.141592653590,1,0.1,0.1,0.9999999999999993,-1.3824768899276074e-10,0.9999999999999993,-1.3824768899276084e-10,-1.3824768899276084e-10,0,-1.3824768899276074e-09,-1.3824768899276084e-09,5.594637135915295e-13,0.0,0.0,5.5946371359152945e-12,247.10751677757045,resolved
B,H4,current_m3,controlled_q0.001_phi4.712388980385,1,0.1,0.1,0.999999999999999,-1.2781940588423024e-10,0.999999999999999,-1.2781940588423037e-10,-1.2781940588423037e-10,0,-1.2781940588423024e-09,-1.2781940588423037e-09,5.594637135915295e-13,0.0,0.0,5.5946371359152945e-12,228.46773218531305,resolved
B,H4,current_m3,controlled_q0.010_phi0.000000000000,1,0.1,0.1,0.9999999999999991,-8.672124403426671e-11,0.9999999999999991,-8.672124403426679e-11,-8.672124403426679e-11,0,-8.672124403426671e-10,-8.672124403426679e-10,5.594637135915295e-13,0.0,0.0,5.5946371359152945e-12,155.0078082411308,resolved
B,H4,current_m3,controlled_q0.010_phi1.570796326795,1,0.1,0.1,0.9999999999999992,-1.1954948923170727e-10,0.9999999999999992,-1.1954948923170738e-10,-1.1954948923170738e-10,0,-1.1954948923170727e-09,-1.1954948923170738e-09,5.594637135915295e-13,0.0,0.0,5.5946371359152945e-12,213.68586796138786,resolved
B,H4,current_m3,controlled_q0.010_phi3.141592653590,1,0.1,0.1,0.9999999999999997,-1.5254872210388342e-10,0.9999999999999997,-1.5254872210388347e-10,-1.5254872210388347e-10,0,-1.525487221038834e-09,-1.5254872210388347e-09,5.594637135915295e-13,0.0,0.0,5.5946371359152945e-12,272.6695555008969,resolved
B,H4,current_m3,controlled_q0.010_phi4.712388980385,1,0.1,0.1,0.9999999999999988,-1.1972047919001083e-10,0.9999999999999988,-1.1972047919001099e-10,-1.1972047919001099e-10,0,-1.1972047919001083e-09,-1.1972047919001098e-09,5.594637135915295e-13,0.0,0.0,5.5946371359152945e-12,213.99149986234863,resolved
B,H4,current_m3,controlled_q0.050_phi0.000000000000,1,0.1,0.1,0.9999999999999994,-1.1285260699362043e-11,0.9999999999999994,-1.128526069936205e-11,-1.128526069936205e-11,0,-1.1285260699362042e-10,-1.1285260699362049e-10,5.594637135915295e-13,0.0,0.0,5.5946371359152945e-12,20.171568638321975,marginal
B,H4,current_m3,controlled_q0.050_phi1.570796326795,1,0.1,0.1,0.9999999999999998,-8.319320232708094e-11,0.9999999999999998,-8.319320232708095e-11,-8.319320232708095e-11,0,-8.319320232708094e-10,-8.319320232708095e-10,5.594637135915295e-13,0.0,0.0,5.5946371359152945e-12,148.70169468724688,resolved
B,H4,current_m3,controlled_q0.050_phi3.141592653590,1,0.1,0.1,1.0000000000000002,-1.5547568658453395e-10,1.0000000000000002,-1.5547568658453392e-10,-1.5547568658453392e-10,0,-1.5547568658453394e-09,-1.5547568658453392e-09,5.594637135915295e-13,0.0,0.0,5.5946371359152945e-12,277.9012879788812,resolved
B,H4,current_m3,controlled_q0.050_phi4.712388980385,1,0.1,0.1,0.9999999999999991,-8.356774473805562e-11,0.9999999999999991,-8.356774473805569e-11,-8.356774473805569e-11,0,-8.356774473805562e-10,-8.356774473805569e-10,5.594637135915295e-13,0.0,0.0,5.5946371359152945e-12,149.37116153894002,resolved
B,H4,current_m3,rhf,1,0.125,0.125,0.9999999999999952,-1.5014001986113357e-09,0.9999999999999952,-1.501400198611343e-09,-1.501400198611343e-09,0,-1.2011201588890685e-08,-1.2011201588890743e-08,5.61761123426081e-13,0.0,0.0,4.494088987408648e-12,2672.666612197304,resolved
B,H4,current_m3,cisd,1,0.125,0.125,0.999999999999999,-4.1460482874230905e-10,0.999999999999999,-4.1460482874230947e-10,-4.1460482874230947e-10,0,-3.3168386299384724e-09,-3.3168386299384757e-09,5.61761123426081e-13,0.0,0.0,4.494088987408648e-12,738.0447158993632,resolved
B,H4,current_m3,controlled_q0.001_phi0.000000000000,1,0.125,0.125,0.9999999999999987,-3.5788960326093687e-10,0.9999999999999987,-3.5788960326093733e-10,-3.5788960326093733e-10,0,-2.863116826087495e-09,-2.8631168260874986e-09,5.61761123426081e-13,0.0,0.0,4.494088987408648e-12,637.0850319406795,resolved
B,H4,current_m3,controlled_q0.001_phi1.570796326795,1,0.125,0.125,0.999999999999999,-3.898322955674799e-10,0.999999999999999,-3.898322955674803e-10,-3.898322955674803e-10,0,-3.118658364539839e-09,-3.1186583645398424e-09,5.61761123426081e-13,0.0,0.0,4.494088987408648e-12,693.946731646295,resolved
B,H4,current_m3,controlled_q0.001_phi3.141592653590,1,0.125,0.125,0.999999999999999,-4.219535966852541e-10,0.999999999999999,-4.219535966852545e-10,-4.219535966852545e-10,0,-3.375628773482033e-09,-3.375628773482036e-09,5.61761123426081e-13,0.0,0.0,4.494088987408648e-12,751.1263757659738,resolved
B,H4,current_m3,controlled_q0.001_phi4.712388980385,1,0.125,0.125,0.9999999999999989,-3.9001090399760907e-10,0.9999999999999989,-3.900109039976095e-10,-3.900109039976095e-10,0,-3.1200872319808726e-09,-3.120087231980876e-09,5.61761123426081e-13,0.0,0.0,4.494088987408648e-12,694.2646753819524,resolved
B,H4,current_m3,controlled_q0.010_phi0.000000000000,1,0.125,0.125,0.9999999999999989,-2.6423906073730967e-10,0.9999999999999989,-2.6423906073731e-10,-2.6423906073731e-10,0,-2.1139124858984774e-09,-2.11391248589848e-09,5.61761123426081e-13,0.0,0.0,4.494088987408648e-12,470.3761967822955,resolved
B,H4,current_m3,controlled_q0.010_phi1.570796326795,1,0.125,0.125,0.9999999999999992,-3.6479468404349014e-10,0.9999999999999992,-3.647946840434904e-10,-3.647946840434904e-10,0,-2.918357472347921e-09,-2.918357472347923e-09,5.61761123426081e-13,0.0,0.0,4.494088987408648e-12,649.3768771656399,resolved
B,H4,current_m3,controlled_q0.010_phi3.141592653590,1,0.125,0.125,0.9999999999999993,-4.659125721724434e-10,0.9999999999999993,-4.659125721724437e-10,-4.659125721724437e-10,0,-3.7273005773795475e-09,-3.72730057737955e-09,5.61761123426081e-13,0.0,0.0,4.494088987408648e-12,829.3784541922831,resolved
B,H4,current_m3,controlled_q0.010_phi4.712388980385,1,0.125,0.125,0.9999999999999988,-3.6535694521860895e-10,0.9999999999999988,-3.653569452186094e-10,-3.653569452186094e-10,0,-2.9228555617488716e-09,-2.9228555617488753e-09,5.61761123426081e-13,0.0,0.0,4.494088987408648e-12,650.3777673156911,resolved
B,H4,current_m3,controlled_q0.050_phi0.000000000000,1,0.125,0.125,0.999999999999999,-3.37743442687516e-11,0.999999999999999,-3.377434426875163e-11,-3.377434426875163e-11,0,-2.701947541500128e-10,-2.7019475415001305e-10,5.61761123426081e-13,0.0,0.0,4.494088987408648e-12,60.122252787391,marginal
B,H4,current_m3,controlled_q0.050_phi1.570796326795,1,0.125,0.125,0.9999999999999996,-2.5403432135640003e-10,0.9999999999999996,-2.5403432135640013e-10,-2.5403432135640013e-10,0,-2.0322745708512002e-09,-2.032274570851201e-09,5.61761123426081e-13,0.0,0.0,4.494088987408648e-12,452.2105762803413,resolved
B,H4,current_m3,controlled_q0.050_phi3.141592653590,1,0.125,0.125,1.0,-4.755258795901676e-10,1.0,-4.755258795901676e-10,-4.755258795901676e-10,0,-3.804207036721341e-09,-3.804207036721341e-09,5.61761123426081e-13,0.0,0.0,4.494088987408648e-12,846.4912571557462,resolved
B,H4,current_m3,controlled_q0.050_phi4.712388980385,1,0.125,0.125,0.9999999999999989,-2.55265907370128e-10,0.9999999999999989,-2.5526590737012826e-10,-2.5526590737012826e-10,0,-2.042127258961024e-09,-2.042127258961026e-09,5.61761123426081e-13,0.0,0.0,4.494088987408648e-12,454.4029423277045,resolved
B,H4,current_m3,rhf,1,0.15,0.15,0.9999999999999936,-3.725993402703409e-09,0.9999999999999936,-3.725993402703433e-09,-3.725993402703433e-09,0,-2.483995601802273e-08,-2.4839956018022888e-08,5.607048516963514e-13,0.0,0.0,3.738032344642343e-12,6645.195580938567,resolved
B,H4,current_m3,cisd,1,0.15,0.15,0.9999999999999973,-1.0317259874982665e-09,0.9999999999999973,-1.0317259874982692e-09,-1.0317259874982692e-09,0,-6.878173249988444e-09,-6.878173249988462e-09,5.607048516963514e-13,0.0,0.0,3.738032344642343e-12,1840.0518282959245,resolved
B,H4,current_m3,controlled_q0.001_phi0.000000000000,1,0.15,0.15,0.9999999999999969,-8.899567680123357e-10,0.9999999999999969,-8.899567680123385e-10,-8.899567680123385e-10,0,-5.933045120082238e-09,-5.933045120082257e-09,5.607048516963514e-13,0.0,0.0,3.738032344642343e-12,1587.2107496838462,resolved
B,H4,current_m3,controlled_q0.001_phi1.570796326795,1,0.15,0.15,0.9999999999999971,-9.698238965377692e-10,0.9999999999999971,-9.698238965377721e-10,-9.698238965377721e-10,0,-6.4654926435851285e-09,-6.4654926435851475e-09,5.607048516963514e-13,0.0,0.0,3.738032344642343e-12,1729.6513372475247,resolved
B,H4,current_m3,controlled_q0.001_phi3.141592653590,1,0.15,0.15,0.9999999999999974,-1.0501211492169768e-09,0.9999999999999974,-1.0501211492169795e-09,-1.0501211492169795e-09,0,-7.000807661446512e-09,-7.00080766144653e-09,5.607048516963514e-13,0.0,0.0,3.738032344642343e-12,1872.85903811952,resolved
B,H4,current_m3,controlled_q0.001_phi4.712388980385,1,0.15,0.15,0.999999999999997,-9.702540205731164e-10,0.999999999999997,-9.702540205731193e-10,-9.702540205731193e-10,0,-6.4683601371541095e-09,-6.4683601371541285e-09,5.607048516963514e-13,0.0,0.0,3.738032344642343e-12,1730.4184503446306,resolved
B,H4,current_m3,controlled_q0.010_phi0.000000000000,1,0.15,0.15,0.9999999999999972,-6.562623237723832e-10,0.9999999999999972,-6.562623237723851e-10,-6.562623237723851e-10,0,-4.375082158482555e-09,-4.375082158482568e-09,5.607048516963514e-13,0.0,0.0,3.738032344642343e-12,1170.4238366886484,resolved
B,H4,current_m3,controlled_q0.010_phi1.570796326795,1,0.15,0.15,0.9999999999999973,-9.076841197067087e-10,0.9999999999999973,-9.076841197067111e-10,-9.076841197067111e-10,0,-6.051227464711392e-09,-6.051227464711408e-09,5.607048516963514e-13,0.0,0.0,3.738032344642343e-12,1618.8269406990316,resolved
B,H4,current_m3,controlled_q0.010_phi3.141592653590,1,0.15,0.15,0.9999999999999976,-1.1604599461471783e-09,0.9999999999999976,-1.1604599461471812e-09,-1.1604599461471812e-09,0,-7.73639964098119e-09,-7.736399640981208e-09,5.607048516963514e-13,0.0,0.0,3.738032344642343e-12,2069.644916815564,resolved
B,H4,current_m3,controlled_q0.010_phi4.712388980385,1,0.15,0.15,0.9999999999999969,-9.090381485749033e-10,0.9999999999999969,-9.090381485749061e-10,-9.090381485749061e-10,0,-6.060254323832689e-09,-6.060254323832707e-09,5.607048516963514e-13,0.0,0.0,3.738032344642343e-12,1621.2418098839478,resolved
B,H4,current_m3,controlled_q0.050_phi0.000000000000,1,0.15,0.15,0.9999999999999973,-8.203289320252338e-11,0.9999999999999973,-8.20328932025236e-11,-8.20328932025236e-11,0,-5.468859546834892e-10,-5.468859546834907e-10,5.607048516963514e-13,0.0,0.0,3.738032344642343e-12,146.30316280364224,resolved
B,H4,current_m3,controlled_q0.050_phi1.570796326795,1,0.15,0.15,0.9999999999999981,-6.327545275935931e-10,0.9999999999999981,-6.327545275935943e-10,-6.327545275935943e-10,0,-4.218363517290621e-09,-4.218363517290629e-09,5.607048516963514e-13,0.0,0.0,3.738032344642343e-12,1128.4983992545513,resolved
B,H4,current_m3,controlled_q0.050_phi3.141592653590,1,0.15,0.15,0.9999999999999983,-1.1864420553403694e-09,0.9999999999999983,-1.1864420553403714e-09,-1.1864420553403714e-09,0,-7.909613702269129e-09,-7.909613702269144e-09,5.607048516963514e-13,0.0,0.0,3.738032344642343e-12,2115.9832160376677,resolved
B,H4,current_m3,controlled_q0.050_phi4.712388980385,1,0.15,0.15,0.9999999999999972,-6.357204276885575e-10,0.9999999999999972,-6.357204276885593e-10,-6.357204276885593e-10,0,-4.238136184590384e-09,-4.238136184590395e-09,5.607048516963514e-13,0.0,0.0,3.738032344642343e-12,1133.78799160602,resolved
B,H4,current_m3,rhf,1,0.175,0.175,0.9999999999999918,-8.027921272191207e-09,0.9999999999999918,-8.027921272191274e-09,-8.027921272191274e-09,0,-4.5873835841092614e-08,-4.5873835841093e-08,5.618476461916515e-13,0.0,0.0,3.2105579782380087e-12,14288.430905791867,resolved
B,H4,current_m3,cisd,1,0.175,0.175,0.9999999999999956,-2.230103940583782e-09,0.9999999999999956,-2.230103940583792e-09,-2.230103940583792e-09,0,-1.2743451089050184e-08,-1.274345108905024e-08,5.618476461916515e-13,0.0,0.0,3.2105579782380087e-12,3969.232505822535,resolved
B,H4,current_m3,controlled_q0.001_phi0.000000000000,1,0.175,0.175,0.9999999999999951,-1.922053556591327e-09,0.9999999999999951,-1.9220535565913365e-09,-1.9220535565913365e-09,0,-1.0983163180521869e-08,-1.0983163180521924e-08,5.618476461916515e-13,0.0,0.0,3.2105579782380087e-12,3420.9515152719828,resolved
B,H4,current_m3,controlled_q0.001_phi1.570796326795,1,0.175,0.175,0.9999999999999953,-2.095707513994141e-09,0.9999999999999953,-2.095707513994151e-09,-2.095707513994151e-09,0,-1.197547150853795e-08,-1.1975471508538007e-08,5.618476461916515e-13,0.0,0.0,3.2105579782380087e-12,3730.028110288239,resolved
B,H4,current_m3,controlled_q0.001_phi3.141592653590,1,0.175,0.175,0.9999999999999958,-2.270139733695323e-09,0.9999999999999958,-2.2701397336953326e-09,-2.2701397336953326e-09,0,-1.2972227049687561e-08,-1.2972227049687616e-08,5.618476461916515e-13,0.0,0.0,3.2105579782380087e-12,4040.489889177105,resolved
B,H4,current_m3,controlled_q0.001_phi4.712388980385,1,0.175,0.175,0.9999999999999952,-2.096485775563914e-09,0.9999999999999952,-2.0964857755639237e-09,-2.0964857755639237e-09,0,-1.197991871750808e-08,-1.1979918717508136e-08,5.618476461916515e-13,0.0,0.0,3.2105579782380087e-12,3731.413292864064,resolved
B,H4,current_m3,controlled_q0.010_phi0.000000000000,1,0.175,0.175,0.9999999999999956,-1.4152722211187252e-09,0.9999999999999956,-1.4152722211187314e-09,-1.4152722211187314e-09,0,-8.087269834964143e-09,-8.08726983496418e-09,5.618476461916515e-13,0.0,0.0,3.2105579782380087e-12,2518.960844121722,resolved
B,H4,current_m3,controlled_q0.010_phi1.570796326795,1,0.175,0.175,0.9999999999999957,-1.961935045848018e-09,0.9999999999999957,-1.9619350458480265e-09,-1.9619350458480265e-09,0,-1.1211057404845816e-08,-1.1211057404845866e-08,5.618476461916515e-13,0.0,0.0,3.2105579782380087e-12,3491.9342621554447,resolved
B,H4,current_m3,controlled_q0.010_phi3.141592653590,1,0.175,0.175,0.9999999999999958,-2.511047833382519e-09,0.9999999999999958,-2.5110478333825297e-09,-2.5110478333825297e-09,0,-1.4348844762185824e-08,-1.4348844762185885e-08,5.618476461916515e-13,0.0,0.0,3.2105579782380087e-12,4469.268226721337,resolved
B,H4,current_m3,controlled_q0.010_phi4.712388980385,1,0.175,0.175,0.9999999999999953,-1.964385011425651e-09,0.9999999999999953,-1.9643850114256602e-09,-1.9643850114256602e-09,0,-1.1225057208146579e-08,-1.122505720814663e-08,5.618476461916515e-13,0.0,0.0,3.2105579782380087e-12,3496.294813622092,resolved
B,H4,current_m3,controlled_q0.050_phi0.000000000000,1,0.175,0.175,0.999999999999996,-1.7222120081610153e-10,0.999999999999996,-1.7222120081610223e-10,-1.7222120081610223e-10,0,-9.841211475205802e-10,-9.841211475205843e-10,5.618476461916515e-13,0.0,0.0,3.2105579782380087e-12,306.52651476509925,resolved
B,H4,current_m3,controlled_q0.050_phi1.570796326795,1,0.175,0.175,0.9999999999999966,-1.36964737815215e-09,0.9999999999999966,-1.3696473781521549e-09,-1.3696473781521549e-09,0,-7.826556446583716e-09,-7.826556446583742e-09,5.618476461916515e-13,0.0,0.0,3.2105579782380087e-12,2437.755835475994,resolved
B,H4,current_m3,controlled_q0.050_phi3.141592653590,1,0.175,0.175,0.9999999999999966,-2.5724400279722348e-09,0.9999999999999966,-2.5724400279722434e-09,-2.5724400279722434e-09,0,-1.4699657302698486e-08,-1.4699657302698535e-08,5.618476461916515e-13,0.0,0.0,3.2105579782380087e-12,4578.536628940066,resolved
B,H4,current_m3,controlled_q0.050_phi4.712388980385,1,0.175,0.175,0.9999999999999956,-1.3750138579821103e-09,0.9999999999999956,-1.3750138579821165e-09,-1.3750138579821165e-09,0,-7.85722204561206e-09,-7.857222045612094e-09,5.618476461916515e-13,0.0,0.0,3.2105579782380087e-12,2447.3073213037546,resolved
B,H4,current_m3,rhf,1,0.2,0.2,0.9999999999999907,-1.5594700142340656e-08,0.9999999999999908,-1.5594700142340802e-08,-1.5594700142340802e-08,0,-7.797350071170328e-08,-7.797350071170401e-08,5.576885890779707e-13,0.0,0.0,2.7884429453898533e-12,27963.097054080758,resolved
B,H4,current_m3,cisd,1,0.2,0.2,0.9999999999999947,-4.348246953434125e-09,0.9999999999999947,-4.348246953434148e-09,-4.348246953434148e-09,0,-2.1741234767170626e-08,-2.174123476717074e-08,5.576885890779707e-13,0.0,0.0,2.7884429453898533e-12,7796.908594854171,resolved
B,H4,current_m3,controlled_q0.001_phi0.000000000000,1,0.2,0.2,0.9999999999999942,-3.7440159747884056e-09,0.9999999999999942,-3.744015974788427e-09,-3.744015974788427e-09,0,-1.8720079873942026e-08,-1.8720079873942135e-08,5.576885890779707e-13,0.0,0.0,2.7884429453898533e-12,6713.45271915713,resolved
B,H4,current_m3,controlled_q0.001_phi1.570796326795,1,0.2,0.2,0.9999999999999946,-4.084993475211504e-09,0.9999999999999946,-4.0849934752115265e-09,-4.0849934752115265e-09,0,-2.042496737605752e-08,-2.042496737605763e-08,5.576885890779707e-13,0.0,0.0,2.7884429453898533e-12,7324.864727760065,resolved
B,H4,current_m3,controlled_q0.001_phi3.141592653590,1,0.2,0.2,0.9999999999999947,-4.426920241800221e-09,0.9999999999999947,-4.4269202418002445e-09,-4.4269202418002445e-09,0,-2.2134601209001106e-08,-2.2134601209001222e-08,5.576885890779707e-13,0.0,0.0,2.7884429453898533e-12,7937.978880147558,resolved
B,H4,current_m3,controlled_q0.001_phi4.712388980385,1,0.2,0.2,0.9999999999999943,-4.085942741051049e-09,0.9999999999999943,-4.085942741051072e-09,-4.085942741051072e-09,0,-2.0429713705255245e-08,-2.042971370525536e-08,5.576885890779707e-13,0.0,0.0,2.7884429453898533e-12,7326.566870959936,resolved
B,H4,current_m3,controlled_q0.010_phi0.000000000000,1,0.2,0.2,0.9999999999999946,-2.7522333517897516e-09,0.9999999999999946,-2.7522333517897665e-09,-2.7522333517897665e-09,0,-1.3761166758948757e-08,-1.3761166758948831e-08,5.576885890779707e-13,0.0,0.0,2.7884429453898533e-12,4935.072019924296,resolved
B,H4,current_m3,controlled_q0.010_phi1.570796326795,1,0.2,0.2,0.9999999999999948,-3.825630843362626e-09,0.9999999999999948,-3.825630843362646e-09,-3.825630843362646e-09,0,-1.912815421681313e-08,-1.912815421681323e-08,5.576885890779707e-13,0.0,0.0,2.7884429453898533e-12,6859.797597235333,resolved
B,H4,current_m3,controlled_q0.010_phi3.141592653590,1,0.2,0.2,0.9999999999999948,-4.902016625369319e-09,0.9999999999999948,-4.902016625369345e-09,-4.902016625369345e-09,0,-2.4510083126846594e-08,-2.4510083126846723e-08,5.576885890779707e-13,0.0,0.0,2.7884429453898533e-12,8789.881524156424,resolved
B,H4,current_m3,controlled_q0.010_phi4.712388980385,1,0.2,0.2,0.9999999999999941,-3.828619131798772e-09,0.9999999999999941,-3.828619131798794e-09,-3.828619131798794e-09,0,-1.9143095658993858e-08,-1.9143095658993968e-08,5.576885890779707e-13,0.0,0.0,2.7884429453898533e-12,6865.15594326333,resolved
B,H4,current_m3,controlled_q0.050_phi0.000000000000,1,0.2,0.2,0.9999999999999952,-3.2445938659153203e-10,0.9999999999999952,-3.244593865915336e-10,-3.244593865915336e-10,0,-1.62229693295766e-09,-1.6222969329576679e-09,5.576885890779707e-13,0.0,0.0,2.7884429453898533e-12,581.7931242379593,resolved
B,H4,current_m3,controlled_q0.050_phi1.570796326795,1,0.2,0.2,0.9999999999999954,-2.6756605282091117e-09,0.9999999999999954,-2.6756605282091237e-09,-2.6756605282091237e-09,0,-1.3378302641045559e-08,-1.3378302641045618e-08,5.576885890779707e-13,0.0,0.0,2.7884429453898533e-12,4797.76811039436,resolved
B,H4,current_m3,controlled_q0.050_phi3.141592653590,1,0.2,0.2,0.9999999999999954,-5.033407304213961e-09,0.9999999999999954,-5.033407304213984e-09,-5.033407304213984e-09,0,-2.5167036521069805e-08,-2.516703652106992e-08,5.576885890779707e-13,0.0,0.0,2.7884429453898533e-12,9025.48017440292,resolved
B,H4,current_m3,controlled_q0.050_phi4.712388980385,1,0.2,0.2,0.9999999999999944,-2.6822061655051854e-09,0.9999999999999944,-2.6822061655052003e-09,-2.6822061655052003e-09,0,-1.3411030827525927e-08,-1.3411030827526002e-08,5.576885890779707e-13,0.0,0.0,2.7884429453898533e-12,4809.505193462342,resolved
B,H4,current_m3,rhf,1,0.225,0.225,0.999999999999988,-2.7985961326137954e-08,0.9999999999999885,-2.798596132613828e-08,-2.798596132613828e-08,0,-1.243820503383909e-07,-1.2438205033839237e-07,5.584125649683397e-13,0.0,0.0,2.4818336220815095e-12,50116.99786469647,resolved
B,H4,current_m3,cisd,1,0.225,0.225,0.999999999999992,-7.836247539353382e-09,0.999999999999992,-7.836247539353445e-09,-7.836247539353445e-09,0,-3.482776684157058e-08,-3.4827766841570866e-08,5.584125649683397e-13,0.0,0.0,2.4818336220815095e-12,14033.078821923846,resolved
B,H4,current_m3,controlled_q0.001_phi0.000000000000,1,0.225,0.225,0.9999999999999917,-6.740054603080715e-09,0.9999999999999917,-6.740054603080772e-09,-6.740054603080772e-09,0,-2.995579823591429e-08,-2.995579823591454e-08,5.584125649683397e-13,0.0,0.0,2.4818336220815095e-12,12070.02676141941,resolved
B,H4,current_m3,controlled_q0.001_phi1.570796326795,1,0.225,0.225,0.999999999999992,-7.35959568070807e-09,0.999999999999992,-7.3595956807081285e-09,-7.3595956807081285e-09,0,-3.270931413648031e-08,-3.270931413648057e-08,5.584125649683397e-13,0.0,0.0,2.4818336220815095e-12,13179.49513031702,resolved
B,H4,current_m3,controlled_q0.001_phi3.141592653590,1,0.225,0.225,0.9999999999999921,-7.979267094291614e-09,0.9999999999999921,-7.979267094291677e-09,-7.979267094291677e-09,0,-3.546340930796273e-08,-3.546340930796301e-08,5.584125649683397e-13,0.0,0.0,2.4818336220815095e-12,14289.19690362629,resolved
B,H4,current_m3,controlled_q0.001_phi4.712388980385,1,0.225,0.225,0.9999999999999918,-7.359726016554352e-09,0.9999999999999918,-7.3597260165544125e-09,-7.3597260165544125e-09,0,-3.270989340690823e-08,-3.27098934069085e-08,5.584125649683397e-13,0.0,0.0,2.4818336220815095e-12,13179.72853453186,resolved
B,H4,current_m3,controlled_q0.010_phi0.000000000000,1,0.225,0.225,0.9999999999999919,-4.945306146761336e-09,0.9999999999999919,-4.945306146761376e-09,-4.945306146761376e-09,0,-2.1979138430050382e-08,-2.197913843005056e-08,5.584125649683397e-13,0.0,0.0,2.4818336220815095e-12,8856.008007344391,resolved
B,H4,current_m3,controlled_q0.010_phi1.570796326795,1,0.225,0.225,0.9999999999999922,-6.895622041251659e-09,0.9999999999999922,-6.895622041251713e-09,-6.895622041251713e-09,0,-3.0647209072229597e-08,-3.0647209072229835e-08,5.584125649683397e-13,0.0,0.0,2.4818336220815095e-12,12348.615475088067,resolved
B,H4,current_m3,controlled_q0.010_phi3.141592653590,1,0.225,0.225,0.9999999999999923,-8.846348232313239e-09,0.9999999999999923,-8.846348232313306e-09,-8.846348232313306e-09,0,-3.93171032547255e-08,-3.9317103254725807e-08,5.584125649683397e-13,0.0,0.0,2.4818336220815095e-12,15841.957698095135,resolved
B,H4,current_m3,controlled_q0.010_phi4.712388980385,1,0.225,0.225,0.9999999999999916,-6.896032338048197e-09,0.9999999999999916,-6.896032338048255e-09,-6.896032338048255e-09,0,-3.0649032613547543e-08,-3.06490326135478e-08,5.584125649683397e-13,0.0,0.0,2.4818336220815095e-12,12349.350230754893,resolved
B,H4,current_m3,controlled_q0.050_phi0.000000000000,1,0.225,0.225,0.9999999999999923,-5.61866138336398e-10,0.9999999999999923,-5.618661383364024e-10,-5.618661383364024e-10,0,-2.497182837050658e-09,-2.4971828370506773e-09,5.584125649683397e-13,0.0,0.0,2.4818336220815095e-12,1006.1846268954464,resolved
B,H4,current_m3,controlled_q0.050_phi1.570796326795,1,0.225,0.225,0.9999999999999933,-4.833894902411817e-09,0.9999999999999933,-4.8338949024118494e-09,-4.8338949024118494e-09,0,-2.148397734405252e-08,-2.1483977344052665e-08,5.584125649683397e-13,0.0,0.0,2.4818336220815095e-12,8656.49379269588,resolved
B,H4,current_m3,controlled_q0.050_phi3.141592653590,1,0.225,0.225,0.9999999999999934,-9.106822381637053e-09,0.9999999999999934,-9.106822381637113e-09,-9.106822381637113e-09,0,-4.0474766140609125e-08,-4.047476614060939e-08,5.584125649683397e-13,0.0,0.0,2.4818336220815095e-12,16308.412369183317,resolved
B,H4,current_m3,controlled_q0.050_phi4.712388980385,1,0.225,0.225,0.9999999999999919,-4.83479361754191e-09,0.9999999999999919,-4.834793617541949e-09,-4.834793617541949e-09,0,-2.1487971633519603e-08,-2.1487971633519775e-08,5.584125649683397e-13,0.0,0.0,2.4818336220815095e-12,8658.103203347564,resolved
B,H4,current_m3,rhf,1,0.25,0.25,0.9999999999999781,-4.71752090169808e-08,0.9999999999999792,-4.71752090169818e-08,-4.71752090169818e-08,0,-1.887008360679232e-07,-1.887008360679272e-07,5.571302218589082e-13,0.0,0.0,2.228520887435633e-12,84675.37241038021,resolved
B,H4,current_m3,cisd,1,0.25,0.25,0.9999999999999838,-1.3271747882403667e-08,0.9999999999999839,-1.3271747882403882e-08,-1.3271747882403882e-08,0,-5.308699152961467e-08,-5.308699152961553e-08,5.571302218589082e-13,0.0,0.0,2.228520887435633e-12,23821.626186641697,resolved
B,H4,current_m3,controlled_q0.001_phi0.000000000000,1,0.25,0.25,0.9999999999999835,-1.1401589508650342e-08,0.9999999999999836,-1.140158950865053e-08,-1.140158950865053e-08,0,-4.560635803460137e-08,-4.560635803460212e-08,5.571302218589082e-13,0.0,0.0,2.228520887435633e-12,20464.855542404526,resolved
B,H4,current_m3,controlled_q0.001_phi1.570796326795,1,0.25,0.25,0.9999999999999837,-1.2460692739788004e-08,0.9999999999999838,-1.2460692739788208e-08,-1.2460692739788208e-08,0,-4.9842770959152016e-08,-4.984277095915283e-08,5.571302218589082e-13,0.0,0.0,2.228520887435633e-12,22365.85317201414,resolved
B,H4,current_m3,controlled_q0.001_phi3.141592653590,1,0.25,0.25,0.9999999999999839,-1.3516288387481828e-08,0.999999999999984,-1.3516288387482045e-08,-1.3516288387482045e-08,0,-5.4065153549927314e-08,-5.406515354992818e-08,5.571302218589082e-13,0.0,0.0,2.228520887435633e-12,24260.554996251474,resolved
B,H4,current_m3,controlled_q0.001_phi4.712388980385,1,0.25,0.25,0.9999999999999833,-1.2457185156458314e-08,0.9999999999999835,-1.2457185156458521e-08,-1.2457185156458521e-08,0,-4.9828740625833257e-08,-4.9828740625834084e-08,5.571302218589082e-13,0.0,0.0,2.228520887435633e-12,22359.557366846748,resolved
B,H4,current_m3,controlled_q0.010_phi0.000000000000,1,0.25,0.25,0.9999999999999838,-8.348122611736752e-09,0.9999999999999838,-8.348122611736888e-09,-8.348122611736888e-09,0,-3.339249044694701e-08,-3.339249044694755e-08,5.571302218589082e-13,0.0,0.0,2.228520887435633e-12,14984.149637193605,resolved
B,H4,current_m3,controlled_q0.010_phi1.570796326795,1,0.25,0.25,0.999999999999984,-1.168218057793352e-08,0.9999999999999841,-1.1682180577933708e-08,-1.1682180577933708e-08,0,-4.672872231173408e-08,-4.672872231173483e-08,5.571302218589082e-13,0.0,0.0,2.228520887435633e-12,20968.4919603805,resolved
B,H4,current_m3,controlled_q0.010_phi3.141592653590,1,0.25,0.25,0.9999999999999841,-1.500519666731699e-08,0.9999999999999842,-1.500519666731723e-08,-1.500519666731723e-08,0,-6.002078666926797e-08,-6.002078666926892e-08,5.571302218589082e-13,0.0,0.0,2.228520887435633e-12,26933.015080838708,resolved
B,H4,current_m3,controlled_q0.010_phi4.712388980385,1,0.25,0.25,0.9999999999999832,-1.1671138703921169e-08,0.9999999999999833,-1.1671138703921364e-08,-1.1671138703921364e-08,0,-4.6684554815684676e-08,-4.6684554815685457e-08,5.571302218589082e-13,0.0,0.0,2.228520887435633e-12,20948.672762679267,resolved
B,H4,current_m3,controlled_q0.050_phi0.000000000000,1,0.25,0.25,0.9999999999999845,-9.089382281712536e-10,0.9999999999999845,-9.089382281712678e-10,-9.089382281712678e-10,0,-3.6357529126850145e-09,-3.635752912685071e-09,5.571302218589082e-13,0.0,0.0,2.228520887435633e-12,1631.4645885454045,resolved
B,H4,current_m3,controlled_q0.050_phi1.570796326795,1,0.25,0.25,0.9999999999999851,-8.211955932965753e-09,0.9999999999999851,-8.211955932965876e-09,-8.211955932965876e-09,0,-3.284782373186301e-08,-3.28478237318635e-08,5.571302218589082e-13,0.0,0.0,2.228520887435633e-12,14739.742363223313,resolved
B,H4,current_m3,controlled_q0.050_phi3.141592653590,1,0.25,0.25,0.9999999999999847,-1.549078719720063e-08,0.9999999999999848,-1.5490787197200865e-08,-1.5490787197200865e-08,0,-6.196314878880252e-08,-6.196314878880346e-08,5.571302218589082e-13,0.0,0.0,2.228520887435633e-12,27804.607593381697,resolved
B,H4,current_m3,controlled_q0.050_phi4.712388980385,1,0.25,0.25,0.9999999999999836,-8.187769491921348e-09,0.9999999999999836,-8.187769491921482e-09,-8.187769491921482e-09,0,-3.2751077967685394e-08,-3.275107796768593e-08,5.571302218589082e-13,0.0,0.0,2.228520887435633e-12,14696.329817833646,resolved
B,H4,current_m3,rhf,1,0.275,0.275,0.9999999999999521,-7.558716424993506e-08,0.999999999999955,-7.558716424993852e-08,-7.558716424993852e-08,0,-2.748624154543093e-07,-2.748624154543219e-07,5.592784842241574e-13,0.0,0.0,2.0337399426332997e-12,135151.21067957964,resolved
B,H4,current_m3,cisd,1,0.275,0.275,0.9999999999999614,-2.137590424961152e-08,0.9999999999999616,-2.1375904249612343e-08,-2.1375904249612343e-08,0,-7.773056090767824e-08,-7.773056090768124e-08,5.592784842241574e-13,0.0,0.0,2.0337399426332997e-12,38220.501686676915,resolved
B,H4,current_m3,controlled_q0.001_phi0.000000000000,1,0.275,0.275,0.9999999999999609,-1.8339849609495186e-08,0.9999999999999611,-1.83398496094959e-08,-1.83398496094959e-08,0,-6.669036221634612e-08,-6.669036221634872e-08,5.592784842241574e-13,0.0,0.0,2.0337399426332997e-12,32791.98132382403,resolved
B,H4,current_m3,controlled_q0.001_phi1.570796326795,1,0.275,0.275,0.9999999999999614,-2.0063606470666073e-08,0.9999999999999616,-2.0063606470666844e-08,-2.0063606470666844e-08,0,-7.295856898424026e-08,-7.295856898424307e-08,5.592784842241574e-13,0.0,0.0,2.0337399426332997e-12,35874.089629066846,resolved
B,H4,current_m3,controlled_q0.001_phi3.141592653590,1,0.275,0.275,0.9999999999999615,-2.177384551643544e-08,0.9999999999999617,-2.1773845516436273e-08,-2.1773845516436273e-08,0,-7.917762005976522e-08,-7.917762005976825e-08,5.592784842241574e-13,0.0,0.0,2.0337399426332997e-12,38932.02783697385,resolved
B,H4,current_m3,controlled_q0.001_phi4.712388980385,1,0.275,0.275,0.999999999999961,-2.005008865597728e-08,0.9999999999999613,-2.0050088655978058e-08,-2.0050088655978058e-08,0,-7.290941329446284e-08,-7.290941329446565e-08,5.592784842241574e-13,0.0,0.0,2.0337399426332997e-12,35849.91953300541,resolved
B,H4,current_m3,controlled_q0.010_phi0.000000000000,1,0.275,0.275,0.9999999999999613,-1.3397596820323443e-08,0.9999999999999614,-1.339759682032396e-08,-1.339759682032396e-08,0,-4.871853389208524e-08,-4.871853389208713e-08,5.592784842241574e-13,0.0,0.0,2.0337399426332997e-12,23955.14434800556,resolved
B,H4,current_m3,controlled_q0.010_phi1.570796326795,1,0.275,0.275,0.9999999999999619,-1.88239850382535e-08,0.9999999999999621,-1.8823985038254214e-08,-1.8823985038254214e-08,0,-6.845085468455817e-08,-6.845085468456077e-08,5.592784842241574e-13,0.0,0.0,2.0337399426332997e-12,33657.6241876469,resolved
B,H4,current_m3,controlled_q0.010_phi3.141592653590,1,0.275,0.275,0.9999999999999618,-2.4207819158783644e-08,0.9999999999999621,-2.4207819158784564e-08,-2.4207819158784564e-08,0,-8.80284333046678e-08,-8.802843330467113e-08,5.592784842241574e-13,0.0,0.0,2.0337399426332997e-12,43284.016534920396,resolved
B,H4,current_m3,controlled_q0.010_phi4.712388980385,1,0.275,0.275,0.9999999999999608,-1.8781430940854882e-08,0.999999999999961,-1.8781430940855616e-08,-1.8781430940855616e-08,0,-6.829611251219957e-08,-6.829611251220224e-08,5.592784842241574e-13,0.0,0.0,2.0337399426332997e-12,33581.536695281364,resolved
B,H4,current_m3,controlled_q0.050_phi0.000000000000,1,0.275,0.275,0.9999999999999623,-1.3892413438373422e-09,0.9999999999999623,-1.3892413438373947e-09,-1.3892413438373947e-09,0,-5.051786704863062e-09,-5.051786704863253e-09,5.592784842241574e-13,0.0,0.0,2.0337399426332997e-12,2483.9885370604343,resolved
B,H4,current_m3,controlled_q0.050_phi1.570796326795,1,0.275,0.275,0.9999999999999638,-1.3275360198281017e-08,0.9999999999999639,-1.3275360198281496e-08,-1.3275360198281496e-08,0,-4.827403708465824e-08,-4.8274037084659985e-08,5.592784842241574e-13,0.0,0.0,2.0337399426332997e-12,23736.583066836316,resolved
B,H4,current_m3,controlled_q0.050_phi3.141592653590,1,0.275,0.275,0.9999999999999635,-2.5068267316054018e-08,0.9999999999999638,-2.5068267316054928e-08,-2.5068267316054928e-08,0,-9.115733569474187e-08,-9.115733569474518e-08,5.592784842241574e-13,0.0,0.0,2.0337399426332997e-12,44822.513333101364,resolved
B,H4,current_m3,controlled_q0.050_phi4.712388980385,1,0.275,0.275,0.9999999999999613,-1.3182148459606191e-08,0.9999999999999614,-1.31821484596067e-08,-1.31821484596067e-08,0,-4.793508530765887e-08,-4.7935085307660726e-08,5.592784842241574e-13,0.0,0.0,2.0337399426332997e-12,23569.918799742023,resolved
B,H4,current_m3,rhf,1,0.3,0.3,0.9999999999998964,-1.1613022049550281e-07,0.9999999999999032,-1.1613022049551431e-07,-1.1613022049551431e-07,0,-3.871007349850094e-07,-3.8710073498504774e-07,5.601374390616757e-13,0.0,0.0,1.8671247968722526e-12,207324.51073086713,resolved
B,H4,current_m3,cisd,1,0.3,0.3,0.9999999999999132,-3.302933013997219e-08,0.9999999999999137,-3.302933013997505e-08,-3.302933013997505e-08,0,-1.1009776713324064e-07,-1.1009776713325017e-07,5.601374390616757e-13,0.0,0.0,1.8671247968722526e-12,58966.47471967213,resolved
B,H4,current_m3,controlled_q0.001_phi0.000000000000,1,0.3,0.3,0.9999999999999126,-2.8298208030759634e-08,0.9999999999999131,-2.82982080307621e-08,-2.82982080307621e-08,0,-9.432736010253211e-08,-9.432736010254033e-08,5.601374390616757e-13,0.0,0.0,1.8671247968722526e-12,50520.11534555498,resolved
B,H4,current_m3,controlled_q0.001_phi1.570796326795,1,0.3,0.3,0.9999999999999133,-3.0992704846532354e-08,0.9999999999999137,-3.0992704846535034e-08,-3.0992704846535034e-08,0,-1.0330901615510785e-07,-1.0330901615511678e-07,5.601374390616757e-13,0.0,0.0,1.8671247968722526e-12,55330.53619563502,resolved
B,H4,current_m3,controlled_q0.001_phi3.141592653590,1,0.3,0.3,0.9999999999999133,-3.365102374311429e-08,0.9999999999999138,-3.36510237431172e-08,-3.36510237431172e-08,0,-1.121700791437143e-07,-1.12170079143724e-07,5.601374390616757e-13,0.0,0.0,1.8671247968722526e-12,60076.36947011684,resolved
B,H4,current_m3,controlled_q0.001_phi4.712388980385,1,0.3,0.3,0.9999999999999126,-3.0956526927581815e-08,0.9999999999999131,-3.095652692758451e-08,-3.095652692758451e-08,0,-1.0318842309193939e-07,-1.0318842309194836e-07,5.601374390616757e-13,0.0,0.0,1.8671247968722526e-12,55265.94862046571,resolved
B,H4,current_m3,controlled_q0.010_phi0.000000000000,1,0.3,0.3,0.999999999999913,-2.0621238402447005e-08,0.9999999999999132,-2.06212384024488e-08,-2.06212384024488e-08,0,-6.873746134149002e-08,-6.8737461341496e-08,5.601374390616757e-13,0.0,0.0,1.8671247968722526e-12,36814.604710213694,resolved
B,H4,current_m3,controlled_q0.010_phi1.570796326795,1,0.3,0.3,0.9999999999999143,-2.9103516908934868e-08,0.9999999999999147,-2.9103516908937353e-08,-2.9103516908937353e-08,0,-9.701172302978289e-08,-9.701172302979118e-08,5.601374390616757e-13,0.0,0.0,1.8671247968722526e-12,51957.814063791455,resolved
B,H4,current_m3,controlled_q0.010_phi3.141592653590,1,0.3,0.3,0.9999999999999141,-3.7471907289503275e-08,0.9999999999999147,-3.747190728950648e-08,-3.747190728950648e-08,0,-1.249063576316776e-07,-1.2490635763168826e-07,5.601374390616757e-13,0.0,0.0,1.8671247968722526e-12,66897.70166456827,resolved
B,H4,current_m3,controlled_q0.010_phi4.712388980385,1,0.3,0.3,0.9999999999999122,-2.8989628785176802e-08,0.9999999999999126,-2.898962878517934e-08,-2.898962878517934e-08,0,-9.663209595058934e-08,-9.66320959505978e-08,5.601374390616757e-13,0.0,0.0,1.8671247968722526e-12,51754.49231484919,resolved
B,H4,current_m3,controlled_q0.050_phi0.000000000000,1,0.3,0.3,0.9999999999999145,-2.0223946218473946e-09,0.9999999999999145,-2.0223946218475674e-09,-2.0223946218475674e-09,0,-6.741315406157982e-09,-6.7413154061585584e-09,5.601374390616757e-13,0.0,0.0,1.8671247968722526e-12,3610.532845715946,resolved
B,H4,current_m3,controlled_q0.050_phi1.570796326795,1,0.3,0.3,0.9999999999999176,-2.0602224596460994e-08,0.9999999999999178,-2.0602224596462688e-08,-2.0602224596462688e-08,0,-6.867408198820332e-08,-6.867408198820896e-08,5.601374390616757e-13,0.0,0.0,1.8671247968722526e-12,36780.65981622864,resolved
B,H4,current_m3,controlled_q0.050_phi3.141592653590,1,0.3,0.3,0.9999999999999166,-3.893259070599776e-08,0.9999999999999174,-3.893259070600099e-08,-3.893259070600099e-08,0,-1.297753023533259e-07,-1.2977530235333664e-07,5.601374390616757e-13,0.0,0.0,1.8671247968722526e-12,69505.42490288882,resolved
B,H4,current_m3,controlled_q0.050_phi4.712388980385,1,0.3,0.3,0.9999999999999132,-2.0352760733699515e-08,0.9999999999999134,-2.035276073370128e-08,-2.035276073370128e-08,0,-6.784253577899839e-08,-6.784253577900427e-08,5.601374390616757e-13,0.0,0.0,1.8671247968722526e-12,36335.29793650967,resolved
B,H4,current_m3,rhf,1,0.35,0.35,0.9999999999995289,-2.4781871116319465e-07,0.9999999999995597,-2.478187111633063e-07,-2.478187111633063e-07,0,-7.080534604662705e-07,-7.080534604665895e-07,5.582092057126421e-13,0.0,0.0,1.5948834448932633e-12,443953.10687650694,resolved
B,H4,current_m3,cisd,1,0.35,0.35,0.9999999999995945,-7.139919968426617e-08,0.9999999999995971,-7.139919968429499e-08,-7.139919968429499e-08,0,-2.0399771338361764e-07,-2.0399771338369999e-07,5.582092057126421e-13,0.0,0.0,1.5948834448932633e-12,127907.59979157604,resolved
B,H4,current_m3,controlled_q0.001_phi0.000000000000,1,0.35,0.35,0.9999999999995939,-6.098155388659201e-08,0.9999999999995958,-6.09815538866167e-08,-6.09815538866167e-08,0,-1.742330111045486e-07,-1.7423301110461917e-07,5.582092057126421e-13,0.0,0.0,1.5948834448932633e-12,109244.98066766819,resolved
B,H4,current_m3,controlled_q0.001_phi1.570796326795,1,0.35,0.35,0.9999999999995953,-6.696195373212012e-08,0.9999999999995975,-6.696195373214712e-08,-6.696195373214712e-08,0,-1.913198678060575e-07,-1.9131986780613464e-07,5.582092057126421e-13,0.0,0.0,1.5948834448932633e-12,119958.52638551997,resolved
B,H4,current_m3,controlled_q0.001_phi3.141592653590,1,0.35,0.35,0.9999999999995949,-7.277563647233945e-08,0.9999999999995975,-7.27756364723688e-08,-7.27756364723688e-08,0,-2.0793038992096986e-07,-2.0793038992105372e-07,5.582092057126421e-13,0.0,0.0,1.5948834448932633e-12,130373.40790435347,resolved
B,H4,current_m3,controlled_q0.001_phi4.712388980385,1,0.35,0.35,0.9999999999995931,-6.679523662715507e-08,0.9999999999995953,-6.679523662718215e-08,-6.679523662718215e-08,0,-1.9084353322044306e-07,-1.9084353322052043e-07,5.582092057126421e-13,0.0,0.0,1.5948834448932633e-12,119659.86218711748,resolved
B,H4,current_m3,controlled_q0.010_phi0.000000000000,1,0.35,0.35,0.9999999999995954,-4.4194444960255915e-08,0.9999999999995964,-4.419444496027377e-08,-4.419444496027377e-08,0,-1.2626984274358835e-07,-1.2626984274363936e-07,5.582092057126421e-13,0.0,0.0,1.5948834448932633e-12,79171.8311127362,resolved
B,H4,current_m3,controlled_q0.010_phi1.570796326795,1,0.35,0.35,0.9999999999995995,-6.302074928837137e-08,0.9999999999996015,-6.302074928839653e-08,-6.302074928839653e-08,0,-1.8005928368106106e-07,-1.8005928368113295e-07,5.582092057126421e-13,0.0,0.0,1.5948834448932633e-12,112898.08309039877,resolved
B,H4,current_m3,controlled_q0.010_phi3.141592653590,1,0.35,0.35,0.9999999999995971,-8.132222801102036e-08,0.9999999999996004,-8.132222801105294e-08,-8.132222801105294e-08,0,-2.3234922288862962e-07,-2.3234922288872271e-07,5.582092057126421e-13,0.0,0.0,1.5948834448932633e-12,145684.13988658556,resolved
B,H4,current_m3,controlled_q0.010_phi4.712388980385,1,0.35,0.35,0.9999999999995923,-6.249592368525597e-08,0.9999999999995943,-6.249592368528137e-08,-6.249592368528137e-08,0,-1.7855978195787423e-07,-1.7855978195794678e-07,5.582092057126421e-13,0.0,0.0,1.5948834448932633e-12,111957.88791313476,resolved
B,H4,current_m3,controlled_q0.050_phi0.000000000000,1,0.35,0.35,0.9999999999996023,-3.783186757314484e-09,0.9999999999996023,-3.783186757315989e-09,-3.783186757315989e-09,0,-1.0809105020898528e-08,-1.0809105020902826e-08,5.582092057126421e-13,0.0,0.0,1.5948834448932633e-12,6777.363609553249,resolved
B,H4,current_m3,controlled_q0.050_phi1.570796326795,1,0.35,0.35,0.9999999999996119,-4.502087226805618e-08,0.9999999999996129,-4.502087226807362e-08,-4.502087226807362e-08,0,-1.2863106362301767e-07,-1.286310636230675e-07,5.582092057126421e-13,0.0,0.0,1.5948834448932633e-12,80652.32856663468,resolved
B,H4,current_m3,controlled_q0.050_phi3.141592653590,1,0.35,0.35,0.9999999999996063,-8.510896449105e-08,0.99999999999961,-8.51089644910833e-08,-8.51089644910833e-08,0,-2.431684699744286e-07,-2.431684699745237e-07,5.582092057126421e-13,0.0,0.0,1.5948834448932633e-12,152467.86262221343,resolved
B,H4,current_m3,controlled_q0.050_phi4.712388980385,1,0.35,0.35,0.9999999999995963,-4.38712789829071e-08,0.9999999999995973,-4.3871278982924784e-08,-4.3871278982924784e-08,0,-1.2534651137973458e-07,-1.253465113797851e-07,5.582092057126421e-13,0.0,0.0,1.5948834448932633e-12,78592.8976697876,resolved
B,H4,current_m3,rhf,1,0.4,0.4,0.9999999999982332,-4.760667777770067e-07,0.9999999999983465,-4.7606677777781184e-07,-4.7606677777781184e-07,0,-1.1901669444425167e-06,-1.1901669444445295e-06,5.611897929570083e-13,0.0,0.0,1.4029744823925206e-12,848316.8862864142,resolved
B,H4,current_m3,cisd,1,0.4,0.4,0.9999999999984708,-1.3921898679884233e-07,0.9999999999984804,-1.3921898679905433e-07,-1.3921898679905433e-07,0,-3.480474669971058e-07,-3.480474669976358e-07,5.611897929570083e-13,0.0,0.0,1.4029744823925206e-12,248078.2589884126,resolved
B,H4,current_m3,controlled_q0.001_phi0.000000000000,1,0.4,0.4,0.9999999999984697,-1.1849286963818712e-07,0.9999999999984767,-1.1849286963836789e-07,-1.1849286963836789e-07,0,-2.9623217409546776e-07,-2.962321740959197e-07,5.611897929570083e-13,0.0,0.0,1.4029744823925206e-12,211145.8033009247,resolved
B,H4,current_m3,controlled_q0.001_phi1.570796326795,1,0.4,0.4,0.9999999999984749,-1.305143526703599e-07,0.9999999999984834,-1.3051435267055822e-07,-1.3051435267055822e-07,0,-3.2628588167589977e-07,-3.2628588167639555e-07,5.611897929570083e-13,0.0,0.0,1.4029744823925206e-12,232567.2246864233,resolved
B,H4,current_m3,controlled_q0.001_phi3.141592653590,1,0.4,0.4,0.9999999999984712,-1.419735738121829e-07,0.9999999999984813,-1.41973573812399e-07,-1.41973573812399e-07,0,-3.5493393453045723e-07,-3.549339345309975e-07,5.611897929570083e-13,0.0,0.0,1.4029744823925206e-12,252986.73567118717,resolved
B,H4,current_m3,controlled_q0.001_phi4.712388980385,1,0.4,0.4,0.9999999999984662,-1.2995209078075186e-07,0.9999999999984747,-1.2995209078095043e-07,-1.2995209078095043e-07,0,-3.2488022695187965e-07,-3.2488022695237606e-07,5.611897929570083e-13,0.0,0.0,1.4029744823925206e-12,231565.31428701032,resolved
B,H4,current_m3,controlled_q0.010_phi0.000000000000,1,0.4,0.4,0.9999999999984753,-8.534641505022304e-08,0.999999999998479,-8.534641505035296e-08,-8.534641505035296e-08,0,-2.133660376255576e-07,-2.133660376258824e-07,5.611897929570083e-13,0.0,0.0,1.4029744823925206e-12,152081.19627500296,resolved
B,H4,current_m3,controlled_q0.010_phi1.570796326795,1,0.4,0.4,0.9999999999984905,-1.231900549208964e-07,0.9999999999984981,-1.2319005492108172e-07,-1.2319005492108172e-07,0,-3.07975137302241e-07,-3.079751373027043e-07,5.611897929570083e-13,0.0,0.0,1.4029744823925206e-12,219515.850906315,resolved
B,H4,current_m3,controlled_q0.010_phi3.141592653590,1,0.4,0.4,0.9999999999984789,-1.592636938307539e-07,0.9999999999984915,-1.592636938309948e-07,-1.592636938309948e-07,0,-3.981592345768847e-07,-3.9815923457748693e-07,5.611897929570083e-13,0.0,0.0,1.4029744823925206e-12,283796.49065170146,resolved
B,H4,current_m3,controlled_q0.010_phi4.712388980385,1,0.4,0.4,0.9999999999984631,-1.2142005396086064e-07,0.9999999999984704,-1.2142005396104664e-07,-1.2142005396104664e-07,0,-3.035501349021516e-07,-3.0355013490261657e-07,5.611897929570083e-13,0.0,0.0,1.4029744823925206e-12,216361.83602177957,resolved
B,H4,current_m3,controlled_q0.050_phi0.000000000000,1,0.4,0.4,0.9999999999985022,-6.113474865712143e-09,0.9999999999985022,-6.1134748657213e-09,-6.1134748657213e-09,0,-1.528368716428036e-08,-1.5283687164303248e-08,5.611897929570083e-13,0.0,0.0,1.4029744823925206e-12,10893.774160608238,resolved
B,H4,current_m3,controlled_q0.050_phi1.570796326795,1,0.4,0.4,0.9999999999985362,-8.900728622890375e-08,0.9999999999985402,-8.900728622903381e-08,-8.900728622903381e-08,0,-2.2251821557225937e-07,-2.225182155725845e-07,5.611897929570083e-13,0.0,0.0,1.4029744823925206e-12,158604.60640224518,resolved
B,H4,current_m3,controlled_q0.050_phi3.141592653590,1,0.4,0.4,0.9999999999985102,-1.6802403592907303e-07,0.9999999999985243,-1.6802403592932177e-07,-1.6802403592932177e-07,0,-4.2006008982268257e-07,-4.200600898233044e-07,5.611897929570083e-13,0.0,0.0,1.4029744823925206e-12,299406.79256428505,resolved
B,H4,current_m3,controlled_q0.050_phi4.712388980385,1,0.4,0.4,0.9999999999984758,-8.513022456413388e-08,0.9999999999984794,-8.513022456426344e-08,-8.513022456426344e-08,0,-2.128255614103347e-07,-2.128255614106586e-07,5.611897929570083e-13,0.0,0.0,1.4029744823925206e-12,151695.96031953412,resolved
B,H4,two_term_center,rhf,-1,0.1,-0.1,0.9999999999999921,4.771937844871843e-10,0.9999999999999921,4.77193784487188e-10,4.77193784487188e-10,0,-4.771937844871843e-09,-4.77193784487188e-09,5.570225793215779e-13,0.0,0.0,5.570225793215779e-12,856.6866087697548,resolved
B,H4,two_term_center,cisd,-1,0.1,-0.1,0.999999999999996,2.2333437220184986e-10,0.999999999999996,2.2333437220185077e-10,2.2333437220185077e-10,0,-2.2333437220184986e-09,-2.2333437220185077e-09,5.570225793215779e-13,0.0,0.0,5.570225793215779e-12,400.9431224024321,resolved
B,H4,two_term_center,controlled_q0.001_phi0.000000000000,-1,0.1,-0.1,0.9999999999999956,2.1118416788740905e-10,0.9999999999999956,2.1118416788740998e-10,2.1118416788740998e-10,0,-2.11184167887409e-09,-2.1118416788740997e-09,5.570225793215779e-13,0.0,0.0,5.570225793215779e-12,379.1303543648436,resolved
B,H4,two_term_center,controlled_q0.001_phi1.570796326795,-1,0.1,-0.1,0.9999999999999957,2.1809338493147812e-10,0.9999999999999957,2.1809338493147907e-10,2.1809338493147907e-10,0,-2.180933849314781e-09,-2.1809338493147907e-09,5.570225793215779e-13,0.0,0.0,5.570225793215779e-12,391.5341909426788,resolved
B,H4,two_term_center,controlled_q0.001_phi3.141592653590,-1,0.1,-0.1,0.999999999999996,2.247611720991248e-10,0.999999999999996,2.247611720991257e-10,2.247611720991257e-10,0,-2.247611720991248e-09,-2.247611720991257e-09,5.570225793215779e-13,0.0,0.0,5.570225793215779e-12,403.5045982747615,resolved
B,H4,two_term_center,controlled_q0.001_phi4.712388980385,-1,0.1,-0.1,0.9999999999999958,2.178519545748686e-10,0.9999999999999958,2.1785195457486954e-10,2.1785195457486954e-10,0,-2.178519545748686e-09,-2.1785195457486952e-09,5.570225793215779e-13,0.0,0.0,5.570225793215779e-12,391.100760834866,resolved
B,H4,two_term_center,controlled_q0.010_phi0.000000000000,-1,0.1,-0.1,0.999999999999996,1.888188644654255e-10,0.999999999999996,1.8881886446542624e-10,1.8881886446542624e-10,0,-1.888188644654255e-09,-1.8881886446542624e-09,5.570225793215779e-13,0.0,0.0,5.570225793215779e-12,338.9788340275115,resolved
B,H4,two_term_center,controlled_q0.010_phi1.570796326795,-1,0.1,-0.1,0.9999999999999958,2.105690890749634e-10,0.9999999999999958,2.105690890749643e-10,2.105690890749643e-10,0,-2.105690890749634e-09,-2.105690890749643e-09,5.570225793215779e-13,0.0,0.0,5.570225793215779e-12,378.026128368844,resolved
B,H4,two_term_center,controlled_q0.010_phi3.141592653590,-1,0.1,-0.1,0.9999999999999959,2.3155928646832515e-10,0.9999999999999959,2.315592864683261e-10,2.315592864683261e-10,0,-2.315592864683251e-09,-2.315592864683261e-09,5.570225793215779e-13,0.0,0.0,5.570225793215779e-12,415.7089767354696,resolved
B,H4,two_term_center,controlled_q0.010_phi4.712388980385,-1,0.1,-0.1,0.9999999999999958,2.0980906074996586e-10,0.9999999999999958,2.0980906074996674e-10,2.0980906074996674e-10,0,-2.0980906074996586e-09,-2.0980906074996673e-09,5.570225793215779e-13,0.0,0.0,5.570225793215779e-12,376.66168040351516,resolved
B,H4,two_term_center,controlled_q0.050_phi0.000000000000,-1,0.1,-0.1,0.9999999999999967,1.2878538920526608e-10,0.9999999999999967,1.2878538920526652e-10,1.2878538920526652e-10,0,-1.2878538920526607e-09,-1.287853892052665e-09,5.570225793215779e-13,0.0,0.0,5.570225793215779e-12,231.20317557345595,resolved
B,H4,two_term_center,controlled_q0.050_phi1.570796326795,-1,0.1,-0.1,0.999999999999996,1.7642771098225207e-10,0.999999999999996,1.7642771098225277e-10,1.7642771098225277e-10,0,-1.7642771098225207e-09,-1.7642771098225276e-09,5.570225793215779e-13,0.0,0.0,5.570225793215779e-12,316.7334997391508,resolved
B,H4,two_term_center,controlled_q0.050_phi3.141592653590,-1,0.1,-0.1,0.9999999999999964,2.2240525482722683e-10,0.9999999999999964,2.2240525482722763e-10,2.2240525482722763e-10,0,-2.2240525482722682e-09,-2.224052548272276e-09,5.570225793215779e-13,0.0,0.0,5.570225793215779e-12,399.2751157378645,resolved
B,H4,two_term_center,controlled_q0.050_phi4.712388980385,-1,0.1,-0.1,0.9999999999999964,1.7476293676099708e-10,0.9999999999999964,1.747629367609977e-10,1.747629367609977e-10,0,-1.7476293676099708e-09,-1.747629367609977e-09,5.570225793215779e-13,0.0,0.0,5.570225793215779e-12,313.7447982339396,resolved
B,H4,two_term_center,rhf,-1,0.125,-0.125,0.9999999999999949,1.4537659409619152e-09,0.9999999999999949,1.4537659409619227e-09,1.4537659409619227e-09,0,-1.1630127527695322e-08,-1.1630127527695382e-08,5.570201170461693e-13,0.0,0.0,4.456160936369355e-12,2609.898451551648,resolved
B,H4,two_term_center,cisd,-1,0.125,-0.125,0.9999999999999984,6.815380145870779e-10,0.9999999999999984,6.815380145870789e-10,6.815380145870789e-10,0,-5.452304116696623e-09,-5.4523041166966315e-09,5.570201170461693e-13,0.0,0.0,4.456160936369355e-12,1223.5429093678276,resolved
B,H4,two_term_center,controlled_q0.001_phi0.000000000000,-1,0.125,-0.125,0.9999999999999982,6.442809528179178e-10,0.9999999999999982,6.442809528179189e-10,6.442809528179189e-10,0,-5.154247622543342e-09,-5.1542476225433515e-09,5.570201170461693e-13,0.0,0.0,4.456160936369355e-12,1156.6565247849312,resolved
B,H4,two_term_center,controlled_q0.001_phi1.570796326795,-1,0.125,-0.125,0.9999999999999986,6.655505356903402e-10,0.9999999999999986,6.655505356903411e-10,6.655505356903411e-10,0,-5.324404285522721e-09,-5.324404285522729e-09,5.570201170461693e-13,0.0,0.0,4.456160936369355e-12,1194.8411113402842,resolved
B,H4,two_term_center,controlled_q0.001_phi3.141592653590,-1,0.125,-0.125,0.9999999999999986,6.859221320441272e-10,0.9999999999999986,6.859221320441282e-10,6.859221320441282e-10,0,-5.487377056353018e-09,-5.487377056353026e-09,5.570201170461693e-13,0.0,0.0,4.456160936369355e-12,1231.41357206543,resolved
B,H4,two_term_center,controlled_q0.001_phi4.712388980385,-1,0.125,-0.125,0.9999999999999986,6.646525500114686e-10,0.9999999999999986,6.646525500114695e-10,6.646525500114695e-10,0,-5.317220400091749e-09,-5.317220400091756e-09,5.570201170461693e-13,0.0,0.0,4.456160936369355e-12,1193.2289870176771,resolved
B,H4,two_term_center,controlled_q0.010_phi0.000000000000,-1,0.125,-0.125,0.9999999999999986,5.758412861668016e-10,0.9999999999999986,5.758412861668024e-10,5.758412861668024e-10,0,-4.606730289334413e-09,-4.60673028933442e-09,5.570201170461693e-13,0.0,0.0,4.456160936369355e-12,1033.7890294168178,resolved
B,H4,two_term_center,controlled_q0.010_phi1.570796326795,-1,0.125,-0.125,0.9999999999999983,6.427979520190474e-10,0.9999999999999983,6.427979520190485e-10,6.427979520190485e-10,0,-5.1423836161523795e-09,-5.142383616152388e-09,5.570201170461693e-13,0.0,0.0,4.456160936369355e-12,1153.994141949039,resolved
B,H4,two_term_center,controlled_q0.010_phi3.141592653590,-1,0.125,-0.125,0.9999999999999988,7.069277574585155e-10,0.9999999999999988,7.069277574585163e-10,7.069277574585163e-10,0,-5.655422059668124e-09,-5.6554220596681306e-09,5.570201170461693e-13,0.0,0.0,4.456160936369355e-12,1269.1242844285296,resolved
B,H4,two_term_center,controlled_q0.010_phi4.712388980385,-1,0.125,-0.125,0.9999999999999986,6.399710934801295e-10,0.9999999999999986,6.399710934801304e-10,6.399710934801304e-10,0,-5.119768747841036e-09,-5.119768747841043e-09,5.570201170461693e-13,0.0,0.0,4.456160936369355e-12,1148.9191752603876,resolved
B,H4,two_term_center,controlled_q0.050_phi0.000000000000,-1,0.125,-0.125,0.9999999999999989,3.924077282879946e-10,0.9999999999999989,3.92407728287995e-10,3.92407728287995e-10,0,-3.1392618263039567e-09,-3.13926182630396e-09,5.570201170461693e-13,0.0,0.0,4.456160936369355e-12,704.4767617530578,resolved
B,H4,two_term_center,controlled_q0.050_phi1.570796326795,-1,0.125,-0.125,0.9999999999999988,5.390715599601359e-10,0.9999999999999988,5.390715599601365e-10,5.390715599601365e-10,0,-4.312572479681087e-09,-4.312572479681092e-09,5.570201170461693e-13,0.0,0.0,4.456160936369355e-12,967.7775424320164,resolved
B,H4,two_term_center,controlled_q0.050_phi3.141592653590,-1,0.125,-0.125,0.9999999999999994,6.795433542851985e-10,0.9999999999999994,6.795433542851989e-10,6.795433542851989e-10,0,-5.436346834281588e-09,-5.436346834281591e-09,5.570201170461693e-13,0.0,0.0,4.456160936369355e-12,1219.9619609588958,resolved
B,H4,two_term_center,controlled_q0.050_phi4.712388980385,-1,0.125,-0.125,0.9999999999999994,5.328795234932349e-10,0.9999999999999994,5.328795234932352e-10,5.328795234932352e-10,0,-4.263036187945879e-09,-4.263036187945881e-09,5.570201170461693e-13,0.0,0.0,4.456160936369355e-12,956.6611818600915,resolved
B,H4,two_term_center,rhf,-1,0.15,-0.15,0.9999999999999949,3.609803678195078e-09,0.9999999999999949,3.609803678195097e-09,3.609803678195097e-09,0,-2.4065357854633856e-08,-2.4065357854633978e-08,5.558145683166109e-13,0.0,0.0,3.705430455444073e-12,6494.618680341627,resolved
B,H4,two_term_center,cisd,-1,0.15,-0.15,0.9999999999999986,1.695810107921789e-09,0.9999999999999986,1.6958101079217915e-09,1.6958101079217915e-09,0,-1.1305400719478594e-08,-1.1305400719478611e-08,5.558145683166109e-13,0.0,0.0,3.705430455444073e-12,3051.035731319295,resolved
B,H4,two_term_center,controlled_q0.001_phi0.000000000000,-1,0.15,-0.15,0.999999999999998,1.6025658661797821e-09,0.999999999999998,1.6025658661797852e-09,1.6025658661797852e-09,0,-1.0683772441198548e-08,-1.068377244119857e-08,5.558145683166109e-13,0.0,0.0,3.705430455444073e-12,2883.2743104115725,resolved
B,H4,two_term_center,controlled_q0.001_phi1.570796326795,-1,0.15,-0.15,0.9999999999999983,1.6559869218078782e-09,0.9999999999999983,1.655986921807881e-09,1.655986921807881e-09,0,-1.1039912812052521e-08,-1.103991281205254e-08,5.558145683166109e-13,0.0,0.0,3.705430455444073e-12,2979.3874004118793,resolved
B,H4,two_term_center,controlled_q0.001_phi3.141592653590,-1,0.15,-0.15,0.9999999999999986,1.7068095095747075e-09,0.9999999999999986,1.70680950957471e-09,1.70680950957471e-09,0,-1.1378730063831384e-08,-1.1378730063831401e-08,5.558145683166109e-13,0.0,0.0,3.705430455444073e-12,3070.8254278834424,resolved
B,H4,two_term_center,controlled_q0.001_phi4.712388980385,-1,0.15,-0.15,0.9999999999999983,1.6533884534923604e-09,0.9999999999999983,1.653388453492363e-09,1.653388453492363e-09,0,-1.102258968994907e-08,-1.1022589689949088e-08,5.558145683166109e-13,0.0,0.0,3.705430455444073e-12,2974.7123370658646,resolved
B,H4,two_term_center,controlled_q0.010_phi0.000000000000,-1,0.15,-0.15,0.9999999999999983,1.4317038301826973e-09,0.9999999999999983,1.4317038301826998e-09,1.4317038301826998e-09,0,-9.544692201217982e-09,-9.544692201217999e-09,5.558145683166109e-13,0.0,0.0,3.705430455444073e-12,2575.865966447914,resolved
B,H4,two_term_center,controlled_q0.010_phi1.570796326795,-1,0.15,-0.15,0.9999999999999981,1.5998733657318631e-09,0.9999999999999981,1.5998733657318662e-09,1.5998733657318662e-09,0,-1.0665822438212421e-08,-1.0665822438212441e-08,5.558145683166109e-13,0.0,0.0,3.705430455444073e-12,2878.4300681023547,resolved
B,H4,two_term_center,controlled_q0.010_phi3.141592653590,-1,0.15,-0.15,0.9999999999999988,1.7598629174410092e-09,0.9999999999999988,1.7598629174410112e-09,1.7598629174410112e-09,0,-1.1732419449606728e-08,-1.1732419449606743e-08,5.558145683166109e-13,0.0,0.0,3.705430455444073e-12,3166.2770602992387,resolved
B,H4,two_term_center,controlled_q0.010_phi4.712388980385,-1,0.15,-0.15,0.9999999999999987,1.5916933821316648e-09,0.9999999999999987,1.5916933821316668e-09,1.5916933821316668e-09,0,-1.06112892142111e-08,-1.0611289214211113e-08,5.558145683166109e-13,0.0,0.0,3.705430455444073e-12,2863.712959076276,resolved
B,H4,two_term_center,controlled_q0.050_phi0.000000000000,-1,0.15,-0.15,0.9999999999999986,9.745818094928142e-10,0.9999999999999986,9.745818094928156e-10,9.745818094928156e-10,0,-6.497212063285428e-09,-6.497212063285438e-09,5.558145683166109e-13,0.0,0.0,3.705430455444073e-12,1753.4297678531866,resolved
B,H4,two_term_center,controlled_q0.050_phi1.570796326795,-1,0.15,-0.15,0.9999999999999984,1.3429452584701185e-09,0.9999999999999984,1.3429452584701205e-09,1.3429452584701205e-09,0,-8.952968389800791e-09,-8.952968389800804e-09,5.558145683166109e-13,0.0,0.0,3.705430455444073e-12,2416.17498896706,resolved
B,H4,two_term_center,controlled_q0.050_phi3.141592653590,-1,0.15,-0.15,0.9999999999999996,1.6933910353274134e-09,0.9999999999999996,1.6933910353274143e-09,1.6933910353274143e-09,0,-1.1289273568849423e-08,-1.128927356884943e-08,5.558145683166109e-13,0.0,0.0,3.705430455444073e-12,3046.6834297923624,resolved
B,H4,two_term_center,controlled_q0.050_phi4.712388980385,-1,0.15,-0.15,0.9999999999999993,1.3250275893855745e-09,0.9999999999999993,1.3250275893855753e-09,1.3250275893855753e-09,0,-8.833517262570497e-09,-8.833517262570502e-09,5.558145683166109e-13,0.0,0.0,3.705430455444073e-12,2383.938214139781,resolved
B,H4,two_term_center,rhf,-1,0.175,-0.175,0.9999999999999937,7.782756050733752e-09,0.9999999999999937,7.782756050733802e-09,7.782756050733802e-09,0,-4.447289171847859e-08,-4.447289171847887e-08,5.589119353359647e-13,0.0,0.0,3.193782487634084e-12,13924.83423359979,resolved
B,H4,two_term_center,cisd,-1,0.175,-0.175,0.9999999999999973,3.66511928713076e-09,0.9999999999999973,3.66511928713077e-09,3.66511928713077e-09,0,-2.0943538783604345e-08,-2.09435387836044e-08,5.589119353359647e-13,0.0,0.0,3.193782487634084e-12,6557.597101460428,resolved
B,H4,two_term_center,controlled_q0.001_phi0.000000000000,-1,0.175,-0.175,0.9999999999999968,3.462220663389156e-09,0.9999999999999968,3.462220663389167e-09,3.462220663389167e-09,0,-1.9784118076509464e-08,-1.9784118076509526e-08,5.589119353359647e-13,0.0,0.0,3.193782487634084e-12,6194.572784186472,resolved
B,H4,two_term_center,controlled_q0.001_phi1.570796326795,-1,0.175,-0.175,0.999999999999997,3.5788252329086584e-09,0.999999999999997,3.578825232908669e-09,3.578825232908669e-09,0,-2.045042990233519e-08,-2.0450429902335254e-08,5.589119353359647e-13,0.0,0.0,3.193782487634084e-12,6403.200587866153,resolved
B,H4,two_term_center,controlled_q0.001_phi3.141592653590,-1,0.175,-0.175,0.9999999999999973,3.6891224421491388e-09,0.9999999999999973,3.6891224421491487e-09,3.6891224421491487e-09,0,-2.1080699669423653e-08,-2.108069966942371e-08,5.589119353359647e-13,0.0,0.0,3.193782487634084e-12,6600.543321608599,resolved
B,H4,two_term_center,controlled_q0.001_phi4.712388980385,-1,0.175,-0.175,0.9999999999999972,3.572517872241915e-09,0.9999999999999972,3.5725178722419248e-09,3.5725178722419248e-09,0,-2.041438784138237e-08,-2.0414387841382428e-08,5.589119353359647e-13,0.0,0.0,3.193782487634084e-12,6391.91551723521,resolved
B,H4,two_term_center,controlled_q0.010_phi0.000000000000,-1,0.175,-0.175,0.9999999999999973,3.09149626331578e-09,0.9999999999999973,3.0914962633157884e-09,3.0914962633157884e-09,0,-1.766569293323303e-08,-1.7665692933233077e-08,5.589119353359647e-13,0.0,0.0,3.193782487634084e-12,5531.2761597360895,resolved
B,H4,two_term_center,controlled_q0.010_phi1.570796326795,-1,0.175,-0.175,0.999999999999997,3.458567562550363e-09,0.999999999999997,3.4585675625503735e-09,3.4585675625503735e-09,0,-1.9763243214573504e-08,-1.9763243214573564e-08,5.589119353359647e-13,0.0,0.0,3.193782487634084e-12,6188.036690380214,resolved
B,H4,two_term_center,controlled_q0.010_phi3.141592653590,-1,0.175,-0.175,0.9999999999999974,3.8057832758396415e-09,0.9999999999999974,3.8057832758396515e-09,3.8057832758396515e-09,0,-2.1747333004797952e-08,-2.174733300479801e-08,5.589119353359647e-13,0.0,0.0,3.193782487634084e-12,6809.27179261607,resolved
B,H4,two_term_center,controlled_q0.010_phi4.712388980385,-1,0.175,-0.175,0.9999999999999973,3.438711979227016e-09,0.9999999999999973,3.438711979227025e-09,3.438711979227025e-09,0,-1.964978273844009e-08,-1.9649782738440144e-08,5.589119353359647e-13,0.0,0.0,3.193782487634084e-12,6152.511266663128,resolved
B,H4,two_term_center,controlled_q0.050_phi0.000000000000,-1,0.175,-0.175,0.9999999999999976,2.101756524806785e-09,0.9999999999999976,2.10175652480679e-09,2.10175652480679e-09,0,-1.2010037284610202e-08,-1.201003728461023e-08,5.589119353359647e-13,0.0,0.0,3.193782487634084e-12,3760.4430893811727,resolved
B,H4,two_term_center,controlled_q0.050_phi1.570796326795,-1,0.175,-0.175,0.9999999999999972,2.9058001872750427e-09,0.9999999999999972,2.9058001872750506e-09,2.9058001872750506e-09,0,-1.660457249871453e-08,-1.6604572498714574e-08,5.589119353359647e-13,0.0,0.0,3.193782487634084e-12,5199.030479691496,resolved
B,H4,two_term_center,controlled_q0.050_phi3.141592653590,-1,0.175,-0.175,0.9999999999999977,3.666351608202517e-09,0.9999999999999977,3.6663516082025256e-09,3.6663516082025256e-09,0,-2.09505806183001e-08,-2.095058061830015e-08,5.589119353359647e-13,0.0,0.0,3.193782487634084e-12,6559.801958780242,resolved
B,H4,two_term_center,controlled_q0.050_phi4.712388980385,-1,0.175,-0.175,0.999999999999998,2.862307942747e-09,0.999999999999998,2.8623079427470057e-09,2.8623079427470057e-09,0,-1.6356045387125714e-08,-1.6356045387125747e-08,5.589119353359647e-13,0.0,0.0,3.193782487634084e-12,5121.2145631251415,resolved
B,H4,two_term_center,rhf,-1,0.2,-0.2,0.999999999999993,1.513010522424807e-08,0.9999999999999931,1.5130105224248175e-08,1.5130105224248175e-08,0,-7.565052612124035e-08,-7.565052612124088e-08,5.578353097326899e-13,0.0,0.0,2.789176548663449e-12,27122.889068277687,resolved
B,H4,two_term_center,cisd,-1,0.2,-0.2,0.9999999999999967,7.145301580191006e-09,0.9999999999999967,7.14530158019103e-09,7.14530158019103e-09,0,-3.572650790095503e-08,-3.572650790095515e-08,5.578353097326899e-13,0.0,0.0,2.789176548663449e-12,12808.98045628373,resolved
B,H4,two_term_center,controlled_q0.001_phi0.000000000000,-1,0.2,-0.2,0.9999999999999962,6.746682087552651e-09,0.9999999999999962,6.746682087552677e-09,6.746682087552677e-09,0,-3.373341043776325e-08,-3.373341043776338e-08,5.578353097326899e-13,0.0,0.0,2.789176548663449e-12,12094.39770097308,resolved
B,H4,two_term_center,controlled_q0.001_phi1.570796326795,-1,0.2,-0.2,0.9999999999999964,6.9763596336445965e-09,0.9999999999999964,6.976359633644621e-09,6.976359633644621e-09,0,-3.488179816822298e-08,-3.48817981682231e-08,5.578353097326899e-13,0.0,0.0,2.789176548663449e-12,12506.12772609825,resolved
B,H4,two_term_center,controlled_q0.001_phi3.141592653590,-1,0.2,-0.2,0.9999999999999967,7.192610878066955e-09,0.9999999999999967,7.192610878066979e-09,7.192610878066979e-09,0,-3.596305439033477e-08,-3.596305439033489e-08,5.578353097326899e-13,0.0,0.0,2.789176548663449e-12,12893.789175005066,resolved
B,H4,two_term_center,controlled_q0.001_phi4.712388980385,-1,0.2,-0.2,0.9999999999999966,6.962933331690693e-09,0.9999999999999966,6.962933331690717e-09,6.962933331690717e-09,0,-3.4814666658453466e-08,-3.4814666658453586e-08,5.578353097326899e-13,0.0,0.0,2.789176548663449e-12,12482.059149370223,resolved
B,H4,two_term_center,controlled_q0.010_phi0.000000000000,-1,0.2,-0.2,0.9999999999999967,6.020721990258395e-09,0.9999999999999967,6.020721990258415e-09,6.020721990258415e-09,0,-3.010360995129198e-08,-3.0103609951292076e-08,5.578353097326899e-13,0.0,0.0,2.789176548663449e-12,10793.009845761604,resolved
B,H4,two_term_center,controlled_q0.010_phi1.570796326795,-1,0.2,-0.2,0.9999999999999961,6.743747121493171e-09,0.9999999999999961,6.7437471214931975e-09,6.7437471214931975e-09,0,-3.3718735607465855e-08,-3.371873560746599e-08,5.578353097326899e-13,0.0,0.0,2.789176548663449e-12,12089.136352312873,resolved
B,H4,two_term_center,controlled_q0.010_phi3.141592653590,-1,0.2,-0.2,0.9999999999999968,7.424506241380411e-09,0.9999999999999968,7.424506241380435e-09,7.424506241380435e-09,0,-3.712253120690205e-08,-3.712253120690217e-08,5.578353097326899e-13,0.0,0.0,2.789176548663449e-12,13309.494956384482,resolved
B,H4,two_term_center,controlled_q0.010_phi4.712388980385,-1,0.2,-0.2,0.9999999999999967,6.701481111356933e-09,0.9999999999999967,6.701481111356955e-09,6.701481111356955e-09,0,-3.3507405556784664e-08,-3.3507405556784777e-08,5.578353097326899e-13,0.0,0.0,2.789176548663449e-12,12013.36845200464,resolved
B,H4,two_term_center,controlled_q0.050_phi0.000000000000,-1,0.2,-0.2,0.9999999999999971,4.0872475228908255e-09,0.9999999999999971,4.087247522890837e-09,4.087247522890837e-09,0,-2.0436237614454126e-08,-2.0436237614454185e-08,5.578353097326899e-13,0.0,0.0,2.789176548663449e-12,7326.978862003915,resolved
B,H4,two_term_center,controlled_q0.050_phi1.570796326795,-1,0.2,-0.2,0.9999999999999967,5.670982839572902e-09,0.9999999999999967,5.670982839572921e-09,5.670982839572921e-09,0,-2.835491419786451e-08,-2.8354914197864604e-08,5.578353097326899e-13,0.0,0.0,2.789176548663449e-12,10166.052131569784,resolved
B,H4,two_term_center,controlled_q0.050_phi3.141592653590,-1,0.2,-0.2,0.9999999999999974,7.162137446611087e-09,0.9999999999999974,7.162137446611105e-09,7.162137446611105e-09,0,-3.5810687233055436e-08,-3.581068723305552e-08,5.578353097326899e-13,0.0,0.0,2.789176548663449e-12,12839.161167555216,resolved
B,H4,two_term_center,controlled_q0.050_phi4.712388980385,-1,0.2,-0.2,0.9999999999999977,5.578402130848592e-09,0.9999999999999977,5.578402130848605e-09,5.578402130848605e-09,0,-2.789201065424296e-08,-2.7892010654243026e-08,5.578353097326899e-13,0.0,0.0,2.789176548663449e-12,10000.087899637829,resolved
B,H4,two_term_center,rhf,-1,0.225,-0.225,0.9999999999999939,2.7176035699572054e-08,0.9999999999999942,2.7176035699572213e-08,2.7176035699572213e-08,0,-1.2078238088698691e-07,-1.207823808869876e-07,5.590058263728134e-13,0.0,0.0,2.484470339434726e-12,48614.94177244542,resolved
B,H4,two_term_center,cisd,-1,0.225,-0.225,0.9999999999999979,1.287512111395367e-08,0.999999999999998,1.2875121113953697e-08,1.2875121113953697e-08,0,-5.722276050646076e-08,-5.722276050646087e-08,5.590058263728134e-13,0.0,0.0,2.484470339434726e-12,23032.176958683373,resolved
B,H4,two_term_center,controlled_q0.001_phi0.000000000000,-1,0.225,-0.225,0.9999999999999976,1.2150658116980432e-08,0.9999999999999977,1.2150658116980462e-08,1.2150658116980462e-08,0,-5.400292496435748e-08,-5.400292496435761e-08,5.590058263728134e-13,0.0,0.0,2.484470339434726e-12,21736.192260860065,resolved
B,H4,two_term_center,controlled_q0.001_phi1.570796326795,-1,0.225,-0.225,0.9999999999999978,1.2568925180159174e-08,0.9999999999999979,1.25689251801592e-08,1.25689251801592e-08,0,-5.5861889689596325e-08,-5.5861889689596444e-08,5.590058263728134e-13,0.0,0.0,2.484470339434726e-12,22484.426077836044,resolved
B,H4,two_term_center,controlled_q0.001_phi3.141592653590,-1,0.225,-0.225,0.9999999999999979,1.2961408318177122e-08,0.999999999999998,1.2961408318177149e-08,1.2961408318177149e-08,0,-5.760625919189832e-08,-5.760625919189844e-08,5.590058263728134e-13,0.0,0.0,2.484470339434726e-12,23186.535285828795,resolved
B,H4,two_term_center,controlled_q0.001_phi4.712388980385,-1,0.225,-0.225,0.999999999999998,1.2543141254383466e-08,0.9999999999999981,1.2543141254383491e-08,1.2543141254383491e-08,0,-5.5747294463926514e-08,-5.5747294463926626e-08,5.590058263728134e-13,0.0,0.0,2.484470339434726e-12,22438.3014677528,resolved
B,H4,two_term_center,controlled_q0.010_phi0.000000000000,-1,0.225,-0.225,0.9999999999999978,1.0836049656590001e-08,0.9999999999999979,1.0836049656590024e-08,1.0836049656590024e-08,0,-4.816022069595556e-08,-4.816022069595566e-08,5.590058263728134e-13,0.0,0.0,2.484470339434726e-12,19384.5021739777,resolved
B,H4,two_term_center,controlled_q0.010_phi1.570796326795,-1,0.225,-0.225,0.9999999999999974,1.2152754764321871e-08,0.9999999999999976,1.2152754764321901e-08,1.2152754764321901e-08,0,-5.4012243396986094e-08,-5.4012243396986226e-08,5.590058263728134e-13,0.0,0.0,2.484470339434726e-12,21739.942932574962,resolved
B,H4,two_term_center,controlled_q0.010_phi3.141592653590,-1,0.225,-0.225,0.9999999999999981,1.3388292050989563e-08,0.9999999999999982,1.3388292050989588e-08,1.3388292050989588e-08,0,-5.950352022662028e-08,-5.950352022662039e-08,5.590058263728134e-13,0.0,0.0,2.484470339434726e-12,23950.183377982565,resolved
B,H4,two_term_center,controlled_q0.010_phi4.712388980385,-1,0.225,-0.225,0.9999999999999979,1.2071586943593338e-08,0.999999999999998,1.2071586943593362e-08,1.2071586943593362e-08,0,-5.3651497527081496e-08,-5.365149752708161e-08,5.590058263728134e-13,0.0,0.0,2.484470339434726e-12,21594.74261998573,resolved
B,H4,two_term_center,controlled_q0.050_phi0.000000000000,-1,0.225,-0.225,0.9999999999999981,7.344196186077395e-09,0.9999999999999981,7.344196186077409e-09,7.344196186077409e-09,0,-3.2640871938121755e-08,-3.2640871938121814e-08,5.590058263728134e-13,0.0,0.0,2.484470339434726e-12,13137.959998970364,resolved
B,H4,two_term_center,controlled_q0.050_phi1.570796326795,-1,0.225,-0.225,0.9999999999999974,1.0228345420637552e-08,0.9999999999999974,1.0228345420637579e-08,1.0228345420637579e-08,0,-4.5459312980611344e-08,-4.545931298061146e-08,5.590058263728134e-13,0.0,0.0,2.484470339434726e-12,18297.38607020536,resolved
B,H4,two_term_center,controlled_q0.050_phi3.141592653590,-1,0.225,-0.225,0.9999999999999986,1.293470228782218e-08,0.9999999999999987,1.2934702287822198e-08,1.2934702287822198e-08,0,-5.748756572365413e-08,-5.748756572365421e-08,5.590058263728134e-13,0.0,0.0,2.484470339434726e-12,23138.761131973853,resolved
B,H4,two_term_center,controlled_q0.050_phi4.712388980385,-1,0.225,-0.225,0.9999999999999987,1.0050553051269007e-08,0.9999999999999987,1.005055305126902e-08,1.005055305126902e-08,0,-4.4669124672306694e-08,-4.4669124672306754e-08,5.590058263728134e-13,0.0,0.0,2.484470339434726e-12,17979.335057173572,resolved
B,H4,two_term_center,rhf,-1,0.25,-0.25,0.9999999999999848,4.585510521293301e-08,0.9999999999999858,4.585510521293368e-08,4.585510521293368e-08,0,-1.8342042085173205e-07,-1.8342042085173472e-07,5.59459021680951e-13,0.0,0.0,2.237836086723804e-12,81963.2956765211,resolved
B,H4,two_term_center,cisd,-1,0.25,-0.25,0.9999999999999896,2.180228529428298e-08,0.9999999999999898,2.1802285294283205e-08,2.1802285294283205e-08,0,-8.720914117713192e-08,-8.720914117713282e-08,5.59459021680951e-13,0.0,0.0,2.237836086723804e-12,38970.29889477127,resolved
B,H4,two_term_center,controlled_q0.001_phi0.000000000000,-1,0.25,-0.25,0.9999999999999892,2.056391402747322e-08,0.9999999999999895,2.0563914027473438e-08,2.0563914027473438e-08,0,-8.225565610989288e-08,-8.225565610989375e-08,5.59459021680951e-13,0.0,0.0,2.237836086723804e-12,36756.78330414061,resolved
B,H4,two_term_center,controlled_q0.001_phi1.570796326795,-1,0.25,-0.25,0.9999999999999892,2.1279889852185777e-08,0.9999999999999895,2.1279889852186e-08,2.1279889852186e-08,0,-8.51195594087431e-08,-8.5119559408744e-08,5.59459021680951e-13,0.0,0.0,2.237836086723804e-12,38036.547856978344,resolved
B,H4,two_term_center,controlled_q0.001_phi3.141592653590,-1,0.25,-0.25,0.9999999999999896,2.195035045922971e-08,0.9999999999999898,2.1950350459229934e-08,2.1950350459229934e-08,0,-8.780140183691884e-08,-8.780140183691974e-08,5.59459021680951e-13,0.0,0.0,2.237836086723804e-12,39234.95664307579,resolved
B,H4,two_term_center,controlled_q0.001_phi4.712388980385,-1,0.25,-0.25,0.9999999999999897,2.1234374634072212e-08,0.9999999999999899,2.1234374634072427e-08,2.1234374634072427e-08,0,-8.493749853628885e-08,-8.493749853628971e-08,5.59459021680951e-13,0.0,0.0,2.237836086723804e-12,37955.19208944275,resolved
B,H4,two_term_center,controlled_q0.010_phi0.000000000000,-1,0.25,-0.25,0.9999999999999896,1.8325646694081704e-08,0.9999999999999898,1.8325646694081893e-08,1.8325646694081893e-08,0,-7.330258677632682e-08,-7.330258677632757e-08,5.59459021680951e-13,0.0,0.0,2.237836086723804e-12,32756.01247616037,resolved
B,H4,two_term_center,controlled_q0.010_phi1.570796326795,-1,0.25,-0.25,0.9999999999999891,2.0579539261947333e-08,0.9999999999999893,2.0579539261947554e-08,2.0579539261947554e-08,0,-8.231815704778933e-08,-8.231815704779022e-08,5.59459021680951e-13,0.0,0.0,2.237836086723804e-12,36784.71248906494,resolved
B,H4,two_term_center,controlled_q0.010_phi3.141592653590,-1,0.25,-0.25,0.9999999999999898,2.2690149882666817e-08,0.99999999999999,2.2690149882667046e-08,2.2690149882667046e-08,0,-9.076059953066727e-08,-9.076059953066818e-08,5.59459021680951e-13,0.0,0.0,2.237836086723804e-12,40557.30447333207,resolved
B,H4,two_term_center,controlled_q0.010_phi4.712388980385,-1,0.25,-0.25,0.9999999999999897,2.0436257315743778e-08,0.9999999999999899,2.0436257315743986e-08,2.0436257315743986e-08,0,-8.174502926297511e-08,-8.174502926297594e-08,5.59459021680951e-13,0.0,0.0,2.237836086723804e-12,36528.604462112315,resolved
B,H4,two_term_center,controlled_q0.050_phi0.000000000000,-1,0.25,-0.25,0.9999999999999901,1.2397902126291327e-08,0.9999999999999902,1.239790212629145e-08,1.239790212629145e-08,0,-4.959160850516531e-08,-4.95916085051658e-08,5.59459021680951e-13,0.0,0.0,2.237836086723804e-12,22160.518725822993,resolved
B,H4,two_term_center,controlled_q0.050_phi1.570796326795,-1,0.25,-0.25,0.9999999999999893,1.7334894077472573e-08,0.9999999999999895,1.7334894077472755e-08,1.7334894077472755e-08,0,-6.93395763098903e-08,-6.933957630989102e-08,5.59459021680951e-13,0.0,0.0,2.237836086723804e-12,30985.100616284886,resolved
B,H4,two_term_center,controlled_q0.050_phi3.141592653590,-1,0.25,-0.25,0.9999999999999905,2.1958037072882056e-08,0.9999999999999907,2.195803707288226e-08,2.195803707288226e-08,0,-8.783214829152822e-08,-8.783214829152904e-08,5.59459021680951e-13,0.0,0.0,2.237836086723804e-12,39248.696011562955,resolved
B,H4,two_term_center,controlled_q0.050_phi4.712388980385,-1,0.25,-0.25,0.999999999999991,1.7021045123702394e-08,0.9999999999999911,1.7021045123702546e-08,1.7021045123702546e-08,0,-6.808418049480958e-08,-6.808418049481019e-08,5.59459021680951e-13,0.0,0.0,2.237836086723804e-12,30424.11412467878,resolved
B,H4,two_term_center,rhf,-1,0.275,-0.275,0.9999999999999714,7.355254150187562e-08,0.999999999999974,7.35525415018776e-08,7.35525415018776e-08,0,-2.674637872795477e-07,-2.6746378727955487e-07,5.594753063981007e-13,0.0,0.0,2.0344556596294572e-12,131467.00249454533,resolved
B,H4,two_term_center,cisd,-1,0.275,-0.275,0.999999999999978,3.510940147566784e-08,0.9999999999999787,3.5109401475668596e-08,3.5109401475668596e-08,0,-1.2767055082061032e-07,-1.2767055082061308e-07,5.594753063981007e-13,0.0,0.0,2.0344556596294572e-12,62754.15746532585,resolved
B,H4,two_term_center,controlled_q0.001_phi0.000000000000,-1,0.275,-0.275,0.9999999999999776,3.309480133434916e-08,0.9999999999999781,3.309480133434989e-08,3.309480133434989e-08,0,-1.2034473212490604e-07,-1.2034473212490868e-07,5.594753063981007e-13,0.0,0.0,2.0344556596294572e-12,59153.283363681105,resolved
B,H4,two_term_center,controlled_q0.001_phi1.570796326795,-1,0.275,-0.275,0.9999999999999776,3.4260430840839934e-08,0.9999999999999781,3.426043084084069e-08,3.426043084084069e-08,0,-1.2458338487578158e-07,-1.245833848757843e-07,5.594753063981007e-13,0.0,0.0,2.0344556596294572e-12,61236.71670409981,resolved
B,H4,two_term_center,controlled_q0.001_phi3.141592653590,-1,0.275,-0.275,0.9999999999999781,3.5351269270609166e-08,0.9999999999999788,3.535126927060993e-08,3.535126927060993e-08,0,-1.2855007007494242e-07,-1.2855007007494517e-07,5.594753063981007e-13,0.0,0.0,2.0344556596294572e-12,63186.46929781488,resolved
B,H4,two_term_center,controlled_q0.001_phi4.712388980385,-1,0.275,-0.275,0.9999999999999778,3.418563976364565e-08,0.9999999999999784,3.41856397636464e-08,3.41856397636464e-08,0,-1.2431141732234782e-07,-1.2431141732235052e-07,5.594753063981007e-13,0.0,0.0,2.0344556596294572e-12,61103.035956551204,resolved
B,H4,two_term_center,controlled_q0.010_phi0.000000000000,-1,0.275,-0.275,0.9999999999999779,2.9469055902393484e-08,0.9999999999999784,2.9469055902394126e-08,2.9469055902394126e-08,0,-1.0716020328143084e-07,-1.0716020328143318e-07,5.594753063981007e-13,0.0,0.0,2.0344556596294572e-12,52672.66591641929,resolved
B,H4,two_term_center,controlled_q0.010_phi1.570796326795,-1,0.275,-0.275,0.9999999999999772,3.313845868546661e-08,0.9999999999999778,3.313845868546735e-08,3.313845868546735e-08,0,-1.2050348612896947e-07,-1.2050348612897217e-07,5.594753063981007e-13,0.0,0.0,2.0344556596294572e-12,59231.31603217993,resolved
B,H4,two_term_center,controlled_q0.010_phi3.141592653590,-1,0.275,-0.275,0.9999999999999782,3.657241908383397e-08,0.9999999999999789,3.657241908383475e-08,3.657241908383475e-08,0,-1.3299061485030533e-07,-1.3299061485030816e-07,5.594753063981007e-13,0.0,0.0,2.0344556596294572e-12,65369.139022930285,resolved
B,H4,two_term_center,controlled_q0.010_phi4.712388980385,-1,0.275,-0.275,0.9999999999999785,3.290301630199527e-08,0.999999999999979,3.2903016301995964e-08,3.2903016301995964e-08,0,-1.1964733200725552e-07,-1.1964733200725804e-07,5.594753063981007e-13,0.0,0.0,2.0344556596294572e-12,58810.48890937605,resolved
B,H4,two_term_center,controlled_q0.050_phi0.000000000000,-1,0.275,-0.275,0.9999999999999786,1.9897484837109617e-08,0.9999999999999788,1.989748483711004e-08,1.989748483711004e-08,0,-7.235449031676224e-08,-7.235449031676378e-08,5.594753063981007e-13,0.0,0.0,2.0344556596294572e-12,35564.54522579294,resolved
B,H4,two_term_center,controlled_q0.050_phi1.570796326795,-1,0.275,-0.275,0.9999999999999777,2.7935051600050387e-08,0.9999999999999781,2.7935051600051002e-08,2.7935051600051002e-08,0,-1.0158200581836503e-07,-1.0158200581836727e-07,5.594753063981007e-13,0.0,0.0,2.0344556596294572e-12,49930.803523565875,resolved
B,H4,two_term_center,controlled_q0.050_phi3.141592653590,-1,0.275,-0.275,0.9999999999999793,3.5456898510313996e-08,0.99999999999998,3.545689851031471e-08,3.545689851031471e-08,0,-1.289341764011418e-07,-1.2893417640114439e-07,5.594753063981007e-13,0.0,0.0,2.0344556596294572e-12,63375.26983735052,resolved
B,H4,two_term_center,controlled_q0.050_phi4.712388980385,-1,0.275,-0.275,0.9999999999999798,2.7419331742606357e-08,0.9999999999999801,2.7419331742606902e-08,2.7419331742606902e-08,0,-9.970666088220492e-08,-9.970666088220691e-08,5.594753063981007e-13,0.0,0.0,2.0344556596294572e-12,49009.01153105733,resolved
B,H4,two_term_center,rhf,-1,0.3,-0.3,0.9999999999999356,1.1314080822222294e-07,0.999999999999942,1.1314080822222975e-07,1.1314080822222975e-07,0,-3.771360274074098e-07,-3.771360274074325e-07,5.566884138993115e-13,0.0,0.0,1.8556280463310387e-12,203239.02096278718,resolved
B,H4,two_term_center,cisd,-1,0.3,-0.3,0.9999999999999468,5.423985538353982e-08,0.9999999999999483,5.423985538354265e-08,5.423985538354265e-08,0,-1.8079951794513273e-07,-1.8079951794514218e-07,5.566884138993115e-13,0.0,0.0,1.8556280463310387e-12,97433.05955232291,resolved
B,H4,two_term_center,controlled_q0.001_phi0.000000000000,-1,0.3,-0.3,0.9999999999999464,5.109350262516867e-08,0.9999999999999477,5.109350262517136e-08,5.109350262517136e-08,0,-1.703116754172289e-07,-1.7031167541723788e-07,5.566884138993115e-13,0.0,0.0,1.8556280463310387e-12,91781.14965117627,resolved
B,H4,two_term_center,controlled_q0.001_phi1.570796326795,-1,0.3,-0.3,0.9999999999999464,5.2914047546587586e-08,0.9999999999999478,5.291404754659037e-08,5.291404754659037e-08,0,-1.763801584886253e-07,-1.7638015848863458e-07,5.566884138993115e-13,0.0,0.0,1.8556280463310387e-12,95051.46186886182,resolved
B,H4,two_term_center,controlled_q0.001_phi3.141592653590,-1,0.3,-0.3,0.9999999999999469,5.4619244226992236e-08,0.9999999999999484,5.461924422699508e-08,5.461924422699508e-08,0,-1.8206414742330745e-07,-1.8206414742331696e-07,5.566884138993115e-13,0.0,0.0,1.8556280463310387e-12,98114.56977236684,resolved
B,H4,two_term_center,controlled_q0.001_phi4.712388980385,-1,0.3,-0.3,0.9999999999999469,5.279869930586295e-08,0.9999999999999484,5.2798699305865703e-08,5.2798699305865703e-08,0,-1.759956643528765e-07,-1.759956643528857e-07,5.566884138993115e-13,0.0,0.0,1.8556280463310387e-12,94844.25755520155,resolved
B,H4,two_term_center,controlled_q0.010_phi0.000000000000,-1,0.3,-0.3,0.9999999999999468,4.545658421143855e-08,0.9999999999999478,4.545658421144094e-08,4.545658421144094e-08,0,-1.5152194737146184e-07,-1.515219473714698e-07,5.566884138993115e-13,0.0,0.0,1.8556280463310387e-12,81655.34449161412,resolved
B,H4,two_term_center,controlled_q0.010_phi1.570796326795,-1,0.3,-0.3,0.9999999999999464,5.118766133269809e-08,0.9999999999999477,5.1187661332700787e-08,5.1187661332700787e-08,0,-1.706255377756603e-07,-1.706255377756693e-07,5.566884138993115e-13,0.0,0.0,1.8556280463310387e-12,91950.29042216859,resolved
B,H4,two_term_center,controlled_q0.010_phi3.141592653590,-1,0.3,-0.3,0.9999999999999473,5.6555622083510843e-08,0.9999999999999488,5.655562208351377e-08,5.655562208351377e-08,0,-1.885187402783695e-07,-1.8851874027837924e-07,5.566884138993115e-13,0.0,0.0,1.8556280463310387e-12,101592.95697815633,resolved
B,H4,two_term_center,controlled_q0.010_phi4.712388980385,-1,0.3,-0.3,0.9999999999999475,5.082454496239258e-08,0.9999999999999488,5.082454496239521e-08,5.082454496239521e-08,0,-1.6941514987464196e-07,-1.694151498746507e-07,5.566884138993115e-13,0.0,0.0,1.8556280463310387e-12,91298.01104785565,resolved
B,H4,two_term_center,controlled_q0.050_phi0.000000000000,-1,0.3,-0.3,0.9999999999999482,3.06268517210809e-08,0.9999999999999486,3.062685172108248e-08,3.062685172108248e-08,0,-1.0208950573693633e-07,-1.020895057369416e-07,5.566884138993115e-13,0.0,0.0,1.8556280463310387e-12,55016.14719544062,resolved
B,H4,two_term_center,controlled_q0.050_phi1.570796326795,-1,0.3,-0.3,0.9999999999999469,4.3180370026124626e-08,0.9999999999999478,4.318037002612689e-08,4.318037002612689e-08,0,-1.4393456675374877e-07,-1.4393456675375631e-07,5.566884138993115e-13,0.0,0.0,1.8556280463310387e-12,77566.49671163208,resolved
B,H4,two_term_center,controlled_q0.050_phi3.141592653590,-1,0.3,-0.3,0.9999999999999488,5.493850765292836e-08,0.9999999999999504,5.493850765293112e-08,5.493850765293112e-08,0,-1.8312835884309453e-07,-1.8312835884310372e-07,5.566884138993115e-13,0.0,0.0,1.8556280463310387e-12,98688.0744797845,resolved
B,H4,two_term_center,controlled_q0.050_phi4.712388980385,-1,0.3,-0.3,0.9999999999999497,4.238498935160706e-08,0.9999999999999506,4.2384989351609165e-08,4.2384989351609165e-08,0,-1.412832978386902e-07,-1.4128329783869722e-07,5.566884138993115e-13,0.0,0.0,1.8556280463310387e-12,76137.72497027977,resolved
B,H4,two_term_center,rhf,-1,0.35,-0.35,0.9999999999997207,2.4210660021228847e-07,0.99999999999975,2.4210660021235136e-07,2.4210660021235136e-07,0,-6.917331434636814e-07,-6.917331434638611e-07,5.588512411854011e-13,0.0,0.0,1.596717831958289e-12,433221.9066003088,resolved
B,H4,two_term_center,cisd,-1,0.35,-0.35,0.9999999999997599,1.172028615161216e-07,0.9999999999997667,1.1720286151614921e-07,1.1720286151614921e-07,0,-3.348653186174903e-07,-3.3486531861756917e-07,5.588512411854011e-13,0.0,0.0,1.596717831958289e-12,209721.0364381012,resolved
B,H4,two_term_center,controlled_q0.001_phi0.000000000000,-1,0.35,-0.35,0.9999999999997595,1.1024162019387562e-07,0.9999999999997656,1.1024162019390168e-07,1.1024162019390168e-07,0,-3.1497605769678754e-07,-3.1497605769686197e-07,5.588512411854011e-13,0.0,0.0,1.596717831958289e-12,197264.69598606927,resolved
B,H4,two_term_center,controlled_q0.001_phi1.570796326795,-1,0.35,-0.35,0.9999999999997591,1.1426107988845441e-07,0.9999999999997656,1.1426107988848143e-07,1.1426107988848143e-07,0,-3.264602282527269e-07,-3.2646022825280414e-07,5.588512411854011e-13,0.0,0.0,1.596717831958289e-12,204457.05666876712,resolved
B,H4,two_term_center,controlled_q0.001_phi3.141592653590,-1,0.35,-0.35,0.9999999999997599,1.1805005869989463e-07,0.9999999999997669,1.1805005869992244e-07,1.1805005869992244e-07,0,-3.3728588199969895e-07,-3.372858819997784e-07,5.588512411854011e-13,0.0,0.0,1.596717831958289e-12,211236.99832802385,resolved
B,H4,two_term_center,controlled_q0.001_phi4.712388980385,-1,0.35,-0.35,0.9999999999997603,1.1403059900494394e-07,0.9999999999997669,1.1403059900497078e-07,1.1403059900497078e-07,0,-3.25801711442697e-07,-3.258017114427737e-07,5.588512411854011e-13,0.0,0.0,1.596717831958289e-12,204044.63764466048,resolved
B,H4,two_term_center,controlled_q0.010_phi0.000000000000,-1,0.35,-0.35,0.9999999999997611,9.789188411205091e-08,0.9999999999997659,9.789188411207399e-08,9.789188411207399e-08,0,-2.796910974630026e-07,-2.7969109746306857e-07,5.588512411854011e-13,0.0,0.0,1.596717831958289e-12,175166.26411065782,resolved
B,H4,two_term_center,controlled_q0.010_phi1.570796326795,-1,0.35,-0.35,0.9999999999997587,1.1054514700240686e-07,0.9999999999997649,1.1054514700243308e-07,1.1054514700243308e-07,0,-3.158432771497339e-07,-3.158432771498088e-07,5.588512411854011e-13,0.0,0.0,1.596717831958289e-12,197807.82228903213,resolved
B,H4,two_term_center,controlled_q0.010_phi3.141592653590,-1,0.35,-0.35,0.999999999999761,1.2247285585859862e-07,0.9999999999997685,1.2247285585862728e-07,1.2247285585862728e-07,0,-3.499224453102818e-07,-3.499224453103637e-07,5.588512411854011e-13,0.0,0.0,1.596717831958289e-12,219151.0849986066,resolved
B,H4,two_term_center,controlled_q0.010_phi4.712388980385,-1,0.35,-0.35,0.9999999999997626,1.0981959296801902e-07,0.9999999999997686,1.0981959296804464e-07,1.0981959296804464e-07,0,-3.137702656229115e-07,-3.1377026562298473e-07,5.588512411854011e-13,0.0,0.0,1.596717831958289e-12,196509.52681983207,resolved
B,H4,two_term_center,controlled_q0.050_phi0.000000000000,-1,0.35,-0.35,0.9999999999997662,6.564551180896451e-08,0.9999999999997683,6.564551180897977e-08,6.564551180897977e-08,0,-1.8755860516847005e-07,-1.8755860516851365e-07,5.588512411854011e-13,0.0,0.0,1.596717831958289e-12,117465.09083476537,resolved
B,H4,two_term_center,controlled_q0.050_phi1.570796326795,-1,0.35,-0.35,0.9999999999997617,9.336158750261614e-08,0.9999999999997661,9.336158750263811e-08,9.336158750263811e-08,0,-2.6674739286461756e-07,-2.6674739286468034e-07,5.588512411854011e-13,0.0,0.0,1.596717831958289e-12,167059.81954085536,resolved
B,H4,two_term_center,controlled_q0.050_phi3.141592653590,-1,0.35,-0.35,0.9999999999997659,1.1948838850337053e-07,0.999999999999773,1.1948838850339792e-07,1.1948838850339792e-07,0,-3.413953957239158e-07,-3.413953957239941e-07,5.588512411854011e-13,0.0,0.0,1.596717831958289e-12,213810.72403081553,resolved
B,H4,two_term_center,controlled_q0.050_phi4.712388980385,-1,0.35,-0.35,0.9999999999997701,9.177231280639575e-08,0.9999999999997743,9.17723128064166e-08,9.17723128064166e-08,0,-2.6220660801827357e-07,-2.622066080183331e-07,5.588512411854011e-13,0.0,0.0,1.596717831958289e-12,164215.99531877914,resolved
B,H4,two_term_center,rhf,-1,0.4,-0.4,0.999999999998965,4.666012532461572e-07,0.999999999999074,4.6660125324660623e-07,4.6660125324660623e-07,0,-1.166503133115393e-06,-1.1665031331165155e-06,5.564221740921134e-13,0.0,0.0,1.3910554352302836e-12,838574.1528138907,resolved
B,H4,two_term_center,cisd,-1,0.4,-0.4,0.9999999999991027,2.2843109149619254e-07,0.9999999999991288,2.2843109149639352e-07,2.2843109149639352e-07,0,-5.710777287404813e-07,-5.710777287409838e-07,5.564221740921134e-13,0.0,0.0,1.3910554352302836e-12,410535.5647785106,resolved
B,H4,two_term_center,controlled_q0.001_phi0.000000000000,-1,0.4,-0.4,0.9999999999991033,2.145103919827163e-07,0.9999999999991263,2.1451039198290537e-07,2.1451039198290537e-07,0,-5.362759799567907e-07,-5.362759799572633e-07,5.564221740921134e-13,0.0,0.0,1.3910554352302836e-12,385517.33193006244,resolved
B,H4,two_term_center,controlled_q0.001_phi1.570796326795,-1,0.4,-0.4,0.9999999999991009,2.2250663627289106e-07,0.9999999999991257,2.2250663627308744e-07,2.2250663627308744e-07,0,-5.562665906822277e-07,-5.562665906827186e-07,5.564221740921134e-13,0.0,0.0,1.3910554352302836e-12,399888.1544143063,resolved
B,H4,two_term_center,controlled_q0.001_phi3.141592653590,-1,0.4,-0.4,0.9999999999991029,2.3014194761829053e-07,0.9999999999991295,2.301419476184929e-07,2.301419476184929e-07,0,-5.753548690457262e-07,-5.753548690462322e-07,5.564221740921134e-13,0.0,0.0,1.3910554352302836e-12,413610.3094629572,resolved
B,H4,two_term_center,controlled_q0.001_phi4.712388980385,-1,0.4,-0.4,0.9999999999991053,2.2214570332746743e-07,0.9999999999991299,2.2214570332766254e-07,2.2214570332766254e-07,0,-5.553642583186686e-07,-5.553642583191564e-07,5.564221740921134e-13,0.0,0.0,1.3910554352302836e-12,399239.4869775483,resolved
B,H4,two_term_center,controlled_q0.010_phi0.000000000000,-1,0.4,-0.4,0.9999999999991085,1.9007435773976907e-07,0.9999999999991266,1.9007435773993623e-07,1.9007435773993623e-07,0,-4.751858943494227e-07,-4.7518589434984053e-07,5.564221740921134e-13,0.0,0.0,1.3910554352302836e-12,341600.976003345,resolved
B,H4,two_term_center,controlled_q0.010_phi1.570796326795,-1,0.4,-0.4,0.9999999999991003,2.1524654227143142e-07,0.9999999999991235,2.1524654227162176e-07,2.1524654227162176e-07,0,-5.381163556785785e-07,-5.381163556790544e-07,5.564221740921134e-13,0.0,0.0,1.3910554352302836e-12,386840.338673847,resolved
B,H4,two_term_center,controlled_q0.010_phi3.141592653590,-1,0.4,-0.4,0.9999999999991057,2.3928250955353487e-07,0.9999999999991344,2.392825095537443e-07,2.392825095537443e-07,0,-5.982062738838371e-07,-5.982062738843607e-07,5.564221740921134e-13,0.0,0.0,1.3910554352302836e-12,430037.69564712315,resolved
B,H4,two_term_center,controlled_q0.010_phi4.712388980385,-1,0.4,-0.4,0.9999999999991135,2.1411032502353933e-07,0.9999999999991364,2.1411032502372586e-07,2.1411032502372586e-07,0,-5.352758125588483e-07,-5.352758125593146e-07,5.564221740921134e-13,0.0,0.0,1.3910554352302836e-12,384798.3329796167,resolved
B,H4,two_term_center,controlled_q0.050_phi0.000000000000,-1,0.4,-0.4,0.9999999999991275,1.2679501046473254e-07,0.9999999999991355,1.267950104648425e-07,1.267950104648425e-07,0,-3.169875261618313e-07,-3.1698752616210623e-07,5.564221740921134e-13,0.0,0.0,1.3910554352302836e-12,227875.5527160967,resolved
B,H4,two_term_center,controlled_q0.050_phi1.570796326795,-1,0.4,-0.4,0.9999999999991096,1.819328968727385e-07,0.9999999999991261,1.8193289687289849e-07,1.8193289687289849e-07,0,-4.5483224218184626e-07,-4.548322421822462e-07,5.564221740921134e-13,0.0,0.0,1.3910554352302836e-12,326969.1707912062,resolved
B,H4,two_term_center,controlled_q0.050_phi3.141592653590,-1,0.4,-0.4,0.9999999999991214,2.3458197990544712e-07,0.9999999999991489,2.3458197990564893e-07,2.3458197990564893e-07,0,-5.864549497636177e-07,-5.864549497641223e-07,5.564221740921134e-13,0.0,0.0,1.3910554352302836e-12,421589.92007858586,resolved
B,H4,two_term_center,controlled_q0.050_phi4.712388980385,-1,0.4,-0.4,0.9999999999991387,1.7944409350274804e-07,0.9999999999991548,1.7944409350290066e-07,1.7944409350290066e-07,0,-4.486102337568701e-07,-4.4861023375725163e-07,5.564221740921134e-13,0.0,0.0,1.3910554352302836e-12,322496.3020130139,resolved
B,H4,two_term_center,rhf,1,0.1,0.1,0.9999999999999921,-4.771937844871843e-10,0.9999999999999921,-4.77193784487188e-10,-4.77193784487188e-10,0,-4.771937844871843e-09,-4.77193784487188e-09,5.570225793215779e-13,0.0,0.0,5.570225793215779e-12,856.6866087697548,resolved
B,H4,two_term_center,cisd,1,0.1,0.1,0.999999999999996,-2.2333437220184986e-10,0.999999999999996,-2.2333437220185077e-10,-2.2333437220185077e-10,0,-2.2333437220184986e-09,-2.2333437220185077e-09,5.570225793215779e-13,0.0,0.0,5.570225793215779e-12,400.9431224024321,resolved
B,H4,two_term_center,controlled_q0.001_phi0.000000000000,1,0.1,0.1,0.9999999999999956,-2.1118416788740903e-10,0.9999999999999956,-2.1118416788740996e-10,-2.1118416788740996e-10,0,-2.11184167887409e-09,-2.1118416788740993e-09,5.570225793215779e-13,0.0,0.0,5.570225793215779e-12,379.1303543648436,resolved
B,H4,two_term_center,controlled_q0.001_phi1.570796326795,1,0.1,0.1,0.9999999999999958,-2.178519545748686e-10,0.9999999999999958,-2.1785195457486954e-10,-2.1785195457486954e-10,0,-2.178519545748686e-09,-2.1785195457486952e-09,5.570225793215779e-13,0.0,0.0,5.570225793215779e-12,391.100760834866,resolved
B,H4,two_term_center,controlled_q0.001_phi3.141592653590,1,0.1,0.1,0.999999999999996,-2.247611720991248e-10,0.999999999999996,-2.247611720991257e-10,-2.247611720991257e-10,0,-2.247611720991248e-09,-2.247611720991257e-09,5.570225793215779e-13,0.0,0.0,5.570225793215779e-12,403.5045982747615,resolved
B,H4,two_term_center,controlled_q0.001_phi4.712388980385,1,0.1,0.1,0.9999999999999957,-2.1809338493147812e-10,0.9999999999999957,-2.1809338493147907e-10,-2.1809338493147907e-10,0,-2.180933849314781e-09,-2.1809338493147907e-09,5.570225793215779e-13,0.0,0.0,5.570225793215779e-12,391.5341909426788,resolved
B,H4,two_term_center,controlled_q0.010_phi0.000000000000,1,0.1,0.1,0.999999999999996,-1.8881886446542557e-10,0.999999999999996,-1.8881886446542632e-10,-1.8881886446542632e-10,0,-1.8881886446542554e-09,-1.8881886446542633e-09,5.570225793215779e-13,0.0,0.0,5.570225793215779e-12,338.97883402751154,resolved
B,H4,two_term_center,controlled_q0.010_phi1.570796326795,1,0.1,0.1,0.9999999999999958,-2.0980906074996586e-10,0.9999999999999958,-2.0980906074996674e-10,-2.0980906074996674e-10,0,-2.0980906074996586e-09,-2.0980906074996673e-09,5.570225793215779e-13,0.0,0.0,5.570225793215779e-12,376.66168040351516,resolved
B,H4,two_term_center,controlled_q0.010_phi3.141592653590,1,0.1,0.1,0.9999999999999959,-2.3155928646832515e-10,0.9999999999999959,-2.315592864683261e-10,-2.315592864683261e-10,0,-2.315592864683251e-09,-2.315592864683261e-09,5.570225793215779e-13,0.0,0.0,5.570225793215779e-12,415.7089767354696,resolved
B,H4,two_term_center,controlled_q0.010_phi4.712388980385,1,0.1,0.1,0.9999999999999958,-2.105690890749634e-10,0.9999999999999958,-2.105690890749643e-10,-2.105690890749643e-10,0,-2.105690890749634e-09,-2.105690890749643e-09,5.570225793215779e-13,0.0,0.0,5.570225793215779e-12,378.026128368844,resolved
B,H4,two_term_center,controlled_q0.050_phi0.000000000000,1,0.1,0.1,0.9999999999999967,-1.2878538920526618e-10,0.9999999999999967,-1.2878538920526662e-10,-1.2878538920526662e-10,0,-1.2878538920526617e-09,-1.287853892052666e-09,5.570225793215779e-13,0.0,0.0,5.570225793215779e-12,231.20317557345615,resolved
B,H4,two_term_center,controlled_q0.050_phi1.570796326795,1,0.1,0.1,0.9999999999999964,-1.7476293676099708e-10,0.9999999999999964,-1.747629367609977e-10,-1.747629367609977e-10,0,-1.7476293676099708e-09,-1.747629367609977e-09,5.570225793215779e-13,0.0,0.0,5.570225793215779e-12,313.7447982339396,resolved
B,H4,two_term_center,controlled_q0.050_phi3.141592653590,1,0.1,0.1,0.9999999999999964,-2.2240525482722683e-10,0.9999999999999964,-2.2240525482722763e-10,-2.2240525482722763e-10,0,-2.2240525482722682e-09,-2.224052548272276e-09,5.570225793215779e-13,0.0,0.0,5.570225793215779e-12,399.2751157378645,resolved
B,H4,two_term_center,controlled_q0.050_phi4.712388980385,1,0.1,0.1,0.999999999999996,-1.7642771098225207e-10,0.999999999999996,-1.7642771098225277e-10,-1.7642771098225277e-10,0,-1.7642771098225207e-09,-1.7642771098225276e-09,5.570225793215779e-13,0.0,0.0,5.570225793215779e-12,316.7334997391508,resolved
B,H4,two_term_center,rhf,1,0.125,0.125,0.9999999999999949,-1.4537659409619152e-09,0.9999999999999949,-1.4537659409619227e-09,-1.4537659409619227e-09,0,-1.1630127527695322e-08,-1.1630127527695382e-08,5.570201170461693e-13,0.0,0.0,4.456160936369355e-12,2609.898451551648,resolved
B,H4,two_term_center,cisd,1,0.125,0.125,0.9999999999999984,-6.815380145870779e-10,0.9999999999999984,-6.815380145870789e-10,-6.815380145870789e-10,0,-5.452304116696623e-09,-5.4523041166966315e-09,5.570201170461693e-13,0.0,0.0,4.456160936369355e-12,1223.5429093678276,resolved
B,H4,two_term_center,controlled_q0.001_phi0.000000000000,1,0.125,0.125,0.9999999999999982,-6.44280952817918e-10,0.9999999999999982,-6.442809528179191e-10,-6.442809528179191e-10,0,-5.154247622543344e-09,-5.154247622543353e-09,5.570201170461693e-13,0.0,0.0,4.456160936369355e-12,1156.6565247849314,resolved
B,H4,two_term_center,controlled_q0.001_phi1.570796326795,1,0.125,0.125,0.9999999999999986,-6.646525500114686e-10,0.9999999999999986,-6.646525500114695e-10,-6.646525500114695e-10,0,-5.317220400091749e-09,-5.317220400091756e-09,5.570201170461693e-13,0.0,0.0,4.456160936369355e-12,1193.2289870176771,resolved
B,H4,two_term_center,controlled_q0.001_phi3.141592653590,1,0.125,0.125,0.9999999999999986,-6.859221320441272e-10,0.9999999999999986,-6.859221320441282e-10,-6.859221320441282e-10,0,-5.487377056353018e-09,-5.487377056353026e-09,5.570201170461693e-13,0.0,0.0,4.456160936369355e-12,1231.41357206543,resolved
B,H4,two_term_center,controlled_q0.001_phi4.712388980385,1,0.125,0.125,0.9999999999999986,-6.655505356903402e-10,0.9999999999999986,-6.655505356903411e-10,-6.655505356903411e-10,0,-5.324404285522721e-09,-5.324404285522729e-09,5.570201170461693e-13,0.0,0.0,4.456160936369355e-12,1194.8411113402842,resolved
B,H4,two_term_center,controlled_q0.010_phi0.000000000000,1,0.125,0.125,0.9999999999999986,-5.758412861668013e-10,0.9999999999999986,-5.758412861668021e-10,-5.758412861668021e-10,0,-4.6067302893344105e-09,-4.606730289334417e-09,5.570201170461693e-13,0.0,0.0,4.456160936369355e-12,1033.7890294168171,resolved
B,H4,two_term_center,controlled_q0.010_phi1.570796326795,1,0.125,0.125,0.9999999999999986,-6.399710934801295e-10,0.9999999999999986,-6.399710934801304e-10,-6.399710934801304e-10,0,-5.119768747841036e-09,-5.119768747841043e-09,5.570201170461693e-13,0.0,0.0,4.456160936369355e-12,1148.9191752603876,resolved
B,H4,two_term_center,controlled_q0.010_phi3.141592653590,1,0.125,0.125,0.9999999999999988,-7.069277574585155e-10,0.9999999999999988,-7.069277574585163e-10,-7.069277574585163e-10,0,-5.655422059668124e-09,-5.6554220596681306e-09,5.570201170461693e-13,0.0,0.0,4.456160936369355e-12,1269.1242844285296,resolved
B,H4,two_term_center,controlled_q0.010_phi4.712388980385,1,0.125,0.125,0.9999999999999983,-6.427979520190474e-10,0.9999999999999983,-6.427979520190485e-10,-6.427979520190485e-10,0,-5.1423836161523795e-09,-5.142383616152388e-09,5.570201170461693e-13,0.0,0.0,4.456160936369355e-12,1153.994141949039,resolved
B,H4,two_term_center,controlled_q0.050_phi0.000000000000,1,0.125,0.125,0.9999999999999989,-3.924077282879946e-10,0.9999999999999989,-3.92407728287995e-10,-3.92407728287995e-10,0,-3.1392618263039567e-09,-3.13926182630396e-09,5.570201170461693e-13,0.0,0.0,4.456160936369355e-12,704.4767617530578,resolved
B,H4,two_term_center,controlled_q0.050_phi1.570796326795,1,0.125,0.125,0.9999999999999994,-5.328795234932349e-10,0.9999999999999994,-5.328795234932352e-10,-5.328795234932352e-10,0,-4.263036187945879e-09,-4.263036187945881e-09,5.570201170461693e-13,0.0,0.0,4.456160936369355e-12,956.6611818600915,resolved
B,H4,two_term_center,controlled_q0.050_phi3.141592653590,1,0.125,0.125,0.9999999999999994,-6.795433542851985e-10,0.9999999999999994,-6.795433542851989e-10,-6.795433542851989e-10,0,-5.436346834281588e-09,-5.436346834281591e-09,5.570201170461693e-13,0.0,0.0,4.456160936369355e-12,1219.9619609588958,resolved
B,H4,two_term_center,controlled_q0.050_phi4.712388980385,1,0.125,0.125,0.9999999999999988,-5.390715599601359e-10,0.9999999999999988,-5.390715599601365e-10,-5.390715599601365e-10,0,-4.312572479681087e-09,-4.312572479681092e-09,5.570201170461693e-13,0.0,0.0,4.456160936369355e-12,967.7775424320164,resolved
B,H4,two_term_center,rhf,1,0.15,0.15,0.9999999999999949,-3.609803678195078e-09,0.9999999999999949,-3.609803678195097e-09,-3.609803678195097e-09,0,-2.4065357854633856e-08,-2.4065357854633978e-08,5.558145683166109e-13,0.0,0.0,3.705430455444073e-12,6494.618680341627,resolved
B,H4,two_term_center,cisd,1,0.15,0.15,0.9999999999999986,-1.695810107921789e-09,0.9999999999999986,-1.6958101079217915e-09,-1.6958101079217915e-09,0,-1.1305400719478594e-08,-1.1305400719478611e-08,5.558145683166109e-13,0.0,0.0,3.705430455444073e-12,3051.035731319295,resolved
B,H4,two_term_center,controlled_q0.001_phi0.000000000000,1,0.15,0.15,0.999999999999998,-1.6025658661797817e-09,0.999999999999998,-1.6025658661797848e-09,-1.6025658661797848e-09,0,-1.0683772441198545e-08,-1.0683772441198566e-08,5.558145683166109e-13,0.0,0.0,3.705430455444073e-12,2883.2743104115716,resolved
B,H4,two_term_center,controlled_q0.001_phi1.570796326795,1,0.15,0.15,0.9999999999999983,-1.6533884534923604e-09,0.9999999999999983,-1.653388453492363e-09,-1.653388453492363e-09,0,-1.102258968994907e-08,-1.1022589689949088e-08,5.558145683166109e-13,0.0,0.0,3.705430455444073e-12,2974.7123370658646,resolved
B,H4,two_term_center,controlled_q0.001_phi3.141592653590,1,0.15,0.15,0.9999999999999986,-1.7068095095747075e-09,0.9999999999999986,-1.70680950957471e-09,-1.70680950957471e-09,0,-1.1378730063831384e-08,-1.1378730063831401e-08,5.558145683166109e-13,0.0,0.0,3.705430455444073e-12,3070.8254278834424,resolved
B,H4,two_term_center,controlled_q0.001_phi4.712388980385,1,0.15,0.15,0.9999999999999983,-1.6559869218078782e-09,0.9999999999999983,-1.655986921807881e-09,-1.655986921807881e-09,0,-1.1039912812052521e-08,-1.103991281205254e-08,5.558145683166109e-13,0.0,0.0,3.705430455444073e-12,2979.3874004118793,resolved
B,H4,two_term_center,controlled_q0.010_phi0.000000000000,1,0.15,0.15,0.9999999999999983,-1.4317038301826976e-09,0.9999999999999983,-1.4317038301827e-09,-1.4317038301827e-09,0,-9.544692201217984e-09,-9.544692201218e-09,5.558145683166109e-13,0.0,0.0,3.705430455444073e-12,2575.8659664479146,resolved
B,H4,two_term_center,controlled_q0.010_phi1.570796326795,1,0.15,0.15,0.9999999999999987,-1.5916933821316648e-09,0.9999999999999987,-1.5916933821316668e-09,-1.5916933821316668e-09,0,-1.06112892142111e-08,-1.0611289214211113e-08,5.558145683166109e-13,0.0,0.0,3.705430455444073e-12,2863.712959076276,resolved
B,H4,two_term_center,controlled_q0.010_phi3.141592653590,1,0.15,0.15,0.9999999999999988,-1.7598629174410092e-09,0.9999999999999988,-1.7598629174410112e-09,-1.7598629174410112e-09,0,-1.1732419449606728e-08,-1.1732419449606743e-08,5.558145683166109e-13,0.0,0.0,3.705430455444073e-12,3166.2770602992387,resolved
B,H4,two_term_center,controlled_q0.010_phi4.712388980385,1,0.15,0.15,0.9999999999999981,-1.5998733657318631e-09,0.9999999999999981,-1.5998733657318662e-09,-1.5998733657318662e-09,0,-1.0665822438212421e-08,-1.0665822438212441e-08,5.558145683166109e-13,0.0,0.0,3.705430455444073e-12,2878.4300681023547,resolved
B,H4,two_term_center,controlled_q0.050_phi0.000000000000,1,0.15,0.15,0.9999999999999986,-9.745818094928142e-10,0.9999999999999986,-9.745818094928156e-10,-9.745818094928156e-10,0,-6.497212063285428e-09,-6.497212063285438e-09,5.558145683166109e-13,0.0,0.0,3.705430455444073e-12,1753.4297678531866,resolved
B,H4,two_term_center,controlled_q0.050_phi1.570796326795,1,0.15,0.15,0.9999999999999993,-1.3250275893855745e-09,0.9999999999999993,-1.3250275893855753e-09,-1.3250275893855753e-09,0,-8.833517262570497e-09,-8.833517262570502e-09,5.558145683166109e-13,0.0,0.0,3.705430455444073e-12,2383.938214139781,resolved
B,H4,two_term_center,controlled_q0.050_phi3.141592653590,1,0.15,0.15,0.9999999999999996,-1.6933910353274134e-09,0.9999999999999996,-1.6933910353274143e-09,-1.6933910353274143e-09,0,-1.1289273568849423e-08,-1.128927356884943e-08,5.558145683166109e-13,0.0,0.0,3.705430455444073e-12,3046.6834297923624,resolved
B,H4,two_term_center,controlled_q0.050_phi4.712388980385,1,0.15,0.15,0.9999999999999984,-1.3429452584701185e-09,0.9999999999999984,-1.3429452584701205e-09,-1.3429452584701205e-09,0,-8.952968389800791e-09,-8.952968389800804e-09,5.558145683166109e-13,0.0,0.0,3.705430455444073e-12,2416.17498896706,resolved
B,H4,two_term_center,rhf,1,0.175,0.175,0.9999999999999937,-7.782756050733752e-09,0.9999999999999937,-7.782756050733802e-09,-7.782756050733802e-09,0,-4.447289171847859e-08,-4.447289171847887e-08,5.589119353359647e-13,0.0,0.0,3.193782487634084e-12,13924.83423359979,resolved
B,H4,two_term_center,cisd,1,0.175,0.175,0.9999999999999973,-3.66511928713076e-09,0.9999999999999973,-3.66511928713077e-09,-3.66511928713077e-09,0,-2.0943538783604345e-08,-2.09435387836044e-08,5.589119353359647e-13,0.0,0.0,3.193782487634084e-12,6557.597101460428,resolved
B,H4,two_term_center,controlled_q0.001_phi0.000000000000,1,0.175,0.175,0.9999999999999968,-3.4622206633891555e-09,0.9999999999999968,-3.4622206633891667e-09,-3.4622206633891667e-09,0,-1.978411807650946e-08,-1.9784118076509526e-08,5.589119353359647e-13,0.0,0.0,3.193782487634084e-12,6194.572784186471,resolved
B,H4,two_term_center,controlled_q0.001_phi1.570796326795,1,0.175,0.175,0.9999999999999972,-3.572517872241915e-09,0.9999999999999972,-3.5725178722419248e-09,-3.5725178722419248e-09,0,-2.041438784138237e-08,-2.0414387841382428e-08,5.589119353359647e-13,0.0,0.0,3.193782487634084e-12,6391.91551723521,resolved
B,H4,two_term_center,controlled_q0.001_phi3.141592653590,1,0.175,0.175,0.9999999999999973,-3.6891224421491388e-09,0.9999999999999973,-3.6891224421491487e-09,-3.6891224421491487e-09,0,-2.1080699669423653e-08,-2.108069966942371e-08,5.589119353359647e-13,0.0,0.0,3.193782487634084e-12,6600.543321608599,resolved
B,H4,two_term_center,controlled_q0.001_phi4.712388980385,1,0.175,0.175,0.999999999999997,-3.5788252329086584e-09,0.999999999999997,-3.578825232908669e-09,-3.578825232908669e-09,0,-2.045042990233519e-08,-2.0450429902335254e-08,5.589119353359647e-13,0.0,0.0,3.193782487634084e-12,6403.200587866153,resolved
B,H4,two_term_center,controlled_q0.010_phi0.000000000000,1,0.175,0.175,0.9999999999999973,-3.0914962633157798e-09,0.9999999999999973,-3.091496263315788e-09,-3.091496263315788e-09,0,-1.7665692933233027e-08,-1.7665692933233077e-08,5.589119353359647e-13,0.0,0.0,3.193782487634084e-12,5531.276159736089,resolved
B,H4,two_term_center,controlled_q0.010_phi1.570796326795,1,0.175,0.175,0.9999999999999973,-3.438711979227016e-09,0.9999999999999973,-3.438711979227025e-09,-3.438711979227025e-09,0,-1.964978273844009e-08,-1.9649782738440144e-08,5.589119353359647e-13,0.0,0.0,3.193782487634084e-12,6152.511266663128,resolved
B,H4,two_term_center,controlled_q0.010_phi3.141592653590,1,0.175,0.175,0.9999999999999974,-3.8057832758396415e-09,0.9999999999999974,-3.8057832758396515e-09,-3.8057832758396515e-09,0,-2.1747333004797952e-08,-2.174733300479801e-08,5.589119353359647e-13,0.0,0.0,3.193782487634084e-12,6809.27179261607,resolved
B,H4,two_term_center,controlled_q0.010_phi4.712388980385,1,0.175,0.175,0.999999999999997,-3.458567562550363e-09,0.999999999999997,-3.4585675625503735e-09,-3.4585675625503735e-09,0,-1.9763243214573504e-08,-1.9763243214573564e-08,5.589119353359647e-13,0.0,0.0,3.193782487634084e-12,6188.036690380214,resolved
B,H4,two_term_center,controlled_q0.050_phi0.000000000000,1,0.175,0.175,0.9999999999999976,-2.1017565248067848e-09,0.9999999999999976,-2.1017565248067898e-09,-2.1017565248067898e-09,0,-1.2010037284610199e-08,-1.2010037284610229e-08,5.589119353359647e-13,0.0,0.0,3.193782487634084e-12,3760.443089381172,resolved
B,H4,two_term_center,controlled_q0.050_phi1.570796326795,1,0.175,0.175,0.999999999999998,-2.862307942747e-09,0.999999999999998,-2.8623079427470057e-09,-2.8623079427470057e-09,0,-1.6356045387125714e-08,-1.6356045387125747e-08,5.589119353359647e-13,0.0,0.0,3.193782487634084e-12,5121.2145631251415,resolved
B,H4,two_term_center,controlled_q0.050_phi3.141592653590,1,0.175,0.175,0.9999999999999977,-3.666351608202517e-09,0.9999999999999977,-3.6663516082025256e-09,-3.6663516082025256e-09,0,-2.09505806183001e-08,-2.095058061830015e-08,5.589119353359647e-13,0.0,0.0,3.193782487634084e-12,6559.801958780242,resolved
B,H4,two_term_center,controlled_q0.050_phi4.712388980385,1,0.175,0.175,0.9999999999999972,-2.9058001872750427e-09,0.9999999999999972,-2.9058001872750506e-09,-2.9058001872750506e-09,0,-1.660457249871453e-08,-1.6604572498714574e-08,5.589119353359647e-13,0.0,0.0,3.193782487634084e-12,5199.030479691496,resolved
B,H4,two_term_center,rhf,1,0.2,0.2,0.999999999999993,-1.513010522424807e-08,0.9999999999999931,-1.5130105224248175e-08,-1.5130105224248175e-08,0,-7.565052612124035e-08,-7.565052612124088e-08,5.578353097326899e-13,0.0,0.0,2.789176548663449e-12,27122.889068277687,resolved
B,H4,two_term_center,cisd,1,0.2,0.2,0.9999999999999967,-7.145301580191006e-09,0.9999999999999967,-7.14530158019103e-09,-7.14530158019103e-09,0,-3.572650790095503e-08,-3.572650790095515e-08,5.578353097326899e-13,0.0,0.0,2.789176548663449e-12,12808.98045628373,resolved
B,H4,two_term_center,controlled_q0.001_phi0.000000000000,1,0.2,0.2,0.9999999999999962,-6.746682087552653e-09,0.9999999999999962,-6.746682087552678e-09,-6.746682087552678e-09,0,-3.3733410437763263e-08,-3.373341043776339e-08,5.578353097326899e-13,0.0,0.0,2.789176548663449e-12,12094.397700973086,resolved
B,H4,two_term_center,controlled_q0.001_phi1.570796326795,1,0.2,0.2,0.9999999999999966,-6.962933331690693e-09,0.9999999999999966,-6.962933331690717e-09,-6.962933331690717e-09,0,-3.4814666658453466e-08,-3.4814666658453586e-08,5.578353097326899e-13,0.0,0.0,2.789176548663449e-12,12482.059149370223,resolved
B,H4,two_term_center,controlled_q0.001_phi3.141592653590,1,0.2,0.2,0.9999999999999967,-7.192610878066955e-09,0.9999999999999967,-7.192610878066979e-09,-7.192610878066979e-09,0,-3.596305439033477e-08,-3.596305439033489e-08,5.578353097326899e-13,0.0,0.0,2.789176548663449e-12,12893.789175005066,resolved
B,H4,two_term_center,controlled_q0.001_phi4.712388980385,1,0.2,0.2,0.9999999999999964,-6.9763596336445965e-09,0.9999999999999964,-6.976359633644621e-09,-6.976359633644621e-09,0,-3.488179816822298e-08,-3.48817981682231e-08,5.578353097326899e-13,0.0,0.0,2.789176548663449e-12,12506.12772609825,resolved
B,H4,two_term_center,controlled_q0.010_phi0.000000000000,1,0.2,0.2,0.9999999999999967,-6.020721990258393e-09,0.9999999999999967,-6.020721990258413e-09,-6.020721990258413e-09,0,-3.0103609951291963e-08,-3.010360995129206e-08,5.578353097326899e-13,0.0,0.0,2.789176548663449e-12,10793.0098457616,resolved
B,H4,two_term_center,controlled_q0.010_phi1.570796326795,1,0.2,0.2,0.9999999999999967,-6.701481111356933e-09,0.9999999999999967,-6.701481111356955e-09,-6.701481111356955e-09,0,-3.3507405556784664e-08,-3.3507405556784777e-08,5.578353097326899e-13,0.0,0.0,2.789176548663449e-12,12013.36845200464,resolved
B,H4,two_term_center,controlled_q0.010_phi3.141592653590,1,0.2,0.2,0.9999999999999968,-7.424506241380411e-09,0.9999999999999968,-7.424506241380435e-09,-7.424506241380435e-09,0,-3.712253120690205e-08,-3.712253120690217e-08,5.578353097326899e-13,0.0,0.0,2.789176548663449e-12,13309.494956384482,resolved
B,H4,two_term_center,controlled_q0.010_phi4.712388980385,1,0.2,0.2,0.9999999999999961,-6.743747121493171e-09,0.9999999999999961,-6.7437471214931975e-09,-6.7437471214931975e-09,0,-3.3718735607465855e-08,-3.371873560746599e-08,5.578353097326899e-13,0.0,0.0,2.789176548663449e-12,12089.136352312873,resolved
B,H4,two_term_center,controlled_q0.050_phi0.000000000000,1,0.2,0.2,0.9999999999999971,-4.087247522890827e-09,0.9999999999999971,-4.087247522890839e-09,-4.087247522890839e-09,0,-2.0436237614454136e-08,-2.0436237614454192e-08,5.578353097326899e-13,0.0,0.0,2.789176548663449e-12,7326.978862003919,resolved
B,H4,two_term_center,controlled_q0.050_phi1.570796326795,1,0.2,0.2,0.9999999999999977,-5.578402130848592e-09,0.9999999999999977,-5.578402130848605e-09,-5.578402130848605e-09,0,-2.789201065424296e-08,-2.7892010654243026e-08,5.578353097326899e-13,0.0,0.0,2.789176548663449e-12,10000.087899637829,resolved
B,H4,two_term_center,controlled_q0.050_phi3.141592653590,1,0.2,0.2,0.9999999999999974,-7.162137446611087e-09,0.9999999999999974,-7.162137446611105e-09,-7.162137446611105e-09,0,-3.5810687233055436e-08,-3.581068723305552e-08,5.578353097326899e-13,0.0,0.0,2.789176548663449e-12,12839.161167555216,resolved
B,H4,two_term_center,controlled_q0.050_phi4.712388980385,1,0.2,0.2,0.9999999999999967,-5.670982839572902e-09,0.9999999999999967,-5.670982839572921e-09,-5.670982839572921e-09,0,-2.835491419786451e-08,-2.8354914197864604e-08,5.578353097326899e-13,0.0,0.0,2.789176548663449e-12,10166.052131569784,resolved
B,H4,two_term_center,rhf,1,0.225,0.225,0.9999999999999939,-2.7176035699572054e-08,0.9999999999999942,-2.7176035699572213e-08,-2.7176035699572213e-08,0,-1.2078238088698691e-07,-1.207823808869876e-07,5.590058263728134e-13,0.0,0.0,2.484470339434726e-12,48614.94177244542,resolved
B,H4,two_term_center,cisd,1,0.225,0.225,0.9999999999999979,-1.287512111395367e-08,0.999999999999998,-1.2875121113953697e-08,-1.2875121113953697e-08,0,-5.722276050646076e-08,-5.722276050646087e-08,5.590058263728134e-13,0.0,0.0,2.484470339434726e-12,23032.176958683373,resolved
B,H4,two_term_center,controlled_q0.001_phi0.000000000000,1,0.225,0.225,0.9999999999999976,-1.2150658116980436e-08,0.9999999999999977,-1.2150658116980465e-08,-1.2150658116980465e-08,0,-5.400292496435749e-08,-5.4002924964357624e-08,5.590058263728134e-13,0.0,0.0,2.484470339434726e-12,21736.192260860073,resolved
B,H4,two_term_center,controlled_q0.001_phi1.570796326795,1,0.225,0.225,0.999999999999998,-1.2543141254383466e-08,0.9999999999999981,-1.2543141254383491e-08,-1.2543141254383491e-08,0,-5.5747294463926514e-08,-5.5747294463926626e-08,5.590058263728134e-13,0.0,0.0,2.484470339434726e-12,22438.3014677528,resolved
B,H4,two_term_center,controlled_q0.001_phi3.141592653590,1,0.225,0.225,0.9999999999999979,-1.2961408318177122e-08,0.999999999999998,-1.2961408318177149e-08,-1.2961408318177149e-08,0,-5.760625919189832e-08,-5.760625919189844e-08,5.590058263728134e-13,0.0,0.0,2.484470339434726e-12,23186.535285828795,resolved
B,H4,two_term_center,controlled_q0.001_phi4.712388980385,1,0.225,0.225,0.9999999999999978,-1.2568925180159174e-08,0.9999999999999979,-1.25689251801592e-08,-1.25689251801592e-08,0,-5.5861889689596325e-08,-5.5861889689596444e-08,5.590058263728134e-13,0.0,0.0,2.484470339434726e-12,22484.426077836044,resolved
B,H4,two_term_center,controlled_q0.010_phi0.000000000000,1,0.225,0.225,0.9999999999999978,-1.0836049656590004e-08,0.9999999999999979,-1.0836049656590027e-08,-1.0836049656590027e-08,0,-4.8160220695955575e-08,-4.8160220695955674e-08,5.590058263728134e-13,0.0,0.0,2.484470339434726e-12,19384.502173977704,resolved
B,H4,two_term_center,controlled_q0.010_phi1.570796326795,1,0.225,0.225,0.9999999999999979,-1.2071586943593338e-08,0.999999999999998,-1.2071586943593362e-08,-1.2071586943593362e-08,0,-5.3651497527081496e-08,-5.365149752708161e-08,5.590058263728134e-13,0.0,0.0,2.484470339434726e-12,21594.74261998573,resolved
B,H4,two_term_center,controlled_q0.010_phi3.141592653590,1,0.225,0.225,0.9999999999999981,-1.3388292050989563e-08,0.9999999999999982,-1.3388292050989588e-08,-1.3388292050989588e-08,0,-5.950352022662028e-08,-5.950352022662039e-08,5.590058263728134e-13,0.0,0.0,2.484470339434726e-12,23950.183377982565,resolved
B,H4,two_term_center,controlled_q0.010_phi4.712388980385,1,0.225,0.225,0.9999999999999974,-1.2152754764321871e-08,0.9999999999999976,-1.2152754764321901e-08,-1.2152754764321901e-08,0,-5.4012243396986094e-08,-5.4012243396986226e-08,5.590058263728134e-13,0.0,0.0,2.484470339434726e-12,21739.942932574962,resolved
B,H4,two_term_center,controlled_q0.050_phi0.000000000000,1,0.225,0.225,0.9999999999999981,-7.344196186077397e-09,0.9999999999999981,-7.344196186077411e-09,-7.344196186077411e-09,0,-3.264087193812176e-08,-3.264087193812183e-08,5.590058263728134e-13,0.0,0.0,2.484470339434726e-12,13137.959998970367,resolved
B,H4,two_term_center,controlled_q0.050_phi1.570796326795,1,0.225,0.225,0.9999999999999987,-1.0050553051269007e-08,0.9999999999999987,-1.005055305126902e-08,-1.005055305126902e-08,0,-4.4669124672306694e-08,-4.4669124672306754e-08,5.590058263728134e-13,0.0,0.0,2.484470339434726e-12,17979.335057173572,resolved
B,H4,two_term_center,controlled_q0.050_phi3.141592653590,1,0.225,0.225,0.9999999999999986,-1.293470228782218e-08,0.9999999999999987,-1.2934702287822198e-08,-1.2934702287822198e-08,0,-5.748756572365413e-08,-5.748756572365421e-08,5.590058263728134e-13,0.0,0.0,2.484470339434726e-12,23138.761131973853,resolved
B,H4,two_term_center,controlled_q0.050_phi4.712388980385,1,0.225,0.225,0.9999999999999974,-1.0228345420637552e-08,0.9999999999999974,-1.0228345420637579e-08,-1.0228345420637579e-08,0,-4.5459312980611344e-08,-4.545931298061146e-08,5.590058263728134e-13,0.0,0.0,2.484470339434726e-12,18297.38607020536,resolved
B,H4,two_term_center,rhf,1,0.25,0.25,0.9999999999999848,-4.585510521293301e-08,0.9999999999999858,-4.585510521293368e-08,-4.585510521293368e-08,0,-1.8342042085173205e-07,-1.8342042085173472e-07,5.59459021680951e-13,0.0,0.0,2.237836086723804e-12,81963.2956765211,resolved
B,H4,two_term_center,cisd,1,0.25,0.25,0.9999999999999896,-2.180228529428298e-08,0.9999999999999898,-2.1802285294283205e-08,-2.1802285294283205e-08,0,-8.720914117713192e-08,-8.720914117713282e-08,5.59459021680951e-13,0.0,0.0,2.237836086723804e-12,38970.29889477127,resolved
B,H4,two_term_center,controlled_q0.001_phi0.000000000000,1,0.25,0.25,0.9999999999999892,-2.0563914027473226e-08,0.9999999999999895,-2.0563914027473445e-08,-2.0563914027473445e-08,0,-8.22556561098929e-08,-8.225565610989378e-08,5.59459021680951e-13,0.0,0.0,2.237836086723804e-12,36756.78330414063,resolved
B,H4,two_term_center,controlled_q0.001_phi1.570796326795,1,0.25,0.25,0.9999999999999897,-2.1234374634072212e-08,0.9999999999999899,-2.1234374634072427e-08,-2.1234374634072427e-08,0,-8.493749853628885e-08,-8.493749853628971e-08,5.59459021680951e-13,0.0,0.0,2.237836086723804e-12,37955.19208944275,resolved
B,H4,two_term_center,controlled_q0.001_phi3.141592653590,1,0.25,0.25,0.9999999999999896,-2.195035045922971e-08,0.9999999999999898,-2.1950350459229934e-08,-2.1950350459229934e-08,0,-8.780140183691884e-08,-8.780140183691974e-08,5.59459021680951e-13,0.0,0.0,2.237836086723804e-12,39234.95664307579,resolved
B,H4,two_term_center,controlled_q0.001_phi4.712388980385,1,0.25,0.25,0.9999999999999892,-2.1279889852185777e-08,0.9999999999999895,-2.1279889852186e-08,-2.1279889852186e-08,0,-8.51195594087431e-08,-8.5119559408744e-08,5.59459021680951e-13,0.0,0.0,2.237836086723804e-12,38036.547856978344,resolved
B,H4,two_term_center,controlled_q0.010_phi0.000000000000,1,0.25,0.25,0.9999999999999896,-1.8325646694081708e-08,0.9999999999999898,-1.8325646694081896e-08,-1.8325646694081896e-08,0,-7.330258677632683e-08,-7.330258677632759e-08,5.59459021680951e-13,0.0,0.0,2.237836086723804e-12,32756.012476160373,resolved
B,H4,two_term_center,controlled_q0.010_phi1.570796326795,1,0.25,0.25,0.9999999999999897,-2.0436257315743778e-08,0.9999999999999899,-2.0436257315743986e-08,-2.0436257315743986e-08,0,-8.174502926297511e-08,-8.174502926297594e-08,5.59459021680951e-13,0.0,0.0,2.237836086723804e-12,36528.604462112315,resolved
B,H4,two_term_center,controlled_q0.010_phi3.141592653590,1,0.25,0.25,0.9999999999999898,-2.2690149882666817e-08,0.99999999999999,-2.2690149882667046e-08,-2.2690149882667046e-08,0,-9.076059953066727e-08,-9.076059953066818e-08,5.59459021680951e-13,0.0,0.0,2.237836086723804e-12,40557.30447333207,resolved
B,H4,two_term_center,controlled_q0.010_phi4.712388980385,1,0.25,0.25,0.9999999999999891,-2.0579539261947333e-08,0.9999999999999893,-2.0579539261947554e-08,-2.0579539261947554e-08,0,-8.231815704778933e-08,-8.231815704779022e-08,5.59459021680951e-13,0.0,0.0,2.237836086723804e-12,36784.71248906494,resolved
B,H4,two_term_center,controlled_q0.050_phi0.000000000000,1,0.25,0.25,0.9999999999999901,-1.2397902126291328e-08,0.9999999999999902,-1.2397902126291451e-08,-1.2397902126291451e-08,0,-4.9591608505165314e-08,-4.9591608505165803e-08,5.59459021680951e-13,0.0,0.0,2.237836086723804e-12,22160.518725822996,resolved
B,H4,two_term_center,controlled_q0.050_phi1.570796326795,1,0.25,0.25,0.999999999999991,-1.7021045123702394e-08,0.9999999999999911,-1.7021045123702546e-08,-1.7021045123702546e-08,0,-6.808418049480958e-08,-6.808418049481019e-08,5.59459021680951e-13,0.0,0.0,2.237836086723804e-12,30424.11412467878,resolved
B,H4,two_term_center,controlled_q0.050_phi3.141592653590,1,0.25,0.25,0.9999999999999905,-2.1958037072882056e-08,0.9999999999999907,-2.195803707288226e-08,-2.195803707288226e-08,0,-8.783214829152822e-08,-8.783214829152904e-08,5.59459021680951e-13,0.0,0.0,2.237836086723804e-12,39248.696011562955,resolved
B,H4,two_term_center,controlled_q0.050_phi4.712388980385,1,0.25,0.25,0.9999999999999893,-1.7334894077472573e-08,0.9999999999999895,-1.7334894077472755e-08,-1.7334894077472755e-08,0,-6.93395763098903e-08,-6.933957630989102e-08,5.59459021680951e-13,0.0,0.0,2.237836086723804e-12,30985.100616284886,resolved
B,H4,two_term_center,rhf,1,0.275,0.275,0.9999999999999714,-7.355254150187562e-08,0.999999999999974,-7.35525415018776e-08,-7.35525415018776e-08,0,-2.674637872795477e-07,-2.6746378727955487e-07,5.594753063981007e-13,0.0,0.0,2.0344556596294572e-12,131467.00249454533,resolved
B,H4,two_term_center,cisd,1,0.275,0.275,0.999999999999978,-3.510940147566784e-08,0.9999999999999787,-3.5109401475668596e-08,-3.5109401475668596e-08,0,-1.2767055082061032e-07,-1.2767055082061308e-07,5.594753063981007e-13,0.0,0.0,2.0344556596294572e-12,62754.15746532585,resolved
B,H4,two_term_center,controlled_q0.001_phi0.000000000000,1,0.275,0.275,0.9999999999999776,-3.309480133434916e-08,0.9999999999999781,-3.309480133434989e-08,-3.309480133434989e-08,0,-1.2034473212490604e-07,-1.2034473212490868e-07,5.594753063981007e-13,0.0,0.0,2.0344556596294572e-12,59153.283363681105,resolved
B,H4,two_term_center,controlled_q0.001_phi1.570796326795,1,0.275,0.275,0.9999999999999778,-3.418563976364565e-08,0.9999999999999784,-3.41856397636464e-08,-3.41856397636464e-08,0,-1.2431141732234782e-07,-1.2431141732235052e-07,5.594753063981007e-13,0.0,0.0,2.0344556596294572e-12,61103.035956551204,resolved
B,H4,two_term_center,controlled_q0.001_phi3.141592653590,1,0.275,0.275,0.9999999999999781,-3.5351269270609166e-08,0.9999999999999788,-3.535126927060993e-08,-3.535126927060993e-08,0,-1.2855007007494242e-07,-1.2855007007494517e-07,5.594753063981007e-13,0.0,0.0,2.0344556596294572e-12,63186.46929781488,resolved
B,H4,two_term_center,controlled_q0.001_phi4.712388980385,1,0.275,0.275,0.9999999999999776,-3.4260430840839934e-08,0.9999999999999781,-3.426043084084069e-08,-3.426043084084069e-08,0,-1.2458338487578158e-07,-1.245833848757843e-07,5.594753063981007e-13,0.0,0.0,2.0344556596294572e-12,61236.71670409981,resolved
B,H4,two_term_center,controlled_q0.010_phi0.000000000000,1,0.275,0.275,0.9999999999999779,-2.9469055902393484e-08,0.9999999999999784,-2.9469055902394126e-08,-2.9469055902394126e-08,0,-1.0716020328143084e-07,-1.0716020328143318e-07,5.594753063981007e-13,0.0,0.0,2.0344556596294572e-12,52672.66591641929,resolved
B,H4,two_term_center,controlled_q0.010_phi1.570796326795,1,0.275,0.275,0.9999999999999785,-3.290301630199527e-08,0.999999999999979,-3.2903016301995964e-08,-3.2903016301995964e-08,0,-1.1964733200725552e-07,-1.1964733200725804e-07,5.594753063981007e-13,0.0,0.0,2.0344556596294572e-12,58810.48890937605,resolved
B,H4,two_term_center,controlled_q0.010_phi3.141592653590,1,0.275,0.275,0.9999999999999782,-3.657241908383397e-08,0.9999999999999789,-3.657241908383475e-08,-3.657241908383475e-08,0,-1.3299061485030533e-07,-1.3299061485030816e-07,5.594753063981007e-13,0.0,0.0,2.0344556596294572e-12,65369.139022930285,resolved
B,H4,two_term_center,controlled_q0.010_phi4.712388980385,1,0.275,0.275,0.9999999999999772,-3.313845868546661e-08,0.9999999999999778,-3.313845868546735e-08,-3.313845868546735e-08,0,-1.2050348612896947e-07,-1.2050348612897217e-07,5.594753063981007e-13,0.0,0.0,2.0344556596294572e-12,59231.31603217993,resolved
B,H4,two_term_center,controlled_q0.050_phi0.000000000000,1,0.275,0.275,0.9999999999999786,-1.989748483710961e-08,0.9999999999999788,-1.9897484837110034e-08,-1.9897484837110034e-08,0,-7.235449031676222e-08,-7.235449031676375e-08,5.594753063981007e-13,0.0,0.0,2.0344556596294572e-12,35564.54522579293,resolved
B,H4,two_term_center,controlled_q0.050_phi1.570796326795,1,0.275,0.275,0.9999999999999798,-2.7419331742606357e-08,0.9999999999999801,-2.7419331742606902e-08,-2.7419331742606902e-08,0,-9.970666088220492e-08,-9.970666088220691e-08,5.594753063981007e-13,0.0,0.0,2.0344556596294572e-12,49009.01153105733,resolved
B,H4,two_term_center,controlled_q0.050_phi3.141592653590,1,0.275,0.275,0.9999999999999793,-3.5456898510313996e-08,0.99999999999998,-3.545689851031471e-08,-3.545689851031471e-08,0,-1.289341764011418e-07,-1.2893417640114439e-07,5.594753063981007e-13,0.0,0.0,2.0344556596294572e-12,63375.26983735052,resolved
B,H4,two_term_center,controlled_q0.050_phi4.712388980385,1,0.275,0.275,0.9999999999999777,-2.7935051600050387e-08,0.9999999999999781,-2.7935051600051002e-08,-2.7935051600051002e-08,0,-1.0158200581836503e-07,-1.0158200581836727e-07,5.594753063981007e-13,0.0,0.0,2.0344556596294572e-12,49930.803523565875,resolved
B,H4,two_term_center,rhf,1,0.3,0.3,0.9999999999999356,-1.1314080822222294e-07,0.999999999999942,-1.1314080822222975e-07,-1.1314080822222975e-07,0,-3.771360274074098e-07,-3.771360274074325e-07,5.566884138993115e-13,0.0,0.0,1.8556280463310387e-12,203239.02096278718,resolved
B,H4,two_term_center,cisd,1,0.3,0.3,0.9999999999999468,-5.423985538353982e-08,0.9999999999999483,-5.423985538354265e-08,-5.423985538354265e-08,0,-1.8079951794513273e-07,-1.8079951794514218e-07,5.566884138993115e-13,0.0,0.0,1.8556280463310387e-12,97433.05955232291,resolved
B,H4,two_term_center,controlled_q0.001_phi0.000000000000,1,0.3,0.3,0.9999999999999464,-5.109350262516865e-08,0.9999999999999477,-5.109350262517134e-08,-5.109350262517134e-08,0,-1.7031167541722882e-07,-1.7031167541723782e-07,5.566884138993115e-13,0.0,0.0,1.8556280463310387e-12,91781.14965117622,resolved
B,H4,two_term_center,controlled_q0.001_phi1.570796326795,1,0.3,0.3,0.9999999999999469,-5.279869930586295e-08,0.9999999999999484,-5.2798699305865703e-08,-5.2798699305865703e-08,0,-1.759956643528765e-07,-1.759956643528857e-07,5.566884138993115e-13,0.0,0.0,1.8556280463310387e-12,94844.25755520155,resolved
B,H4,two_term_center,controlled_q0.001_phi3.141592653590,1,0.3,0.3,0.9999999999999469,-5.4619244226992236e-08,0.9999999999999484,-5.461924422699508e-08,-5.461924422699508e-08,0,-1.8206414742330745e-07,-1.8206414742331696e-07,5.566884138993115e-13,0.0,0.0,1.8556280463310387e-12,98114.56977236684,resolved
B,H4,two_term_center,controlled_q0.001_phi4.712388980385,1,0.3,0.3,0.9999999999999464,-5.2914047546587586e-08,0.9999999999999478,-5.291404754659037e-08,-5.291404754659037e-08,0,-1.763801584886253e-07,-1.7638015848863458e-07,5.566884138993115e-13,0.0,0.0,1.8556280463310387e-12,95051.46186886182,resolved
B,H4,two_term_center,controlled_q0.010_phi0.000000000000,1,0.3,0.3,0.9999999999999468,-4.545658421143854e-08,0.9999999999999478,-4.545658421144093e-08,-4.545658421144093e-08,0,-1.5152194737146182e-07,-1.5152194737146978e-07,5.566884138993115e-13,0.0,0.0,1.8556280463310387e-12,81655.3444916141,resolved
B,H4,two_term_center,controlled_q0.010_phi1.570796326795,1,0.3,0.3,0.9999999999999475,-5.082454496239258e-08,0.9999999999999488,-5.082454496239521e-08,-5.082454496239521e-08,0,-1.6941514987464196e-07,-1.694151498746507e-07,5.566884138993115e-13,0.0,0.0,1.8556280463310387e-12,91298.01104785565,resolved
B,H4,two_term_center,controlled_q0.010_phi3.141592653590,1,0.3,0.3,0.9999999999999473,-5.6555622083510843e-08,0.9999999999999488,-5.655562208351377e-08,-5.655562208351377e-08,0,-1.885187402783695e-07,-1.8851874027837924e-07,5.566884138993115e-13,0.0,0.0,1.8556280463310387e-12,101592.95697815633,resolved
B,H4,two_term_center,controlled_q0.010_phi4.712388980385,1,0.3,0.3,0.9999999999999464,-5.118766133269809e-08,0.9999999999999477,-5.1187661332700787e-08,-5.1187661332700787e-08,0,-1.706255377756603e-07,-1.706255377756693e-07,5.566884138993115e-13,0.0,0.0,1.8556280463310387e-12,91950.29042216859,resolved
B,H4,two_term_center,controlled_q0.050_phi0.000000000000,1,0.3,0.3,0.9999999999999482,-3.062685172108089e-08,0.9999999999999486,-3.062685172108247e-08,-3.062685172108247e-08,0,-1.0208950573693631e-07,-1.0208950573694157e-07,5.566884138993115e-13,0.0,0.0,1.8556280463310387e-12,55016.14719544061,resolved
B,H4,two_term_center,controlled_q0.050_phi1.570796326795,1,0.3,0.3,0.9999999999999497,-4.238498935160706e-08,0.9999999999999506,-4.2384989351609165e-08,-4.2384989351609165e-08,0,-1.412832978386902e-07,-1.4128329783869722e-07,5.566884138993115e-13,0.0,0.0,1.8556280463310387e-12,76137.72497027977,resolved
B,H4,two_term_center,controlled_q0.050_phi3.141592653590,1,0.3,0.3,0.9999999999999488,-5.493850765292836e-08,0.9999999999999504,-5.493850765293112e-08,-5.493850765293112e-08,0,-1.8312835884309453e-07,-1.8312835884310372e-07,5.566884138993115e-13,0.0,0.0,1.8556280463310387e-12,98688.0744797845,resolved
B,H4,two_term_center,controlled_q0.050_phi4.712388980385,1,0.3,0.3,0.9999999999999469,-4.3180370026124626e-08,0.9999999999999478,-4.318037002612689e-08,-4.318037002612689e-08,0,-1.4393456675374877e-07,-1.4393456675375631e-07,5.566884138993115e-13,0.0,0.0,1.8556280463310387e-12,77566.49671163208,resolved
B,H4,two_term_center,rhf,1,0.35,0.35,0.9999999999997207,-2.4210660021228847e-07,0.99999999999975,-2.4210660021235136e-07,-2.4210660021235136e-07,0,-6.917331434636814e-07,-6.917331434638611e-07,5.588512411854011e-13,0.0,0.0,1.596717831958289e-12,433221.9066003088,resolved
B,H4,two_term_center,cisd,1,0.35,0.35,0.9999999999997599,-1.172028615161216e-07,0.9999999999997667,-1.1720286151614921e-07,-1.1720286151614921e-07,0,-3.348653186174903e-07,-3.3486531861756917e-07,5.588512411854011e-13,0.0,0.0,1.596717831958289e-12,209721.0364381012,resolved
B,H4,two_term_center,controlled_q0.001_phi0.000000000000,1,0.35,0.35,0.9999999999997595,-1.1024162019387561e-07,0.9999999999997656,-1.1024162019390167e-07,-1.1024162019390167e-07,0,-3.149760576967875e-07,-3.149760576968619e-07,5.588512411854011e-13,0.0,0.0,1.596717831958289e-12,197264.69598606924,resolved
B,H4,two_term_center,controlled_q0.001_phi1.570796326795,1,0.35,0.35,0.9999999999997603,-1.1403059900494394e-07,0.9999999999997669,-1.1403059900497078e-07,-1.1403059900497078e-07,0,-3.25801711442697e-07,-3.258017114427737e-07,5.588512411854011e-13,0.0,0.0,1.596717831958289e-12,204044.63764466048,resolved
B,H4,two_term_center,controlled_q0.001_phi3.141592653590,1,0.35,0.35,0.9999999999997599,-1.1805005869989463e-07,0.9999999999997669,-1.1805005869992244e-07,-1.1805005869992244e-07,0,-3.3728588199969895e-07,-3.372858819997784e-07,5.588512411854011e-13,0.0,0.0,1.596717831958289e-12,211236.99832802385,resolved
B,H4,two_term_center,controlled_q0.001_phi4.712388980385,1,0.35,0.35,0.9999999999997591,-1.1426107988845441e-07,0.9999999999997656,-1.1426107988848143e-07,-1.1426107988848143e-07,0,-3.264602282527269e-07,-3.2646022825280414e-07,5.588512411854011e-13,0.0,0.0,1.596717831958289e-12,204457.05666876712,resolved
B,H4,two_term_center,controlled_q0.010_phi0.000000000000,1,0.35,0.35,0.9999999999997611,-9.78918841120509e-08,0.9999999999997659,-9.789188411207398e-08,-9.789188411207398e-08,0,-2.7969109746300255e-07,-2.796910974630685e-07,5.588512411854011e-13,0.0,0.0,1.596717831958289e-12,175166.2641106578,resolved
B,H4,two_term_center,controlled_q0.010_phi1.570796326795,1,0.35,0.35,0.9999999999997626,-1.0981959296801902e-07,0.9999999999997686,-1.0981959296804464e-07,-1.0981959296804464e-07,0,-3.137702656229115e-07,-3.1377026562298473e-07,5.588512411854011e-13,0.0,0.0,1.596717831958289e-12,196509.52681983207,resolved
B,H4,two_term_center,controlled_q0.010_phi3.141592653590,1,0.35,0.35,0.999999999999761,-1.2247285585859862e-07,0.9999999999997685,-1.2247285585862728e-07,-1.2247285585862728e-07,0,-3.499224453102818e-07,-3.499224453103637e-07,5.588512411854011e-13,0.0,0.0,1.596717831958289e-12,219151.0849986066,resolved
B,H4,two_term_center,controlled_q0.010_phi4.712388980385,1,0.35,0.35,0.9999999999997587,-1.1054514700240686e-07,0.9999999999997649,-1.1054514700243308e-07,-1.1054514700243308e-07,0,-3.158432771497339e-07,-3.158432771498088e-07,5.588512411854011e-13,0.0,0.0,1.596717831958289e-12,197807.82228903213,resolved
B,H4,two_term_center,controlled_q0.050_phi0.000000000000,1,0.35,0.35,0.9999999999997662,-6.564551180896448e-08,0.9999999999997683,-6.564551180897974e-08,-6.564551180897974e-08,0,-1.8755860516846997e-07,-1.8755860516851357e-07,5.588512411854011e-13,0.0,0.0,1.596717831958289e-12,117465.09083476533,resolved
B,H4,two_term_center,controlled_q0.050_phi1.570796326795,1,0.35,0.35,0.9999999999997701,-9.177231280639575e-08,0.9999999999997743,-9.17723128064166e-08,-9.17723128064166e-08,0,-2.6220660801827357e-07,-2.622066080183331e-07,5.588512411854011e-13,0.0,0.0,1.596717831958289e-12,164215.99531877914,resolved
B,H4,two_term_center,controlled_q0.050_phi3.141592653590,1,0.35,0.35,0.9999999999997659,-1.1948838850337053e-07,0.999999999999773,-1.1948838850339792e-07,-1.1948838850339792e-07,0,-3.413953957239158e-07,-3.413953957239941e-07,5.588512411854011e-13,0.0,0.0,1.596717831958289e-12,213810.72403081553,resolved
B,H4,two_term_center,controlled_q0.050_phi4.712388980385,1,0.35,0.35,0.9999999999997617,-9.336158750261614e-08,0.9999999999997661,-9.336158750263811e-08,-9.336158750263811e-08,0,-2.6674739286461756e-07,-2.6674739286468034e-07,5.588512411854011e-13,0.0,0.0,1.596717831958289e-12,167059.81954085536,resolved
B,H4,two_term_center,rhf,1,0.4,0.4,0.999999999998965,-4.666012532461572e-07,0.999999999999074,-4.6660125324660623e-07,-4.6660125324660623e-07,0,-1.166503133115393e-06,-1.1665031331165155e-06,5.564221740921134e-13,0.0,0.0,1.3910554352302836e-12,838574.1528138907,resolved
B,H4,two_term_center,cisd,1,0.4,0.4,0.9999999999991027,-2.2843109149619254e-07,0.9999999999991288,-2.2843109149639352e-07,-2.2843109149639352e-07,0,-5.710777287404813e-07,-5.710777287409838e-07,5.564221740921134e-13,0.0,0.0,1.3910554352302836e-12,410535.5647785106,resolved
B,H4,two_term_center,controlled_q0.001_phi0.000000000000,1,0.4,0.4,0.9999999999991033,-2.1451039198271634e-07,0.9999999999991263,-2.1451039198290542e-07,-2.1451039198290542e-07,0,-5.362759799567908e-07,-5.362759799572635e-07,5.564221740921134e-13,0.0,0.0,1.3910554352302836e-12,385517.3319300625,resolved
B,H4,two_term_center,controlled_q0.001_phi1.570796326795,1,0.4,0.4,0.9999999999991053,-2.2214570332746743e-07,0.9999999999991299,-2.2214570332766254e-07,-2.2214570332766254e-07,0,-5.553642583186686e-07,-5.553642583191564e-07,5.564221740921134e-13,0.0,0.0,1.3910554352302836e-12,399239.4869775483,resolved
B,H4,two_term_center,controlled_q0.001_phi3.141592653590,1,0.4,0.4,0.9999999999991029,-2.3014194761829053e-07,0.9999999999991295,-2.301419476184929e-07,-2.301419476184929e-07,0,-5.753548690457262e-07,-5.753548690462322e-07,5.564221740921134e-13,0.0,0.0,1.3910554352302836e-12,413610.3094629572,resolved
B,H4,two_term_center,controlled_q0.001_phi4.712388980385,1,0.4,0.4,0.9999999999991009,-2.2250663627289106e-07,0.9999999999991257,-2.2250663627308744e-07,-2.2250663627308744e-07,0,-5.562665906822277e-07,-5.562665906827186e-07,5.564221740921134e-13,0.0,0.0,1.3910554352302836e-12,399888.1544143063,resolved
B,H4,two_term_center,controlled_q0.010_phi0.000000000000,1,0.4,0.4,0.9999999999991085,-1.9007435773976913e-07,0.9999999999991266,-1.9007435773993628e-07,-1.9007435773993628e-07,0,-4.751858943494228e-07,-4.751858943498407e-07,5.564221740921134e-13,0.0,0.0,1.3910554352302836e-12,341600.97600334504,resolved
B,H4,two_term_center,controlled_q0.010_phi1.570796326795,1,0.4,0.4,0.9999999999991135,-2.1411032502353933e-07,0.9999999999991364,-2.1411032502372586e-07,-2.1411032502372586e-07,0,-5.352758125588483e-07,-5.352758125593146e-07,5.564221740921134e-13,0.0,0.0,1.3910554352302836e-12,384798.3329796167,resolved
B,H4,two_term_center,controlled_q0.010_phi3.141592653590,1,0.4,0.4,0.9999999999991057,-2.3928250955353487e-07,0.9999999999991344,-2.392825095537443e-07,-2.392825095537443e-07,0,-5.982062738838371e-07,-5.982062738843607e-07,5.564221740921134e-13,0.0,0.0,1.3910554352302836e-12,430037.69564712315,resolved
B,H4,two_term_center,controlled_q0.010_phi4.712388980385,1,0.4,0.4,0.9999999999991003,-2.1524654227143142e-07,0.9999999999991235,-2.1524654227162176e-07,-2.1524654227162176e-07,0,-5.381163556785785e-07,-5.381163556790544e-07,5.564221740921134e-13,0.0,0.0,1.3910554352302836e-12,386840.338673847,resolved
B,H4,two_term_center,controlled_q0.050_phi0.000000000000,1,0.4,0.4,0.9999999999991275,-1.267950104647326e-07,0.9999999999991355,-1.2679501046484255e-07,-1.2679501046484255e-07,0,-3.169875261618315e-07,-3.1698752616210634e-07,5.564221740921134e-13,0.0,0.0,1.3910554352302836e-12,227875.5527160968,resolved
B,H4,two_term_center,controlled_q0.050_phi1.570796326795,1,0.4,0.4,0.9999999999991387,-1.7944409350274804e-07,0.9999999999991548,-1.7944409350290066e-07,-1.7944409350290066e-07,0,-4.486102337568701e-07,-4.4861023375725163e-07,5.564221740921134e-13,0.0,0.0,1.3910554352302836e-12,322496.3020130139,resolved
B,H4,two_term_center,controlled_q0.050_phi3.141592653590,1,0.4,0.4,0.9999999999991214,-2.3458197990544712e-07,0.9999999999991489,-2.3458197990564893e-07,-2.3458197990564893e-07,0,-5.864549497636177e-07,-5.864549497641223e-07,5.564221740921134e-13,0.0,0.0,1.3910554352302836e-12,421589.92007858586,resolved
B,H4,two_term_center,controlled_q0.050_phi4.712388980385,1,0.4,0.4,0.9999999999991096,-1.819328968727385e-07,0.9999999999991261,-1.8193289687289849e-07,-1.8193289687289849e-07,0,-4.5483224218184626e-07,-4.548322421822462e-07,5.564221740921134e-13,0.0,0.0,1.3910554352302836e-12,326969.1707912062,resolved
B,H4,m5_best,rhf,-1,0.1,-0.1,0.9999999999999912,1.794150661371674e-10,0.9999999999999912,1.7941506613716898e-10,1.7941506613716898e-10,0,-1.794150661371674e-09,-1.7941506613716897e-09,8.795195202879411e-13,0.0,0.0,8.795195202879411e-12,203.99213661389766,resolved
B,H4,m5_best,cisd,-1,0.1,-0.1,0.9999999999999967,1.481804999880431e-11,0.9999999999999967,1.4818049998804358e-11,1.4818049998804358e-11,0,-1.4818049998804308e-10,-1.4818049998804357e-10,8.795195202879411e-13,0.0,0.0,8.795195202879411e-12,16.847892124046442,marginal
B,H4,m5_best,controlled_q0.001_phi0.000000000000,-1,0.1,-0.1,0.9999999999999962,5.906390913346873e-12,0.9999999999999962,5.9063909133468956e-12,5.9063909133468956e-12,0,-5.906390913346872e-11,-5.906390913346895e-11,8.795195202879411e-13,0.0,0.0,8.795195202879411e-12,6.715474502957264,unresolved
B,H4,m5_best,controlled_q0.001_phi1.570796326795,-1,0.1,-0.1,0.9999999999999964,1.0940654415411699e-11,0.9999999999999964,1.0940654415411738e-11,1.0940654415411738e-11,0,-1.0940654415411699e-10,-1.0940654415411738e-10,8.795195202879411e-13,0.0,0.0,8.795195202879411e-12,12.439353718755324,marginal
B,H4,m5_best,controlled_q0.001_phi3.141592653590,-1,0.1,-0.1,0.9999999999999967,1.6026348536272423e-11,0.9999999999999967,1.6026348536272478e-11,1.6026348536272478e-11,0,-1.6026348536272422e-10,-1.6026348536272476e-10,8.795195202879411e-13,0.0,0.0,8.795195202879411e-12,18.221708747323362,marginal
B,H4,m5_best,controlled_q0.001_phi4.712388980385,-1,0.1,-0.1,0.9999999999999966,1.099208506334659e-11,0.9999999999999966,1.0992085063346628e-11,1.0992085063346628e-11,0,-1.099208506334659e-10,-1.0992085063346627e-10,8.795195202879411e-13,0.0,0.0,8.795195202879411e-12,12.497829564655884,marginal
B,H4,m5_best,controlled_q0.010_phi0.000000000000,-1,0.1,-0.1,0.9999999999999964,-7.972676014182517e-12,0.9999999999999964,-7.972676014182546e-12,-7.972676014182546e-12,0,7.972676014182517e-11,7.972676014182545e-11,8.795195202879411e-13,0.0,0.0,8.795195202879411e-12,9.064808489494794,unresolved
B,H4,m5_best,controlled_q0.010_phi1.570796326795,-1,0.1,-0.1,0.9999999999999963,7.875187481298784e-12,0.9999999999999963,7.875187481298813e-12,7.875187481298813e-12,0,-7.875187481298784e-11,-7.875187481298813e-11,8.795195202879411e-13,0.0,0.0,8.795195202879411e-12,8.953965545552155,unresolved
B,H4,m5_best,controlled_q0.010_phi3.141592653590,-1,0.1,-0.1,0.9999999999999969,2.3884960082156366e-11,0.9999999999999969,2.388496008215644e-11,2.388496008215644e-11,0,-2.3884960082156363e-10,-2.388496008215644e-10,8.795195202879411e-13,0.0,0.0,8.795195202879411e-12,27.156827712404606,marginal
B,H4,m5_best,controlled_q0.010_phi4.712388980385,-1,0.1,-0.1,0.9999999999999967,8.037097029567342e-12,0.9999999999999967,8.037097029567369e-12,8.037097029567369e-12,0,-8.037097029567342e-11,-8.037097029567369e-11,8.795195202879411e-13,0.0,0.0,8.795195202879411e-12,9.138054180919282,unresolved
B,H4,m5_best,controlled_q0.050_phi0.000000000000,-1,0.1,-0.1,0.9999999999999972,-4.031359485100057e-11,0.9999999999999972,-4.031359485100068e-11,-4.031359485100068e-11,0,4.031359485100057e-10,4.031359485100068e-10,8.795195202879411e-13,0.0,0.0,8.795195202879411e-12,45.83592964236032,marginal
B,H4,m5_best,controlled_q0.050_phi1.570796326795,-1,0.1,-0.1,0.9999999999999969,-5.5999736098266695e-12,0.9999999999999969,-5.599973609826687e-12,-5.599973609826687e-12,0,5.5999736098266695e-11,5.599973609826687e-11,8.795195202879411e-13,0.0,0.0,8.795195202879411e-12,6.367082799928448,unresolved
B,H4,m5_best,controlled_q0.050_phi3.141592653590,-1,0.1,-0.1,0.999999999999998,2.946829944499457e-11,0.999999999999998,2.946829944499463e-11,2.946829944499463e-11,0,-2.946829944499457e-10,-2.9468299444994626e-10,8.795195202879411e-13,0.0,0.0,8.795195202879411e-12,33.50499763251088,marginal
B,H4,m5_best,controlled_q0.050_phi4.712388980385,-1,0.1,-0.1,0.9999999999999977,-5.245321538227543e-12,0.9999999999999977,-5.245321538227555e-12,-5.245321538227555e-12,0,5.245321538227543e-11,5.245321538227555e-11,8.795195202879411e-13,0.0,0.0,8.795195202879411e-12,5.96384891663383,unresolved
B,H4,m5_best,rhf,-1,0.125,-0.125,0.9999999999999919,5.460865648565516e-10,0.9999999999999919,5.46086564856556e-10,5.46086564856556e-10,0,-4.368692518852413e-09,-4.368692518852448e-09,8.81668782934336e-13,0.0,0.0,7.053350263474688e-12,619.3783600221019,resolved
B,H4,m5_best,cisd,-1,0.125,-0.125,0.9999999999999972,4.525023495549768e-11,0.9999999999999972,4.5250234955497805e-11,4.5250234955497805e-11,0,-3.6200187964398145e-10,-3.6200187964398244e-10,8.81668782934336e-13,0.0,0.0,7.053350263474688e-12,51.32339471620805,marginal
B,H4,m5_best,controlled_q0.001_phi0.000000000000,-1,0.125,-0.125,0.9999999999999968,1.7965460814562434e-11,0.9999999999999968,1.7965460814562493e-11,1.7965460814562493e-11,0,-1.4372368651649948e-10,-1.4372368651649994e-10,8.81668782934336e-13,0.0,0.0,7.053350263474688e-12,20.376655227341136,marginal
B,H4,m5_best,controlled_q0.001_phi1.570796326795,-1,0.125,-0.125,0.9999999999999969,3.3354848180330854e-11,0.9999999999999969,3.335484818033096e-11,3.335484818033096e-11,0,-2.6683878544264683e-10,-2.6683878544264766e-10,8.81668782934336e-13,0.0,0.0,7.053350263474688e-12,37.831495030730856,marginal
B,H4,m5_best,controlled_q0.001_phi3.141592653590,-1,0.125,-0.125,0.9999999999999972,4.8952747378643165e-11,0.9999999999999972,4.89527473786433e-11,4.89527473786433e-11,0,-3.916219790291453e-10,-3.916219790291464e-10,8.81668782934336e-13,0.0,0.0,7.053350263474688e-12,55.52283161905826,marginal
B,H4,m5_best,controlled_q0.001_phi4.712388980385,-1,0.125,-0.125,0.9999999999999971,3.356335934005805e-11,0.9999999999999971,3.356335934005815e-11,3.356335934005815e-11,0,-2.685068747204644e-10,-2.685068747204652e-10,8.81668782934336e-13,0.0,0.0,7.053350263474688e-12,38.06799105255125,marginal
B,H4,m5_best,controlled_q0.010_phi0.000000000000,-1,0.125,-0.125,0.9999999999999971,-2.4480059119512568e-11,0.9999999999999971,-2.448005911951264e-11,-2.448005911951264e-11,0,1.9584047295610054e-10,1.958404729561011e-10,8.81668782934336e-13,0.0,0.0,7.053350263474688e-12,27.76559587154598,marginal
B,H4,m5_best,controlled_q0.010_phi1.570796326795,-1,0.125,-0.125,0.9999999999999969,2.3965750391152785e-11,0.9999999999999969,2.396575039115286e-11,2.396575039115286e-11,0,-1.9172600312922228e-10,-1.9172600312922287e-10,8.81668782934336e-13,0.0,0.0,7.053350263474688e-12,27.18226033975128,marginal
B,H4,m5_best,controlled_q0.010_phi3.141592653590,-1,0.125,-0.125,0.9999999999999974,7.306794807126013e-11,0.9999999999999974,7.306794807126031e-11,7.306794807126031e-11,0,-5.84543584570081e-10,-5.845435845700825e-10,8.81668782934336e-13,0.0,0.0,7.053350263474688e-12,82.87460040047942,marginal
B,H4,m5_best,controlled_q0.010_phi4.712388980385,-1,0.125,-0.125,0.9999999999999973,2.4622140264163317e-11,0.9999999999999973,2.462214026416338e-11,2.462214026416338e-11,0,-1.9697712211330654e-10,-1.9697712211330705e-10,8.81668782934336e-13,0.0,0.0,7.053350263474688e-12,27.926746121391368,marginal
B,H4,m5_best,controlled_q0.050_phi0.000000000000,-1,0.125,-0.125,0.9999999999999976,-1.2327609681693956e-10,0.9999999999999976,-1.2327609681693987e-10,-1.2327609681693987e-10,0,9.862087745355164e-10,9.86208774535519e-10,8.81668782934336e-13,0.0,0.0,7.053350263474688e-12,139.82132429216423,resolved
B,H4,m5_best,controlled_q0.050_phi1.570796326795,-1,0.125,-0.125,0.9999999999999973,-1.7158987772325496e-11,0.9999999999999973,-1.715898777232554e-11,-1.715898777232554e-11,0,1.3727190217860397e-10,1.3727190217860433e-10,8.81668782934336e-13,0.0,0.0,7.053350263474688e-12,19.461943197328157,marginal
B,H4,m5_best,controlled_q0.050_phi3.141592653590,-1,0.125,-0.125,0.9999999999999986,9.039590025109647e-11,0.9999999999999986,9.03959002510966e-11,9.03959002510966e-11,0,-7.231672020087718e-10,-7.231672020087728e-10,8.81668782934336e-13,0.0,0.0,7.053350263474688e-12,102.52818518791639,resolved
B,H4,m5_best,controlled_q0.050_phi4.712388980385,-1,0.125,-0.125,0.9999999999999984,-1.5721207322072495e-11,0.9999999999999984,-1.572120732207252e-11,-1.572120732207252e-11,0,1.2576965857657996e-10,1.2576965857658016e-10,8.81668782934336e-13,0.0,0.0,7.053350263474688e-12,17.83119423798785,marginal
B,H4,m5_best,rhf,-1,0.15,-0.15,0.9999999999999942,1.3544519950059453e-09,0.9999999999999942,1.3544519950059531e-09,1.3544519950059531e-09,0,-9.029679966706302e-09,-9.029679966706355e-09,8.839148494593693e-13,0.0,0.0,5.892765663062462e-12,1532.33311538365,resolved
B,H4,m5_best,cisd,-1,0.15,-0.15,0.9999999999999996,1.1268525113406215e-10,0.9999999999999996,1.126852511340622e-10,1.126852511340622e-10,0,-7.512350075604144e-10,-7.512350075604147e-10,8.839148494593693e-13,0.0,0.0,5.892765663062462e-12,127.48428335940287,resolved
B,H4,m5_best,controlled_q0.001_phi0.000000000000,-1,0.15,-0.15,0.999999999999999,4.4524554053534125e-11,0.999999999999999,4.452455405353417e-11,4.452455405353417e-11,0,-2.9683036035689416e-10,-2.9683036035689447e-10,8.839148494593693e-13,0.0,0.0,5.892765663062462e-12,50.371994633608395,marginal
B,H4,m5_best,controlled_q0.001_phi1.570796326795,-1,0.15,-0.15,0.9999999999999993,8.29004579826903e-11,0.9999999999999993,8.290045798269035e-11,8.290045798269035e-11,0,-5.52669719884602e-10,-5.526697198846024e-10,8.839148494593693e-13,0.0,0.0,5.892765663062462e-12,93.7878326553682,marginal
B,H4,m5_best,controlled_q0.001_phi3.141592653590,-1,0.15,-0.15,0.9999999999999998,1.2194384884626128e-10,0.9999999999999998,1.219438488462613e-10,1.219438488462613e-10,0,-8.129589923084086e-10,-8.129589923084088e-10,8.839148494593693e-13,0.0,0.0,5.892765663062462e-12,137.95881913381822,resolved
B,H4,m5_best,controlled_q0.001_phi4.712388980385,-1,0.15,-0.15,0.9999999999999994,8.356794466493622e-11,0.9999999999999994,8.356794466493627e-11,8.356794466493627e-11,0,-5.571196310995748e-10,-5.571196310995752e-10,8.839148494593693e-13,0.0,0.0,5.892765663062462e-12,94.54298082677202,marginal
B,H4,m5_best,controlled_q0.010_phi0.000000000000,-1,0.15,-0.15,0.9999999999999992,-6.136488315229683e-11,0.9999999999999992,-6.136488315229688e-11,-6.136488315229688e-11,0,4.090992210153122e-10,4.0909922101531256e-10,8.839148494593693e-13,0.0,0.0,5.892765663062462e-12,69.42397583865636,marginal
B,H4,m5_best,controlled_q0.010_phi1.570796326795,-1,0.15,-0.15,0.9999999999999992,5.944249779898936e-11,0.9999999999999992,5.944249779898941e-11,5.944249779898941e-11,0,-3.9628331865992905e-10,-3.962833186599294e-10,8.839148494593693e-13,0.0,0.0,5.892765663062462e-12,67.24912228292838,marginal
B,H4,m5_best,controlled_q0.010_phi3.141592653590,-1,0.15,-0.15,1.0,1.8235112952690265e-10,1.0,1.8235112952690265e-10,1.8235112952690265e-10,0,-1.2156741968460177e-09,-1.2156741968460177e-09,8.839148494593693e-13,0.0,0.0,5.892765663062462e-12,206.2994299037226,resolved
B,H4,m5_best,controlled_q0.010_phi4.712388980385,-1,0.15,-0.15,0.9999999999999998,6.154374839612009e-11,0.9999999999999998,6.15437483961201e-11,6.15437483961201e-11,0,-4.1029165597413397e-10,-4.10291655974134e-10,8.839148494593693e-13,0.0,0.0,5.892765663062462e-12,69.62633157906808,marginal
B,H4,m5_best,controlled_q0.050_phi0.000000000000,-1,0.15,-0.15,0.9999999999999996,-3.074996632470145e-10,0.9999999999999996,-3.0749966324701463e-10,-3.0749966324701463e-10,0,2.0499977549800966e-09,2.049997754980098e-09,8.839148494593693e-13,0.0,0.0,5.892765663062462e-12,347.8838073996507,resolved
B,H4,m5_best,controlled_q0.050_phi1.570796326795,-1,0.15,-0.15,0.9999999999999996,-4.287965295335372e-11,0.9999999999999996,-4.287965295335374e-11,-4.287965295335374e-11,0,2.8586435302235813e-10,2.858643530223583e-10,8.839148494593693e-13,0.0,0.0,5.892765663062462e-12,48.51106753052095,marginal
B,H4,m5_best,controlled_q0.050_phi3.141592653590,-1,0.15,-0.15,1.0000000000000013,2.263429917318899e-10,1.0000000000000013,2.2634299173188958e-10,2.2634299173188958e-10,0,-1.5089532782125994e-09,-1.5089532782125973e-09,8.839148494593693e-13,0.0,0.0,5.892765663062462e-12,256.06877389867196,resolved
B,H4,m5_best,controlled_q0.050_phi4.712388980385,-1,0.15,-0.15,1.000000000000001,-3.827701870739997e-11,1.000000000000001,-3.827701870739992e-11,-3.827701870739992e-11,0,2.551801247159998e-10,2.551801247159995e-10,8.839148494593693e-13,0.0,0.0,5.892765663062462e-12,43.30396613521249,marginal
B,H4,m5_best,rhf,-1,0.175,-0.175,0.9999999999999911,2.916323738055837e-09,0.9999999999999911,2.916323738055863e-09,2.916323738055863e-09,0,-1.6664707074604786e-08,-1.6664707074604935e-08,8.798297973158058e-13,0.0,0.0,5.027598841804605e-12,3314.645340443105,resolved
B,H4,m5_best,cisd,-1,0.175,-0.175,0.9999999999999964,2.437804098063432e-10,0.9999999999999964,2.4378040980634407e-10,2.4378040980634407e-10,0,-1.393030913179104e-09,-1.393030913179109e-09,8.798297973158058e-13,0.0,0.0,5.027598841804605e-12,277.0767829756063,resolved
B,H4,m5_best,controlled_q0.001_phi0.000000000000,-1,0.175,-0.175,0.999999999999996,9.578055289500197e-11,0.999999999999996,9.578055289500235e-11,9.578055289500235e-11,0,-5.473174451142969e-10,-5.473174451142992e-10,8.798297973158058e-13,0.0,0.0,5.027598841804605e-12,108.86259272783248,resolved
B,H4,m5_best,controlled_q0.001_phi1.570796326795,-1,0.175,-0.175,0.9999999999999962,1.7893641971779284e-10,0.9999999999999962,1.789364197177935e-10,1.789364197177935e-10,0,-1.0224938269588162e-09,-1.0224938269588202e-09,8.798297973158058e-13,0.0,0.0,5.027598841804605e-12,203.37617601005783,resolved
B,H4,m5_best,controlled_q0.001_phi3.141592653590,-1,0.175,-0.175,0.9999999999999967,2.639074075895318e-10,0.9999999999999967,2.639074075895327e-10,2.639074075895327e-10,0,-1.508042329083039e-09,-1.508042329083044e-09,8.798297973158058e-13,0.0,0.0,5.027598841804605e-12,299.95279586422663,resolved
B,H4,m5_best,controlled_q0.001_phi4.712388980385,-1,0.175,-0.175,0.9999999999999967,1.80751541555349e-10,0.9999999999999967,1.807515415553496e-10,1.807515415553496e-10,0,-1.0328659517448516e-09,-1.032865951744855e-09,8.798297973158058e-13,0.0,0.0,5.027598841804605e-12,205.4392134783202,resolved
B,H4,m5_best,controlled_q0.010_phi0.000000000000,-1,0.175,-0.175,0.9999999999999964,-1.3377502131063612e-10,0.9999999999999964,-1.3377502131063658e-10,-1.3377502131063658e-10,0,7.64428693203635e-10,7.644286932036376e-10,8.798297973158058e-13,0.0,0.0,5.027598841804605e-12,152.04647730590438,resolved
B,H4,m5_best,controlled_q0.010_phi1.570796326795,-1,0.175,-0.175,0.9999999999999961,1.2799972193278109e-10,0.9999999999999961,1.2799972193278158e-10,1.2799972193278158e-10,0,-7.314269824730348e-10,-7.314269824730376e-10,8.798297973158058e-13,0.0,0.0,5.027598841804605e-12,145.4823675252691,resolved
B,H4,m5_best,controlled_q0.010_phi3.141592653590,-1,0.175,-0.175,0.9999999999999968,3.954884750845205e-10,0.9999999999999968,3.954884750845218e-10,3.954884750845218e-10,0,-2.259934143340117e-09,-2.2599341433401246e-09,8.798297973158058e-13,0.0,0.0,5.027598841804605e-12,449.5056615394034,resolved
B,H4,m5_best,controlled_q0.010_phi4.712388980385,-1,0.175,-0.175,0.9999999999999968,1.3371372932502457e-10,0.9999999999999968,1.33713729325025e-10,1.33713729325025e-10,0,-7.640784532858547e-10,-7.640784532858572e-10,8.798297973158058e-13,0.0,0.0,5.027598841804605e-12,151.97681384849642,resolved
B,H4,m5_best,controlled_q0.050_phi0.000000000000,-1,0.175,-0.175,0.9999999999999971,-6.665214905870807e-10,0.9999999999999971,-6.665214905870827e-10,-6.665214905870827e-10,0,3.808694231926175e-09,3.808694231926187e-09,8.798297973158058e-13,0.0,0.0,5.027598841804605e-12,757.5573055385389,resolved
B,H4,m5_best,controlled_q0.050_phi1.570796326795,-1,0.175,-0.175,0.9999999999999964,-9.312246460058127e-11,0.9999999999999964,-9.31224646005816e-11,-9.31224646005816e-11,0,5.321283691461787e-10,5.321283691461806e-10,8.798297973158058e-13,0.0,0.0,5.027598841804605e-12,105.84145352280666,resolved
B,H4,m5_best,controlled_q0.050_phi3.141592653590,-1,0.175,-0.175,0.999999999999998,4.9279269231364e-10,0.999999999999998,4.92792692313641e-10,4.92792692313641e-10,0,-2.8159582417922285e-09,-2.8159582417922347e-09,8.798297973158058e-13,0.0,0.0,5.027598841804605e-12,560.1000259562215,resolved
B,H4,m5_best,controlled_q0.050_phi4.712388980385,-1,0.175,-0.175,0.9999999999999981,-8.0606334107447e-11,0.9999999999999981,-8.060633410744715e-11,-8.060633410744715e-11,0,4.6060762347112574e-10,4.606076234711266e-10,8.798297973158058e-13,0.0,0.0,5.027598841804605e-12,91.61582655345576,marginal
B,H4,m5_best,rhf,-1,0.2,-0.2,0.9999999999999925,5.660757584902143e-09,0.9999999999999925,5.660757584902186e-09,5.660757584902186e-09,0,-2.8303787924510715e-08,-2.830378792451093e-08,8.752290790340555e-13,0.0,0.0,4.376145395170277e-12,6467.743954702265,resolved
B,H4,m5_best,cisd,-1,0.2,-0.2,0.9999999999999977,4.757847413213041e-10,0.9999999999999977,4.757847413213052e-10,4.757847413213052e-10,0,-2.37892370660652e-09,-2.378923706606526e-09,8.752290790340555e-13,0.0,0.0,4.376145395170277e-12,543.6116700400343,resolved
B,H4,m5_best,controlled_q0.001_phi0.000000000000,-1,0.2,-0.2,0.9999999999999971,1.8572475540688194e-10,0.9999999999999971,1.8572475540688248e-10,1.8572475540688248e-10,0,-9.286237770344097e-10,-9.286237770344124e-10,8.752290790340555e-13,0.0,0.0,4.376145395170277e-12,212.20130804138344,resolved
B,H4,m5_best,controlled_q0.001_phi1.570796326795,-1,0.2,-0.2,0.9999999999999972,3.4831250839313654e-10,0.9999999999999972,3.4831250839313753e-10,3.4831250839313753e-10,0,-1.7415625419656827e-09,-1.7415625419656875e-09,8.752290790340555e-13,0.0,0.0,4.376145395170277e-12,397.96724850315854,resolved
B,H4,m5_best,controlled_q0.001_phi3.141592653590,-1,0.2,-0.2,0.9999999999999977,5.152831761209312e-10,0.9999999999999977,5.152831761209325e-10,5.152831761209325e-10,0,-2.576415880604656e-09,-2.5764158806046623e-09,8.752290790340555e-13,0.0,0.0,4.376145395170277e-12,588.7409233358909,resolved
B,H4,m5_best,controlled_q0.001_phi4.712388980385,-1,0.2,-0.2,0.9999999999999974,3.526954232141444e-10,0.9999999999999974,3.5269542321414526e-10,3.5269542321414526e-10,0,-1.7634771160707219e-09,-1.7634771160707262e-09,8.752290790340555e-13,0.0,0.0,4.376145395170277e-12,402.97498296491233,resolved
B,H4,m5_best,controlled_q0.010_phi0.000000000000,-1,0.2,-0.2,0.9999999999999974,-2.6335893015919e-10,0.9999999999999974,-2.6335893015919065e-10,-2.6335893015919065e-10,0,1.3167946507959498e-09,1.316794650795953e-09,8.752290790340555e-13,0.0,0.0,4.376145395170277e-12,300.90285671249114,resolved
B,H4,m5_best,controlled_q0.010_phi1.570796326795,-1,0.2,-0.2,0.9999999999999971,2.4846747055662366e-10,0.9999999999999971,2.484674705566244e-10,2.484674705566244e-10,0,-1.2423373527831183e-09,-1.2423373527831218e-09,8.752290790340555e-13,0.0,0.0,4.376145395170277e-12,283.8885001751133,resolved
B,H4,m5_best,controlled_q0.010_phi3.141592653590,-1,0.2,-0.2,0.999999999999998,7.740912875974765e-10,0.999999999999998,7.74091287597478e-10,7.74091287597478e-10,0,-3.870456437987382e-09,-3.8704564379873895e-09,8.752290790340555e-13,0.0,0.0,4.376145395170277e-12,884.4442056836142,resolved
B,H4,m5_best,controlled_q0.010_phi4.712388980385,-1,0.2,-0.2,0.9999999999999979,2.622648886257961e-10,0.9999999999999979,2.622648886257967e-10,2.622648886257967e-10,0,-1.3113244431289806e-09,-1.3113244431289832e-09,8.752290790340555e-13,0.0,0.0,4.376145395170277e-12,299.6528507887834,resolved
B,H4,m5_best,controlled_q0.050_phi0.000000000000,-1,0.2,-0.2,0.9999999999999978,-1.303699022210574e-09,0.9999999999999978,-1.3036990222105768e-09,-1.3036990222105768e-09,0,6.518495111052869e-09,6.518495111052884e-09,8.752290790340555e-13,0.0,0.0,4.376145395170277e-12,1489.551768148972,resolved
B,H4,m5_best,controlled_q0.050_phi1.570796326795,-1,0.2,-0.2,0.9999999999999972,-1.825795625798321e-10,0.9999999999999972,-1.8257956257983262e-10,-1.8257956257983262e-10,0,9.128978128991605e-10,9.128978128991631e-10,8.752290790340555e-13,0.0,0.0,4.376145395170277e-12,208.60774276528335,resolved
B,H4,m5_best,controlled_q0.050_phi3.141592653590,-1,0.2,-0.2,0.9999999999999989,9.6876216147319e-10,0.9999999999999989,9.68762161473191e-10,9.68762161473191e-10,0,-4.84381080736595e-09,-4.843810807365955e-09,8.752290790340555e-13,0.0,0.0,4.376145395170277e-12,1106.8669730927613,resolved
B,H4,m5_best,controlled_q0.050_phi4.712388980385,-1,0.2,-0.2,0.9999999999999989,-1.5235729344809101e-10,0.9999999999999989,-1.523572934480912e-10,-1.523572934480912e-10,0,7.617864672404551e-10,7.617864672404559e-10,8.752290790340555e-13,0.0,0.0,4.376145395170277e-12,174.07704691009556,resolved
B,H4,m5_best,rhf,-1,0.225,-0.225,0.9999999999999921,1.0149760532041086e-08,0.9999999999999921,1.0149760532041165e-08,1.0149760532041165e-08,0,-4.511004680907149e-08,-4.511004680907184e-08,8.815450229516861e-13,0.0,0.0,3.9179778797852716e-12,11513.604260456874,resolved
B,H4,m5_best,cisd,-1,0.225,-0.225,0.9999999999999976,8.583760282865417e-10,0.9999999999999976,8.583760282865437e-10,8.583760282865437e-10,0,-3.815004570162407e-09,-3.815004570162416e-09,8.815450229516861e-13,0.0,0.0,3.9179778797852716e-12,973.7177409412766,resolved
B,H4,m5_best,controlled_q0.001_phi0.000000000000,-1,0.225,-0.225,0.9999999999999969,3.326285089542774e-10,0.9999999999999969,3.326285089542784e-10,3.326285089542784e-10,0,-1.4783489286856772e-09,-1.478348928685682e-09,8.815450229516861e-13,0.0,0.0,3.9179778797852716e-12,377.32447044001674,resolved
B,H4,m5_best,controlled_q0.001_phi1.570796326795,-1,0.225,-0.225,0.9999999999999972,6.265215562063081e-10,0.9999999999999972,6.265215562063099e-10,6.265215562063099e-10,0,-2.7845402498058136e-09,-2.7845402498058215e-09,8.815450229516861e-13,0.0,0.0,3.9179778797852716e-12,710.7085173126151,resolved
B,H4,m5_best,controlled_q0.001_phi3.141592653590,-1,0.225,-0.225,0.9999999999999978,9.300741136852092e-10,0.9999999999999978,9.300741136852113e-10,9.300741136852113e-10,0,-4.133662727489819e-09,-4.133662727489828e-09,8.815450229516861e-13,0.0,0.0,3.9179778797852716e-12,1055.0500422213636,resolved
B,H4,m5_best,controlled_q0.001_phi4.712388980385,-1,0.225,-0.225,0.9999999999999974,6.361810670277301e-10,0.9999999999999974,6.361810670277318e-10,6.361810670277318e-10,0,-2.827471409012134e-09,-2.827471409012141e-09,8.815450229516861e-13,0.0,0.0,3.9179778797852716e-12,721.6659960232079,resolved
B,H4,m5_best,controlled_q0.010_phi0.000000000000,-1,0.225,-0.225,0.9999999999999973,-4.797139036224087e-10,0.9999999999999973,-4.797139036224099e-10,-4.797139036224099e-10,0,2.132061793877372e-09,2.1320617938773774e-09,8.815450229516861e-13,0.0,0.0,3.9179778797852716e-12,544.1740252995562,resolved
B,H4,m5_best,controlled_q0.010_phi1.570796326795,-1,0.225,-0.225,0.9999999999999971,4.4546168576770073e-10,0.9999999999999971,4.45461685767702e-10,4.45461685767702e-10,0,-1.9798297145231145e-09,-1.97982971452312e-09,8.815450229516861e-13,0.0,0.0,3.9179778797852716e-12,505.31926806886946,resolved
B,H4,m5_best,controlled_q0.010_phi3.141592653590,-1,0.225,-0.225,0.999999999999998,1.4010454208788764e-09,0.999999999999998,1.4010454208788793e-09,1.4010454208788793e-09,0,-6.226868537239451e-09,-6.226868537239463e-09,8.815450229516861e-13,0.0,0.0,3.9179778797852716e-12,1589.306710833375,resolved
B,H4,m5_best,controlled_q0.010_phi4.712388980385,-1,0.225,-0.225,0.9999999999999979,4.758698322546162e-10,0.9999999999999979,4.758698322546172e-10,4.758698322546172e-10,0,-2.114977032242739e-09,-2.1149770322427434e-09,8.815450229516861e-13,0.0,0.0,3.9179778797852716e-12,539.8134183337074,resolved
B,H4,m5_best,controlled_q0.050_phi0.000000000000,-1,0.225,-0.225,0.9999999999999977,-2.3577717084753045e-09,0.9999999999999977,-2.35777170847531e-09,-2.35777170847531e-09,0,1.0478985371001353e-08,1.0478985371001376e-08,8.815450229516861e-13,0.0,0.0,3.9179778797852716e-12,2674.5902331576367,resolved
B,H4,m5_best,controlled_q0.050_phi1.570796326795,-1,0.225,-0.225,0.9999999999999971,-3.312401429533818e-10,0.9999999999999971,-3.312401429533827e-10,-3.312401429533827e-10,0,1.4721784131261413e-09,1.4721784131261454e-09,8.815450229516861e-13,0.0,0.0,3.9179778797852716e-12,375.74954690832135,resolved
B,H4,m5_best,controlled_q0.050_phi3.141592653590,-1,0.225,-0.225,0.9999999999999991,1.7618983129183592e-09,0.9999999999999991,1.7618983129183608e-09,1.7618983129183608e-09,0,-7.83065916852604e-09,-7.830659168526049e-09,8.815450229516861e-13,0.0,0.0,3.9179778797852716e-12,1998.6481314578548,resolved
B,H4,m5_best,controlled_q0.050_phi4.712388980385,-1,0.225,-0.225,0.9999999999999992,-2.64633251076396e-10,0.9999999999999992,-2.646332510763962e-10,-2.646332510763962e-10,0,1.1761477825617601e-09,1.176147782561761e-09,8.815450229516861e-13,0.0,0.0,3.9179778797852716e-12,300.1925530590847,resolved
B,H4,m5_best,rhf,-1,0.25,-0.25,0.9999999999999893,1.7092267268203898e-08,0.9999999999999895,1.709226726820408e-08,1.709226726820408e-08,0,-6.836906907281559e-08,-6.836906907281632e-08,8.813973794671244e-13,0.0,0.0,3.5255895178684977e-12,19392.23744746955,resolved
B,H4,m5_best,cisd,-1,0.25,-0.25,0.999999999999995,1.455520805925034e-09,0.999999999999995,1.4555208059250412e-09,1.4555208059250412e-09,0,-5.822083223700136e-09,-5.822083223700165e-09,8.813973794671244e-13,0.0,0.0,3.5255895178684977e-12,1651.3786401373388,resolved
B,H4,m5_best,controlled_q0.001_phi0.000000000000,-1,0.25,-0.25,0.9999999999999946,5.594614650591563e-10,0.9999999999999946,5.594614650591593e-10,5.594614650591593e-10,0,-2.237845860236625e-09,-2.237845860236637e-09,8.813973794671244e-13,0.0,0.0,3.5255895178684977e-12,634.7437354504001,resolved
B,H4,m5_best,controlled_q0.001_phi1.570796326795,-1,0.25,-0.25,0.9999999999999946,1.058791529711528e-09,0.9999999999999946,1.0587915297115338e-09,1.0587915297115338e-09,0,-4.235166118846112e-09,-4.235166118846135e-09,8.813973794671244e-13,0.0,0.0,3.5255895178684977e-12,1201.264667194328,resolved
B,H4,m5_best,controlled_q0.001_phi3.141592653590,-1,0.25,-0.25,0.9999999999999951,1.5779161869015444e-09,0.9999999999999951,1.577916186901552e-09,1.577916186901552e-09,0,-6.311664747606178e-09,-6.311664747606208e-09,8.813973794671244e-13,0.0,0.0,3.5255895178684977e-12,1790.2437920288821,resolved
B,H4,m5_best,controlled_q0.001_phi4.712388980385,-1,0.25,-0.25,0.9999999999999949,1.0785861221090237e-09,0.9999999999999949,1.0785861221090293e-09,1.0785861221090293e-09,0,-4.314344488436095e-09,-4.314344488436117e-09,8.813973794671244e-13,0.0,0.0,3.5255895178684977e-12,1223.7228601259465,resolved
B,H4,m5_best,controlled_q0.010_phi0.000000000000,-1,0.25,-0.25,0.999999999999995,-8.219897441545615e-10,0.999999999999995,-8.219897441545657e-10,-8.219897441545657e-10,0,3.287958976618246e-09,3.2879589766182626e-09,8.813973794671244e-13,0.0,0.0,3.5255895178684977e-12,932.5983526880015,resolved
B,H4,m5_best,controlled_q0.010_phi1.570796326795,-1,0.25,-0.25,0.9999999999999944,7.499017700210442e-10,0.9999999999999944,7.499017700210483e-10,7.499017700210483e-10,0,-2.9996070800841768e-09,-2.9996070800841933e-09,8.813973794671244e-13,0.0,0.0,3.5255895178684977e-12,850.8100744234343,resolved
B,H4,m5_best,controlled_q0.010_phi3.141592653590,-1,0.25,-0.25,0.9999999999999953,2.3841066762050935e-09,0.9999999999999953,2.3841066762051047e-09,2.3841066762051047e-09,0,-9.536426704820374e-09,-9.536426704820419e-09,8.813973794671244e-13,0.0,0.0,3.5255895178684977e-12,2704.9169100621534,resolved
B,H4,m5_best,controlled_q0.010_phi4.712388980385,-1,0.25,-0.25,0.9999999999999954,8.122151631817509e-10,0.9999999999999954,8.122151631817546e-10,8.122151631817546e-10,0,-3.2488606527270036e-09,-3.2488606527270185e-09,8.813973794671244e-13,0.0,0.0,3.5255895178684977e-12,921.5084842580316,resolved
B,H4,m5_best,controlled_q0.050_phi0.000000000000,-1,0.25,-0.25,0.9999999999999957,-4.008662194641362e-09,0.9999999999999957,-4.00866219464138e-09,-4.00866219464138e-09,0,1.603464877856545e-08,1.603464877856552e-08,8.813973794671244e-13,0.0,0.0,3.5255895178684977e-12,4548.075916750423,resolved
B,H4,m5_best,controlled_q0.050_phi1.570796326795,-1,0.25,-0.25,0.9999999999999946,-5.655452304381692e-10,0.9999999999999946,-5.655452304381723e-10,-5.655452304381723e-10,0,2.2621809217526767e-09,2.262180921752689e-09,8.813973794671244e-13,0.0,0.0,3.5255895178684977e-12,641.6461446482706,resolved
B,H4,m5_best,controlled_q0.050_phi3.141592653590,-1,0.25,-0.25,0.9999999999999964,3.014064815980035e-09,0.9999999999999964,3.014064815980046e-09,3.014064815980046e-09,0,-1.205625926392014e-08,-1.2056259263920184e-08,8.813973794671244e-13,0.0,0.0,3.5255895178684977e-12,3419.643495879554,resolved
B,H4,m5_best,controlled_q0.050_phi4.712388980385,-1,0.25,-0.25,0.9999999999999968,-4.2905214971133976e-10,0.9999999999999968,-4.2905214971134115e-10,-4.2905214971134115e-10,0,1.716208598845359e-09,1.7162085988453646e-09,8.813973794671244e-13,0.0,0.0,3.5255895178684977e-12,486.7862779110329,resolved
B,H4,m5_best,rhf,-1,0.275,-0.275,0.9999999999999846,2.735618126470385e-08,0.9999999999999849,2.7356181264704266e-08,2.7356181264704266e-08,0,-9.947702278074126e-08,-9.947702278074278e-08,8.785156861116424e-13,0.0,0.0,3.1946024949514267e-12,31139.092559387045,resolved
B,H4,m5_best,cisd,-1,0.275,-0.275,0.9999999999999909,2.3473686396781027e-09,0.9999999999999909,2.3473686396781242e-09,2.3473686396781242e-09,0,-8.535885962465827e-09,-8.535885962465905e-09,8.785156861116424e-13,0.0,0.0,3.1946024949514267e-12,2671.9712314616513,resolved
B,H4,m5_best,controlled_q0.001_phi0.000000000000,-1,0.275,-0.275,0.9999999999999903,8.942486879230879e-10,0.9999999999999903,8.942486879230966e-10,8.942486879230966e-10,0,-3.2518134106294103e-09,-3.2518134106294417e-09,8.785156861116424e-13,0.0,0.0,3.1946024949514267e-12,1017.9086179793563,resolved
B,H4,m5_best,controlled_q0.001_phi1.570796326795,-1,0.275,-0.275,0.9999999999999906,1.7011152087659243e-09,0.9999999999999906,1.7011152087659404e-09,1.7011152087659404e-09,0,-6.1858734864215425e-09,-6.185873486421601e-09,8.785156861116424e-13,0.0,0.0,3.1946024949514267e-12,1936.3515480243177,resolved
B,H4,m5_best,controlled_q0.001_phi3.141592653590,-1,0.275,-0.275,0.9999999999999909,2.546199057690959e-09,0.9999999999999909,2.546199057690982e-09,2.546199057690982e-09,0,-9.25890566433076e-09,-9.258905664330844e-09,8.785156861116424e-13,0.0,0.0,3.1946024949514267e-12,2898.2966359548714,resolved
B,H4,m5_best,controlled_q0.001_phi4.712388980385,-1,0.275,-0.275,0.999999999999991,1.7393325373732393e-09,0.999999999999991,1.739332537373255e-09,1.739332537373255e-09,0,-6.324845590448143e-09,-6.3248455904482e-09,8.785156861116424e-13,0.0,0.0,3.1946024949514267e-12,1979.8537065076418,resolved
B,H4,m5_best,controlled_q0.010_phi0.000000000000,-1,0.275,-0.275,0.9999999999999907,-1.340644892745984e-09,0.9999999999999907,-1.3406448927459963e-09,-1.3406448927459963e-09,0,4.875072337258123e-09,4.875072337258168e-09,8.785156861116424e-13,0.0,0.0,3.1946024949514267e-12,1526.034098127206,resolved
B,H4,m5_best,controlled_q0.010_phi1.570796326795,-1,0.275,-0.275,0.9999999999999901,1.1993716696884205e-09,0.9999999999999901,1.1993716696884322e-09,1.1993716696884322e-09,0,-4.36135152613971e-09,-4.361351526139753e-09,8.785156861116424e-13,0.0,0.0,3.1946024949514267e-12,1365.225104854876,resolved
B,H4,m5_best,controlled_q0.010_phi3.141592653590,-1,0.275,-0.275,0.9999999999999912,3.859696421930746e-09,0.9999999999999912,3.85969642193078e-09,3.85969642193078e-09,0,-1.4035259716111804e-08,-1.4035259716111926e-08,8.785156861116424e-13,0.0,0.0,3.1946024949514267e-12,4393.429147536306,resolved
B,H4,m5_best,controlled_q0.010_phi4.712388980385,-1,0.275,-0.275,0.9999999999999913,1.319679857579581e-09,0.9999999999999913,1.3196798575795923e-09,1.3196798575795923e-09,0,-4.79883584574393e-09,-4.7988358457439716e-09,8.785156861116424e-13,0.0,0.0,3.1946024949514267e-12,1502.1699423724065,resolved
B,H4,m5_best,controlled_q0.050_phi0.000000000000,-1,0.275,-0.275,0.9999999999999912,-6.483510948331748e-09,0.9999999999999912,-6.483510948331805e-09,-6.483510948331805e-09,0,2.3576403448479082e-08,2.357640344847929e-08,8.785156861116424e-13,0.0,0.0,3.1946024949514267e-12,7380.074198820645,resolved
B,H4,m5_best,controlled_q0.050_phi1.570796326795,-1,0.275,-0.275,0.9999999999999905,-9.19784659894618e-10,0.9999999999999905,-9.197846598946268e-10,-9.197846598946268e-10,0,3.3446714905258834e-09,3.3446714905259152e-09,8.785156861116424e-13,0.0,0.0,3.1946024949514267e-12,1046.9757961472883,resolved
B,H4,m5_best,controlled_q0.050_phi3.141592653590,-1,0.275,-0.275,0.9999999999999926,4.907468182275244e-09,0.9999999999999926,4.907468182275281e-09,4.907468182275281e-09,0,-1.784533884463725e-08,-1.7845338844637383e-08,8.785156861116424e-13,0.0,0.0,3.1946024949514267e-12,5586.090561451398,resolved
B,H4,m5_best,controlled_q0.050_phi4.712388980385,-1,0.275,-0.275,0.9999999999999931,-6.56258103415297e-10,0.9999999999999931,-6.562581034153016e-10,-6.562581034153016e-10,0,2.3863931033283525e-09,2.386393103328369e-09,8.785156861116424e-13,0.0,0.0,3.1946024949514267e-12,747.0078380955616,resolved
B,H4,m5_best,rhf,-1,0.3,-0.3,0.9999999999999754,4.1978260534314416e-08,0.9999999999999762,4.197826053431543e-08,4.197826053431543e-08,0,-1.3992753511438139e-07,-1.3992753511438477e-07,8.757896595531935e-13,0.0,0.0,2.9192988651773115e-12,47931.897889420965,resolved
B,H4,m5_best,cisd,-1,0.3,-0.3,0.999999999999983,3.632166547735977e-09,0.999999999999983,3.6321665477360385e-09,3.6321665477360385e-09,0,-1.210722182578659e-08,-1.2107221825786795e-08,8.757896595531935e-13,0.0,0.0,2.9192988651773115e-12,4147.304673120963,resolved
B,H4,m5_best,controlled_q0.001_phi0.000000000000,-1,0.3,-0.3,0.9999999999999825,1.370348231744035e-09,0.9999999999999825,1.370348231744059e-09,1.370348231744059e-09,0,-4.5678274391467836e-09,-4.567827439146863e-09,8.757896595531935e-13,0.0,0.0,2.9192988651773115e-12,1564.7001729195495,resolved
B,H4,m5_best,controlled_q0.001_phi1.570796326795,-1,0.3,-0.3,0.9999999999999827,2.621191101843945e-09,0.9999999999999827,2.6211911018439904e-09,2.6211911018439904e-09,0,-8.73730367281315e-09,-8.737303672813301e-09,8.757896595531935e-13,0.0,0.0,2.9192988651773115e-12,2992.9459354215405,resolved
B,H4,m5_best,controlled_q0.001_phi3.141592653590,-1,0.3,-0.3,0.9999999999999831,3.9422243847948555e-09,0.9999999999999831,3.942224384794922e-09,3.942224384794922e-09,0,-1.3140747949316186e-08,-1.3140747949316406e-08,8.757896595531935e-13,0.0,0.0,2.9192988651773115e-12,4501.336984049438,resolved
B,H4,m5_best,controlled_q0.001_phi4.712388980385,-1,0.3,-0.3,0.999999999999983,2.6913815156549836e-09,0.999999999999983,2.6913815156550295e-09,2.6913815156550295e-09,0,-8.971271718849946e-09,-8.971271718850098e-09,8.757896595531935e-13,0.0,0.0,2.9192988651773115e-12,3073.091222643644,resolved
B,H4,m5_best,controlled_q0.010_phi0.000000000000,-1,0.3,-0.3,0.9999999999999827,-2.0993756243498126e-09,0.9999999999999827,-2.099375624349849e-09,-2.099375624349849e-09,0,6.997918747832709e-09,6.99791874783283e-09,8.757896595531935e-13,0.0,0.0,2.9192988651773115e-12,2397.1231007921047,resolved
B,H4,m5_best,controlled_q0.010_phi1.570796326795,-1,0.3,-0.3,0.999999999999982,1.838278904965629e-09,0.999999999999982,1.838278904965662e-09,1.838278904965662e-09,0,-6.12759634988543e-09,-6.1275963498855404e-09,8.757896595531935e-13,0.0,0.0,2.9192988651773115e-12,2098.9959003437816,resolved
B,H4,m5_best,controlled_q0.010_phi3.141592653590,-1,0.3,-0.3,0.9999999999999836,5.996892919614605e-09,0.9999999999999836,5.9968929196147036e-09,5.9968929196147036e-09,0,-1.9989643065382018e-08,-1.9989643065382345e-08,8.757896595531935e-13,0.0,0.0,2.9192988651773115e-12,6847.41233719758,resolved
B,H4,m5_best,controlled_q0.010_phi4.712388980385,-1,0.3,-0.3,0.9999999999999837,2.059238390049456e-09,0.9999999999999837,2.0592383900494895e-09,2.0592383900494895e-09,0,-6.8641279668315204e-09,-6.864127966831632e-09,8.757896595531935e-13,0.0,0.0,2.9192988651773115e-12,2351.2933357765714,resolved
B,H4,m5_best,controlled_q0.050_phi0.000000000000,-1,0.3,-0.3,0.9999999999999832,-1.0062959987049838e-08,0.9999999999999832,-1.0062959987050007e-08,-1.0062959987050007e-08,0,3.3543199956832794e-08,3.354319995683336e-08,8.757896595531935e-13,0.0,0.0,2.9192988651773115e-12,11490.15620050106,resolved
B,H4,m5_best,controlled_q0.050_phi1.570796326795,-1,0.3,-0.3,0.9999999999999821,-1.437806778151196e-09,0.9999999999999821,-1.4378067781512217e-09,-1.4378067781512217e-09,0,4.7926892605039874e-09,4.792689260504073e-09,8.757896595531935e-13,0.0,0.0,2.9192988651773115e-12,1641.7261410516428,resolved
B,H4,m5_best,controlled_q0.050_phi3.141592653590,-1,0.3,-0.3,0.9999999999999848,7.671342521096483e-09,0.9999999999999848,7.6713425210966e-09,7.6713425210966e-09,0,-2.557114173698828e-08,-2.5571141736988667e-08,8.757896595531935e-13,0.0,0.0,2.9192988651773115e-12,8759.34356773545,resolved
B,H4,m5_best,controlled_q0.050_phi4.712388980385,-1,0.3,-0.3,0.9999999999999856,-9.53810688417156e-10,0.9999999999999856,-9.538106884171698e-10,-9.538106884171698e-10,0,3.1793689613905203e-09,3.179368961390566e-09,8.757896595531935e-13,0.0,0.0,2.9192988651773115e-12,1089.0864924161895,resolved
B,H4,m5_best,rhf,-1,0.35,-0.35,0.9999999999999019,8.933104761466026e-08,0.9999999999999059,8.933104761466879e-08,8.933104761466879e-08,0,-2.5523156461331506e-07,-2.552315646133394e-07,8.752083573320607e-13,0.0,0.0,2.500595306663031e-12,102068.32106468035,resolved
B,H4,m5_best,cisd,-1,0.35,-0.35,0.9999999999999191,7.875795775083138e-09,0.9999999999999191,7.875795775083775e-09,7.875795775083775e-09,0,-2.250227364309468e-08,-2.25022736430965e-08,8.752083573320607e-13,0.0,0.0,2.500595306663031e-12,8998.76664694028,resolved
B,H4,m5_best,controlled_q0.001_phi0.000000000000,-1,0.35,-0.35,0.9999999999999185,2.9077877154365865e-09,0.9999999999999185,2.9077877154368235e-09,2.9077877154368235e-09,0,-8.307964901247391e-09,-8.307964901248068e-09,8.752083573320607e-13,0.0,0.0,2.500595306663031e-12,3322.3948229888188,resolved
B,H4,m5_best,controlled_q0.001_phi1.570796326795,-1,0.35,-0.35,0.9999999999999184,5.628907225963334e-09,0.9999999999999184,5.628907225963793e-09,5.628907225963793e-09,0,-1.6082592074180953e-08,-1.6082592074182267e-08,8.752083573320607e-13,0.0,0.0,2.500595306663031e-12,6431.505342478903,resolved
B,H4,m5_best,controlled_q0.001_phi3.141592653590,-1,0.35,-0.35,0.9999999999999193,8.559561145611986e-09,0.9999999999999193,8.559561145612676e-09,8.559561145612676e-09,0,-2.445588898746282e-08,-2.4455888987464788e-08,8.752083573320607e-13,0.0,0.0,2.500595306663031e-12,9780.02674894982,resolved
B,H4,m5_best,controlled_q0.001_phi4.712388980385,-1,0.35,-0.35,0.9999999999999193,5.8384416355347635e-09,0.9999999999999193,5.838441635535235e-09,5.838441635535235e-09,0,-1.6681261815813612e-08,-1.668126181581496e-08,8.752083573320607e-13,0.0,0.0,2.500595306663031e-12,6670.916229973355,resolved
B,H4,m5_best,controlled_q0.010_phi0.000000000000,-1,0.35,-0.35,0.9999999999999193,-4.6706840628900096e-09,0.9999999999999193,-4.670684062890387e-09,-4.670684062890387e-09,0,1.3344811608257171e-08,1.334481160825825e-08,8.752083573320607e-13,0.0,0.0,2.500595306663031e-12,5336.653865061204,resolved
B,H4,m5_best,controlled_q0.010_phi1.570796326795,-1,0.35,-0.35,0.9999999999999181,3.895402707863871e-09,0.9999999999999181,3.89540270786419e-09,3.89540270786419e-09,0,-1.1129722022468203e-08,-1.1129722022469116e-08,8.752083573320607e-13,0.0,0.0,2.500595306663031e-12,4450.828965731556,resolved
B,H4,m5_best,controlled_q0.010_phi3.141592653590,-1,0.35,-0.35,0.9999999999999198,1.3121104000490762e-08,0.99999999999992,1.3121104000491812e-08,1.3121104000491812e-08,0,-3.748886857283075e-08,-3.7488868572833754e-08,8.752083573320607e-13,0.0,0.0,2.500595306663031e-12,14991.977499493318,resolved
B,H4,m5_best,controlled_q0.010_phi4.712388980385,-1,0.35,-0.35,0.9999999999999205,4.555017229720959e-09,0.9999999999999205,4.555017229721321e-09,4.555017229721321e-09,0,-1.3014334942059883e-08,-1.3014334942060919e-08,8.752083573320607e-13,0.0,0.0,2.500595306663031e-12,5204.494668682363,resolved
B,H4,m5_best,controlled_q0.050_phi0.000000000000,-1,0.35,-0.35,0.999999999999921,-2.196490200176071e-08,0.9999999999999212,-2.1964902001762444e-08,-2.1964902001762444e-08,0,6.275686286217346e-08,6.275686286217841e-08,8.752083573320607e-13,0.0,0.0,2.500595306663031e-12,25096.76903533847,resolved
B,H4,m5_best,controlled_q0.050_phi1.570796326795,-1,0.35,-0.35,0.9999999999999186,-3.201495960697409e-09,0.9999999999999186,-3.2014959606976697e-09,-3.2014959606976697e-09,0,9.147131316278312e-09,9.147131316279056e-09,8.752083573320607e-13,0.0,0.0,2.500595306663031e-12,3657.9814782124354,resolved
B,H4,m5_best,controlled_q0.050_phi3.141592653590,-1,0.35,-0.35,0.9999999999999223,1.700674894626005e-08,0.9999999999999224,1.7006748946261372e-08,1.7006748946261372e-08,0,-4.8590711275028725e-08,-4.8590711275032497e-08,8.752083573320607e-13,0.0,0.0,2.500595306663031e-12,19431.65739196382,resolved
B,H4,m5_best,controlled_q0.050_phi4.712388980385,-1,0.35,-0.35,0.9999999999999242,-1.756657097562453e-09,0.9999999999999242,-1.756657097562586e-09,-1.756657097562586e-09,0,5.019020278749866e-09,5.019020278750246e-09,8.752083573320607e-13,0.0,0.0,2.500595306663031e-12,2007.130168314839,resolved
B,H4,m5_best,rhf,-1,0.4,-0.4,0.999999999999646,1.7104476263130053e-07,0.9999999999996606,1.7104476263135942e-07,1.7104476263135942e-07,0,-4.276119065782513e-07,-4.2761190657839855e-07,8.728935725410023e-13,0.0,0.0,2.182233931352506e-12,195951.45159952022,resolved
B,H4,m5_best,cisd,-1,0.4,-0.4,0.9999999999996961,1.5408800749346045e-08,0.9999999999996962,1.5408800749350727e-08,1.5408800749350727e-08,0,-3.852200187336511e-08,-3.852200187337681e-08,8.728935725410023e-13,0.0,0.0,2.182233931352506e-12,17652.55379815762,resolved
B,H4,m5_best,controlled_q0.001_phi0.000000000000,-1,0.4,-0.4,0.9999999999996954,5.551531817026768e-09,0.9999999999996954,5.5515318170284595e-09,5.5515318170284595e-09,0,-1.387882954256692e-08,-1.3878829542571148e-08,8.728935725410023e-13,0.0,0.0,2.182233931352506e-12,6359.918312682955,resolved
B,H4,m5_best,controlled_q0.001_phi1.570796326795,-1,0.4,-0.4,0.9999999999996947,1.0886919341729362e-08,0.9999999999996948,1.0886919341732686e-08,1.0886919341732686e-08,0,-2.7217298354323405e-08,-2.7217298354331713e-08,8.728935725410023e-13,0.0,0.0,2.182233931352506e-12,12472.218474512792,resolved
B,H4,m5_best,controlled_q0.001_phi3.141592653590,-1,0.4,-0.4,0.9999999999996964,1.6771393813660072e-08,0.9999999999996965,1.6771393813665164e-08,1.6771393813665164e-08,0,-4.192848453415018e-08,-4.192848453416291e-08,8.728935725410023e-13,0.0,0.0,2.182233931352506e-12,19213.560898195603,resolved
B,H4,m5_best,controlled_q0.001_phi4.712388980385,-1,0.4,-0.4,0.9999999999996972,1.1436006289297293e-08,0.9999999999996974,1.1436006289300756e-08,1.1436006289300756e-08,0,-2.8590015723243233e-08,-2.8590015723251888e-08,8.728935725410023e-13,0.0,0.0,2.182233931352506e-12,13101.260736755064,resolved
B,H4,m5_best,controlled_q0.010_phi0.000000000000,-1,0.4,-0.4,0.9999999999996966,-9.393206903441582e-09,0.9999999999996966,-9.393206903444433e-09,-9.393206903444433e-09,0,2.3483017258603954e-08,2.348301725861108e-08,8.728935725410023e-13,0.0,0.0,2.182233931352506e-12,10760.999048369502,resolved
B,H4,m5_best,controlled_q0.010_phi1.570796326795,-1,0.4,-0.4,0.9999999999996936,7.402598031953922e-09,0.9999999999996936,7.40259803195619e-09,7.40259803195619e-09,0,-1.8506495079884805e-08,-1.8506495079890473e-08,8.728935725410023e-13,0.0,0.0,2.182233931352506e-12,8480.527597889031,resolved
B,H4,m5_best,controlled_q0.010_phi3.141592653590,-1,0.4,-0.4,0.9999999999996985,2.5926929193784176e-08,0.9999999999996988,2.5926929193791988e-08,2.5926929193791988e-08,0,-6.481732298446044e-08,-6.481732298447997e-08,8.728935725410023e-13,0.0,0.0,2.182233931352506e-12,29702.279876240365,resolved
B,H4,m5_best,controlled_q0.010_phi4.712388980385,-1,0.4,-0.4,0.9999999999997009,9.13112425688506e-09,0.9999999999997009,9.13112425688779e-09,9.13112425688779e-09,0,-2.2827810642212648e-08,-2.2827810642219474e-08,8.728935725410023e-13,0.0,0.0,2.182233931352506e-12,10460.753228259271,resolved
B,H4,m5_best,controlled_q0.050_phi0.000000000000,-1,0.4,-0.4,0.9999999999997017,-4.3281162756639604e-08,0.9999999999997026,-4.328116275665249e-08,-4.328116275665249e-08,0,1.08202906891599e-07,1.0820290689163121e-07,8.728935725410023e-13,0.0,0.0,2.182233931352506e-12,49583.550753670555,resolved
B,H4,m5_best,controlled_q0.050_phi1.570796326795,-1,0.4,-0.4,0.9999999999996956,-6.491142271261574e-09,0.9999999999996956,-6.49114227126355e-09,-6.49114227126355e-09,0,1.6227855678153935e-08,1.6227855678158875e-08,8.728935725410023e-13,0.0,0.0,2.182233931352506e-12,7436.3501753894125,resolved
B,H4,m5_best,controlled_q0.050_phi3.141592653590,-1,0.4,-0.4,0.999999999999706,3.4085092423229846e-08,0.9999999999997066,3.408509242323985e-08,3.408509242323985e-08,0,-8.52127310580746e-08,-8.521273105809962e-08,8.728935725410023e-13,0.0,0.0,2.182233931352506e-12,39048.39432372927,resolved
B,H4,m5_best,controlled_q0.050_phi4.712388980385,-1,0.4,-0.4,0.9999999999997117,-2.704928066254997e-09,0.9999999999997117,-2.704928066255777e-09,-2.704928066255777e-09,0,6.762320165637492e-09,6.762320165639442e-09,8.728935725410023e-13,0.0,0.0,2.182233931352506e-12,3098.8062592566957,resolved
B,H4,m5_best,rhf,1,0.1,0.1,0.9999999999999912,-1.794150661371674e-10,0.9999999999999912,-1.7941506613716898e-10,-1.7941506613716898e-10,0,-1.794150661371674e-09,-1.7941506613716897e-09,8.795195202879411e-13,0.0,0.0,8.795195202879411e-12,203.99213661389766,resolved
B,H4,m5_best,cisd,1,0.1,0.1,0.9999999999999967,-1.481804999880431e-11,0.9999999999999967,-1.4818049998804358e-11,-1.4818049998804358e-11,0,-1.4818049998804308e-10,-1.4818049998804357e-10,8.795195202879411e-13,0.0,0.0,8.795195202879411e-12,16.847892124046442,marginal
B,H4,m5_best,controlled_q0.001_phi0.000000000000,1,0.1,0.1,0.9999999999999962,-5.906390913346881e-12,0.9999999999999962,-5.906390913346904e-12,-5.906390913346904e-12,0,-5.906390913346881e-11,-5.906390913346903e-11,8.795195202879411e-13,0.0,0.0,8.795195202879411e-12,6.7154745029572736,unresolved
B,H4,m5_best,controlled_q0.001_phi1.570796326795,1,0.1,0.1,0.9999999999999966,-1.099208506334659e-11,0.9999999999999966,-1.0992085063346628e-11,-1.0992085063346628e-11,0,-1.099208506334659e-10,-1.0992085063346627e-10,8.795195202879411e-13,0.0,0.0,8.795195202879411e-12,12.497829564655884,marginal
B,H4,m5_best,controlled_q0.001_phi3.141592653590,1,0.1,0.1,0.9999999999999967,-1.6026348536272423e-11,0.9999999999999967,-1.6026348536272478e-11,-1.6026348536272478e-11,0,-1.6026348536272422e-10,-1.6026348536272476e-10,8.795195202879411e-13,0.0,0.0,8.795195202879411e-12,18.221708747323362,marginal
B,H4,m5_best,controlled_q0.001_phi4.712388980385,1,0.1,0.1,0.9999999999999964,-1.0940654415411699e-11,0.9999999999999964,-1.0940654415411738e-11,-1.0940654415411738e-11,0,-1.0940654415411699e-10,-1.0940654415411738e-10,8.795195202879411e-13,0.0,0.0,8.795195202879411e-12,12.439353718755324,marginal
B,H4,m5_best,controlled_q0.010_phi0.000000000000,1,0.1,0.1,0.9999999999999964,7.972676014182514e-12,0.9999999999999964,7.972676014182543e-12,7.972676014182543e-12,0,7.972676014182513e-11,7.972676014182542e-11,8.795195202879411e-13,0.0,0.0,8.795195202879411e-12,9.064808489494789,unresolved
B,H4,m5_best,controlled_q0.010_phi1.570796326795,1,0.1,0.1,0.9999999999999967,-8.037097029567342e-12,0.9999999999999967,-8.037097029567369e-12,-8.037097029567369e-12,0,-8.037097029567342e-11,-8.037097029567369e-11,8.795195202879411e-13,0.0,0.0,8.795195202879411e-12,9.138054180919282,unresolved
B,H4,m5_best,controlled_q0.010_phi3.141592653590,1,0.1,0.1,0.9999999999999969,-2.3884960082156366e-11,0.9999999999999969,-2.388496008215644e-11,-2.388496008215644e-11,0,-2.3884960082156363e-10,-2.388496008215644e-10,8.795195202879411e-13,0.0,0.0,8.795195202879411e-12,27.156827712404606,marginal
B,H4,m5_best,controlled_q0.010_phi4.712388980385,1,0.1,0.1,0.9999999999999963,-7.875187481298784e-12,0.9999999999999963,-7.875187481298813e-12,-7.875187481298813e-12,0,-7.875187481298784e-11,-7.875187481298813e-11,8.795195202879411e-13,0.0,0.0,8.795195202879411e-12,8.953965545552155,unresolved
B,H4,m5_best,controlled_q0.050_phi0.000000000000,1,0.1,0.1,0.9999999999999972,4.031359485100057e-11,0.9999999999999972,4.031359485100068e-11,4.031359485100068e-11,0,4.031359485100057e-10,4.031359485100068e-10,8.795195202879411e-13,0.0,0.0,8.795195202879411e-12,45.83592964236032,marginal
B,H4,m5_best,controlled_q0.050_phi1.570796326795,1,0.1,0.1,0.9999999999999977,5.245321538227543e-12,0.9999999999999977,5.245321538227555e-12,5.245321538227555e-12,0,5.245321538227543e-11,5.245321538227555e-11,8.795195202879411e-13,0.0,0.0,8.795195202879411e-12,5.96384891663383,unresolved
B,H4,m5_best,controlled_q0.050_phi3.141592653590,1,0.1,0.1,0.999999999999998,-2.946829944499457e-11,0.999999999999998,-2.946829944499463e-11,-2.946829944499463e-11,0,-2.946829944499457e-10,-2.9468299444994626e-10,8.795195202879411e-13,0.0,0.0,8.795195202879411e-12,33.50499763251088,marginal
B,H4,m5_best,controlled_q0.050_phi4.712388980385,1,0.1,0.1,0.9999999999999969,5.5999736098266695e-12,0.9999999999999969,5.599973609826687e-12,5.599973609826687e-12,0,5.5999736098266695e-11,5.599973609826687e-11,8.795195202879411e-13,0.0,0.0,8.795195202879411e-12,6.367082799928448,unresolved
B,H4,m5_best,rhf,1,0.125,0.125,0.9999999999999919,-5.460865648565516e-10,0.9999999999999919,-5.46086564856556e-10,-5.46086564856556e-10,0,-4.368692518852413e-09,-4.368692518852448e-09,8.81668782934336e-13,0.0,0.0,7.053350263474688e-12,619.3783600221019,resolved
B,H4,m5_best,cisd,1,0.125,0.125,0.9999999999999972,-4.525023495549768e-11,0.9999999999999972,-4.5250234955497805e-11,-4.5250234955497805e-11,0,-3.6200187964398145e-10,-3.6200187964398244e-10,8.81668782934336e-13,0.0,0.0,7.053350263474688e-12,51.32339471620805,marginal
B,H4,m5_best,controlled_q0.001_phi0.000000000000,1,0.125,0.125,0.9999999999999968,-1.796546081456253e-11,0.9999999999999968,-1.796546081456259e-11,-1.796546081456259e-11,0,-1.4372368651650025e-10,-1.4372368651650072e-10,8.81668782934336e-13,0.0,0.0,7.053350263474688e-12,20.376655227341246,marginal
B,H4,m5_best,controlled_q0.001_phi1.570796326795,1,0.125,0.125,0.9999999999999971,-3.356335934005805e-11,0.9999999999999971,-3.356335934005815e-11,-3.356335934005815e-11,0,-2.685068747204644e-10,-2.685068747204652e-10,8.81668782934336e-13,0.0,0.0,7.053350263474688e-12,38.06799105255125,marginal
B,H4,m5_best,controlled_q0.001_phi3.141592653590,1,0.125,0.125,0.9999999999999972,-4.8952747378643165e-11,0.9999999999999972,-4.89527473786433e-11,-4.89527473786433e-11,0,-3.916219790291453e-10,-3.916219790291464e-10,8.81668782934336e-13,0.0,0.0,7.053350263474688e-12,55.52283161905826,marginal
B,H4,m5_best,controlled_q0.001_phi4.712388980385,1,0.125,0.125,0.9999999999999969,-3.3354848180330854e-11,0.9999999999999969,-3.335484818033096e-11,-3.335484818033096e-11,0,-2.6683878544264683e-10,-2.6683878544264766e-10,8.81668782934336e-13,0.0,0.0,7.053350263474688e-12,37.831495030730856,marginal
B,H4,m5_best,controlled_q0.010_phi0.000000000000,1,0.125,0.125,0.9999999999999971,2.44800591195126e-11,0.9999999999999971,2.448005911951267e-11,2.448005911951267e-11,0,1.958404729561008e-10,1.9584047295610137e-10,8.81668782934336e-13,0.0,0.0,7.053350263474688e-12,27.765595871546015,marginal
B,H4,m5_best,controlled_q0.010_phi1.570796326795,1,0.125,0.125,0.9999999999999973,-2.4622140264163317e-11,0.9999999999999973,-2.462214026416338e-11,-2.462214026416338e-11,0,-1.9697712211330654e-10,-1.9697712211330705e-10,8.81668782934336e-13,0.0,0.0,7.053350263474688e-12,27.926746121391368,marginal
B,H4,m5_best,controlled_q0.010_phi3.141592653590,1,0.125,0.125,0.9999999999999974,-7.306794807126013e-11,0.9999999999999974,-7.306794807126031e-11,-7.306794807126031e-11,0,-5.84543584570081e-10,-5.845435845700825e-10,8.81668782934336e-13,0.0,0.0,7.053350263474688e-12,82.87460040047942,marginal
B,H4,m5_best,controlled_q0.010_phi4.712388980385,1,0.125,0.125,0.9999999999999969,-2.3965750391152785e-11,0.9999999999999969,-2.396575039115286e-11,-2.396575039115286e-11,0,-1.9172600312922228e-10,-1.9172600312922287e-10,8.81668782934336e-13,0.0,0.0,7.053350263474688e-12,27.18226033975128,marginal
B,H4,m5_best,controlled_q0.050_phi0.000000000000,1,0.125,0.125,0.9999999999999976,1.2327609681693953e-10,0.9999999999999976,1.2327609681693984e-10,1.2327609681693984e-10,0,9.862087745355162e-10,9.862087745355187e-10,8.81668782934336e-13,0.0,0.0,7.053350263474688e-12,139.8213242921642,resolved
B,H4,m5_best,controlled_q0.050_phi1.570796326795,1,0.125,0.125,0.9999999999999984,1.5721207322072495e-11,0.9999999999999984,1.572120732207252e-11,1.572120732207252e-11,0,1.2576965857657996e-10,1.2576965857658016e-10,8.81668782934336e-13,0.0,0.0,7.053350263474688e-12,17.83119423798785,marginal
B,H4,m5_best,controlled_q0.050_phi3.141592653590,1,0.125,0.125,0.9999999999999986,-9.039590025109647e-11,0.9999999999999986,-9.03959002510966e-11,-9.03959002510966e-11,0,-7.231672020087718e-10,-7.231672020087728e-10,8.81668782934336e-13,0.0,0.0,7.053350263474688e-12,102.52818518791639,resolved
B,H4,m5_best,controlled_q0.050_phi4.712388980385,1,0.125,0.125,0.9999999999999973,1.7158987772325496e-11,0.9999999999999973,1.715898777232554e-11,1.715898777232554e-11,0,1.3727190217860397e-10,1.3727190217860433e-10,8.81668782934336e-13,0.0,0.0,7.053350263474688e-12,19.461943197328157,marginal
B,H4,m5_best,rhf,1,0.15,0.15,0.9999999999999942,-1.3544519950059453e-09,0.9999999999999942,-1.3544519950059531e-09,-1.3544519950059531e-09,0,-9.029679966706302e-09,-9.029679966706355e-09,8.839148494593693e-13,0.0,0.0,5.892765663062462e-12,1532.33311538365,resolved
B,H4,m5_best,cisd,1,0.15,0.15,0.9999999999999996,-1.1268525113406215e-10,0.9999999999999996,-1.126852511340622e-10,-1.126852511340622e-10,0,-7.512350075604144e-10,-7.512350075604147e-10,8.839148494593693e-13,0.0,0.0,5.892765663062462e-12,127.48428335940287,resolved
B,H4,m5_best,controlled_q0.001_phi0.000000000000,1,0.15,0.15,0.999999999999999,-4.452455405353406e-11,0.999999999999999,-4.4524554053534105e-11,-4.4524554053534105e-11,0,-2.9683036035689374e-10,-2.9683036035689405e-10,8.839148494593693e-13,0.0,0.0,5.892765663062462e-12,50.371994633608324,marginal
B,H4,m5_best,controlled_q0.001_phi1.570796326795,1,0.15,0.15,0.9999999999999994,-8.356794466493622e-11,0.9999999999999994,-8.356794466493627e-11,-8.356794466493627e-11,0,-5.571196310995748e-10,-5.571196310995752e-10,8.839148494593693e-13,0.0,0.0,5.892765663062462e-12,94.54298082677202,marginal
B,H4,m5_best,controlled_q0.001_phi3.141592653590,1,0.15,0.15,0.9999999999999998,-1.2194384884626128e-10,0.9999999999999998,-1.219438488462613e-10,-1.219438488462613e-10,0,-8.129589923084086e-10,-8.129589923084088e-10,8.839148494593693e-13,0.0,0.0,5.892765663062462e-12,137.95881913381822,resolved
B,H4,m5_best,controlled_q0.001_phi4.712388980385,1,0.15,0.15,0.9999999999999993,-8.29004579826903e-11,0.9999999999999993,-8.290045798269035e-11,-8.290045798269035e-11,0,-5.52669719884602e-10,-5.526697198846024e-10,8.839148494593693e-13,0.0,0.0,5.892765663062462e-12,93.7878326553682,marginal
B,H4,m5_best,controlled_q0.010_phi0.000000000000,1,0.15,0.15,0.9999999999999992,6.136488315229701e-11,0.9999999999999992,6.136488315229706e-11,6.136488315229706e-11,0,4.090992210153134e-10,4.0909922101531375e-10,8.839148494593693e-13,0.0,0.0,5.892765663062462e-12,69.42397583865656,marginal
B,H4,m5_best,controlled_q0.010_phi1.570796326795,1,0.15,0.15,0.9999999999999998,-6.154374839612009e-11,0.9999999999999998,-6.15437483961201e-11,-6.15437483961201e-11,0,-4.1029165597413397e-10,-4.10291655974134e-10,8.839148494593693e-13,0.0,0.0,5.892765663062462e-12,69.62633157906808,marginal
B,H4,m5_best,controlled_q0.010_phi3.141592653590,1,0.15,0.15,1.0,-1.8235112952690265e-10,1.0,-1.8235112952690265e-10,-1.8235112952690265e-10,0,-1.2156741968460177e-09,-1.2156741968460177e-09,8.839148494593693e-13,0.0,0.0,5.892765663062462e-12,206.2994299037226,resolved
B,H4,m5_best,controlled_q0.010_phi4.712388980385,1,0.15,0.15,0.9999999999999992,-5.944249779898936e-11,0.9999999999999992,-5.944249779898941e-11,-5.944249779898941e-11,0,-3.9628331865992905e-10,-3.962833186599294e-10,8.839148494593693e-13,0.0,0.0,5.892765663062462e-12,67.24912228292838,marginal
B,H4,m5_best,controlled_q0.050_phi0.000000000000,1,0.15,0.15,0.9999999999999996,3.0749966324701437e-10,0.9999999999999996,3.0749966324701453e-10,3.0749966324701453e-10,0,2.0499977549800957e-09,2.049997754980097e-09,8.839148494593693e-13,0.0,0.0,5.892765663062462e-12,347.8838073996506,resolved
B,H4,m5_best,controlled_q0.050_phi1.570796326795,1,0.15,0.15,1.000000000000001,3.827701870739997e-11,1.000000000000001,3.827701870739992e-11,3.827701870739992e-11,0,2.551801247159998e-10,2.551801247159995e-10,8.839148494593693e-13,0.0,0.0,5.892765663062462e-12,43.30396613521249,marginal
B,H4,m5_best,controlled_q0.050_phi3.141592653590,1,0.15,0.15,1.0000000000000013,-2.263429917318899e-10,1.0000000000000013,-2.2634299173188958e-10,-2.2634299173188958e-10,0,-1.5089532782125994e-09,-1.5089532782125973e-09,8.839148494593693e-13,0.0,0.0,5.892765663062462e-12,256.06877389867196,resolved
B,H4,m5_best,controlled_q0.050_phi4.712388980385,1,0.15,0.15,0.9999999999999996,4.287965295335372e-11,0.9999999999999996,4.287965295335374e-11,4.287965295335374e-11,0,2.8586435302235813e-10,2.858643530223583e-10,8.839148494593693e-13,0.0,0.0,5.892765663062462e-12,48.51106753052095,marginal
B,H4,m5_best,rhf,1,0.175,0.175,0.9999999999999911,-2.916323738055837e-09,0.9999999999999911,-2.916323738055863e-09,-2.916323738055863e-09,0,-1.6664707074604786e-08,-1.6664707074604935e-08,8.798297973158058e-13,0.0,0.0,5.027598841804605e-12,3314.645340443105,resolved
B,H4,m5_best,cisd,1,0.175,0.175,0.9999999999999964,-2.437804098063432e-10,0.9999999999999964,-2.4378040980634407e-10,-2.4378040980634407e-10,0,-1.393030913179104e-09,-1.393030913179109e-09,8.798297973158058e-13,0.0,0.0,5.027598841804605e-12,277.0767829756063,resolved
B,H4,m5_best,controlled_q0.001_phi0.000000000000,1,0.175,0.175,0.999999999999996,-9.578055289500155e-11,0.999999999999996,-9.578055289500194e-11,-9.578055289500194e-11,0,-5.473174451142946e-10,-5.473174451142968e-10,8.798297973158058e-13,0.0,0.0,5.027598841804605e-12,108.862592727832,resolved
B,H4,m5_best,controlled_q0.001_phi1.570796326795,1,0.175,0.175,0.9999999999999967,-1.80751541555349e-10,0.9999999999999967,-1.807515415553496e-10,-1.807515415553496e-10,0,-1.0328659517448516e-09,-1.032865951744855e-09,8.798297973158058e-13,0.0,0.0,5.027598841804605e-12,205.4392134783202,resolved
B,H4,m5_best,controlled_q0.001_phi3.141592653590,1,0.175,0.175,0.9999999999999967,-2.639074075895318e-10,0.9999999999999967,-2.639074075895327e-10,-2.639074075895327e-10,0,-1.508042329083039e-09,-1.508042329083044e-09,8.798297973158058e-13,0.0,0.0,5.027598841804605e-12,299.95279586422663,resolved
B,H4,m5_best,controlled_q0.001_phi4.712388980385,1,0.175,0.175,0.9999999999999962,-1.7893641971779284e-10,0.9999999999999962,-1.789364197177935e-10,-1.789364197177935e-10,0,-1.0224938269588162e-09,-1.0224938269588202e-09,8.798297973158058e-13,0.0,0.0,5.027598841804605e-12,203.37617601005783,resolved
B,H4,m5_best,controlled_q0.010_phi0.000000000000,1,0.175,0.175,0.9999999999999964,1.3377502131063622e-10,0.9999999999999964,1.3377502131063668e-10,1.3377502131063668e-10,0,7.644286932036355e-10,7.644286932036382e-10,8.798297973158058e-13,0.0,0.0,5.027598841804605e-12,152.0464773059045,resolved
B,H4,m5_best,controlled_q0.010_phi1.570796326795,1,0.175,0.175,0.9999999999999968,-1.3371372932502457e-10,0.9999999999999968,-1.33713729325025e-10,-1.33713729325025e-10,0,-7.640784532858547e-10,-7.640784532858572e-10,8.798297973158058e-13,0.0,0.0,5.027598841804605e-12,151.97681384849642,resolved
B,H4,m5_best,controlled_q0.010_phi3.141592653590,1,0.175,0.175,0.9999999999999968,-3.954884750845205e-10,0.9999999999999968,-3.954884750845218e-10,-3.954884750845218e-10,0,-2.259934143340117e-09,-2.2599341433401246e-09,8.798297973158058e-13,0.0,0.0,5.027598841804605e-12,449.5056615394034,resolved
B,H4,m5_best,controlled_q0.010_phi4.712388980385,1,0.175,0.175,0.9999999999999961,-1.2799972193278109e-10,0.9999999999999961,-1.2799972193278158e-10,-1.2799972193278158e-10,0,-7.314269824730348e-10,-7.314269824730376e-10,8.798297973158058e-13,0.0,0.0,5.027598841804605e-12,145.4823675252691,resolved
B,H4,m5_best,controlled_q0.050_phi0.000000000000,1,0.175,0.175,0.9999999999999971,6.665214905870805e-10,0.9999999999999971,6.665214905870825e-10,6.665214905870825e-10,0,3.8086942319261745e-09,3.808694231926186e-09,8.798297973158058e-13,0.0,0.0,5.027598841804605e-12,757.5573055385387,resolved
B,H4,m5_best,controlled_q0.050_phi1.570796326795,1,0.175,0.175,0.9999999999999981,8.0606334107447e-11,0.9999999999999981,8.060633410744715e-11,8.060633410744715e-11,0,4.6060762347112574e-10,4.606076234711266e-10,8.798297973158058e-13,0.0,0.0,5.027598841804605e-12,91.61582655345576,marginal
B,H4,m5_best,controlled_q0.050_phi3.141592653590,1,0.175,0.175,0.999999999999998,-4.9279269231364e-10,0.999999999999998,-4.92792692313641e-10,-4.92792692313641e-10,0,-2.8159582417922285e-09,-2.8159582417922347e-09,8.798297973158058e-13,0.0,0.0,5.027598841804605e-12,560.1000259562215,resolved
B,H4,m5_best,controlled_q0.050_phi4.712388980385,1,0.175,0.175,0.9999999999999964,9.312246460058127e-11,0.9999999999999964,9.31224646005816e-11,9.31224646005816e-11,0,5.321283691461787e-10,5.321283691461806e-10,8.798297973158058e-13,0.0,0.0,5.027598841804605e-12,105.84145352280666,resolved
B,H4,m5_best,rhf,1,0.2,0.2,0.9999999999999925,-5.660757584902143e-09,0.9999999999999925,-5.660757584902186e-09,-5.660757584902186e-09,0,-2.8303787924510715e-08,-2.830378792451093e-08,8.752290790340555e-13,0.0,0.0,4.376145395170277e-12,6467.743954702265,resolved
B,H4,m5_best,cisd,1,0.2,0.2,0.9999999999999977,-4.757847413213041e-10,0.9999999999999977,-4.757847413213052e-10,-4.757847413213052e-10,0,-2.37892370660652e-09,-2.378923706606526e-09,8.752290790340555e-13,0.0,0.0,4.376145395170277e-12,543.6116700400343,resolved
B,H4,m5_best,controlled_q0.001_phi0.000000000000,1,0.2,0.2,0.9999999999999971,-1.857247554068826e-10,0.9999999999999971,-1.8572475540688316e-10,-1.8572475540688316e-10,0,-9.28623777034413e-10,-9.286237770344158e-10,8.752290790340555e-13,0.0,0.0,4.376145395170277e-12,212.2013080413842,resolved
B,H4,m5_best,controlled_q0.001_phi1.570796326795,1,0.2,0.2,0.9999999999999974,-3.526954232141444e-10,0.9999999999999974,-3.5269542321414526e-10,-3.5269542321414526e-10,0,-1.7634771160707219e-09,-1.7634771160707262e-09,8.752290790340555e-13,0.0,0.0,4.376145395170277e-12,402.97498296491233,resolved
B,H4,m5_best,controlled_q0.001_phi3.141592653590,1,0.2,0.2,0.9999999999999977,-5.152831761209312e-10,0.9999999999999977,-5.152831761209325e-10,-5.152831761209325e-10,0,-2.576415880604656e-09,-2.5764158806046623e-09,8.752290790340555e-13,0.0,0.0,4.376145395170277e-12,588.7409233358909,resolved
B,H4,m5_best,controlled_q0.001_phi4.712388980385,1,0.2,0.2,0.9999999999999972,-3.4831250839313654e-10,0.9999999999999972,-3.4831250839313753e-10,-3.4831250839313753e-10,0,-1.7415625419656827e-09,-1.7415625419656875e-09,8.752290790340555e-13,0.0,0.0,4.376145395170277e-12,397.96724850315854,resolved
B,H4,m5_best,controlled_q0.010_phi0.000000000000,1,0.2,0.2,0.9999999999999974,2.6335893015918977e-10,0.9999999999999974,2.6335893015919044e-10,2.6335893015919044e-10,0,1.3167946507959487e-09,1.316794650795952e-09,8.752290790340555e-13,0.0,0.0,4.376145395170277e-12,300.9028567124909,resolved
B,H4,m5_best,controlled_q0.010_phi1.570796326795,1,0.2,0.2,0.9999999999999979,-2.622648886257961e-10,0.9999999999999979,-2.622648886257967e-10,-2.622648886257967e-10,0,-1.3113244431289806e-09,-1.3113244431289832e-09,8.752290790340555e-13,0.0,0.0,4.376145395170277e-12,299.6528507887834,resolved
B,H4,m5_best,controlled_q0.010_phi3.141592653590,1,0.2,0.2,0.999999999999998,-7.740912875974765e-10,0.999999999999998,-7.74091287597478e-10,-7.74091287597478e-10,0,-3.870456437987382e-09,-3.8704564379873895e-09,8.752290790340555e-13,0.0,0.0,4.376145395170277e-12,884.4442056836142,resolved
B,H4,m5_best,controlled_q0.010_phi4.712388980385,1,0.2,0.2,0.9999999999999971,-2.4846747055662366e-10,0.9999999999999971,-2.484674705566244e-10,-2.484674705566244e-10,0,-1.2423373527831183e-09,-1.2423373527831218e-09,8.752290790340555e-13,0.0,0.0,4.376145395170277e-12,283.8885001751133,resolved
B,H4,m5_best,controlled_q0.050_phi0.000000000000,1,0.2,0.2,0.9999999999999978,1.3036990222105744e-09,0.9999999999999978,1.3036990222105773e-09,1.3036990222105773e-09,0,6.5184951110528716e-09,6.518495111052886e-09,8.752290790340555e-13,0.0,0.0,4.376145395170277e-12,1489.5517681489728,resolved
B,H4,m5_best,controlled_q0.050_phi1.570796326795,1,0.2,0.2,0.9999999999999989,1.5235729344809101e-10,0.9999999999999989,1.523572934480912e-10,1.523572934480912e-10,0,7.617864672404551e-10,7.617864672404559e-10,8.752290790340555e-13,0.0,0.0,4.376145395170277e-12,174.07704691009556,resolved
B,H4,m5_best,controlled_q0.050_phi3.141592653590,1,0.2,0.2,0.9999999999999989,-9.6876216147319e-10,0.9999999999999989,-9.68762161473191e-10,-9.68762161473191e-10,0,-4.84381080736595e-09,-4.843810807365955e-09,8.752290790340555e-13,0.0,0.0,4.376145395170277e-12,1106.8669730927613,resolved
B,H4,m5_best,controlled_q0.050_phi4.712388980385,1,0.2,0.2,0.9999999999999972,1.825795625798321e-10,0.9999999999999972,1.8257956257983262e-10,1.8257956257983262e-10,0,9.128978128991605e-10,9.128978128991631e-10,8.752290790340555e-13,0.0,0.0,4.376145395170277e-12,208.60774276528335,resolved
B,H4,m5_best,rhf,1,0.225,0.225,0.9999999999999921,-1.0149760532041086e-08,0.9999999999999921,-1.0149760532041165e-08,-1.0149760532041165e-08,0,-4.511004680907149e-08,-4.511004680907184e-08,8.815450229516861e-13,0.0,0.0,3.9179778797852716e-12,11513.604260456874,resolved
B,H4,m5_best,cisd,1,0.225,0.225,0.9999999999999976,-8.583760282865417e-10,0.9999999999999976,-8.583760282865437e-10,-8.583760282865437e-10,0,-3.815004570162407e-09,-3.815004570162416e-09,8.815450229516861e-13,0.0,0.0,3.9179778797852716e-12,973.7177409412766,resolved
B,H4,m5_best,controlled_q0.001_phi0.000000000000,1,0.225,0.225,0.9999999999999969,-3.326285089542783e-10,0.9999999999999969,-3.3262850895427935e-10,-3.3262850895427935e-10,0,-1.4783489286856813e-09,-1.478348928685686e-09,8.815450229516861e-13,0.0,0.0,3.9179778797852716e-12,377.3244704400178,resolved
B,H4,m5_best,controlled_q0.001_phi1.570796326795,1,0.225,0.225,0.9999999999999974,-6.361810670277301e-10,0.9999999999999974,-6.361810670277318e-10,-6.361810670277318e-10,0,-2.827471409012134e-09,-2.827471409012141e-09,8.815450229516861e-13,0.0,0.0,3.9179778797852716e-12,721.6659960232079,resolved
B,H4,m5_best,controlled_q0.001_phi3.141592653590,1,0.225,0.225,0.9999999999999978,-9.300741136852092e-10,0.9999999999999978,-9.300741136852113e-10,-9.300741136852113e-10,0,-4.133662727489819e-09,-4.133662727489828e-09,8.815450229516861e-13,0.0,0.0,3.9179778797852716e-12,1055.0500422213636,resolved
B,H4,m5_best,controlled_q0.001_phi4.712388980385,1,0.225,0.225,0.9999999999999972,-6.265215562063081e-10,0.9999999999999972,-6.265215562063099e-10,-6.265215562063099e-10,0,-2.7845402498058136e-09,-2.7845402498058215e-09,8.815450229516861e-13,0.0,0.0,3.9179778797852716e-12,710.7085173126151,resolved
B,H4,m5_best,controlled_q0.010_phi0.000000000000,1,0.225,0.225,0.9999999999999973,4.797139036224097e-10,0.9999999999999973,4.797139036224109e-10,4.797139036224109e-10,0,2.1320617938773765e-09,2.132061793877382e-09,8.815450229516861e-13,0.0,0.0,3.9179778797852716e-12,544.1740252995573,resolved
B,H4,m5_best,controlled_q0.010_phi1.570796326795,1,0.225,0.225,0.9999999999999979,-4.758698322546162e-10,0.9999999999999979,-4.758698322546172e-10,-4.758698322546172e-10,0,-2.114977032242739e-09,-2.1149770322427434e-09,8.815450229516861e-13,0.0,0.0,3.9179778797852716e-12,539.8134183337074,resolved
B,H4,m5_best,controlled_q0.010_phi3.141592653590,1,0.225,0.225,0.999999999999998,-1.4010454208788764e-09,0.999999999999998,-1.4010454208788793e-09,-1.4010454208788793e-09,0,-6.226868537239451e-09,-6.226868537239463e-09,8.815450229516861e-13,0.0,0.0,3.9179778797852716e-12,1589.306710833375,resolved
B,H4,m5_best,controlled_q0.010_phi4.712388980385,1,0.225,0.225,0.9999999999999971,-4.4546168576770073e-10,0.9999999999999971,-4.45461685767702e-10,-4.45461685767702e-10,0,-1.9798297145231145e-09,-1.97982971452312e-09,8.815450229516861e-13,0.0,0.0,3.9179778797852716e-12,505.31926806886946,resolved
B,H4,m5_best,controlled_q0.050_phi0.000000000000,1,0.225,0.225,0.9999999999999977,2.3577717084753045e-09,0.9999999999999977,2.35777170847531e-09,2.35777170847531e-09,0,1.0478985371001353e-08,1.0478985371001376e-08,8.815450229516861e-13,0.0,0.0,3.9179778797852716e-12,2674.5902331576367,resolved
B,H4,m5_best,controlled_q0.050_phi1.570796326795,1,0.225,0.225,0.9999999999999992,2.64633251076396e-10,0.9999999999999992,2.646332510763962e-10,2.646332510763962e-10,0,1.1761477825617601e-09,1.176147782561761e-09,8.815450229516861e-13,0.0,0.0,3.9179778797852716e-12,300.1925530590847,resolved
B,H4,m5_best,controlled_q0.050_phi3.141592653590,1,0.225,0.225,0.9999999999999991,-1.7618983129183592e-09,0.9999999999999991,-1.7618983129183608e-09,-1.7618983129183608e-09,0,-7.83065916852604e-09,-7.830659168526049e-09,8.815450229516861e-13,0.0,0.0,3.9179778797852716e-12,1998.6481314578548,resolved
B,H4,m5_best,controlled_q0.050_phi4.712388980385,1,0.225,0.225,0.9999999999999971,3.312401429533818e-10,0.9999999999999971,3.312401429533827e-10,3.312401429533827e-10,0,1.4721784131261413e-09,1.4721784131261454e-09,8.815450229516861e-13,0.0,0.0,3.9179778797852716e-12,375.74954690832135,resolved
B,H4,m5_best,rhf,1,0.25,0.25,0.9999999999999893,-1.7092267268203898e-08,0.9999999999999895,-1.709226726820408e-08,-1.709226726820408e-08,0,-6.836906907281559e-08,-6.836906907281632e-08,8.813973794671244e-13,0.0,0.0,3.5255895178684977e-12,19392.23744746955,resolved
B,H4,m5_best,cisd,1,0.25,0.25,0.999999999999995,-1.455520805925034e-09,0.999999999999995,-1.4555208059250412e-09,-1.4555208059250412e-09,0,-5.822083223700136e-09,-5.822083223700165e-09,8.813973794671244e-13,0.0,0.0,3.5255895178684977e-12,1651.3786401373388,resolved
B,H4,m5_best,controlled_q0.001_phi0.000000000000,1,0.25,0.25,0.9999999999999946,-5.594614650591542e-10,0.9999999999999946,-5.594614650591572e-10,-5.594614650591572e-10,0,-2.237845860236617e-09,-2.237845860236629e-09,8.813973794671244e-13,0.0,0.0,3.5255895178684977e-12,634.7437354503977,resolved
B,H4,m5_best,controlled_q0.001_phi1.570796326795,1,0.25,0.25,0.9999999999999949,-1.0785861221090237e-09,0.9999999999999949,-1.0785861221090293e-09,-1.0785861221090293e-09,0,-4.314344488436095e-09,-4.314344488436117e-09,8.813973794671244e-13,0.0,0.0,3.5255895178684977e-12,1223.7228601259465,resolved
B,H4,m5_best,controlled_q0.001_phi3.141592653590,1,0.25,0.25,0.9999999999999951,-1.5779161869015444e-09,0.9999999999999951,-1.577916186901552e-09,-1.577916186901552e-09,0,-6.311664747606178e-09,-6.311664747606208e-09,8.813973794671244e-13,0.0,0.0,3.5255895178684977e-12,1790.2437920288821,resolved
B,H4,m5_best,controlled_q0.001_phi4.712388980385,1,0.25,0.25,0.9999999999999946,-1.058791529711528e-09,0.9999999999999946,-1.0587915297115338e-09,-1.0587915297115338e-09,0,-4.235166118846112e-09,-4.235166118846135e-09,8.813973794671244e-13,0.0,0.0,3.5255895178684977e-12,1201.264667194328,resolved
B,H4,m5_best,controlled_q0.010_phi0.000000000000,1,0.25,0.25,0.999999999999995,8.219897441545638e-10,0.999999999999995,8.219897441545679e-10,8.219897441545679e-10,0,3.287958976618255e-09,3.2879589766182717e-09,8.813973794671244e-13,0.0,0.0,3.5255895178684977e-12,932.598352688004,resolved
B,H4,m5_best,controlled_q0.010_phi1.570796326795,1,0.25,0.25,0.9999999999999954,-8.122151631817509e-10,0.9999999999999954,-8.122151631817546e-10,-8.122151631817546e-10,0,-3.2488606527270036e-09,-3.2488606527270185e-09,8.813973794671244e-13,0.0,0.0,3.5255895178684977e-12,921.5084842580316,resolved
B,H4,m5_best,controlled_q0.010_phi3.141592653590,1,0.25,0.25,0.9999999999999953,-2.3841066762050935e-09,0.9999999999999953,-2.3841066762051047e-09,-2.3841066762051047e-09,0,-9.536426704820374e-09,-9.536426704820419e-09,8.813973794671244e-13,0.0,0.0,3.5255895178684977e-12,2704.9169100621534,resolved
B,H4,m5_best,controlled_q0.010_phi4.712388980385,1,0.25,0.25,0.9999999999999944,-7.499017700210442e-10,0.9999999999999944,-7.499017700210483e-10,-7.499017700210483e-10,0,-2.9996070800841768e-09,-2.9996070800841933e-09,8.813973794671244e-13,0.0,0.0,3.5255895178684977e-12,850.8100744234343,resolved
B,H4,m5_best,controlled_q0.050_phi0.000000000000,1,0.25,0.25,0.9999999999999957,4.008662194641361e-09,0.9999999999999957,4.008662194641378e-09,4.008662194641378e-09,0,1.6034648778565442e-08,1.6034648778565512e-08,8.813973794671244e-13,0.0,0.0,3.5255895178684977e-12,4548.075916750421,resolved
B,H4,m5_best,controlled_q0.050_phi1.570796326795,1,0.25,0.25,0.9999999999999968,4.2905214971133976e-10,0.9999999999999968,4.2905214971134115e-10,4.2905214971134115e-10,0,1.716208598845359e-09,1.7162085988453646e-09,8.813973794671244e-13,0.0,0.0,3.5255895178684977e-12,486.7862779110329,resolved
B,H4,m5_best,controlled_q0.050_phi3.141592653590,1,0.25,0.25,0.9999999999999964,-3.014064815980035e-09,0.9999999999999964,-3.014064815980046e-09,-3.014064815980046e-09,0,-1.205625926392014e-08,-1.2056259263920184e-08,8.813973794671244e-13,0.0,0.0,3.5255895178684977e-12,3419.643495879554,resolved
B,H4,m5_best,controlled_q0.050_phi4.712388980385,1,0.25,0.25,0.9999999999999946,5.655452304381692e-10,0.9999999999999946,5.655452304381723e-10,5.655452304381723e-10,0,2.2621809217526767e-09,2.262180921752689e-09,8.813973794671244e-13,0.0,0.0,3.5255895178684977e-12,641.6461446482706,resolved
B,H4,m5_best,rhf,1,0.275,0.275,0.9999999999999846,-2.735618126470385e-08,0.9999999999999849,-2.7356181264704266e-08,-2.7356181264704266e-08,0,-9.947702278074126e-08,-9.947702278074278e-08,8.785156861116424e-13,0.0,0.0,3.1946024949514267e-12,31139.092559387045,resolved
B,H4,m5_best,cisd,1,0.275,0.275,0.9999999999999909,-2.3473686396781027e-09,0.9999999999999909,-2.3473686396781242e-09,-2.3473686396781242e-09,0,-8.535885962465827e-09,-8.535885962465905e-09,8.785156861116424e-13,0.0,0.0,3.1946024949514267e-12,2671.9712314616513,resolved
B,H4,m5_best,controlled_q0.001_phi0.000000000000,1,0.275,0.275,0.9999999999999903,-8.942486879230858e-10,0.9999999999999903,-8.942486879230945e-10,-8.942486879230945e-10,0,-3.251813410629403e-09,-3.2518134106294343e-09,8.785156861116424e-13,0.0,0.0,3.1946024949514267e-12,1017.908617979354,resolved
B,H4,m5_best,controlled_q0.001_phi1.570796326795,1,0.275,0.275,0.999999999999991,-1.7393325373732393e-09,0.999999999999991,-1.739332537373255e-09,-1.739332537373255e-09,0,-6.324845590448143e-09,-6.3248455904482e-09,8.785156861116424e-13,0.0,0.0,3.1946024949514267e-12,1979.8537065076418,resolved
B,H4,m5_best,controlled_q0.001_phi3.141592653590,1,0.275,0.275,0.9999999999999909,-2.546199057690959e-09,0.9999999999999909,-2.546199057690982e-09,-2.546199057690982e-09,0,-9.25890566433076e-09,-9.258905664330844e-09,8.785156861116424e-13,0.0,0.0,3.1946024949514267e-12,2898.2966359548714,resolved
B,H4,m5_best,controlled_q0.001_phi4.712388980385,1,0.275,0.275,0.9999999999999906,-1.7011152087659243e-09,0.9999999999999906,-1.7011152087659404e-09,-1.7011152087659404e-09,0,-6.1858734864215425e-09,-6.185873486421601e-09,8.785156861116424e-13,0.0,0.0,3.1946024949514267e-12,1936.3515480243177,resolved
B,H4,m5_best,controlled_q0.010_phi0.000000000000,1,0.275,0.275,0.9999999999999907,1.3406448927459835e-09,0.9999999999999907,1.340644892745996e-09,1.340644892745996e-09,0,4.875072337258121e-09,4.875072337258167e-09,8.785156861116424e-13,0.0,0.0,3.1946024949514267e-12,1526.0340981272057,resolved
B,H4,m5_best,controlled_q0.010_phi1.570796326795,1,0.275,0.275,0.9999999999999913,-1.319679857579581e-09,0.9999999999999913,-1.3196798575795923e-09,-1.3196798575795923e-09,0,-4.79883584574393e-09,-4.7988358457439716e-09,8.785156861116424e-13,0.0,0.0,3.1946024949514267e-12,1502.1699423724065,resolved
B,H4,m5_best,controlled_q0.010_phi3.141592653590,1,0.275,0.275,0.9999999999999912,-3.859696421930746e-09,0.9999999999999912,-3.85969642193078e-09,-3.85969642193078e-09,0,-1.4035259716111804e-08,-1.4035259716111926e-08,8.785156861116424e-13,0.0,0.0,3.1946024949514267e-12,4393.429147536306,resolved
B,H4,m5_best,controlled_q0.010_phi4.712388980385,1,0.275,0.275,0.9999999999999901,-1.1993716696884205e-09,0.9999999999999901,-1.1993716696884322e-09,-1.1993716696884322e-09,0,-4.36135152613971e-09,-4.361351526139753e-09,8.785156861116424e-13,0.0,0.0,3.1946024949514267e-12,1365.225104854876,resolved
B,H4,m5_best,controlled_q0.050_phi0.000000000000,1,0.275,0.275,0.9999999999999912,6.483510948331746e-09,0.9999999999999912,6.483510948331803e-09,6.483510948331803e-09,0,2.3576403448479075e-08,2.3576403448479284e-08,8.785156861116424e-13,0.0,0.0,3.1946024949514267e-12,7380.074198820643,resolved
B,H4,m5_best,controlled_q0.050_phi1.570796326795,1,0.275,0.275,0.9999999999999931,6.56258103415297e-10,0.9999999999999931,6.562581034153016e-10,6.562581034153016e-10,0,2.3863931033283525e-09,2.386393103328369e-09,8.785156861116424e-13,0.0,0.0,3.1946024949514267e-12,747.0078380955616,resolved
B,H4,m5_best,controlled_q0.050_phi3.141592653590,1,0.275,0.275,0.9999999999999926,-4.907468182275244e-09,0.9999999999999926,-4.907468182275281e-09,-4.907468182275281e-09,0,-1.784533884463725e-08,-1.7845338844637383e-08,8.785156861116424e-13,0.0,0.0,3.1946024949514267e-12,5586.090561451398,resolved
B,H4,m5_best,controlled_q0.050_phi4.712388980385,1,0.275,0.275,0.9999999999999905,9.19784659894618e-10,0.9999999999999905,9.197846598946268e-10,9.197846598946268e-10,0,3.3446714905258834e-09,3.3446714905259152e-09,8.785156861116424e-13,0.0,0.0,3.1946024949514267e-12,1046.9757961472883,resolved
B,H4,m5_best,rhf,1,0.3,0.3,0.9999999999999754,-4.1978260534314416e-08,0.9999999999999762,-4.197826053431543e-08,-4.197826053431543e-08,0,-1.3992753511438139e-07,-1.3992753511438477e-07,8.757896595531935e-13,0.0,0.0,2.9192988651773115e-12,47931.897889420965,resolved
B,H4,m5_best,cisd,1,0.3,0.3,0.999999999999983,-3.632166547735977e-09,0.999999999999983,-3.6321665477360385e-09,-3.6321665477360385e-09,0,-1.210722182578659e-08,-1.2107221825786795e-08,8.757896595531935e-13,0.0,0.0,2.9192988651773115e-12,4147.304673120963,resolved
B,H4,m5_best,controlled_q0.001_phi0.000000000000,1,0.3,0.3,0.9999999999999825,-1.3703482317440387e-09,0.9999999999999825,-1.3703482317440627e-09,-1.3703482317440627e-09,0,-4.567827439146796e-09,-4.567827439146875e-09,8.757896595531935e-13,0.0,0.0,2.9192988651773115e-12,1564.7001729195536,resolved
B,H4,m5_best,controlled_q0.001_phi1.570796326795,1,0.3,0.3,0.999999999999983,-2.6913815156549836e-09,0.999999999999983,-2.6913815156550295e-09,-2.6913815156550295e-09,0,-8.971271718849946e-09,-8.971271718850098e-09,8.757896595531935e-13,0.0,0.0,2.9192988651773115e-12,3073.091222643644,resolved
B,H4,m5_best,controlled_q0.001_phi3.141592653590,1,0.3,0.3,0.9999999999999831,-3.9422243847948555e-09,0.9999999999999831,-3.942224384794922e-09,-3.942224384794922e-09,0,-1.3140747949316186e-08,-1.3140747949316406e-08,8.757896595531935e-13,0.0,0.0,2.9192988651773115e-12,4501.336984049438,resolved
B,H4,m5_best,controlled_q0.001_phi4.712388980385,1,0.3,0.3,0.9999999999999827,-2.621191101843945e-09,0.9999999999999827,-2.6211911018439904e-09,-2.6211911018439904e-09,0,-8.73730367281315e-09,-8.737303672813301e-09,8.757896595531935e-13,0.0,0.0,2.9192988651773115e-12,2992.9459354215405,resolved
B,H4,m5_best,controlled_q0.010_phi0.000000000000,1,0.3,0.3,0.9999999999999827,2.0993756243498076e-09,0.9999999999999827,2.099375624349844e-09,2.099375624349844e-09,0,6.997918747832692e-09,6.997918747832814e-09,8.757896595531935e-13,0.0,0.0,2.9192988651773115e-12,2397.1231007920987,resolved
B,H4,m5_best,controlled_q0.010_phi1.570796326795,1,0.3,0.3,0.9999999999999837,-2.059238390049456e-09,0.9999999999999837,-2.0592383900494895e-09,-2.0592383900494895e-09,0,-6.8641279668315204e-09,-6.864127966831632e-09,8.757896595531935e-13,0.0,0.0,2.9192988651773115e-12,2351.2933357765714,resolved
B,H4,m5_best,controlled_q0.010_phi3.141592653590,1,0.3,0.3,0.9999999999999836,-5.996892919614605e-09,0.9999999999999836,-5.9968929196147036e-09,-5.9968929196147036e-09,0,-1.9989643065382018e-08,-1.9989643065382345e-08,8.757896595531935e-13,0.0,0.0,2.9192988651773115e-12,6847.41233719758,resolved
B,H4,m5_best,controlled_q0.010_phi4.712388980385,1,0.3,0.3,0.999999999999982,-1.838278904965629e-09,0.999999999999982,-1.838278904965662e-09,-1.838278904965662e-09,0,-6.12759634988543e-09,-6.1275963498855404e-09,8.757896595531935e-13,0.0,0.0,2.9192988651773115e-12,2098.9959003437816,resolved
B,H4,m5_best,controlled_q0.050_phi0.000000000000,1,0.3,0.3,0.9999999999999832,1.0062959987049842e-08,0.9999999999999832,1.006295998705001e-08,1.006295998705001e-08,0,3.354319995683281e-08,3.354319995683337e-08,8.757896595531935e-13,0.0,0.0,2.9192988651773115e-12,11490.156200501066,resolved
B,H4,m5_best,controlled_q0.050_phi1.570796326795,1,0.3,0.3,0.9999999999999856,9.53810688417156e-10,0.9999999999999856,9.538106884171698e-10,9.538106884171698e-10,0,3.1793689613905203e-09,3.179368961390566e-09,8.757896595531935e-13,0.0,0.0,2.9192988651773115e-12,1089.0864924161895,resolved
B,H4,m5_best,controlled_q0.050_phi3.141592653590,1,0.3,0.3,0.9999999999999848,-7.671342521096483e-09,0.9999999999999848,-7.6713425210966e-09,-7.6713425210966e-09,0,-2.557114173698828e-08,-2.5571141736988667e-08,8.757896595531935e-13,0.0,0.0,2.9192988651773115e-12,8759.34356773545,resolved
B,H4,m5_best,controlled_q0.050_phi4.712388980385,1,0.3,0.3,0.9999999999999821,1.437806778151196e-09,0.9999999999999821,1.4378067781512217e-09,1.4378067781512217e-09,0,4.7926892605039874e-09,4.792689260504073e-09,8.757896595531935e-13,0.0,0.0,2.9192988651773115e-12,1641.7261410516428,resolved
B,H4,m5_best,rhf,1,0.35,0.35,0.9999999999999019,-8.933104761466026e-08,0.9999999999999059,-8.933104761466879e-08,-8.933104761466879e-08,0,-2.5523156461331506e-07,-2.552315646133394e-07,8.752083573320607e-13,0.0,0.0,2.500595306663031e-12,102068.32106468035,resolved
B,H4,m5_best,cisd,1,0.35,0.35,0.9999999999999191,-7.875795775083138e-09,0.9999999999999191,-7.875795775083775e-09,-7.875795775083775e-09,0,-2.250227364309468e-08,-2.25022736430965e-08,8.752083573320607e-13,0.0,0.0,2.500595306663031e-12,8998.76664694028,resolved
B,H4,m5_best,controlled_q0.001_phi0.000000000000,1,0.35,0.35,0.9999999999999185,-2.907787715436576e-09,0.9999999999999185,-2.9077877154368128e-09,-2.9077877154368128e-09,0,-8.30796490124736e-09,-8.307964901248036e-09,8.752083573320607e-13,0.0,0.0,2.500595306663031e-12,3322.394822988806,resolved
B,H4,m5_best,controlled_q0.001_phi1.570796326795,1,0.35,0.35,0.9999999999999193,-5.8384416355347635e-09,0.9999999999999193,-5.838441635535235e-09,-5.838441635535235e-09,0,-1.6681261815813612e-08,-1.668126181581496e-08,8.752083573320607e-13,0.0,0.0,2.500595306663031e-12,6670.916229973355,resolved
B,H4,m5_best,controlled_q0.001_phi3.141592653590,1,0.35,0.35,0.9999999999999193,-8.559561145611986e-09,0.9999999999999193,-8.559561145612676e-09,-8.559561145612676e-09,0,-2.445588898746282e-08,-2.4455888987464788e-08,8.752083573320607e-13,0.0,0.0,2.500595306663031e-12,9780.02674894982,resolved
B,H4,m5_best,controlled_q0.001_phi4.712388980385,1,0.35,0.35,0.9999999999999184,-5.628907225963334e-09,0.9999999999999184,-5.628907225963793e-09,-5.628907225963793e-09,0,-1.6082592074180953e-08,-1.6082592074182267e-08,8.752083573320607e-13,0.0,0.0,2.500595306663031e-12,6431.505342478903,resolved
B,H4,m5_best,controlled_q0.010_phi0.000000000000,1,0.35,0.35,0.9999999999999193,4.6706840628900244e-09,0.9999999999999193,4.670684062890402e-09,4.670684062890402e-09,0,1.3344811608257214e-08,1.3344811608258291e-08,8.752083573320607e-13,0.0,0.0,2.500595306663031e-12,5336.653865061221,resolved
B,H4,m5_best,controlled_q0.010_phi1.570796326795,1,0.35,0.35,0.9999999999999205,-4.555017229720959e-09,0.9999999999999205,-4.555017229721321e-09,-4.555017229721321e-09,0,-1.3014334942059883e-08,-1.3014334942060919e-08,8.752083573320607e-13,0.0,0.0,2.500595306663031e-12,5204.494668682363,resolved
B,H4,m5_best,controlled_q0.010_phi3.141592653590,1,0.35,0.35,0.9999999999999198,-1.3121104000490762e-08,0.99999999999992,-1.3121104000491812e-08,-1.3121104000491812e-08,0,-3.748886857283075e-08,-3.7488868572833754e-08,8.752083573320607e-13,0.0,0.0,2.500595306663031e-12,14991.977499493318,resolved
B,H4,m5_best,controlled_q0.010_phi4.712388980385,1,0.35,0.35,0.9999999999999181,-3.895402707863871e-09,0.9999999999999181,-3.89540270786419e-09,-3.89540270786419e-09,0,-1.1129722022468203e-08,-1.1129722022469116e-08,8.752083573320607e-13,0.0,0.0,2.500595306663031e-12,4450.828965731556,resolved
B,H4,m5_best,controlled_q0.050_phi0.000000000000,1,0.35,0.35,0.999999999999921,2.1964902001760717e-08,0.9999999999999212,2.196490200176245e-08,2.196490200176245e-08,0,6.275686286217348e-08,6.275686286217844e-08,8.752083573320607e-13,0.0,0.0,2.500595306663031e-12,25096.769035338475,resolved
B,H4,m5_best,controlled_q0.050_phi1.570796326795,1,0.35,0.35,0.9999999999999242,1.756657097562453e-09,0.9999999999999242,1.756657097562586e-09,1.756657097562586e-09,0,5.019020278749866e-09,5.019020278750246e-09,8.752083573320607e-13,0.0,0.0,2.500595306663031e-12,2007.130168314839,resolved
B,H4,m5_best,controlled_q0.050_phi3.141592653590,1,0.35,0.35,0.9999999999999223,-1.700674894626005e-08,0.9999999999999224,-1.7006748946261372e-08,-1.7006748946261372e-08,0,-4.8590711275028725e-08,-4.8590711275032497e-08,8.752083573320607e-13,0.0,0.0,2.500595306663031e-12,19431.65739196382,resolved
B,H4,m5_best,controlled_q0.050_phi4.712388980385,1,0.35,0.35,0.9999999999999186,3.201495960697409e-09,0.9999999999999186,3.2014959606976697e-09,3.2014959606976697e-09,0,9.147131316278312e-09,9.147131316279056e-09,8.752083573320607e-13,0.0,0.0,2.500595306663031e-12,3657.9814782124354,resolved
B,H4,m5_best,rhf,1,0.4,0.4,0.999999999999646,-1.7104476263130053e-07,0.9999999999996606,-1.7104476263135942e-07,-1.7104476263135942e-07,0,-4.276119065782513e-07,-4.2761190657839855e-07,8.728935725410023e-13,0.0,0.0,2.182233931352506e-12,195951.45159952022,resolved
B,H4,m5_best,cisd,1,0.4,0.4,0.9999999999996961,-1.5408800749346045e-08,0.9999999999996962,-1.5408800749350727e-08,-1.5408800749350727e-08,0,-3.852200187336511e-08,-3.852200187337681e-08,8.728935725410023e-13,0.0,0.0,2.182233931352506e-12,17652.55379815762,resolved
B,H4,m5_best,controlled_q0.001_phi0.000000000000,1,0.4,0.4,0.9999999999996954,-5.551531817026763e-09,0.9999999999996954,-5.5515318170284546e-09,-5.5515318170284546e-09,0,-1.3878829542566906e-08,-1.3878829542571136e-08,8.728935725410023e-13,0.0,0.0,2.182233931352506e-12,6359.918312682948,resolved
B,H4,m5_best,controlled_q0.001_phi1.570796326795,1,0.4,0.4,0.9999999999996972,-1.1436006289297293e-08,0.9999999999996974,-1.1436006289300756e-08,-1.1436006289300756e-08,0,-2.8590015723243233e-08,-2.8590015723251888e-08,8.728935725410023e-13,0.0,0.0,2.182233931352506e-12,13101.260736755064,resolved
B,H4,m5_best,controlled_q0.001_phi3.141592653590,1,0.4,0.4,0.9999999999996964,-1.6771393813660072e-08,0.9999999999996965,-1.6771393813665164e-08,-1.6771393813665164e-08,0,-4.192848453415018e-08,-4.192848453416291e-08,8.728935725410023e-13,0.0,0.0,2.182233931352506e-12,19213.560898195603,resolved
B,H4,m5_best,controlled_q0.001_phi4.712388980385,1,0.4,0.4,0.9999999999996947,-1.0886919341729362e-08,0.9999999999996948,-1.0886919341732686e-08,-1.0886919341732686e-08,0,-2.7217298354323405e-08,-2.7217298354331713e-08,8.728935725410023e-13,0.0,0.0,2.182233931352506e-12,12472.218474512792,resolved
B,H4,m5_best,controlled_q0.010_phi0.000000000000,1,0.4,0.4,0.9999999999996966,9.393206903441543e-09,0.9999999999996966,9.393206903444393e-09,9.393206903444393e-09,0,2.3483017258603855e-08,2.3483017258610982e-08,8.728935725410023e-13,0.0,0.0,2.182233931352506e-12,10760.999048369456,resolved
B,H4,m5_best,controlled_q0.010_phi1.570796326795,1,0.4,0.4,0.9999999999997009,-9.13112425688506e-09,0.9999999999997009,-9.13112425688779e-09,-9.13112425688779e-09,0,-2.2827810642212648e-08,-2.2827810642219474e-08,8.728935725410023e-13,0.0,0.0,2.182233931352506e-12,10460.753228259271,resolved
B,H4,m5_best,controlled_q0.010_phi3.141592653590,1,0.4,0.4,0.9999999999996985,-2.5926929193784176e-08,0.9999999999996988,-2.5926929193791988e-08,-2.5926929193791988e-08,0,-6.481732298446044e-08,-6.481732298447997e-08,8.728935725410023e-13,0.0,0.0,2.182233931352506e-12,29702.279876240365,resolved
B,H4,m5_best,controlled_q0.010_phi4.712388980385,1,0.4,0.4,0.9999999999996936,-7.402598031953922e-09,0.9999999999996936,-7.40259803195619e-09,-7.40259803195619e-09,0,-1.8506495079884805e-08,-1.8506495079890473e-08,8.728935725410023e-13,0.0,0.0,2.182233931352506e-12,8480.527597889031,resolved
B,H4,m5_best,controlled_q0.050_phi0.000000000000,1,0.4,0.4,0.9999999999997017,4.328116275663963e-08,0.9999999999997026,4.3281162756652514e-08,4.3281162756652514e-08,0,1.0820290689159907e-07,1.0820290689163128e-07,8.728935725410023e-13,0.0,0.0,2.182233931352506e-12,49583.550753670585,resolved
B,H4,m5_best,controlled_q0.050_phi1.570796326795,1,0.4,0.4,0.9999999999997117,2.704928066254997e-09,0.9999999999997117,2.704928066255777e-09,2.704928066255777e-09,0,6.762320165637492e-09,6.762320165639442e-09,8.728935725410023e-13,0.0,0.0,2.182233931352506e-12,3098.8062592566957,resolved
B,H4,m5_best,controlled_q0.050_phi3.141592653590,1,0.4,0.4,0.999999999999706,-3.4085092423229846e-08,0.9999999999997066,-3.408509242323985e-08,-3.408509242323985e-08,0,-8.52127310580746e-08,-8.521273105809962e-08,8.728935725410023e-13,0.0,0.0,2.182233931352506e-12,39048.39432372927,resolved
B,H4,m5_best,controlled_q0.050_phi4.712388980385,1,0.4,0.4,0.9999999999996956,6.491142271261574e-09,0.9999999999996956,6.49114227126355e-09,6.49114227126355e-09,0,1.6227855678153935e-08,1.6227855678158875e-08,8.728935725410023e-13,0.0,0.0,2.182233931352506e-12,7436.3501753894125,resolved
C,lambda_1,yoshida4,controlled_q0.001_phi0.000000000000,-1,0.05,-0.05,1.0000000000000004,2.6034437137411773e-17,1.0000000000000004,2.603443713741176e-17,2.603443713741176e-17,0,-5.206887427482354e-16,-5.206887427482352e-16,6.280369834735101e-16,0.0,0.0,2.220446049250313e-13,0.002344973627816965,unresolved
C,lambda_1,yoshida4,controlled_q0.001_phi1.570796326795,-1,0.05,-0.05,1.0000000000000004,1.734723475976807e-17,1.0000000000000004,1.7347234759768065e-17,1.7347234759768065e-17,0,-3.469446951953614e-16,-3.4694469519536127e-16,6.280369834735101e-16,0.0,0.0,2.220446049250313e-13,0.0015625,unresolved
C,lambda_1,yoshida4,controlled_q0.001_phi3.141592653590,-1,0.05,-0.05,0.9999999999999999,2.2932821417788475e-17,0.9999999999999999,2.2932821417788478e-17,2.2932821417788478e-17,0,-4.586564283557695e-16,-4.586564283557695e-16,6.280369834735101e-16,0.0,0.0,2.220446049250313e-13,0.0020656049198341264,unresolved
C,lambda_1,yoshida4,controlled_q0.001_phi4.712388980385,-1,0.05,-0.05,1.0000000000000002,2.949029909160572e-17,1.0000000000000002,2.9490299091605714e-17,2.9490299091605714e-17,0,-5.898059818321144e-16,-5.898059818321142e-16,6.280369834735101e-16,0.0,0.0,2.220446049250313e-13,0.00265625,unresolved
C,lambda_1,yoshida4,controlled_q0.010_phi0.000000000000,-1,0.05,-0.05,0.9999999999999999,2.892398537198969e-17,0.9999999999999999,2.8923985371989696e-17,2.8923985371989696e-17,0,-5.784797074397938e-16,-5.784797074397939e-16,6.280369834735101e-16,0.0,0.0,2.220446049250313e-13,0.002605240994867249,unresolved
C,lambda_1,yoshida4,controlled_q0.010_phi1.570796326795,-1,0.05,-0.05,1.0000000000000004,6.938893903907228e-18,1.0000000000000004,6.938893903907225e-18,6.938893903907225e-18,0,-1.3877787807814457e-16,-1.387778780781445e-16,6.280369834735101e-16,0.0,0.0,2.220446049250313e-13,0.000625,unresolved
C,lambda_1,yoshida4,controlled_q0.010_phi3.141592653590,-1,0.05,-0.05,1.0000000000000002,1.9160096175200934e-17,1.0000000000000002,1.916009617520093e-17,1.916009617520093e-17,0,-3.8320192350401867e-16,-3.832019235040186e-16,6.280369834735101e-16,0.0,0.0,2.220446049250313e-13,0.0017257880399003558,unresolved
C,lambda_1,yoshida4,controlled_q0.010_phi4.712388980385,-1,0.05,-0.05,1.0000000000000002,4.163336342344337e-17,1.0000000000000002,4.1633363423443364e-17,4.1633363423443364e-17,0,-8.326672684688674e-16,-8.326672684688672e-16,6.280369834735101e-16,0.0,0.0,2.220446049250313e-13,0.00375,unresolved
C,lambda_1,yoshida4,controlled_q0.050_phi0.000000000000,-1,0.05,-0.05,0.9999999999999998,3.2772978886831037e-17,0.9999999999999998,3.277297888683104e-17,3.277297888683104e-17,0,-6.554595777366207e-16,-6.554595777366208e-16,6.280369834735101e-16,0.0,0.0,2.220446049250313e-13,0.0029519275100510674,unresolved
C,lambda_1,yoshida4,controlled_q0.050_phi1.570796326795,-1,0.05,-0.05,1.0000000000000002,-2.7755575615628914e-17,1.0000000000000002,-2.7755575615628907e-17,-2.7755575615628907e-17,0,5.551115123125783e-16,5.551115123125781e-16,6.280369834735101e-16,0.0,0.0,2.220446049250313e-13,0.0025,unresolved
C,lambda_1,yoshida4,controlled_q0.050_phi3.141592653590,-1,0.05,-0.05,0.9999999999999999,1.1385871513650131e-17,0.9999999999999999,1.1385871513650133e-17,1.1385871513650133e-17,0,-2.277174302730026e-16,-2.277174302730026e-16,6.280369834735101e-16,0.0,0.0,2.220446049250313e-13,0.0010255481341232616,unresolved
C,lambda_1,yoshida4,controlled_q0.050_phi4.712388980385,-1,0.05,-0.05,1.0,5.551115123125783e-17,1.0,5.551115123125783e-17,5.551115123125783e-17,0,-1.1102230246251565e-15,-1.1102230246251565e-15,6.280369834735101e-16,0.0,0.0,2.220446049250313e-13,0.005,unresolved
C,lambda_1,yoshida4,controlled_q0.001_phi0.000000000000,-1,0.08,-0.08,0.9999999999999999,-1.9586903422080103e-17,0.9999999999999999,-1.9586903422080106e-17,-1.9586903422080106e-17,0,2.448362927760013e-16,2.448362927760013e-16,1.4130832128153975e-15,0.0,0.0,1.3877787807814457e-13,0.001764231419060437,unresolved
C,lambda_1,yoshida4,controlled_q0.001_phi1.570796326795,-1,0.08,-0.08,0.9999999999999998,-1.3877787807814457e-17,0.9999999999999998,-1.387778780781446e-17,-1.387778780781446e-17,0,1.734723475976807e-16,1.7347234759768073e-16,1.4130832128153975e-15,0.0,0.0,1.3877787807814457e-13,0.00125,unresolved
C,lambda_1,yoshida4,controlled_q0.001_phi3.141592653590,-1,0.08,-0.08,0.9999999999999993,-1.958690342208009e-17,0.9999999999999993,-1.9586903422080103e-17,-1.9586903422080103e-17,0,2.448362927760011e-16,2.448362927760013e-16,1.4130832128153975e-15,0.0,0.0,1.3877787807814457e-13,0.0017642314190604357,unresolved
C,lambda_1,yoshida4,controlled_q0.001_phi4.712388980385,-1,0.08,-0.08,0.9999999999999998,-2.42861286636753e-17,0.9999999999999998,-2.4286128663675305e-17,-2.4286128663675305e-17,0,3.0357660829594124e-16,3.035766082959413e-16,1.4130832128153975e-15,0.0,0.0,1.3877787807814457e-13,0.0021875,unresolved
C,lambda_1,yoshida4,controlled_q0.010_phi0.000000000000,-1,0.08,-0.08,0.9999999999999993,-1.9233632618876244e-17,0.9999999999999993,-1.9233632618876256e-17,-1.9233632618876256e-17,0,2.4042040773595303e-16,2.404204077359532e-16,1.4130832128153975e-15,0.0,0.0,1.3877787807814457e-13,0.0017324116139070412,unresolved
C,lambda_1,yoshida4,controlled_q0.010_phi1.570796326795,-1,0.08,-0.08,0.9999999999999998,-6.938893903907228e-18,0.9999999999999998,-6.93889390390723e-18,-6.93889390390723e-18,0,8.673617379884035e-17,8.673617379884037e-17,1.4130832128153975e-15,0.0,0.0,1.3877787807814457e-13,0.000625,unresolved
C,lambda_1,yoshida4,controlled_q0.010_phi3.141592653590,-1,0.08,-0.08,0.9999999999999997,-1.923363261887625e-17,0.9999999999999997,-1.9233632618876256e-17,-1.9233632618876256e-17,0,2.404204077359531e-16,2.404204077359532e-16,1.4130832128153975e-15,0.0,0.0,1.3877787807814457e-13,0.0017324116139070418,unresolved
C,lambda_1,yoshida4,controlled_q0.010_phi4.712388980385,-1,0.08,-0.08,0.9999999999999998,-4.163336342344337e-17,0.9999999999999998,-4.163336342344338e-17,-4.163336342344338e-17,0,5.204170427930421e-16,5.204170427930422e-16,1.4130832128153975e-15,0.0,0.0,1.3877787807814457e-13,0.00375,unresolved
C,lambda_1,yoshida4,controlled_q0.050_phi0.000000000000,-1,0.08,-0.08,0.9999999999999996,-1.7663540160192465e-17,0.9999999999999996,-1.7663540160192475e-17,-1.7663540160192475e-17,0,2.207942520024058e-16,2.2079425200240593e-16,1.4130832128153975e-15,0.0,0.0,1.3877787807814457e-13,0.0015909902576697315,unresolved
C,lambda_1,yoshida4,controlled_q0.050_phi1.570796326795,-1,0.08,-0.08,0.9999999999999996,2.7755575615628914e-17,0.9999999999999996,2.7755575615628926e-17,2.7755575615628926e-17,0,-3.469446951953614e-16,-3.4694469519536157e-16,1.4130832128153975e-15,0.0,0.0,1.3877787807814457e-13,0.0025,unresolved
C,lambda_1,yoshida4,controlled_q0.050_phi3.141592653590,-1,0.08,-0.08,0.9999999999999993,-1.7663540160192462e-17,0.9999999999999993,-1.7663540160192475e-17,-1.7663540160192475e-17,0,2.2079425200240578e-16,2.2079425200240593e-16,1.4130832128153975e-15,0.0,0.0,1.3877787807814457e-13,0.0015909902576697313,unresolved
C,lambda_1,yoshida4,controlled_q0.050_phi4.712388980385,-1,0.08,-0.08,0.9999999999999996,-4.163336342344337e-17,0.9999999999999996,-4.163336342344339e-17,-4.163336342344339e-17,0,5.204170427930421e-16,5.204170427930423e-16,1.4130832128153975e-15,0.0,0.0,1.3877787807814457e-13,0.00375,unresolved
C,lambda_1,yoshida4,controlled_q0.001_phi0.000000000000,-1,0.12,-0.12,1.0,-4.041445313200952e-17,1.0,-4.041445313200952e-17,-4.041445313200952e-17,0,3.367871094334127e-16,3.367871094334127e-16,7.850462293418876e-16,0.0,0.0,9.251858538542972e-14,0.0036402103213140093,unresolved
C,lambda_1,yoshida4,controlled_q0.001_phi1.570796326795,-1,0.12,-0.12,0.9999999999999999,-4.336808689942018e-17,0.9999999999999999,-4.3368086899420184e-17,-4.3368086899420184e-17,0,3.6140072416183483e-16,3.614007241618349e-16,7.850462293418876e-16,0.0,0.0,9.251858538542972e-14,0.00390625,unresolved
C,lambda_1,yoshida4,controlled_q0.001_phi3.141592653590,-1,0.12,-0.12,0.9999999999999996,-3.793316055631088e-17,0.9999999999999996,-3.7933160556310897e-17,-3.7933160556310897e-17,0,3.161096713025907e-16,3.1610967130259083e-16,7.850462293418876e-16,0.0,0.0,9.251858538542972e-14,0.0034167153549277377,unresolved
C,lambda_1,yoshida4,controlled_q0.001_phi4.712388980385,-1,0.12,-0.12,0.9999999999999999,-3.8163916471489756e-17,0.9999999999999999,-3.816391647148976e-17,-3.816391647148976e-17,0,3.1803263726241465e-16,3.180326372624147e-16,7.850462293418876e-16,0.0,0.0,9.251858538542972e-14,0.0034375,unresolved
C,lambda_1,yoshida4,controlled_q0.010_phi0.000000000000,-1,0.12,-0.12,0.9999999999999994,-4.2372820916467985e-17,0.9999999999999994,-4.237282091646801e-17,-4.237282091646801e-17,0,3.5310684097056654e-16,3.5310684097056674e-16,7.850462293418876e-16,0.0,0.0,9.251858538542972e-14,0.0038166044098008394,unresolved
C,lambda_1,yoshida4,controlled_q0.010_phi1.570796326795,-1,0.12,-0.12,0.9999999999999999,-5.551115123125783e-17,0.9999999999999999,-5.551115123125784e-17,-5.551115123125784e-17,0,4.625929269271486e-16,4.625929269271487e-16,7.850462293418876e-16,0.0,0.0,9.251858538542972e-14,0.005,unresolved
C,lambda_1,yoshida4,controlled_q0.010_phi3.141592653590,-1,0.12,-0.12,0.9999999999999999,-3.4561709559037004e-17,0.9999999999999999,-3.456170955903701e-17,-3.456170955903701e-17,0,2.880142463253084e-16,2.8801424632530845e-16,7.850462293418876e-16,0.0,0.0,9.251858538542972e-14,0.0031130420458273275,unresolved
C,lambda_1,yoshida4,controlled_q0.010_phi4.712388980385,-1,0.12,-0.12,0.9999999999999999,-2.0816681711721685e-17,0.9999999999999999,-2.0816681711721688e-17,-2.0816681711721688e-17,0,1.734723475976807e-16,1.7347234759768073e-16,7.850462293418876e-16,0.0,0.0,9.251858538542972e-14,0.001875,unresolved
C,lambda_1,yoshida4,controlled_q0.050_phi0.000000000000,-1,0.12,-0.12,0.9999999999999996,-4.388192326965729e-17,0.9999999999999996,-4.388192326965731e-17,-4.388192326965731e-17,0,3.656826939138108e-16,3.6568269391381093e-16,7.850462293418876e-16,0.0,0.0,9.251858538542972e-14,0.003952532265710585,unresolved
C,lambda_1,yoshida4,controlled_q0.050_phi1.570796326795,-1,0.12,-0.12,0.9999999999999998,-6.938893903907228e-17,0.9999999999999998,-6.93889390390723e-17,-6.93889390390723e-17,0,5.782411586589358e-16,5.782411586589359e-16,7.850462293418876e-16,0.0,0.0,9.251858538542972e-14,0.00625,unresolved
C,lambda_1,yoshida4,controlled_q0.050_phi3.141592653590,-1,0.12,-0.12,0.9999999999999996,-2.6772237371112583e-17,0.9999999999999996,-2.6772237371112595e-17,-2.6772237371112595e-17,0,2.231019780926049e-16,2.23101978092605e-16,7.850462293418876e-16,0.0,0.0,9.251858538542972e-14,0.0024114287649683423,unresolved
C,lambda_1,yoshida4,controlled_q0.050_phi4.712388980385,-1,0.12,-0.12,0.9999999999999998,-1.3877787807814457e-17,0.9999999999999998,-1.387778780781446e-17,-1.387778780781446e-17,0,1.1564823173178715e-16,1.1564823173178717e-16,7.850462293418876e-16,0.0,0.0,9.251858538542972e-14,0.00125,unresolved
C,lambda_1,yoshida4,controlled_q0.001_phi0.000000000000,-1,0.18,-0.18,1.0000000000000002,1.175214205324806e-16,1.0000000000000002,1.1752142053248057e-16,1.1752142053248057e-16,0,-6.528967807360033e-16,-6.528967807360032e-16,3.1401849173675503e-16,0.0,0.0,6.167905692361981e-14,0.01058538851436262,unresolved
C,lambda_1,yoshida4,controlled_q0.001_phi1.570796326795,-1,0.18,-0.18,1.0,1.196959198423997e-16,1.0,1.196959198423997e-16,1.196959198423997e-16,0,-6.649773324577761e-16,-6.649773324577761e-16,3.1401849173675503e-16,0.0,0.0,6.167905692361981e-14,0.010781250000000001,unresolved
C,lambda_1,yoshida4,controlled_q0.001_phi3.141592653590,-1,0.18,-0.18,0.9999999999999998,1.1752142053248054e-16,0.9999999999999998,1.1752142053248057e-16,1.1752142053248057e-16,0,-6.528967807360031e-16,-6.528967807360032e-16,3.1401849173675503e-16,0.0,0.0,6.167905692361981e-14,0.010585388514362616,unresolved
C,lambda_1,yoshida4,controlled_q0.001_phi4.712388980385,-1,0.18,-0.18,1.0,1.1622647289044608e-16,1.0,1.1622647289044608e-16,1.1622647289044608e-16,0,-6.457026271691449e-16,-6.457026271691449e-16,3.1401849173675503e-16,0.0,0.0,6.167905692361981e-14,0.01046875,unresolved
C,lambda_1,yoshida4,controlled_q0.010_phi0.000000000000,-1,0.18,-0.18,0.9999999999999998,1.1540179571325745e-16,0.9999999999999998,1.1540179571325747e-16,1.1540179571325747e-16,0,-6.411210872958747e-16,-6.411210872958749e-16,3.1401849173675503e-16,0.0,0.0,6.167905692361981e-14,0.010394469683442247,unresolved
C,lambda_1,yoshida4,controlled_q0.010_phi1.570796326795,-1,0.18,-0.18,1.0,1.249000902703301e-16,1.0,1.249000902703301e-16,1.249000902703301e-16,0,-6.938893903907228e-16,-6.938893903907228e-16,3.1401849173675503e-16,0.0,0.0,6.167905692361981e-14,0.01125,unresolved
C,lambda_1,yoshida4,controlled_q0.010_phi3.141592653590,-1,0.18,-0.18,1.0,1.1540179571325752e-16,1.0,1.1540179571325752e-16,1.1540179571325752e-16,0,-6.411210872958751e-16,-6.411210872958751e-16,3.1401849173675503e-16,0.0,0.0,6.167905692361981e-14,0.010394469683442254,unresolved
C,lambda_1,yoshida4,controlled_q0.010_phi4.712388980385,-1,0.18,-0.18,1.0,1.1796119636642288e-16,1.0,1.1796119636642288e-16,1.1796119636642288e-16,0,-6.553399798134604e-16,-6.553399798134604e-16,3.1401849173675503e-16,0.0,0.0,6.167905692361981e-14,0.010625,unresolved
C,lambda_1,yoshida4,controlled_q0.050_phi0.000000000000,-1,0.18,-0.18,0.9999999999999997,1.059812409611548e-16,0.9999999999999997,1.0598124096115484e-16,1.0598124096115484e-16,0,-5.887846720064156e-16,-5.887846720064158e-16,3.1401849173675503e-16,0.0,0.0,6.167905692361981e-14,0.00954594154601839,unresolved
C,lambda_1,yoshida4,controlled_q0.050_phi1.570796326795,-1,0.18,-0.18,1.0,9.71445146547012e-17,1.0,9.71445146547012e-17,9.71445146547012e-17,0,-5.396917480816734e-16,-5.396917480816734e-16,3.1401849173675503e-16,0.0,0.0,6.167905692361981e-14,0.00875,unresolved
C,lambda_1,yoshida4,controlled_q0.050_phi3.141592653590,-1,0.18,-0.18,0.9999999999999998,1.0598124096115482e-16,0.9999999999999998,1.0598124096115484e-16,1.0598124096115484e-16,0,-5.887846720064157e-16,-5.887846720064158e-16,3.1401849173675503e-16,0.0,0.0,6.167905692361981e-14,0.009545941546018392,unresolved
C,lambda_1,yoshida4,controlled_q0.050_phi4.712388980385,-1,0.18,-0.18,1.0,1.5265566588595902e-16,1.0,1.5265566588595902e-16,1.5265566588595902e-16,0,-8.480870326997724e-16,-8.480870326997724e-16,3.1401849173675503e-16,0.0,0.0,6.167905692361981e-14,0.013750000000000002,unresolved
C,lambda_1,yoshida4,controlled_q0.001_phi0.000000000000,-1,0.27,-0.27,1.0000000000000007,-8.082890626401904e-17,1.0000000000000007,-8.082890626401899e-17,-8.082890626401899e-17,0,2.993663194963668e-16,2.9936631949636664e-16,6.280369834735101e-16,0.0,0.0,4.11193712824132e-14,0.007280420642628018,unresolved
C,lambda_1,yoshida4,controlled_q0.001_phi1.570796326795,-1,0.27,-0.27,1.0000000000000007,-8.153200337090993e-17,1.0000000000000007,-8.153200337090988e-17,-8.153200337090988e-17,0,3.01970382855222e-16,3.019703828552218e-16,6.280369834735101e-16,0.0,0.0,4.11193712824132e-14,0.007343750000000001,unresolved
C,lambda_1,yoshida4,controlled_q0.001_phi3.141592653590,-1,0.27,-0.27,1.0000000000000002,-7.586632111262174e-17,1.0000000000000002,-7.586632111262173e-17,-7.586632111262173e-17,0,2.8098637449119164e-16,2.809863744911916e-16,6.280369834735101e-16,0.0,0.0,4.11193712824132e-14,0.0068334307098554745,unresolved
C,lambda_1,yoshida4,controlled_q0.001_phi4.712388980385,-1,0.27,-0.27,1.0000000000000009,-7.45931094670027e-17,1.0000000000000009,-7.459310946700264e-17,-7.459310946700264e-17,0,2.762707758037137e-16,2.762707758037135e-16,6.280369834735101e-16,0.0,0.0,4.11193712824132e-14,0.00671875,unresolved
C,lambda_1,yoshida4,controlled_q0.010_phi0.000000000000,-1,0.27,-0.27,1.0000000000000002,-8.474564183293598e-17,1.0000000000000002,-8.474564183293596e-17,-8.474564183293596e-17,0,3.138727475293925e-16,3.138727475293924e-16,6.280369834735101e-16,0.0,0.0,4.11193712824132e-14,0.007633208819601681,unresolved
C,lambda_1,yoshida4,controlled_q0.010_phi1.570796326795,-1,0.27,-0.27,1.0000000000000007,-9.020562075079397e-17,1.0000000000000007,-9.020562075079391e-17,-9.020562075079391e-17,0,3.3409489166960727e-16,3.3409489166960703e-16,6.280369834735101e-16,0.0,0.0,4.11193712824132e-14,0.008125,unresolved
C,lambda_1,yoshida4,controlled_q0.010_phi3.141592653590,-1,0.27,-0.27,1.0000000000000007,-6.912341911807401e-17,1.0000000000000007,-6.912341911807396e-17,-6.912341911807396e-17,0,2.560126634002741e-16,2.560126634002739e-16,6.280369834735101e-16,0.0,0.0,4.11193712824132e-14,0.006226084091654655,unresolved
C,lambda_1,yoshida4,controlled_q0.010_phi4.712388980385,-1,0.27,-0.27,1.0000000000000007,-6.938893903907228e-17,1.0000000000000007,-6.938893903907223e-17,-6.938893903907223e-17,0,2.5699607051508254e-16,2.5699607051508234e-16,6.280369834735101e-16,0.0,0.0,4.11193712824132e-14,0.006250000000000001,unresolved
C,lambda_1,yoshida4,controlled_q0.050_phi0.000000000000,-1,0.27,-0.27,1.0000000000000002,-8.776384653931458e-17,1.0000000000000002,-8.776384653931456e-17,-8.776384653931456e-17,0,3.250512834789429e-16,3.250512834789428e-16,6.280369834735101e-16,0.0,0.0,4.11193712824132e-14,0.007905064531421173,unresolved
C,lambda_1,yoshida4,controlled_q0.050_phi1.570796326795,-1,0.27,-0.27,1.0000000000000004,-6.938893903907228e-17,1.0000000000000004,-6.938893903907226e-17,-6.938893903907226e-17,0,2.5699607051508254e-16,2.5699607051508244e-16,6.280369834735101e-16,0.0,0.0,4.11193712824132e-14,0.006250000000000001,unresolved
C,lambda_1,yoshida4,controlled_q0.050_phi3.141592653590,-1,0.27,-0.27,1.0000000000000002,-5.354447474222515e-17,1.0000000000000002,-5.3544474742225135e-17,-5.3544474742225135e-17,0,1.9831286941564868e-16,1.9831286941564863e-16,6.280369834735101e-16,0.0,0.0,4.11193712824132e-14,0.004822857529936683,unresolved
C,lambda_1,yoshida4,controlled_q0.050_phi4.712388980385,-1,0.27,-0.27,1.0000000000000004,-6.938893903907228e-17,1.0000000000000004,-6.938893903907226e-17,-6.938893903907226e-17,0,2.5699607051508254e-16,2.5699607051508244e-16,6.280369834735101e-16,0.0,0.0,4.11193712824132e-14,0.006250000000000001,unresolved
C,lambda_1,yoshida4,controlled_q0.001_phi0.000000000000,-1,0.4,-0.4,1.0000000000000004,1.5669522737664082e-16,1.0000000000000004,1.5669522737664075e-16,1.5669522737664075e-16,0,-3.9173806844160206e-16,-3.9173806844160186e-16,0.0,0.0,0.0,2.7755575615628914e-14,0.014113851352483496,unresolved
C,lambda_1,yoshida4,controlled_q0.001_phi1.570796326795,-1,0.4,-0.4,1.0000000000000004,1.6132928326584306e-16,1.0000000000000004,1.6132928326584299e-16,1.6132928326584299e-16,0,-4.0332320816460765e-16,-4.0332320816460745e-16,0.0,0.0,0.0,2.7755575615628914e-14,0.01453125,unresolved
C,lambda_1,yoshida4,controlled_q0.001_phi3.141592653590,-1,0.4,-0.4,1.0,1.5669522737664073e-16,1.0,1.5669522737664073e-16,1.5669522737664073e-16,0,-3.917380684416018e-16,-3.917380684416018e-16,0.0,0.0,0.0,2.7755575615628914e-14,0.014113851352483487,unresolved
C,lambda_1,yoshida4,controlled_q0.001_phi4.712388980385,-1,0.4,-0.4,1.0000000000000004,1.5439038936193583e-16,1.0000000000000004,1.5439038936193576e-16,1.5439038936193576e-16,0,-3.859759734048396e-16,-3.859759734048394e-16,0.0,0.0,0.0,2.7755575615628914e-14,0.01390625,unresolved
C,lambda_1,yoshida4,controlled_q0.010_phi0.000000000000,-1,0.4,-0.4,1.0,1.5386906095100998e-16,1.0,1.5386906095100998e-16,1.5386906095100998e-16,0,-3.846726523775249e-16,-3.846726523775249e-16,0.0,0.0,0.0,2.7755575615628914e-14,0.013859292911256333,unresolved
C,lambda_1,yoshida4,controlled_q0.010_phi1.570796326795,-1,0.4,-0.4,1.0000000000000004,1.5959455978986625e-16,1.0000000000000004,1.5959455978986618e-16,1.5959455978986618e-16,0,-3.9898639947466563e-16,-3.9898639947466543e-16,0.0,0.0,0.0,2.7755575615628914e-14,0.014375,unresolved
C,lambda_1,yoshida4,controlled_q0.010_phi3.141592653590,-1,0.4,-0.4,1.0000000000000002,1.5386906095101003e-16,1.0000000000000002,1.5386906095101e-16,1.5386906095101e-16,0,-3.8467265237752507e-16,-3.8467265237752497e-16,0.0,0.0,0.0,2.7755575615628914e-14,0.013859292911256338,unresolved
C,lambda_1,yoshida4,controlled_q0.010_phi4.712388980385,-1,0.4,-0.4,1.0000000000000004,1.5265566588595902e-16,1.0000000000000004,1.5265566588595895e-16,1.5265566588595895e-16,0,-3.8163916471489756e-16,-3.8163916471489736e-16,0.0,0.0,0.0,2.7755575615628914e-14,0.01375,unresolved
C,lambda_1,yoshida4,controlled_q0.050_phi0.000000000000,-1,0.4,-0.4,1.0,1.4130832128153972e-16,1.0,1.4130832128153972e-16,1.4130832128153972e-16,0,-3.532708032038493e-16,-3.532708032038493e-16,0.0,0.0,0.0,2.7755575615628914e-14,0.012727922061357852,unresolved
C,lambda_1,yoshida4,controlled_q0.050_phi1.570796326795,-1,0.4,-0.4,1.0000000000000002,1.6653345369377348e-16,1.0000000000000002,1.6653345369377346e-16,1.6653345369377346e-16,0,-4.163336342344337e-16,-4.163336342344336e-16,0.0,0.0,0.0,2.7755575615628914e-14,0.015,unresolved
C,lambda_1,yoshida4,controlled_q0.050_phi3.141592653590,-1,0.4,-0.4,1.0,1.4130832128153975e-16,1.0,1.4130832128153975e-16,1.4130832128153975e-16,0,-3.5327080320384933e-16,-3.5327080320384933e-16,0.0,0.0,0.0,2.7755575615628914e-14,0.012727922061357854,unresolved
C,lambda_1,yoshida4,controlled_q0.050_phi4.712388980385,-1,0.4,-0.4,1.0000000000000002,1.1102230246251565e-16,1.0000000000000002,1.1102230246251563e-16,1.1102230246251563e-16,0,-2.7755575615628914e-16,-2.7755575615628904e-16,0.0,0.0,0.0,2.7755575615628914e-14,0.01,unresolved
C,lambda_1,yoshida4,controlled_q0.001_phi0.000000000000,1,0.05,0.05,1.0000000000000004,-2.6034437137411773e-17,1.0000000000000004,-2.603443713741176e-17,-2.603443713741176e-17,0,-5.206887427482354e-16,-5.206887427482352e-16,6.280369834735101e-16,0.0,0.0,2.220446049250313e-13,0.002344973627816965,unresolved
C,lambda_1,yoshida4,controlled_q0.001_phi1.570796326795,1,0.05,0.05,1.0000000000000002,-2.949029909160572e-17,1.0000000000000002,-2.9490299091605714e-17,-2.9490299091605714e-17,0,-5.898059818321144e-16,-5.898059818321142e-16,6.280369834735101e-16,0.0,0.0,2.220446049250313e-13,0.00265625,unresolved
C,lambda_1,yoshida4,controlled_q0.001_phi3.141592653590,1,0.05,0.05,0.9999999999999999,-2.2932821417788475e-17,0.9999999999999999,-2.2932821417788478e-17,-2.2932821417788478e-17,0,-4.586564283557695e-16,-4.586564283557695e-16,6.280369834735101e-16,0.0,0.0,2.220446049250313e-13,0.0020656049198341264,unresolved
C,lambda_1,yoshida4,controlled_q0.001_phi4.712388980385,1,0.05,0.05,1.0000000000000004,-1.734723475976807e-17,1.0000000000000004,-1.7347234759768065e-17,-1.7347234759768065e-17,0,-3.469446951953614e-16,-3.4694469519536127e-16,6.280369834735101e-16,0.0,0.0,2.220446049250313e-13,0.0015625,unresolved
C,lambda_1,yoshida4,controlled_q0.010_phi0.000000000000,1,0.05,0.05,0.9999999999999999,-2.8923985371989684e-17,0.9999999999999999,-2.892398537198969e-17,-2.892398537198969e-17,0,-5.784797074397937e-16,-5.784797074397938e-16,6.280369834735101e-16,0.0,0.0,2.220446049250313e-13,0.0026052409948672485,unresolved
C,lambda_1,yoshida4,controlled_q0.010_phi1.570796326795,1,0.05,0.05,1.0000000000000002,-4.163336342344337e-17,1.0000000000000002,-4.1633363423443364e-17,-4.1633363423443364e-17,0,-8.326672684688674e-16,-8.326672684688672e-16,6.280369834735101e-16,0.0,0.0,2.220446049250313e-13,0.00375,unresolved
C,lambda_1,yoshida4,controlled_q0.010_phi3.141592653590,1,0.05,0.05,1.0000000000000002,-1.9160096175200937e-17,1.0000000000000002,-1.9160096175200934e-17,-1.9160096175200934e-17,0,-3.832019235040187e-16,-3.8320192350401867e-16,6.280369834735101e-16,0.0,0.0,2.220446049250313e-13,0.001725788039900356,unresolved
C,lambda_1,yoshida4,controlled_q0.010_phi4.712388980385,1,0.05,0.05,1.0000000000000004,-6.938893903907228e-18,1.0000000000000004,-6.938893903907225e-18,-6.938893903907225e-18,0,-1.3877787807814457e-16,-1.387778780781445e-16,6.280369834735101e-16,0.0,0.0,2.220446049250313e-13,0.000625,unresolved
C,lambda_1,yoshida4,controlled_q0.050_phi0.000000000000,1,0.05,0.05,0.9999999999999998,-3.277297888683103e-17,0.9999999999999998,-3.2772978886831037e-17,-3.2772978886831037e-17,0,-6.554595777366206e-16,-6.554595777366207e-16,6.280369834735101e-16,0.0,0.0,2.220446049250313e-13,0.002951927510051067,unresolved
C,lambda_1,yoshida4,controlled_q0.050_phi1.570796326795,1,0.05,0.05,1.0000000000000002,-5.551115123125783e-17,1.0000000000000002,-5.5511151231257815e-17,-5.5511151231257815e-17,0,-1.1102230246251565e-15,-1.1102230246251561e-15,6.280369834735101e-16,0.0,0.0,2.220446049250313e-13,0.005,unresolved
C,lambda_1,yoshida4,controlled_q0.050_phi3.141592653590,1,0.05,0.05,0.9999999999999999,-1.1385871513650142e-17,0.9999999999999999,-1.1385871513650144e-17,-1.1385871513650144e-17,0,-2.277174302730028e-16,-2.2771743027300287e-16,6.280369834735101e-16,0.0,0.0,2.220446049250313e-13,0.0010255481341232625,unresolved
C,lambda_1,yoshida4,controlled_q0.050_phi4.712388980385,1,0.05,0.05,1.0,2.7755575615628914e-17,1.0,2.7755575615628914e-17,2.7755575615628914e-17,0,5.551115123125783e-16,5.551115123125783e-16,6.280369834735101e-16,0.0,0.0,2.220446049250313e-13,0.0025,unresolved
C,lambda_1,yoshida4,controlled_q0.001_phi0.000000000000,1,0.08,0.08,0.9999999999999999,1.9586903422080103e-17,0.9999999999999999,1.9586903422080106e-17,1.9586903422080106e-17,0,2.448362927760013e-16,2.448362927760013e-16,1.4130832128153975e-15,0.0,0.0,1.3877787807814457e-13,0.001764231419060437,unresolved
C,lambda_1,yoshida4,controlled_q0.001_phi1.570796326795,1,0.08,0.08,0.9999999999999998,2.42861286636753e-17,0.9999999999999998,2.4286128663675305e-17,2.4286128663675305e-17,0,3.0357660829594124e-16,3.035766082959413e-16,1.4130832128153975e-15,0.0,0.0,1.3877787807814457e-13,0.0021875,unresolved
C,lambda_1,yoshida4,controlled_q0.001_phi3.141592653590,1,0.08,0.08,0.9999999999999993,1.9586903422080094e-17,0.9999999999999993,1.9586903422080106e-17,1.9586903422080106e-17,0,2.4483629277600116e-16,2.448362927760013e-16,1.4130832128153975e-15,0.0,0.0,1.3877787807814457e-13,0.0017642314190604359,unresolved
C,lambda_1,yoshida4,controlled_q0.001_phi4.712388980385,1,0.08,0.08,0.9999999999999998,1.3877787807814457e-17,0.9999999999999998,1.387778780781446e-17,1.387778780781446e-17,0,1.734723475976807e-16,1.7347234759768073e-16,1.4130832128153975e-15,0.0,0.0,1.3877787807814457e-13,0.00125,unresolved
C,lambda_1,yoshida4,controlled_q0.010_phi0.000000000000,1,0.08,0.08,0.9999999999999993,1.9233632618876244e-17,0.9999999999999993,1.9233632618876256e-17,1.9233632618876256e-17,0,2.4042040773595303e-16,2.404204077359532e-16,1.4130832128153975e-15,0.0,0.0,1.3877787807814457e-13,0.0017324116139070412,unresolved
C,lambda_1,yoshida4,controlled_q0.010_phi1.570796326795,1,0.08,0.08,0.9999999999999998,4.163336342344337e-17,0.9999999999999998,4.163336342344338e-17,4.163336342344338e-17,0,5.204170427930421e-16,5.204170427930422e-16,1.4130832128153975e-15,0.0,0.0,1.3877787807814457e-13,0.00375,unresolved
C,lambda_1,yoshida4,controlled_q0.010_phi3.141592653590,1,0.08,0.08,0.9999999999999997,1.923363261887625e-17,0.9999999999999997,1.9233632618876256e-17,1.9233632618876256e-17,0,2.404204077359531e-16,2.404204077359532e-16,1.4130832128153975e-15,0.0,0.0,1.3877787807814457e-13,0.0017324116139070418,unresolved
C,lambda_1,yoshida4,controlled_q0.010_phi4.712388980385,1,0.08,0.08,0.9999999999999998,6.938893903907228e-18,0.9999999999999998,6.93889390390723e-18,6.93889390390723e-18,0,8.673617379884035e-17,8.673617379884037e-17,1.4130832128153975e-15,0.0,0.0,1.3877787807814457e-13,0.000625,unresolved
C,lambda_1,yoshida4,controlled_q0.050_phi0.000000000000,1,0.08,0.08,0.9999999999999996,1.766354016019247e-17,0.9999999999999996,1.7663540160192478e-17,1.7663540160192478e-17,0,2.2079425200240585e-16,2.2079425200240597e-16,1.4130832128153975e-15,0.0,0.0,1.3877787807814457e-13,0.0015909902576697317,unresolved
C,lambda_1,yoshida4,controlled_q0.050_phi1.570796326795,1,0.08,0.08,0.9999999999999996,5.551115123125783e-17,0.9999999999999996,5.551115123125785e-17,5.551115123125785e-17,0,6.938893903907228e-16,6.938893903907231e-16,1.4130832128153975e-15,0.0,0.0,1.3877787807814457e-13,0.005,unresolved
C,lambda_1,yoshida4,controlled_q0.050_phi3.141592653590,1,0.08,0.08,0.9999999999999993,1.7663540160192472e-17,0.9999999999999993,1.7663540160192484e-17,1.7663540160192484e-17,0,2.207942520024059e-16,2.2079425200240605e-16,1.4130832128153975e-15,0.0,0.0,1.3877787807814457e-13,0.0015909902576697321,unresolved
C,lambda_1,yoshida4,controlled_q0.050_phi4.712388980385,1,0.08,0.08,0.9999999999999996,-1.3877787807814457e-17,0.9999999999999996,-1.3877787807814463e-17,-1.3877787807814463e-17,0,-1.734723475976807e-16,-1.7347234759768078e-16,1.4130832128153975e-15,0.0,0.0,1.3877787807814457e-13,0.00125,unresolved
C,lambda_1,yoshida4,controlled_q0.001_phi0.000000000000,1,0.12,0.12,1.0,4.041445313200952e-17,1.0,4.041445313200952e-17,4.041445313200952e-17,0,3.367871094334127e-16,3.367871094334127e-16,7.850462293418876e-16,0.0,0.0,9.251858538542972e-14,0.0036402103213140093,unresolved
C,lambda_1,yoshida4,controlled_q0.001_phi1.570796326795,1,0.12,0.12,0.9999999999999999,3.8163916471489756e-17,0.9999999999999999,3.816391647148976e-17,3.816391647148976e-17,0,3.1803263726241465e-16,3.180326372624147e-16,7.850462293418876e-16,0.0,0.0,9.251858538542972e-14,0.0034375,unresolved
C,lambda_1,yoshida4,controlled_q0.001_phi3.141592653590,1,0.12,0.12,0.9999999999999996,3.793316055631087e-17,0.9999999999999996,3.793316055631089e-17,3.793316055631089e-17,0,3.1610967130259063e-16,3.161096713025908e-16,7.850462293418876e-16,0.0,0.0,9.251858538542972e-14,0.003416715354927737,unresolved
C,lambda_1,yoshida4,controlled_q0.001_phi4.712388980385,1,0.12,0.12,0.9999999999999999,4.336808689942018e-17,0.9999999999999999,4.3368086899420184e-17,4.3368086899420184e-17,0,3.6140072416183483e-16,3.614007241618349e-16,7.850462293418876e-16,0.0,0.0,9.251858538542972e-14,0.00390625,unresolved
C,lambda_1,yoshida4,controlled_q0.010_phi0.000000000000,1,0.12,0.12,0.9999999999999994,4.237282091646799e-17,0.9999999999999994,4.2372820916468015e-17,4.2372820916468015e-17,0,3.531068409705666e-16,3.531068409705668e-16,7.850462293418876e-16,0.0,0.0,9.251858538542972e-14,0.00381660440980084,unresolved
C,lambda_1,yoshida4,controlled_q0.010_phi1.570796326795,1,0.12,0.12,0.9999999999999999,2.0816681711721685e-17,0.9999999999999999,2.0816681711721688e-17,2.0816681711721688e-17,0,1.734723475976807e-16,1.7347234759768073e-16,7.850462293418876e-16,0.0,0.0,9.251858538542972e-14,0.001875,unresolved
C,lambda_1,yoshida4,controlled_q0.010_phi3.141592653590,1,0.12,0.12,0.9999999999999999,3.4561709559037e-17,0.9999999999999999,3.4561709559037004e-17,3.4561709559037004e-17,0,2.880142463253083e-16,2.880142463253084e-16,7.850462293418876e-16,0.0,0.0,9.251858538542972e-14,0.003113042045827326,unresolved
C,lambda_1,yoshida4,controlled_q0.010_phi4.712388980385,1,0.12,0.12,0.9999999999999999,5.551115123125783e-17,0.9999999999999999,5.551115123125784e-17,5.551115123125784e-17,0,4.625929269271486e-16,4.625929269271487e-16,7.850462293418876e-16,0.0,0.0,9.251858538542972e-14,0.005,unresolved
C,lambda_1,yoshida4,controlled_q0.050_phi0.000000000000,1,0.12,0.12,0.9999999999999996,4.388192326965729e-17,0.9999999999999996,4.388192326965731e-17,4.388192326965731e-17,0,3.656826939138108e-16,3.6568269391381093e-16,7.850462293418876e-16,0.0,0.0,9.251858538542972e-14,0.003952532265710585,unresolved
C,lambda_1,yoshida4,controlled_q0.050_phi1.570796326795,1,0.12,0.12,0.9999999999999998,1.3877787807814457e-17,0.9999999999999998,1.387778780781446e-17,1.387778780781446e-17,0,1.1564823173178715e-16,1.1564823173178717e-16,7.850462293418876e-16,0.0,0.0,9.251858538542972e-14,0.00125,unresolved
C,lambda_1,yoshida4,controlled_q0.050_phi3.141592653590,1,0.12,0.12,0.9999999999999996,2.6772237371112574e-17,0.9999999999999996,2.6772237371112586e-17,2.6772237371112586e-17,0,2.231019780926048e-16,2.231019780926049e-16,7.850462293418876e-16,0.0,0.0,9.251858538542972e-14,0.002411428764968341,unresolved
C,lambda_1,yoshida4,controlled_q0.050_phi4.712388980385,1,0.12,0.12,0.9999999999999998,6.938893903907228e-17,0.9999999999999998,6.93889390390723e-17,6.93889390390723e-17,0,5.782411586589358e-16,5.782411586589359e-16,7.850462293418876e-16,0.0,0.0,9.251858538542972e-14,0.00625,unresolved
C,lambda_1,yoshida4,controlled_q0.001_phi0.000000000000,1,0.18,0.18,1.0000000000000002,-1.175214205324806e-16,1.0000000000000002,-1.1752142053248057e-16,-1.1752142053248057e-16,0,-6.528967807360033e-16,-6.528967807360032e-16,3.1401849173675503e-16,0.0,0.0,6.167905692361981e-14,0.01058538851436262,unresolved
C,lambda_1,yoshida4,controlled_q0.001_phi1.570796326795,1,0.18,0.18,1.0,-1.1622647289044608e-16,1.0,-1.1622647289044608e-16,-1.1622647289044608e-16,0,-6.457026271691449e-16,-6.457026271691449e-16,3.1401849173675503e-16,0.0,0.0,6.167905692361981e-14,0.01046875,unresolved
C,lambda_1,yoshida4,controlled_q0.001_phi3.141592653590,1,0.18,0.18,0.9999999999999998,-1.1752142053248057e-16,0.9999999999999998,-1.175214205324806e-16,-1.175214205324806e-16,0,-6.528967807360032e-16,-6.528967807360033e-16,3.1401849173675503e-16,0.0,0.0,6.167905692361981e-14,0.010585388514362618,unresolved
C,lambda_1,yoshida4,controlled_q0.001_phi4.712388980385,1,0.18,0.18,1.0,-1.196959198423997e-16,1.0,-1.196959198423997e-16,-1.196959198423997e-16,0,-6.649773324577761e-16,-6.649773324577761e-16,3.1401849173675503e-16,0.0,0.0,6.167905692361981e-14,0.010781250000000001,unresolved
C,lambda_1,yoshida4,controlled_q0.010_phi0.000000000000,1,0.18,0.18,0.9999999999999998,-1.1540179571325745e-16,0.9999999999999998,-1.1540179571325747e-16,-1.1540179571325747e-16,0,-6.411210872958747e-16,-6.411210872958749e-16,3.1401849173675503e-16,0.0,0.0,6.167905692361981e-14,0.010394469683442247,unresolved
C,lambda_1,yoshida4,controlled_q0.010_phi1.570796326795,1,0.18,0.18,1.0,-1.1796119636642288e-16,1.0,-1.1796119636642288e-16,-1.1796119636642288e-16,0,-6.553399798134604e-16,-6.553399798134604e-16,3.1401849173675503e-16,0.0,0.0,6.167905692361981e-14,0.010625,unresolved
C,lambda_1,yoshida4,controlled_q0.010_phi3.141592653590,1,0.18,0.18,1.0,-1.154017957132575e-16,1.0,-1.154017957132575e-16,-1.154017957132575e-16,0,-6.41121087295875e-16,-6.41121087295875e-16,3.1401849173675503e-16,0.0,0.0,6.167905692361981e-14,0.010394469683442252,unresolved
C,lambda_1,yoshida4,controlled_q0.010_phi4.712388980385,1,0.18,0.18,1.0,-1.249000902703301e-16,1.0,-1.249000902703301e-16,-1.249000902703301e-16,0,-6.938893903907228e-16,-6.938893903907228e-16,3.1401849173675503e-16,0.0,0.0,6.167905692361981e-14,0.01125,unresolved
C,lambda_1,yoshida4,controlled_q0.050_phi0.000000000000,1,0.18,0.18,0.9999999999999997,-1.0598124096115482e-16,0.9999999999999997,-1.0598124096115485e-16,-1.0598124096115485e-16,0,-5.887846720064157e-16,-5.887846720064159e-16,3.1401849173675503e-16,0.0,0.0,6.167905692361981e-14,0.009545941546018392,unresolved
C,lambda_1,yoshida4,controlled_q0.050_phi1.570796326795,1,0.18,0.18,1.0,-1.3877787807814457e-16,1.0,-1.3877787807814457e-16,-1.3877787807814457e-16,0,-7.709882115452476e-16,-7.709882115452476e-16,3.1401849173675503e-16,0.0,0.0,6.167905692361981e-14,0.0125,unresolved
C,lambda_1,yoshida4,controlled_q0.050_phi3.141592653590,1,0.18,0.18,0.9999999999999998,-1.0598124096115482e-16,0.9999999999999998,-1.0598124096115484e-16,-1.0598124096115484e-16,0,-5.887846720064157e-16,-5.887846720064158e-16,3.1401849173675503e-16,0.0,0.0,6.167905692361981e-14,0.009545941546018392,unresolved
C,lambda_1,yoshida4,controlled_q0.050_phi4.712388980385,1,0.18,0.18,1.0,-8.326672684688674e-17,1.0,-8.326672684688674e-17,-8.326672684688674e-17,0,-4.625929269271486e-16,-4.625929269271486e-16,3.1401849173675503e-16,0.0,0.0,6.167905692361981e-14,0.007500000000000001,unresolved
C,lambda_1,yoshida4,controlled_q0.001_phi0.000000000000,1,0.27,0.27,1.0000000000000007,8.082890626401904e-17,1.0000000000000007,8.082890626401899e-17,8.082890626401899e-17,0,2.993663194963668e-16,2.9936631949636664e-16,6.280369834735101e-16,0.0,0.0,4.11193712824132e-14,0.007280420642628018,unresolved
C,lambda_1,yoshida4,controlled_q0.001_phi1.570796326795,1,0.27,0.27,1.0000000000000009,7.45931094670027e-17,1.0000000000000009,7.459310946700264e-17,7.459310946700264e-17,0,2.762707758037137e-16,2.762707758037135e-16,6.280369834735101e-16,0.0,0.0,4.11193712824132e-14,0.00671875,unresolved
C,lambda_1,yoshida4,controlled_q0.001_phi3.141592653590,1,0.27,0.27,1.0000000000000002,7.586632111262174e-17,1.0000000000000002,7.586632111262173e-17,7.586632111262173e-17,0,2.8098637449119164e-16,2.809863744911916e-16,6.280369834735101e-16,0.0,0.0,4.11193712824132e-14,0.0068334307098554745,unresolved
C,lambda_1,yoshida4,controlled_q0.001_phi4.712388980385,1,0.27,0.27,1.0000000000000007,8.153200337090993e-17,1.0000000000000007,8.153200337090988e-17,8.153200337090988e-17,0,3.01970382855222e-16,3.019703828552218e-16,6.280369834735101e-16,0.0,0.0,4.11193712824132e-14,0.007343750000000001,unresolved
C,lambda_1,yoshida4,controlled_q0.010_phi0.000000000000,1,0.27,0.27,1.0000000000000002,8.474564183293598e-17,1.0000000000000002,8.474564183293596e-17,8.474564183293596e-17,0,3.138727475293925e-16,3.138727475293924e-16,6.280369834735101e-16,0.0,0.0,4.11193712824132e-14,0.007633208819601681,unresolved
C,lambda_1,yoshida4,controlled_q0.010_phi1.570796326795,1,0.27,0.27,1.0000000000000007,6.938893903907228e-17,1.0000000000000007,6.938893903907223e-17,6.938893903907223e-17,0,2.5699607051508254e-16,2.5699607051508234e-16,6.280369834735101e-16,0.0,0.0,4.11193712824132e-14,0.006250000000000001,unresolved
C,lambda_1,yoshida4,controlled_q0.010_phi3.141592653590,1,0.27,0.27,1.0000000000000007,6.9123419118074e-17,1.0000000000000007,6.912341911807395e-17,6.912341911807395e-17,0,2.5601266340027405e-16,2.5601266340027386e-16,6.280369834735101e-16,0.0,0.0,4.11193712824132e-14,0.006226084091654654,unresolved
C,lambda_1,yoshida4,controlled_q0.010_phi4.712388980385,1,0.27,0.27,1.0000000000000007,9.020562075079397e-17,1.0000000000000007,9.020562075079391e-17,9.020562075079391e-17,0,3.3409489166960727e-16,3.3409489166960703e-16,6.280369834735101e-16,0.0,0.0,4.11193712824132e-14,0.008125,unresolved
C,lambda_1,yoshida4,controlled_q0.050_phi0.000000000000,1,0.27,0.27,1.0000000000000002,8.776384653931458e-17,1.0000000000000002,8.776384653931456e-17,8.776384653931456e-17,0,3.250512834789429e-16,3.250512834789428e-16,6.280369834735101e-16,0.0,0.0,4.11193712824132e-14,0.007905064531421173,unresolved
C,lambda_1,yoshida4,controlled_q0.050_phi1.570796326795,1,0.27,0.27,1.0000000000000007,6.938893903907228e-17,1.0000000000000007,6.938893903907223e-17,6.938893903907223e-17,0,2.5699607051508254e-16,2.5699607051508234e-16,6.280369834735101e-16,0.0,0.0,4.11193712824132e-14,0.006250000000000001,unresolved
C,lambda_1,yoshida4,controlled_q0.050_phi3.141592653590,1,0.27,0.27,1.0000000000000002,5.354447474222515e-17,1.0000000000000002,5.3544474742225135e-17,5.3544474742225135e-17,0,1.9831286941564868e-16,1.9831286941564863e-16,6.280369834735101e-16,0.0,0.0,4.11193712824132e-14,0.004822857529936683,unresolved
C,lambda_1,yoshida4,controlled_q0.050_phi4.712388980385,1,0.27,0.27,1.0000000000000004,6.938893903907228e-17,1.0000000000000004,6.938893903907226e-17,6.938893903907226e-17,0,2.5699607051508254e-16,2.5699607051508244e-16,6.280369834735101e-16,0.0,0.0,4.11193712824132e-14,0.006250000000000001,unresolved
C,lambda_1,yoshida4,controlled_q0.001_phi0.000000000000,1,0.4,0.4,1.0000000000000004,-1.5669522737664082e-16,1.0000000000000004,-1.5669522737664075e-16,-1.5669522737664075e-16,0,-3.9173806844160206e-16,-3.9173806844160186e-16,0.0,0.0,0.0,2.7755575615628914e-14,0.014113851352483496,unresolved
C,lambda_1,yoshida4,controlled_q0.001_phi1.570796326795,1,0.4,0.4,1.0000000000000004,-1.5439038936193583e-16,1.0000000000000004,-1.5439038936193576e-16,-1.5439038936193576e-16,0,-3.859759734048396e-16,-3.859759734048394e-16,0.0,0.0,0.0,2.7755575615628914e-14,0.01390625,unresolved
C,lambda_1,yoshida4,controlled_q0.001_phi3.141592653590,1,0.4,0.4,1.0,-1.5669522737664075e-16,1.0,-1.5669522737664075e-16,-1.5669522737664075e-16,0,-3.9173806844160186e-16,-3.9173806844160186e-16,0.0,0.0,0.0,2.7755575615628914e-14,0.014113851352483489,unresolved
C,lambda_1,yoshida4,controlled_q0.001_phi4.712388980385,1,0.4,0.4,1.0000000000000004,-1.6132928326584306e-16,1.0000000000000004,-1.6132928326584299e-16,-1.6132928326584299e-16,0,-4.0332320816460765e-16,-4.0332320816460745e-16,0.0,0.0,0.0,2.7755575615628914e-14,0.01453125,unresolved
C,lambda_1,yoshida4,controlled_q0.010_phi0.000000000000,1,0.4,0.4,1.0,-1.5386906095100998e-16,1.0,-1.5386906095100998e-16,-1.5386906095100998e-16,0,-3.846726523775249e-16,-3.846726523775249e-16,0.0,0.0,0.0,2.7755575615628914e-14,0.013859292911256333,unresolved
C,lambda_1,yoshida4,controlled_q0.010_phi1.570796326795,1,0.4,0.4,1.0000000000000004,-1.5265566588595902e-16,1.0000000000000004,-1.5265566588595895e-16,-1.5265566588595895e-16,0,-3.8163916471489756e-16,-3.8163916471489736e-16,0.0,0.0,0.0,2.7755575615628914e-14,0.01375,unresolved
C,lambda_1,yoshida4,controlled_q0.010_phi3.141592653590,1,0.4,0.4,1.0000000000000002,-1.5386906095101e-16,1.0000000000000002,-1.5386906095100998e-16,-1.5386906095100998e-16,0,-3.8467265237752497e-16,-3.846726523775249e-16,0.0,0.0,0.0,2.7755575615628914e-14,0.013859292911256335,unresolved
C,lambda_1,yoshida4,controlled_q0.010_phi4.712388980385,1,0.4,0.4,1.0000000000000004,-1.5959455978986625e-16,1.0000000000000004,-1.5959455978986618e-16,-1.5959455978986618e-16,0,-3.9898639947466563e-16,-3.9898639947466543e-16,0.0,0.0,0.0,2.7755575615628914e-14,0.014375,unresolved
C,lambda_1,yoshida4,controlled_q0.050_phi0.000000000000,1,0.4,0.4,1.0,-1.4130832128153977e-16,1.0,-1.4130832128153977e-16,-1.4130832128153977e-16,0,-3.5327080320384943e-16,-3.5327080320384943e-16,0.0,0.0,0.0,2.7755575615628914e-14,0.012727922061357857,unresolved
C,lambda_1,yoshida4,controlled_q0.050_phi1.570796326795,1,0.4,0.4,1.0000000000000002,-1.1102230246251565e-16,1.0000000000000002,-1.1102230246251563e-16,-1.1102230246251563e-16,0,-2.7755575615628914e-16,-2.7755575615628904e-16,0.0,0.0,0.0,2.7755575615628914e-14,0.01,unresolved
C,lambda_1,yoshida4,controlled_q0.050_phi3.141592653590,1,0.4,0.4,1.0,-1.4130832128153972e-16,1.0,-1.4130832128153972e-16,-1.4130832128153972e-16,0,-3.532708032038493e-16,-3.532708032038493e-16,0.0,0.0,0.0,2.7755575615628914e-14,0.012727922061357852,unresolved
C,lambda_1,yoshida4,controlled_q0.050_phi4.712388980385,1,0.4,0.4,1.0000000000000002,-1.6653345369377348e-16,1.0000000000000002,-1.6653345369377346e-16,-1.6653345369377346e-16,0,-4.163336342344337e-16,-4.163336342344336e-16,0.0,0.0,0.0,2.7755575615628914e-14,0.015,unresolved
C,lambda_1.772983346207417,yoshida4,controlled_q0.001_phi0.000000000000,-1,0.05,-0.05,1.0000000000000013,6.263822685727097e-09,1.0000000000000013,6.263822685727089e-09,6.263822685727089e-09,0,-1.2527645371454195e-07,-1.2527645371454177e-07,3.454203409104305e-15,0.0,0.0,2.220446049250313e-13,564194.9902671083,resolved
C,lambda_1.772983346207417,yoshida4,controlled_q0.001_phi1.570796326795,-1,0.05,-0.05,1.000000000000001,4.522743509566274e-09,1.000000000000001,4.522743509566269e-09,4.522743509566269e-09,0,-9.045487019132548e-08,-9.045487019132537e-08,3.454203409104305e-15,0.0,0.0,2.220446049250313e-13,407372.5196875,resolved
C,lambda_1.772983346207417,yoshida4,controlled_q0.001_phi3.141592653590,-1,0.05,-0.05,1.0000000000000009,2.5162267439391913e-09,1.0000000000000009,2.5162267439391892e-09,2.5162267439391892e-09,0,-5.0324534878783824e-08,-5.0324534878783785e-08,3.454203409104305e-15,0.0,0.0,2.220446049250313e-13,226641.55652768436,resolved
C,lambda_1.772983346207417,yoshida4,controlled_q0.001_phi4.712388980385,-1,0.05,-0.05,1.0000000000000013,4.257305920990495e-09,1.0000000000000013,4.257305920990489e-09,4.257305920990489e-09,0,-8.51461184198099e-08,-8.514611841980978e-08,3.454203409104305e-15,0.0,0.0,2.220446049250313e-13,383464.0271875,resolved
C,lambda_1.772983346207417,yoshida4,controlled_q0.010_phi0.000000000000,-1,0.05,-0.05,1.0000000000000009,1.0209563683626014e-08,1.0000000000000009,1.0209563683626004e-08,1.0209563683626004e-08,0,-2.0419127367252027e-07,-2.041912736725201e-07,3.454203409104305e-15,0.0,0.0,2.220446049250313e-13,919595.7440238693,resolved
C,lambda_1.772983346207417,yoshida4,controlled_q0.010_phi1.570796326795,-1,0.05,-0.05,1.0000000000000013,4.7286447951711e-09,1.0000000000000013,4.728644795171093e-09,4.728644795171093e-09,0,-9.4572895903422e-08,-9.457289590342186e-08,3.454203409104305e-15,0.0,0.0,2.220446049250313e-13,425918.45875,resolved
C,lambda_1.772983346207417,yoshida4,controlled_q0.010_phi3.141592653590,-1,0.05,-0.05,1.0000000000000013,-1.587871858903606e-09,1.0000000000000013,-1.587871858903604e-09,-1.587871858903604e-09,0,3.175743717807212e-08,3.1757437178072075e-08,3.454203409104305e-15,0.0,0.0,2.220446049250313e-13,143022.78224140755,resolved
C,lambda_1.772983346207417,yoshida4,controlled_q0.010_phi4.712388980385,-1,0.05,-0.05,1.000000000000001,3.893047037517583e-09,1.000000000000001,3.893047037517579e-09,3.893047037517579e-09,0,-7.786094075035166e-08,-7.786094075035157e-08,3.454203409104305e-15,0.0,0.0,2.220446049250313e-13,350654.50375,resolved
C,lambda_1.772983346207417,yoshida4,controlled_q0.050_phi0.000000000000,-1,0.05,-0.05,1.0000000000000009,1.6879663392314815e-08,1.000000000000001,1.68796633923148e-08,1.68796633923148e-08,0,-3.375932678462963e-07,-3.3759326784629596e-07,3.454203409104305e-15,0.0,0.0,2.220446049250313e-13,1520384.915275368,resolved
C,lambda_1.772983346207417,yoshida4,controlled_q0.050_phi1.570796326795,-1,0.05,-0.05,1.0000000000000009,4.874098971652252e-09,1.0000000000000009,4.874098971652248e-09,4.874098971652248e-09,0,-9.748197943304504e-08,-9.748197943304495e-08,3.454203409104305e-15,0.0,0.0,2.220446049250313e-13,439019.80625,resolved
C,lambda_1.772983346207417,yoshida4,controlled_q0.050_phi3.141592653590,-1,0.05,-0.05,1.0000000000000009,-8.961783145120772e-09,1.0000000000000009,-8.961783145120763e-09,-8.961783145120763e-09,0,1.7923566290241542e-07,1.7923566290241527e-07,3.454203409104305e-15,0.0,0.0,2.220446049250313e-13,807205.6646588219,resolved
C,lambda_1.772983346207417,yoshida4,controlled_q0.050_phi4.712388980385,-1,0.05,-0.05,1.0000000000000009,3.0437812825745425e-09,1.0000000000000009,3.0437812825745396e-09,3.0437812825745396e-09,0,-6.087562565149085e-08,-6.087562565149078e-08,3.454203409104305e-15,0.0,0.0,2.220446049250313e-13,274159.445,resolved
C,lambda_1.772983346207417,yoshida4,controlled_q0.001_phi0.000000000000,-1,0.08,-0.08,0.9999999999999523,6.471538735035764e-08,0.9999999999999544,6.471538735036064e-08,6.471538735036064e-08,0,-8.089423418794705e-07,-8.08942341879508e-07,4.082240392577815e-15,0.0,0.0,1.3877787807814457e-13,5829043.887124159,resolved
C,lambda_1.772983346207417,yoshida4,controlled_q0.001_phi1.570796326795,-1,0.08,-0.08,0.9999999999999523,4.7396980996233795e-08,0.9999999999999534,4.7396980996236025e-08,4.7396980996236025e-08,0,-5.924622624529224e-07,-5.924622624529503e-07,4.082240392577815e-15,0.0,0.0,1.3877787807814457e-13,4269140.5190625,resolved
C,lambda_1.772983346207417,yoshida4,controlled_q0.001_phi3.141592653590,-1,0.08,-0.08,0.9999999999999518,2.5638578172901636e-08,0.9999999999999521,2.5638578172902867e-08,2.5638578172902867e-08,0,-3.2048222716127047e-07,-3.204822271612858e-07,4.082240392577815e-15,0.0,0.0,1.3877787807814457e-13,2309317.822115783,resolved
C,lambda_1.772983346207417,yoshida4,controlled_q0.001_phi4.712388980385,-1,0.08,-0.08,0.9999999999999524,4.2956984525055475e-08,0.9999999999999533,4.295698452505749e-08,4.295698452505749e-08,0,-5.369623065631934e-07,-5.369623065632186e-07,4.082240392577815e-15,0.0,0.0,1.3877787807814457e-13,3869221.19,resolved
C,lambda_1.772983346207417,yoshida4,controlled_q0.010_phi0.000000000000,-1,0.08,-0.08,0.999999999999952,1.0586908342684209e-07,0.9999999999999576,1.0586908342684677e-07,1.0586908342684677e-07,0,-1.323363542835526e-06,-1.3233635428355847e-06,4.082240392577815e-15,0.0,0.0,1.3877787807814457e-13,9535839.29342364,resolved
C,lambda_1.772983346207417,yoshida4,controlled_q0.010_phi1.570796326795,-1,0.08,-0.08,0.9999999999999524,5.135072397854934e-08,0.9999999999999537,5.135072397855174e-08,5.135072397855174e-08,0,-6.418840497318667e-07,-6.418840497318967e-07,4.082240392577815e-15,0.0,0.0,1.3877787807814457e-13,4625262.0275,resolved
C,lambda_1.772983346207417,yoshida4,controlled_q0.010_phi3.141592653590,-1,0.08,-0.08,0.9999999999999521,-1.714474854428286e-08,0.9999999999999523,-1.7144748544283676e-08,-1.7144748544283676e-08,0,2.1430935680353573e-07,2.1430935680354594e-07,4.082240392577815e-15,0.0,0.0,1.3877787807814457e-13,1544261.6631078627,resolved
C,lambda_1.772983346207417,yoshida4,controlled_q0.010_phi4.712388980385,-1,0.08,-0.08,0.9999999999999524,3.737361090050406e-08,0.999999999999953,3.737361090050582e-08,3.737361090050582e-08,0,-4.6717013625630077e-07,-4.6717013625632274e-07,4.082240392577815e-15,0.0,0.0,1.3877787807814457e-13,3366315.6025,resolved
C,lambda_1.772983346207417,yoshida4,controlled_q0.050_phi0.000000000000,-1,0.08,-0.08,0.9999999999999518,1.754673068316969e-07,0.9999999999999672,1.7546730683170355e-07,1.7546730683170355e-07,0,-2.193341335396211e-06,-2.1933413353962945e-06,4.082240392577815e-15,0.0,0.0,1.3877787807814457e-13,15804689.953258691,resolved
C,lambda_1.772983346207417,yoshida4,controlled_q0.050_phi1.570796326795,-1,0.08,-0.08,0.9999999999999521,5.604870387254657e-08,0.9999999999999537,5.604870387254919e-08,5.604870387254919e-08,0,-7.006087984068321e-07,-7.006087984068648e-07,4.082240392577815e-15,0.0,0.0,1.3877787807814457e-13,5048418.4375,resolved
C,lambda_1.772983346207417,yoshida4,controlled_q0.050_phi3.141592653590,-1,0.08,-0.08,0.9999999999999518,-9.398577479669365e-08,0.9999999999999563,-9.39857747966979e-08,-9.39857747966979e-08,0,1.1748221849586706e-06,1.1748221849587237e-06,4.082240392577815e-15,0.0,0.0,1.3877787807814457e-13,8465486.007050337,resolved
C,lambda_1.772983346207417,yoshida4,controlled_q0.050_phi4.712388980385,-1,0.08,-0.08,0.999999999999952,2.543282816291903e-08,0.9999999999999524,2.5432828162920244e-08,2.5432828162920244e-08,0,-3.179103520364879e-07,-3.1791035203650307e-07,4.082240392577815e-15,0.0,0.0,1.3877787807814457e-13,2290785.50875,resolved
C,lambda_1.772983346207417,yoshida4,controlled_q0.001_phi0.000000000000,-1,0.12,-0.12,0.9999999999971763,4.764939169074018e-07,0.9999999999972898,4.764939169087112e-07,4.764939169087112e-07,0,-3.9707826408950155e-06,-3.970782640905927e-06,3.1401849173675502e-15,0.0,0.0,9.251858538542972e-14,42918756.53256966,resolved
C,lambda_1.772983346207417,yoshida4,controlled_q0.001_phi1.570796326795,-1,0.12,-0.12,0.9999999999971763,3.549593476145224e-07,0.9999999999972392,3.5495934761550984e-07,3.5495934761550984e-07,0,-2.9579945634543537e-06,-2.9579945634625822e-06,3.1401849173675502e-15,0.0,0.0,9.251858538542972e-14,31971895.71296875,resolved
C,lambda_1.772983346207417,yoshida4,controlled_q0.001_phi3.141592653590,-1,0.12,-0.12,0.9999999999971757,1.831610856917707e-07,0.9999999999971925,1.8316108569228596e-07,1.8316108569228596e-07,0,-1.5263423807647559e-06,-1.5263423807690497e-06,3.1401849173675502e-15,0.0,0.0,9.251858538542972e-14,16497683.94540468,resolved
C,lambda_1.772983346207417,yoshida4,controlled_q0.001_phi4.712388980385,-1,0.12,-0.12,0.9999999999971763,3.0469565498458806e-07,0.9999999999972227,3.04695654985439e-07,3.04695654985439e-07,0,-2.5391304582049008e-06,-2.5391304582119917e-06,3.1401849173675502e-15,0.0,0.0,9.251858538542972e-14,27444544.765,resolved
C,lambda_1.772983346207417,yoshida4,controlled_q0.010_phi0.000000000000,-1,0.12,-0.12,0.9999999999971758,7.85584722696738e-07,0.9999999999974843,7.85584722698795e-07,7.85584722698795e-07,0,-6.54653935580615e-06,-6.546539355823292e-06,3.1401849173675502e-15,0.0,0.0,9.251858538542972e-14,70759181.28809966,resolved
C,lambda_1.772983346207417,yoshida4,controlled_q0.010_phi1.570796326795,-1,0.12,-0.12,0.9999999999971761,4.029937844887699e-07,0.9999999999972573,4.0299378448988606e-07,4.0299378448988606e-07,0,-3.3582815374064157e-06,-3.3582815374157174e-06,3.1401849173675502e-15,0.0,0.0,9.251858538542972e-14,36298453.153124996,resolved
C,lambda_1.772983346207417,yoshida4,controlled_q0.010_phi3.141592653590,-1,0.12,-0.12,0.9999999999971761,-1.3782730531478505e-07,0.9999999999971857,-1.378273053151734e-07,-1.378273053151734e-07,0,1.148560877623209e-06,1.148560877626445e-06,3.1401849173675502e-15,0.0,0.0,9.251858538542972e-14,12414380.017142912,resolved
C,lambda_1.772983346207417,yoshida4,controlled_q0.010_phi4.712388980385,-1,0.12,-0.12,0.9999999999971761,2.4476363288949976e-07,0.9999999999972061,2.4476363289018607e-07,2.4476363289018607e-07,0,-2.0396969407458316e-06,-2.0396969407515508e-06,3.1401849173675502e-15,0.0,0.0,9.251858538542972e-14,22046348.117500003,resolved
C,lambda_1.772983346207417,yoshida4,controlled_q0.050_phi0.000000000000,-1,0.12,-0.12,0.9999999999971758,1.3087739355793244e-06,0.9999999999980322,1.3087739355822734e-06,1.3087739355822734e-06,0,-1.0906449463161038e-05,-1.0906449463185612e-05,3.1401849173675502e-15,0.0,0.0,9.251858538542972e-14,117883876.17174527,resolved
C,lambda_1.772983346207417,yoshida4,controlled_q0.050_phi1.570796326795,-1,0.12,-0.12,0.9999999999971761,4.7073559747423666e-07,0.999999999997287,4.707355974755312e-07,4.707355974755312e-07,0,-3.922796645618639e-06,-3.922796645629426e-06,3.1401849173675502e-15,0.0,0.0,9.251858538542972e-14,42400093.22750001,resolved
C,lambda_1.772983346207417,yoshida4,controlled_q0.050_phi3.141592653590,-1,0.12,-0.12,0.9999999999971758,-7.138946747183478e-07,0.9999999999974306,-7.138946747202427e-07,-7.138946747202427e-07,0,5.949122289319565e-06,5.949122289335356e-06,3.1401849173675502e-15,0.0,0.0,9.251858538542972e-14,64301915.82086665,resolved
C,lambda_1.772983346207417,yoshida4,controlled_q0.050_phi4.712388980385,-1,0.12,-0.12,0.999999999997176,1.2414366337698546e-07,0.9999999999971837,1.241436633773354e-07,1.241436633773354e-07,0,-1.0345305281415456e-06,-1.0345305281444617e-06,3.1401849173675502e-15,0.0,0.0,9.251858538542972e-14,11181867.1225,resolved
C,lambda_1.772983346207417,yoshida4,controlled_q0.001_phi0.000000000000,-1,0.18,-0.18,0.9999999998401419,3.3669151847436313e-06,0.9999999998458099,3.3669151852691373e-06,3.3669151852691373e-06,0,-1.870508435968684e-05,-1.870508436260632e-05,4.082240392577815e-15,0.0,0.0,6.167905692361981e-14,303264759.42798966,resolved
C,lambda_1.772983346207417,yoshida4,controlled_q0.001_phi1.570796326795,-1,0.18,-0.18,0.9999999998401419,2.5643066427806505e-06,0.9999999998434297,2.564306643184955e-06,2.564306643184955e-06,0,-1.4246148015448058e-05,-1.4246148017694195e-05,4.082240392577815e-15,0.0,0.0,6.167905692361981e-14,230972208.8178125,resolved
C,lambda_1.772983346207417,yoshida4,controlled_q0.001_phi3.141592653590,-1,0.18,-0.18,0.9999999998401413,1.1971069079523641e-06,0.9999999998408579,1.1971069081431602e-06,1.1971069081431602e-06,0,-6.65059393306869e-06,-6.650593934128668e-06,4.082240392577815e-15,0.0,0.0,6.167905692361981e-14,107825804.49153829,resolved
C,lambda_1.772983346207417,yoshida4,controlled_q0.001_phi4.712388980385,-1,0.18,-0.18,0.9999999998401418,1.9997154499171166e-06,0.9999999998421412,1.999715450234122e-06,1.999715450234122e-06,0,-1.1109530277317314e-05,-1.1109530279078457e-05,4.082240392577815e-15,0.0,0.0,6.167905692361981e-14,180118355.101875,resolved
C,lambda_1.772983346207417,yoshida4,controlled_q0.010_phi0.000000000000,-1,0.18,-0.18,0.9999999998401414,5.6561317765257805e-06,0.9999999998561373,5.656131777369645e-06,5.656131777369645e-06,0,-3.142295431403211e-05,-3.142295431872025e-05,4.082240392577815e-15,0.0,0.0,6.167905692361981e-14,509459059.2223985,resolved
C,lambda_1.772983346207417,yoshida4,controlled_q0.010_phi1.570796326795,-1,0.18,-0.18,0.9999999998401417,3.129519333025521e-06,0.9999999998450386,3.1295193335155843e-06,3.1295193335155843e-06,0,-1.738621851680845e-05,-1.7386218519531025e-05,4.082240392577815e-15,0.0,0.0,6.167905692361981e-14,281882042.04125,resolved
C,lambda_1.772983346207417,yoshida4,controlled_q0.010_phi3.141592653590,-1,0.18,-0.18,0.9999999998401418,-1.1744267155617768e-06,0.9999999998408314,-1.1744267157489787e-06,-1.1744267157489787e-06,0,6.5245928642320935e-06,6.524592865272104e-06,4.082240392577815e-15,0.0,0.0,6.167905692361981e-14,105782954.37155947,resolved
C,lambda_1.772983346207417,yoshida4,controlled_q0.010_phi4.712388980385,-1,0.18,-0.18,0.9999999998401418,1.3521857279222282e-06,0.9999999998410559,1.3521857281375622e-06,1.3521857281375622e-06,0,-7.512142932901268e-06,-7.512142934097569e-06,4.082240392577815e-15,0.0,0.0,6.167905692361981e-14,121794062.808125,resolved
C,lambda_1.772983346207417,yoshida4,controlled_q0.050_phi0.000000000000,-1,0.18,-0.18,0.9999999998401413,9.53885295996179e-06,0.9999999998856361,9.538852961197347e-06,9.538852961197347e-06,0,-5.299362755534328e-05,-5.299362756220749e-05,4.082240392577815e-15,0.0,0.0,6.167905692361981e-14,859183492.7205175,resolved
C,lambda_1.772983346207417,yoshida4,controlled_q0.050_phi1.570796326795,-1,0.18,-0.18,0.9999999998401414,4.004487449429939e-06,0.9999999998481593,4.004487450048685e-06,4.004487450048685e-06,0,-2.2247152496832994e-05,-2.2247152500270474e-05,4.082240392577815e-15,0.0,0.0,6.167905692361981e-14,360692163.70125,resolved
C,lambda_1.772983346207417,yoshida4,controlled_q0.050_phi3.141592653590,-1,0.18,-0.18,0.9999999998401413,-5.423001373362197e-06,0.9999999998548458,-5.423001374175949e-06,-5.423001374175949e-06,0,3.012778540756776e-05,3.0127785412088605e-05,4.082240392577815e-15,0.0,0.0,6.167905692361981e-14,488460539.28607357,resolved
C,lambda_1.772983346207417,yoshida4,controlled_q0.050_phi4.712388980385,-1,0.18,-0.18,0.9999999998401417,1.1136413716195115e-07,0.9999999998401479,1.1136413717975317e-07,1.1136413717975317e-07,0,-6.186896508997286e-07,-6.186896509986288e-07,4.082240392577815e-15,0.0,0.0,6.167905692361981e-14,10030789.7325,resolved
C,lambda_1.772983346207417,yoshida4,controlled_q0.001_phi0.000000000000,-1,0.27,-0.27,0.9999999911660487,2.1414460314243664e-05,0.9999999913953382,2.1414460500144556e-05,2.1414460500144556e-05,0,-7.931281597868023e-05,-7.931281666720206e-05,5.0242958677880805e-15,0.0,0.0,4.11193712824132e-14,1928843109.8313608,resolved
C,lambda_1.772983346207417,yoshida4,controlled_q0.001_phi1.570796326795,-1,0.27,-0.27,0.9999999911660484,1.6772925242183184e-05,0.9999999913067139,1.677292538878148e-05,1.677292538878148e-05,0,-6.21219453414192e-05,-6.212194588437585e-05,5.0242958677880805e-15,0.0,0.0,4.11193712824132e-14,1510770797.4121876,resolved
C,lambda_1.772983346207417,yoshida4,controlled_q0.001_phi3.141592653590,-1,0.27,-0.27,0.999999991166048,5.902731090949728e-06,0.999999991183469,5.902731143025617e-06,5.902731143025617e-06,0,-2.186196700351751e-05,-2.1861967196391173e-05,5.0242958677880805e-15,0.0,0.0,4.11193712824132e-14,531670750.83338875,resolved
C,lambda_1.772983346207417,yoshida4,controlled_q0.001_phi4.712388980385,-1,0.27,-0.27,0.9999999911660485,1.054426616300605e-05,0.9999999912216393,1.054426625576281e-05,1.054426625576281e-05,0,-3.9052837640763146e-05,-3.90528379843067e-05,5.0242958677880805e-15,0.0,0.0,4.11193712824132e-14,949743063.2521876,resolved
C,lambda_1.772983346207417,yoshida4,controlled_q0.010_phi0.000000000000,-1,0.27,-0.27,0.999999991166048,3.782771736282966e-05,0.9999999918815161,3.782771767895489e-05,3.782771767895489e-05,0,-0.00014010265689936912,-0.00014010265807020328,5.0242958677880805e-15,0.0,0.0,4.11193712824132e-14,3407217876.3903227,resolved
C,lambda_1.772983346207417,yoshida4,controlled_q0.010_phi1.570796326795,-1,0.27,-0.27,0.9999999911660484,2.3216160599089097e-05,0.9999999914355435,2.3216160800008443e-05,2.3216160800008443e-05,0,-8.598577999662629e-05,-8.598578074077201e-05,5.0242958677880805e-15,0.0,0.0,4.11193712824132e-14,2091125844.4606252,resolved
C,lambda_1.772983346207417,yoshida4,controlled_q0.010_phi3.141592653590,-1,0.27,-0.27,0.9999999911660485,-1.1003220792599682e-05,0.999999991226584,-1.1003220889357545e-05,-1.1003220889357545e-05,0,4.075266960222104e-05,4.0752669960583496e-05,5.0242958677880805e-15,0.0,0.0,4.11193712824132e-14,991082021.2285445,resolved
C,lambda_1.772983346207417,yoshida4,controlled_q0.010_phi4.712388980385,-1,0.27,-0.27,0.9999999911660485,3.6083359711489016e-06,0.9999999911725586,3.6083360030091065e-06,3.6083360030091065e-06,0,-1.3364207300551487e-05,-1.3364207418552246e-05,5.0242958677880805e-15,0.0,0.0,4.11193712824132e-14,325010010.70187503,resolved
C,lambda_1.772983346207417,yoshida4,controlled_q0.050_phi0.000000000000,-1,0.27,-0.27,0.9999999911660481,6.57977257006639e-05,0.9999999933307184,6.579772618696426e-05,6.579772618696426e-05,0,-0.00024369528037282925,-0.0002436952821739417,5.0242958677880805e-15,0.0,0.0,4.11193712824132e-14,5926532258.946721,resolved
C,lambda_1.772983346207417,yoshida4,controlled_q0.050_phi1.570796326795,-1,0.27,-0.27,0.9999999911660483,3.379214604924685e-05,0.9999999917370029,3.379214633490252e-05,3.379214633490252e-05,0,-0.00012515609647869203,-0.000125156097536676,5.0242958677880805e-15,0.0,0.0,4.11193712824132e-14,3043725927.10875,resolved
C,lambda_1.772983346207417,yoshida4,controlled_q0.050_phi3.141592653590,-1,0.27,-0.27,0.9999999911660481,-4.116298395249353e-05,0.9999999920132437,-4.116298429287662e-05,-4.116298429287662e-05,0,0.0001524554961203464,0.0001524554973810245,5.0242958677880805e-15,0.0,0.0,4.11193712824132e-14,3707631983.7981515,resolved
C,lambda_1.772983346207417,yoshida4,controlled_q0.050_phi4.712388980385,-1,0.27,-0.27,0.9999999911660484,-9.157404301074479e-06,0.9999999912079774,-9.157404381714572e-06,-9.157404381714572e-06,0,3.3916312226201774e-05,3.391631252486878e-05,5.0242958677880805e-15,0.0,0.0,4.11193712824132e-14,824825651.9600002,resolved
C,lambda_1.772983346207417,yoshida4,controlled_q0.001_phi0.000000000000,-1,0.4,-0.4,0.9999995894433263,9.374115845015149e-05,0.9999995938370305,9.374119666164465e-05,9.374119666164465e-05,0,-0.00023435289612537872,-0.00023435299165411162,3.76822190084106e-15,0.0,0.0,2.7755575615628914e-14,8443452925.307617,resolved
C,lambda_1.772983346207417,yoshida4,controlled_q0.001_phi1.570796326795,-1,0.4,-0.4,0.9999995894433262,7.610777482180628e-05,0.9999995923395241,7.610780592142508e-05,7.610780592142508e-05,0,-0.0001902694370545157,-0.00019026951480356267,3.76822190084106e-15,0.0,0.0,2.7755575615628914e-14,6855178926.549687,resolved
C,lambda_1.772983346207417,yoshida4,controlled_q0.001_phi3.141592653590,-1,0.4,-0.4,0.9999995894433257,-2.8531609963805258e-06,0.999999589447396,-2.8531621677575546e-06,-2.8531621677575546e-06,0,7.132902490951314e-06,7.132905419393887e-06,3.76822190084106e-15,0.0,0.0,2.7755575615628914e-14,256989896.00254735,resolved
C,lambda_1.772983346207417,yoshida4,controlled_q0.001_phi4.712388980385,-1,0.4,-0.4,0.9999995894433262,1.4780222631963907e-05,0.9999995895525537,1.4780228699009167e-05,1.4780228699009167e-05,0,-3.695055657990977e-05,-3.695057174752291e-05,3.76822190084106e-15,0.0,0.0,2.7755575615628914e-14,1331284102.7553124,resolved
C,lambda_1.772983346207417,yoshida4,controlled_q0.010_phi0.000000000000,-1,0.4,-0.4,0.9999995894433258,0.00019666387163158621,0.9999996087816727,0.00019666394983784626,0.00019666394983784626,0,-0.0004916596790789655,-0.0004916598745946156,3.76822190084106e-15,0.0,0.0,2.7755575615628914e-14,17713906779.94501,resolved
C,lambda_1.772983346207417,yoshida4,controlled_q0.010_phi1.570796326795,-1,0.4,-0.4,0.9999995894433261,0.0001411539634175174,0.9999995994055508,0.00014115402043177048,0.00014115402043177048,0,-0.0003528849085437935,-0.00035288505107942616,3.76822190084106e-15,0.0,0.0,2.7755575615628914e-14,12714018740.98,resolved
C,lambda_1.772983346207417,yoshida4,controlled_q0.010_phi3.141592653590,-1,0.4,-0.4,0.999999589443326,-0.00010741513665694145,0.9999995952123342,-0.00010741518034384126,-0.00010741518034384126,0,0.0002685378416423536,0.00026853795085960314,3.76822190084106e-15,0.0,0.0,2.7755575615628914e-14,9675095388.443047,resolved
C,lambda_1.772983346207417,yoshida4,controlled_q0.010_phi4.712388980385,-1,0.4,-0.4,0.9999995894433262,-5.190522844288059e-05,0.9999995907904031,-5.190524970631368e-05,-5.190524970631368e-05,0,0.00012976307110720148,0.0001297631242657842,3.76822190084106e-15,0.0,0.0,2.7755575615628914e-14,4675207349.47875,resolved
C,lambda_1.772983346207417,yoshida4,controlled_q0.050_phi0.000000000000,-1,0.4,-0.4,0.9999995894433258,0.0003740133216142618,0.9999996593863344,0.00037401345772823213,0.00037401345772823213,0,-0.0009350333040356544,-0.0009350336443205803,3.76822190084106e-15,0.0,0.0,2.7755575615628914e-14,33688125117.071815,resolved
C,lambda_1.772983346207417,yoshida4,controlled_q0.050_phi1.570796326795,-1,0.4,-0.4,0.999999589443326,0.00025242280134903095,0.999999621301974,0.0002524228996217022,0.0002524228996217022,0,-0.0006310570033725774,-0.0006310572490542555,3.76822190084106e-15,0.0,0.0,2.7755575615628914e-14,22736224681.90625,resolved
C,lambda_1.772983346207417,yoshida4,controlled_q0.050_phi3.141592653590,-1,0.4,-0.4,0.9999995894433257,-0.00029205019765795557,0.9999996320900012,-0.0002920503092578428,-0.0002920503092578428,0,0.0007301254941448888,0.0007301257731446069,3.76822190084106e-15,0.0,0.0,2.7755575615628914e-14,26305543226.916965,resolved
C,lambda_1.772983346207417,yoshida4,controlled_q0.050_phi4.712388980385,-1,0.4,-0.4,0.999999589443326,-0.00017045967739272305,0.9999996039715827,-0.00017045974572512068,-0.00017045974572512068,0,0.00042614919348180763,0.0004261493643128017,3.76822190084106e-15,0.0,0.0,2.7755575615628914e-14,15353642791.75125,resolved
C,lambda_1.772983346207417,yoshida4,controlled_q0.001_phi0.000000000000,1,0.05,0.05,1.0000000000000013,-6.263822685727097e-09,1.0000000000000013,-6.263822685727089e-09,-6.263822685727089e-09,0,-1.2527645371454195e-07,-1.2527645371454177e-07,3.454203409104305e-15,0.0,0.0,2.220446049250313e-13,564194.9902671083,resolved
C,lambda_1.772983346207417,yoshida4,controlled_q0.001_phi1.570796326795,1,0.05,0.05,1.0000000000000013,-4.257305920990495e-09,1.0000000000000013,-4.257305920990489e-09,-4.257305920990489e-09,0,-8.51461184198099e-08,-8.514611841980978e-08,3.454203409104305e-15,0.0,0.0,2.220446049250313e-13,383464.0271875,resolved
C,lambda_1.772983346207417,yoshida4,controlled_q0.001_phi3.141592653590,1,0.05,0.05,1.0000000000000009,-2.516226743939192e-09,1.0000000000000009,-2.51622674393919e-09,-2.51622674393919e-09,0,-5.032453487878384e-08,-5.03245348787838e-08,3.454203409104305e-15,0.0,0.0,2.220446049250313e-13,226641.5565276844,resolved
C,lambda_1.772983346207417,yoshida4,controlled_q0.001_phi4.712388980385,1,0.05,0.05,1.000000000000001,-4.522743509566274e-09,1.000000000000001,-4.522743509566269e-09,-4.522743509566269e-09,0,-9.045487019132548e-08,-9.045487019132537e-08,3.454203409104305e-15,0.0,0.0,2.220446049250313e-13,407372.5196875,resolved
C,lambda_1.772983346207417,yoshida4,controlled_q0.010_phi0.000000000000,1,0.05,0.05,1.0000000000000009,-1.0209563683626014e-08,1.0000000000000009,-1.0209563683626004e-08,-1.0209563683626004e-08,0,-2.0419127367252027e-07,-2.041912736725201e-07,3.454203409104305e-15,0.0,0.0,2.220446049250313e-13,919595.7440238693,resolved
C,lambda_1.772983346207417,yoshida4,controlled_q0.010_phi1.570796326795,1,0.05,0.05,1.000000000000001,-3.893047037517583e-09,1.000000000000001,-3.893047037517579e-09,-3.893047037517579e-09,0,-7.786094075035166e-08,-7.786094075035157e-08,3.454203409104305e-15,0.0,0.0,2.220446049250313e-13,350654.50375,resolved
C,lambda_1.772983346207417,yoshida4,controlled_q0.010_phi3.141592653590,1,0.05,0.05,1.0000000000000013,1.5878718589036065e-09,1.0000000000000013,1.5878718589036044e-09,1.5878718589036044e-09,0,3.175743717807213e-08,3.175743717807209e-08,3.454203409104305e-15,0.0,0.0,2.220446049250313e-13,143022.78224140758,resolved
C,lambda_1.772983346207417,yoshida4,controlled_q0.010_phi4.712388980385,1,0.05,0.05,1.0000000000000013,-4.7286447951711e-09,1.0000000000000013,-4.728644795171093e-09,-4.728644795171093e-09,0,-9.4572895903422e-08,-9.457289590342186e-08,3.454203409104305e-15,0.0,0.0,2.220446049250313e-13,425918.45875,resolved
C,lambda_1.772983346207417,yoshida4,controlled_q0.050_phi0.000000000000,1,0.05,0.05,1.0000000000000009,-1.6879663392314815e-08,1.000000000000001,-1.68796633923148e-08,-1.68796633923148e-08,0,-3.375932678462963e-07,-3.3759326784629596e-07,3.454203409104305e-15,0.0,0.0,2.220446049250313e-13,1520384.915275368,resolved
C,lambda_1.772983346207417,yoshida4,controlled_q0.050_phi1.570796326795,1,0.05,0.05,1.000000000000001,-3.0437812825745425e-09,1.000000000000001,-3.043781282574539e-09,-3.043781282574539e-09,0,-6.087562565149085e-08,-6.087562565149078e-08,3.454203409104305e-15,0.0,0.0,2.220446049250313e-13,274159.445,resolved
C,lambda_1.772983346207417,yoshida4,controlled_q0.050_phi3.141592653590,1,0.05,0.05,1.0000000000000009,8.961783145120773e-09,1.0000000000000009,8.961783145120765e-09,8.961783145120765e-09,0,1.7923566290241545e-07,1.792356629024153e-07,3.454203409104305e-15,0.0,0.0,2.220446049250313e-13,807205.664658822,resolved
C,lambda_1.772983346207417,yoshida4,controlled_q0.050_phi4.712388980385,1,0.05,0.05,1.0000000000000009,-4.874098971652252e-09,1.0000000000000009,-4.874098971652248e-09,-4.874098971652248e-09,0,-9.748197943304504e-08,-9.748197943304495e-08,3.454203409104305e-15,0.0,0.0,2.220446049250313e-13,439019.80625,resolved
C,lambda_1.772983346207417,yoshida4,controlled_q0.001_phi0.000000000000,1,0.08,0.08,0.9999999999999523,-6.471538735035764e-08,0.9999999999999544,-6.471538735036064e-08,-6.471538735036064e-08,0,-8.089423418794705e-07,-8.08942341879508e-07,4.082240392577815e-15,0.0,0.0,1.3877787807814457e-13,5829043.887124159,resolved
C,lambda_1.772983346207417,yoshida4,controlled_q0.001_phi1.570796326795,1,0.08,0.08,0.9999999999999524,-4.2956984525055475e-08,0.9999999999999533,-4.295698452505749e-08,-4.295698452505749e-08,0,-5.369623065631934e-07,-5.369623065632186e-07,4.082240392577815e-15,0.0,0.0,1.3877787807814457e-13,3869221.19,resolved
C,lambda_1.772983346207417,yoshida4,controlled_q0.001_phi3.141592653590,1,0.08,0.08,0.9999999999999518,-2.563857817290163e-08,0.9999999999999521,-2.563857817290286e-08,-2.563857817290286e-08,0,-3.2048222716127036e-07,-3.2048222716128577e-07,4.082240392577815e-15,0.0,0.0,1.3877787807814457e-13,2309317.822115782,resolved
C,lambda_1.772983346207417,yoshida4,controlled_q0.001_phi4.712388980385,1,0.08,0.08,0.9999999999999523,-4.7396980996233795e-08,0.9999999999999534,-4.7396980996236025e-08,-4.7396980996236025e-08,0,-5.924622624529224e-07,-5.924622624529503e-07,4.082240392577815e-15,0.0,0.0,1.3877787807814457e-13,4269140.5190625,resolved
C,lambda_1.772983346207417,yoshida4,controlled_q0.010_phi0.000000000000,1,0.08,0.08,0.999999999999952,-1.0586908342684209e-07,0.9999999999999576,-1.0586908342684677e-07,-1.0586908342684677e-07,0,-1.323363542835526e-06,-1.3233635428355847e-06,4.082240392577815e-15,0.0,0.0,1.3877787807814457e-13,9535839.29342364,resolved
C,lambda_1.772983346207417,yoshida4,controlled_q0.010_phi1.570796326795,1,0.08,0.08,0.9999999999999524,-3.737361090050406e-08,0.999999999999953,-3.737361090050582e-08,-3.737361090050582e-08,0,-4.6717013625630077e-07,-4.6717013625632274e-07,4.082240392577815e-15,0.0,0.0,1.3877787807814457e-13,3366315.6025,resolved
C,lambda_1.772983346207417,yoshida4,controlled_q0.010_phi3.141592653590,1,0.08,0.08,0.9999999999999521,1.7144748544282866e-08,0.9999999999999523,1.7144748544283683e-08,1.7144748544283683e-08,0,2.1430935680353583e-07,2.1430935680354602e-07,4.082240392577815e-15,0.0,0.0,1.3877787807814457e-13,1544261.6631078634,resolved
C,lambda_1.772983346207417,yoshida4,controlled_q0.010_phi4.712388980385,1,0.08,0.08,0.9999999999999524,-5.135072397854934e-08,0.9999999999999537,-5.135072397855174e-08,-5.135072397855174e-08,0,-6.418840497318667e-07,-6.418840497318967e-07,4.082240392577815e-15,0.0,0.0,1.3877787807814457e-13,4625262.0275,resolved
C,lambda_1.772983346207417,yoshida4,controlled_q0.050_phi0.000000000000,1,0.08,0.08,0.9999999999999518,-1.754673068316969e-07,0.9999999999999672,-1.7546730683170355e-07,-1.7546730683170355e-07,0,-2.193341335396211e-06,-2.1933413353962945e-06,4.082240392577815e-15,0.0,0.0,1.3877787807814457e-13,15804689.953258691,resolved
C,lambda_1.772983346207417,yoshida4,controlled_q0.050_phi1.570796326795,1,0.08,0.08,0.999999999999952,-2.543282816291903e-08,0.9999999999999524,-2.5432828162920244e-08,-2.5432828162920244e-08,0,-3.179103520364879e-07,-3.1791035203650307e-07,4.082240392577815e-15,0.0,0.0,1.3877787807814457e-13,2290785.50875,resolved
C,lambda_1.772983346207417,yoshida4,controlled_q0.050_phi3.141592653590,1,0.08,0.08,0.9999999999999518,9.398577479669364e-08,0.9999999999999563,9.398577479669789e-08,9.398577479669789e-08,0,1.1748221849586704e-06,1.1748221849587235e-06,4.082240392577815e-15,0.0,0.0,1.3877787807814457e-13,8465486.007050335,resolved
C,lambda_1.772983346207417,yoshida4,controlled_q0.050_phi4.712388980385,1,0.08,0.08,0.9999999999999521,-5.604870387254657e-08,0.9999999999999537,-5.604870387254919e-08,-5.604870387254919e-08,0,-7.006087984068321e-07,-7.006087984068648e-07,4.082240392577815e-15,0.0,0.0,1.3877787807814457e-13,5048418.4375,resolved
C,lambda_1.772983346207417,yoshida4,controlled_q0.001_phi0.000000000000,1,0.12,0.12,0.9999999999971763,-4.764939169074018e-07,0.9999999999972898,-4.764939169087112e-07,-4.764939169087112e-07,0,-3.9707826408950155e-06,-3.970782640905927e-06,3.1401849173675502e-15,0.0,0.0,9.251858538542972e-14,42918756.53256966,resolved
C,lambda_1.772983346207417,yoshida4,controlled_q0.001_phi1.570796326795,1,0.12,0.12,0.9999999999971763,-3.0469565498458806e-07,0.9999999999972227,-3.04695654985439e-07,-3.04695654985439e-07,0,-2.5391304582049008e-06,-2.5391304582119917e-06,3.1401849173675502e-15,0.0,0.0,9.251858538542972e-14,27444544.765,resolved
C,lambda_1.772983346207417,yoshida4,controlled_q0.001_phi3.141592653590,1,0.12,0.12,0.9999999999971757,-1.8316108569177075e-07,0.9999999999971925,-1.83161085692286e-07,-1.83161085692286e-07,0,-1.5263423807647563e-06,-1.5263423807690501e-06,3.1401849173675502e-15,0.0,0.0,9.251858538542972e-14,16497683.945404684,resolved
C,lambda_1.772983346207417,yoshida4,controlled_q0.001_phi4.712388980385,1,0.12,0.12,0.9999999999971763,-3.549593476145224e-07,0.9999999999972392,-3.5495934761550984e-07,-3.5495934761550984e-07,0,-2.9579945634543537e-06,-2.9579945634625822e-06,3.1401849173675502e-15,0.0,0.0,9.251858538542972e-14,31971895.71296875,resolved
C,lambda_1.772983346207417,yoshida4,controlled_q0.010_phi0.000000000000,1,0.12,0.12,0.9999999999971758,-7.85584722696738e-07,0.9999999999974843,-7.85584722698795e-07,-7.85584722698795e-07,0,-6.54653935580615e-06,-6.546539355823292e-06,3.1401849173675502e-15,0.0,0.0,9.251858538542972e-14,70759181.28809966,resolved
C,lambda_1.772983346207417,yoshida4,controlled_q0.010_phi1.570796326795,1,0.12,0.12,0.9999999999971761,-2.4476363288949976e-07,0.9999999999972061,-2.4476363289018607e-07,-2.4476363289018607e-07,0,-2.0396969407458316e-06,-2.0396969407515508e-06,3.1401849173675502e-15,0.0,0.0,9.251858538542972e-14,22046348.117500003,resolved
C,lambda_1.772983346207417,yoshida4,controlled_q0.010_phi3.141592653590,1,0.12,0.12,0.9999999999971761,1.3782730531478505e-07,0.9999999999971857,1.378273053151734e-07,1.378273053151734e-07,0,1.148560877623209e-06,1.148560877626445e-06,3.1401849173675502e-15,0.0,0.0,9.251858538542972e-14,12414380.017142912,resolved
C,lambda_1.772983346207417,yoshida4,controlled_q0.010_phi4.712388980385,1,0.12,0.12,0.9999999999971761,-4.029937844887699e-07,0.9999999999972573,-4.0299378448988606e-07,-4.0299378448988606e-07,0,-3.3582815374064157e-06,-3.3582815374157174e-06,3.1401849173675502e-15,0.0,0.0,9.251858538542972e-14,36298453.153124996,resolved
C,lambda_1.772983346207417,yoshida4,controlled_q0.050_phi0.000000000000,1,0.12,0.12,0.9999999999971758,-1.3087739355793244e-06,0.9999999999980322,-1.3087739355822734e-06,-1.3087739355822734e-06,0,-1.0906449463161038e-05,-1.0906449463185612e-05,3.1401849173675502e-15,0.0,0.0,9.251858538542972e-14,117883876.17174527,resolved
C,lambda_1.772983346207417,yoshida4,controlled_q0.050_phi1.570796326795,1,0.12,0.12,0.999999999997176,-1.2414366337698546e-07,0.9999999999971837,-1.241436633773354e-07,-1.241436633773354e-07,0,-1.0345305281415456e-06,-1.0345305281444617e-06,3.1401849173675502e-15,0.0,0.0,9.251858538542972e-14,11181867.1225,resolved
C,lambda_1.772983346207417,yoshida4,controlled_q0.050_phi3.141592653590,1,0.12,0.12,0.9999999999971758,7.138946747183479e-07,0.9999999999974306,7.138946747202428e-07,7.138946747202428e-07,0,5.949122289319566e-06,5.949122289335357e-06,3.1401849173675502e-15,0.0,0.0,9.251858538542972e-14,64301915.82086666,resolved
C,lambda_1.772983346207417,yoshida4,controlled_q0.050_phi4.712388980385,1,0.12,0.12,0.999999999997176,-4.7073559747423666e-07,0.9999999999972868,-4.7073559747553124e-07,-4.7073559747553124e-07,0,-3.922796645618639e-06,-3.922796645629427e-06,3.1401849173675502e-15,0.0,0.0,9.251858538542972e-14,42400093.22750001,resolved
C,lambda_1.772983346207417,yoshida4,controlled_q0.001_phi0.000000000000,1,0.18,0.18,0.9999999998401419,-3.3669151847436313e-06,0.9999999998458099,-3.3669151852691373e-06,-3.3669151852691373e-06,0,-1.870508435968684e-05,-1.870508436260632e-05,4.082240392577815e-15,0.0,0.0,6.167905692361981e-14,303264759.42798966,resolved
C,lambda_1.772983346207417,yoshida4,controlled_q0.001_phi1.570796326795,1,0.18,0.18,0.9999999998401418,-1.9997154499171166e-06,0.9999999998421412,-1.999715450234122e-06,-1.999715450234122e-06,0,-1.1109530277317314e-05,-1.1109530279078457e-05,4.082240392577815e-15,0.0,0.0,6.167905692361981e-14,180118355.101875,resolved
C,lambda_1.772983346207417,yoshida4,controlled_q0.001_phi3.141592653590,1,0.18,0.18,0.9999999998401413,-1.1971069079523641e-06,0.9999999998408579,-1.1971069081431602e-06,-1.1971069081431602e-06,0,-6.65059393306869e-06,-6.650593934128668e-06,4.082240392577815e-15,0.0,0.0,6.167905692361981e-14,107825804.49153829,resolved
C,lambda_1.772983346207417,yoshida4,controlled_q0.001_phi4.712388980385,1,0.18,0.18,0.9999999998401419,-2.5643066427806505e-06,0.9999999998434297,-2.564306643184955e-06,-2.564306643184955e-06,0,-1.4246148015448058e-05,-1.4246148017694195e-05,4.082240392577815e-15,0.0,0.0,6.167905692361981e-14,230972208.8178125,resolved
C,lambda_1.772983346207417,yoshida4,controlled_q0.010_phi0.000000000000,1,0.18,0.18,0.9999999998401414,-5.6561317765257805e-06,0.9999999998561373,-5.656131777369645e-06,-5.656131777369645e-06,0,-3.142295431403211e-05,-3.142295431872025e-05,4.082240392577815e-15,0.0,0.0,6.167905692361981e-14,509459059.2223985,resolved
C,lambda_1.772983346207417,yoshida4,controlled_q0.010_phi1.570796326795,1,0.18,0.18,0.9999999998401418,-1.3521857279222282e-06,0.9999999998410559,-1.3521857281375622e-06,-1.3521857281375622e-06,0,-7.512142932901268e-06,-7.512142934097569e-06,4.082240392577815e-15,0.0,0.0,6.167905692361981e-14,121794062.808125,resolved
C,lambda_1.772983346207417,yoshida4,controlled_q0.010_phi3.141592653590,1,0.18,0.18,0.9999999998401418,1.1744267155617755e-06,0.9999999998408314,1.1744267157489774e-06,1.1744267157489774e-06,0,6.524592864232087e-06,6.524592865272097e-06,4.082240392577815e-15,0.0,0.0,6.167905692361981e-14,105782954.37155937,resolved
C,lambda_1.772983346207417,yoshida4,controlled_q0.010_phi4.712388980385,1,0.18,0.18,0.9999999998401417,-3.129519333025521e-06,0.9999999998450386,-3.1295193335155843e-06,-3.1295193335155843e-06,0,-1.738621851680845e-05,-1.7386218519531025e-05,4.082240392577815e-15,0.0,0.0,6.167905692361981e-14,281882042.04125,resolved
C,lambda_1.772983346207417,yoshida4,controlled_q0.050_phi0.000000000000,1,0.18,0.18,0.9999999998401413,-9.53885295996179e-06,0.9999999998856361,-9.538852961197347e-06,-9.538852961197347e-06,0,-5.299362755534328e-05,-5.299362756220749e-05,4.082240392577815e-15,0.0,0.0,6.167905692361981e-14,859183492.7205175,resolved
C,lambda_1.772983346207417,yoshida4,controlled_q0.050_phi1.570796326795,1,0.18,0.18,0.9999999998401417,-1.1136413716195115e-07,0.9999999998401479,-1.1136413717975317e-07,-1.1136413717975317e-07,0,-6.186896508997286e-07,-6.186896509986288e-07,4.082240392577815e-15,0.0,0.0,6.167905692361981e-14,10030789.7325,resolved
C,lambda_1.772983346207417,yoshida4,controlled_q0.050_phi3.141592653590,1,0.18,0.18,0.9999999998401413,5.423001373362197e-06,0.9999999998548458,5.423001374175949e-06,5.423001374175949e-06,0,3.012778540756776e-05,3.0127785412088605e-05,4.082240392577815e-15,0.0,0.0,6.167905692361981e-14,488460539.28607357,resolved
C,lambda_1.772983346207417,yoshida4,controlled_q0.050_phi4.712388980385,1,0.18,0.18,0.9999999998401414,-4.004487449429939e-06,0.9999999998481593,-4.004487450048685e-06,-4.004487450048685e-06,0,-2.2247152496832994e-05,-2.2247152500270474e-05,4.082240392577815e-15,0.0,0.0,6.167905692361981e-14,360692163.70125,resolved
C,lambda_1.772983346207417,yoshida4,controlled_q0.001_phi0.000000000000,1,0.27,0.27,0.9999999911660487,-2.1414460314243664e-05,0.9999999913953382,-2.1414460500144556e-05,-2.1414460500144556e-05,0,-7.931281597868023e-05,-7.931281666720206e-05,5.0242958677880805e-15,0.0,0.0,4.11193712824132e-14,1928843109.8313608,resolved
C,lambda_1.772983346207417,yoshida4,controlled_q0.001_phi1.570796326795,1,0.27,0.27,0.9999999911660485,-1.054426616300605e-05,0.9999999912216393,-1.054426625576281e-05,-1.054426625576281e-05,0,-3.9052837640763146e-05,-3.90528379843067e-05,5.0242958677880805e-15,0.0,0.0,4.11193712824132e-14,949743063.2521876,resolved
C,lambda_1.772983346207417,yoshida4,controlled_q0.001_phi3.141592653590,1,0.27,0.27,0.999999991166048,-5.9027310909497265e-06,0.999999991183469,-5.902731143025615e-06,-5.902731143025615e-06,0,-2.1861967003517506e-05,-2.1861967196391167e-05,5.0242958677880805e-15,0.0,0.0,4.11193712824132e-14,531670750.8333887,resolved
C,lambda_1.772983346207417,yoshida4,controlled_q0.001_phi4.712388980385,1,0.27,0.27,0.9999999911660484,-1.6772925242183184e-05,0.9999999913067139,-1.677292538878148e-05,-1.677292538878148e-05,0,-6.21219453414192e-05,-6.212194588437585e-05,5.0242958677880805e-15,0.0,0.0,4.11193712824132e-14,1510770797.4121876,resolved
C,lambda_1.772983346207417,yoshida4,controlled_q0.010_phi0.000000000000,1,0.27,0.27,0.999999991166048,-3.782771736282966e-05,0.9999999918815161,-3.782771767895489e-05,-3.782771767895489e-05,0,-0.00014010265689936912,-0.00014010265807020328,5.0242958677880805e-15,0.0,0.0,4.11193712824132e-14,3407217876.3903227,resolved
C,lambda_1.772983346207417,yoshida4,controlled_q0.010_phi1.570796326795,1,0.27,0.27,0.9999999911660485,-3.6083359711489016e-06,0.9999999911725586,-3.6083360030091065e-06,-3.6083360030091065e-06,0,-1.3364207300551487e-05,-1.3364207418552246e-05,5.0242958677880805e-15,0.0,0.0,4.11193712824132e-14,325010010.70187503,resolved
C,lambda_1.772983346207417,yoshida4,controlled_q0.010_phi3.141592653590,1,0.27,0.27,0.9999999911660485,1.1003220792599679e-05,0.999999991226584,1.1003220889357542e-05,1.1003220889357542e-05,0,4.075266960222103e-05,4.075266996058348e-05,5.0242958677880805e-15,0.0,0.0,4.11193712824132e-14,991082021.2285441,resolved
C,lambda_1.772983346207417,yoshida4,controlled_q0.010_phi4.712388980385,1,0.27,0.27,0.9999999911660484,-2.3216160599089097e-05,0.9999999914355435,-2.3216160800008443e-05,-2.3216160800008443e-05,0,-8.598577999662629e-05,-8.598578074077201e-05,5.0242958677880805e-15,0.0,0.0,4.11193712824132e-14,2091125844.4606252,resolved
C,lambda_1.772983346207417,yoshida4,controlled_q0.050_phi0.000000000000,1,0.27,0.27,0.9999999911660481,-6.57977257006639e-05,0.9999999933307184,-6.579772618696426e-05,-6.579772618696426e-05,0,-0.00024369528037282925,-0.0002436952821739417,5.0242958677880805e-15,0.0,0.0,4.11193712824132e-14,5926532258.946721,resolved
C,lambda_1.772983346207417,yoshida4,controlled_q0.050_phi1.570796326795,1,0.27,0.27,0.9999999911660484,9.157404301060601e-06,0.9999999912079774,9.157404381700694e-06,9.157404381700694e-06,0,3.391631222615037e-05,3.3916312524817384e-05,5.0242958677880805e-15,0.0,0.0,4.11193712824132e-14,824825651.95875,resolved
C,lambda_1.772983346207417,yoshida4,controlled_q0.050_phi3.141592653590,1,0.27,0.27,0.9999999911660481,4.1162983952493535e-05,0.9999999920132437,4.1162984292876626e-05,4.1162984292876626e-05,0,0.00015245549612034643,0.00015245549738102454,5.0242958677880805e-15,0.0,0.0,4.11193712824132e-14,3707631983.7981524,resolved
C,lambda_1.772983346207417,yoshida4,controlled_q0.050_phi4.712388980385,1,0.27,0.27,0.9999999911660483,-3.379214604924685e-05,0.9999999917370029,-3.379214633490252e-05,-3.379214633490252e-05,0,-0.00012515609647869203,-0.000125156097536676,5.0242958677880805e-15,0.0,0.0,4.11193712824132e-14,3043725927.10875,resolved
C,lambda_1.772983346207417,yoshida4,controlled_q0.001_phi0.000000000000,1,0.4,0.4,0.9999995894433263,-9.374115845015149e-05,0.9999995938370305,-9.374119666164465e-05,-9.374119666164465e-05,0,-0.00023435289612537872,-0.00023435299165411162,3.76822190084106e-15,0.0,0.0,2.7755575615628914e-14,8443452925.307617,resolved
C,lambda_1.772983346207417,yoshida4,controlled_q0.001_phi1.570796326795,1,0.4,0.4,0.9999995894433262,-1.4780222631963907e-05,0.9999995895525537,-1.4780228699009167e-05,-1.4780228699009167e-05,0,-3.695055657990977e-05,-3.695057174752291e-05,3.76822190084106e-15,0.0,0.0,2.7755575615628914e-14,1331284102.7553124,resolved
C,lambda_1.772983346207417,yoshida4,controlled_q0.001_phi3.141592653590,1,0.4,0.4,0.9999995894433257,2.853160996380558e-06,0.999999589447396,2.853162167757587e-06,2.853162167757587e-06,0,7.1329024909513945e-06,7.132905419393967e-06,3.76822190084106e-15,0.0,0.0,2.7755575615628914e-14,256989896.00255027,resolved
C,lambda_1.772983346207417,yoshida4,controlled_q0.001_phi4.712388980385,1,0.4,0.4,0.9999995894433262,-7.610777482180628e-05,0.9999995923395241,-7.610780592142508e-05,-7.610780592142508e-05,0,-0.0001902694370545157,-0.00019026951480356267,3.76822190084106e-15,0.0,0.0,2.7755575615628914e-14,6855178926.549687,resolved
C,lambda_1.772983346207417,yoshida4,controlled_q0.010_phi0.000000000000,1,0.4,0.4,0.9999995894433258,-0.00019666387163158621,0.9999996087816727,-0.00019666394983784626,-0.00019666394983784626,0,-0.0004916596790789655,-0.0004916598745946156,3.76822190084106e-15,0.0,0.0,2.7755575615628914e-14,17713906779.94501,resolved
C,lambda_1.772983346207417,yoshida4,controlled_q0.010_phi1.570796326795,1,0.4,0.4,0.9999995894433262,5.190522844288059e-05,0.9999995907904031,5.190524970631368e-05,5.190524970631368e-05,0,0.00012976307110720148,0.0001297631242657842,3.76822190084106e-15,0.0,0.0,2.7755575615628914e-14,4675207349.47875,resolved
C,lambda_1.772983346207417,yoshida4,controlled_q0.010_phi3.141592653590,1,0.4,0.4,0.999999589443326,0.00010741513665694153,0.9999995952123342,0.00010741518034384134,0.00010741518034384134,0,0.0002685378416423538,0.00026853795085960336,3.76822190084106e-15,0.0,0.0,2.7755575615628914e-14,9675095388.443054,resolved
C,lambda_1.772983346207417,yoshida4,controlled_q0.010_phi4.712388980385,1,0.4,0.4,0.9999995894433261,-0.0001411539634175174,0.9999995994055508,-0.00014115402043177048,-0.00014115402043177048,0,-0.0003528849085437935,-0.00035288505107942616,3.76822190084106e-15,0.0,0.0,2.7755575615628914e-14,12714018740.98,resolved
C,lambda_1.772983346207417,yoshida4,controlled_q0.050_phi0.000000000000,1,0.4,0.4,0.9999995894433258,-0.0003740133216142618,0.9999996593863344,-0.00037401345772823213,-0.00037401345772823213,0,-0.0009350333040356544,-0.0009350336443205803,3.76822190084106e-15,0.0,0.0,2.7755575615628914e-14,33688125117.071815,resolved
C,lambda_1.772983346207417,yoshida4,controlled_q0.050_phi1.570796326795,1,0.4,0.4,0.999999589443326,0.00017045967739272305,0.9999996039715827,0.00017045974572512068,0.00017045974572512068,0,0.00042614919348180763,0.0004261493643128017,3.76822190084106e-15,0.0,0.0,2.7755575615628914e-14,15353642791.75125,resolved
C,lambda_1.772983346207417,yoshida4,controlled_q0.050_phi3.141592653590,1,0.4,0.4,0.9999995894433257,0.00029205019765795557,0.9999996320900012,0.0002920503092578428,0.0002920503092578428,0,0.0007301254941448888,0.0007301257731446069,3.76822190084106e-15,0.0,0.0,2.7755575615628914e-14,26305543226.916965,resolved
C,lambda_1.772983346207417,yoshida4,controlled_q0.050_phi4.712388980385,1,0.4,0.4,0.999999589443326,-0.0002524228013490448,0.999999621301974,-0.0002524228996217161,-0.0002524228996217161,0,-0.0006310570033726121,-0.0006310572490542902,3.76822190084106e-15,0.0,0.0,2.7755575615628914e-14,22736224681.9075,resolved
C,lambda_1.842983346207417,yoshida4,controlled_q0.001_phi0.000000000000,-1,0.05,-0.05,1.0000000000000009,3.9802226463085615e-09,1.0000000000000009,3.980222646308558e-09,3.980222646308558e-09,0,-7.960445292617122e-08,-7.960445292617116e-08,2.826166425630795e-15,0.0,0.0,2.220446049250313e-13,358506.58453533694,resolved
C,lambda_1.842983346207417,yoshida4,controlled_q0.001_phi1.570796326795,-1,0.05,-0.05,1.0000000000000009,1.7029009018870722e-09,1.0000000000000009,1.7029009018870708e-09,1.7029009018870708e-09,0,-3.4058018037741444e-08,-3.405801803774141e-08,2.826166425630795e-15,0.0,0.0,2.220446049250313e-13,153383.67734375,resolved
C,lambda_1.842983346207417,yoshida4,controlled_q0.001_phi3.141592653590,-1,0.05,-0.05,1.0000000000000004,-9.21611722482494e-10,1.0000000000000004,-9.216117224824936e-10,-9.216117224824936e-10,0,1.843223444964988e-08,1.843223444964987e-08,2.826166425630795e-15,0.0,0.0,2.220446049250313e-13,83011.40419904882,resolved
C,lambda_1.842983346207417,yoshida4,controlled_q0.001_phi4.712388980385,-1,0.05,-0.05,1.0000000000000009,1.3557100234096175e-09,1.0000000000000009,1.3557100234096163e-09,1.3557100234096163e-09,0,-2.711420046819235e-08,-2.7114200468192324e-08,2.826166425630795e-15,0.0,0.0,2.220446049250313e-13,122111.503125,resolved
C,lambda_1.842983346207417,yoshida4,controlled_q0.010_phi0.000000000000,-1,0.05,-0.05,1.0000000000000004,9.217212395367488e-09,1.0000000000000004,9.217212395367483e-09,9.217212395367483e-09,0,-1.8434424790734976e-07,-1.8434424790734966e-07,2.826166425630795e-15,0.0,0.0,2.220446049250313e-13,830212.6861834347,resolved
C,lambda_1.842983346207417,yoshida4,controlled_q0.010_phi1.570796326795,-1,0.05,-0.05,1.0000000000000009,2.0482014001510507e-09,1.0000000000000009,2.048201400151049e-09,2.048201400151049e-09,0,-4.0964028003021014e-08,-4.096402800302098e-08,2.826166425630795e-15,0.0,0.0,2.220446049250313e-13,184485.58125,resolved
C,lambda_1.842983346207417,yoshida4,controlled_q0.010_phi3.141592653590,-1,0.05,-0.05,1.0000000000000009,-6.213766798824854e-09,1.0000000000000009,-6.213766798824848e-09,-6.213766798824848e-09,0,1.2427533597649708e-07,1.2427533597649695e-07,2.826166425630795e-15,0.0,0.0,2.220446049250313e-13,559686.3567950955,resolved
C,lambda_1.842983346207417,yoshida4,controlled_q0.010_phi4.712388980385,-1,0.05,-0.05,1.0000000000000009,9.552441823656999e-10,1.0000000000000009,9.55244182365699e-10,9.55244182365699e-10,0,-1.9104883647313997e-08,-1.910488364731398e-08,2.826166425630795e-15,0.0,0.0,2.220446049250313e-13,86040.746875,resolved
C,lambda_1.842983346207417,yoshida4,controlled_q0.050_phi0.000000000000,-1,0.05,-0.05,1.0000000000000004,1.827936639079814e-08,1.0000000000000007,1.827936639079813e-08,1.827936639079813e-08,0,-3.655873278159628e-07,-3.655873278159626e-07,2.826166425630795e-15,0.0,0.0,2.220446049250313e-13,1646458.9533233454,resolved
C,lambda_1.842983346207417,yoshida4,controlled_q0.050_phi1.570796326795,-1,0.05,-0.05,1.0000000000000007,2.576155816447212e-09,1.0000000000000007,2.5761558164472104e-09,2.5761558164472104e-09,0,-5.152311632894424e-08,-5.152311632894421e-08,2.826166425630795e-15,0.0,0.0,2.220446049250313e-13,232039.4875,resolved
C,lambda_1.842983346207417,yoshida4,controlled_q0.050_phi3.141592653590,-1,0.05,-0.05,1.0000000000000004,-1.552110002662634e-08,1.0000000000000007,-1.5521100026626334e-08,-1.5521100026626334e-08,0,3.104220005325268e-07,3.1042200053252665e-07,2.826166425630795e-15,0.0,0.0,2.220446049250313e-13,1398016.4059258916,resolved
C,lambda_1.842983346207417,yoshida4,controlled_q0.050_phi4.712388980385,-1,0.05,-0.05,1.0000000000000007,1.8211052110750359e-10,1.0000000000000007,1.8211052110750346e-10,1.8211052110750346e-10,0,-3.6422104221500717e-09,-3.642210422150069e-09,2.826166425630795e-15,0.0,0.0,2.220446049250313e-13,16403.0575,resolved
C,lambda_1.842983346207417,yoshida4,controlled_q0.001_phi0.000000000000,-1,0.08,-0.08,0.999999999999919,4.043688509568915e-08,0.9999999999999197,4.043688509569241e-08,4.043688509569241e-08,0,-5.054610636961144e-07,-5.054610636961551e-07,4.082240392577815e-15,0.0,0.0,1.3877787807814457e-13,3642230.812979385,resolved
C,lambda_1.842983346207417,yoshida4,controlled_q0.001_phi1.570796326795,-1,0.08,-0.08,0.999999999999919,1.77940567801238e-08,0.9999999999999191,1.779405678012524e-08,1.779405678012524e-08,0,-2.2242570975154752e-07,-2.2242570975156552e-07,4.082240392577815e-15,0.0,0.0,1.3877787807814457e-13,1602746.1496875,resolved
C,lambda_1.842983346207417,yoshida4,controlled_q0.001_phi3.141592653590,-1,0.08,-0.08,0.9999999999999184,-1.0653813591454552e-08,0.9999999999999185,-1.065381359145542e-08,-1.065381359145542e-08,0,1.3317266989318188e-07,1.3317266989319276e-07,4.082240392577815e-15,0.0,0.0,1.3877787807814457e-13,959610.2184109888,resolved
C,lambda_1.842983346207417,yoshida4,controlled_q0.001_phi4.712388980385,-1,0.08,-0.08,0.9999999999999188,1.1989014725433123e-08,0.999999999999919,1.1989014725434095e-08,1.1989014725434095e-08,0,-1.4986268406791403e-07,-1.4986268406792618e-07,4.082240392577815e-15,0.0,0.0,1.3877787807814457e-13,1079874.445,resolved
C,lambda_1.842983346207417,yoshida4,controlled_q0.010_phi0.000000000000,-1,0.08,-0.08,0.9999999999999185,9.503973465134347e-08,0.9999999999999231,9.503973465135093e-08,9.503973465135093e-08,0,-1.1879966831417934e-06,-1.1879966831418865e-06,4.082240392577815e-15,0.0,0.0,1.3877787807814457e-13,8560418.271223625,resolved
C,lambda_1.842983346207417,yoshida4,controlled_q0.010_phi1.570796326795,-1,0.08,-0.08,0.999999999999919,2.376008986781919e-08,0.9999999999999193,2.3760089867821112e-08,2.3760089867821112e-08,0,-2.9700112334773987e-07,-2.970011233477639e-07,4.082240392577815e-15,0.0,0.0,1.3877787807814457e-13,2140118.6375,resolved
C,lambda_1.842983346207417,yoshida4,controlled_q0.010_phi3.141592653590,-1,0.08,-0.08,0.9999999999999188,-6.579383277343772e-08,0.999999999999921,-6.579383277344296e-08,-6.579383277344296e-08,0,8.224229096679715e-07,8.22422909668037e-07,4.082240392577815e-15,0.0,0.0,1.3877787807814457e-13,5926181.615234617,resolved
C,lambda_1.842983346207417,yoshida4,controlled_q0.010_phi4.712388980385,-1,0.08,-0.08,0.9999999999999188,5.485812019923042e-09,0.9999999999999188,5.485812019923487e-09,5.485812019923487e-09,0,-6.857265024903803e-08,-6.857265024904358e-08,4.082240392577815e-15,0.0,0.0,1.3877787807814457e-13,494118.019375,resolved
C,lambda_1.842983346207417,yoshida4,controlled_q0.050_phi0.000000000000,-1,0.08,-0.08,0.9999999999999186,1.8957650669114798e-07,0.9999999999999366,1.8957650669116114e-07,1.8957650669116114e-07,0,-2.3697063336393497e-06,-2.369706333639514e-06,4.082240392577815e-15,0.0,0.0,1.3877787807814457e-13,17075533.697849087,resolved
C,lambda_1.842983346207417,yoshida4,controlled_q0.050_phi1.570796326795,-1,0.08,-0.08,0.9999999999999188,3.344349597256269e-08,0.9999999999999194,3.344349597256539e-08,3.344349597256539e-08,0,-4.180436996570336e-07,-4.180436996570673e-07,4.082240392577815e-15,0.0,0.0,1.3877787807814457e-13,3012322.32,resolved
C,lambda_1.842983346207417,yoshida4,controlled_q0.050_phi3.141592653590,-1,0.08,-0.08,0.9999999999999185,-1.62718025374704e-07,0.9999999999999317,-1.6271802537471583e-07,-1.6271802537471583e-07,0,2.0339753171838e-06,2.033975317183948e-06,4.082240392577815e-15,0.0,0.0,1.3877787807814457e-13,14656336.768879596,resolved
C,lambda_1.842983346207417,yoshida4,controlled_q0.050_phi4.712388980385,-1,0.08,-0.08,0.9999999999999186,-6.5850146585555436e-09,0.9999999999999186,-6.58501465855608e-09,-6.58501465855608e-09,0,8.23126832319443e-08,8.231268323195099e-08,4.082240392577815e-15,0.0,0.0,1.3877787807814457e-13,593125.39125,resolved
C,lambda_1.842983346207417,yoshida4,controlled_q0.001_phi0.000000000000,-1,0.12,-0.12,0.9999999999952693,2.8700061943128216e-07,0.9999999999953105,2.8700061943263196e-07,2.8700061943263196e-07,0,-2.391671828594018e-06,-2.3916718286052667e-06,4.710277376051325e-15,0.0,0.0,9.251858538542972e-14,25850717.654516477,resolved
C,lambda_1.842983346207417,yoshida4,controlled_q0.001_phi1.570796326795,-1,0.12,-0.12,0.9999999999952693,1.2823895360544735e-07,0.9999999999952776,1.282389536060533e-07,1.282389536060533e-07,0,-1.0686579467120614e-06,-1.0686579467171107e-06,4.710277376051325e-15,0.0,0.0,9.251858538542972e-14,11550738.0734375,resolved
C,lambda_1.842983346207417,yoshida4,controlled_q0.001_phi3.141592653590,-1,0.12,-0.12,0.999999999995269,-9.618261146145665e-08,0.9999999999952737,-9.618261146191139e-08,-9.618261146191139e-08,0,8.015217621788055e-07,8.015217621825949e-07,4.710277376051325e-15,0.0,0.0,9.251858538542972e-14,8663359.462746749,resolved
C,lambda_1.842983346207417,yoshida4,controlled_q0.001_phi4.712388980385,-1,0.12,-0.12,0.9999999999952693,6.257905436554689e-08,0.9999999999952713,6.257905436584285e-08,6.257905436584285e-08,0,-5.214921197128908e-07,-5.214921197153571e-07,4.710277376051325e-15,0.0,0.0,9.251858538542972e-14,5636620.1184375,resolved
C,lambda_1.842983346207417,yoshida4,controlled_q0.010_phi0.000000000000,-1,0.12,-0.12,0.9999999999952689,6.968187855735983e-07,0.9999999999955117,6.968187855767822e-07,6.968187855767822e-07,0,-5.80682321311332e-06,-5.806823213139852e-06,4.710277376051325e-15,0.0,0.0,9.251858538542972e-14,62763856.46108038,resolved
C,lambda_1.842983346207417,yoshida4,controlled_q0.010_phi1.570796326795,-1,0.12,-0.12,0.9999999999952695,1.9703691254285838e-07,0.9999999999952889,1.9703691254378792e-07,1.9703691254378792e-07,0,-1.6419742711904866e-06,-1.6419742711982327e-06,4.710277376051325e-15,0.0,0.0,9.251858538542972e-14,17747507.318125,resolved
C,lambda_1.842983346207417,yoshida4,controlled_q0.010_phi3.141592653590,-1,0.12,-0.12,0.9999999999952692,-5.094423849619459e-07,0.999999999995399,-5.094423849643119e-07,-5.094423849643119e-07,0,4.245353208016216e-06,4.2453532080359325e-06,4.710277376051325e-15,0.0,0.0,9.251858538542972e-14,45886490.70162713,resolved
C,lambda_1.842983346207417,yoshida4,controlled_q0.010_phi4.712388980385,-1,0.12,-0.12,0.9999999999952695,-9.66051192513584e-09,0.9999999999952695,-9.660511925181538e-09,-9.660511925181538e-09,0,8.050426604279867e-08,8.050426604317949e-08,4.710277376051325e-15,0.0,0.0,9.251858538542972e-14,870141.5581250001,resolved
C,lambda_1.842983346207417,yoshida4,controlled_q0.050_phi0.000000000000,-1,0.12,-0.12,0.9999999999952689,1.4071549904818045e-06,0.999999999996259,1.4071549904875332e-06,1.4071549904875332e-06,0,-1.172629158734837e-05,-1.172629158739611e-05,4.710277376051325e-15,0.0,0.0,9.251858538542972e-14,126745253.81572776,resolved
C,lambda_1.842983346207417,yoshida4,controlled_q0.050_phi1.570796326795,-1,0.12,-0.12,0.9999999999952692,3.1241821436822637e-07,0.9999999999953181,3.1241821436969417e-07,3.1241821436969417e-07,0,-2.60348511973522e-06,-2.6034851197474516e-06,4.710277376051325e-15,0.0,0.0,9.251858538542972e-14,28140131.07625,resolved
C,lambda_1.842983346207417,yoshida4,controlled_q0.050_phi3.141592653590,-1,0.12,-0.12,0.9999999999952689,-1.2350746225731443e-06,0.9999999999960316,-1.2350746225783595e-06,-1.2350746225783595e-06,0,1.029228852144287e-05,1.0292288521486329e-05,4.710277376051325e-15,0.0,0.0,9.251858538542972e-14,111245632.19990337,resolved
C,lambda_1.842983346207417,yoshida4,controlled_q0.050_phi4.712388980385,-1,0.12,-0.12,0.9999999999952693,-1.4033784644096325e-07,0.9999999999952792,-1.4033784644162622e-07,-1.4033784644162622e-07,0,1.169482053674694e-06,1.1694820536802185e-06,4.710277376051325e-15,0.0,0.0,9.251858538542972e-14,12640509.45875,resolved
C,lambda_1.842983346207417,yoshida4,controlled_q0.001_phi0.000000000000,-1,0.18,-0.18,0.999999999732633,1.8426225724691301e-06,0.9999999997343306,1.8426225729597013e-06,1.8426225729597013e-06,0,-1.0236792069272946e-05,-1.023679207199834e-05,5.338314359524835e-15,0.0,0.0,6.167905692361981e-14,165968686.61512882,resolved
C,lambda_1.842983346207417,yoshida4,controlled_q0.001_phi1.570796326795,-1,0.18,-0.18,0.9999999997326329,7.962285179588524e-07,0.9999999997329498,7.962285181715695e-07,7.962285181715695e-07,0,-4.423491766438069e-06,-4.42349176761983e-06,5.338314359524835e-15,0.0,0.0,6.167905692361981e-14,71717889.135625,resolved
C,lambda_1.842983346207417,yoshida4,controlled_q0.001_phi3.141592653590,-1,0.18,-0.18,0.9999999997326325,-9.862464982402485e-07,0.9999999997331189,-9.86246498503619e-07,-9.86246498503619e-07,0,5.479147212445825e-06,5.479147213908995e-06,5.338314359524835e-15,0.0,0.0,6.167905692361981e-14,88833187.2394048,resolved
C,lambda_1.842983346207417,yoshida4,controlled_q0.001_phi4.712388980385,-1,0.18,-0.18,0.9999999997326328,6.014755627239965e-08,0.9999999997326345,6.014755628848106e-08,6.014755628848106e-08,0,-3.3415309040222026e-07,-3.3415309049156143e-07,5.338314359524835e-15,0.0,0.0,6.167905692361981e-14,5417610.2403125,resolved
C,lambda_1.842983346207417,yoshida4,controlled_q0.010_phi0.000000000000,-1,0.18,-0.18,0.9999999997326325,4.873106451779142e-06,0.9999999997445062,4.873106453043478e-06,4.873106453043478e-06,0,-2.7072813620995234e-05,-2.7072813628019323e-05,5.338314359524835e-15,0.0,0.0,6.167905692361981e-14,438930408.0073861,resolved
C,lambda_1.842983346207417,yoshida4,controlled_q0.010_phi1.570796326795,-1,0.18,-0.18,0.9999999997326329,1.5790569859522319e-06,0.9999999997338795,1.5790569863731073e-06,1.5790569863731073e-06,0,-8.772538810845733e-06,-8.77253881318393e-06,5.338314359524835e-15,0.0,0.0,6.167905692361981e-14,142228809.070625,resolved
C,lambda_1.842983346207417,yoshida4,controlled_q0.010_phi3.141592653590,-1,0.18,-0.18,0.9999999997326329,-4.032176038207694e-06,0.9999999997407621,-4.032176039263913e-06,-4.032176039263913e-06,0,2.2400977990042746e-05,2.2400977995910628e-05,5.338314359524835e-15,0.0,0.0,6.167905692361981e-14,363186130.06328833,resolved
C,lambda_1.842983346207417,yoshida4,controlled_q0.010_phi4.712388980385,-1,0.18,-0.18,0.999999999732633,-7.381265723707675e-07,0.9999999997329054,-7.381265725679842e-07,-7.381265725679842e-07,0,4.100703179837597e-06,4.100703180933245e-06,5.338314359524835e-15,0.0,0.0,6.167905692361981e-14,66484531.125625,resolved
C,lambda_1.842983346207417,yoshida4,controlled_q0.050_phi0.000000000000,-1,0.18,-0.18,0.9999999997326325,1.013933662973641e-05,0.9999999997840356,1.0139336632099877e-05,1.0139336632099877e-05,0,-5.632964794298006e-05,-5.632964795611043e-05,5.338314359524835e-15,0.0,0.0,6.167905692361981e-14,913270253.3492985,resolved
C,lambda_1.842983346207417,yoshida4,controlled_q0.050_phi1.570796326795,-1,0.18,-0.18,0.9999999997326326,2.9239547057607895e-06,0.9999999997369075,2.9239547065342267e-06,2.9239547065342267e-06,0,-1.6244192809782164e-05,-1.6244192814079036e-05,5.338314359524835e-15,0.0,0.0,6.167905692361981e-14,263366426.46625,resolved
C,lambda_1.842983346207417,yoshida4,controlled_q0.050_phi3.141592653590,-1,0.18,-0.18,0.9999999997326326,-9.367053596864677e-06,0.9999999997765034,-9.36705359909516e-06,-9.36705359909516e-06,0,5.203918664924821e-05,5.203918666163978e-05,5.338314359524835e-15,0.0,0.0,6.167905692361981e-14,843709181.7679845,resolved
C,lambda_1.842983346207417,yoshida4,controlled_q0.050_phi4.712388980385,-1,0.18,-0.18,0.9999999997326328,-2.1516716728897656e-06,0.9999999997349476,-2.1516716734617318e-06,-2.1516716734617318e-06,0,1.1953731516054254e-05,1.1953731519231844e-05,5.338314359524835e-15,0.0,0.0,6.167905692361981e-14,193805354.88500002,resolved
C,lambda_1.842983346207417,yoshida4,controlled_q0.001_phi0.000000000000,-1,0.27,-0.27,0.9999999852754815,8.467766939331506e-06,0.999999985311333,8.46776706381291e-06,8.46776706381291e-06,0,-3.1362099775301874e-05,-3.136210023634411e-05,4.082240392577815e-15,0.0,0.0,4.11193712824132e-14,762708640.6526716,resolved
C,lambda_1.842983346207417,yoshida4,controlled_q0.001_phi1.570796326795,-1,0.27,-0.27,0.9999999852754815,2.443556902886196e-06,0.999999985278467,2.4435569388615317e-06,2.4435569388615317e-06,0,-9.050210751430355e-06,-9.05021088467234e-06,4.082240392577815e-15,0.0,0.0,4.11193712824132e-14,220096039.14593753,resolved
C,lambda_1.842983346207417,yoshida4,controlled_q0.001_phi3.141592653590,-1,0.27,-0.27,0.9999999852754811,-1.1664778311117326e-05,0.9999999853435146,-1.1664778482346514e-05,-1.1664778482346514e-05,0,4.320288263376787e-05,4.320288326795005e-05,4.082240392577815e-15,0.0,0.0,4.11193712824132e-14,1050669825.1061487,resolved
C,lambda_1.842983346207417,yoshida4,controlled_q0.001_phi4.712388980385,-1,0.27,-0.27,0.9999999852754815,-5.640568274669841e-06,0.9999999852913896,-5.640568357664674e-06,-5.640568357664674e-06,0,2.0890993609888297e-05,2.0890993917276568e-05,4.082240392577815e-15,0.0,0.0,4.11193712824132e-14,508057223.5992187,resolved
C,lambda_1.842983346207417,yoshida4,controlled_q0.010_phi0.000000000000,-1,0.27,-0.27,0.9999999852754811,3.011896075116381e-05,0.999999985729057,3.0118961185543537e-05,3.0118961185543537e-05,0,-0.00011155170648579188,-0.00011155170809460569,4.082240392577815e-15,0.0,0.0,4.11193712824132e-14,2712874808.314559,resolved
C,lambda_1.842983346207417,yoshida4,controlled_q0.010_phi1.570796326795,-1,0.27,-0.27,0.9999999852754814,1.1154741901650556e-05,0.9999999853376955,1.1154742065436107e-05,1.1154742065436107e-05,0,-4.131385889500205e-05,-4.131385950161521e-05,4.082240392577815e-15,0.0,0.0,4.11193712824132e-14,1004729829.43375,resolved
C,lambda_1.842983346207417,yoshida4,controlled_q0.010_phi3.141592653590,-1,0.27,-0.27,0.9999999852754814,-3.325831059520199e-05,0.999999985828539,-3.32583110726521e-05,-3.32583110726521e-05,0,0.00012317892813037772,0.00012317892989871146,4.082240392577815e-15,0.0,0.0,4.11193712824132e-14,2995642304.070478,resolved
C,lambda_1.842983346207417,yoshida4,controlled_q0.010_phi4.712388980385,-1,0.27,-0.27,0.9999999852754815,-1.4294091745678528e-05,0.999999985377642,-1.429409195517862e-05,-1.429409195517862e-05,0,5.29410805395501e-05,5.2941081315476366e-05,4.082240392577815e-15,0.0,0.0,4.11193712824132e-14,1287497325.18875,resolved
C,lambda_1.842983346207417,yoshida4,controlled_q0.050_phi0.000000000000,-1,0.27,-0.27,0.9999999852754811,6.797017265149869e-05,0.9999999875854533,6.797017354765399e-05,6.797017354765399e-05,0,-0.00025174138019073587,-0.00025174138350982957,4.082240392577815e-15,0.0,0.0,4.11193712824132e-14,6122208884.511956,resolved
C,lambda_1.842983346207417,yoshida4,controlled_q0.050_phi1.570796326795,-1,0.27,-0.27,0.9999999852754813,2.6430395150073283e-05,0.9999999856247642,2.643039553309368e-05,2.643039553309368e-05,0,-9.789035240767882e-05,-9.789035382627289e-05,4.082240392577815e-15,0.0,0.0,4.11193712824132e-14,2380638354.9825,resolved
C,lambda_1.842983346207417,yoshida4,controlled_q0.050_phi3.141592653590,-1,0.27,-0.27,0.9999999852754811,-7.085324903888073e-05,0.9999999877855725,-7.085324996359532e-05,-7.085324996359532e-05,0,0.0002624194408847434,0.0002624194443096123,4.082240392577815e-15,0.0,0.0,4.11193712824132e-14,6381893319.389844,resolved
C,lambda_1.842983346207417,yoshida4,controlled_q0.050_phi4.712388980385,-1,0.27,-0.27,0.9999999852754813,-2.9313471537464886e-05,0.999999985705121,-2.9313471960695496e-05,-2.9313471960695496e-05,0,0.0001085684131017218,0.00010856841466924257,4.082240392577815e-15,0.0,0.0,4.11193712824132e-14,2640322789.8612504,resolved
C,lambda_1.842983346207417,yoshida4,controlled_q0.001_phi0.000000000000,-1,0.4,-0.4,0.9999993206589461,-1.6957106920815687e-05,0.999999320802718,-1.6957118438857094e-05,-1.6957118438857094e-05,0,4.239276730203922e-05,4.239279609714273e-05,4.710277376051325e-15,0.0,0.0,2.7755575615628914e-14,1527360408.1973438,resolved
C,lambda_1.842983346207417,yoshida4,controlled_q0.001_phi1.570796326795,-1,0.4,-0.4,0.9999993206589463,-3.961595237022067e-05,0.9999993214436587,-3.9615979262257004e-05,-3.9615979262257004e-05,0,9.903988092555167e-05,9.90399481556425e-05,4.710277376051325e-15,0.0,0.0,2.7755575615628914e-14,3568287766.6490626,resolved
C,lambda_1.842983346207417,yoshida4,controlled_q0.001_phi3.141592653590,-1,0.4,-0.4,0.9999993206589457,-0.00014108051974733924,0.9999993306108089,-0.00014108061465318276,-0.00014108061465318276,0,0.00035270129936834806,0.0003527015366329569,4.710277376051325e-15,0.0,0.0,2.7755575615628914e-14,12707403523.267057,resolved
C,lambda_1.842983346207417,yoshida4,controlled_q0.001_phi4.712388980385,-1,0.4,-0.4,0.9999993206589463,-0.0001184216742979357,0.9999993276707975,-0.0001184217541931245,-0.0001184217541931245,0,0.00029605418574483924,0.0002960543854828112,4.710277376051325e-15,0.0,0.0,2.7755575615628914e-14,10666476164.815468,resolved
C,lambda_1.842983346207417,yoshida4,controlled_q0.010_phi0.000000000000,-1,0.4,-0.4,0.9999993206589456,0.000117776685728803,0.9999993275946242,0.00011777676519482033,0.00011777676519482033,0,-0.00029444171432200746,-0.0002944419129870508,4.710277376051325e-15,0.0,0.0,2.7755575615628914e-14,10608380759.223383,resolved
C,lambda_1.842983346207417,yoshida4,controlled_q0.010_phi1.570796326795,-1,0.4,-0.4,0.9999993206589461,4.644661898475788e-05,0.9999993217375911,4.644665050447475e-05,4.644665050447475e-05,0,-0.0001161165474618947,-0.00011611662626118687,4.710277376051325e-15,0.0,0.0,2.7755575615628914e-14,4183539519.0475,resolved
C,lambda_1.842983346207417,yoshida4,controlled_q0.010_phi3.141592653590,-1,0.4,-0.4,0.999999320658946,-0.0002729639343608591,0.9999993579136254,-0.000272964113017127,-0.000272964113017127,0,0.0006824098359021478,0.0006824102825428175,4.710277376051325e-15,0.0,0.0,2.7755575615628914e-14,24586405461.462994,resolved
C,lambda_1.842983346207417,yoshida4,controlled_q0.010_phi4.712388980385,-1,0.4,-0.4,0.9999993206589459,-0.00020163386761680446,0.9999993409870678,-0.00020163400186249945,-0.00020163400186249945,0,0.0005040846690420112,0.0005040850046562486,4.710277376051325e-15,0.0,0.0,2.7755575615628914e-14,18161564221.28625,resolved
C,lambda_1.842983346207417,yoshida4,controlled_q0.050_phi0.000000000000,-1,0.4,-0.4,0.9999993206589457,0.00035668536844622045,0.9999993842712129,0.0003566855956310028,0.0003566855956310028,0,-0.0008917134211155511,-0.0008917139890775069,4.710277376051325e-15,0.0,0.0,2.7755575615628914e-14,32127361848.45813,resolved
C,lambda_1.842983346207417,yoshida4,controlled_q0.050_phi1.570796326795,-1,0.4,-0.4,0.9999993206589459,0.00020044191200745132,0.9999993407474395,0.00020044204549157598,0.00020044204549157598,0,-0.0005011047800186283,-0.00050110511372894,4.710277376051325e-15,0.0,0.0,2.7755575615628914e-14,18054202404.52375,resolved
C,lambda_1.842983346207417,yoshida4,controlled_q0.050_phi3.141592653590,-1,0.4,-0.4,0.9999993206589457,-0.0004992042702511702,0.9999994452614743,-0.0004992045679132269,-0.0004992045679132269,0,0.0012480106756279255,0.0012480114197830673,4.710277376051325e-15,0.0,0.0,2.7755575615628914e-14,44964323309.69861,resolved
C,lambda_1.842983346207417,yoshida4,controlled_q0.050_phi4.712388980385,-1,0.4,-0.4,0.9999993206589459,-0.0003429608138124096,0.999999379470044,-0.00034296103335330956,-0.00034296103335330956,0,0.000857402034531024,0.0008574025833832738,4.710277376051325e-15,0.0,0.0,2.7755575615628914e-14,30891163865.765,resolved
C,lambda_1.842983346207417,yoshida4,controlled_q0.001_phi0.000000000000,1,0.05,0.05,1.0000000000000009,-3.9802226463085615e-09,1.0000000000000009,-3.980222646308558e-09,-3.980222646308558e-09,0,-7.960445292617122e-08,-7.960445292617116e-08,2.826166425630795e-15,0.0,0.0,2.220446049250313e-13,358506.58453533694,resolved
C,lambda_1.842983346207417,yoshida4,controlled_q0.001_phi1.570796326795,1,0.05,0.05,1.0000000000000009,-1.3557100234096175e-09,1.0000000000000009,-1.3557100234096163e-09,-1.3557100234096163e-09,0,-2.711420046819235e-08,-2.7114200468192324e-08,2.826166425630795e-15,0.0,0.0,2.220446049250313e-13,122111.503125,resolved
C,lambda_1.842983346207417,yoshida4,controlled_q0.001_phi3.141592653590,1,0.05,0.05,1.0000000000000004,9.216117224824903e-10,1.0000000000000004,9.216117224824899e-10,9.216117224824899e-10,0,1.8432234449649803e-08,1.8432234449649797e-08,2.826166425630795e-15,0.0,0.0,2.220446049250313e-13,83011.40419904847,resolved
C,lambda_1.842983346207417,yoshida4,controlled_q0.001_phi4.712388980385,1,0.05,0.05,1.0000000000000009,-1.7029009018870722e-09,1.0000000000000009,-1.7029009018870708e-09,-1.7029009018870708e-09,0,-3.4058018037741444e-08,-3.405801803774141e-08,2.826166425630795e-15,0.0,0.0,2.220446049250313e-13,153383.67734375,resolved
C,lambda_1.842983346207417,yoshida4,controlled_q0.010_phi0.000000000000,1,0.05,0.05,1.0000000000000004,-9.217212395367488e-09,1.0000000000000004,-9.217212395367483e-09,-9.217212395367483e-09,0,-1.8434424790734976e-07,-1.8434424790734966e-07,2.826166425630795e-15,0.0,0.0,2.220446049250313e-13,830212.6861834347,resolved
C,lambda_1.842983346207417,yoshida4,controlled_q0.010_phi1.570796326795,1,0.05,0.05,1.0000000000000009,-9.552441823656999e-10,1.0000000000000009,-9.55244182365699e-10,-9.55244182365699e-10,0,-1.9104883647313997e-08,-1.910488364731398e-08,2.826166425630795e-15,0.0,0.0,2.220446049250313e-13,86040.746875,resolved
C,lambda_1.842983346207417,yoshida4,controlled_q0.010_phi3.141592653590,1,0.05,0.05,1.0000000000000009,6.2137667988248555e-09,1.0000000000000009,6.21376679882485e-09,6.21376679882485e-09,0,1.242753359764971e-07,1.2427533597649697e-07,2.826166425630795e-15,0.0,0.0,2.220446049250313e-13,559686.3567950956,resolved
C,lambda_1.842983346207417,yoshida4,controlled_q0.010_phi4.712388980385,1,0.05,0.05,1.0000000000000009,-2.0482014001510507e-09,1.0000000000000009,-2.048201400151049e-09,-2.048201400151049e-09,0,-4.0964028003021014e-08,-4.096402800302098e-08,2.826166425630795e-15,0.0,0.0,2.220446049250313e-13,184485.58125,resolved
C,lambda_1.842983346207417,yoshida4,controlled_q0.050_phi0.000000000000,1,0.05,0.05,1.0000000000000004,-1.827936639079814e-08,1.0000000000000007,-1.827936639079813e-08,-1.827936639079813e-08,0,-3.655873278159628e-07,-3.655873278159626e-07,2.826166425630795e-15,0.0,0.0,2.220446049250313e-13,1646458.9533233454,resolved
C,lambda_1.842983346207417,yoshida4,controlled_q0.050_phi1.570796326795,1,0.05,0.05,1.0000000000000007,-1.8211052110750359e-10,1.0000000000000007,-1.8211052110750346e-10,-1.8211052110750346e-10,0,-3.6422104221500717e-09,-3.642210422150069e-09,2.826166425630795e-15,0.0,0.0,2.220446049250313e-13,16403.0575,resolved
C,lambda_1.842983346207417,yoshida4,controlled_q0.050_phi3.141592653590,1,0.05,0.05,1.0000000000000004,1.5521100026626338e-08,1.0000000000000007,1.552110002662633e-08,1.552110002662633e-08,0,3.1042200053252675e-07,3.104220005325266e-07,2.826166425630795e-15,0.0,0.0,2.220446049250313e-13,1398016.4059258914,resolved
C,lambda_1.842983346207417,yoshida4,controlled_q0.050_phi4.712388980385,1,0.05,0.05,1.0000000000000007,-2.576155816447212e-09,1.0000000000000007,-2.5761558164472104e-09,-2.5761558164472104e-09,0,-5.152311632894424e-08,-5.152311632894421e-08,2.826166425630795e-15,0.0,0.0,2.220446049250313e-13,232039.4875,resolved
C,lambda_1.842983346207417,yoshida4,controlled_q0.001_phi0.000000000000,1,0.08,0.08,0.999999999999919,-4.043688509568915e-08,0.9999999999999197,-4.043688509569241e-08,-4.043688509569241e-08,0,-5.054610636961144e-07,-5.054610636961551e-07,4.082240392577815e-15,0.0,0.0,1.3877787807814457e-13,3642230.812979385,resolved
C,lambda_1.842983346207417,yoshida4,controlled_q0.001_phi1.570796326795,1,0.08,0.08,0.9999999999999188,-1.1989014725433123e-08,0.999999999999919,-1.1989014725434095e-08,-1.1989014725434095e-08,0,-1.4986268406791403e-07,-1.4986268406792618e-07,4.082240392577815e-15,0.0,0.0,1.3877787807814457e-13,1079874.445,resolved
C,lambda_1.842983346207417,yoshida4,controlled_q0.001_phi3.141592653590,1,0.08,0.08,0.9999999999999184,1.0653813591454502e-08,0.9999999999999185,1.065381359145537e-08,1.065381359145537e-08,0,1.3317266989318128e-07,1.3317266989319213e-07,4.082240392577815e-15,0.0,0.0,1.3877787807814457e-13,959610.2184109844,resolved
C,lambda_1.842983346207417,yoshida4,controlled_q0.001_phi4.712388980385,1,0.08,0.08,0.999999999999919,-1.77940567801238e-08,0.9999999999999191,-1.779405678012524e-08,-1.779405678012524e-08,0,-2.2242570975154752e-07,-2.2242570975156552e-07,4.082240392577815e-15,0.0,0.0,1.3877787807814457e-13,1602746.1496875,resolved
C,lambda_1.842983346207417,yoshida4,controlled_q0.010_phi0.000000000000,1,0.08,0.08,0.9999999999999185,-9.503973465134347e-08,0.9999999999999231,-9.503973465135093e-08,-9.503973465135093e-08,0,-1.1879966831417934e-06,-1.1879966831418865e-06,4.082240392577815e-15,0.0,0.0,1.3877787807814457e-13,8560418.271223625,resolved
C,lambda_1.842983346207417,yoshida4,controlled_q0.010_phi1.570796326795,1,0.08,0.08,0.9999999999999188,-5.485812019923042e-09,0.9999999999999188,-5.485812019923487e-09,-5.485812019923487e-09,0,-6.857265024903803e-08,-6.857265024904358e-08,4.082240392577815e-15,0.0,0.0,1.3877787807814457e-13,494118.019375,resolved
C,lambda_1.842983346207417,yoshida4,controlled_q0.010_phi3.141592653590,1,0.08,0.08,0.9999999999999188,6.579383277343772e-08,0.999999999999921,6.579383277344296e-08,6.579383277344296e-08,0,8.224229096679715e-07,8.22422909668037e-07,4.082240392577815e-15,0.0,0.0,1.3877787807814457e-13,5926181.615234617,resolved
C,lambda_1.842983346207417,yoshida4,controlled_q0.010_phi4.712388980385,1,0.08,0.08,0.999999999999919,-2.376008986781919e-08,0.9999999999999193,-2.3760089867821112e-08,-2.3760089867821112e-08,0,-2.9700112334773987e-07,-2.970011233477639e-07,4.082240392577815e-15,0.0,0.0,1.3877787807814457e-13,2140118.6375,resolved
C,lambda_1.842983346207417,yoshida4,controlled_q0.050_phi0.000000000000,1,0.08,0.08,0.9999999999999186,-1.8957650669114798e-07,0.9999999999999366,-1.8957650669116114e-07,-1.8957650669116114e-07,0,-2.3697063336393497e-06,-2.369706333639514e-06,4.082240392577815e-15,0.0,0.0,1.3877787807814457e-13,17075533.697849087,resolved
C,lambda_1.842983346207417,yoshida4,controlled_q0.050_phi1.570796326795,1,0.08,0.08,0.9999999999999187,6.585014644677756e-09,0.9999999999999187,6.585014644678291e-09,6.585014644678291e-09,0,8.231268305847195e-08,8.231268305847863e-08,4.082240392577815e-15,0.0,0.0,1.3877787807814457e-13,593125.39,resolved
C,lambda_1.842983346207417,yoshida4,controlled_q0.050_phi3.141592653590,1,0.08,0.08,0.9999999999999185,1.6271802537470398e-07,0.9999999999999317,1.627180253747158e-07,1.627180253747158e-07,0,2.0339753171838e-06,2.0339753171839477e-06,4.082240392577815e-15,0.0,0.0,1.3877787807814457e-13,14656336.768879596,resolved
C,lambda_1.842983346207417,yoshida4,controlled_q0.050_phi4.712388980385,1,0.08,0.08,0.9999999999999187,-3.344349597256269e-08,0.9999999999999193,-3.3443495972565393e-08,-3.3443495972565393e-08,0,-4.180436996570336e-07,-4.180436996570674e-07,4.082240392577815e-15,0.0,0.0,1.3877787807814457e-13,3012322.32,resolved
C,lambda_1.842983346207417,yoshida4,controlled_q0.001_phi0.000000000000,1,0.12,0.12,0.9999999999952693,-2.8700061943128216e-07,0.9999999999953105,-2.8700061943263196e-07,-2.8700061943263196e-07,0,-2.391671828594018e-06,-2.3916718286052667e-06,4.710277376051325e-15,0.0,0.0,9.251858538542972e-14,25850717.654516477,resolved
C,lambda_1.842983346207417,yoshida4,controlled_q0.001_phi1.570796326795,1,0.12,0.12,0.9999999999952693,-6.257905436554689e-08,0.9999999999952713,-6.257905436584285e-08,-6.257905436584285e-08,0,-5.214921197128908e-07,-5.214921197153571e-07,4.710277376051325e-15,0.0,0.0,9.251858538542972e-14,5636620.1184375,resolved
C,lambda_1.842983346207417,yoshida4,controlled_q0.001_phi3.141592653590,1,0.12,0.12,0.999999999995269,9.618261146145636e-08,0.9999999999952737,9.61826114619111e-08,9.61826114619111e-08,0,8.015217621788031e-07,8.015217621825925e-07,4.710277376051325e-15,0.0,0.0,9.251858538542972e-14,8663359.46274672,resolved
C,lambda_1.842983346207417,yoshida4,controlled_q0.001_phi4.712388980385,1,0.12,0.12,0.9999999999952693,-1.2823895360544735e-07,0.9999999999952776,-1.282389536060533e-07,-1.282389536060533e-07,0,-1.0686579467120614e-06,-1.0686579467171107e-06,4.710277376051325e-15,0.0,0.0,9.251858538542972e-14,11550738.0734375,resolved
C,lambda_1.842983346207417,yoshida4,controlled_q0.010_phi0.000000000000,1,0.12,0.12,0.9999999999952689,-6.968187855735983e-07,0.9999999999955117,-6.968187855767822e-07,-6.968187855767822e-07,0,-5.80682321311332e-06,-5.806823213139852e-06,4.710277376051325e-15,0.0,0.0,9.251858538542972e-14,62763856.46108038,resolved
C,lambda_1.842983346207417,yoshida4,controlled_q0.010_phi1.570796326795,1,0.12,0.12,0.9999999999952695,9.66051192513584e-09,0.9999999999952695,9.660511925181538e-09,9.660511925181538e-09,0,8.050426604279867e-08,8.050426604317949e-08,4.710277376051325e-15,0.0,0.0,9.251858538542972e-14,870141.5581250001,resolved
C,lambda_1.842983346207417,yoshida4,controlled_q0.010_phi3.141592653590,1,0.12,0.12,0.9999999999952692,5.094423849619464e-07,0.999999999995399,5.094423849643123e-07,5.094423849643123e-07,0,4.2453532080162195e-06,4.245353208035936e-06,4.710277376051325e-15,0.0,0.0,9.251858538542972e-14,45886490.701627165,resolved
C,lambda_1.842983346207417,yoshida4,controlled_q0.010_phi4.712388980385,1,0.12,0.12,0.9999999999952695,-1.9703691254285838e-07,0.9999999999952889,-1.9703691254378792e-07,-1.9703691254378792e-07,0,-1.6419742711904866e-06,-1.6419742711982327e-06,4.710277376051325e-15,0.0,0.0,9.251858538542972e-14,17747507.318125,resolved
C,lambda_1.842983346207417,yoshida4,controlled_q0.050_phi0.000000000000,1,0.12,0.12,0.9999999999952689,-1.4071549904818045e-06,0.999999999996259,-1.4071549904875332e-06,-1.4071549904875332e-06,0,-1.172629158734837e-05,-1.172629158739611e-05,4.710277376051325e-15,0.0,0.0,9.251858538542972e-14,126745253.81572776,resolved
C,lambda_1.842983346207417,yoshida4,controlled_q0.050_phi1.570796326795,1,0.12,0.12,0.9999999999952693,1.4033784644096325e-07,0.9999999999952792,1.4033784644162622e-07,1.4033784644162622e-07,0,1.169482053674694e-06,1.1694820536802185e-06,4.710277376051325e-15,0.0,0.0,9.251858538542972e-14,12640509.45875,resolved
C,lambda_1.842983346207417,yoshida4,controlled_q0.050_phi3.141592653590,1,0.12,0.12,0.9999999999952689,1.2350746225731445e-06,0.9999999999960316,1.2350746225783597e-06,1.2350746225783597e-06,0,1.0292288521442871e-05,1.029228852148633e-05,4.710277376051325e-15,0.0,0.0,9.251858538542972e-14,111245632.19990338,resolved
C,lambda_1.842983346207417,yoshida4,controlled_q0.050_phi4.712388980385,1,0.12,0.12,0.9999999999952692,-3.1241821436822637e-07,0.9999999999953181,-3.1241821436969417e-07,-3.1241821436969417e-07,0,-2.60348511973522e-06,-2.6034851197474516e-06,4.710277376051325e-15,0.0,0.0,9.251858538542972e-14,28140131.07625,resolved
C,lambda_1.842983346207417,yoshida4,controlled_q0.001_phi0.000000000000,1,0.18,0.18,0.999999999732633,-1.8426225724691301e-06,0.9999999997343306,-1.8426225729597013e-06,-1.8426225729597013e-06,0,-1.0236792069272946e-05,-1.023679207199834e-05,5.338314359524835e-15,0.0,0.0,6.167905692361981e-14,165968686.61512882,resolved
C,lambda_1.842983346207417,yoshida4,controlled_q0.001_phi1.570796326795,1,0.18,0.18,0.9999999997326328,-6.014755627239965e-08,0.9999999997326345,-6.014755628848106e-08,-6.014755628848106e-08,0,-3.3415309040222026e-07,-3.3415309049156143e-07,5.338314359524835e-15,0.0,0.0,6.167905692361981e-14,5417610.2403125,resolved
C,lambda_1.842983346207417,yoshida4,controlled_q0.001_phi3.141592653590,1,0.18,0.18,0.9999999997326325,9.862464982402476e-07,0.9999999997331189,9.862464985036181e-07,9.862464985036181e-07,0,5.47914721244582e-06,5.47914721390899e-06,5.338314359524835e-15,0.0,0.0,6.167905692361981e-14,88833187.23940471,resolved
C,lambda_1.842983346207417,yoshida4,controlled_q0.001_phi4.712388980385,1,0.18,0.18,0.9999999997326329,-7.962285179588524e-07,0.9999999997329498,-7.962285181715695e-07,-7.962285181715695e-07,0,-4.423491766438069e-06,-4.42349176761983e-06,5.338314359524835e-15,0.0,0.0,6.167905692361981e-14,71717889.135625,resolved
C,lambda_1.842983346207417,yoshida4,controlled_q0.010_phi0.000000000000,1,0.18,0.18,0.9999999997326325,-4.873106451779142e-06,0.9999999997445062,-4.873106453043478e-06,-4.873106453043478e-06,0,-2.7072813620995234e-05,-2.7072813628019323e-05,5.338314359524835e-15,0.0,0.0,6.167905692361981e-14,438930408.0073861,resolved
C,lambda_1.842983346207417,yoshida4,controlled_q0.010_phi1.570796326795,1,0.18,0.18,0.999999999732633,7.381265723707675e-07,0.9999999997329054,7.381265725679842e-07,7.381265725679842e-07,0,4.100703179837597e-06,4.100703180933245e-06,5.338314359524835e-15,0.0,0.0,6.167905692361981e-14,66484531.125625,resolved
C,lambda_1.842983346207417,yoshida4,controlled_q0.010_phi3.141592653590,1,0.18,0.18,0.9999999997326329,4.032176038207695e-06,0.9999999997407621,4.0321760392639136e-06,4.0321760392639136e-06,0,2.240097799004275e-05,2.240097799591063e-05,5.338314359524835e-15,0.0,0.0,6.167905692361981e-14,363186130.06328833,resolved
C,lambda_1.842983346207417,yoshida4,controlled_q0.010_phi4.712388980385,1,0.18,0.18,0.9999999997326329,-1.5790569859522319e-06,0.9999999997338795,-1.5790569863731073e-06,-1.5790569863731073e-06,0,-8.772538810845733e-06,-8.77253881318393e-06,5.338314359524835e-15,0.0,0.0,6.167905692361981e-14,142228809.070625,resolved
C,lambda_1.842983346207417,yoshida4,controlled_q0.050_phi0.000000000000,1,0.18,0.18,0.9999999997326325,-1.013933662973641e-05,0.9999999997840356,-1.0139336632099877e-05,-1.0139336632099877e-05,0,-5.632964794298006e-05,-5.632964795611043e-05,5.338314359524835e-15,0.0,0.0,6.167905692361981e-14,913270253.3492985,resolved
C,lambda_1.842983346207417,yoshida4,controlled_q0.050_phi1.570796326795,1,0.18,0.18,0.9999999997326328,2.1516716729036434e-06,0.9999999997349476,2.1516716734756096e-06,2.1516716734756096e-06,0,1.1953731516131353e-05,1.1953731519308943e-05,5.338314359524835e-15,0.0,0.0,6.167905692361981e-14,193805354.88625002,resolved
C,lambda_1.842983346207417,yoshida4,controlled_q0.050_phi3.141592653590,1,0.18,0.18,0.9999999997326326,9.367053596864677e-06,0.9999999997765034,9.36705359909516e-06,9.36705359909516e-06,0,5.203918664924821e-05,5.203918666163978e-05,5.338314359524835e-15,0.0,0.0,6.167905692361981e-14,843709181.7679845,resolved
C,lambda_1.842983346207417,yoshida4,controlled_q0.050_phi4.712388980385,1,0.18,0.18,0.9999999997326326,-2.9239547057607895e-06,0.9999999997369075,-2.9239547065342267e-06,-2.9239547065342267e-06,0,-1.6244192809782164e-05,-1.6244192814079036e-05,5.338314359524835e-15,0.0,0.0,6.167905692361981e-14,263366426.46625,resolved
C,lambda_1.842983346207417,yoshida4,controlled_q0.001_phi0.000000000000,1,0.27,0.27,0.9999999852754815,-8.467766939331506e-06,0.999999985311333,-8.46776706381291e-06,-8.46776706381291e-06,0,-3.1362099775301874e-05,-3.136210023634411e-05,4.082240392577815e-15,0.0,0.0,4.11193712824132e-14,762708640.6526716,resolved
C,lambda_1.842983346207417,yoshida4,controlled_q0.001_phi1.570796326795,1,0.27,0.27,0.9999999852754815,5.640568274669841e-06,0.9999999852913896,5.640568357664674e-06,5.640568357664674e-06,0,2.0890993609888297e-05,2.0890993917276568e-05,4.082240392577815e-15,0.0,0.0,4.11193712824132e-14,508057223.5992187,resolved
C,lambda_1.842983346207417,yoshida4,controlled_q0.001_phi3.141592653590,1,0.27,0.27,0.9999999852754811,1.1664778311117333e-05,0.9999999853435146,1.166477848234652e-05,1.166477848234652e-05,0,4.3202882633767897e-05,4.320288326795007e-05,4.082240392577815e-15,0.0,0.0,4.11193712824132e-14,1050669825.1061493,resolved
C,lambda_1.842983346207417,yoshida4,controlled_q0.001_phi4.712388980385,1,0.27,0.27,0.9999999852754815,-2.443556902886196e-06,0.999999985278467,-2.4435569388615317e-06,-2.4435569388615317e-06,0,-9.050210751430355e-06,-9.05021088467234e-06,4.082240392577815e-15,0.0,0.0,4.11193712824132e-14,220096039.14593753,resolved
C,lambda_1.842983346207417,yoshida4,controlled_q0.010_phi0.000000000000,1,0.27,0.27,0.9999999852754811,-3.011896075116381e-05,0.999999985729057,-3.0118961185543537e-05,-3.0118961185543537e-05,0,-0.00011155170648579188,-0.00011155170809460569,4.082240392577815e-15,0.0,0.0,4.11193712824132e-14,2712874808.314559,resolved
C,lambda_1.842983346207417,yoshida4,controlled_q0.010_phi1.570796326795,1,0.27,0.27,0.9999999852754815,1.4294091745678528e-05,0.999999985377642,1.429409195517862e-05,1.429409195517862e-05,0,5.29410805395501e-05,5.2941081315476366e-05,4.082240392577815e-15,0.0,0.0,4.11193712824132e-14,1287497325.18875,resolved
C,lambda_1.842983346207417,yoshida4,controlled_q0.010_phi3.141592653590,1,0.27,0.27,0.9999999852754814,3.325831059520199e-05,0.999999985828539,3.32583110726521e-05,3.32583110726521e-05,0,0.00012317892813037772,0.00012317892989871146,4.082240392577815e-15,0.0,0.0,4.11193712824132e-14,2995642304.070478,resolved
C,lambda_1.842983346207417,yoshida4,controlled_q0.010_phi4.712388980385,1,0.27,0.27,0.9999999852754814,-1.1154741901650556e-05,0.9999999853376955,-1.1154742065436107e-05,-1.1154742065436107e-05,0,-4.131385889500205e-05,-4.131385950161521e-05,4.082240392577815e-15,0.0,0.0,4.11193712824132e-14,1004729829.43375,resolved
C,lambda_1.842983346207417,yoshida4,controlled_q0.050_phi0.000000000000,1,0.27,0.27,0.9999999852754811,-6.797017265149869e-05,0.9999999875854533,-6.797017354765399e-05,-6.797017354765399e-05,0,-0.00025174138019073587,-0.00025174138350982957,4.082240392577815e-15,0.0,0.0,4.11193712824132e-14,6122208884.511956,resolved
C,lambda_1.842983346207417,yoshida4,controlled_q0.050_phi1.570796326795,1,0.27,0.27,0.9999999852754813,2.9313471537464886e-05,0.999999985705121,2.9313471960695496e-05,2.9313471960695496e-05,0,0.0001085684131017218,0.00010856841466924257,4.082240392577815e-15,0.0,0.0,4.11193712824132e-14,2640322789.8612504,resolved
C,lambda_1.842983346207417,yoshida4,controlled_q0.050_phi3.141592653590,1,0.27,0.27,0.9999999852754811,7.085324903888074e-05,0.9999999877855725,7.085324996359534e-05,7.085324996359534e-05,0,0.00026241944088474344,0.00026241944430961233,4.082240392577815e-15,0.0,0.0,4.11193712824132e-14,6381893319.389845,resolved
C,lambda_1.842983346207417,yoshida4,controlled_q0.050_phi4.712388980385,1,0.27,0.27,0.9999999852754813,-2.643039515008716e-05,0.9999999856247642,-2.6430395533107558e-05,-2.6430395533107558e-05,0,-9.789035240773022e-05,-9.789035382632428e-05,4.082240392577815e-15,0.0,0.0,4.11193712824132e-14,2380638354.9837503,resolved
C,lambda_1.842983346207417,yoshida4,controlled_q0.001_phi0.000000000000,1,0.4,0.4,0.9999993206589461,1.6957106920815687e-05,0.999999320802718,1.6957118438857094e-05,1.6957118438857094e-05,0,4.239276730203922e-05,4.239279609714273e-05,4.710277376051325e-15,0.0,0.0,2.7755575615628914e-14,1527360408.1973438,resolved
C,lambda_1.842983346207417,yoshida4,controlled_q0.001_phi1.570796326795,1,0.4,0.4,0.9999993206589463,0.0001184216742979357,0.9999993276707975,0.0001184217541931245,0.0001184217541931245,0,0.00029605418574483924,0.0002960543854828112,4.710277376051325e-15,0.0,0.0,2.7755575615628914e-14,10666476164.815468,resolved
C,lambda_1.842983346207417,yoshida4,controlled_q0.001_phi3.141592653590,1,0.4,0.4,0.9999993206589457,0.00014108051974733935,0.9999993306108089,0.00014108061465318287,0.00014108061465318287,0,0.00035270129936834833,0.00035270153663295717,4.710277376051325e-15,0.0,0.0,2.7755575615628914e-14,12707403523.267067,resolved
C,lambda_1.842983346207417,yoshida4,controlled_q0.001_phi4.712388980385,1,0.4,0.4,0.9999993206589463,3.961595237022067e-05,0.9999993214436587,3.9615979262257004e-05,3.9615979262257004e-05,0,9.903988092555167e-05,9.90399481556425e-05,4.710277376051325e-15,0.0,0.0,2.7755575615628914e-14,3568287766.6490626,resolved
C,lambda_1.842983346207417,yoshida4,controlled_q0.010_phi0.000000000000,1,0.4,0.4,0.9999993206589456,-0.000117776685728803,0.9999993275946242,-0.00011777676519482033,-0.00011777676519482033,0,-0.00029444171432200746,-0.0002944419129870508,4.710277376051325e-15,0.0,0.0,2.7755575615628914e-14,10608380759.223383,resolved
C,lambda_1.842983346207417,yoshida4,controlled_q0.010_phi1.570796326795,1,0.4,0.4,0.9999993206589459,0.00020163386761680446,0.9999993409870678,0.00020163400186249945,0.00020163400186249945,0,0.0005040846690420112,0.0005040850046562486,4.710277376051325e-15,0.0,0.0,2.7755575615628914e-14,18161564221.28625,resolved
C,lambda_1.842983346207417,yoshida4,controlled_q0.010_phi3.141592653590,1,0.4,0.4,0.999999320658946,0.00027296393436085923,0.9999993579136254,0.0002729641130171271,0.0002729641130171271,0,0.000682409835902148,0.0006824102825428177,4.710277376051325e-15,0.0,0.0,2.7755575615628914e-14,24586405461.463,resolved
C,lambda_1.842983346207417,yoshida4,controlled_q0.010_phi4.712388980385,1,0.4,0.4,0.9999993206589461,-4.644661898475788e-05,0.9999993217375911,-4.644665050447475e-05,-4.644665050447475e-05,0,-0.0001161165474618947,-0.00011611662626118687,4.710277376051325e-15,0.0,0.0,2.7755575615628914e-14,4183539519.0475,resolved
C,lambda_1.842983346207417,yoshida4,controlled_q0.050_phi0.000000000000,1,0.4,0.4,0.9999993206589457,-0.00035668536844622045,0.9999993842712129,-0.0003566855956310028,-0.0003566855956310028,0,-0.0008917134211155511,-0.0008917139890775069,4.710277376051325e-15,0.0,0.0,2.7755575615628914e-14,32127361848.45813,resolved
C,lambda_1.842983346207417,yoshida4,controlled_q0.050_phi1.570796326795,1,0.4,0.4,0.9999993206589459,0.0003429608138124096,0.999999379470044,0.00034296103335330956,0.00034296103335330956,0,0.000857402034531024,0.0008574025833832738,4.710277376051325e-15,0.0,0.0,2.7755575615628914e-14,30891163865.765,resolved
C,lambda_1.842983346207417,yoshida4,controlled_q0.050_phi3.141592653590,1,0.4,0.4,0.9999993206589457,0.0004992042702511701,0.9999994452614743,0.0004992045679132268,0.0004992045679132268,0,0.0012480106756279253,0.0012480114197830669,4.710277376051325e-15,0.0,0.0,2.7755575615628914e-14,44964323309.6986,resolved
C,lambda_1.842983346207417,yoshida4,controlled_q0.050_phi4.712388980385,1,0.4,0.4,0.9999993206589459,-0.00020044191200745132,0.9999993407474395,-0.00020044204549157598,-0.00020044204549157598,0,-0.0005011047800186283,-0.00050110511372894,4.710277376051325e-15,0.0,0.0,2.7755575615628914e-14,18054202404.52375,resolved
C,lambda_1.872983346207417,yoshida4,controlled_q0.001_phi0.000000000000,-1,0.05,-0.05,1.0,2.648789455238713e-09,1.0,2.648789455238713e-09,2.648789455238713e-09,0,-5.2975789104774256e-08,-5.2975789104774256e-08,1.5700924586837751e-15,0.0,0.0,2.220446049250313e-13,238581.74407191933,resolved
C,lambda_1.872983346207417,yoshida4,controlled_q0.001_phi1.570796326795,-1,0.05,-0.05,1.0000000000000002,1.142508240792317e-10,1.0000000000000002,1.1425082407923168e-10,1.1425082407923168e-10,0,-2.285016481584634e-09,-2.2850164815846333e-09,1.5700924586837751e-15,0.0,0.0,2.220446049250313e-13,10290.799375,resolved
C,lambda_1.872983346207417,yoshida4,controlled_q0.001_phi3.141592653590,-1,0.05,-0.05,0.9999999999999996,-2.8066928811660364e-09,0.9999999999999996,-2.8066928811660376e-09,-2.8066928811660376e-09,0,5.613385762332072e-08,5.613385762332075e-08,1.5700924586837751e-15,0.0,0.0,2.220446049250313e-13,252804.4202752557,resolved
C,lambda_1.872983346207417,yoshida4,controlled_q0.001_phi4.712388980385,-1,0.05,-0.05,1.0,-2.7215424532045507e-10,1.0,-2.7215424532045507e-10,-2.7215424532045507e-10,0,5.443084906409101e-09,5.443084906409101e-09,1.5700924586837751e-15,0.0,0.0,2.220446049250313e-13,24513.47515625,resolved
C,lambda_1.872983346207417,yoshida4,controlled_q0.010_phi0.000000000000,-1,0.05,-0.05,0.9999999999999997,8.509404023795645e-09,0.9999999999999997,8.509404023795649e-09,8.509404023795649e-09,0,-1.701880804759129e-07,-1.7018808047591297e-07,1.5700924586837751e-15,0.0,0.0,2.220446049250313e-13,766458.9758142213,resolved
C,lambda_1.872983346207417,yoshida4,controlled_q0.010_phi1.570796326795,-1,0.05,-0.05,1.0,5.306740324950709e-10,1.0,5.306740324950709e-10,5.306740324950709e-10,0,-1.0613480649901419e-08,-1.0613480649901419e-08,1.5700924586837751e-15,0.0,0.0,2.220446049250313e-13,47798.8675,resolved
C,lambda_1.872983346207417,yoshida4,controlled_q0.010_phi3.141592653590,-1,0.05,-0.05,1.0,-8.664459492141116e-09,1.0,-8.664459492141116e-09,-8.664459492141116e-09,0,1.732891898428223e-07,1.732891898428223e-07,1.5700924586837751e-15,0.0,0.0,2.220446049250313e-13,780425.1308034697,resolved
C,lambda_1.872983346207417,yoshida4,controlled_q0.010_phi4.712388980385,-1,0.05,-0.05,1.0000000000000002,-6.857294870821207e-10,1.0000000000000002,-6.857294870821206e-10,-6.857294870821206e-10,0,1.3714589741642413e-08,1.371458974164241e-08,1.5700924586837751e-15,0.0,0.0,2.220446049250313e-13,61765.02125,resolved
C,lambda_1.872983346207417,yoshida4,controlled_q0.050_phi0.000000000000,-1,0.05,-0.05,0.9999999999999997,1.8737866568309545e-08,0.9999999999999999,1.873786656830955e-08,1.873786656830955e-08,0,-3.747573313661909e-07,-3.7475733136619093e-07,1.5700924586837751e-15,0.0,0.0,2.220446049250313e-13,1687756.9778951388,resolved
C,lambda_1.872983346207417,yoshida4,controlled_q0.050_phi1.570796326795,-1,0.05,-0.05,0.9999999999999998,1.2610239241706012e-09,0.9999999999999998,1.2610239241706014e-09,1.2610239241706014e-09,0,-2.5220478483412023e-08,-2.5220478483412027e-08,1.5700924586837751e-15,0.0,0.0,2.220446049250313e-13,113582.9375,resolved
C,lambda_1.872983346207417,yoshida4,controlled_q0.050_phi3.141592653590,-1,0.05,-0.05,0.9999999999999997,-1.8880264447402332e-08,0.9999999999999999,-1.8880264447402335e-08,-1.8880264447402335e-08,0,3.776052889480466e-07,3.7760528894804667e-07,1.5700924586837751e-15,0.0,0.0,2.220446049250313e-13,1700583.0385995512,resolved
C,lambda_1.872983346207417,yoshida4,controlled_q0.050_phi4.712388980385,-1,0.05,-0.05,0.9999999999999998,-1.4034218093206263e-09,0.9999999999999998,-1.4034218093206267e-09,-1.4034218093206267e-09,0,2.8068436186412526e-08,2.8068436186412533e-08,1.5700924586837751e-15,0.0,0.0,2.220446049250313e-13,126408.99875,resolved
C,lambda_1.872983346207417,yoshida4,controlled_q0.001_phi0.000000000000,-1,0.08,-0.08,0.9999999999998986,2.631235636562087e-08,0.999999999999899,2.631235636562353e-08,2.631235636562353e-08,0,-3.2890445457026085e-07,-3.289044545702941e-07,1.5700924586837751e-15,0.0,0.0,1.3877787807814457e-13,2370006.3664689967,resolved
C,lambda_1.872983346207417,yoshida4,controlled_q0.001_phi1.570796326795,-1,0.08,-0.08,0.9999999999998986,1.116808572704242e-09,0.9999999999998986,1.1168085727043552e-09,1.1168085727043552e-09,0,-1.3960107158803026e-08,-1.396010715880444e-08,1.5700924586837751e-15,0.0,0.0,1.3877787807814457e-13,100593.1734375,resolved
C,lambda_1.872983346207417,yoshida4,controlled_q0.001_phi3.141592653590,-1,0.08,-0.08,0.9999999999998982,-3.053823328605829e-08,0.9999999999998986,-3.0538233286061386e-08,-3.0538233286061386e-08,0,3.817279160757286e-07,3.8172791607576734e-07,1.5700924586837751e-15,0.0,0.0,1.3877787807814457e-13,2750639.5209529074,resolved
C,lambda_1.872983346207417,yoshida4,controlled_q0.001_phi4.712388980385,-1,0.08,-0.08,0.9999999999998986,-5.342685495401955e-09,0.9999999999998986,-5.342685495402497e-09,-5.342685495402497e-09,0,6.678356869252444e-08,6.678356869253122e-08,1.5700924586837751e-15,0.0,0.0,1.3877787807814457e-13,481226.328125,resolved
C,lambda_1.872983346207417,yoshida4,controlled_q0.010_phi0.000000000000,-1,0.08,-0.08,0.9999999999998982,8.740802544419356e-08,0.999999999999902,8.740802544420224e-08,8.740802544420224e-08,0,-1.0926003180524195e-06,-1.0926003180525281e-06,1.5700924586837751e-15,0.0,0.0,1.3877787807814457e-13,7873015.016393219,resolved
C,lambda_1.872983346207417,yoshida4,controlled_q0.010_phi1.570796326795,-1,0.08,-0.08,0.9999999999998986,8.092417347338454e-09,0.9999999999998986,8.092417347339275e-09,8.092417347339275e-09,0,-1.0115521684173068e-07,-1.0115521684174093e-07,1.5700924586837751e-15,0.0,0.0,1.3877787807814457e-13,728900.155,resolved
C,lambda_1.872983346207417,yoshida4,controlled_q0.010_phi3.141592653590,-1,0.08,-0.08,0.9999999999998985,-9.155768414362101e-08,0.9999999999999027,-9.155768414363005e-08,-9.155768414363005e-08,0,1.1444710517952626e-06,1.1444710517953755e-06,1.5700924586837751e-15,0.0,0.0,1.3877787807814457e-13,8246783.043842343,resolved
C,lambda_1.872983346207417,yoshida4,controlled_q0.010_phi4.712388980385,-1,0.08,-0.08,0.9999999999998986,-1.2242076054269635e-08,0.9999999999998987,-1.2242076054270876e-08,-1.2242076054270876e-08,0,1.5302595067837044e-07,1.5302595067838595e-07,1.5700924586837751e-15,0.0,0.0,1.3877787807814457e-13,1102668.183125,resolved
C,lambda_1.872983346207417,yoshida4,controlled_q0.050_phi0.000000000000,-1,0.08,-0.08,0.9999999999998981,1.9410039674983497e-07,0.999999999999917,1.941003967498523e-07,1.941003967498523e-07,0,-2.426254959372937e-06,-2.4262549593731537e-06,1.5700924586837751e-15,0.0,0.0,1.3877787807814457e-13,17483009.48950044,resolved
C,lambda_1.872983346207417,yoshida4,controlled_q0.050_phi1.570796326795,-1,0.08,-0.08,0.9999999999998984,2.036517789127945e-08,0.9999999999998986,2.0365177891281516e-08,2.0365177891281516e-08,0,-2.5456472364099314e-07,-2.545647236410189e-07,1.5700924586837751e-15,0.0,0.0,1.3877787807814457e-13,1834332.15125,resolved
C,lambda_1.872983346207417,yoshida4,controlled_q0.050_phi3.141592653590,-1,0.08,-0.08,0.9999999999998982,-1.9791130780032967e-07,0.9999999999999177,-1.9791130780034725e-07,-1.9791130780034725e-07,0,2.4738913475041208e-06,2.4738913475043406e-06,1.5700924586837751e-15,0.0,0.0,1.3877787807814457e-13,17826265.841239445,resolved
C,lambda_1.872983346207417,yoshida4,controlled_q0.050_phi4.712388980385,-1,0.08,-0.08,0.9999999999998984,-2.4176088922467365e-08,0.9999999999998987,-2.4176088922469817e-08,-2.4176088922469817e-08,0,3.0220111153084206e-07,3.022011115308727e-07,1.5700924586837751e-15,0.0,0.0,1.3877787807814457e-13,2177588.50125,resolved
C,lambda_1.872983346207417,yoshida4,controlled_q0.001_phi0.000000000000,-1,0.12,-0.12,0.9999999999941507,1.77231312248467e-07,0.9999999999941663,1.7723131224950184e-07,1.7723131224950184e-07,0,-1.4769276020705584e-06,-1.476927602079182e-06,1.2560739669470201e-15,0.0,0.0,9.251858538542972e-14,15963577.436011601,resolved
C,lambda_1.872983346207417,yoshida4,controlled_q0.001_phi1.570796326795,-1,0.12,-0.12,0.9999999999941507,6.392399509030922e-10,0.9999999999941507,6.392399509068313e-10,6.392399509068313e-10,0,-5.326999590859102e-09,-5.326999590890261e-09,1.2560739669470201e-15,0.0,0.0,9.251858538542972e-14,57577.61609375,resolved
C,lambda_1.872983346207417,yoshida4,controlled_q0.001_phi3.141592653590,-1,0.12,-0.12,0.9999999999941501,-2.489869468130175e-07,0.9999999999941811,-2.4898694681446887e-07,-2.4898694681446887e-07,0,2.0748912234418122e-06,2.0748912234539074e-06,1.2560739669470201e-15,0.0,0.0,9.251858538542972e-14,22426750.417744458,resolved
C,lambda_1.872983346207417,yoshida4,controlled_q0.001_phi4.712388980385,-1,0.12,-0.12,0.9999999999941507,-7.239487451182747e-08,0.9999999999941533,-7.23948745122508e-08,-7.23948745122508e-08,0,6.032906209318956e-07,6.032906209354233e-07,1.2560739669470201e-15,0.0,0.0,9.251858538542972e-14,6520750.5975,resolved
C,lambda_1.872983346207417,yoshida4,controlled_q0.010_phi0.000000000000,-1,0.12,-0.12,0.9999999999941501,6.356370174219765e-07,0.9999999999943522,6.356370174256093e-07,6.356370174256093e-07,0,-5.296975145183137e-06,-5.296975145213411e-06,1.2560739669470201e-15,0.0,0.0,9.251858538542972e-14,57253092.69609013,resolved
C,lambda_1.872983346207417,yoshida4,controlled_q0.010_phi1.570796326795,-1,0.12,-0.12,0.9999999999941506,7.972500807446048e-08,0.9999999999941538,7.972500807492665e-08,7.972500807492665e-08,0,-6.643750672871707e-07,-6.643750672910555e-07,1.2560739669470201e-15,0.0,0.0,9.251858538542972e-14,7180990.333125,resolved
C,lambda_1.872983346207417,yoshida4,controlled_q0.010_phi3.141592653590,-1,0.12,-0.12,0.9999999999941506,-7.060984621847614e-07,0.9999999999943998,-7.060984621887744e-07,-7.060984621887744e-07,0,5.8841538515396785e-06,5.88415385157312e-06,1.2560739669470201e-15,0.0,0.0,9.251858538542972e-14,63599695.42364343,resolved
C,lambda_1.872983346207417,yoshida4,controlled_q0.010_phi4.712388980385,-1,0.12,-0.12,0.9999999999941507,-1.5018645283665366e-07,0.999999999994162,-1.5018645283753103e-07,-1.5018645283753103e-07,0,1.2515537736387805e-06,1.2515537736460919e-06,1.2560739669470201e-15,0.0,0.0,9.251858538542972e-14,13527593.060625,resolved
C,lambda_1.872983346207417,yoshida4,controlled_q0.050_phi0.000000000000,-1,0.12,-0.12,0.9999999999941502,1.437133498339117e-06,0.999999999995183,1.4371334983465345e-06,1.4371334983465345e-06,0,-1.1976112486159308e-05,-1.1976112486221122e-05,1.2560739669470201e-15,0.0,0.0,9.251858538542972e-14,129445477.75203408,resolved
C,lambda_1.872983346207417,yoshida4,controlled_q0.050_phi1.570796326795,-1,0.12,-0.12,0.9999999999941506,2.1944763624326402e-07,0.9999999999941747,2.1944763624454415e-07,2.1944763624454415e-07,0,-1.8287303020272003e-06,-1.828730302037868e-06,1.2560739669470201e-15,0.0,0.0,9.251858538542972e-14,19766085.85625,resolved
C,lambda_1.872983346207417,yoshida4,controlled_q0.050_phi3.141592653590,-1,0.12,-0.12,0.9999999999941502,-1.50184298842739e-06,0.999999999995278,-1.5018429884350463e-06,-1.5018429884350463e-06,0,1.2515358236894918e-05,1.251535823695872e-05,1.2560739669470201e-15,0.0,0.0,9.251858538542972e-14,135273990.4610117,resolved
C,lambda_1.872983346207417,yoshida4,controlled_q0.050_phi4.712388980385,-1,0.12,-0.12,0.9999999999941505,-2.841571263151321e-07,0.9999999999941909,-2.8415712631678664e-07,-2.8415712631678664e-07,0,2.3679760526261013e-06,2.367976052639889e-06,1.2560739669470201e-15,0.0,0.0,9.251858538542972e-14,25594598.563750003,resolved
C,lambda_1.872983346207417,yoshida4,controlled_q0.001_phi0.000000000000,-1,0.18,-0.18,0.9999999996697122,9.674381079599167e-07,0.9999999996701802,9.67438108279148e-07,9.67438108279148e-07,0,-5.374656155332871e-06,-5.374656157106378e-06,2.198129442157285e-15,0.0,0.0,6.167905692361981e-14,87139078.05024599,resolved
C,lambda_1.872983346207417,yoshida4,controlled_q0.001_phi1.570796326795,-1,0.18,-0.18,0.9999999996697122,-1.9545757105367267e-07,0.9999999996697313,-1.9545757111822744e-07,-1.9545757111822744e-07,0,1.085875394742626e-06,1.0858753951012635e-06,2.198129442157285e-15,0.0,0.0,6.167905692361981e-14,17605252.88328125,resolved
C,lambda_1.872983346207417,yoshida4,controlled_q0.001_phi3.141592653590,-1,0.18,-0.18,0.9999999996697116,-2.1763867299473793e-06,0.99999999967208,-2.1763867306627783e-06,-2.1763867306627783e-06,0,1.2091037388596552e-05,1.209103739257099e-05,2.198129442157285e-15,0.0,0.0,6.167905692361981e-14,196031489.3201022,resolved
C,lambda_1.872983346207417,yoshida4,controlled_q0.001_phi4.712388980385,-1,0.18,-0.18,0.9999999996697122,-1.0134910509336514e-06,0.9999999996702258,-1.0134910512680482e-06,-1.0134910512680482e-06,0,5.630505838520286e-06,5.630505840378046e-06,2.198129442157285e-15,0.0,0.0,6.167905692361981e-14,91287158.3865625,resolved
C,lambda_1.872983346207417,yoshida4,controlled_q0.010_phi0.000000000000,-1,0.18,-0.18,0.9999999996697118,4.3548098016725e-06,0.999999999679194,4.354809803083314e-06,4.354809803083314e-06,0,-2.4193387787069444e-05,-2.4193387794907298e-05,2.198129442157285e-15,0.0,0.0,6.167905692361981e-14,392246396.0016331,resolved
C,lambda_1.872983346207417,yoshida4,controlled_q0.010_phi1.570796326795,-1,0.18,-0.18,0.9999999996697121,6.940131125551807e-07,0.9999999996699529,6.940131127842934e-07,6.940131127842934e-07,0,-3.855628403084337e-06,-3.8556284043571854e-06,2.198129442157285e-15,0.0,0.0,6.167905692361981e-14,62511143.901875,resolved
C,lambda_1.872983346207417,yoshida4,controlled_q0.010_phi3.141592653590,-1,0.18,-0.18,0.9999999996697121,-5.541953739095058e-06,0.9999999996850687,-5.541953740868761e-06,-5.541953740868761e-06,0,3.0788631883861435e-05,3.078863189371534e-05,2.198129442157285e-15,0.0,0.0,6.167905692361981e-14,499174815.8858606,resolved
C,lambda_1.872983346207417,yoshida4,controlled_q0.010_phi4.712388980385,-1,0.18,-0.18,0.9999999996697121,-1.881157049986315e-06,0.9999999996714815,-1.8811570506054195e-06,-1.8811570506054195e-06,0,1.0450872499923974e-05,1.0450872503363442e-05,2.198129442157285e-15,0.0,0.0,6.167905692361981e-14,169439563.786875,resolved
C,lambda_1.872983346207417,yoshida4,controlled_q0.050_phi0.000000000000,-1,0.18,-0.18,0.9999999996697116,1.0293962489678691e-05,0.9999999997226945,1.0293962492715065e-05,1.0293962492715065e-05,0,-5.718868049821495e-05,-5.71886805150837e-05,2.198129442157285e-15,0.0,0.0,6.167905692361981e-14,927197712.6536564,resolved
C,lambda_1.872983346207417,yoshida4,controlled_q0.050_phi1.570796326795,-1,0.18,-0.18,0.9999999996697121,2.2752467624259642e-06,0.9999999996723005,2.2752467631735246e-06,2.2752467631735246e-06,0,-1.2640259791255358e-05,-1.264025979540847e-05,2.198129442157285e-15,0.0,0.0,6.167905692361981e-14,204936009.42875,resolved
C,lambda_1.872983346207417,yoshida4,controlled_q0.050_phi3.141592653590,-1,0.18,-0.18,0.9999999996697116,-1.1384196717923902e-05,0.9999999997345116,-1.1384196721192172e-05,-1.1384196721192172e-05,0,6.324553732179946e-05,6.324553733995651e-05,2.198129442157285e-15,0.0,0.0,6.167905692361981e-14,1025397281.9350903,resolved
C,lambda_1.872983346207417,yoshida4,controlled_q0.050_phi4.712388980385,-1,0.18,-0.18,0.9999999996697119,-3.365480990669134e-06,0.9999999996753751,-3.365480991768006e-06,-3.365480991768006e-06,0,1.8697116614828522e-05,1.8697116620933367e-05,2.198129442157285e-15,0.0,0.0,6.167905692361981e-14,303135578.71,resolved
C,lambda_1.872983346207417,yoshida4,controlled_q0.001_phi0.000000000000,-1,0.27,-0.27,0.9999999818382449,1.158687467679129e-06,0.9999999818389161,1.158687488722409e-06,1.158687488722409e-06,0,-4.291435065478255e-06,-4.291435143416329e-06,2.198129442157285e-15,0.0,0.0,4.11193712824132e-14,104365288.95357178,resolved
C,lambda_1.872983346207417,yoshida4,controlled_q0.001_phi1.570796326795,-1,0.27,-0.27,0.9999999818382449,-5.522837701844516e-06,0.9999999818534958,-5.522837802092791e-06,-5.522837802092791e-06,0,2.0454954451275984e-05,2.0454954822565893e-05,2.198129442157285e-15,0.0,0.0,4.11193712824132e-14,497452996.3210938,resolved
C,lambda_1.872983346207417,yoshida4,controlled_q0.001_phi3.141592653590,-1,0.27,-0.27,0.9999999818382443,-2.1170565165208506e-05,0.9999999820623408,-2.1170565546540313e-05,-2.1170565546540313e-05,0,7.840950061188336e-05,7.840950202422338e-05,2.198129442157285e-15,0.0,0.0,4.11193712824132e-14,1906874987.785117,resolved
C,lambda_1.872983346207417,yoshida4,controlled_q0.001_phi4.712388980385,-1,0.27,-0.27,0.9999999818382448,-1.4489039995688527e-05,0.9999999819432109,-1.4489040257821024e-05,-1.4489040257821024e-05,0,5.3663111095142686e-05,5.366311206600379e-05,2.198129442157285e-15,0.0,0.0,4.11193712824132e-14,1305056702.5107813,resolved
C,lambda_1.872983346207417,yoshida4,controlled_q0.010_phi0.000000000000,-1,0.27,-0.27,0.9999999818382443,2.532078311032362e-05,0.9999999821588154,2.5320783564782098e-05,2.5320783564782098e-05,0,-9.378067818638377e-05,-9.378067986956332e-05,2.198129442157285e-15,0.0,0.0,4.11193712824132e-14,2280693387.607652,resolved
C,lambda_1.872983346207417,yoshida4,controlled_q0.010_phi1.570796326795,-1,0.27,-0.27,0.9999999818382448,4.287335604882814e-06,0.9999999818474354,4.287335682722086e-06,4.287335682722086e-06,0,-1.5879020758825236e-05,-1.5879021047118836e-05,2.198129442157285e-15,0.0,0.0,4.11193712824132e-14,386168860.65125006,resolved
C,lambda_1.872983346207417,yoshida4,controlled_q0.010_phi3.141592653590,-1,0.27,-0.27,0.9999999818382447,-4.49717251379577e-05,0.9999999828494728,-4.4971725924405406e-05,-4.4971725924405406e-05,0,0.0001665619449553989,0.00016656194786816817,2.198129442157285e-15,0.0,0.0,4.11193712824132e-14,4050692891.470294,resolved
C,lambda_1.872983346207417,yoshida4,controlled_q0.010_phi4.712388980385,-1,0.27,-0.27,0.9999999818382448,-2.3938277632501448e-05,0.9999999821247654,-2.3938278062690054e-05,-2.3938278062690054e-05,0,8.866028752778314e-05,8.866028912107427e-05,2.198129442157285e-15,0.0,0.0,4.11193712824132e-14,2156168364.5125003,resolved
C,lambda_1.872983346207417,yoshida4,controlled_q0.050_phi0.000000000000,-1,0.27,-0.27,0.9999999818382443,6.796198729248939e-05,0.9999999841476602,6.796198842216342e-05,6.796198842216342e-05,0,-0.00025171106404625696,-0.0002517110682302349,2.198129442157285e-15,0.0,0.0,4.11193712824132e-14,6121471612.916272,resolved
C,lambda_1.872983346207417,yoshida4,controlled_q0.050_phi1.570796326795,-1,0.27,-0.27,0.9999999818382446,2.1889711054934313e-05,0.9999999820778243,2.1889711448993678e-05,2.1889711448993678e-05,0,-8.107300390716412e-05,-8.107300536664325e-05,2.198129442157285e-15,0.0,0.0,4.11193712824132e-14,1971649891.005,resolved
C,lambda_1.872983346207417,yoshida4,controlled_q0.050_phi3.141592653590,-1,0.27,-0.27,0.9999999818382442,-8.600877078725541e-05,0.9999999855369986,-8.600877213724217e-05,-8.600877213724217e-05,0,0.00031855100291576077,0.00031855100791571174,2.198129442157285e-15,0.0,0.0,4.11193712824132e-14,7746981361.361558,resolved
C,lambda_1.872983346207417,yoshida4,controlled_q0.050_phi4.712388980385,-1,0.27,-0.27,0.9999999818382446,-3.9936494549697166e-05,0.9999999826357063,-3.9936495253782136e-05,-3.9936495253782136e-05,0,0.00014791294277665616,0.00014791294538437827,2.198129442157285e-15,0.0,0.0,4.11193712824132e-14,3597159639.4500003,resolved
C,lambda_1.872983346207417,yoshida4,controlled_q0.001_phi0.000000000000,-1,0.4,-0.4,0.9999991648184738,-7.777842985532682e-05,0.9999991678432184,-7.777849465764864e-05,-7.777849465764864e-05,0,0.00019444607463831704,0.0001944462366441216,2.5121479338940403e-15,0.0,0.0,2.7755575615628914e-14,7005658154.278242,resolved
C,lambda_1.872983346207417,yoshida4,controlled_q0.001_phi1.570796326795,-1,0.4,-0.4,0.9999991648184736,-0.00010279780911801213,0.9999991701021728,-0.00010279789461081257,-0.00010279789461081257,0,0.00025699452279503033,0.0002569947365270314,2.5121479338940403e-15,0.0,0.0,2.7755575615628914e-14,9259203496.767656,resolved
C,lambda_1.872983346207417,yoshida4,controlled_q0.001_phi3.141592653590,-1,0.4,-0.4,0.9999991648184732,-0.000214832665377644,0.9999991878950293,-0.0002148328414969965,-0.0002148328414969965,0,0.00053708166344411,0.0005370821037424912,2.5121479338940403e-15,0.0,0.0,2.7755575615628914e-14,19350406234.835358,resolved
C,lambda_1.872983346207417,yoshida4,controlled_q0.001_phi4.712388980385,-1,0.4,-0.4,0.9999991648184737,-0.00018981328611495686,0.9999991828330304,-0.00018981344236403401,-0.00018981344236403401,0,0.00047453321528739215,0.00047453360591008504,2.5121479338940403e-15,0.0,0.0,2.7755575615628914e-14,17096860892.345781,resolved
C,lambda_1.872983346207417,yoshida4,controlled_q0.010_phi0.000000000000,-1,0.4,-0.4,0.9999991648184733,7.205666083237664e-05,0.9999991674145566,7.205672088810864e-05,7.205672088810864e-05,0,-0.0001801416520809416,-0.00018014180222027158,2.5121479338940403e-15,0.0,0.0,2.7755575615628914e-14,6490287017.485073,resolved
C,lambda_1.872983346207417,yoshida4,controlled_q0.010_phi1.570796326795,-1,0.4,-0.4,0.9999991648184737,-6.704368571697206e-06,0.999999164840948,-6.704374170966208e-06,-6.704374170966208e-06,0,1.6760921429243014e-05,1.676093542741552e-05,2.5121479338940403e-15,0.0,0.0,2.7755575615628914e-14,603875836.025,resolved
C,lambda_1.872983346207417,yoshida4,controlled_q0.010_phi3.141592653590,-1,0.4,-0.4,0.9999991648184736,-0.0003593902012415064,0.9999992293991838,-0.0003593904859246725,-0.0003593904859246725,0,0.0008984755031037659,0.0008984762148116812,2.5121479338940403e-15,0.0,0.0,2.7755575615628914e-14,32370991527.837112,resolved
C,lambda_1.872983346207417,yoshida4,controlled_q0.010_phi4.712388980385,-1,0.4,-0.4,0.9999991648184738,-0.00028062917183744457,0.999999204194872,-0.0002806293988471509,-0.0002806293988471509,0,0.0007015729295936114,0.0007015734971178772,2.5121479338940403e-15,0.0,0.0,2.7755575615628914e-14,25276828674.328125,resolved
C,lambda_1.872983346207417,yoshida4,controlled_q0.050_phi0.000000000000,-1,0.4,-0.4,0.9999991648184732,0.0003405880179736864,0.999999222818619,0.0003405882892572869,0.0003405882892572869,0,-0.000851470044934216,-0.0008514707231432173,2.5121479338940403e-15,0.0,0.0,2.7755575615628914e-14,30677441416.662994,resolved
C,lambda_1.872983346207417,yoshida4,controlled_q0.050_phi1.570796326795,-1,0.4,-0.4,0.9999991648184736,0.00016806756441910264,0.9999991789418384,0.00016806770320368922,0.00016806770320368922,0,-0.0004201689110477566,-0.00042016925800922306,2.5121479338940403e-15,0.0,0.0,2.7755575615628914e-14,15138180409.81875,resolved
C,lambda_1.872983346207417,yoshida4,controlled_q0.050_phi3.141592653590,-1,0.4,-0.4,0.9999991648184733,-0.0006044657591657445,0.9999993475080362,-0.0006044661903849646,-0.0006044661903849646,0,0.0015111643979143611,0.0015111654759624115,2.5121479338940403e-15,0.0,0.0,2.7755575615628914e-14,54445435354.74142,resolved
C,lambda_1.872983346207417,yoshida4,controlled_q0.050_phi4.712388980385,-1,0.4,-0.4,0.9999991648184736,-0.0004319453056111644,0.9999992581069207,-0.000431945639500491,-0.000431945639500491,0,0.001079863264027911,0.0010798640987512275,2.5121479338940403e-15,0.0,0.0,2.7755575615628914e-14,38906174347.8975,resolved
C,lambda_1.872983346207417,yoshida4,controlled_q0.001_phi0.000000000000,1,0.05,0.05,1.0,-2.648789455238713e-09,1.0,-2.648789455238713e-09,-2.648789455238713e-09,0,-5.2975789104774256e-08,-5.2975789104774256e-08,1.5700924586837751e-15,0.0,0.0,2.220446049250313e-13,238581.74407191933,resolved
C,lambda_1.872983346207417,yoshida4,controlled_q0.001_phi1.570796326795,1,0.05,0.05,1.0,2.7215424532045507e-10,1.0,2.7215424532045507e-10,2.7215424532045507e-10,0,5.443084906409101e-09,5.443084906409101e-09,1.5700924586837751e-15,0.0,0.0,2.220446049250313e-13,24513.47515625,resolved
C,lambda_1.872983346207417,yoshida4,controlled_q0.001_phi3.141592653590,1,0.05,0.05,0.9999999999999996,2.806692881166034e-09,0.9999999999999996,2.806692881166035e-09,2.806692881166035e-09,0,5.6133857623320676e-08,5.61338576233207e-08,1.5700924586837751e-15,0.0,0.0,2.220446049250313e-13,252804.42027525548,resolved
C,lambda_1.872983346207417,yoshida4,controlled_q0.001_phi4.712388980385,1,0.05,0.05,1.0000000000000002,-1.142508240792317e-10,1.0000000000000002,-1.1425082407923168e-10,-1.1425082407923168e-10,0,-2.285016481584634e-09,-2.2850164815846333e-09,1.5700924586837751e-15,0.0,0.0,2.220446049250313e-13,10290.799375,resolved
C,lambda_1.872983346207417,yoshida4,controlled_q0.010_phi0.000000000000,1,0.05,0.05,0.9999999999999997,-8.509404023795645e-09,0.9999999999999997,-8.509404023795649e-09,-8.509404023795649e-09,0,-1.701880804759129e-07,-1.7018808047591297e-07,1.5700924586837751e-15,0.0,0.0,2.220446049250313e-13,766458.9758142213,resolved
C,lambda_1.872983346207417,yoshida4,controlled_q0.010_phi1.570796326795,1,0.05,0.05,1.0000000000000002,6.857294870821207e-10,1.0000000000000002,6.857294870821206e-10,6.857294870821206e-10,0,1.3714589741642413e-08,1.371458974164241e-08,1.5700924586837751e-15,0.0,0.0,2.220446049250313e-13,61765.02125,resolved
C,lambda_1.872983346207417,yoshida4,controlled_q0.010_phi3.141592653590,1,0.05,0.05,1.0,8.664459492141116e-09,1.0,8.664459492141116e-09,8.664459492141116e-09,0,1.732891898428223e-07,1.732891898428223e-07,1.5700924586837751e-15,0.0,0.0,2.220446049250313e-13,780425.1308034697,resolved
C,lambda_1.872983346207417,yoshida4,controlled_q0.010_phi4.712388980385,1,0.05,0.05,1.0,-5.306740324950709e-10,1.0,-5.306740324950709e-10,-5.306740324950709e-10,0,-1.0613480649901419e-08,-1.0613480649901419e-08,1.5700924586837751e-15,0.0,0.0,2.220446049250313e-13,47798.8675,resolved
C,lambda_1.872983346207417,yoshida4,controlled_q0.050_phi0.000000000000,1,0.05,0.05,0.9999999999999997,-1.8737866568309545e-08,0.9999999999999999,-1.873786656830955e-08,-1.873786656830955e-08,0,-3.747573313661909e-07,-3.7475733136619093e-07,1.5700924586837751e-15,0.0,0.0,2.220446049250313e-13,1687756.9778951388,resolved
C,lambda_1.872983346207417,yoshida4,controlled_q0.050_phi1.570796326795,1,0.05,0.05,0.9999999999999999,1.4034217954428385e-09,0.9999999999999999,1.4034217954428387e-09,1.4034217954428387e-09,0,2.806843590885677e-08,2.8068435908856774e-08,1.5700924586837751e-15,0.0,0.0,2.220446049250313e-13,126408.9975,resolved
C,lambda_1.872983346207417,yoshida4,controlled_q0.050_phi3.141592653590,1,0.05,0.05,0.9999999999999997,1.8880264447402332e-08,0.9999999999999999,1.8880264447402335e-08,1.8880264447402335e-08,0,3.776052889480466e-07,3.7760528894804667e-07,1.5700924586837751e-15,0.0,0.0,2.220446049250313e-13,1700583.0385995512,resolved
C,lambda_1.872983346207417,yoshida4,controlled_q0.050_phi4.712388980385,1,0.05,0.05,0.9999999999999998,-1.2610239241706012e-09,0.9999999999999998,-1.2610239241706014e-09,-1.2610239241706014e-09,0,-2.5220478483412023e-08,-2.5220478483412027e-08,1.5700924586837751e-15,0.0,0.0,2.220446049250313e-13,113582.9375,resolved
C,lambda_1.872983346207417,yoshida4,controlled_q0.001_phi0.000000000000,1,0.08,0.08,0.9999999999998986,-2.631235636562087e-08,0.999999999999899,-2.631235636562353e-08,-2.631235636562353e-08,0,-3.2890445457026085e-07,-3.289044545702941e-07,1.5700924586837751e-15,0.0,0.0,1.3877787807814457e-13,2370006.3664689967,resolved
C,lambda_1.872983346207417,yoshida4,controlled_q0.001_phi1.570796326795,1,0.08,0.08,0.9999999999998986,5.342685495401955e-09,0.9999999999998986,5.342685495402497e-09,5.342685495402497e-09,0,6.678356869252444e-08,6.678356869253122e-08,1.5700924586837751e-15,0.0,0.0,1.3877787807814457e-13,481226.328125,resolved
C,lambda_1.872983346207417,yoshida4,controlled_q0.001_phi3.141592653590,1,0.08,0.08,0.9999999999998982,3.053823328605826e-08,0.9999999999998986,3.053823328606136e-08,3.053823328606136e-08,0,3.8172791607572827e-07,3.8172791607576697e-07,1.5700924586837751e-15,0.0,0.0,1.3877787807814457e-13,2750639.520952905,resolved
C,lambda_1.872983346207417,yoshida4,controlled_q0.001_phi4.712388980385,1,0.08,0.08,0.9999999999998986,-1.116808572704242e-09,0.9999999999998986,-1.1168085727043552e-09,-1.1168085727043552e-09,0,-1.3960107158803026e-08,-1.396010715880444e-08,1.5700924586837751e-15,0.0,0.0,1.3877787807814457e-13,100593.1734375,resolved
C,lambda_1.872983346207417,yoshida4,controlled_q0.010_phi0.000000000000,1,0.08,0.08,0.9999999999998982,-8.740802544419356e-08,0.999999999999902,-8.740802544420224e-08,-8.740802544420224e-08,0,-1.0926003180524195e-06,-1.0926003180525281e-06,1.5700924586837751e-15,0.0,0.0,1.3877787807814457e-13,7873015.016393219,resolved
C,lambda_1.872983346207417,yoshida4,controlled_q0.010_phi1.570796326795,1,0.08,0.08,0.9999999999998986,1.2242076054269635e-08,0.9999999999998987,1.2242076054270876e-08,1.2242076054270876e-08,0,1.5302595067837044e-07,1.5302595067838595e-07,1.5700924586837751e-15,0.0,0.0,1.3877787807814457e-13,1102668.183125,resolved
C,lambda_1.872983346207417,yoshida4,controlled_q0.010_phi3.141592653590,1,0.08,0.08,0.9999999999998985,9.155768414362098e-08,0.9999999999999027,9.155768414363002e-08,9.155768414363002e-08,0,1.1444710517952622e-06,1.1444710517953753e-06,1.5700924586837751e-15,0.0,0.0,1.3877787807814457e-13,8246783.04384234,resolved
C,lambda_1.872983346207417,yoshida4,controlled_q0.010_phi4.712388980385,1,0.08,0.08,0.9999999999998986,-8.092417347338454e-09,0.9999999999998986,-8.092417347339275e-09,-8.092417347339275e-09,0,-1.0115521684173068e-07,-1.0115521684174093e-07,1.5700924586837751e-15,0.0,0.0,1.3877787807814457e-13,728900.155,resolved
C,lambda_1.872983346207417,yoshida4,controlled_q0.050_phi0.000000000000,1,0.08,0.08,0.9999999999998981,-1.9410039674983497e-07,0.999999999999917,-1.941003967498523e-07,-1.941003967498523e-07,0,-2.426254959372937e-06,-2.4262549593731537e-06,1.5700924586837751e-15,0.0,0.0,1.3877787807814457e-13,17483009.48950044,resolved
C,lambda_1.872983346207417,yoshida4,controlled_q0.050_phi1.570796326795,1,0.08,0.08,0.9999999999998985,2.4176088936345153e-08,0.9999999999998989,2.41760889363476e-08,2.41760889363476e-08,0,3.022011117043144e-07,3.02201111704345e-07,1.5700924586837751e-15,0.0,0.0,1.3877787807814457e-13,2177588.5025,resolved
C,lambda_1.872983346207417,yoshida4,controlled_q0.050_phi3.141592653590,1,0.08,0.08,0.9999999999998982,1.9791130780032967e-07,0.9999999999999177,1.9791130780034725e-07,1.9791130780034725e-07,0,2.4738913475041208e-06,2.4738913475043406e-06,1.5700924586837751e-15,0.0,0.0,1.3877787807814457e-13,17826265.841239445,resolved
C,lambda_1.872983346207417,yoshida4,controlled_q0.050_phi4.712388980385,1,0.08,0.08,0.9999999999998984,-2.0365177877401663e-08,0.9999999999998986,-2.0365177877403728e-08,-2.0365177877403728e-08,0,-2.545647234675208e-07,-2.545647234675466e-07,1.5700924586837751e-15,0.0,0.0,1.3877787807814457e-13,1834332.15,resolved
C,lambda_1.872983346207417,yoshida4,controlled_q0.001_phi0.000000000000,1,0.12,0.12,0.9999999999941507,-1.77231312248467e-07,0.9999999999941663,-1.7723131224950184e-07,-1.7723131224950184e-07,0,-1.4769276020705584e-06,-1.476927602079182e-06,1.2560739669470201e-15,0.0,0.0,9.251858538542972e-14,15963577.436011601,resolved
C,lambda_1.872983346207417,yoshida4,controlled_q0.001_phi1.570796326795,1,0.12,0.12,0.9999999999941507,7.239487451182747e-08,0.9999999999941533,7.23948745122508e-08,7.23948745122508e-08,0,6.032906209318956e-07,6.032906209354233e-07,1.2560739669470201e-15,0.0,0.0,9.251858538542972e-14,6520750.5975,resolved
C,lambda_1.872983346207417,yoshida4,controlled_q0.001_phi3.141592653590,1,0.12,0.12,0.9999999999941501,2.4898694681301737e-07,0.9999999999941811,2.4898694681446876e-07,2.4898694681446876e-07,0,2.0748912234418114e-06,2.0748912234539066e-06,1.2560739669470201e-15,0.0,0.0,9.251858538542972e-14,22426750.41774445,resolved
C,lambda_1.872983346207417,yoshida4,controlled_q0.001_phi4.712388980385,1,0.12,0.12,0.9999999999941507,-6.392399509030922e-10,0.9999999999941507,-6.392399509068313e-10,-6.392399509068313e-10,0,-5.326999590859102e-09,-5.326999590890261e-09,1.2560739669470201e-15,0.0,0.0,9.251858538542972e-14,57577.61609375,resolved
C,lambda_1.872983346207417,yoshida4,controlled_q0.010_phi0.000000000000,1,0.12,0.12,0.9999999999941501,-6.356370174219765e-07,0.9999999999943522,-6.356370174256093e-07,-6.356370174256093e-07,0,-5.296975145183137e-06,-5.296975145213411e-06,1.2560739669470201e-15,0.0,0.0,9.251858538542972e-14,57253092.69609013,resolved
C,lambda_1.872983346207417,yoshida4,controlled_q0.010_phi1.570796326795,1,0.12,0.12,0.9999999999941507,1.5018645283665366e-07,0.999999999994162,1.5018645283753103e-07,1.5018645283753103e-07,0,1.2515537736387805e-06,1.2515537736460919e-06,1.2560739669470201e-15,0.0,0.0,9.251858538542972e-14,13527593.060625,resolved
C,lambda_1.872983346207417,yoshida4,controlled_q0.010_phi3.141592653590,1,0.12,0.12,0.9999999999941506,7.060984621847619e-07,0.9999999999943998,7.060984621887748e-07,7.060984621887748e-07,0,5.884153851539683e-06,5.884153851573124e-06,1.2560739669470201e-15,0.0,0.0,9.251858538542972e-14,63599695.42364348,resolved
C,lambda_1.872983346207417,yoshida4,controlled_q0.010_phi4.712388980385,1,0.12,0.12,0.9999999999941506,-7.972500807446048e-08,0.9999999999941538,-7.972500807492665e-08,-7.972500807492665e-08,0,-6.643750672871707e-07,-6.643750672910555e-07,1.2560739669470201e-15,0.0,0.0,9.251858538542972e-14,7180990.333125,resolved
C,lambda_1.872983346207417,yoshida4,controlled_q0.050_phi0.000000000000,1,0.12,0.12,0.9999999999941502,-1.437133498339117e-06,0.999999999995183,-1.4371334983465345e-06,-1.4371334983465345e-06,0,-1.1976112486159308e-05,-1.1976112486221122e-05,1.2560739669470201e-15,0.0,0.0,9.251858538542972e-14,129445477.75203408,resolved
C,lambda_1.872983346207417,yoshida4,controlled_q0.050_phi1.570796326795,1,0.12,0.12,0.9999999999941505,2.841571263151321e-07,0.9999999999941909,2.8415712631678664e-07,2.8415712631678664e-07,0,2.3679760526261013e-06,2.367976052639889e-06,1.2560739669470201e-15,0.0,0.0,9.251858538542972e-14,25594598.563750003,resolved
C,lambda_1.872983346207417,yoshida4,controlled_q0.050_phi3.141592653590,1,0.12,0.12,0.9999999999941502,1.5018429884273898e-06,0.999999999995278,1.5018429884350461e-06,1.5018429884350461e-06,0,1.2515358236894916e-05,1.2515358236958718e-05,1.2560739669470201e-15,0.0,0.0,9.251858538542972e-14,135273990.4610117,resolved
C,lambda_1.872983346207417,yoshida4,controlled_q0.050_phi4.712388980385,1,0.12,0.12,0.9999999999941505,-2.1944763624326402e-07,0.9999999999941745,-2.1944763624454418e-07,-2.1944763624454418e-07,0,-1.8287303020272003e-06,-1.8287303020378683e-06,1.2560739669470201e-15,0.0,0.0,9.251858538542972e-14,19766085.85625,resolved
C,lambda_1.872983346207417,yoshida4,controlled_q0.001_phi0.000000000000,1,0.18,0.18,0.9999999996697122,-9.674381079599167e-07,0.9999999996701802,-9.67438108279148e-07,-9.67438108279148e-07,0,-5.374656155332871e-06,-5.374656157106378e-06,2.198129442157285e-15,0.0,0.0,6.167905692361981e-14,87139078.05024599,resolved
C,lambda_1.872983346207417,yoshida4,controlled_q0.001_phi1.570796326795,1,0.18,0.18,0.9999999996697122,1.0134910509336514e-06,0.9999999996702258,1.0134910512680482e-06,1.0134910512680482e-06,0,5.630505838520286e-06,5.630505840378046e-06,2.198129442157285e-15,0.0,0.0,6.167905692361981e-14,91287158.3865625,resolved
C,lambda_1.872983346207417,yoshida4,controlled_q0.001_phi3.141592653590,1,0.18,0.18,0.9999999996697116,2.1763867299473785e-06,0.99999999967208,2.1763867306627774e-06,2.1763867306627774e-06,0,1.2091037388596547e-05,1.2091037392570987e-05,2.198129442157285e-15,0.0,0.0,6.167905692361981e-14,196031489.32010213,resolved
C,lambda_1.872983346207417,yoshida4,controlled_q0.001_phi4.712388980385,1,0.18,0.18,0.9999999996697122,1.9545757105367267e-07,0.9999999996697313,1.9545757111822744e-07,1.9545757111822744e-07,0,1.085875394742626e-06,1.0858753951012635e-06,2.198129442157285e-15,0.0,0.0,6.167905692361981e-14,17605252.88328125,resolved
C,lambda_1.872983346207417,yoshida4,controlled_q0.010_phi0.000000000000,1,0.18,0.18,0.9999999996697118,-4.3548098016725e-06,0.999999999679194,-4.354809803083314e-06,-4.354809803083314e-06,0,-2.4193387787069444e-05,-2.4193387794907298e-05,2.198129442157285e-15,0.0,0.0,6.167905692361981e-14,392246396.0016331,resolved
C,lambda_1.872983346207417,yoshida4,controlled_q0.010_phi1.570796326795,1,0.18,0.18,0.9999999996697121,1.881157049986315e-06,0.9999999996714815,1.8811570506054195e-06,1.8811570506054195e-06,0,1.0450872499923974e-05,1.0450872503363442e-05,2.198129442157285e-15,0.0,0.0,6.167905692361981e-14,169439563.786875,resolved
C,lambda_1.872983346207417,yoshida4,controlled_q0.010_phi3.141592653590,1,0.18,0.18,0.9999999996697121,5.541953739095059e-06,0.9999999996850687,5.541953740868762e-06,5.541953740868762e-06,0,3.078863188386144e-05,3.078863189371534e-05,2.198129442157285e-15,0.0,0.0,6.167905692361981e-14,499174815.88586074,resolved
C,lambda_1.872983346207417,yoshida4,controlled_q0.010_phi4.712388980385,1,0.18,0.18,0.9999999996697121,-6.940131125551807e-07,0.9999999996699529,-6.940131127842934e-07,-6.940131127842934e-07,0,-3.855628403084337e-06,-3.8556284043571854e-06,2.198129442157285e-15,0.0,0.0,6.167905692361981e-14,62511143.901875,resolved
C,lambda_1.872983346207417,yoshida4,controlled_q0.050_phi0.000000000000,1,0.18,0.18,0.9999999996697116,-1.0293962489678691e-05,0.9999999997226945,-1.0293962492715065e-05,-1.0293962492715065e-05,0,-5.718868049821495e-05,-5.71886805150837e-05,2.198129442157285e-15,0.0,0.0,6.167905692361981e-14,927197712.6536564,resolved
C,lambda_1.872983346207417,yoshida4,controlled_q0.050_phi1.570796326795,1,0.18,0.18,0.999999999669712,3.365480990669134e-06,0.9999999996753752,3.3654809917680056e-06,3.3654809917680056e-06,0,1.8697116614828522e-05,1.8697116620933367e-05,2.198129442157285e-15,0.0,0.0,6.167905692361981e-14,303135578.71,resolved
C,lambda_1.872983346207417,yoshida4,controlled_q0.050_phi3.141592653590,1,0.18,0.18,0.9999999996697116,1.1384196717923904e-05,0.9999999997345116,1.1384196721192174e-05,1.1384196721192174e-05,0,6.324553732179946e-05,6.324553733995653e-05,2.198129442157285e-15,0.0,0.0,6.167905692361981e-14,1025397281.9350903,resolved
C,lambda_1.872983346207417,yoshida4,controlled_q0.050_phi4.712388980385,1,0.18,0.18,0.999999999669712,-2.275246762439842e-06,0.9999999996723004,-2.275246763187403e-06,-2.275246763187403e-06,0,-1.2640259791332456e-05,-1.264025979548557e-05,2.198129442157285e-15,0.0,0.0,6.167905692361981e-14,204936009.43,resolved
C,lambda_1.872983346207417,yoshida4,controlled_q0.001_phi0.000000000000,1,0.27,0.27,0.9999999818382449,-1.158687467679129e-06,0.9999999818389161,-1.158687488722409e-06,-1.158687488722409e-06,0,-4.291435065478255e-06,-4.291435143416329e-06,2.198129442157285e-15,0.0,0.0,4.11193712824132e-14,104365288.95357178,resolved
C,lambda_1.872983346207417,yoshida4,controlled_q0.001_phi1.570796326795,1,0.27,0.27,0.9999999818382448,1.4489039995688527e-05,0.9999999819432109,1.4489040257821024e-05,1.4489040257821024e-05,0,5.3663111095142686e-05,5.366311206600379e-05,2.198129442157285e-15,0.0,0.0,4.11193712824132e-14,1305056702.5107813,resolved
C,lambda_1.872983346207417,yoshida4,controlled_q0.001_phi3.141592653590,1,0.27,0.27,0.9999999818382443,2.1170565165208512e-05,0.9999999820623408,2.117056554654032e-05,2.117056554654032e-05,0,7.840950061188337e-05,7.84095020242234e-05,2.198129442157285e-15,0.0,0.0,4.11193712824132e-14,1906874987.7851171,resolved
C,lambda_1.872983346207417,yoshida4,controlled_q0.001_phi4.712388980385,1,0.27,0.27,0.9999999818382449,5.522837701844516e-06,0.9999999818534958,5.522837802092791e-06,5.522837802092791e-06,0,2.0454954451275984e-05,2.0454954822565893e-05,2.198129442157285e-15,0.0,0.0,4.11193712824132e-14,497452996.3210938,resolved
C,lambda_1.872983346207417,yoshida4,controlled_q0.010_phi0.000000000000,1,0.27,0.27,0.9999999818382443,-2.532078311032362e-05,0.9999999821588154,-2.5320783564782098e-05,-2.5320783564782098e-05,0,-9.378067818638377e-05,-9.378067986956332e-05,2.198129442157285e-15,0.0,0.0,4.11193712824132e-14,2280693387.607652,resolved
C,lambda_1.872983346207417,yoshida4,controlled_q0.010_phi1.570796326795,1,0.27,0.27,0.9999999818382448,2.3938277632501448e-05,0.9999999821247654,2.3938278062690054e-05,2.3938278062690054e-05,0,8.866028752778314e-05,8.866028912107427e-05,2.198129442157285e-15,0.0,0.0,4.11193712824132e-14,2156168364.5125003,resolved
C,lambda_1.872983346207417,yoshida4,controlled_q0.010_phi3.141592653590,1,0.27,0.27,0.9999999818382447,4.497172513795769e-05,0.9999999828494728,4.497172592440539e-05,4.497172592440539e-05,0,0.00016656194495539883,0.00016656194786816812,2.198129442157285e-15,0.0,0.0,4.11193712824132e-14,4050692891.4702926,resolved
C,lambda_1.872983346207417,yoshida4,controlled_q0.010_phi4.712388980385,1,0.27,0.27,0.9999999818382448,-4.287335604882814e-06,0.9999999818474354,-4.287335682722086e-06,-4.287335682722086e-06,0,-1.5879020758825236e-05,-1.5879021047118836e-05,2.198129442157285e-15,0.0,0.0,4.11193712824132e-14,386168860.65125006,resolved
C,lambda_1.872983346207417,yoshida4,controlled_q0.050_phi0.000000000000,1,0.27,0.27,0.9999999818382443,-6.796198729248939e-05,0.9999999841476602,-6.796198842216342e-05,-6.796198842216342e-05,0,-0.00025171106404625696,-0.0002517110682302349,2.198129442157285e-15,0.0,0.0,4.11193712824132e-14,6121471612.916272,resolved
C,lambda_1.872983346207417,yoshida4,controlled_q0.050_phi1.570796326795,1,0.27,0.27,0.9999999818382447,3.9936494549697166e-05,0.9999999826357064,3.9936495253782136e-05,3.9936495253782136e-05,0,0.00014791294277665616,0.00014791294538437827,2.198129442157285e-15,0.0,0.0,4.11193712824132e-14,3597159639.4500003,resolved
C,lambda_1.872983346207417,yoshida4,controlled_q0.050_phi3.141592653590,1,0.27,0.27,0.9999999818382442,8.600877078725543e-05,0.9999999855369986,8.600877213724219e-05,8.600877213724219e-05,0,0.0003185510029157608,0.0003185510079157118,2.198129442157285e-15,0.0,0.0,4.11193712824132e-14,7746981361.361559,resolved
C,lambda_1.872983346207417,yoshida4,controlled_q0.050_phi4.712388980385,1,0.27,0.27,0.9999999818382445,-2.1889711054934313e-05,0.9999999820778241,-2.188971144899368e-05,-2.188971144899368e-05,0,-8.107300390716412e-05,-8.107300536664326e-05,2.198129442157285e-15,0.0,0.0,4.11193712824132e-14,1971649891.005,resolved
C,lambda_1.872983346207417,yoshida4,controlled_q0.001_phi0.000000000000,1,0.4,0.4,0.9999991648184738,7.777842985532682e-05,0.9999991678432184,7.777849465764864e-05,7.777849465764864e-05,0,0.00019444607463831704,0.0001944462366441216,2.5121479338940403e-15,0.0,0.0,2.7755575615628914e-14,7005658154.278242,resolved
C,lambda_1.872983346207417,yoshida4,controlled_q0.001_phi1.570796326795,1,0.4,0.4,0.9999991648184737,0.00018981328611495686,0.9999991828330304,0.00018981344236403401,0.00018981344236403401,0,0.00047453321528739215,0.00047453360591008504,2.5121479338940403e-15,0.0,0.0,2.7755575615628914e-14,17096860892.345781,resolved
C,lambda_1.872983346207417,yoshida4,controlled_q0.001_phi3.141592653590,1,0.4,0.4,0.9999991648184732,0.00021483266537764394,0.9999991878950293,0.00021483284149699644,0.00021483284149699644,0,0.0005370816634441098,0.0005370821037424911,2.5121479338940403e-15,0.0,0.0,2.7755575615628914e-14,19350406234.83535,resolved
C,lambda_1.872983346207417,yoshida4,controlled_q0.001_phi4.712388980385,1,0.4,0.4,0.9999991648184736,0.00010279780911801213,0.9999991701021728,0.00010279789461081257,0.00010279789461081257,0,0.00025699452279503033,0.0002569947365270314,2.5121479338940403e-15,0.0,0.0,2.7755575615628914e-14,9259203496.767656,resolved
C,lambda_1.872983346207417,yoshida4,controlled_q0.010_phi0.000000000000,1,0.4,0.4,0.9999991648184733,-7.205666083237664e-05,0.9999991674145566,-7.205672088810864e-05,-7.205672088810864e-05,0,-0.0001801416520809416,-0.00018014180222027158,2.5121479338940403e-15,0.0,0.0,2.7755575615628914e-14,6490287017.485073,resolved
C,lambda_1.872983346207417,yoshida4,controlled_q0.010_phi1.570796326795,1,0.4,0.4,0.9999991648184738,0.00028062917183744457,0.999999204194872,0.0002806293988471509,0.0002806293988471509,0,0.0007015729295936114,0.0007015734971178772,2.5121479338940403e-15,0.0,0.0,2.7755575615628914e-14,25276828674.328125,resolved
C,lambda_1.872983346207417,yoshida4,controlled_q0.010_phi3.141592653590,1,0.4,0.4,0.9999991648184736,0.0003593902012415065,0.9999992293991838,0.0003593904859246726,0.0003593904859246726,0,0.0008984755031037661,0.0008984762148116814,2.5121479338940403e-15,0.0,0.0,2.7755575615628914e-14,32370991527.83712,resolved
C,lambda_1.872983346207417,yoshida4,controlled_q0.010_phi4.712388980385,1,0.4,0.4,0.9999991648184737,6.704368571697206e-06,0.999999164840948,6.704374170966208e-06,6.704374170966208e-06,0,1.6760921429243014e-05,1.676093542741552e-05,2.5121479338940403e-15,0.0,0.0,2.7755575615628914e-14,603875836.025,resolved
C,lambda_1.872983346207417,yoshida4,controlled_q0.050_phi0.000000000000,1,0.4,0.4,0.9999991648184732,-0.0003405880179736864,0.999999222818619,-0.0003405882892572869,-0.0003405882892572869,0,-0.000851470044934216,-0.0008514707231432173,2.5121479338940403e-15,0.0,0.0,2.7755575615628914e-14,30677441416.662994,resolved
C,lambda_1.872983346207417,yoshida4,controlled_q0.050_phi1.570796326795,1,0.4,0.4,0.9999991648184736,0.0004319453056111505,0.9999992581069207,0.00043194563950047714,0.00043194563950047714,0,0.0010798632640278763,0.0010798640987511928,2.5121479338940403e-15,0.0,0.0,2.7755575615628914e-14,38906174347.89625,resolved
C,lambda_1.872983346207417,yoshida4,controlled_q0.050_phi3.141592653590,1,0.4,0.4,0.9999991648184733,0.0006044657591657447,0.9999993475080362,0.0006044661903849649,0.0006044661903849649,0,0.0015111643979143616,0.0015111654759624121,2.5121479338940403e-15,0.0,0.0,2.7755575615628914e-14,54445435354.74143,resolved
C,lambda_1.872983346207417,yoshida4,controlled_q0.050_phi4.712388980385,1,0.4,0.4,0.9999991648184735,-0.00016806756441911652,0.9999991789418383,-0.00016806770320370313,-0.00016806770320370313,0,-0.0004201689110477913,-0.0004201692580092578,2.5121479338940403e-15,0.0,0.0,2.7755575615628914e-14,15138180409.82,resolved
C,lambda_1.902983346207417,yoshida4,controlled_q0.001_phi0.000000000000,-1,0.05,-0.05,0.9999999999999998,1.084969706940232e-09,0.9999999999999998,1.0849697069402322e-09,1.0849697069402322e-09,0,-2.169939413880464e-08,-2.1699394138804643e-08,6.280369834735101e-16,0.0,0.0,2.220446049250313e-13,97725.3833576861,resolved
C,lambda_1.902983346207417,yoshida4,controlled_q0.001_phi1.570796326795,-1,0.05,-0.05,0.9999999999999997,-1.7238278287451392e-09,0.9999999999999997,-1.7238278287451398e-09,-1.7238278287451398e-09,0,3.4476556574902784e-08,3.44765565749028e-08,6.280369834735101e-16,0.0,0.0,2.220446049250313e-13,155268.60734375,resolved
C,lambda_1.902983346207417,yoshida4,controlled_q0.001_phi3.141592653590,-1,0.05,-0.05,0.9999999999999991,-4.960842795175897e-09,0.9999999999999991,-4.960842795175901e-09,-4.960842795175901e-09,0,9.921685590351793e-08,9.921685590351801e-08,6.280369834735101e-16,0.0,0.0,2.220446049250313e-13,446832.99527595553,resolved
C,lambda_1.902983346207417,yoshida4,controlled_q0.001_phi4.712388980385,-1,0.05,-0.05,0.9999999999999997,-2.1520452607448615e-09,0.9999999999999997,-2.1520452607448623e-09,-2.1520452607448623e-09,0,4.304090521489723e-08,4.304090521489724e-08,6.280369834735101e-16,0.0,0.0,2.220446049250313e-13,193839.0046875,resolved
C,lambda_1.902983346207417,yoshida4,controlled_q0.010_phi0.000000000000,-1,0.05,-0.05,0.9999999999999991,7.613127935065641e-09,0.9999999999999991,7.613127935065648e-09,7.613127935065648e-09,0,-1.5226255870131282e-07,-1.5226255870131295e-07,6.280369834735101e-16,0.0,0.0,2.220446049250313e-13,685729.6026297107,resolved
C,lambda_1.902983346207417,yoshida4,controlled_q0.010_phi1.570796326795,-1,0.05,-0.05,0.9999999999999997,-1.2289693498979126e-09,0.9999999999999997,-1.228969349897913e-09,-1.228969349897913e-09,0,2.4579386997958252e-08,2.457938699795826e-08,6.280369834735101e-16,0.0,0.0,2.220446049250313e-13,110695.718125,resolved
C,lambda_1.902983346207417,yoshida4,controlled_q0.010_phi3.141592653590,-1,0.05,-0.05,0.9999999999999994,-1.1419095496659777e-08,0.9999999999999996,-1.1419095496659784e-08,-1.1419095496659784e-08,0,2.2838190993319552e-07,2.2838190993319565e-07,6.280369834735101e-16,0.0,0.0,2.220446049250313e-13,1028540.6844733015,resolved
C,lambda_1.902983346207417,yoshida4,controlled_q0.010_phi4.712388980385,-1,0.05,-0.05,0.9999999999999998,-2.576998225922722e-09,0.9999999999999998,-2.5769982259227224e-09,-2.5769982259227224e-09,0,5.153996451845444e-08,5.1539964518454446e-08,6.280369834735101e-16,0.0,0.0,2.220446049250313e-13,232115.365,resolved
C,lambda_1.902983346207417,yoshida4,controlled_q0.050_phi0.000000000000,-1,0.05,-0.05,0.9999999999999992,1.9096730193782744e-08,0.9999999999999994,1.9096730193782757e-08,1.9096730193782757e-08,0,-3.819346038756549e-07,-3.8193460387565514e-07,6.280369834735101e-16,0.0,0.0,2.220446049250313e-13,1720080.5396942974,resolved
C,lambda_1.902983346207417,yoshida4,controlled_q0.050_phi1.570796326795,-1,0.05,-0.05,0.9999999999999996,-2.7125729440413693e-10,0.9999999999999996,-2.7125729440413703e-10,-2.7125729440413703e-10,0,5.4251458880827386e-09,5.42514588808274e-09,6.280369834735101e-16,0.0,0.0,2.220446049250313e-13,24432.685,resolved
C,lambda_1.902983346207417,yoshida4,controlled_q0.050_phi3.141592653590,-1,0.05,-0.05,0.9999999999999991,-2.2592006525858995e-08,0.9999999999999993,-2.259200652585901e-08,-2.259200652585901e-08,0,4.518401305171799e-07,4.518401305171802e-07,6.280369834735101e-16,0.0,0.0,2.220446049250313e-13,2034907.0434282077,resolved
C,lambda_1.902983346207417,yoshida4,controlled_q0.050_phi4.712388980385,-1,0.05,-0.05,0.9999999999999994,-3.224019037850745e-09,0.9999999999999994,-3.2240190378507466e-09,-3.2240190378507466e-09,0,6.44803807570149e-08,6.448038075701493e-08,6.280369834735101e-16,0.0,0.0,2.220446049250313e-13,290393.81875,resolved
C,lambda_1.902983346207417,yoshida4,controlled_q0.001_phi0.000000000000,-1,0.08,-0.08,0.9999999999998747,9.738223231185671e-09,0.9999999999998747,9.738223231186892e-09,9.738223231186892e-09,0,-1.217277903898209e-07,-1.2172779038983614e-07,9.42055475210265e-16,0.0,0.0,1.3877787807814457e-13,877141.1703043699,resolved
C,lambda_1.902983346207417,yoshida4,controlled_q0.001_phi1.570796326795,-1,0.08,-0.08,0.9999999999998748,-1.817834794845541e-08,0.9999999999998749,-1.8178347948457682e-08,-1.8178347948457682e-08,0,2.272293493556926e-07,2.2722934935572101e-07,9.42055475210265e-16,0.0,0.0,1.3877787807814457e-13,1637360.0209375,resolved
C,lambda_1.902983346207417,yoshida4,controlled_q0.001_phi3.141592653590,-1,0.08,-0.08,0.9999999999998742,-5.32520139881374e-08,0.9999999999998757,-5.325201398814405e-08,-5.325201398814405e-08,0,6.656501748517175e-07,6.656501748518006e-07,9.42055475210265e-16,0.0,0.0,1.3877787807814457e-13,4796515.00707408,resolved
C,lambda_1.902983346207417,yoshida4,controlled_q0.001_phi4.712388980385,-1,0.08,-0.08,0.9999999999998749,-2.533544281139999e-08,0.9999999999998752,-2.5335442811403152e-08,-2.5335442811403152e-08,0,3.1669303514249986e-07,3.166930351425394e-07,9.42055475210265e-16,0.0,0.0,1.3877787807814457e-13,2282013.81609375,resolved
C,lambda_1.902983346207417,yoshida4,controlled_q0.010_phi0.000000000000,-1,0.08,-0.08,0.9999999999998743,7.778217650315724e-08,0.9999999999998773,7.778217650316686e-08,7.778217650316686e-08,0,-9.722772062894656e-07,-9.722772062895858e-07,9.42055475210265e-16,0.0,0.0,1.3877787807814457e-13,7005995.6223137025,resolved
C,lambda_1.902983346207417,yoshida4,controlled_q0.010_phi1.570796326795,-1,0.08,-0.08,0.9999999999998747,-1.0099215776160353e-08,0.9999999999998747,-1.0099215776161619e-08,-1.0099215776161619e-08,0,1.262401972020044e-07,1.2624019720202024e-07,9.42055475210265e-16,0.0,0.0,1.3877787807814457e-13,909656.488125,resolved
C,lambda_1.902983346207417,yoshida4,controlled_q0.010_phi3.141592653590,-1,0.08,-0.08,0.9999999999998747,-1.2051114939074503e-07,0.9999999999998819,-1.2051114939075956e-07,-1.2051114939075956e-07,0,1.5063893673843128e-06,1.5063893673844945e-06,9.42055475210265e-16,0.0,0.0,1.3877787807814457e-13,10854679.34980299,resolved
C,lambda_1.902983346207417,yoshida4,controlled_q0.010_phi4.712388980385,-1,0.08,-0.08,0.9999999999998748,-3.262975709072968e-08,0.9999999999998753,-3.262975709073376e-08,-3.262975709073376e-08,0,4.0787196363412104e-07,4.0787196363417197e-07,9.42055475210265e-16,0.0,0.0,1.3877787807814457e-13,2939027.2375,resolved
C,lambda_1.902983346207417,yoshida4,controlled_q0.050_phi0.000000000000,-1,0.08,-0.08,0.9999999999998743,1.9755329248002905e-07,0.9999999999998939,1.975532924800513e-07,1.975532924800513e-07,0,-2.469416156000363e-06,-2.4694161560006414e-06,9.42055475210265e-16,0.0,0.0,1.3877787807814457e-13,17794018.68797747,resolved
C,lambda_1.902983346207417,yoshida4,controlled_q0.050_phi1.570796326795,-1,0.08,-0.08,0.9999999999998747,5.055330362657706e-09,0.9999999999998747,5.05533036265834e-09,5.05533036265834e-09,0,-6.319162953322133e-08,-6.319162953322924e-08,9.42055475210265e-16,0.0,0.0,1.3877787807814457e-13,455343.67875,resolved
C,lambda_1.902983346207417,yoshida4,controlled_q0.050_phi3.141592653590,-1,0.08,-0.08,0.9999999999998743,-2.3679418594822205e-07,0.9999999999999024,-2.3679418594824738e-07,-2.3679418594824738e-07,0,2.9599273243527755e-06,2.9599273243530923e-06,9.42055475210265e-16,0.0,0.0,1.3877787807814457e-13,21328524.151998255,resolved
C,lambda_1.902983346207417,yoshida4,controlled_q0.050_phi4.712388980385,-1,0.08,-0.08,0.9999999999998745,-4.429622382784437e-08,0.9999999999998755,-4.42962238278499e-08,-4.42962238278499e-08,0,5.537027978480547e-07,5.537027978481237e-07,9.42055475210265e-16,0.0,0.0,1.3877787807814457e-13,3989849.1425,resolved
C,lambda_1.902983346207417,yoshida4,controlled_q0.001_phi0.000000000000,-1,0.12,-0.12,0.9999999999928084,4.8665891509400634e-08,0.9999999999928096,4.866589150975058e-08,4.866589150975058e-08,0,-4.0554909591167196e-07,-4.0554909591458814e-07,3.454203409104305e-15,0.0,0.0,9.251858538542972e-14,4383433.817347794,resolved
C,lambda_1.902983346207417,yoshida4,controlled_q0.001_phi1.570796326795,-1,0.12,-0.12,0.9999999999928085,-1.4692023244528007e-07,0.9999999999928193,-1.4692023244633558e-07,-1.4692023244633558e-07,0,1.224335270377334e-06,1.2243352703861298e-06,3.454203409104305e-15,0.0,0.0,9.251858538542972e-14,13233398.081875,resolved
C,lambda_1.902983346207417,yoshida4,controlled_q0.001_phi3.141592653590,-1,0.12,-0.12,0.9999999999928079,-4.2339594095964585e-07,0.9999999999928975,-4.233959409626657e-07,-4.233959409626657e-07,0,3.528299507997049e-06,3.5282995080222144e-06,3.454203409104305e-15,0.0,0.0,9.251858538542972e-14,38136116.03872083,resolved
C,lambda_1.902983346207417,yoshida4,controlled_q0.001_phi4.712388980385,-1,0.12,-0.12,0.9999999999928085,-2.2780981700359915e-07,0.9999999999928345,-2.278098170052335e-07,-2.278098170052335e-07,0,1.8984151416966597e-06,1.8984151417102791e-06,3.454203409104305e-15,0.0,0.0,9.251858538542972e-14,20519284.139375,resolved
C,lambda_1.902983346207417,yoshida4,controlled_q0.010_phi0.000000000000,-1,0.12,-0.12,0.9999999999928079,5.590398502411554e-07,0.9999999999929641,5.590398502451178e-07,5.590398502451178e-07,0,-4.6586654186762945e-06,-4.658665418709315e-06,3.454203409104305e-15,0.0,0.0,9.251858538542972e-14,50353833.2246265,resolved
C,lambda_1.902983346207417,yoshida4,controlled_q0.010_phi1.570796326795,-1,0.12,-0.12,0.9999999999928084,-5.666545156018943e-08,0.99999999999281,-5.6665451560596884e-08,-5.6665451560596884e-08,0,4.722120963349119e-07,4.722120963383074e-07,3.454203409104305e-15,0.0,0.0,9.251858538542972e-14,5103970.130625,resolved
C,lambda_1.902983346207417,yoshida4,controlled_q0.010_phi3.141592653590,-1,0.12,-0.12,0.9999999999928083,-9.27011241484883e-07,0.999999999993238,-9.270112414912843e-07,-9.270112414912843e-07,0,7.725093679040692e-06,7.725093679094036e-06,3.454203409104305e-15,0.0,0.0,9.251858538542972e-14,83497749.63439159,resolved
C,lambda_1.902983346207417,yoshida4,controlled_q0.010_phi4.712388980385,-1,0.12,-0.12,0.9999999999928083,-3.113059396722684e-07,0.9999999999928567,-3.1130593967449714e-07,-3.1130593967449714e-07,0,2.59421616393557e-06,2.5942161639541428e-06,3.454203409104305e-15,0.0,0.0,9.251858538542972e-14,28039946.278125,resolved
C,lambda_1.902983346207417,yoshida4,controlled_q0.050_phi0.000000000000,-1,0.12,-0.12,0.999999999992808,1.4585783489726097e-06,0.9999999999938717,1.4585783489820656e-06,1.4585783489820656e-06,0,-1.2154819574771748e-05,-1.2154819574850547e-05,3.454203409104305e-15,0.0,0.0,9.251858538542972e-14,131377058.17847437,resolved
C,lambda_1.902983346207417,yoshida4,controlled_q0.050_phi1.570796326795,-1,0.12,-0.12,0.9999999999928081,1.0991951696071034e-07,0.9999999999928141,1.0991951696150042e-07,1.0991951696150042e-07,0,-9.159959746725862e-07,-9.159959746791702e-07,3.454203409104305e-15,0.0,0.0,9.251858538542972e-14,9900669.9125,resolved
C,lambda_1.902983346207417,yoshida4,controlled_q0.050_phi3.141592653590,-1,0.12,-0.12,0.999999999992808,-1.796511259298483e-06,0.9999999999944217,-1.7965112593094708e-06,-1.7965112593094708e-06,0,1.4970927160820692e-05,1.4970927160912258e-05,3.454203409104305e-15,0.0,0.0,9.251858538542972e-14,161815348.75887096,resolved
C,lambda_1.902983346207417,yoshida4,controlled_q0.050_phi4.712388980385,-1,0.12,-0.12,0.9999999999928081,-4.4785242726830266e-07,0.9999999999929083,-4.4785242727149364e-07,-4.4785242727149364e-07,0,3.732103560569189e-06,3.7321035605957805e-06,3.454203409104305e-15,0.0,0.0,9.251858538542972e-14,40338960.49125,resolved
C,lambda_1.902983346207417,yoshida4,controlled_q0.001_phi0.000000000000,-1,0.18,-0.18,0.9999999995941755,-5.358855788352874e-08,0.999999999594177,-5.3588557905276235e-08,-5.3588557905276235e-08,0,2.9771421046404854e-07,2.97714210584868e-07,1.2560739669470201e-15,0.0,0.0,6.167905692361981e-14,4826828.186311645,resolved
C,lambda_1.902983346207417,yoshida4,controlled_q0.001_phi1.570796326795,-1,0.18,-0.18,0.9999999995941755,-1.340411060032215e-06,0.9999999995950739,-1.3404110605753838e-06,-1.3404110605753838e-06,0,7.446728111290084e-06,7.446728114307688e-06,1.2560739669470201e-15,0.0,0.0,6.167905692361981e-14,120733495.00968751,resolved
C,lambda_1.902983346207417,yoshida4,controlled_q0.001_phi3.141592653590,-1,0.18,-0.18,0.9999999995941751,-3.532442781235358e-06,0.9999999996004142,-3.532442782654219e-06,-3.532442782654219e-06,0,1.9624682117974213e-05,1.9624682125856773e-05,1.2560739669470201e-15,0.0,0.0,6.167905692361981e-14,318174159.8655832,resolved
C,lambda_1.902983346207417,yoshida4,controlled_q0.001_phi4.712388980385,-1,0.18,-0.18,0.9999999995941755,-2.2456202790899216e-06,0.9999999995966969,-2.2456202799974746e-06,-2.2456202799974746e-06,0,1.2475668217166231e-05,1.2475668222208193e-05,1.2560739669470201e-15,0.0,0.0,6.167905692361981e-14,202267493.04250002,resolved
C,lambda_1.902983346207417,yoshida4,controlled_q0.010_phi0.000000000000,-1,0.18,-0.18,0.9999999995941751,3.7150414707281873e-06,0.9999999996010759,3.7150414722187527e-06,3.7150414722187527e-06,0,-2.0639119281823263e-05,-2.0639119290104182e-05,1.2560739669470201e-15,0.0,0.0,6.167905692361981e-14,334621187.6647481,resolved
C,lambda_1.902983346207417,yoshida4,controlled_q0.010_phi1.570796326795,-1,0.18,-0.18,0.9999999995941754,-3.3587697394199534e-07,0.9999999995942318,-3.358769740782898e-07,-3.358769740782898e-07,0,1.865983188566641e-06,1.8659831893238325e-06,1.2560739669470201e-15,0.0,0.0,6.167905692361981e-14,30253108.293750003,resolved
C,lambda_1.902983346207417,yoshida4,controlled_q0.010_phi3.141592653590,-1,0.18,-0.18,0.9999999995941755,-7.236394889903047e-06,0.9999999996203582,-7.236394892713441e-06,-7.236394892713441e-06,0,4.02021938327947e-05,4.020219384840801e-05,1.2560739669470201e-15,0.0,0.0,6.167905692361981e-14,651796506.5934625,resolved
C,lambda_1.902983346207417,yoshida4,controlled_q0.010_phi4.712388980385,-1,0.18,-0.18,0.9999999995941755,-3.1854764452401985e-06,0.9999999995992491,-3.185476446522168e-06,-3.185476446522168e-06,0,1.7697091362445546e-05,1.76970913695676e-05,1.2560739669470201e-15,0.0,0.0,6.167905692361981e-14,286922210.635625,resolved
C,lambda_1.902983346207417,yoshida4,controlled_q0.050_phi0.000000000000,-1,0.18,-0.18,0.9999999995941751,1.0377224641765292e-05,0.9999999996480184,1.0377224645604132e-05,1.0377224645604132e-05,0,-5.765124800980718e-05,-5.7651248031134064e-05,1.2560739669470201e-15,0.0,0.0,6.167905692361981e-14,934697300.5958819,resolved
C,lambda_1.902983346207417,yoshida4,controlled_q0.050_phi1.570796326795,-1,0.18,-0.18,0.9999999995941753,1.5039748547246434e-06,0.9999999995953063,1.5039748553338596e-06,1.5039748553338596e-06,0,-8.355415859581353e-06,-8.355415862965887e-06,1.2560739669470201e-15,0.0,0.0,6.167905692361981e-14,135466011.90625003,resolved
C,lambda_1.902983346207417,yoshida4,controlled_q0.050_phi3.141592653590,-1,0.18,-0.18,0.999999999594175,-1.3611120638966696e-05,0.9999999996868063,-1.3611120643649885e-05,-1.3611120643649885e-05,0,7.561733688314831e-05,7.561733690916603e-05,1.2560739669470201e-15,0.0,0.0,6.167905692361981e-14,1225980756.7549055,resolved
C,lambda_1.902983346207417,yoshida4,controlled_q0.050_phi4.712388980385,-1,0.18,-0.18,0.9999999995941753,-4.737870851895254e-06,0.999999999605399,-4.737870853782548e-06,-4.737870853782548e-06,0,2.632150473275141e-05,2.632150474323638e-05,1.2560739669470201e-15,0.0,0.0,6.167905692361981e-14,426749468.0625,resolved
C,lambda_1.902983346207417,yoshida4,controlled_q0.001_phi0.000000000000,-1,0.27,-0.27,0.9999999777199527,-7.303146637768789e-06,0.9999999777466207,-7.303146800353405e-06,-7.303146800353405e-06,0,2.7048691250995513e-05,2.7048691853160756e-05,9.42055475210265e-16,0.0,0.0,4.11193712824132e-14,657808969.5297523,resolved
C,lambda_1.902983346207417,yoshida4,controlled_q0.001_phi1.570796326795,-1,0.27,-0.27,0.9999999777199525,-1.468155193910109e-05,0.9999999778277265,-1.4681552265151911e-05,-1.4681552265151911e-05,0,5.4376118292967e-05,5.437611950056263e-05,9.42055475210265e-16,0.0,0.0,4.11193712824132e-14,1322396636.843125,resolved
C,lambda_1.902983346207417,yoshida4,controlled_q0.001_phi3.141592653590,-1,0.27,-0.27,0.9999999777199522,-3.196133048369727e-05,0.9999999782307155,-3.1961331184914136e-05,-3.1961331184914136e-05,0,0.00011837529808776765,0.00011837530068486716,9.42055475210265e-16,0.0,0.0,4.11193712824132e-14,2878820721.132886,resolved
C,lambda_1.902983346207417,yoshida4,controlled_q0.001_phi4.712388980385,-1,0.27,-0.27,0.9999999777199526,-2.4582925182366905e-05,0.9999999780221127,-2.458292572512367e-05,-2.458292572512367e-05,0,9.104787104580334e-05,9.104787305601359e-05,9.42055475210265e-16,0.0,0.0,4.11193712824132e-14,2214233053.8196874,resolved
C,lambda_1.902983346207417,yoshida4,controlled_q0.010_phi0.000000000000,-1,0.27,-0.27,0.9999999777199521,1.9533842856826018e-05,0.9999999779107376,1.9533843289556465e-05,1.9533843289556465e-05,0,-7.234756613639265e-05,-7.234756773909802e-05,9.42055475210265e-16,0.0,0.0,4.11193712824132e-14,1759452148.2223096,resolved
C,lambda_1.902983346207417,yoshida4,controlled_q0.010_phi1.570796326795,-1,0.27,-0.27,0.9999999777199525,-3.6933839576980265e-06,0.9999999777267731,-3.6933840399700042e-06,-3.6933840399700042e-06,0,1.3679199843326023e-05,1.3679200148037052e-05,9.42055475210265e-16,0.0,0.0,4.11193712824132e-14,332670452.3125,resolved
C,lambda_1.902983346207417,yoshida4,controlled_q0.010_phi3.141592653590,-1,0.27,-0.27,0.9999999777199525,-5.809014303622158e-05,0.9999999794071849,-5.80901442651317e-05,-5.80901442651317e-05,0,0.00021514867791193177,0.00021514868246345074,9.42055475210265e-16,0.0,0.0,4.11193712824132e-14,5232294930.636527,resolved
C,lambda_1.902983346207417,yoshida4,controlled_q0.010_phi4.712388980385,-1,0.27,-0.27,0.9999999777199526,-3.486291622169235e-05,0.9999999783276641,-3.48629169843154e-05,-3.48629169843154e-05,0,0.0001291219119321939,0.00012912191475672368,9.42055475210265e-16,0.0,0.0,4.11193712824132e-14,3140172330.1012506,resolved
C,lambda_1.902983346207417,yoshida4,controlled_q0.050_phi0.000000000000,-1,0.27,-0.27,0.9999999777199522,6.731049660806885e-05,0.9999999799853038,6.731049800609534e-05,6.731049800609534e-05,0,-0.0002492981355854402,-0.00024929814076331605,9.42055475210265e-16,0.0,0.0,4.11193712824132e-14,6062790548.844439,resolved
C,lambda_1.902983346207417,yoshida4,controlled_q0.050_phi1.570796326795,-1,0.27,-0.27,0.9999999777199525,1.6432902254906456e-05,0.9999999778549726,1.6432902619553124e-05,1.6432902619553124e-05,0,-6.0862600944097985e-05,-6.08626022946412e-05,9.42055475210265e-16,0.0,0.0,4.11193712824132e-14,1480144249.4362502,resolved
C,lambda_1.902983346207417,yoshida4,controlled_q0.050_phi3.141592653590,-1,0.27,-0.27,0.9999999777199522,-0.00010271934371159543,0.9999999829955841,-0.0001027193456389144,-0.0001027193456389144,0,0.0003804420137466497,0.0003804420208848681,9.42055475210265e-16,0.0,0.0,4.11193712824132e-14,9252135961.265661,resolved
C,lambda_1.902983346207417,yoshida4,controlled_q0.050_phi4.712388980385,-1,0.27,-0.27,0.9999999777199524,-5.184174935841945e-05,0.9999999790637359,-5.1841750467013396e-05,-5.1841750467013396e-05,0,0.00019200647910525722,0.00019200648321116072,9.42055475210265e-16,0.0,0.0,4.11193712824132e-14,4669489661.85625,resolved
C,lambda_1.902983346207417,yoshida4,controlled_q0.001_phi0.000000000000,-1,0.4,-0.4,0.9999989788967667,-0.00014728102038874725,0.9999989897426272,-0.0001472811697130985,-0.0001472811697130985,0,0.0003682025509718681,0.00036820292428274624,2.5121479338940403e-15,0.0,0.0,2.7755575615628914e-14,13265894970.83017,resolved
C,lambda_1.902983346207417,yoshida4,controlled_q0.001_phi1.570796326795,-1,0.4,-0.4,0.9999989788967667,-0.0001747838279186082,0.9999989941714754,-0.0001747840046112706,-0.0001747840046112706,0,0.0004369595697965205,0.0004369600115281765,2.5121479338940403e-15,0.0,0.0,2.7755575615628914e-14,15743127645.692656,resolved
C,lambda_1.902983346207417,yoshida4,controlled_q0.001_phi3.141592653590,-1,0.4,-0.4,0.9999989788967661,-0.0002979392849742195,0.9999990232807192,-0.0002979395803854643,-0.0002979395803854643,0,0.0007448482124355487,0.0007448489509636607,2.5121479338940403e-15,0.0,0.0,2.7755575615628914e-14,26835985055.778538,resolved
C,lambda_1.902983346207417,yoshida4,controlled_q0.001_phi4.712388980385,-1,0.4,-0.4,0.9999989788967666,-0.0002704364774443555,0.9999990154647475,-0.0002704367469953085,-0.0002704367469953085,0,0.0006760911936108888,0.0006760918674882712,2.5121479338940403e-15,0.0,0.0,2.7755575615628914e-14,24358752380.915783,resolved
C,lambda_1.902983346207417,yoshida4,controlled_q0.010_phi0.000000000000,-1,0.4,-0.4,0.9999989788967663,1.854103925957222e-05,0.9999989790686515,1.854105818978207e-05,1.854105818978207e-05,0,-4.635259814893055e-05,-4.6352645474455175e-05,2.5121479338940403e-15,0.0,0.0,2.7755575615628914e-14,1670028350.0094237,resolved
C,lambda_1.902983346207417,yoshida4,controlled_q0.010_phi1.570796326795,-1,0.4,-0.4,0.9999989788967667,-6.803782466068692e-05,0.9999989812113419,-6.803789402941461e-05,-6.803789402941461e-05,0,0.0001700945616517173,0.00017009473507353652,2.5121479338940403e-15,0.0,0.0,2.7755575615628914e-14,6128302435.779375,resolved
C,lambda_1.902983346207417,yoshida4,controlled_q0.010_phi3.141592653590,-1,0.4,-0.4,0.9999989788967665,-0.0004557313190749103,0.9999990827423847,-0.0004557317528735798,-0.0004557317528735798,0,0.0011393282976872757,0.0011393293821839493,2.5121479338940403e-15,0.0,0.0,2.7755575615628914e-14,41048627975.33661,resolved
C,lambda_1.902983346207417,yoshida4,controlled_q0.010_phi4.712388980385,-1,0.4,-0.4,0.9999989788967666,-0.00036915245515466155,0.9999990470336014,-0.000369152815329192,-0.000369152815329192,0,0.0009228811378866539,0.00092288203832298,2.5121479338940403e-15,0.0,0.0,2.7755575615628914e-14,33250297189.54875,resolved
C,lambda_1.902983346207417,yoshida4,controlled_q0.050_phi0.000000000000,-1,0.4,-0.4,0.9999989788967663,0.00031867935725635605,0.9999990296750831,0.000318679671873188,0.000318679671873188,0,-0.00079669839314089,-0.0007966991796829699,2.5121479338940403e-15,0.0,0.0,2.7755575615628914e-14,28704084691.807884,resolved
C,lambda_1.902983346207417,yoshida4,controlled_q0.050_phi1.570796326795,-1,0.4,-0.4,0.9999989788967666,0.00012903449120038601,0.999998987221725,0.00012903462224191743,0.00012903462224191743,0,-0.00032258622800096504,-0.00032258655560479354,2.5121479338940403e-15,0.0,0.0,2.7755575615628914e-14,11622393729.76,resolved
C,lambda_1.902983346207417,yoshida4,controlled_q0.050_phi3.141592653590,-1,0.4,-0.4,0.9999989788967661,-0.0007201806346377889,0.9999992382270706,-0.0007201812455073076,-0.0007201812455073076,0,0.0018004515865944722,0.001800453113768269,2.5121479338940403e-15,0.0,0.0,2.7755575615628914e-14,64868104755.883865,resolved
C,lambda_1.902983346207417,yoshida4,controlled_q0.050_phi4.712388980385,-1,0.4,-0.4,0.9999989788967664,-0.000530535768581808,0.9999991196310011,-0.0005305362605376897,-0.0005305362605376897,0,0.0013263394214545199,0.001326340651344224,2.5121479338940403e-15,0.0,0.0,2.7755575615628914e-14,47786413793.835,resolved
C,lambda_1.902983346207417,yoshida4,controlled_q0.001_phi0.000000000000,1,0.05,0.05,0.9999999999999998,-1.084969706940232e-09,0.9999999999999998,-1.0849697069402322e-09,-1.0849697069402322e-09,0,-2.169939413880464e-08,-2.1699394138804643e-08,6.280369834735101e-16,0.0,0.0,2.220446049250313e-13,97725.3833576861,resolved
C,lambda_1.902983346207417,yoshida4,controlled_q0.001_phi1.570796326795,1,0.05,0.05,0.9999999999999997,2.1520452607448615e-09,0.9999999999999997,2.1520452607448623e-09,2.1520452607448623e-09,0,4.304090521489723e-08,4.304090521489724e-08,6.280369834735101e-16,0.0,0.0,2.220446049250313e-13,193839.0046875,resolved
C,lambda_1.902983346207417,yoshida4,controlled_q0.001_phi3.141592653590,1,0.05,0.05,0.9999999999999991,4.960842795175895e-09,0.9999999999999991,4.960842795175899e-09,4.960842795175899e-09,0,9.921685590351789e-08,9.921685590351799e-08,6.280369834735101e-16,0.0,0.0,2.220446049250313e-13,446832.99527595536,resolved
C,lambda_1.902983346207417,yoshida4,controlled_q0.001_phi4.712388980385,1,0.05,0.05,0.9999999999999997,1.7238278287451392e-09,0.9999999999999997,1.7238278287451398e-09,1.7238278287451398e-09,0,3.4476556574902784e-08,3.44765565749028e-08,6.280369834735101e-16,0.0,0.0,2.220446049250313e-13,155268.60734375,resolved
C,lambda_1.902983346207417,yoshida4,controlled_q0.010_phi0.000000000000,1,0.05,0.05,0.9999999999999991,-7.613127935065641e-09,0.9999999999999991,-7.613127935065648e-09,-7.613127935065648e-09,0,-1.5226255870131282e-07,-1.5226255870131295e-07,6.280369834735101e-16,0.0,0.0,2.220446049250313e-13,685729.6026297107,resolved
C,lambda_1.902983346207417,yoshida4,controlled_q0.010_phi1.570796326795,1,0.05,0.05,0.9999999999999998,2.576998225922722e-09,0.9999999999999998,2.5769982259227224e-09,2.5769982259227224e-09,0,5.153996451845444e-08,5.1539964518454446e-08,6.280369834735101e-16,0.0,0.0,2.220446049250313e-13,232115.365,resolved
C,lambda_1.902983346207417,yoshida4,controlled_q0.010_phi3.141592653590,1,0.05,0.05,0.9999999999999994,1.1419095496659777e-08,0.9999999999999996,1.1419095496659784e-08,1.1419095496659784e-08,0,2.2838190993319552e-07,2.2838190993319565e-07,6.280369834735101e-16,0.0,0.0,2.220446049250313e-13,1028540.6844733015,resolved
C,lambda_1.902983346207417,yoshida4,controlled_q0.010_phi4.712388980385,1,0.05,0.05,0.9999999999999997,1.2289693498979126e-09,0.9999999999999997,1.228969349897913e-09,1.228969349897913e-09,0,2.4579386997958252e-08,2.457938699795826e-08,6.280369834735101e-16,0.0,0.0,2.220446049250313e-13,110695.718125,resolved
C,lambda_1.902983346207417,yoshida4,controlled_q0.050_phi0.000000000000,1,0.05,0.05,0.9999999999999992,-1.9096730193782744e-08,0.9999999999999994,-1.9096730193782757e-08,-1.9096730193782757e-08,0,-3.819346038756549e-07,-3.8193460387565514e-07,6.280369834735101e-16,0.0,0.0,2.220446049250313e-13,1720080.5396942974,resolved
C,lambda_1.902983346207417,yoshida4,controlled_q0.050_phi1.570796326795,1,0.05,0.05,0.9999999999999996,3.224019037850745e-09,0.9999999999999996,3.224019037850746e-09,3.224019037850746e-09,0,6.44803807570149e-08,6.448038075701493e-08,6.280369834735101e-16,0.0,0.0,2.220446049250313e-13,290393.81875,resolved
C,lambda_1.902983346207417,yoshida4,controlled_q0.050_phi3.141592653590,1,0.05,0.05,0.9999999999999991,2.2592006525858995e-08,0.9999999999999993,2.259200652585901e-08,2.259200652585901e-08,0,4.518401305171799e-07,4.518401305171802e-07,6.280369834735101e-16,0.0,0.0,2.220446049250313e-13,2034907.0434282077,resolved
C,lambda_1.902983346207417,yoshida4,controlled_q0.050_phi4.712388980385,1,0.05,0.05,0.9999999999999994,2.7125729440413693e-10,0.9999999999999994,2.712572944041371e-10,2.712572944041371e-10,0,5.4251458880827386e-09,5.425145888082741e-09,6.280369834735101e-16,0.0,0.0,2.220446049250313e-13,24432.685,resolved
C,lambda_1.902983346207417,yoshida4,controlled_q0.001_phi0.000000000000,1,0.08,0.08,0.9999999999998747,-9.738223231185671e-09,0.9999999999998747,-9.738223231186892e-09,-9.738223231186892e-09,0,-1.217277903898209e-07,-1.2172779038983614e-07,9.42055475210265e-16,0.0,0.0,1.3877787807814457e-13,877141.1703043699,resolved
C,lambda_1.902983346207417,yoshida4,controlled_q0.001_phi1.570796326795,1,0.08,0.08,0.9999999999998749,2.533544281139999e-08,0.9999999999998752,2.5335442811403152e-08,2.5335442811403152e-08,0,3.1669303514249986e-07,3.166930351425394e-07,9.42055475210265e-16,0.0,0.0,1.3877787807814457e-13,2282013.81609375,resolved
C,lambda_1.902983346207417,yoshida4,controlled_q0.001_phi3.141592653590,1,0.08,0.08,0.9999999999998742,5.3252013988137374e-08,0.9999999999998757,5.3252013988144024e-08,5.3252013988144024e-08,0,6.656501748517172e-07,6.656501748518003e-07,9.42055475210265e-16,0.0,0.0,1.3877787807814457e-13,4796515.007074079,resolved
C,lambda_1.902983346207417,yoshida4,controlled_q0.001_phi4.712388980385,1,0.08,0.08,0.9999999999998748,1.817834794845541e-08,0.9999999999998749,1.8178347948457682e-08,1.8178347948457682e-08,0,2.272293493556926e-07,2.2722934935572101e-07,9.42055475210265e-16,0.0,0.0,1.3877787807814457e-13,1637360.0209375,resolved
C,lambda_1.902983346207417,yoshida4,controlled_q0.010_phi0.000000000000,1,0.08,0.08,0.9999999999998743,-7.778217650315724e-08,0.9999999999998773,-7.778217650316686e-08,-7.778217650316686e-08,0,-9.722772062894656e-07,-9.722772062895858e-07,9.42055475210265e-16,0.0,0.0,1.3877787807814457e-13,7005995.6223137025,resolved
C,lambda_1.902983346207417,yoshida4,controlled_q0.010_phi1.570796326795,1,0.08,0.08,0.9999999999998748,3.262975709072968e-08,0.9999999999998753,3.262975709073376e-08,3.262975709073376e-08,0,4.0787196363412104e-07,4.0787196363417197e-07,9.42055475210265e-16,0.0,0.0,1.3877787807814457e-13,2939027.2375,resolved
C,lambda_1.902983346207417,yoshida4,controlled_q0.010_phi3.141592653590,1,0.08,0.08,0.9999999999998747,1.2051114939074503e-07,0.9999999999998819,1.2051114939075956e-07,1.2051114939075956e-07,0,1.5063893673843128e-06,1.5063893673844945e-06,9.42055475210265e-16,0.0,0.0,1.3877787807814457e-13,10854679.34980299,resolved
C,lambda_1.902983346207417,yoshida4,controlled_q0.010_phi4.712388980385,1,0.08,0.08,0.9999999999998747,1.0099215776160353e-08,0.9999999999998747,1.0099215776161619e-08,1.0099215776161619e-08,0,1.262401972020044e-07,1.2624019720202024e-07,9.42055475210265e-16,0.0,0.0,1.3877787807814457e-13,909656.488125,resolved
C,lambda_1.902983346207417,yoshida4,controlled_q0.050_phi0.000000000000,1,0.08,0.08,0.9999999999998743,-1.9755329248002905e-07,0.9999999999998939,-1.975532924800513e-07,-1.975532924800513e-07,0,-2.469416156000363e-06,-2.4694161560006414e-06,9.42055475210265e-16,0.0,0.0,1.3877787807814457e-13,17794018.68797747,resolved
C,lambda_1.902983346207417,yoshida4,controlled_q0.050_phi1.570796326795,1,0.08,0.08,0.9999999999998745,4.429622382784437e-08,0.9999999999998755,4.42962238278499e-08,4.42962238278499e-08,0,5.537027978480547e-07,5.537027978481237e-07,9.42055475210265e-16,0.0,0.0,1.3877787807814457e-13,3989849.1425,resolved
C,lambda_1.902983346207417,yoshida4,controlled_q0.050_phi3.141592653590,1,0.08,0.08,0.9999999999998743,2.3679418594822202e-07,0.9999999999999024,2.3679418594824735e-07,2.3679418594824735e-07,0,2.959927324352775e-06,2.959927324353092e-06,9.42055475210265e-16,0.0,0.0,1.3877787807814457e-13,21328524.15199825,resolved
C,lambda_1.902983346207417,yoshida4,controlled_q0.050_phi4.712388980385,1,0.08,0.08,0.9999999999998745,-5.055330362657706e-09,0.9999999999998745,-5.055330362658341e-09,-5.055330362658341e-09,0,-6.319162953322133e-08,-6.319162953322926e-08,9.42055475210265e-16,0.0,0.0,1.3877787807814457e-13,455343.67875,resolved
C,lambda_1.902983346207417,yoshida4,controlled_q0.001_phi0.000000000000,1,0.12,0.12,0.9999999999928084,-4.8665891509400634e-08,0.9999999999928096,-4.866589150975058e-08,-4.866589150975058e-08,0,-4.0554909591167196e-07,-4.0554909591458814e-07,3.454203409104305e-15,0.0,0.0,9.251858538542972e-14,4383433.817347794,resolved
C,lambda_1.902983346207417,yoshida4,controlled_q0.001_phi1.570796326795,1,0.12,0.12,0.9999999999928085,2.2780981700359915e-07,0.9999999999928345,2.278098170052335e-07,2.278098170052335e-07,0,1.8984151416966597e-06,1.8984151417102791e-06,3.454203409104305e-15,0.0,0.0,9.251858538542972e-14,20519284.139375,resolved
C,lambda_1.902983346207417,yoshida4,controlled_q0.001_phi3.141592653590,1,0.12,0.12,0.9999999999928079,4.2339594095964554e-07,0.9999999999928975,4.2339594096266537e-07,4.2339594096266537e-07,0,3.5282995079970465e-06,3.5282995080222114e-06,3.454203409104305e-15,0.0,0.0,9.251858538542972e-14,38136116.0387208,resolved
C,lambda_1.902983346207417,yoshida4,controlled_q0.001_phi4.712388980385,1,0.12,0.12,0.9999999999928085,1.4692023244528007e-07,0.9999999999928193,1.4692023244633558e-07,1.4692023244633558e-07,0,1.224335270377334e-06,1.2243352703861298e-06,3.454203409104305e-15,0.0,0.0,9.251858538542972e-14,13233398.081875,resolved
C,lambda_1.902983346207417,yoshida4,controlled_q0.010_phi0.000000000000,1,0.12,0.12,0.9999999999928079,-5.590398502411554e-07,0.9999999999929641,-5.590398502451178e-07,-5.590398502451178e-07,0,-4.6586654186762945e-06,-4.658665418709315e-06,3.454203409104305e-15,0.0,0.0,9.251858538542972e-14,50353833.2246265,resolved
C,lambda_1.902983346207417,yoshida4,controlled_q0.010_phi1.570796326795,1,0.12,0.12,0.9999999999928083,3.113059396722684e-07,0.9999999999928567,3.1130593967449714e-07,3.1130593967449714e-07,0,2.59421616393557e-06,2.5942161639541428e-06,3.454203409104305e-15,0.0,0.0,9.251858538542972e-14,28039946.278125,resolved
C,lambda_1.902983346207417,yoshida4,controlled_q0.010_phi3.141592653590,1,0.12,0.12,0.9999999999928083,9.270112414848828e-07,0.999999999993238,9.270112414912841e-07,9.270112414912841e-07,0,7.72509367904069e-06,7.725093679094035e-06,3.454203409104305e-15,0.0,0.0,9.251858538542972e-14,83497749.63439158,resolved
C,lambda_1.902983346207417,yoshida4,controlled_q0.010_phi4.712388980385,1,0.12,0.12,0.9999999999928084,5.666545156018943e-08,0.99999999999281,5.6665451560596884e-08,5.6665451560596884e-08,0,4.722120963349119e-07,4.722120963383074e-07,3.454203409104305e-15,0.0,0.0,9.251858538542972e-14,5103970.130625,resolved
C,lambda_1.902983346207417,yoshida4,controlled_q0.050_phi0.000000000000,1,0.12,0.12,0.999999999992808,-1.4585783489726097e-06,0.9999999999938717,-1.4585783489820656e-06,-1.4585783489820656e-06,0,-1.2154819574771748e-05,-1.2154819574850547e-05,3.454203409104305e-15,0.0,0.0,9.251858538542972e-14,131377058.17847437,resolved
C,lambda_1.902983346207417,yoshida4,controlled_q0.050_phi1.570796326795,1,0.12,0.12,0.9999999999928081,4.4785242728218044e-07,0.9999999999929083,4.4785242728537143e-07,4.4785242728537143e-07,0,3.732103560684837e-06,3.7321035607114285e-06,3.454203409104305e-15,0.0,0.0,9.251858538542972e-14,40338960.4925,resolved
C,lambda_1.902983346207417,yoshida4,controlled_q0.050_phi3.141592653590,1,0.12,0.12,0.999999999992808,1.796511259298483e-06,0.9999999999944217,1.7965112593094708e-06,1.7965112593094708e-06,0,1.4970927160820692e-05,1.4970927160912258e-05,3.454203409104305e-15,0.0,0.0,9.251858538542972e-14,161815348.75887096,resolved
C,lambda_1.902983346207417,yoshida4,controlled_q0.050_phi4.712388980385,1,0.12,0.12,0.9999999999928081,-1.0991951696071034e-07,0.9999999999928141,-1.0991951696150042e-07,-1.0991951696150042e-07,0,-9.159959746725862e-07,-9.159959746791702e-07,3.454203409104305e-15,0.0,0.0,9.251858538542972e-14,9900669.9125,resolved
C,lambda_1.902983346207417,yoshida4,controlled_q0.001_phi0.000000000000,1,0.18,0.18,0.9999999995941755,5.358855788352874e-08,0.999999999594177,5.3588557905276235e-08,5.3588557905276235e-08,0,2.9771421046404854e-07,2.97714210584868e-07,1.2560739669470201e-15,0.0,0.0,6.167905692361981e-14,4826828.186311645,resolved
C,lambda_1.902983346207417,yoshida4,controlled_q0.001_phi1.570796326795,1,0.18,0.18,0.9999999995941755,2.2456202790899216e-06,0.9999999995966969,2.2456202799974746e-06,2.2456202799974746e-06,0,1.2475668217166231e-05,1.2475668222208193e-05,1.2560739669470201e-15,0.0,0.0,6.167905692361981e-14,202267493.04250002,resolved
C,lambda_1.902983346207417,yoshida4,controlled_q0.001_phi3.141592653590,1,0.18,0.18,0.9999999995941751,3.5324427812353556e-06,0.9999999996004142,3.5324427826542163e-06,3.5324427826542163e-06,0,1.96246821179742e-05,1.962468212585676e-05,1.2560739669470201e-15,0.0,0.0,6.167905692361981e-14,318174159.86558294,resolved
C,lambda_1.902983346207417,yoshida4,controlled_q0.001_phi4.712388980385,1,0.18,0.18,0.9999999995941755,1.340411060032215e-06,0.9999999995950739,1.3404110605753838e-06,1.3404110605753838e-06,0,7.446728111290084e-06,7.446728114307688e-06,1.2560739669470201e-15,0.0,0.0,6.167905692361981e-14,120733495.00968751,resolved
C,lambda_1.902983346207417,yoshida4,controlled_q0.010_phi0.000000000000,1,0.18,0.18,0.9999999995941751,-3.7150414707281873e-06,0.9999999996010759,-3.7150414722187527e-06,-3.7150414722187527e-06,0,-2.0639119281823263e-05,-2.0639119290104182e-05,1.2560739669470201e-15,0.0,0.0,6.167905692361981e-14,334621187.6647481,resolved
C,lambda_1.902983346207417,yoshida4,controlled_q0.010_phi1.570796326795,1,0.18,0.18,0.9999999995941755,3.1854764452401985e-06,0.9999999995992491,3.185476446522168e-06,3.185476446522168e-06,0,1.7697091362445546e-05,1.76970913695676e-05,1.2560739669470201e-15,0.0,0.0,6.167905692361981e-14,286922210.635625,resolved
C,lambda_1.902983346207417,yoshida4,controlled_q0.010_phi3.141592653590,1,0.18,0.18,0.9999999995941755,7.2363948899030475e-06,0.9999999996203582,7.236394892713442e-06,7.236394892713442e-06,0,4.020219383279471e-05,4.0202193848408014e-05,1.2560739669470201e-15,0.0,0.0,6.167905692361981e-14,651796506.5934626,resolved
C,lambda_1.902983346207417,yoshida4,controlled_q0.010_phi4.712388980385,1,0.18,0.18,0.9999999995941754,3.3587697394199534e-07,0.9999999995942318,3.358769740782898e-07,3.358769740782898e-07,0,1.865983188566641e-06,1.8659831893238325e-06,1.2560739669470201e-15,0.0,0.0,6.167905692361981e-14,30253108.293750003,resolved
C,lambda_1.902983346207417,yoshida4,controlled_q0.050_phi0.000000000000,1,0.18,0.18,0.9999999995941751,-1.0377224641765292e-05,0.9999999996480184,-1.0377224645604132e-05,-1.0377224645604132e-05,0,-5.765124800980718e-05,-5.7651248031134064e-05,1.2560739669470201e-15,0.0,0.0,6.167905692361981e-14,934697300.5958819,resolved
C,lambda_1.902983346207417,yoshida4,controlled_q0.050_phi1.570796326795,1,0.18,0.18,0.9999999995941754,4.737870851895254e-06,0.9999999996053991,4.7378708537825475e-06,4.7378708537825475e-06,0,2.632150473275141e-05,2.6321504743236378e-05,1.2560739669470201e-15,0.0,0.0,6.167905692361981e-14,426749468.0625,resolved
C,lambda_1.902983346207417,yoshida4,controlled_q0.050_phi3.141592653590,1,0.18,0.18,0.999999999594175,1.3611120638966699e-05,0.9999999996868063,1.3611120643649888e-05,1.3611120643649888e-05,0,7.561733688314834e-05,7.561733690916604e-05,1.2560739669470201e-15,0.0,0.0,6.167905692361981e-14,1225980756.754906,resolved
C,lambda_1.902983346207417,yoshida4,controlled_q0.050_phi4.712388980385,1,0.18,0.18,0.9999999995941753,-1.5039748547107656e-06,0.9999999995953063,-1.5039748553199818e-06,-1.5039748553199818e-06,0,-8.355415859504255e-06,-8.355415862888788e-06,1.2560739669470201e-15,0.0,0.0,6.167905692361981e-14,135466011.90500003,resolved
C,lambda_1.902983346207417,yoshida4,controlled_q0.001_phi0.000000000000,1,0.27,0.27,0.9999999777199527,7.303146637768789e-06,0.9999999777466207,7.303146800353405e-06,7.303146800353405e-06,0,2.7048691250995513e-05,2.7048691853160756e-05,9.42055475210265e-16,0.0,0.0,4.11193712824132e-14,657808969.5297523,resolved
C,lambda_1.902983346207417,yoshida4,controlled_q0.001_phi1.570796326795,1,0.27,0.27,0.9999999777199526,2.4582925182366905e-05,0.9999999780221127,2.458292572512367e-05,2.458292572512367e-05,0,9.104787104580334e-05,9.104787305601359e-05,9.42055475210265e-16,0.0,0.0,4.11193712824132e-14,2214233053.8196874,resolved
C,lambda_1.902983346207417,yoshida4,controlled_q0.001_phi3.141592653590,1,0.27,0.27,0.9999999777199522,3.1961330483697274e-05,0.9999999782307155,3.196133118491414e-05,3.196133118491414e-05,0,0.00011837529808776768,0.00011837530068486719,9.42055475210265e-16,0.0,0.0,4.11193712824132e-14,2878820721.1328864,resolved
C,lambda_1.902983346207417,yoshida4,controlled_q0.001_phi4.712388980385,1,0.27,0.27,0.9999999777199525,1.468155193910109e-05,0.9999999778277265,1.4681552265151911e-05,1.4681552265151911e-05,0,5.4376118292967e-05,5.437611950056263e-05,9.42055475210265e-16,0.0,0.0,4.11193712824132e-14,1322396636.843125,resolved
C,lambda_1.902983346207417,yoshida4,controlled_q0.010_phi0.000000000000,1,0.27,0.27,0.9999999777199521,-1.9533842856826018e-05,0.9999999779107376,-1.9533843289556465e-05,-1.9533843289556465e-05,0,-7.234756613639265e-05,-7.234756773909802e-05,9.42055475210265e-16,0.0,0.0,4.11193712824132e-14,1759452148.2223096,resolved
C,lambda_1.902983346207417,yoshida4,controlled_q0.010_phi1.570796326795,1,0.27,0.27,0.9999999777199526,3.486291622169235e-05,0.9999999783276641,3.48629169843154e-05,3.48629169843154e-05,0,0.0001291219119321939,0.00012912191475672368,9.42055475210265e-16,0.0,0.0,4.11193712824132e-14,3140172330.1012506,resolved
C,lambda_1.902983346207417,yoshida4,controlled_q0.010_phi3.141592653590,1,0.27,0.27,0.9999999777199525,5.809014303622158e-05,0.9999999794071849,5.80901442651317e-05,5.80901442651317e-05,0,0.00021514867791193177,0.00021514868246345074,9.42055475210265e-16,0.0,0.0,4.11193712824132e-14,5232294930.636527,resolved
C,lambda_1.902983346207417,yoshida4,controlled_q0.010_phi4.712388980385,1,0.27,0.27,0.9999999777199525,3.6933839576980265e-06,0.9999999777267731,3.6933840399700042e-06,3.6933840399700042e-06,0,1.3679199843326023e-05,1.3679200148037052e-05,9.42055475210265e-16,0.0,0.0,4.11193712824132e-14,332670452.3125,resolved
C,lambda_1.902983346207417,yoshida4,controlled_q0.050_phi0.000000000000,1,0.27,0.27,0.9999999777199522,-6.731049660806885e-05,0.9999999799853038,-6.731049800609534e-05,-6.731049800609534e-05,0,-0.0002492981355854402,-0.00024929814076331605,9.42055475210265e-16,0.0,0.0,4.11193712824132e-14,6062790548.844439,resolved
C,lambda_1.902983346207417,yoshida4,controlled_q0.050_phi1.570796326795,1,0.27,0.27,0.9999999777199524,5.184174935843333e-05,0.9999999790637359,5.1841750467027274e-05,5.1841750467027274e-05,0,0.0001920064791053086,0.0001920064832112121,9.42055475210265e-16,0.0,0.0,4.11193712824132e-14,4669489661.8575,resolved
C,lambda_1.902983346207417,yoshida4,controlled_q0.050_phi3.141592653590,1,0.27,0.27,0.9999999777199522,0.00010271934371159542,0.9999999829955841,0.00010271934563891438,0.00010271934563891438,0,0.0003804420137466497,0.00038044202088486804,9.42055475210265e-16,0.0,0.0,4.11193712824132e-14,9252135961.265661,resolved
C,lambda_1.902983346207417,yoshida4,controlled_q0.050_phi4.712388980385,1,0.27,0.27,0.9999999777199525,-1.6432902254906456e-05,0.9999999778549726,-1.6432902619553124e-05,-1.6432902619553124e-05,0,-6.0862600944097985e-05,-6.08626022946412e-05,9.42055475210265e-16,0.0,0.0,4.11193712824132e-14,1480144249.4362502,resolved
C,lambda_1.902983346207417,yoshida4,controlled_q0.001_phi0.000000000000,1,0.4,0.4,0.9999989788967667,0.00014728102038874725,0.9999989897426272,0.0001472811697130985,0.0001472811697130985,0,0.0003682025509718681,0.00036820292428274624,2.5121479338940403e-15,0.0,0.0,2.7755575615628914e-14,13265894970.83017,resolved
C,lambda_1.902983346207417,yoshida4,controlled_q0.001_phi1.570796326795,1,0.4,0.4,0.9999989788967666,0.0002704364774443555,0.9999990154647475,0.0002704367469953085,0.0002704367469953085,0,0.0006760911936108888,0.0006760918674882712,2.5121479338940403e-15,0.0,0.0,2.7755575615628914e-14,24358752380.915783,resolved
C,lambda_1.902983346207417,yoshida4,controlled_q0.001_phi3.141592653590,1,0.4,0.4,0.9999989788967661,0.0002979392849742195,0.9999990232807192,0.0002979395803854643,0.0002979395803854643,0,0.0007448482124355487,0.0007448489509636607,2.5121479338940403e-15,0.0,0.0,2.7755575615628914e-14,26835985055.778538,resolved
C,lambda_1.902983346207417,yoshida4,controlled_q0.001_phi4.712388980385,1,0.4,0.4,0.9999989788967667,0.0001747838279186082,0.9999989941714754,0.0001747840046112706,0.0001747840046112706,0,0.0004369595697965205,0.0004369600115281765,2.5121479338940403e-15,0.0,0.0,2.7755575615628914e-14,15743127645.692656,resolved
C,lambda_1.902983346207417,yoshida4,controlled_q0.010_phi0.000000000000,1,0.4,0.4,0.9999989788967663,-1.854103925957222e-05,0.9999989790686515,-1.854105818978207e-05,-1.854105818978207e-05,0,-4.635259814893055e-05,-4.6352645474455175e-05,2.5121479338940403e-15,0.0,0.0,2.7755575615628914e-14,1670028350.0094237,resolved
C,lambda_1.902983346207417,yoshida4,controlled_q0.010_phi1.570796326795,1,0.4,0.4,0.9999989788967666,0.00036915245515466155,0.9999990470336014,0.000369152815329192,0.000369152815329192,0,0.0009228811378866539,0.00092288203832298,2.5121479338940403e-15,0.0,0.0,2.7755575615628914e-14,33250297189.54875,resolved
C,lambda_1.902983346207417,yoshida4,controlled_q0.010_phi3.141592653590,1,0.4,0.4,0.9999989788967665,0.00045573131907491034,0.9999990827423847,0.00045573175287357985,0.00045573175287357985,0,0.0011393282976872759,0.0011393293821839495,2.5121479338940403e-15,0.0,0.0,2.7755575615628914e-14,41048627975.33662,resolved
C,lambda_1.902983346207417,yoshida4,controlled_q0.010_phi4.712388980385,1,0.4,0.4,0.9999989788967667,6.803782466068692e-05,0.9999989812113419,6.803789402941461e-05,6.803789402941461e-05,0,0.0001700945616517173,0.00017009473507353652,2.5121479338940403e-15,0.0,0.0,2.7755575615628914e-14,6128302435.779375,resolved
C,lambda_1.902983346207417,yoshida4,controlled_q0.050_phi0.000000000000,1,0.4,0.4,0.9999989788967663,-0.00031867935725635605,0.9999990296750831,-0.000318679671873188,-0.000318679671873188,0,-0.00079669839314089,-0.0007966991796829699,2.5121479338940403e-15,0.0,0.0,2.7755575615628914e-14,28704084691.807884,resolved
C,lambda_1.902983346207417,yoshida4,controlled_q0.050_phi1.570796326795,1,0.4,0.4,0.9999989788967664,0.000530535768581808,0.9999991196310011,0.0005305362605376897,0.0005305362605376897,0,0.0013263394214545199,0.001326340651344224,2.5121479338940403e-15,0.0,0.0,2.7755575615628914e-14,47786413793.835,resolved
C,lambda_1.902983346207417,yoshida4,controlled_q0.050_phi3.141592653590,1,0.4,0.4,0.9999989788967661,0.0007201806346377892,0.9999992382270706,0.0007201812455073079,0.0007201812455073079,0,0.0018004515865944729,0.0018004531137682698,2.5121479338940403e-15,0.0,0.0,2.7755575615628914e-14,64868104755.88389,resolved
C,lambda_1.902983346207417,yoshida4,controlled_q0.050_phi4.712388980385,1,0.4,0.4,0.9999989788967665,-0.00012903449120038601,0.9999989872217249,-0.00012903462224191745,-0.00012903462224191745,0,-0.00032258622800096504,-0.0003225865556047936,2.5121479338940403e-15,0.0,0.0,2.7755575615628914e-14,11622393729.76,resolved
C,lambda_1.972983346207417,yoshida4,controlled_q0.001_phi0.000000000000,-1,0.05,-0.05,0.9999999999999982,-3.5501705175260895e-09,0.9999999999999982,-3.5501705175260957e-09,-3.5501705175260957e-09,0,7.100341035052179e-08,7.100341035052191e-08,1.4130832128153975e-15,0.0,0.0,2.220446049250313e-13,319770.9323966444,resolved
C,lambda_1.972983346207417,yoshida4,controlled_q0.001_phi1.570796326795,-1,0.05,-0.05,0.9999999999999982,-7.067415472294947e-09,0.9999999999999982,-7.067415472294959e-09,-7.067415472294959e-09,0,1.4134830944589893e-07,1.4134830944589917e-07,1.4130832128153975e-15,0.0,0.0,2.220446049250313e-13,636576.19375,resolved
C,lambda_1.972983346207417,yoshida4,controlled_q0.001_phi3.141592653590,-1,0.05,-0.05,0.9999999999999978,-1.1120884786134883e-08,0.9999999999999979,-1.1120884786134908e-08,-1.1120884786134908e-08,0,2.2241769572269765e-07,2.2241769572269815e-07,1.4130832128153975e-15,0.0,0.0,2.220446049250313e-13,1001680.2515773455,resolved
C,lambda_1.972983346207417,yoshida4,controlled_q0.001_phi4.712388980385,-1,0.05,-0.05,0.9999999999999982,-7.603639828879238e-09,0.9999999999999982,-7.603639828879252e-09,-7.603639828879252e-09,0,1.5207279657758477e-07,1.5207279657758503e-07,1.4130832128153975e-15,0.0,0.0,2.220446049250313e-13,684874.99,resolved
C,lambda_1.972983346207417,yoshida4,controlled_q0.010_phi0.000000000000,-1,0.05,-0.05,0.9999999999999978,4.71308426613145e-09,0.9999999999999978,4.7130842661314606e-09,4.7130842661314606e-09,0,-9.4261685322629e-08,-9.426168532262921e-08,1.4130832128153975e-15,0.0,0.0,2.220446049250313e-13,424516.8908943069,resolved
C,lambda_1.972983346207417,yoshida4,controlled_q0.010_phi1.570796326795,-1,0.05,-0.05,0.9999999999999983,-6.3592061477768524e-09,0.9999999999999983,-6.359206147776863e-09,-6.359206147776863e-09,0,1.2718412295553705e-07,1.2718412295553726e-07,1.4130832128153975e-15,0.0,0.0,2.220446049250313e-13,572786.36875,resolved
C,lambda_1.972983346207417,yoshida4,controlled_q0.010_phi3.141592653590,-1,0.05,-0.05,0.9999999999999981,-1.911953135790274e-08,0.9999999999999983,-1.911953135790277e-08,-1.911953135790277e-08,0,3.8239062715805473e-07,3.823906271580554e-07,1.4130832128153975e-15,0.0,0.0,2.220446049250313e-13,1722134.2859789855,resolved
C,lambda_1.972983346207417,yoshida4,controlled_q0.010_phi4.712388980385,-1,0.05,-0.05,0.9999999999999981,-8.047240936115418e-09,0.9999999999999981,-8.047240936115433e-09,-8.047240936115433e-09,0,1.6094481872230837e-07,1.6094481872230866e-07,1.4130832128153975e-15,0.0,0.0,2.220446049250313e-13,724831.025625,resolved
C,lambda_1.972983346207417,yoshida4,controlled_q0.050_phi0.000000000000,-1,0.05,-0.05,0.9999999999999978,1.9486622522691055e-08,0.999999999999998,1.9486622522691094e-08,1.9486622522691094e-08,0,-3.8973245045382107e-07,-3.8973245045382186e-07,1.4130832128153975e-15,0.0,0.0,2.220446049250313e-13,1755198.918638019,resolved
C,lambda_1.972983346207417,yoshida4,controlled_q0.050_phi1.570796326795,-1,0.05,-0.05,0.9999999999999981,-4.766445030335298e-09,0.9999999999999981,-4.766445030335307e-09,-4.766445030335307e-09,0,9.532890060670596e-08,9.532890060670613e-08,1.4130832128153975e-15,0.0,0.0,2.220446049250313e-13,429323.20125,resolved
C,lambda_1.972983346207417,yoshida4,controlled_q0.050_phi3.141592653590,-1,0.05,-0.05,0.9999999999999978,-3.27170331171749e-08,0.9999999999999983,-3.271703311717496e-08,-3.271703311717496e-08,0,6.543406623434979e-07,6.543406623434991e-07,1.4130832128153975e-15,0.0,0.0,2.220446049250313e-13,2946888.363103541,resolved
C,lambda_1.972983346207417,yoshida4,controlled_q0.050_phi4.712388980385,-1,0.05,-0.05,0.9999999999999979,-8.463965570082443e-09,0.9999999999999979,-8.463965570082462e-09,-8.463965570082462e-09,0,1.6927931140164887e-07,1.692793114016492e-07,1.4130832128153975e-15,0.0,0.0,2.220446049250313e-13,762366.24375,resolved
C,lambda_1.972983346207417,yoshida4,controlled_q0.001_phi0.000000000000,-1,0.08,-0.08,0.9999999999998002,-3.9327453852862513e-08,0.9999999999998009,-3.9327453852870355e-08,-3.9327453852870355e-08,0,4.915931731607815e-07,4.915931731608794e-07,1.0990647210786425e-15,0.0,0.0,1.3877787807814457e-13,3542302.13034364,resolved
C,lambda_1.972983346207417,yoshida4,controlled_q0.001_phi1.570796326795,-1,0.08,-0.08,0.9999999999997999,-7.426902451888873e-08,0.9999999999998027,-7.426902451890344e-08,-7.426902451890344e-08,0,9.283628064861091e-07,9.28362806486293e-07,1.0990647210786425e-15,0.0,0.0,1.3877787807814457e-13,6689559.02296875,resolved
C,lambda_1.972983346207417,yoshida4,controlled_q0.001_phi3.141592653590,-1,0.08,-0.08,0.9999999999997995,-1.1816872023834253e-07,0.9999999999998065,-1.1816872023836568e-07,-1.1816872023836568e-07,0,1.4771090029792815e-06,1.477109002979571e-06,1.0990647210786425e-15,0.0,0.0,1.3877787807814457e-13,10643692.088644955,resolved
C,lambda_1.972983346207417,yoshida4,controlled_q0.001_phi4.712388980385,-1,0.08,-0.08,0.9999999999998,-8.322714956966737e-08,0.9999999999998035,-8.322714956968382e-08,-8.322714956968382e-08,0,1.0403393696208421e-06,1.0403393696210477e-06,1.0990647210786425e-15,0.0,0.0,1.3877787807814457e-13,7496435.19578125,resolved
C,lambda_1.972983346207417,yoshida4,controlled_q0.010_phi0.000000000000,-1,0.08,-0.08,0.9999999999997997,4.676840942755564e-08,0.9999999999998008,4.6768409427564974e-08,4.6768409427564974e-08,0,-5.846051178444455e-07,-5.846051178445622e-07,1.0990647210786425e-15,0.0,0.0,1.3877787807814457e-13,4212523.825413007,resolved
C,lambda_1.972983346207417,yoshida4,controlled_q0.010_phi1.570796326795,-1,0.08,-0.08,0.9999999999997999,-6.322768782845989e-08,0.9999999999998019,-6.322768782847245e-08,-6.322768782847245e-08,0,7.903460978557486e-07,7.903460978559056e-07,1.0990647210786425e-15,0.0,0.0,1.3877787807814457e-13,5695043.826875,resolved
C,lambda_1.972983346207417,yoshida4,controlled_q0.010_phi3.141592653590,-1,0.08,-0.08,0.9999999999998,-2.014239711604022e-07,0.9999999999998204,-2.0142397116043976e-07,-2.0142397116043976e-07,0,2.5177996395050272e-06,2.517799639505497e-06,1.0990647210786425e-15,0.0,0.0,1.3877787807814457e-13,18142658.429229457,resolved
C,lambda_1.972983346207417,yoshida4,controlled_q0.010_phi4.712388980385,-1,0.08,-0.08,0.9999999999998,-9.142787389671003e-08,0.9999999999998043,-9.142787389672806e-08,-9.142787389672806e-08,0,1.1428484237088754e-06,1.1428484237091007e-06,1.0990647210786425e-15,0.0,0.0,1.3877787807814457e-13,8235090.77625,resolved
C,lambda_1.972983346207417,yoshida4,controlled_q0.050_phi0.000000000000,-1,0.08,-0.08,0.9999999999997995,2.008086018749426e-07,0.9999999999998197,2.0080860187498015e-07,2.0080860187498015e-07,0,-2.5101075234367825e-06,-2.5101075234372517e-06,1.0990647210786425e-15,0.0,0.0,1.3877787807814457e-13,18087230.891535636,resolved
C,lambda_1.972983346207417,yoshida4,controlled_q0.050_phi1.570796326795,-1,0.08,-0.08,0.9999999999997998,-4.013005437675243e-08,0.9999999999998006,-4.013005437676045e-08,-4.013005437676045e-08,0,5.016256797094054e-07,5.016256797095056e-07,1.0990647210786425e-15,0.0,0.0,1.3877787807814457e-13,3614593.95875,resolved
C,lambda_1.972983346207417,yoshida4,controlled_q0.050_phi3.141592653590,-1,0.08,-0.08,0.9999999999997996,-3.4283921979286306e-07,0.9999999999998583,-3.4283921979291833e-07,-3.4283921979291833e-07,0,4.285490247410788e-06,4.285490247411479e-06,1.0990647210786425e-15,0.0,0.0,1.3877787807814457e-13,30880211.65014259,resolved
C,lambda_1.972983346207417,yoshida4,controlled_q0.050_phi4.712388980385,-1,0.08,-0.08,0.9999999999997997,-1.0190056352887833e-07,0.9999999999998049,-1.0190056352889838e-07,-1.0190056352889838e-07,0,1.2737570441109791e-06,1.2737570441112296e-06,1.0990647210786425e-15,0.0,0.0,1.3877787807814457e-13,9178386.79875,resolved
C,lambda_1.972983346207417,yoshida4,controlled_q0.001_phi0.000000000000,-1,0.12,-0.12,0.9999999999885831,-3.3101283703535533e-07,0.9999999999886379,-3.3101283703912235e-07,-3.3101283703912235e-07,0,2.7584403086279612e-06,2.758440308659353e-06,2.0411201962889075e-15,0.0,0.0,9.251858538542972e-14,29814985.79054554,resolved
C,lambda_1.972983346207417,yoshida4,controlled_q0.001_phi1.570796326795,-1,0.12,-0.12,0.9999999999885831,-5.755825375555745e-07,0.9999999999887488,-5.755825375620823e-07,-5.755825375620823e-07,0,4.796521146296455e-06,4.796521146350686e-06,2.0411201962889075e-15,0.0,0.0,9.251858538542972e-14,51843866.033125,resolved
C,lambda_1.972983346207417,yoshida4,controlled_q0.001_phi3.141592653590,-1,0.12,-0.12,0.9999999999885827,-9.213002186562924e-07,0.9999999999890071,-9.213002186665505e-07,-9.213002186665505e-07,0,7.67750182213577e-06,7.677501822221255e-06,2.0411201962889075e-15,0.0,0.0,9.251858538542972e-14,82983346.4287367,resolved
C,lambda_1.972983346207417,yoshida4,controlled_q0.001_phi4.712388980385,-1,0.12,-0.12,0.9999999999885831,-6.767305181371031e-07,0.9999999999888121,-6.767305181447259e-07,-6.767305181447259e-07,0,5.639420984475859e-06,5.639420984539383e-06,2.0411201962889075e-15,0.0,0.0,9.251858538542972e-14,60954466.18625,resolved
C,lambda_1.972983346207417,yoshida4,controlled_q0.010_phi0.000000000000,-1,0.12,-0.12,0.9999999999885827,3.142494921799071e-07,0.9999999999886321,3.1424949218348466e-07,3.1424949218348466e-07,0,-2.6187457681658927e-06,-2.6187457681957057e-06,2.0411201962889075e-15,0.0,0.0,9.251858538542972e-14,28305077.917655945,resolved
C,lambda_1.972983346207417,yoshida4,controlled_q0.010_phi1.570796326795,-1,0.12,-0.12,0.9999999999885832,-4.556561546270599e-07,0.999999999988687,-4.556561546322305e-07,-4.556561546322305e-07,0,3.797134621892166e-06,3.797134621935254e-06,2.0411201962889075e-15,0.0,0.0,9.251858538542972e-14,41041857.76375,resolved
C,lambda_1.972983346207417,yoshida4,controlled_q0.010_phi3.141592653590,-1,0.12,-0.12,0.9999999999885831,-1.5439757392518654e-06,0.9999999999897751,-1.5439757392682659e-06,-1.5439757392682659e-06,0,1.2866464493765545e-05,1.2866464493902216e-05,2.0411201962889075e-15,0.0,0.0,9.251858538542972e-14,139068971.27927575,resolved
C,lambda_1.972983346207417,yoshida4,controlled_q0.010_phi4.712388980385,-1,0.12,-0.12,0.9999999999885831,-7.740700924546706e-07,0.9999999999888827,-7.740700924633535e-07,-7.740700924633535e-07,0,6.450584103788922e-06,6.450584103861279e-06,2.0411201962889075e-15,0.0,0.0,9.251858538542972e-14,69722035.59875001,resolved
C,lambda_1.972983346207417,yoshida4,controlled_q0.050_phi0.000000000000,-1,0.12,-0.12,0.9999999999885827,1.4704851282029876e-06,0.9999999999896638,1.4704851282187168e-06,1.4704851282187168e-06,0,-1.2254042735024898e-05,-1.2254042735155973e-05,2.0411201962889075e-15,0.0,0.0,9.251858538542972e-14,132449525.50857663,resolved
C,lambda_1.972983346207417,yoshida4,controlled_q0.050_phi1.570796326795,-1,0.12,-0.12,0.9999999999885829,-2.159386321837209e-07,0.9999999999886062,-2.1593863218618292e-07,-2.1593863218618292e-07,0,1.7994886015310074e-06,1.7994886015515245e-06,2.0411201962889075e-15,0.0,0.0,9.251858538542972e-14,19450022.86875,resolved
C,lambda_1.972983346207417,yoshida4,controlled_q0.050_phi3.141592653590,-1,0.12,-0.12,0.9999999999885827,-2.59982555918744e-06,0.9999999999919622,-2.5998255592112654e-06,-2.5998255592112654e-06,0,2.166521299322867e-05,2.1665212993427213e-05,2.0411201962889075e-15,0.0,0.0,9.251858538542972e-14,234171468.39169693,resolved
C,lambda_1.972983346207417,yoshida4,controlled_q0.050_phi4.712388980385,-1,0.12,-0.12,0.999999999988583,-9.134017987938448e-07,0.9999999999890001,-9.13401798804019e-07,-9.13401798804019e-07,0,7.6116816566153735e-06,7.611681656700159e-06,2.0411201962889075e-15,0.0,0.0,9.251858538542972e-14,82271920.01375,resolved
C,lambda_1.972983346207417,yoshida4,controlled_q0.001_phi0.000000000000,-1,0.18,-0.18,0.9999999993570132,-3.053381571280575e-06,0.9999999993616748,-3.05338157323437e-06,-3.05338157323437e-06,0,1.696323095155875e-05,1.696323096241317e-05,1.2560739669470201e-15,0.0,0.0,6.167905692361981e-14,275024162.13278276,resolved
C,lambda_1.972983346207417,yoshida4,controlled_q0.001_phi1.570796326795,-1,0.18,-0.18,0.9999999993570131,-4.6589895434604595e-06,0.9999999993678662,-4.658989546422419e-06,-4.658989546422419e-06,0,2.5883275241446997e-05,2.588327525790233e-05,1.2560739669470201e-15,0.0,0.0,6.167905692361981e-14,419644471.43703127,resolved
C,lambda_1.972983346207417,yoshida4,controlled_q0.001_phi3.141592653590,-1,0.18,-0.18,0.9999999993570127,-7.3940548698489885e-06,0.9999999993843487,-7.394054874468522e-06,-7.394054874468522e-06,0,4.107808261027216e-05,4.1078082635936236e-05,1.2560739669470201e-15,0.0,0.0,6.167905692361981e-14,665997255.1321782,resolved
C,lambda_1.972983346207417,yoshida4,controlled_q0.001_phi4.712388980385,-1,0.18,-0.18,0.9999999993570131,-5.788446897667804e-06,0.9999999993737662,-5.78844690132505e-06,-5.78844690132505e-06,0,3.215803832037669e-05,3.215803834069472e-05,1.2560739669470201e-15,0.0,0.0,6.167905692361981e-14,521376945.82781255,resolved
C,lambda_1.972983346207417,yoshida4,controlled_q0.010_phi0.000000000000,-1,0.18,-0.18,0.9999999993570126,1.702718947314063e-06,0.9999999993584622,1.7027189484072443e-06,1.7027189484072443e-06,0,-9.45954970730035e-06,-9.45954971337358e-06,1.2560739669470201e-15,0.0,0.0,6.167905692361981e-14,153367288.33280596,resolved
C,lambda_1.972983346207417,yoshida4,controlled_q0.010_phi1.570796326795,-1,0.18,-0.18,0.9999999993570131,-3.3517364562626883e-06,0.9999999993626302,-3.3517364584052595e-06,-3.3517364584052595e-06,0,1.862075809034827e-05,1.8620758102251444e-05,1.2560739669470201e-15,0.0,0.0,6.167905692361981e-14,301897581.109375,resolved
C,lambda_1.972983346207417,yoshida4,controlled_q0.010_phi3.141592653590,-1,0.18,-0.18,0.999999999357013,-1.1961724671068552e-05,0.9999999994285544,-1.196172467818928e-05,-1.196172467818928e-05,0,6.645402595038085e-05,6.645402598994045e-05,1.2560739669470201e-15,0.0,0.0,6.167905692361981e-14,1077416375.4266562,resolved
C,lambda_1.972983346207417,yoshida4,controlled_q0.010_phi4.712388980385,-1,0.18,-0.18,0.9999999993570131,-6.90726926749069e-06,0.9999999993808683,-6.907269271822124e-06,-6.907269271822124e-06,0,3.8373718152726055e-05,3.8373718176789584e-05,1.2560739669470201e-15,0.0,0.0,6.167905692361981e-14,622151505.984375,resolved
C,lambda_1.972983346207417,yoshida4,controlled_q0.050_phi0.000000000000,-1,0.18,-0.18,0.9999999993570126,1.0254729777192685e-05,0.9999999994095923,1.0254729783426886e-05,1.0254729783426886e-05,0,-5.697072098440381e-05,-5.697072101903826e-05,1.2560739669470201e-15,0.0,0.0,6.167905692361981e-14,923663944.0670022,resolved
C,lambda_1.972983346207417,yoshida4,controlled_q0.050_phi1.570796326795,-1,0.18,-0.18,0.9999999993570129,-8.166966032757683e-07,0.9999999993573464,-8.166966038007121e-07,-8.166966038007121e-07,0,4.537203351532046e-06,4.537203354448401e-06,1.2560739669470201e-15,0.0,0.0,6.167905692361981e-14,73561490.36375,resolved
C,lambda_1.972983346207417,yoshida4,controlled_q0.050_phi3.141592653590,-1,0.18,-0.18,0.9999999993570127,-1.967626564594681e-05,0.9999999995505904,-1.9676265656059145e-05,-1.9676265656059145e-05,0,0.00010931258692192674,0.00010931258697810637,1.2560739669470201e-15,0.0,0.0,6.167905692361981e-14,1772280452.622579,resolved
C,lambda_1.972983346207417,yoshida4,controlled_q0.050_phi4.712388980385,-1,0.18,-0.18,0.9999999993570129,-8.604839265499709e-06,0.9999999993940345,-8.604839270820133e-06,-8.604839270820133e-06,0,4.780466258610949e-05,4.7804662615667405e-05,1.2560739669470201e-15,0.0,0.0,6.167905692361981e-14,775055018.19375,resolved
C,lambda_1.972983346207417,yoshida4,controlled_q0.001_phi0.000000000000,-1,0.27,-0.27,0.9999999648368384,-3.190874186297903e-05,0.9999999653459223,-3.190874297416183e-05,-3.190874297416183e-05,0,0.00011818052541844083,0.00011818052953393269,2.826166425630795e-15,0.0,0.0,4.11193712824132e-14,2874083959.2794743,resolved
C,lambda_1.972983346207417,yoshida4,controlled_q0.001_phi1.570796326795,-1,0.27,-0.27,0.9999999648368384,-4.106923649229398e-05,0.9999999656801796,-4.106923791332798e-05,-4.106923791332798e-05,0,0.0001521082833047925,0.0001521082885678814,2.826166425630795e-15,0.0,0.0,4.11193712824132e-14,3699187963.2617188,resolved
C,lambda_1.972983346207417,yoshida4,controlled_q0.001_phi3.141592653590,-1,0.27,-0.27,0.9999999648368378,-6.252256035956217e-05,0.9999999667913732,-6.252256247658481e-05,-6.252256247658481e-05,0,0.00023156503836874878,0.00023156504620957334,2.826166425630795e-15,0.0,0.0,4.11193712824132e-14,5631531590.7514715,resolved
C,lambda_1.972983346207417,yoshida4,controlled_q0.001_phi4.712388980385,-1,0.27,-0.27,0.9999999648368384,-5.3362065730248875e-05,0.9999999662605935,-5.33620675559782e-05,-5.33620675559782e-05,0,0.00019763728048240322,0.0001976372872443637,2.826166425630795e-15,0.0,0.0,4.11193712824132e-14,4806427586.769375,resolved
C,lambda_1.972983346207417,yoshida4,controlled_q0.010_phi0.000000000000,-1,0.27,-0.27,0.999999964836838,1.8220984603740335e-06,0.999999964838498,1.8220985244427626e-06,1.8220985244427626e-06,0,-6.748512816200123e-06,-6.7485130534917124e-06,2.826166425630795e-15,0.0,0.0,4.11193712824132e-14,164120038.94345704,resolved
C,lambda_1.972983346207417,yoshida4,controlled_q0.010_phi1.570796326795,-1,0.27,-0.27,0.9999999648368385,-2.7015147231447545e-05,0.9999999652017476,-2.7015148174813515e-05,-2.7015148174813515e-05,0,0.00010005610085721312,0.00010005610435116117,2.826166425630795e-15,0.0,0.0,4.11193712824132e-14,2433308140.098125,resolved
C,lambda_1.972983346207417,yoshida4,controlled_q0.010_phi3.141592653590,-1,0.27,-0.27,0.9999999648368383,-9.455023090335043e-05,0.9999999693067115,-9.455023394628389e-05,-9.455023394628389e-05,0,0.00035018604038277937,0.00035018605165290325,2.826166425630795e-15,0.0,0.0,4.11193712824132e-14,8516327693.282468,resolved
C,lambda_1.972983346207417,yoshida4,controlled_q0.010_phi4.712388980385,-1,0.27,-0.27,0.9999999648368384,-6.571298521152596e-05,0.9999999669959366,-6.571298742761516e-05,-6.571298742761516e-05,0,0.0002433814267093554,0.00024338143491709318,2.826166425630795e-15,0.0,0.0,4.11193712824132e-14,5918899514.240625,resolved
C,lambda_1.972983346207417,yoshida4,controlled_q0.050_phi0.000000000000,-1,0.27,-0.27,0.999999964836838,6.296913456168775e-05,0.999999966819394,6.296913669265515e-05,6.296913669265515e-05,0,-0.00023321901689513978,-0.00023321902478761164,2.826166425630795e-15,0.0,0.0,4.11193712824132e-14,5671755418.957191,resolved
C,lambda_1.972983346207417,yoshida4,controlled_q0.050_phi1.570796326795,-1,0.27,-0.27,0.9999999648368383,-1.968085914516582e-07,0.9999999648368576,-1.9680859837206822e-07,-1.9680859837206822e-07,0,7.289207090802155e-07,7.289207347113637e-07,2.826166425630795e-15,0.0,0.0,4.11193712824132e-14,17726941.9825,resolved
C,lambda_1.972983346207417,yoshida4,controlled_q0.050_phi3.141592653590,-1,0.27,-0.27,0.9999999648368378,-0.0001481276235399314,0.9999999758077346,-0.0001481276276651719,-0.0001481276276651719,0,0.0005486208279256718,0.0005486208432043404,2.826166425630795e-15,0.0,0.0,4.11193712824132e-14,13342150203.554243,resolved
C,lambda_1.972983346207417,yoshida4,controlled_q0.050_phi4.712388980385,-1,0.27,-0.27,0.9999999648368382,-8.496168038676921e-05,0.9999999684460819,-8.496168316985901e-05,-8.496168316985901e-05,0,0.0003146728903213674,0.0003146729006291074,2.826166425630795e-15,0.0,0.0,4.11193712824132e-14,7652667842.6125,resolved
C,lambda_1.972983346207417,yoshida4,controlled_q0.001_phi0.000000000000,-1,0.4,-0.4,0.9999984018556792,-0.00034571203516286207,0.9999984616141786,-0.0003457125738886056,-0.0003457125738886056,0,0.0008642800879071551,0.0008642814347215139,3.1401849173675503e-16,0.0,0.0,2.7755575615628914e-14,31138971854.739227,resolved
C,lambda_1.972983346207417,yoshida4,controlled_q0.001_phi1.570796326795,-1,0.4,-0.4,0.9999984018556791,-0.0003794793685185961,0.9999984738580872,-0.0003794799567666868,-0.0003794799567666868,0,0.0009486984212964903,0.000948699891916717,3.1401849173675503e-16,0.0,0.0,2.7755575615628914e-14,34180462853.102814,resolved
C,lambda_1.972983346207417,yoshida4,controlled_q0.001_phi3.141592653590,-1,0.4,-0.4,0.9999984018556787,-0.0005306868904582834,0.9999985426701816,-0.0005306876887547844,-0.0005306876887547844,0,0.0013267172261457085,0.001326719221886961,3.1401849173675503e-16,0.0,0.0,2.7755575615628914e-14,47800025642.366646,resolved
C,lambda_1.972983346207417,yoshida4,controlled_q0.001_phi4.712388980385,-1,0.4,-0.4,0.9999984018556793,-0.0004969195571025448,0.9999985253203921,-0.0004969203103515012,-0.0004969203103515012,0,0.001242298892756362,0.001242300775878753,3.1401849173675503e-16,0.0,0.0,2.7755575615628914e-14,44758534644.002655,resolved
C,lambda_1.972983346207417,yoshida4,controlled_q0.010_phi0.000000000000,-1,0.4,-0.4,0.9999984018556788,-0.00013914555663493814,0.9999984115364372,-0.0001391457781119488,-0.0001391457781119488,0,0.00034786389158734536,0.00034786444527987203,3.1401849173675503e-16,0.0,0.0,2.7755575615628914e-14,12533117540.227354,resolved
C,lambda_1.972983346207417,yoshida4,controlled_q0.010_phi1.570796326795,-1,0.4,-0.4,0.9999984018556791,-0.00024544515373541714,0.9999984319773886,-0.0002454455410639885,-0.0002454455410639885,0,0.0006136128843385429,0.0006136138526599712,3.1401849173675503e-16,0.0,0.0,2.7755575615628914e-14,22107734058.054375,resolved
C,lambda_1.972983346207417,yoshida4,controlled_q0.010_phi3.141592653590,-1,0.4,-0.4,0.9999984018556792,-0.0007214465747365273,0.9999986620986414,-0.000721447602546143,-0.000721447602546143,0,0.0018036164368413182,0.0018036190063653575,3.1401849173675503e-16,0.0,0.0,2.7755575615628914e-14,64982130503.022896,resolved
C,lambda_1.972983346207417,yoshida4,controlled_q0.010_phi4.712388980385,-1,0.4,-0.4,0.9999984018556791,-0.0006151469776360524,0.9999985910588657,-0.0006151478831391891,-0.0006151478831391891,0,0.001537867444090131,0.0015378697078479726,3.1401849173675503e-16,0.0,0.0,2.7755575615628914e-14,55407513985.19625,resolved
C,lambda_1.972983346207417,yoshida4,controlled_q0.050_phi0.000000000000,-1,0.4,-0.4,0.9999984018556789,0.00024257470162061627,0.9999984312769684,0.00024257508453269554,0.00024257508453269554,0,-0.0006064367540515406,-0.0006064377113317388,3.1401849173675503e-16,0.0,0.0,2.7755575615628914e-14,21849186716.562332,resolved
C,lambda_1.972983346207417,yoshida4,controlled_q0.050_phi1.570796326795,-1,0.4,-0.4,0.999998401855679,9.732967031758633e-06,0.9999984019030445,9.732982586162142e-06,9.732982586162142e-06,0,-2.433241757939658e-05,-2.4332456465405354e-05,3.1401849173675503e-16,0.0,0.0,2.7755575615628914e-14,876667733.94875,resolved
C,lambda_1.972983346207417,yoshida4,controlled_q0.050_phi3.141592653590,-1,0.4,-0.4,0.9999984018556788,-0.001032914414104615,0.9999989353124825,-0.00103291569750904,-0.00103291569750904,0,0.0025822860352615372,0.0025822892437726,3.1401849173675503e-16,0.0,0.0,2.7755575615628914e-14,93036659409.34315,resolved
C,lambda_1.972983346207417,yoshida4,controlled_q0.050_phi4.712388980385,-1,0.4,-0.4,0.999998401855679,-0.000800072679515762,0.9999987219142855,-0.0008000737874354759,-0.0008000737874354759,0,0.002000181698789405,0.0020001844685886895,3.1401849173675503e-16,0.0,0.0,2.7755575615628914e-14,72064140426.73,resolved
C,lambda_1.972983346207417,yoshida4,controlled_q0.001_phi0.000000000000,1,0.05,0.05,0.9999999999999982,3.5501705175260895e-09,0.9999999999999982,3.5501705175260957e-09,3.5501705175260957e-09,0,7.100341035052179e-08,7.100341035052191e-08,1.4130832128153975e-15,0.0,0.0,2.220446049250313e-13,319770.9323966444,resolved
C,lambda_1.972983346207417,yoshida4,controlled_q0.001_phi1.570796326795,1,0.05,0.05,0.9999999999999982,7.603639828879238e-09,0.9999999999999982,7.603639828879252e-09,7.603639828879252e-09,0,1.5207279657758477e-07,1.5207279657758503e-07,1.4130832128153975e-15,0.0,0.0,2.220446049250313e-13,684874.99,resolved
C,lambda_1.972983346207417,yoshida4,controlled_q0.001_phi3.141592653590,1,0.05,0.05,0.9999999999999978,1.1120884786134873e-08,0.9999999999999979,1.1120884786134898e-08,1.1120884786134898e-08,0,2.2241769572269746e-07,2.2241769572269797e-07,1.4130832128153975e-15,0.0,0.0,2.220446049250313e-13,1001680.2515773446,resolved
C,lambda_1.972983346207417,yoshida4,controlled_q0.001_phi4.712388980385,1,0.05,0.05,0.9999999999999982,7.067415472294947e-09,0.9999999999999982,7.067415472294959e-09,7.067415472294959e-09,0,1.4134830944589893e-07,1.4134830944589917e-07,1.4130832128153975e-15,0.0,0.0,2.220446049250313e-13,636576.19375,resolved
C,lambda_1.972983346207417,yoshida4,controlled_q0.010_phi0.000000000000,1,0.05,0.05,0.9999999999999978,-4.71308426613145e-09,0.9999999999999978,-4.7130842661314606e-09,-4.7130842661314606e-09,0,-9.4261685322629e-08,-9.426168532262921e-08,1.4130832128153975e-15,0.0,0.0,2.220446049250313e-13,424516.8908943069,resolved
C,lambda_1.972983346207417,yoshida4,controlled_q0.010_phi1.570796326795,1,0.05,0.05,0.9999999999999981,8.047240936115418e-09,0.9999999999999981,8.047240936115433e-09,8.047240936115433e-09,0,1.6094481872230837e-07,1.6094481872230866e-07,1.4130832128153975e-15,0.0,0.0,2.220446049250313e-13,724831.025625,resolved
C,lambda_1.972983346207417,yoshida4,controlled_q0.010_phi3.141592653590,1,0.05,0.05,0.9999999999999981,1.911953135790274e-08,0.9999999999999983,1.911953135790277e-08,1.911953135790277e-08,0,3.8239062715805473e-07,3.823906271580554e-07,1.4130832128153975e-15,0.0,0.0,2.220446049250313e-13,1722134.2859789855,resolved
C,lambda_1.972983346207417,yoshida4,controlled_q0.010_phi4.712388980385,1,0.05,0.05,0.9999999999999983,6.3592061477768524e-09,0.9999999999999983,6.359206147776863e-09,6.359206147776863e-09,0,1.2718412295553705e-07,1.2718412295553726e-07,1.4130832128153975e-15,0.0,0.0,2.220446049250313e-13,572786.36875,resolved
C,lambda_1.972983346207417,yoshida4,controlled_q0.050_phi0.000000000000,1,0.05,0.05,0.9999999999999978,-1.9486622522691055e-08,0.999999999999998,-1.9486622522691094e-08,-1.9486622522691094e-08,0,-3.8973245045382107e-07,-3.8973245045382186e-07,1.4130832128153975e-15,0.0,0.0,2.220446049250313e-13,1755198.918638019,resolved
C,lambda_1.972983346207417,yoshida4,controlled_q0.050_phi1.570796326795,1,0.05,0.05,0.9999999999999979,8.463965583960231e-09,0.9999999999999979,8.46396558396025e-09,8.46396558396025e-09,0,1.6927931167920462e-07,1.6927931167920497e-07,1.4130832128153975e-15,0.0,0.0,2.220446049250313e-13,762366.245,resolved
C,lambda_1.972983346207417,yoshida4,controlled_q0.050_phi3.141592653590,1,0.05,0.05,0.9999999999999978,3.27170331171749e-08,0.9999999999999983,3.271703311717496e-08,3.271703311717496e-08,0,6.543406623434979e-07,6.543406623434991e-07,1.4130832128153975e-15,0.0,0.0,2.220446049250313e-13,2946888.363103541,resolved
C,lambda_1.972983346207417,yoshida4,controlled_q0.050_phi4.712388980385,1,0.05,0.05,0.999999999999998,4.766445030335298e-09,0.999999999999998,4.766445030335307e-09,4.766445030335307e-09,0,9.532890060670596e-08,9.532890060670613e-08,1.4130832128153975e-15,0.0,0.0,2.220446049250313e-13,429323.20125,resolved
C,lambda_1.972983346207417,yoshida4,controlled_q0.001_phi0.000000000000,1,0.08,0.08,0.9999999999998002,3.9327453852862513e-08,0.9999999999998009,3.9327453852870355e-08,3.9327453852870355e-08,0,4.915931731607815e-07,4.915931731608794e-07,1.0990647210786425e-15,0.0,0.0,1.3877787807814457e-13,3542302.13034364,resolved
C,lambda_1.972983346207417,yoshida4,controlled_q0.001_phi1.570796326795,1,0.08,0.08,0.9999999999998,8.322714956966737e-08,0.9999999999998035,8.322714956968382e-08,8.322714956968382e-08,0,1.0403393696208421e-06,1.0403393696210477e-06,1.0990647210786425e-15,0.0,0.0,1.3877787807814457e-13,7496435.19578125,resolved
C,lambda_1.972983346207417,yoshida4,controlled_q0.001_phi3.141592653590,1,0.08,0.08,0.9999999999997995,1.1816872023834261e-07,0.9999999999998065,1.1816872023836576e-07,1.1816872023836576e-07,0,1.4771090029792826e-06,1.477109002979572e-06,1.0990647210786425e-15,0.0,0.0,1.3877787807814457e-13,10643692.088644963,resolved
C,lambda_1.972983346207417,yoshida4,controlled_q0.001_phi4.712388980385,1,0.08,0.08,0.9999999999997999,7.426902451888873e-08,0.9999999999998027,7.426902451890344e-08,7.426902451890344e-08,0,9.283628064861091e-07,9.28362806486293e-07,1.0990647210786425e-15,0.0,0.0,1.3877787807814457e-13,6689559.02296875,resolved
C,lambda_1.972983346207417,yoshida4,controlled_q0.010_phi0.000000000000,1,0.08,0.08,0.9999999999997997,-4.676840942755564e-08,0.9999999999998008,-4.6768409427564974e-08,-4.6768409427564974e-08,0,-5.846051178444455e-07,-5.846051178445622e-07,1.0990647210786425e-15,0.0,0.0,1.3877787807814457e-13,4212523.825413007,resolved
C,lambda_1.972983346207417,yoshida4,controlled_q0.010_phi1.570796326795,1,0.08,0.08,0.9999999999998,9.142787389671003e-08,0.9999999999998043,9.142787389672806e-08,9.142787389672806e-08,0,1.1428484237088754e-06,1.1428484237091007e-06,1.0990647210786425e-15,0.0,0.0,1.3877787807814457e-13,8235090.77625,resolved
C,lambda_1.972983346207417,yoshida4,controlled_q0.010_phi3.141592653590,1,0.08,0.08,0.9999999999998,2.014239711604022e-07,0.9999999999998204,2.0142397116043976e-07,2.0142397116043976e-07,0,2.5177996395050272e-06,2.517799639505497e-06,1.0990647210786425e-15,0.0,0.0,1.3877787807814457e-13,18142658.429229457,resolved
C,lambda_1.972983346207417,yoshida4,controlled_q0.010_phi4.712388980385,1,0.08,0.08,0.9999999999997999,6.322768782845989e-08,0.9999999999998019,6.322768782847245e-08,6.322768782847245e-08,0,7.903460978557486e-07,7.903460978559056e-07,1.0990647210786425e-15,0.0,0.0,1.3877787807814457e-13,5695043.826875,resolved
C,lambda_1.972983346207417,yoshida4,controlled_q0.050_phi0.000000000000,1,0.08,0.08,0.9999999999997995,-2.008086018749426e-07,0.9999999999998197,-2.0080860187498015e-07,-2.0080860187498015e-07,0,-2.5101075234367825e-06,-2.5101075234372517e-06,1.0990647210786425e-15,0.0,0.0,1.3877787807814457e-13,18087230.891535636,resolved
C,lambda_1.972983346207417,yoshida4,controlled_q0.050_phi1.570796326795,1,0.08,0.08,0.9999999999997998,1.0190056352887833e-07,0.999999999999805,1.0190056352889838e-07,1.0190056352889838e-07,0,1.2737570441109791e-06,1.2737570441112296e-06,1.0990647210786425e-15,0.0,0.0,1.3877787807814457e-13,9178386.79875,resolved
C,lambda_1.972983346207417,yoshida4,controlled_q0.050_phi3.141592653590,1,0.08,0.08,0.9999999999997996,3.4283921979286306e-07,0.9999999999998583,3.4283921979291833e-07,3.4283921979291833e-07,0,4.285490247410788e-06,4.285490247411479e-06,1.0990647210786425e-15,0.0,0.0,1.3877787807814457e-13,30880211.65014259,resolved
C,lambda_1.972983346207417,yoshida4,controlled_q0.050_phi4.712388980385,1,0.08,0.08,0.9999999999997998,4.0130054362874645e-08,0.9999999999998006,4.013005436288266e-08,4.013005436288266e-08,0,5.016256795359331e-07,5.016256795360332e-07,1.0990647210786425e-15,0.0,0.0,1.3877787807814457e-13,3614593.9575,resolved
C,lambda_1.972983346207417,yoshida4,controlled_q0.001_phi0.000000000000,1,0.12,0.12,0.9999999999885831,3.3101283703535533e-07,0.9999999999886379,3.3101283703912235e-07,3.3101283703912235e-07,0,2.7584403086279612e-06,2.758440308659353e-06,2.0411201962889075e-15,0.0,0.0,9.251858538542972e-14,29814985.79054554,resolved
C,lambda_1.972983346207417,yoshida4,controlled_q0.001_phi1.570796326795,1,0.12,0.12,0.9999999999885831,6.767305181371031e-07,0.9999999999888121,6.767305181447259e-07,6.767305181447259e-07,0,5.639420984475859e-06,5.639420984539383e-06,2.0411201962889075e-15,0.0,0.0,9.251858538542972e-14,60954466.18625,resolved
C,lambda_1.972983346207417,yoshida4,controlled_q0.001_phi3.141592653590,1,0.12,0.12,0.9999999999885827,9.21300218656293e-07,0.9999999999890071,9.213002186665511e-07,9.213002186665511e-07,0,7.677501822135776e-06,7.67750182222126e-06,2.0411201962889075e-15,0.0,0.0,9.251858538542972e-14,82983346.42873676,resolved
C,lambda_1.972983346207417,yoshida4,controlled_q0.001_phi4.712388980385,1,0.12,0.12,0.9999999999885831,5.755825375555745e-07,0.9999999999887488,5.755825375620823e-07,5.755825375620823e-07,0,4.796521146296455e-06,4.796521146350686e-06,2.0411201962889075e-15,0.0,0.0,9.251858538542972e-14,51843866.033125,resolved
C,lambda_1.972983346207417,yoshida4,controlled_q0.010_phi0.000000000000,1,0.12,0.12,0.9999999999885827,-3.142494921799071e-07,0.9999999999886321,-3.1424949218348466e-07,-3.1424949218348466e-07,0,-2.6187457681658927e-06,-2.6187457681957057e-06,2.0411201962889075e-15,0.0,0.0,9.251858538542972e-14,28305077.917655945,resolved
C,lambda_1.972983346207417,yoshida4,controlled_q0.010_phi1.570796326795,1,0.12,0.12,0.9999999999885831,7.740700924546706e-07,0.9999999999888827,7.740700924633535e-07,7.740700924633535e-07,0,6.450584103788922e-06,6.450584103861279e-06,2.0411201962889075e-15,0.0,0.0,9.251858538542972e-14,69722035.59875001,resolved
C,lambda_1.972983346207417,yoshida4,controlled_q0.010_phi3.141592653590,1,0.12,0.12,0.9999999999885831,1.5439757392518652e-06,0.9999999999897751,1.5439757392682656e-06,1.5439757392682656e-06,0,1.2866464493765544e-05,1.2866464493902214e-05,2.0411201962889075e-15,0.0,0.0,9.251858538542972e-14,139068971.27927572,resolved
C,lambda_1.972983346207417,yoshida4,controlled_q0.010_phi4.712388980385,1,0.12,0.12,0.9999999999885832,4.556561546270599e-07,0.999999999988687,4.556561546322305e-07,4.556561546322305e-07,0,3.797134621892166e-06,3.797134621935254e-06,2.0411201962889075e-15,0.0,0.0,9.251858538542972e-14,41041857.76375,resolved
C,lambda_1.972983346207417,yoshida4,controlled_q0.050_phi0.000000000000,1,0.12,0.12,0.9999999999885827,-1.4704851282029876e-06,0.9999999999896638,-1.4704851282187168e-06,-1.4704851282187168e-06,0,-1.2254042735024898e-05,-1.2254042735155973e-05,2.0411201962889075e-15,0.0,0.0,9.251858538542972e-14,132449525.50857663,resolved
C,lambda_1.972983346207417,yoshida4,controlled_q0.050_phi1.570796326795,1,0.12,0.12,0.999999999988583,9.134017987938448e-07,0.9999999999890001,9.13401798804019e-07,9.13401798804019e-07,0,7.6116816566153735e-06,7.611681656700159e-06,2.0411201962889075e-15,0.0,0.0,9.251858538542972e-14,82271920.01375,resolved
C,lambda_1.972983346207417,yoshida4,controlled_q0.050_phi3.141592653590,1,0.12,0.12,0.9999999999885827,2.59982555918744e-06,0.9999999999919622,2.5998255592112654e-06,2.5998255592112654e-06,0,2.166521299322867e-05,2.1665212993427213e-05,2.0411201962889075e-15,0.0,0.0,9.251858538542972e-14,234171468.39169693,resolved
C,lambda_1.972983346207417,yoshida4,controlled_q0.050_phi4.712388980385,1,0.12,0.12,0.9999999999885829,2.159386321837209e-07,0.9999999999886062,2.1593863218618292e-07,2.1593863218618292e-07,0,1.7994886015310074e-06,1.7994886015515245e-06,2.0411201962889075e-15,0.0,0.0,9.251858538542972e-14,19450022.86875,resolved
C,lambda_1.972983346207417,yoshida4,controlled_q0.001_phi0.000000000000,1,0.18,0.18,0.9999999993570132,3.053381571280575e-06,0.9999999993616748,3.05338157323437e-06,3.05338157323437e-06,0,1.696323095155875e-05,1.696323096241317e-05,1.2560739669470201e-15,0.0,0.0,6.167905692361981e-14,275024162.13278276,resolved
C,lambda_1.972983346207417,yoshida4,controlled_q0.001_phi1.570796326795,1,0.18,0.18,0.9999999993570131,5.788446897667804e-06,0.9999999993737662,5.78844690132505e-06,5.78844690132505e-06,0,3.215803832037669e-05,3.215803834069472e-05,1.2560739669470201e-15,0.0,0.0,6.167905692361981e-14,521376945.82781255,resolved
C,lambda_1.972983346207417,yoshida4,controlled_q0.001_phi3.141592653590,1,0.18,0.18,0.9999999993570127,7.3940548698489936e-06,0.9999999993843487,7.3940548744685274e-06,7.3940548744685274e-06,0,4.107808261027219e-05,4.107808263593626e-05,1.2560739669470201e-15,0.0,0.0,6.167905692361981e-14,665997255.1321787,resolved
C,lambda_1.972983346207417,yoshida4,controlled_q0.001_phi4.712388980385,1,0.18,0.18,0.9999999993570131,4.6589895434604595e-06,0.9999999993678662,4.658989546422419e-06,4.658989546422419e-06,0,2.5883275241446997e-05,2.588327525790233e-05,1.2560739669470201e-15,0.0,0.0,6.167905692361981e-14,419644471.43703127,resolved
C,lambda_1.972983346207417,yoshida4,controlled_q0.010_phi0.000000000000,1,0.18,0.18,0.9999999993570126,-1.702718947314063e-06,0.9999999993584622,-1.7027189484072443e-06,-1.7027189484072443e-06,0,-9.45954970730035e-06,-9.45954971337358e-06,1.2560739669470201e-15,0.0,0.0,6.167905692361981e-14,153367288.33280596,resolved
C,lambda_1.972983346207417,yoshida4,controlled_q0.010_phi1.570796326795,1,0.18,0.18,0.9999999993570131,6.90726926749069e-06,0.9999999993808683,6.907269271822124e-06,6.907269271822124e-06,0,3.8373718152726055e-05,3.8373718176789584e-05,1.2560739669470201e-15,0.0,0.0,6.167905692361981e-14,622151505.984375,resolved
C,lambda_1.972983346207417,yoshida4,controlled_q0.010_phi3.141592653590,1,0.18,0.18,0.999999999357013,1.1961724671068552e-05,0.9999999994285544,1.196172467818928e-05,1.196172467818928e-05,0,6.645402595038085e-05,6.645402598994045e-05,1.2560739669470201e-15,0.0,0.0,6.167905692361981e-14,1077416375.4266562,resolved
C,lambda_1.972983346207417,yoshida4,controlled_q0.010_phi4.712388980385,1,0.18,0.18,0.9999999993570131,3.3517364562626883e-06,0.9999999993626302,3.3517364584052595e-06,3.3517364584052595e-06,0,1.862075809034827e-05,1.8620758102251444e-05,1.2560739669470201e-15,0.0,0.0,6.167905692361981e-14,301897581.109375,resolved
C,lambda_1.972983346207417,yoshida4,controlled_q0.050_phi0.000000000000,1,0.18,0.18,0.9999999993570126,-1.0254729777192685e-05,0.9999999994095923,-1.0254729783426886e-05,-1.0254729783426886e-05,0,-5.697072098440381e-05,-5.697072101903826e-05,1.2560739669470201e-15,0.0,0.0,6.167905692361981e-14,923663944.0670022,resolved
C,lambda_1.972983346207417,yoshida4,controlled_q0.050_phi1.570796326795,1,0.18,0.18,0.9999999993570129,8.604839265499709e-06,0.9999999993940345,8.604839270820133e-06,8.604839270820133e-06,0,4.780466258610949e-05,4.7804662615667405e-05,1.2560739669470201e-15,0.0,0.0,6.167905692361981e-14,775055018.19375,resolved
C,lambda_1.972983346207417,yoshida4,controlled_q0.050_phi3.141592653590,1,0.18,0.18,0.9999999993570127,1.9676265645946808e-05,0.9999999995505904,1.967626565605914e-05,1.967626565605914e-05,0,0.00010931258692192672,0.00010931258697810635,1.2560739669470201e-15,0.0,0.0,6.167905692361981e-14,1772280452.6225789,resolved
C,lambda_1.972983346207417,yoshida4,controlled_q0.050_phi4.712388980385,1,0.18,0.18,0.9999999993570129,8.166966032618905e-07,0.9999999993573464,8.166966037868343e-07,8.166966037868343e-07,0,4.537203351454948e-06,4.537203354371302e-06,1.2560739669470201e-15,0.0,0.0,6.167905692361981e-14,73561490.36250001,resolved
C,lambda_1.972983346207417,yoshida4,controlled_q0.001_phi0.000000000000,1,0.27,0.27,0.9999999648368384,3.190874186297903e-05,0.9999999653459223,3.190874297416183e-05,3.190874297416183e-05,0,0.00011818052541844083,0.00011818052953393269,2.826166425630795e-15,0.0,0.0,4.11193712824132e-14,2874083959.2794743,resolved
C,lambda_1.972983346207417,yoshida4,controlled_q0.001_phi1.570796326795,1,0.27,0.27,0.9999999648368384,5.3362065730248875e-05,0.9999999662605935,5.33620675559782e-05,5.33620675559782e-05,0,0.00019763728048240322,0.0001976372872443637,2.826166425630795e-15,0.0,0.0,4.11193712824132e-14,4806427586.769375,resolved
C,lambda_1.972983346207417,yoshida4,controlled_q0.001_phi3.141592653590,1,0.27,0.27,0.9999999648368378,6.252256035956216e-05,0.9999999667913732,6.25225624765848e-05,6.25225624765848e-05,0,0.00023156503836874873,0.0002315650462095733,2.826166425630795e-15,0.0,0.0,4.11193712824132e-14,5631531590.751471,resolved
C,lambda_1.972983346207417,yoshida4,controlled_q0.001_phi4.712388980385,1,0.27,0.27,0.9999999648368384,4.106923649229398e-05,0.9999999656801796,4.106923791332798e-05,4.106923791332798e-05,0,0.0001521082833047925,0.0001521082885678814,2.826166425630795e-15,0.0,0.0,4.11193712824132e-14,3699187963.2617188,resolved
C,lambda_1.972983346207417,yoshida4,controlled_q0.010_phi0.000000000000,1,0.27,0.27,0.999999964836838,-1.8220984603740335e-06,0.999999964838498,-1.8220985244427626e-06,-1.8220985244427626e-06,0,-6.748512816200123e-06,-6.7485130534917124e-06,2.826166425630795e-15,0.0,0.0,4.11193712824132e-14,164120038.94345704,resolved
C,lambda_1.972983346207417,yoshida4,controlled_q0.010_phi1.570796326795,1,0.27,0.27,0.9999999648368384,6.571298521152596e-05,0.9999999669959366,6.571298742761516e-05,6.571298742761516e-05,0,0.0002433814267093554,0.00024338143491709318,2.826166425630795e-15,0.0,0.0,4.11193712824132e-14,5918899514.240625,resolved
C,lambda_1.972983346207417,yoshida4,controlled_q0.010_phi3.141592653590,1,0.27,0.27,0.9999999648368383,9.455023090335042e-05,0.9999999693067115,9.455023394628388e-05,9.455023394628388e-05,0,0.0003501860403827793,0.0003501860516529032,2.826166425630795e-15,0.0,0.0,4.11193712824132e-14,8516327693.282467,resolved
C,lambda_1.972983346207417,yoshida4,controlled_q0.010_phi4.712388980385,1,0.27,0.27,0.9999999648368385,2.7015147231447545e-05,0.9999999652017476,2.7015148174813515e-05,2.7015148174813515e-05,0,0.00010005610085721312,0.00010005610435116117,2.826166425630795e-15,0.0,0.0,4.11193712824132e-14,2433308140.098125,resolved
C,lambda_1.972983346207417,yoshida4,controlled_q0.050_phi0.000000000000,1,0.27,0.27,0.999999964836838,-6.296913456168775e-05,0.999999966819394,-6.296913669265515e-05,-6.296913669265515e-05,0,-0.00023321901689513978,-0.00023321902478761164,2.826166425630795e-15,0.0,0.0,4.11193712824132e-14,5671755418.957191,resolved
C,lambda_1.972983346207417,yoshida4,controlled_q0.050_phi1.570796326795,1,0.27,0.27,0.9999999648368382,8.496168038678309e-05,0.9999999684460819,8.496168316987289e-05,8.496168316987289e-05,0,0.00031467289032141886,0.0003146729006291588,2.826166425630795e-15,0.0,0.0,4.11193712824132e-14,7652667842.613751,resolved
C,lambda_1.972983346207417,yoshida4,controlled_q0.050_phi3.141592653590,1,0.27,0.27,0.9999999648368378,0.00014812762353993134,0.9999999758077346,0.00014812762766517186,0.00014812762766517186,0,0.0005486208279256716,0.0005486208432043402,2.826166425630795e-15,0.0,0.0,4.11193712824132e-14,13342150203.55424,resolved
C,lambda_1.972983346207417,yoshida4,controlled_q0.050_phi4.712388980385,1,0.27,0.27,0.9999999648368382,1.9680859146553598e-07,0.9999999648368575,1.9680859838594603e-07,1.9680859838594603e-07,0,7.289207091316147e-07,7.289207347627631e-07,2.826166425630795e-15,0.0,0.0,4.11193712824132e-14,17726941.98375,resolved
C,lambda_1.972983346207417,yoshida4,controlled_q0.001_phi0.000000000000,1,0.4,0.4,0.9999984018556792,0.00034571203516286207,0.9999984616141786,0.0003457125738886056,0.0003457125738886056,0,0.0008642800879071551,0.0008642814347215139,3.1401849173675503e-16,0.0,0.0,2.7755575615628914e-14,31138971854.739227,resolved
C,lambda_1.972983346207417,yoshida4,controlled_q0.001_phi1.570796326795,1,0.4,0.4,0.9999984018556793,0.0004969195571025448,0.9999985253203921,0.0004969203103515012,0.0004969203103515012,0,0.001242298892756362,0.001242300775878753,3.1401849173675503e-16,0.0,0.0,2.7755575615628914e-14,44758534644.002655,resolved
C,lambda_1.972983346207417,yoshida4,controlled_q0.001_phi3.141592653590,1,0.4,0.4,0.9999984018556787,0.0005306868904582833,0.9999985426701816,0.0005306876887547843,0.0005306876887547843,0,0.0013267172261457083,0.0013267192218869607,3.1401849173675503e-16,0.0,0.0,2.7755575615628914e-14,47800025642.36664,resolved
C,lambda_1.972983346207417,yoshida4,controlled_q0.001_phi4.712388980385,1,0.4,0.4,0.9999984018556791,0.0003794793685185961,0.9999984738580872,0.0003794799567666868,0.0003794799567666868,0,0.0009486984212964903,0.000948699891916717,3.1401849173675503e-16,0.0,0.0,2.7755575615628914e-14,34180462853.102814,resolved
C,lambda_1.972983346207417,yoshida4,controlled_q0.010_phi0.000000000000,1,0.4,0.4,0.9999984018556788,0.00013914555663493814,0.9999984115364372,0.0001391457781119488,0.0001391457781119488,0,0.00034786389158734536,0.00034786444527987203,3.1401849173675503e-16,0.0,0.0,2.7755575615628914e-14,12533117540.227354,resolved
C,lambda_1.972983346207417,yoshida4,controlled_q0.010_phi1.570796326795,1,0.4,0.4,0.9999984018556791,0.0006151469776360524,0.9999985910588657,0.0006151478831391891,0.0006151478831391891,0,0.001537867444090131,0.0015378697078479726,3.1401849173675503e-16,0.0,0.0,2.7755575615628914e-14,55407513985.19625,resolved
C,lambda_1.972983346207417,yoshida4,controlled_q0.010_phi3.141592653590,1,0.4,0.4,0.9999984018556792,0.0007214465747365271,0.9999986620986414,0.0007214476025461428,0.0007214476025461428,0,0.0018036164368413175,0.001803619006365357,3.1401849173675503e-16,0.0,0.0,2.7755575615628914e-14,64982130503.02287,resolved
C,lambda_1.972983346207417,yoshida4,controlled_q0.010_phi4.712388980385,1,0.4,0.4,0.9999984018556791,0.00024544515373541714,0.9999984319773886,0.0002454455410639885,0.0002454455410639885,0,0.0006136128843385429,0.0006136138526599712,3.1401849173675503e-16,0.0,0.0,2.7755575615628914e-14,22107734058.054375,resolved
C,lambda_1.972983346207417,yoshida4,controlled_q0.050_phi0.000000000000,1,0.4,0.4,0.9999984018556789,-0.00024257470162061627,0.9999984312769684,-0.00024257508453269554,-0.00024257508453269554,0,-0.0006064367540515406,-0.0006064377113317388,3.1401849173675503e-16,0.0,0.0,2.7755575615628914e-14,21849186716.562332,resolved
C,lambda_1.972983346207417,yoshida4,controlled_q0.050_phi1.570796326795,1,0.4,0.4,0.999998401855679,0.000800072679515762,0.9999987219142855,0.0008000737874354759,0.0008000737874354759,0,0.002000181698789405,0.0020001844685886895,3.1401849173675503e-16,0.0,0.0,2.7755575615628914e-14,72064140426.73,resolved
C,lambda_1.972983346207417,yoshida4,controlled_q0.050_phi3.141592653590,1,0.4,0.4,0.9999984018556788,0.0010329144141046152,0.9999989353124825,0.0010329156975090402,0.0010329156975090402,0,0.0025822860352615377,0.0025822892437726004,3.1401849173675503e-16,0.0,0.0,2.7755575615628914e-14,93036659409.34317,resolved
C,lambda_1.972983346207417,yoshida4,controlled_q0.050_phi4.712388980385,1,0.4,0.4,0.999998401855679,-9.732967031758633e-06,0.9999984019030445,-9.732982586162142e-06,-9.732982586162142e-06,0,-2.433241757939658e-05,-2.4332456465405354e-05,3.1401849173675503e-16,0.0,0.0,2.7755575615628914e-14,876667733.94875,resolved
B,H4,yoshida4,exact,-1,0.1,-0.1,0.9999999999999972,4.701597456638321e-08,0.9999999999999983,4.7015974566383305e-08,4.7015974566383305e-08,0,-4.701597456638321e-07,-4.70159745663833e-07,2.4079760759284475e-13,0.0,0.0,2.4079760759284474e-12,195251.00368057095,resolved
B,H4,yoshida4,exact,-1,0.125,-0.125,0.999999999999981,1.4331020466592394e-07,0.9999999999999912,1.4331020466592569e-07,1.4331020466592569e-07,0,-1.1464816373273915e-06,-1.1464816373274055e-06,2.4154677516197465e-13,0.0,0.0,1.932374201295797e-12,593302.0822564245,resolved
B,H4,yoshida4,exact,-1,0.15,-0.15,0.9999999999998941,3.5608152878682847e-07,0.9999999999999575,3.5608152878685113e-07,3.5608152878685113e-07,0,-2.3738768585788568e-06,-2.3738768585790075e-06,2.3889968557508285e-13,0.0,0.0,1.5926645705005525e-12,1490506.4773512103,resolved
B,H4,yoshida4,exact,-1,0.175,-0.175,0.999999999999513,7.683052391068367e-07,0.999999999999808,7.683052391070596e-07,7.683052391070596e-07,0,-4.390315652039067e-06,-4.390315652040341e-06,2.4071722490413946e-13,0.0,0.0,1.3755269994522257e-12,3191733.534701548,resolved
B,H4,yoshida4,exact,-1,0.2,-0.2,0.9999999999981536,1.4949546303560018e-06,0.999999999999271,1.4949546303576485e-06,1.4949546303576485e-06,0,-7.474773151780009e-06,-7.474773151788242e-06,2.372852797639166e-13,0.0,0.0,1.186426398819583e-12,6300241.767392332,resolved
B,H4,yoshida4,exact,-1,0.225,-0.225,0.9999999999940242,2.687874186634074e-06,0.9999999999976366,2.687874186643663e-06,2.687874186643663e-06,0,-1.194610749615144e-05,-1.1946107496194059e-05,2.3992725417098e-13,0.0,0.0,1.0663433518710222e-12,11202871.453355636,resolved
B,H4,yoshida4,exact,-1,0.25,-0.25,0.9999999999829126,4.540443156850272e-06,0.9999999999932204,4.5404431568966556e-06,4.5404431568966556e-06,0,-1.8161772627401088e-05,-1.8161772627586622e-05,2.391005592660005e-13,0.0,0.0,9.56402237064002e-13,18989680.20312745,resolved
B,H4,yoshida4,exact,-1,0.275,-0.275,0.9999999999558346,7.292001440898667e-06,0.9999999999824212,7.292001441091475e-06,7.292001441091475e-06,0,-2.651636887599515e-05,-2.651636887669627e-05,2.399683381317704e-13,0.0,0.0,8.726121386609831e-13,30387348.17130131,resolved
B,H4,yoshida4,exact,-1,0.3,-0.3,0.999999999894968,1.1232010484202917e-05,0.999999999958047,1.1232010484910302e-05,1.1232010484910302e-05,0,-3.744003494734306e-05,-3.7440034949701005e-05,2.397098176760392e-13,0.0,0.0,7.990327255867973e-13,46856697.79025343,resolved
B,H4,yoshida4,exact,-1,0.35,-0.35,0.9999999995134886,2.4108734136648147e-05,0.9999999998041041,2.4108734143706405e-05,2.4108734143706405e-05,0,-6.888209753328042e-05,-6.888209755344687e-05,2.3684106220309854e-13,0.0,0.0,6.766887491517101e-13,101792881.32044503,resolved
B,H4,yoshida4,exact,-1,0.4,-0.4,0.9999999981687725,4.662765883662948e-05,0.9999999992558418,4.6627658888223664e-05,4.6627658888223664e-05,0,-0.00011656914709157369,-0.00011656914722055915,2.396871028291089e-13,0.0,0.0,5.992177570727722e-13,194535535.23016992,resolved
B,H4,yoshida4,exact,1,0.1,0.1,0.9999999999999972,-4.701597456638321e-08,0.9999999999999983,-4.7015974566383305e-08,-4.7015974566383305e-08,0,-4.701597456638321e-07,-4.70159745663833e-07,2.4079760759284475e-13,0.0,0.0,2.4079760759284474e-12,195251.00368057095,resolved
B,H4,yoshida4,exact,1,0.125,0.125,0.999999999999981,-1.4331020466592394e-07,0.9999999999999912,-1.4331020466592569e-07,-1.4331020466592569e-07,0,-1.1464816373273915e-06,-1.1464816373274055e-06,2.4154677516197465e-13,0.0,0.0,1.932374201295797e-12,593302.0822564245,resolved
B,H4,yoshida4,exact,1,0.15,0.15,0.9999999999998941,-3.5608152878682847e-07,0.9999999999999575,-3.5608152878685113e-07,-3.5608152878685113e-07,0,-2.3738768585788568e-06,-2.3738768585790075e-06,2.3889968557508285e-13,0.0,0.0,1.5926645705005525e-12,1490506.4773512103,resolved
B,H4,yoshida4,exact,1,0.175,0.175,0.999999999999513,-7.683052391068367e-07,0.999999999999808,-7.683052391070596e-07,-7.683052391070596e-07,0,-4.390315652039067e-06,-4.390315652040341e-06,2.4071722490413946e-13,0.0,0.0,1.3755269994522257e-12,3191733.534701548,resolved
B,H4,yoshida4,exact,1,0.2,0.2,0.9999999999981536,-1.4949546303560018e-06,0.999999999999271,-1.4949546303576485e-06,-1.4949546303576485e-06,0,-7.474773151780009e-06,-7.474773151788242e-06,2.372852797639166e-13,0.0,0.0,1.186426398819583e-12,6300241.767392332,resolved
B,H4,yoshida4,exact,1,0.225,0.225,0.9999999999940242,-2.687874186634074e-06,0.9999999999976366,-2.687874186643663e-06,-2.687874186643663e-06,0,-1.194610749615144e-05,-1.1946107496194059e-05,2.3992725417098e-13,0.0,0.0,1.0663433518710222e-12,11202871.453355636,resolved
B,H4,yoshida4,exact,1,0.25,0.25,0.9999999999829126,-4.540443156850272e-06,0.9999999999932204,-4.5404431568966556e-06,-4.5404431568966556e-06,0,-1.8161772627401088e-05,-1.8161772627586622e-05,2.391005592660005e-13,0.0,0.0,9.56402237064002e-13,18989680.20312745,resolved
B,H4,yoshida4,exact,1,0.275,0.275,0.9999999999558346,-7.292001440898667e-06,0.9999999999824212,-7.292001441091475e-06,-7.292001441091475e-06,0,-2.651636887599515e-05,-2.651636887669627e-05,2.399683381317704e-13,0.0,0.0,8.726121386609831e-13,30387348.17130131,resolved
B,H4,yoshida4,exact,1,0.3,0.3,0.999999999894968,-1.1232010484202917e-05,0.999999999958047,-1.1232010484910302e-05,-1.1232010484910302e-05,0,-3.744003494734306e-05,-3.7440034949701005e-05,2.397098176760392e-13,0.0,0.0,7.990327255867973e-13,46856697.79025343,resolved
B,H4,yoshida4,exact,1,0.35,0.35,0.9999999995134886,-2.4108734136648147e-05,0.9999999998041041,-2.4108734143706405e-05,-2.4108734143706405e-05,0,-6.888209753328042e-05,-6.888209755344687e-05,2.3684106220309854e-13,0.0,0.0,6.766887491517101e-13,101792881.32044503,resolved
B,H4,yoshida4,exact,1,0.4,0.4,0.9999999981687725,-4.662765883662948e-05,0.9999999992558418,-4.6627658888223664e-05,-4.6627658888223664e-05,0,-0.00011656914709157369,-0.00011656914722055915,2.396871028291089e-13,0.0,0.0,5.992177570727722e-13,194535535.23016992,resolved
B,H4,current_m3,exact,-1,0.1,-0.1,0.999999999999999,1.2869861098143611e-10,0.999999999999999,1.2869861098143624e-10,1.2869861098143624e-10,0,-1.286986109814361e-09,-1.2869861098143624e-09,5.597981758979164e-13,0.0,0.0,5.597981758979164e-12,229.90180483350719,resolved
B,H4,current_m3,exact,-1,0.125,-0.125,0.9999999999999987,3.9268224213960495e-10,0.9999999999999987,3.9268224213960547e-10,3.9268224213960547e-10,0,-3.1414579371168396e-09,-3.1414579371168437e-09,5.623838115041308e-13,0.0,0.0,4.499070492033047e-12,698.2459916286559,resolved
B,H4,current_m3,exact,-1,0.15,-0.15,0.9999999999999971,9.768920488661705e-10,0.9999999999999971,9.768920488661734e-10,9.768920488661734e-10,0,-6.512613659107803e-09,-6.512613659107823e-09,5.623333179990162e-13,0.0,0.0,3.748888786660108e-12,1737.211752528381,resolved
B,H4,current_m3,exact,-1,0.175,-0.175,0.9999999999999953,2.1108673800161955e-09,0.9999999999999953,2.1108673800162054e-09,2.1108673800162054e-09,0,-1.2062099314378261e-08,-1.2062099314378317e-08,5.617315067702272e-13,0.0,0.0,3.2098943244012984e-12,3757.7870469701693,resolved
B,H4,current_m3,exact,-1,0.2,-0.2,0.9999999999999943,4.11417290201866e-09,0.9999999999999943,4.114172902018683e-09,4.114172902018683e-09,0,-2.05708645100933e-08,-2.0570864510093414e-08,5.568378178682533e-13,0.0,0.0,2.784189089341266e-12,7388.458129099387,resolved
B,H4,current_m3,exact,-1,0.225,-0.225,0.9999999999999918,7.411197921777065e-09,0.9999999999999918,7.411197921777126e-09,7.411197921777126e-09,0,-3.293865743012029e-08,-3.293865743012056e-08,5.594257104791307e-13,0.0,0.0,2.4863364910183587e-12,13247.867916956488,resolved
B,H4,current_m3,exact,-1,0.25,-0.25,0.9999999999999835,1.2545858871436802e-08,0.9999999999999836,1.2545858871437008e-08,1.2545858871437008e-08,0,-5.0183435485747207e-08,-5.0183435485748034e-08,5.577921028109026e-13,0.0,0.0,2.2311684112436104e-12,22491.998019000242,resolved
B,H4,current_m3,exact,-1,0.275,-0.275,0.9999999999999611,2.019619640302882e-08,0.9999999999999614,2.01961964030296e-08,2.01961964030296e-08,0,-7.344071419283206e-08,-7.34407141928349e-08,5.589155167846271e-13,0.0,0.0,2.0324200610350074e-12,36134.613902321194,resolved
B,H4,current_m3,exact,-1,0.3,-0.3,0.9999999999999127,3.11888428924153e-08,0.9999999999999132,3.1188842892418016e-08,3.1188842892418016e-08,0,-1.0396280964138434e-07,-1.039628096413934e-07,5.612654168901811e-13,0.0,0.0,1.8708847229672704e-12,55568.79500116753,resolved
B,H4,current_m3,exact,-1,0.35,-0.35,0.9999999999995939,6.733640170457275e-08,0.9999999999995961,6.73364017046e-08,6.73364017046e-08,0,-1.9238971915592217e-07,-1.9238971915600002e-07,5.573744415205158e-13,0.0,0.0,1.592498404344331e-12,120809.99179093905,resolved
B,H4,current_m3,exact,-1,0.4,-0.4,0.9999999999984696,1.3111412915492363e-07,0.9999999999984781,1.3111412915512353e-07,1.3111412915512353e-07,0,-3.2778532288730907e-07,-3.277853228878088e-07,5.610778815835164e-13,0.0,0.0,1.402694703958791e-12,233682.58393092136,resolved
B,H4,current_m3,exact,1,0.1,0.1,0.999999999999999,-1.2869861098143611e-10,0.999999999999999,-1.2869861098143624e-10,-1.2869861098143624e-10,0,-1.286986109814361e-09,-1.2869861098143624e-09,5.597981758979164e-13,0.0,0.0,5.597981758979164e-12,229.90180483350719,resolved
B,H4,current_m3,exact,1,0.125,0.125,0.9999999999999987,-3.9268224213960495e-10,0.9999999999999987,-3.9268224213960547e-10,-3.9268224213960547e-10,0,-3.1414579371168396e-09,-3.1414579371168437e-09,5.623838115041308e-13,0.0,0.0,4.499070492033047e-12,698.2459916286559,resolved
B,H4,current_m3,exact,1,0.15,0.15,0.9999999999999971,-9.768920488661705e-10,0.9999999999999971,-9.768920488661734e-10,-9.768920488661734e-10,0,-6.512613659107803e-09,-6.512613659107823e-09,5.623333179990162e-13,0.0,0.0,3.748888786660108e-12,1737.211752528381,resolved
B,H4,current_m3,exact,1,0.175,0.175,0.9999999999999953,-2.1108673800161955e-09,0.9999999999999953,-2.1108673800162054e-09,-2.1108673800162054e-09,0,-1.2062099314378261e-08,-1.2062099314378317e-08,5.617315067702272e-13,0.0,0.0,3.2098943244012984e-12,3757.7870469701693,resolved
B,H4,current_m3,exact,1,0.2,0.2,0.9999999999999943,-4.11417290201866e-09,0.9999999999999943,-4.114172902018683e-09,-4.114172902018683e-09,0,-2.05708645100933e-08,-2.0570864510093414e-08,5.568378178682533e-13,0.0,0.0,2.784189089341266e-12,7388.458129099387,resolved
B,H4,current_m3,exact,1,0.225,0.225,0.9999999999999918,-7.411197921777065e-09,0.9999999999999918,-7.411197921777126e-09,-7.411197921777126e-09,0,-3.293865743012029e-08,-3.293865743012056e-08,5.594257104791307e-13,0.0,0.0,2.4863364910183587e-12,13247.867916956488,resolved
B,H4,current_m3,exact,1,0.25,0.25,0.9999999999999835,-1.2545858871436802e-08,0.9999999999999836,-1.2545858871437008e-08,-1.2545858871437008e-08,0,-5.0183435485747207e-08,-5.0183435485748034e-08,5.577921028109026e-13,0.0,0.0,2.2311684112436104e-12,22491.998019000242,resolved
B,H4,current_m3,exact,1,0.275,0.275,0.9999999999999611,-2.019619640302882e-08,0.9999999999999614,-2.01961964030296e-08,-2.01961964030296e-08,0,-7.344071419283206e-08,-7.34407141928349e-08,5.589155167846271e-13,0.0,0.0,2.0324200610350074e-12,36134.613902321194,resolved
B,H4,current_m3,exact,1,0.3,0.3,0.9999999999999127,-3.11888428924153e-08,0.9999999999999132,-3.1188842892418016e-08,-3.1188842892418016e-08,0,-1.0396280964138434e-07,-1.039628096413934e-07,5.612654168901811e-13,0.0,0.0,1.8708847229672704e-12,55568.79500116753,resolved
B,H4,current_m3,exact,1,0.35,0.35,0.9999999999995939,-6.733640170457275e-08,0.9999999999995961,-6.73364017046e-08,-6.73364017046e-08,0,-1.9238971915592217e-07,-1.9238971915600002e-07,5.573744415205158e-13,0.0,0.0,1.592498404344331e-12,120809.99179093905,resolved
B,H4,current_m3,exact,1,0.4,0.4,0.9999999999984696,-1.3111412915492363e-07,0.9999999999984781,-1.3111412915512353e-07,-1.3111412915512353e-07,0,-3.2778532288730907e-07,-3.277853228878088e-07,5.610778815835164e-13,0.0,0.0,1.402694703958791e-12,233682.58393092136,resolved
B,H4,two_term_center,exact,-1,0.1,-0.1,0.9999999999999957,2.1883751474896576e-10,0.9999999999999957,2.1883751474896672e-10,2.1883751474896672e-10,0,-2.1883751474896573e-09,-2.1883751474896673e-09,5.567679084027881e-13,0.0,0.0,5.567679084027881e-12,393.0497994698537,resolved
B,H4,two_term_center,exact,-1,0.125,-0.125,0.9999999999999983,6.677367932732266e-10,0.9999999999999983,6.677367932732277e-10,6.677367932732277e-10,0,-5.3418943461858125e-09,-5.3418943461858216e-09,5.568579149255983e-13,0.0,0.0,4.4548633194047865e-12,1199.1152058284792,resolved
B,H4,two_term_center,exact,-1,0.15,-0.15,0.9999999999999982,1.6612326068160494e-09,0.9999999999999982,1.6612326068160523e-09,1.6612326068160523e-09,0,-1.1074884045440329e-08,-1.1074884045440349e-08,5.559479059292713e-13,0.0,0.0,3.706319372861809e-12,2988.108398464575,resolved
B,H4,two_term_center,exact,-1,0.175,-0.175,0.9999999999999971,3.5897861950524507e-09,0.9999999999999971,3.589786195052461e-09,3.589786195052461e-09,0,-2.051306397172829e-08,-2.051306397172835e-08,5.595455149247052e-13,0.0,0.0,3.197402942426887e-12,6415.539217637206,resolved
B,H4,two_term_center,exact,-1,0.2,-0.2,0.9999999999999963,6.997094520035907e-09,0.9999999999999963,6.9970945200359325e-09,6.9970945200359325e-09,0,-3.498547260017953e-08,-3.498547260017966e-08,5.593558950632956e-13,0.0,0.0,2.796779475316478e-12,12509.199566483749,resolved
B,H4,two_term_center,exact,-1,0.225,-0.225,0.9999999999999978,1.2605351262861148e-08,0.9999999999999979,1.2605351262861176e-08,1.2605351262861176e-08,0,-5.602378339049399e-08,-5.602378339049411e-08,5.588558658604138e-13,0.0,0.0,2.4838038482685056e-12,22555.639178008743,resolved
B,H4,two_term_center,exact,-1,0.25,-0.25,0.9999999999999893,2.1340380460309874e-08,0.9999999999999896,2.13403804603101e-08,2.13403804603101e-08,0,-8.53615218412395e-08,-8.53615218412404e-08,5.597019317135457e-13,0.0,0.0,2.238807726854183e-12,38128.11650475389,resolved
B,H4,two_term_center,exact,-1,0.275,-0.275,0.9999999999999777,3.4356623946470695e-08,0.9999999999999782,3.435662394647145e-08,3.435662394647145e-08,0,-1.2493317798716616e-07,-1.249331779871689e-07,5.594108795207121e-13,0.0,0.0,2.0342213800753167e-12,61415.72358390046,resolved
B,H4,two_term_center,exact,-1,0.3,-0.3,0.9999999999999467,5.3061959063456306e-08,0.9999999999999482,5.3061959063459085e-08,5.3061959063459085e-08,0,-1.768731968781877e-07,-1.7687319687819695e-07,5.579303923773739e-13,0.0,0.0,1.8597679745912463e-12,95104.98045707137,resolved
B,H4,two_term_center,exact,-1,0.35,-0.35,0.9999999999997595,1.1458622493330103e-07,0.9999999999997661,1.1458622493332808e-07,1.1458622493332808e-07,0,-3.273892140951458e-07,-3.273892140952231e-07,5.585012827972786e-13,0.0,0.0,1.5957179508493677e-12,205167.3442169923,resolved
B,H4,two_term_center,exact,-1,0.4,-0.4,0.9999999999991027,2.2317591825823375e-07,0.9999999999991276,2.231759182584303e-07,2.231759182584303e-07,0,-5.579397956455843e-07,-5.579397956460757e-07,5.563272014237346e-13,0.0,0.0,1.3908180035593363e-12,401159.4573968146,resolved
B,H4,two_term_center,exact,1,0.1,0.1,0.9999999999999957,-2.1883751474896576e-10,0.9999999999999957,-2.1883751474896672e-10,-2.1883751474896672e-10,0,-2.1883751474896573e-09,-2.1883751474896673e-09,5.567679084027881e-13,0.0,0.0,5.567679084027881e-12,393.0497994698537,resolved
B,H4,two_term_center,exact,1,0.125,0.125,0.9999999999999983,-6.677367932732266e-10,0.9999999999999983,-6.677367932732277e-10,-6.677367932732277e-10,0,-5.3418943461858125e-09,-5.3418943461858216e-09,5.568579149255983e-13,0.0,0.0,4.4548633194047865e-12,1199.1152058284792,resolved
B,H4,two_term_center,exact,1,0.15,0.15,0.9999999999999982,-1.6612326068160494e-09,0.9999999999999982,-1.6612326068160523e-09,-1.6612326068160523e-09,0,-1.1074884045440329e-08,-1.1074884045440349e-08,5.559479059292713e-13,0.0,0.0,3.706319372861809e-12,2988.108398464575,resolved
B,H4,two_term_center,exact,1,0.175,0.175,0.9999999999999971,-3.5897861950524507e-09,0.9999999999999971,-3.589786195052461e-09,-3.589786195052461e-09,0,-2.051306397172829e-08,-2.051306397172835e-08,5.595455149247052e-13,0.0,0.0,3.197402942426887e-12,6415.539217637206,resolved
B,H4,two_term_center,exact,1,0.2,0.2,0.9999999999999963,-6.997094520035907e-09,0.9999999999999963,-6.9970945200359325e-09,-6.9970945200359325e-09,0,-3.498547260017953e-08,-3.498547260017966e-08,5.593558950632956e-13,0.0,0.0,2.796779475316478e-12,12509.199566483749,resolved
B,H4,two_term_center,exact,1,0.225,0.225,0.9999999999999978,-1.2605351262861148e-08,0.9999999999999979,-1.2605351262861176e-08,-1.2605351262861176e-08,0,-5.602378339049399e-08,-5.602378339049411e-08,5.588558658604138e-13,0.0,0.0,2.4838038482685056e-12,22555.639178008743,resolved
B,H4,two_term_center,exact,1,0.25,0.25,0.9999999999999893,-2.1340380460309874e-08,0.9999999999999896,-2.13403804603101e-08,-2.13403804603101e-08,0,-8.53615218412395e-08,-8.53615218412404e-08,5.597019317135457e-13,0.0,0.0,2.238807726854183e-12,38128.11650475389,resolved
B,H4,two_term_center,exact,1,0.275,0.275,0.9999999999999777,-3.4356623946470695e-08,0.9999999999999782,-3.435662394647145e-08,-3.435662394647145e-08,0,-1.2493317798716616e-07,-1.249331779871689e-07,5.594108795207121e-13,0.0,0.0,2.0342213800753167e-12,61415.72358390046,resolved
B,H4,two_term_center,exact,1,0.3,0.3,0.9999999999999467,-5.3061959063456306e-08,0.9999999999999482,-5.3061959063459085e-08,-5.3061959063459085e-08,0,-1.768731968781877e-07,-1.7687319687819695e-07,5.579303923773739e-13,0.0,0.0,1.8597679745912463e-12,95104.98045707137,resolved
B,H4,two_term_center,exact,1,0.35,0.35,0.9999999999997595,-1.1458622493330103e-07,0.9999999999997661,-1.1458622493332808e-07,-1.1458622493332808e-07,0,-3.273892140951458e-07,-3.273892140952231e-07,5.585012827972786e-13,0.0,0.0,1.5957179508493677e-12,205167.3442169923,resolved
B,H4,two_term_center,exact,1,0.4,0.4,0.9999999999991027,-2.2317591825823375e-07,0.9999999999991276,-2.231759182584303e-07,-2.231759182584303e-07,0,-5.579397956455843e-07,-5.579397956460757e-07,5.563272014237346e-13,0.0,0.0,1.3908180035593363e-12,401159.4573968146,resolved
B,H4,m5_best,exact,-1,0.1,-0.1,0.9999999999999964,1.1300839893496702e-11,0.9999999999999964,1.1300839893496742e-11,1.1300839893496742e-11,0,-1.1300839893496701e-10,-1.1300839893496741e-10,8.804447593640625e-13,0.0,0.0,8.804447593640624e-12,12.835376408690534,marginal
B,H4,m5_best,exact,-1,0.125,-0.125,0.9999999999999968,3.4477428697653766e-11,0.9999999999999968,3.4477428697653876e-11,3.4477428697653876e-11,0,-2.758194295812301e-10,-2.75819429581231e-10,8.828067402455443e-13,0.0,0.0,7.0624539219643545e-12,39.05433332788578,marginal
B,H4,m5_best,exact,-1,0.15,-0.15,0.9999999999999993,8.57609908002157e-11,0.9999999999999993,8.576099080021575e-11,8.576099080021575e-11,0,-5.717399386681047e-10,-5.717399386681051e-10,8.850249297344209e-13,0.0,0.0,5.9001661982294725e-12,96.90234468982804,marginal
B,H4,m5_best,exact,-1,0.175,-0.175,0.9999999999999962,1.852870064655382e-10,0.9999999999999962,1.852870064655389e-10,1.852870064655389e-10,0,-1.0587828940887897e-09,-1.0587828940887939e-09,8.819536702009783e-13,0.0,0.0,5.039735258291305e-12,210.08700652418088,resolved
B,H4,m5_best,exact,-1,0.2,-0.2,0.9999999999999973,3.61074827590583e-10,0.9999999999999973,3.61074827590584e-10,3.61074827590584e-10,0,-1.8053741379529151e-09,-1.8053741379529199e-09,8.750349091167522e-13,0.0,0.0,4.375174545583761e-12,412.640483058038,resolved
B,H4,m5_best,exact,-1,0.225,-0.225,0.9999999999999972,6.503163699471083e-10,0.9999999999999972,6.5031636994711e-10,6.5031636994711e-10,0,-2.8902949775427035e-09,-2.890294977542711e-09,8.814931557501155e-13,0.0,0.0,3.917747358889403e-12,737.744094443609,resolved
B,H4,m5_best,exact,-1,0.25,-0.25,0.9999999999999948,1.1006477526289744e-09,0.9999999999999948,1.1006477526289802e-09,1.1006477526289802e-09,0,-4.402591010515898e-09,-4.402591010515921e-09,8.810570076929511e-13,0.0,0.0,3.5242280307718045e-12,1249.2355693430347,resolved
B,H4,m5_best,exact,-1,0.275,-0.275,0.9999999999999907,1.7714125443299017e-09,0.9999999999999907,1.7714125443299182e-09,1.7714125443299182e-09,0,-6.441500161199642e-09,-6.441500161199702e-09,8.785752692873447e-13,0.0,0.0,3.1948191610448894e-12,2016.2331063185752,resolved
B,H4,m5_best,exact,-1,0.3,-0.3,0.9999999999999828,2.7349004990466047e-09,0.9999999999999828,2.734900499046652e-09,2.734900499046652e-09,0,-9.116334996822016e-09,-9.116334996822174e-09,8.745490018563686e-13,0.0,0.0,2.9151633395212285e-12,3127.212418333731,resolved
B,H4,m5_best,exact,-1,0.35,-0.35,0.9999999999999188,5.901281584920578e-09,0.9999999999999188,5.901281584921057e-09,5.901281584921057e-09,0,-1.6860804528344512e-08,-1.6860804528345878e-08,8.744425827998212e-13,0.0,0.0,2.4984073794280607e-12,6748.621008397883,resolved
B,H4,m5_best,exact,-1,0.4,-0.4,0.9999999999996958,1.1483085215755824e-08,0.9999999999996959,1.1483085215759316e-08,1.1483085215759316e-08,0,-2.870771303938956e-08,-2.8707713039398288e-08,8.727534199762272e-13,0.0,0.0,2.181883549940568e-12,13157.307611660359,resolved
B,H4,m5_best,exact,1,0.1,0.1,0.9999999999999964,-1.1300839893496702e-11,0.9999999999999964,-1.1300839893496742e-11,-1.1300839893496742e-11,0,-1.1300839893496701e-10,-1.1300839893496741e-10,8.804447593640625e-13,0.0,0.0,8.804447593640624e-12,12.835376408690534,marginal
B,H4,m5_best,exact,1,0.125,0.125,0.9999999999999968,-3.4477428697653766e-11,0.9999999999999968,-3.4477428697653876e-11,-3.4477428697653876e-11,0,-2.758194295812301e-10,-2.75819429581231e-10,8.828067402455443e-13,0.0,0.0,7.0624539219643545e-12,39.05433332788578,marginal
B,H4,m5_best,exact,1,0.15,0.15,0.9999999999999993,-8.57609908002157e-11,0.9999999999999993,-8.576099080021575e-11,-8.576099080021575e-11,0,-5.717399386681047e-10,-5.717399386681051e-10,8.850249297344209e-13,0.0,0.0,5.9001661982294725e-12,96.90234468982804,marginal
B,H4,m5_best,exact,1,0.175,0.175,0.9999999999999962,-1.852870064655382e-10,0.9999999999999962,-1.852870064655389e-10,-1.852870064655389e-10,0,-1.0587828940887897e-09,-1.0587828940887939e-09,8.819536702009783e-13,0.0,0.0,5.039735258291305e-12,210.08700652418088,resolved
B,H4,m5_best,exact,1,0.2,0.2,0.9999999999999973,-3.61074827590583e-10,0.9999999999999973,-3.61074827590584e-10,-3.61074827590584e-10,0,-1.8053741379529151e-09,-1.8053741379529199e-09,8.750349091167522e-13,0.0,0.0,4.375174545583761e-12,412.640483058038,resolved
B,H4,m5_best,exact,1,0.225,0.225,0.9999999999999972,-6.503163699471083e-10,0.9999999999999972,-6.5031636994711e-10,-6.5031636994711e-10,0,-2.8902949775427035e-09,-2.890294977542711e-09,8.814931557501155e-13,0.0,0.0,3.917747358889403e-12,737.744094443609,resolved
B,H4,m5_best,exact,1,0.25,0.25,0.9999999999999948,-1.1006477526289744e-09,0.9999999999999948,-1.1006477526289802e-09,-1.1006477526289802e-09,0,-4.402591010515898e-09,-4.402591010515921e-09,8.810570076929511e-13,0.0,0.0,3.5242280307718045e-12,1249.2355693430347,resolved
B,H4,m5_best,exact,1,0.275,0.275,0.9999999999999907,-1.7714125443299017e-09,0.9999999999999907,-1.7714125443299182e-09,-1.7714125443299182e-09,0,-6.441500161199642e-09,-6.441500161199702e-09,8.785752692873447e-13,0.0,0.0,3.1948191610448894e-12,2016.2331063185752,resolved
B,H4,m5_best,exact,1,0.3,0.3,0.9999999999999828,-2.7349004990466047e-09,0.9999999999999828,-2.734900499046652e-09,-2.734900499046652e-09,0,-9.116334996822016e-09,-9.116334996822174e-09,8.745490018563686e-13,0.0,0.0,2.9151633395212285e-12,3127.212418333731,resolved
B,H4,m5_best,exact,1,0.35,0.35,0.9999999999999188,-5.901281584920578e-09,0.9999999999999188,-5.901281584921057e-09,-5.901281584921057e-09,0,-1.6860804528344512e-08,-1.6860804528345878e-08,8.744425827998212e-13,0.0,0.0,2.4984073794280607e-12,6748.621008397883,resolved
B,H4,m5_best,exact,1,0.4,0.4,0.9999999999996958,-1.1483085215755824e-08,0.9999999999996959,-1.1483085215759316e-08,-1.1483085215759316e-08,0,-2.870771303938956e-08,-2.8707713039398288e-08,8.727534199762272e-13,0.0,0.0,2.181883549940568e-12,13157.307611660359,resolved
C,lambda_1,yoshida4,exact,-1,0.05,-0.05,0.9999999999999999,2.4532694666933986e-17,0.9999999999999999,2.453269466693399e-17,2.453269466693399e-17,0,-4.906538933386797e-16,-4.906538933386797e-16,6.280369834735101e-16,0.0,0.0,2.220446049250313e-13,0.002209708691207961,unresolved
C,lambda_1,yoshida4,exact,-1,0.08,-0.08,0.9999999999999993,-1.9626155733547187e-17,0.9999999999999993,-1.96261557335472e-17,-1.96261557335472e-17,0,2.453269466693398e-16,2.4532694666933996e-16,1.4130832128153975e-15,0.0,0.0,1.3877787807814457e-13,0.0017677669529663686,unresolved
C,lambda_1,yoshida4,exact,-1,0.12,-0.12,0.9999999999999996,-3.925231146709437e-17,0.9999999999999996,-3.925231146709439e-17,-3.925231146709439e-17,0,3.2710259555911977e-16,3.2710259555911996e-16,7.850462293418876e-16,0.0,0.0,9.251858538542972e-14,0.0035355339059327372,unresolved
C,lambda_1,yoshida4,exact,-1,0.18,-0.18,0.9999999999999998,1.1775693440128312e-16,0.9999999999999998,1.1775693440128314e-16,1.1775693440128314e-16,0,-6.542051911182395e-16,-6.542051911182397e-16,3.1401849173675503e-16,0.0,0.0,6.167905692361981e-14,0.010606601717798212,unresolved
C,lambda_1,yoshida4,exact,-1,0.27,-0.27,1.0000000000000002,-7.850462293418875e-17,1.0000000000000002,-7.850462293418873e-17,-7.850462293418873e-17,0,2.9075786271921755e-16,2.907578627192175e-16,6.280369834735101e-16,0.0,0.0,4.11193712824132e-14,0.0070710678118654745,unresolved
C,lambda_1,yoshida4,exact,-1,0.4,-0.4,1.0,1.570092458683775e-16,1.0,1.570092458683775e-16,1.570092458683775e-16,0,-3.9252311467094373e-16,-3.9252311467094373e-16,0.0,0.0,0.0,2.7755575615628914e-14,0.014142135623730949,unresolved
C,lambda_1,yoshida4,exact,1,0.05,0.05,0.9999999999999999,-2.4532694666933986e-17,0.9999999999999999,-2.453269466693399e-17,-2.453269466693399e-17,0,-4.906538933386797e-16,-4.906538933386797e-16,6.280369834735101e-16,0.0,0.0,2.220446049250313e-13,0.002209708691207961,unresolved
C,lambda_1,yoshida4,exact,1,0.08,0.08,0.9999999999999993,1.9626155733547187e-17,0.9999999999999993,1.96261557335472e-17,1.96261557335472e-17,0,2.453269466693398e-16,2.4532694666933996e-16,1.4130832128153975e-15,0.0,0.0,1.3877787807814457e-13,0.0017677669529663686,unresolved
C,lambda_1,yoshida4,exact,1,0.12,0.12,0.9999999999999996,3.925231146709437e-17,0.9999999999999996,3.925231146709439e-17,3.925231146709439e-17,0,3.2710259555911977e-16,3.2710259555911996e-16,7.850462293418876e-16,0.0,0.0,9.251858538542972e-14,0.0035355339059327372,unresolved
C,lambda_1,yoshida4,exact,1,0.18,0.18,0.9999999999999998,-1.1775693440128312e-16,0.9999999999999998,-1.1775693440128314e-16,-1.1775693440128314e-16,0,-6.542051911182395e-16,-6.542051911182397e-16,3.1401849173675503e-16,0.0,0.0,6.167905692361981e-14,0.010606601717798212,unresolved
C,lambda_1,yoshida4,exact,1,0.27,0.27,1.0000000000000002,7.850462293418875e-17,1.0000000000000002,7.850462293418873e-17,7.850462293418873e-17,0,2.9075786271921755e-16,2.907578627192175e-16,6.280369834735101e-16,0.0,0.0,4.11193712824132e-14,0.0070710678118654745,unresolved
C,lambda_1,yoshida4,exact,1,0.4,0.4,1.0,-1.570092458683775e-16,1.0,-1.570092458683775e-16,-1.570092458683775e-16,0,-3.9252311467094373e-16,-3.9252311467094373e-16,0.0,0.0,0.0,2.7755575615628914e-14,0.014142135623730949,unresolved
C,lambda_1.772983346207417,yoshida4,exact,-1,0.05,-0.05,1.0000000000000009,4.398822359552247e-09,1.0000000000000009,4.398822359552243e-09,4.398822359552243e-09,0,-8.797644719104493e-08,-8.797644719104485e-08,3.454203409104305e-15,0.0,0.0,2.220446049250313e-13,396210.6947869701,resolved
C,lambda_1.772983346207417,yoshida4,exact,-1,0.08,-0.08,0.9999999999999519,4.5267517797224075e-08,0.9999999999999529,4.526751779722622e-08,4.526751779722622e-08,0,-5.658439724653009e-07,-5.658439724653277e-07,4.082240392577815e-15,0.0,0.0,1.3877787807814457e-13,4077335.5256713126,resolved
C,lambda_1.772983346207417,yoshida4,exact,-1,0.12,-0.12,0.9999999999971757,3.3048847825609816e-07,0.9999999999972303,3.304884782570195e-07,3.304884782570195e-07,0,-2.7540706521341513e-06,-2.7540706521418296e-06,3.1401849173675502e-15,0.0,0.0,9.251858538542972e-14,29767755.750488117,resolved
C,lambda_1.772983346207417,yoshida4,exact,-1,0.18,-0.18,0.9999999998401413,2.2865842147775525e-06,0.9999999998427556,2.286584215139098e-06,2.286584215139098e-06,0,-1.270324563765307e-05,-1.2703245639661655e-05,4.082240392577815e-15,0.0,0.0,6.167905692361981e-14,205957196.35246888,resolved
C,lambda_1.772983346207417,yoshida4,exact,-1,0.27,-0.27,0.9999999911660481,1.3685967637872439e-05,0.999999991259701,1.3685967757919134e-05,1.3685967757919134e-05,0,-5.068876902915718e-05,-5.068876947377457e-05,5.0242958677880805e-15,0.0,0.0,4.11193712824132e-14,1232722375.0825398,resolved
C,lambda_1.772983346207417,yoshida4,exact,-1,0.4,-0.4,0.9999995894433258,4.553506886461459e-05,0.9999995904800475,4.553508752787721e-05,4.553508752787721e-05,0,-0.00011383767216153647,-0.00011383771881969302,3.76822190084106e-15,0.0,0.0,2.7755575615628914e-14,4101434383.419363,resolved
C,lambda_1.772983346207417,yoshida4,exact,1,0.05,0.05,1.0000000000000009,-4.398822359552247e-09,1.0000000000000009,-4.398822359552243e-09,-4.398822359552243e-09,0,-8.797644719104493e-08,-8.797644719104485e-08,3.454203409104305e-15,0.0,0.0,2.220446049250313e-13,396210.6947869701,resolved
C,lambda_1.772983346207417,yoshida4,exact,1,0.08,0.08,0.9999999999999519,-4.5267517797224075e-08,0.9999999999999529,-4.526751779722622e-08,-4.526751779722622e-08,0,-5.658439724653009e-07,-5.658439724653277e-07,4.082240392577815e-15,0.0,0.0,1.3877787807814457e-13,4077335.5256713126,resolved
C,lambda_1.772983346207417,yoshida4,exact,1,0.12,0.12,0.9999999999971757,-3.3048847825609816e-07,0.9999999999972303,-3.304884782570195e-07,-3.304884782570195e-07,0,-2.7540706521341513e-06,-2.7540706521418296e-06,3.1401849173675502e-15,0.0,0.0,9.251858538542972e-14,29767755.750488117,resolved
C,lambda_1.772983346207417,yoshida4,exact,1,0.18,0.18,0.9999999998401413,-2.2865842147775525e-06,0.9999999998427556,-2.286584215139098e-06,-2.286584215139098e-06,0,-1.270324563765307e-05,-1.2703245639661655e-05,4.082240392577815e-15,0.0,0.0,6.167905692361981e-14,205957196.35246888,resolved
C,lambda_1.772983346207417,yoshida4,exact,1,0.27,0.27,0.9999999911660481,-1.3685967637872439e-05,0.999999991259701,-1.3685967757919134e-05,-1.3685967757919134e-05,0,-5.068876902915718e-05,-5.068876947377457e-05,5.0242958677880805e-15,0.0,0.0,4.11193712824132e-14,1232722375.0825398,resolved
C,lambda_1.772983346207417,yoshida4,exact,1,0.4,0.4,0.9999995894433258,-4.553506886461459e-05,0.9999995904800475,-4.553508752787721e-05,-4.553508752787721e-05,0,-0.00011383767216153647,-0.00011383771881969302,3.76822190084106e-15,0.0,0.0,2.7755575615628914e-14,4101434383.419363,resolved
C,lambda_1.842983346207417,yoshida4,exact,-1,0.05,-0.05,1.0000000000000004,1.5323702023176697e-09,1.0000000000000004,1.532370202317669e-09,1.532370202317669e-09,0,-3.0647404046353394e-08,-3.064740404635338e-08,2.826166425630795e-15,0.0,0.0,2.220446049250313e-13,138023.63744303017,resolved
C,lambda_1.842983346207417,yoshida4,exact,-1,0.08,-0.08,0.9999999999999185,1.492137850913557e-08,0.9999999999999186,1.4921378509136784e-08,1.4921378509136784e-08,0,-1.8651723136419462e-07,-1.865172313642098e-07,4.082240392577815e-15,0.0,0.0,1.3877787807814457e-13,1343998.2938719415,resolved
C,lambda_1.842983346207417,yoshida4,exact,-1,0.12,-0.12,0.999999999995269,9.560020439369973e-08,0.9999999999952736,9.560020439415173e-08,9.560020439415173e-08,0,-7.966683699474978e-07,-7.966683699512644e-07,4.710277376051325e-15,0.0,0.0,9.251858538542972e-14,8610900.897680188,resolved
C,lambda_1.842983346207417,yoshida4,exact,-1,0.18,-0.18,0.9999999997326325,4.290461293731845e-07,0.9999999997327246,4.2904612948787116e-07,4.2904612948787116e-07,0,-2.383589607628803e-06,-2.383589608265951e-06,5.338314359524835e-15,0.0,0.0,6.167905692361981e-14,38645039.767396554,resolved
C,lambda_1.842983346207417,yoshida4,exact,-1,0.27,-0.27,0.9999999852754811,-1.6017091041011148e-06,0.9999999852767638,-1.6017091276841415e-06,-1.6017091276841415e-06,0,5.93225594111524e-06,5.932256028459783e-06,4.082240392577815e-15,0.0,0.0,4.11193712824132e-14,144269130.48771423,resolved
C,lambda_1.842983346207417,yoshida4,exact,-1,0.4,-0.4,0.9999993206589457,-7.917716766941632e-05,0.9999993237934598,-7.917722129229856e-05,-7.917722129229856e-05,0,0.0001979429191735408,0.0001979430532307464,4.710277376051325e-15,0.0,0.0,2.7755575615628914e-14,7131645256.244693,resolved
C,lambda_1.842983346207417,yoshida4,exact,1,0.05,0.05,1.0000000000000004,-1.5323702023176697e-09,1.0000000000000004,-1.532370202317669e-09,-1.532370202317669e-09,0,-3.0647404046353394e-08,-3.064740404635338e-08,2.826166425630795e-15,0.0,0.0,2.220446049250313e-13,138023.63744303017,resolved
C,lambda_1.842983346207417,yoshida4,exact,1,0.08,0.08,0.9999999999999185,-1.492137850913557e-08,0.9999999999999186,-1.4921378509136784e-08,-1.4921378509136784e-08,0,-1.8651723136419462e-07,-1.865172313642098e-07,4.082240392577815e-15,0.0,0.0,1.3877787807814457e-13,1343998.2938719415,resolved
C,lambda_1.842983346207417,yoshida4,exact,1,0.12,0.12,0.999999999995269,-9.560020439369973e-08,0.9999999999952736,-9.560020439415173e-08,-9.560020439415173e-08,0,-7.966683699474978e-07,-7.966683699512644e-07,4.710277376051325e-15,0.0,0.0,9.251858538542972e-14,8610900.897680188,resolved
C,lambda_1.842983346207417,yoshida4,exact,1,0.18,0.18,0.9999999997326325,-4.290461293731845e-07,0.9999999997327246,-4.2904612948787116e-07,-4.2904612948787116e-07,0,-2.383589607628803e-06,-2.383589608265951e-06,5.338314359524835e-15,0.0,0.0,6.167905692361981e-14,38645039.767396554,resolved
C,lambda_1.842983346207417,yoshida4,exact,1,0.27,0.27,0.9999999852754811,1.6017091041011148e-06,0.9999999852767638,1.6017091276841415e-06,1.6017091276841415e-06,0,5.93225594111524e-06,5.932256028459783e-06,4.082240392577815e-15,0.0,0.0,4.11193712824132e-14,144269130.48771423,resolved
C,lambda_1.842983346207417,yoshida4,exact,1,0.4,0.4,0.9999993206589457,7.917716766941632e-05,0.9999993237934598,7.917722129229856e-05,7.917722129229856e-05,0,0.0001979429191735408,0.0001979430532307464,4.710277376051325e-15,0.0,0.0,2.7755575615628914e-14,7131645256.244693,resolved
C,lambda_1.872983346207417,yoshida4,exact,-1,0.05,-0.05,0.9999999999999996,-7.910993282932005e-11,0.9999999999999996,-7.910993282932009e-11,-7.910993282932009e-11,0,1.582198656586401e-09,1.5821986565864016e-09,1.5700924586837751e-15,0.0,0.0,2.220446049250313e-13,7125.589280228614,resolved
C,lambda_1.872983346207417,yoshida4,exact,-1,0.08,-0.08,0.9999999999998981,-2.1171728058303864e-09,0.9999999999998981,-2.1171728058306023e-09,-2.1171728058306023e-09,0,2.646466007287983e-08,2.6464660072882526e-08,1.5700924586837751e-15,0.0,0.0,1.3877787807814457e-13,190697.9731883335,resolved
C,lambda_1.872983346207417,yoshida4,exact,-1,0.12,-0.12,0.9999999999941502,-3.594971671570671e-08,0.9999999999941509,-3.5949716715916995e-08,-3.5949716715916995e-08,0,2.9958097263088927e-07,2.995809726326416e-07,1.2560739669470201e-15,0.0,0.0,9.251858538542972e-14,3238062.6160986326,resolved
C,lambda_1.872983346207417,yoshida4,exact,-1,0.18,-0.18,0.9999999996697116,-6.056856823584503e-07,0.9999999996698951,-6.056856825584271e-07,-6.056856825584271e-07,0,3.3649204575469463e-06,3.3649204586579287e-06,2.198129442157285e-15,0.0,0.0,6.167905692361981e-14,54555316.26746323,resolved
C,lambda_1.872983346207417,yoshida4,exact,-1,0.27,-0.27,0.9999999818382443,-1.0025990830425567e-05,0.9999999818885046,-1.0025991012179226e-05,-1.0025991012179226e-05,0,3.713329937194654e-05,3.7133300045108244e-05,2.198129442157285e-15,0.0,0.0,4.11193712824132e-14,903060971.3584919,resolved
C,lambda_1.872983346207417,yoshida4,exact,-1,0.4,-0.4,0.9999991648184733,-0.00014659874510669895,0.9999991755640782,-0.0001465988664931684,-0.0001465988664931684,0,0.0003664968627667474,0.000366497166232921,2.5121479338940403e-15,0.0,0.0,2.7755575615628914e-14,13204441076.710234,resolved
C,lambda_1.872983346207417,yoshida4,exact,1,0.05,0.05,0.9999999999999996,7.910993282932005e-11,0.9999999999999996,7.910993282932009e-11,7.910993282932009e-11,0,1.582198656586401e-09,1.5821986565864016e-09,1.5700924586837751e-15,0.0,0.0,2.220446049250313e-13,7125.589280228614,resolved
C,lambda_1.872983346207417,yoshida4,exact,1,0.08,0.08,0.9999999999998981,2.1171728058303864e-09,0.9999999999998981,2.1171728058306023e-09,2.1171728058306023e-09,0,2.646466007287983e-08,2.6464660072882526e-08,1.5700924586837751e-15,0.0,0.0,1.3877787807814457e-13,190697.9731883335,resolved
C,lambda_1.872983346207417,yoshida4,exact,1,0.12,0.12,0.9999999999941502,3.594971671570671e-08,0.9999999999941509,3.5949716715916995e-08,3.5949716715916995e-08,0,2.9958097263088927e-07,2.995809726326416e-07,1.2560739669470201e-15,0.0,0.0,9.251858538542972e-14,3238062.6160986326,resolved
C,lambda_1.872983346207417,yoshida4,exact,1,0.18,0.18,0.9999999996697116,6.056856823584503e-07,0.9999999996698951,6.056856825584271e-07,6.056856825584271e-07,0,3.3649204575469463e-06,3.3649204586579287e-06,2.198129442157285e-15,0.0,0.0,6.167905692361981e-14,54555316.26746323,resolved
C,lambda_1.872983346207417,yoshida4,exact,1,0.27,0.27,0.9999999818382443,1.0025990830425567e-05,0.9999999818885046,1.0025991012179226e-05,1.0025991012179226e-05,0,3.713329937194654e-05,3.7133300045108244e-05,2.198129442157285e-15,0.0,0.0,4.11193712824132e-14,903060971.3584919,resolved
C,lambda_1.872983346207417,yoshida4,exact,1,0.4,0.4,0.9999991648184733,0.00014659874510669895,0.9999991755640782,0.0001465988664931684,0.0001465988664931684,0,0.0003664968627667474,0.000366497166232921,2.5121479338940403e-15,0.0,0.0,2.7755575615628914e-14,13204441076.710234,resolved
C,lambda_1.902983346207417,yoshida4,exact,-1,0.05,-0.05,0.9999999999999993,-1.941820184486804e-09,0.9999999999999993,-1.9418201844868053e-09,-1.9418201844868053e-09,0,3.883640368973608e-08,3.88364036897361e-08,6.280369834735101e-16,0.0,0.0,2.220446049250313e-13,174903.61318550556,resolved
C,lambda_1.902983346207417,yoshida4,exact,-1,0.08,-0.08,0.9999999999998743,-2.1800496371218273e-08,0.9999999999998745,-2.180049637122101e-08,-2.180049637122101e-08,0,2.725062046402284e-07,2.725062046402626e-07,9.42055475210265e-16,0.0,0.0,1.3877787807814457e-13,1963614.1466782093,resolved
C,lambda_1.902983346207417,yoshida4,exact,-1,0.12,-0.12,0.999999999992808,-1.8774050573659594e-07,0.9999999999928256,-1.8774050573794396e-07,-1.8774050573794396e-07,0,1.5645042144716329e-06,1.5645042144828664e-06,3.454203409104305e-15,0.0,0.0,9.251858538542972e-14,16910161.43355364,resolved
C,lambda_1.902983346207417,yoshida4,exact,-1,0.18,-0.18,0.9999999995941751,-1.7966088873341134e-06,0.999999999595789,-1.7966088880612891e-06,-1.7966088880612891e-06,0,9.98116048518952e-06,9.981160489229384e-06,1.2560739669470201e-15,0.0,0.0,6.167905692361981e-14,161824142.3105687,resolved
C,lambda_1.902983346207417,yoshida4,exact,-1,0.27,-0.27,0.9999999777199522,-1.9671581724181407e-05,0.9999999779134378,-1.9671582159927753e-05,-1.9671582159927753e-05,0,7.285771008956076e-05,7.285771170343612e-05,9.42055475210265e-16,0.0,0.0,4.11193712824132e-14,1771858562.4562328,resolved
C,lambda_1.902983346207417,yoshida4,exact,-1,0.4,-0.4,0.9999989788967663,-0.00022305626521190708,0.9999990037738401,-0.0002230564892762811,-0.0002230564892762811,0,0.0005576406630297677,0.0005576412231907027,2.5121479338940403e-15,0.0,0.0,2.7755575615628914e-14,20091122257.819984,resolved
C,lambda_1.902983346207417,yoshida4,exact,1,0.05,0.05,0.9999999999999993,1.941820184486804e-09,0.9999999999999993,1.9418201844868053e-09,1.9418201844868053e-09,0,3.883640368973608e-08,3.88364036897361e-08,6.280369834735101e-16,0.0,0.0,2.220446049250313e-13,174903.61318550556,resolved
C,lambda_1.902983346207417,yoshida4,exact,1,0.08,0.08,0.9999999999998743,2.1800496371218273e-08,0.9999999999998745,2.180049637122101e-08,2.180049637122101e-08,0,2.725062046402284e-07,2.725062046402626e-07,9.42055475210265e-16,0.0,0.0,1.3877787807814457e-13,1963614.1466782093,resolved
C,lambda_1.902983346207417,yoshida4,exact,1,0.12,0.12,0.999999999992808,1.8774050573659594e-07,0.9999999999928256,1.8774050573794396e-07,1.8774050573794396e-07,0,1.5645042144716329e-06,1.5645042144828664e-06,3.454203409104305e-15,0.0,0.0,9.251858538542972e-14,16910161.43355364,resolved
C,lambda_1.902983346207417,yoshida4,exact,1,0.18,0.18,0.9999999995941751,1.7966088873341134e-06,0.999999999595789,1.7966088880612891e-06,1.7966088880612891e-06,0,9.98116048518952e-06,9.981160489229384e-06,1.2560739669470201e-15,0.0,0.0,6.167905692361981e-14,161824142.3105687,resolved
C,lambda_1.902983346207417,yoshida4,exact,1,0.27,0.27,0.9999999777199522,1.9671581724181407e-05,0.9999999779134378,1.9671582159927753e-05,1.9671582159927753e-05,0,7.285771008956076e-05,7.285771170343612e-05,9.42055475210265e-16,0.0,0.0,4.11193712824132e-14,1771858562.4562328,resolved
C,lambda_1.902983346207417,yoshida4,exact,1,0.4,0.4,0.9999989788967663,0.00022305626521190708,0.9999990037738401,0.0002230564892762811,0.0002230564892762811,0,0.0005576406630297677,0.0005576412231907027,2.5121479338940403e-15,0.0,0.0,2.7755575615628914e-14,20091122257.819984,resolved
C,lambda_1.972983346207417,yoshida4,exact,-1,0.05,-0.05,0.9999999999999978,-7.350228108046573e-09,0.9999999999999978,-7.350228108046589e-09,-7.350228108046589e-09,0,1.4700456216093145e-07,1.4700456216093177e-07,1.4130832128153975e-15,0.0,0.0,2.220446049250313e-13,662049.6913697338,resolved
C,lambda_1.972983346207417,yoshida4,exact,-1,0.08,-0.08,0.9999999999997995,-7.890589884328915e-08,0.9999999999998026,-7.89058988433048e-08,-7.89058988433048e-08,0,9.863237355411143e-07,9.8632373554131e-07,1.0990647210786425e-15,0.0,0.0,1.3877787807814457e-13,7107211.532559421,resolved
C,lambda_1.972983346207417,yoshida4,exact,-1,0.12,-0.12,0.9999999999885826,-6.274113505469173e-07,0.9999999999887794,-6.274113505539984e-07,-6.274113505539984e-07,0,5.228427921224311e-06,5.22842792128332e-06,2.0411201962889075e-15,0.0,0.0,9.251858538542972e-14,56512190.49062233,resolved
C,lambda_1.972983346207417,yoshida4,exact,-1,0.18,-0.18,0.9999999993570126,-5.234186593752291e-06,0.9999999993707109,-5.2341865970700075e-06,-5.2341865970700075e-06,0,2.907881440973495e-05,2.907881442816671e-05,1.2560739669470201e-15,0.0,0.0,6.167905692361981e-14,471453615.8642093,resolved
C,lambda_1.972983346207417,yoshida4,exact,-1,0.27,-0.27,0.9999999648368381,-4.7310271654579764e-05,0.999999965955969,-4.7310273282860974e-05,-4.7310273282860974e-05,0,0.00017522322835029542,0.00017522323438096655,2.826166425630795e-15,0.0,0.0,4.11193712824132e-14,4261330435.8872476,resolved
C,lambda_1.972983346207417,yoshida4,exact,-1,0.4,-0.4,0.9999984018556788,-0.0004390776180466659,0.9999984982504055,-0.00043907829154058955,-0.00043907829154058955,0,0.0010976940451166647,0.0010976957288514738,3.1401849173675503e-16,0.0,0.0,2.7755575615628914e-14,39548595940.43379,resolved
C,lambda_1.972983346207417,yoshida4,exact,1,0.05,0.05,0.9999999999999978,7.350228108046573e-09,0.9999999999999978,7.350228108046589e-09,7.350228108046589e-09,0,1.4700456216093145e-07,1.4700456216093177e-07,1.4130832128153975e-15,0.0,0.0,2.220446049250313e-13,662049.6913697338,resolved
C,lambda_1.972983346207417,yoshida4,exact,1,0.08,0.08,0.9999999999997995,7.890589884328915e-08,0.9999999999998026,7.89058988433048e-08,7.89058988433048e-08,0,9.863237355411143e-07,9.8632373554131e-07,1.0990647210786425e-15,0.0,0.0,1.3877787807814457e-13,7107211.532559421,resolved
C,lambda_1.972983346207417,yoshida4,exact,1,0.12,0.12,0.9999999999885826,6.274113505469173e-07,0.9999999999887794,6.274113505539984e-07,6.274113505539984e-07,0,5.228427921224311e-06,5.22842792128332e-06,2.0411201962889075e-15,0.0,0.0,9.251858538542972e-14,56512190.49062233,resolved
C,lambda_1.972983346207417,yoshida4,exact,1,0.18,0.18,0.9999999993570126,5.234186593752291e-06,0.9999999993707109,5.2341865970700075e-06,5.2341865970700075e-06,0,2.907881440973495e-05,2.907881442816671e-05,1.2560739669470201e-15,0.0,0.0,6.167905692361981e-14,471453615.8642093,resolved
C,lambda_1.972983346207417,yoshida4,exact,1,0.27,0.27,0.9999999648368381,4.7310271654579764e-05,0.999999965955969,4.7310273282860974e-05,4.7310273282860974e-05,0,0.00017522322835029542,0.00017522323438096655,2.826166425630795e-15,0.0,0.0,4.11193712824132e-14,4261330435.8872476,resolved
C,lambda_1.972983346207417,yoshida4,exact,1,0.4,0.4,0.9999984018556788,0.0004390776180466659,0.9999984982504055,0.00043907829154058955,0.00043907829154058955,0,0.0010976940451166647,0.0010976957288514738,3.1401849173675503e-16,0.0,0.0,2.7755575615628914e-14,39548595940.43379,resolved
