experiment_id,case_id,formula_id,state_id,absolute_time,direct_shift_hartree,direct_cost,resource_unit,predicted_signed_shift_hartree,predicted_cost
B,H4,yoshida4,exact_truth,0.07187055691036282,-1.2557257478285067e-07,117019282.82140912,Pauli_rotations,,
B,H4,yoshida4,exact_truth,0.0722451563178385,-1.282096779853248e-07,116414452.39703545,Pauli_rotations,,
B,H4,yoshida4,exact_truth,0.07262170818988536,-1.3090210182475914e-07,115812788.39110476,Pauli_rotations,,
B,H4,yoshida4,exact_truth,0.07300022270302226,-1.3365110396179603e-07,115214274.93337959,Pauli_rotations,,
B,H4,yoshida4,exact_truth,0.07338071008680935,-1.3645775398529736e-07,114618896.08949971,Pauli_rotations,,
B,H4,yoshida4,exact_truth,0.07376318062412475,-1.3932337816768836e-07,114026636.18274032,Pauli_rotations,,
B,H4,yoshida4,exact_truth,0.07414764465144236,-1.4224912314730886e-07,113437479.4781398,Pauli_rotations,,
B,H4,yoshida4,exact_truth,0.07453411255911127,-1.4523632407836828e-07,112851410.44651154,Pauli_rotations,,
B,H4,yoshida4,exact_truth,0.07492259479163649,-1.4828621885953908e-07,112268413.55923106,Pauli_rotations,,
B,H4,yoshida4,exact_truth,0.07531310184796124,-1.5140013776004935e-07,111688473.4228025,Pauli_rotations,,
B,H4,yoshida4,exact_truth,0.07570564428175075,-1.5457945790053884e-07,111111574.74517904,Pauli_rotations,,
B,H4,yoshida4,exact_truth,0.0761002327016774,-1.5782546514131468e-07,110537702.23880203,Pauli_rotations,,
B,H4,yoshida4,exact_truth,0.07649687777170747,-1.6113967293840403e-07,109966840.84226364,Pauli_rotations,,
B,H4,yoshida4,exact_truth,0.07689559021138925,-1.6452340378947383e-07,109398975.42840022,Pauli_rotations,,
B,H4,yoshida4,exact_truth,0.07729638079614297,-1.679781911345657e-07,108834091.08224022,Pauli_rotations,,
B,H4,yoshida4,exact_truth,0.07769926035755172,-1.7150550579714263e-07,108272172.9110088,Pauli_rotations,,
B,H4,yoshida4,exact_truth,0.07810423978365436,-1.7510687744248798e-07,107713206.12721972,Pauli_rotations,,
B,H4,yoshida4,exact_truth,0.07851133001923978,-1.787837919930979e-07,107157175.97839476,Pauli_rotations,,
B,H4,yoshida4,exact_truth,0.0789205420661426,-1.825379445374864e-07,106604067.91700907,Pauli_rotations,,
B,H4,yoshida4,exact_truth,0.07933188698354053,-1.8637088472495122e-07,106053867.36042985,Pauli_rotations,,
B,H4,yoshida4,exact_truth,0.07974537588825327,-1.9028425302103358e-07,105506559.84984905,Pauli_rotations,,
B,H4,yoshida4,exact_truth,0.08016101995504299,-1.9427982089759155e-07,104962131.07505468,Pauli_rotations,,
B,H4,yoshida4,exact_truth,0.08057883041691623,-1.9835921660771305e-07,104420566.69213356,Pauli_rotations,,
B,H4,yoshida4,exact_truth,0.08099881856542751,-2.025242575864894e-07,103881852.54269329,Pauli_rotations,,
B,H4,yoshida4,exact_truth,0.08142099575098463,-2.0677668310931097e-07,103345974.47692248,Pauli_rotations,,
B,H4,yoshida4,exact_truth,0.08184537338315517,-2.1111843162557875e-07,102812918.53391573,Pauli_rotations,,
B,H4,yoshida4,exact_truth,0.08227196293097508,-2.155512590640285e-07,102282670.69290233,Pauli_rotations,,
B,H4,yoshida4,exact_truth,0.08270077592325843,-2.2007716404814914e-07,101755217.1480208,Pauli_rotations,,
B,H4,yoshida4,exact_truth,0.08313182394890917,-2.246980548292754e-07,101230544.09231432,Pauli_rotations,,
B,H4,yoshida4,exact_truth,0.0835651186572342,-2.2941594068903726e-07,100708637.84022613,Pauli_rotations,,
B,H4,yoshida4,exact_truth,0.08400067175825825,-2.342328015991768e-07,100189484.7437685,Pauli_rotations,,
B,H4,yoshida4,exact_truth,0.08443849502304035,-2.3915079117031723e-07,99673071.32001162,Pauli_rotations,,
B,H4,yoshida4,exact_truth,0.0848786002839919,-2.4417201638371466e-07,99159384.1109126,Pauli_rotations,,
B,H4,yoshida4,exact_truth,0.08532099943519654,-2.49298601762149e-07,98648409.72375779,Pauli_rotations,,
B,H4,yoshida4,exact_truth,0.08576570443273146,-2.5453277685549835e-07,98140134.88475099,Pauli_rotations,,
B,H4,yoshida4,exact_truth,0.08621272729499069,-2.598768200634538e-07,97634546.40278669,Pauli_rotations,,
B,H4,yoshida4,exact_truth,0.08666208010300976,-2.6533301222819716e-07,97131631.14027226,Pauli_rotations,,
B,H4,yoshida4,exact_truth,0.08711377500079226,-2.709037383308299e-07,96631376.0747899,Pauli_rotations,,
B,H4,yoshida4,exact_truth,0.087567824195638,-2.765913023061728e-07,96133768.18550038,Pauli_rotations,,
B,H4,yoshida4,exact_truth,0.088024239958473,-2.8239829985565734e-07,95638794.67847756,Pauli_rotations,,
B,H4,yoshida4,exact_truth,0.08848303462418104,-2.883271397191578e-07,95146442.69581115,Pauli_rotations,,
B,H4,yoshida4,exact_truth,0.08894422059193703,-2.9438038251505816e-07,94656699.52007687,Pauli_rotations,,
B,H4,yoshida4,exact_truth,0.08940781032554214,-3.005606830086549e-07,94169552.53779298,Pauli_rotations,,
B,H4,yoshida4,exact_truth,0.08987381635376059,-3.068706728726056e-07,93684989.16890877,Pauli_rotations,,
B,H4,yoshida4,exact_truth,0.09034225127065826,-3.133130441757004e-07,93202996.91605859,Pauli_rotations,,
B,H4,yoshida4,exact_truth,0.09081312773594315,-3.1989065241155856e-07,92723563.42370234,Pauli_rotations,,
B,H4,yoshida4,exact_truth,0.09128645847530732,-3.2660627402592013e-07,92246676.33503434,Pauli_rotations,,
B,H4,yoshida4,exact_truth,0.09176225628077099,-3.334627776130361e-07,91772323.39195643,Pauli_rotations,,
B,H4,yoshida4,exact_truth,0.09224053401102818,-3.4046319452585294e-07,91300492.47425707,Pauli_rotations,,
B,H4,yoshida4,exact_truth,0.09272130459179417,-3.4761048728348953e-07,90831171.46494722,Pauli_rotations,,
B,H4,yoshida4,exact_truth,0.09320458101615496,-3.5490776939539614e-07,90364348.37622094,Pauli_rotations,,
B,H4,yoshida4,exact_truth,0.09369037634491824,-3.6235815104035396e-07,89900011.26003303,Pauli_rotations,,
B,H4,yoshida4,exact_truth,0.09417870370696653,-3.6996488539386974e-07,89438148.29050128,Pauli_rotations,,
B,H4,yoshida4,exact_truth,0.09466957629961192,-3.777311698982544e-07,88978747.65067258,Pauli_rotations,,
B,H4,yoshida4,exact_truth,0.09516300738895268,-3.856604382512785e-07,88521797.69596134,Pauli_rotations,,
B,H4,yoshida4,exact_truth,0.09565901031023193,-3.9375609905967224e-07,88067286.80606538,Pauli_rotations,,
B,H4,yoshida4,exact_truth,0.09615759846819782,-4.020215860212062e-07,87615203.41305935,Pauli_rotations,,
B,H4,yoshida4,exact_truth,0.09665878533746608,-4.104605033639075e-07,87165536.08087374,Pauli_rotations,,
B,H4,yoshida4,exact_truth,0.09716258446288391,-4.190764839595573e-07,86718273.42558281,Pauli_rotations,,
B,H4,yoshida4,exact_truth,0.09766900945989619,-4.2787321419268665e-07,86273404.12860641,Pauli_rotations,,
B,H4,yoshida4,exact_truth,0.09817807401491341,-4.3685449768737783e-07,85830916.97049102,Pauli_rotations,,
B,H4,yoshida4,exact_truth,0.09868979188568153,-4.460242313264473e-07,85390800.81652436,Pauli_rotations,,
B,H4,yoshida4,exact_truth,0.09920417690165381,-4.5538628268282366e-07,84953044.55005908,Pauli_rotations,,
B,H4,yoshida4,exact_truth,0.09972124296436459,-4.6494478422864916e-07,84517637.22953358,Pauli_rotations,,
B,H4,yoshida4,exact_truth,0.1002410040478049,-4.747038160335393e-07,84084567.91710843,Pauli_rotations,,
B,H4,yoshida4,exact_truth,0.10076347419880022,-4.846675254466248e-07,83653825.74254604,Pauli_rotations,,
B,H4,yoshida4,exact_truth,0.10128866753738999,-4.948402954063624e-07,83225399.99063775,Pauli_rotations,,
B,H4,yoshida4,exact_truth,0.10181659825720937,-5.052264655525107e-07,82799279.95287712,Pauli_rotations,,
B,H4,yoshida4,exact_truth,0.10234728062587264,-5.158304852148632e-07,82375455.0075571,Pauli_rotations,,
B,H4,yoshida4,exact_truth,0.10288072898535891,-5.26656924737523e-07,81953914.6243548,Pauli_rotations,,
B,H4,yoshida4,exact_truth,0.10341695775239974,-5.37710510339906e-07,81534648.38084342,Pauli_rotations,,
B,H4,yoshida4,exact_truth,0.10395598141886865,-5.489959347126927e-07,81117645.86393493,Pauli_rotations,,
B,H4,yoshida4,exact_truth,0.10449781455217286,-5.605180868339943e-07,80702896.78732972,Pauli_rotations,,
B,H4,yoshida4,exact_truth,0.10504247179564695,-5.722818727793566e-07,80290390.89861198,Pauli_rotations,,
B,H4,yoshida4,exact_truth,0.10558996786894866,-5.842924486465506e-07,79880118.09645651,Pauli_rotations,,
B,H4,yoshida4,exact_truth,0.10614031756845656,-5.965549385589242e-07,79472068.2865434,Pauli_rotations,,
B,H4,yoshida4,exact_truth,0.10669353576767007,-6.090746165199334e-07,79066231.47280338,Pauli_rotations,,
B,H4,yoshida4,exact_truth,0.1072496374176114,-6.218568773252997e-07,78662597.74138899,Pauli_rotations,,
B,H4,yoshida4,exact_truth,0.10780863754722951,-6.349072048106308e-07,78261157.24379385,Pauli_rotations,,
B,H4,yoshida4,exact_truth,0.10837055126380638,-6.482312513433897e-07,77861900.23503998,Pauli_rotations,,
B,H4,yoshida4,exact_truth,0.10893539375336528,-6.618347518916323e-07,77464817.02995832,Pauli_rotations,,
B,H4,yoshida4,exact_truth,0.10950318028108115,-6.757235038179488e-07,77069897.9926833,Pauli_rotations,,
B,H4,yoshida4,exact_truth,0.11007392619169312,-6.899035494001282e-07,76677133.62442207,Pauli_rotations,,
B,H4,yoshida4,exact_truth,0.11064764690991931,-7.043809666651413e-07,76286514.4602492,Pauli_rotations,,
B,H4,yoshida4,exact_truth,0.1112243579408736,-7.191620092772411e-07,75898031.13596165,Pauli_rotations,,
B,H4,yoshida4,exact_truth,0.11180407487048467,-7.342529759757355e-07,75511674.32418579,Pauli_rotations,,
B,H4,yoshida4,exact_truth,0.11238681336591728,-7.496604232937187e-07,75127434.83497585,Pauli_rotations,,
B,H4,yoshida4,exact_truth,0.11297258917599566,-7.653909388505298e-07,74745303.50630066,Pauli_rotations,,
B,H4,yoshida4,exact_truth,0.11356141813162908,-7.814513149906333e-07,74365271.28551522,Pauli_rotations,,
B,H4,yoshida4,exact_truth,0.11415331614623973,-7.978484641846251e-07,73987329.18790314,Pauli_rotations,,
B,H4,yoshida4,exact_truth,0.11474829921619281,-8.145894281330612e-07,73611468.29993924,Pauli_rotations,,
B,H4,yoshida4,exact_truth,0.11534638342122878,-8.316813773223686e-07,73237679.7780343,Pauli_rotations,,
B,H4,yoshida4,exact_truth,0.11594758492489803,-8.49131748026366e-07,72865954.91048847,Pauli_rotations,,
B,H4,yoshida4,exact_truth,0.1165519199749975,-8.669479367728883e-07,72496284.97517097,Pauli_rotations,,
B,H4,yoshida4,exact_truth,0.11715940490401007,-8.851377055751897e-07,72128661.42490268,Pauli_rotations,,
B,H4,yoshida4,exact_truth,0.11777005612954577,-9.037088024577145e-07,71763075.71196076,Pauli_rotations,,
B,H4,yoshida4,exact_truth,0.11838389015478544,-9.226692911923351e-07,71399519.43735608,Pauli_rotations,,
B,H4,yoshida4,exact_truth,0.11900092356892687,-9.420272470972435e-07,71037984.21142435,Pauli_rotations,,
B,H4,yoshida4,exact_truth,0.1196211730476331,-9.617910423642684e-07,70678461.7815666,Pauli_rotations,,
B,H4,yoshida4,exact_truth,0.12024465535348298,-9.819691735302172e-07,70320943.95292702,Pauli_rotations,,
B,H4,yoshida4,exact_truth,0.12087138733642434,-1.0025702876781395e-06,69965422.59919007,Pauli_rotations,,
B,H4,yoshida4,exact_truth,0.12150138593422925,-1.0236032310650955e-06,69611889.68291333,Pauli_rotations,,
B,H4,yoshida4,exact_truth,0.12213466817295189,-1.0450771035230844e-06,69260337.27777845,Pauli_rotations,,
B,H4,yoshida4,exact_truth,0.1227712511673885,-1.0670011014735081e-06,68910757.49814898,Pauli_rotations,,
B,H4,yoshida4,exact_truth,0.12341115212154012,-1.08938464560282e-06,68563142.55399725,Pauli_rotations,,
B,H4,yoshida4,exact_truth,0.12405438832907749,-1.1122373519967255e-06,68217484.73673573,Pauli_rotations,,
B,H4,yoshida4,exact_truth,0.12470097717380828,-1.1355690892056458e-06,67873776.44231221,Pauli_rotations,,
B,H4,yoshida4,exact_truth,0.12535093613014706,-1.1593898363582156e-06,67532010.10869001,Pauli_rotations,,
B,H4,yoshida4,exact_truth,0.12600428276358747,-1.1837098146116887e-06,67192178.27125444,Pauli_rotations,,
B,H4,yoshida4,exact_truth,0.12666103473117704,-1.2085395291183687e-06,66854273.57877351,Pauli_rotations,,
B,H4,yoshida4,exact_truth,0.12732120978199418,-1.2338896109298503e-06,66518288.72472023,Pauli_rotations,,
B,H4,yoshida4,exact_truth,0.12798482575762807,-1.2597709386774625e-06,66184216.49770111,Pauli_rotations,,
B,H4,yoshida4,exact_truth,0.1286519005926607,-1.2861947058517842e-06,65852049.80775489,Pauli_rotations,,
B,H4,yoshida4,exact_truth,0.1293224523151517,-1.3131721796622031e-06,65521781.58401342,Pauli_rotations,,
B,H4,yoshida4,exact_truth,0.12999649904712535,-1.3407150032396231e-06,65193404.89948156,Pauli_rotations,,
B,H4,yoshida4,exact_truth,0.13067405900506054,-1.368834952941711e-06,64866912.86848859,Pauli_rotations,,
B,H4,yoshida4,exact_truth,0.13135515050038302,-1.397544161729769e-06,64542298.73751986,Pauli_rotations,,
B,H4,yoshida4,exact_truth,0.13203979193996015,-1.4268549335394454e-06,64219555.80711587,Pauli_rotations,,
B,H4,yoshida4,exact_truth,0.13272800182659858,-1.4567798287679068e-06,63898677.4657202,Pauli_rotations,,
B,H4,yoshida4,exact_truth,0.13341979875954407,-1.4873317724095614e-06,63579657.23167591,Pauli_rotations,,
B,H4,yoshida4,exact_truth,0.13411520143498437,-1.5185238242398924e-06,63262488.658558846,Pauli_rotations,,
B,H4,yoshida4,exact_truth,0.13481422864655426,-1.5503693922003237e-06,62947165.41999859,Pauli_rotations,,
B,H4,yoshida4,exact_truth,0.13551689928584365,-1.5828821253727199e-06,62633681.26488165,Pauli_rotations,,
B,H4,yoshida4,exact_truth,0.13622323234290806,-1.6160760121231021e-06,62322030.05488479,Pauli_rotations,,
B,H4,yoshida4,exact_truth,0.1369332469067818,-1.6499652870649584e-06,62012205.725764535,Pauli_rotations,,
B,H4,yoshida4,exact_truth,0.13764696216599395,-1.6845645030016954e-06,61704202.31430509,Pauli_rotations,,
B,H4,yoshida4,exact_truth,0.13836439740908685,-1.7198884918467883e-06,61398013.941261075,Pauli_rotations,,
B,H4,yoshida4,exact_truth,0.13908557202513744,-1.7559524434496154e-06,61093634.8404866,Pauli_rotations,,
B,H4,yoshida4,exact_truth,0.13981050550428123,-1.7927718052312969e-06,60791059.31810793,Pauli_rotations,,
B,H4,yoshida4,exact_truth,0.14053921743823908,-1.8303623754434284e-06,60490281.787196934,Pauli_rotations,,
B,H4,yoshida4,exact_truth,0.14127172752084663,-1.8687403140482672e-06,60191296.76998831,Pauli_rotations,,
B,H4,yoshida4,exact_truth,0.1420080555485865,-1.9079220689999232e-06,59894098.867853835,Pauli_rotations,,
B,H4,yoshida4,exact_truth,0.14274822142112342,-1.947924417100566e-06,59598682.77550061,Pauli_rotations,,
B,H4,yoshida4,exact_truth,0.14349224514184192,-1.988764542382171e-06,59305043.308920495,Pauli_rotations,,
B,H4,yoshida4,exact_truth,0.144240146818387,-2.030459979485144e-06,59013175.381925866,Pauli_rotations,,
B,H4,yoshida4,exact_truth,0.14499194666320747,-2.073028562588064e-06,58723073.985415004,Pauli_rotations,,
B,H4,yoshida4,exact_truth,0.14574766499410233,-2.1164885921631793e-06,58434734.248170115,Pauli_rotations,,
B,H4,yoshida4,exact_truth,0.1465073222347697,-2.1608586937560403e-06,58148151.38206058,Pauli_rotations,,
B,H4,yoshida4,exact_truth,0.14727093891535895,-2.206157866391223e-06,57863320.6985864,Pauli_rotations,,
B,H4,yoshida4,exact_truth,0.14803853567302547,-2.2524055482975314e-06,57580237.63132677,Pauli_rotations,,
B,H4,yoshida4,exact_truth,0.14881013325248826,-2.2996215562898215e-06,57298897.71169139,Pauli_rotations,,
B,H4,yoshida4,exact_truth,0.14958575250659095,-2.3478261417242408e-06,57019296.58768247,Pauli_rotations,,
B,H4,yoshida4,exact_truth,0.15036541439686485,-2.397039968515813e-06,56741430.013986185,Pauli_rotations,,
B,H4,yoshida4,exact_truth,0.15114913999409588,-2.4472840909339766e-06,56465293.84226991,Pauli_rotations,,
B,H4,yoshida4,exact_truth,0.15193695047889375,-2.4985800890497956e-06,56190884.068236485,Pauli_rotations,,
B,H4,yoshida4,exact_truth,0.15272886714226452,-2.5509499148590464e-06,55918196.77425048,Pauli_rotations,,
B,H4,yoshida4,exact_truth,0.15352491138618599,-2.6044159973093173e-06,55647228.16544374,Pauli_rotations,,
B,H4,yoshida4,exact_truth,0.15432510472418598,-2.659001248739301e-06,55377974.5700333,Pauli_rotations,,
B,H4,yoshida4,exact_truth,0.15512946878192388,-2.7147290646567512e-06,55110432.43731196,Pauli_rotations,,
B,H4,yoshida4,exact_truth,0.15593802529777503,-2.7716232937624596e-06,54844598.32529864,Pauli_rotations,,
B,H4,yoshida4,exact_truth,0.15675079612341822,-2.829708295237765e-06,54580468.91917563,Pauli_rotations,,
B,H4,yoshida4,exact_truth,0.15756780322442634,-2.8890089764921356e-06,54318041.04248509,Pauli_rotations,,
B,H4,yoshida4,exact_truth,0.15838906868085975,-2.949550709008264e-06,54057311.62593207,Pauli_rotations,,
B,H4,yoshida4,exact_truth,0.15921461468786333,-3.0113593798564153e-06,53798277.7237292,Pauli_rotations,,
B,H4,yoshida4,exact_truth,0.16004446355626611,-3.074461511598514e-06,53540936.55298107,Pauli_rotations,,
B,H4,yoshida4,exact_truth,0.16087863771318428,-3.1388840653345795e-06,53285285.4240025,Pauli_rotations,,
B,H4,yoshida4,exact_truth,0.16171715970262726,-3.2046546150077404e-06,53031321.79857955,Pauli_rotations,,
B,H4,yoshida4,exact_truth,0.16256005218610706,-3.271801338522451e-06,52779043.28482359,Pauli_rotations,,
B,H4,yoshida4,exact_truth,0.16340733794325069,-3.340352963565607e-06,52528447.61695798,Pauli_rotations,,
B,H4,yoshida4,exact_truth,0.16425903987241566,-3.410338768494725e-06,52279532.65413954,Pauli_rotations,,
B,H4,yoshida4,exact_truth,0.1651151809913091,-3.481788769077454e-06,52032296.44140448,Pauli_rotations,,
B,H4,yoshida4,exact_truth,0.1659757844376094,-3.554733460031656e-06,51786737.12114333,Pauli_rotations,,
B,H4,yoshida4,exact_truth,0.1668408734695921,-3.629204077260084e-06,51542853.019225955,Pauli_rotations,,
B,H4,yoshida4,exact_truth,0.16771047146675777,-3.705232449968676e-06,51300642.59385018,Pauli_rotations,,
B,H4,yoshida4,exact_truth,0.16858460193046443,-3.7828511167958823e-06,51060104.47239807,Pauli_rotations,,
B,H4,yoshida4,exact_truth,0.16946328848456252,-3.862093234552333e-06,50821237.41966432,Pauli_rotations,,
B,H4,yoshida4,exact_truth,0.17034655487603306,-3.9429927030099066e-06,50584040.37727546,Pauli_rotations,,
B,H4,yoshida4,exact_truth,0.1712344249756299,-4.025584079414557e-06,50348512.4340598,Pauli_rotations,,
B,H4,yoshida4,exact_truth,0.1721269227785245,-4.109902671300958e-06,50114652.854794405,Pauli_rotations,,
B,H4,yoshida4,exact_truth,0.1730240724049545,-4.1959845205052915e-06,49882461.0733638,Pauli_rotations,,
B,H4,yoshida4,exact_truth,0.17392589810087555,-4.283866415377702e-06,49651936.6952154,Pauli_rotations,,
B,H4,yoshida4,exact_truth,0.17483242423861678,-4.373585864136942e-06,49423079.48747024,Pauli_rotations,,
B,H4,yoshida4,exact_truth,0.1757436753175392,-4.465181238089144e-06,49195889.423333324,Pauli_rotations,,
B,H4,yoshida4,exact_truth,0.17665967596469787,-4.5586916346262996e-06,48970366.63691255,Pauli_rotations,,
B,H4,yoshida4,exact_truth,0.17758045093550764,-4.654156994243763e-06,48746511.45927728,Pauli_rotations,,
B,H4,yoshida4,exact_truth,0.17850602511441196,-4.7516180861073565e-06,48524324.412537865,Pauli_rotations,,
B,H4,yoshida4,exact_truth,0.1794364235155555,-4.851116532256228e-06,48303806.21628136,Pauli_rotations,,
B,H4,yoshida4,exact_truth,0.18037167128346013,-4.952694787396794e-06,48084957.78017288,Pauli_rotations,,
B,H4,yoshida4,exact_truth,0.1813117936937046,-5.056396221503334e-06,47867780.22877312,Pauli_rotations,,
B,H4,yoshida4,exact_truth,0.1822568161536074,-5.162265102276464e-06,47652274.8949985,Pauli_rotations,,
B,H4,yoshida4,exact_truth,0.1832067642029135,-5.27034657160641e-06,47438443.31205537,Pauli_rotations,,
B,H4,yoshida4,exact_truth,0.18416166351448476,-5.380686780576127e-06,47226287.254358634,Pauli_rotations,,
B,H4,yoshida4,exact_truth,0.18512153989499341,-5.493332794204164e-06,47015808.70735989,Pauli_rotations,,
B,H4,yoshida4,exact_truth,0.1860864192856198,-5.608332662498938e-06,46807009.88887734,Pauli_rotations,,
B,H4,yoshida4,exact_truth,0.18705632776275322,-5.725735418904421e-06,46599893.24813665,Pauli_rotations,,
B,H4,yoshida4,exact_truth,0.1880312915386969,-5.845591135589245e-06,46394461.48222934,Pauli_rotations,,
B,H4,yoshida4,exact_truth,0.1890113369623762,-5.967950899021801e-06,46190717.52843905,Pauli_rotations,,
B,H4,yoshida4,exact_truth,0.1899964905200507,-6.092866900564431e-06,45988664.59148583,Pauli_rotations,,
B,H4,yoshida4,exact_truth,0.19098677883603016,-6.220392368527783e-06,45788306.12304052,Pauli_rotations,,
B,H4,yoshida4,exact_truth,0.19198222867339393,-6.35058163855895e-06,45589645.843155175,Pauli_rotations,,
B,H4,yoshida4,exact_truth,0.1929828669347143,-6.483490206932174e-06,45392687.75644602,Pauli_rotations,,
B,H4,yoshida4,exact_truth,0.19398872066278355,-6.61917467370543e-06,45197436.135647886,Pauli_rotations,,
B,H4,yoshida4,exact_truth,0.19499981704134473,-6.7576928590717955e-06,45003895.55689008,Pauli_rotations,,
B,H4,yoshida4,exact_truth,0.1960161833958264,-6.899103738300383e-06,44812070.881261565,Pauli_rotations,,
B,H4,yoshida4,exact_truth,0.19703784719408107,-7.043467558309757e-06,44621967.290296376,Pauli_rotations,,
B,H4,yoshida4,exact_truth,0.19806483604712757,-7.1908457504044065e-06,44433590.26159528,Pauli_rotations,,
B,H4,yoshida4,exact_truth,0.19909717770989716,-7.341301060170835e-06,44246945.60850565,Pauli_rotations,,
B,H4,yoshida4,exact_truth,0.20013490008198376,-7.494897536153289e-06,44062039.478456646,Pauli_rotations,,
B,H4,yoshida4,exact_truth,0.20117803120839783,-7.651700533850558e-06,43878878.356175505,Pauli_rotations,,
B,H4,yoshida4,exact_truth,0.20222659928032444,-7.811776779664825e-06,43697469.08456512,Pauli_rotations,,
B,H4,yoshida4,exact_truth,0.2032806326358849,-7.975194362019877e-06,43517818.86471737,Pauli_rotations,,
B,H4,yoshida4,exact_truth,0.20434015976090292,-8.142022787982484e-06,43339935.27518071,Pauli_rotations,,
B,H4,yoshida4,exact_truth,0.20540520928967435,-8.312333017679308e-06,43163826.285041824,Pauli_rotations,,
B,H4,yoshida4,exact_truth,0.2064758100057408,-8.486197444090848e-06,42989500.251745366,Pauli_rotations,,
B,H4,yoshida4,exact_truth,0.2075519908426679,-8.66368998075906e-06,42816965.95016895,Pauli_rotations,,
B,H4,yoshida4,exact_truth,0.20863378088482698,-8.844886087988613e-06,42646232.58436048,Pauli_rotations,,
B,H4,yoshida4,exact_truth,0.2097212093681813,-9.029862754417195e-06,42477309.787087545,Pauli_rotations,,
B,H4,yoshida4,exact_truth,0.21081430568107598,-9.218698561852534e-06,42310207.64350512,Pauli_rotations,,
B,H4,yoshida4,exact_truth,0.21191309936503222,-9.411473739673326e-06,42144936.71218568,Pauli_rotations,,
B,H4,yoshida4,exact_truth,0.21301762011554598,-9.608270143734998e-06,41981508.02537024,Pauli_rotations,,
B,H4,yoshida4,exact_truth,0.21412789778289013,-9.809171382046955e-06,41819933.1310085,Pauli_rotations,,
B,H4,yoshida4,exact_truth,0.21524396237292143,-1.0014262715740685e-05,41660224.07227395,Pauli_rotations,,
B,H4,yoshida4,exact_truth,0.21636584404789125,-1.0223631208283734e-05,41502393.43729262,Pauli_rotations,,
B,H4,yoshida4,exact_truth,0.217493573127261,-1.0437365703719337e-05,41346454.36155639,Pauli_rotations,,
B,H4,yoshida4,exact_truth,0.21862718008852125,-1.0655556901717489e-05,41192420.55804023,Pauli_rotations,,
B,H4,yoshida4,exact_truth,0.2197666955680156,-1.0878297364902423e-05,41040306.32915494,Pauli_rotations,,
B,H4,yoshida4,exact_truth,0.22091215036176848,-1.1105681566148107e-05,40890126.59058113,Pauli_rotations,,
B,H4,yoshida4,exact_truth,0.22206357542631763,-1.1337805910782706e-05,40741896.888956614,Pauli_rotations,,
B,H4,yoshida4,exact_truth,0.22322100187955046,-1.1574768837396832e-05,40595633.44205577,Pauli_rotations,,
B,H4,yoshida4,exact_truth,0.22438446100154522,-1.1816670769215776e-05,40451353.13869974,Pauli_rotations,,
B,H4,yoshida4,exact_truth,0.2255539842354164,-1.206361421157709e-05,40309073.57989312,Pauli_rotations,,
B,H4,yoshida4,exact_truth,0.2267296031881642,-1.2315703820320323e-05,40168813.11285798,Pauli_rotations,,
B,H4,yoshida4,exact_truth,0.2279113496315292,-1.2573046350050632e-05,40030590.83332638,Pauli_rotations,,
B,H4,yoshida4,exact_truth,0.22909925550285046,-1.283575080224253e-05,39894426.64366581,Pauli_rotations,,
B,H4,yoshida4,exact_truth,0.2302933529059292,-1.3103928398816578e-05,39760341.264513314,Pauli_rotations,,
B,H4,yoshida4,exact_truth,0.23149367411189598,-1.3377692681171283e-05,39628356.28196693,Pauli_rotations,,
B,H4,yoshida4,exact_truth,0.23270025156008295,-1.365715951107127e-05,39498494.16944792,Pauli_rotations,,
B,H4,yoshida4,exact_truth,0.23391311785890073,-1.394244711594439e-05,39370778.32318865,Pauli_rotations,,
B,H4,yoshida4,exact_truth,0.23513230578671962,-1.4233676203012635e-05,39245233.117929555,Pauli_rotations,,
B,H4,yoshida4,exact_truth,0.23635784829275513,-1.4530969933312932e-05,39121883.92634826,Pauli_rotations,,
B,H4,yoshida4,exact_truth,0.23758977849795887,-1.4834454004741815e-05,39000757.16986724,Pauli_rotations,,
B,H4,yoshida4,exact_truth,0.23882812969591347,-1.514425671467201e-05,38881880.36583538,Pauli_rotations,,
B,H4,yoshida4,exact_truth,0.2400729353537324,-1.546050901324314e-05,38765282.174256,Pauli_rotations,,
B,H4,yoshida4,exact_truth,0.24132422911296425,-1.578334448892882e-05,38650992.42850156,Pauli_rotations,,
B,H4,yoshida4,exact_truth,0.2425820447905022,-1.6112899547726656e-05,38539042.22055792,Pauli_rotations,,
B,H4,yoshida4,exact_truth,0.24384641637949786,-1.6449313333888327e-05,38429463.91917216,Pauli_rotations,,
B,H4,yoshida4,exact_truth,0.2451173780502799,-1.6792727913106376e-05,38322291.261366986,Pauli_rotations,,
B,H4,yoshida4,exact_truth,0.2463949641512773,-1.7143288233434362e-05,38217559.38703189,Pauli_rotations,,
B,H4,yoshida4,exact_truth,0.2476792092099482,-1.7501142215214927e-05,38115304.91132303,Pauli_rotations,,
B,H4,yoshida4,exact_truth,0.2489701479337125,-1.7866440844338527e-05,38015566.00125067,Pauli_rotations,,
B,H4,yoshida4,exact_truth,0.25026781521089,-1.82393381860102e-05,37918382.434454694,Pauli_rotations,,
B,H4,yoshida4,exact_truth,0.2515722461116433,-1.8619991487334175e-05,37823795.68564699,Pauli_rotations,,
B,H4,yoshida4,exact_truth,0.25288347588892585,-1.9008561203737173e-05,37731848.996661305,Pauli_rotations,,
B,H4,yoshida4,exact_truth,0.2542015399794342,-1.9405211109768672e-05,37642587.47354594,Pauli_rotations,,
B,H4,yoshida4,exact_truth,0.2555264740045658,-1.981010829799068e-05,37556058.15825701,Pauli_rotations,,
B,H4,yoshida4,exact_truth,0.25685831377138213,-2.022342331975402e-05,37472310.14352742,Pauli_rotations,,
B,H4,yoshida4,exact_truth,0.258197095273576,-2.064533022139159e-05,37391394.665024914,Pauli_rotations,,
B,H4,yoshida4,exact_truth,0.25954285469244415,-2.107600660528064e-05,37313365.20598635,Pauli_rotations,,
B,H4,yoshida4,exact_truth,0.26089562839786556,-2.1515633726654215e-05,37238277.61772882,Pauli_rotations,,
B,H4,yoshida4,exact_truth,0.2622554529492841,-2.1964396545115505e-05,37166190.23466434,Pauli_rotations,,
B,H4,yoshida4,exact_truth,0.2636223650966965,-2.24224838045739e-05,37097164.00419249,Pauli_rotations,,
B,H4,yoshida4,exact_truth,0.2649964017816455,-2.289008813538551e-05,37031262.63040492,Pauli_rotations,,
B,H4,yoshida4,exact_truth,0.2663776001382187,-2.336740606456722e-05,36968552.701256305,Pauli_rotations,,
B,H4,yoshida4,exact_truth,0.2677659974940514,-2.3854638211862067e-05,36909103.875194125,Pauli_rotations,,
B,H4,yoshida4,exact_truth,0.26916163137133586,-2.435198923045334e-05,36852989.008217655,Pauli_rotations,,
B,H4,yoshida4,exact_truth,0.2705645394878354,-2.4859668009691305e-05,36800284.36267367,Pauli_rotations,,
B,H4,yoshida4,exact_truth,0.2719747597579034,-2.5377887685751332e-05,36751069.77519384,Pauli_rotations,,
B,H4,yoshida4,exact_truth,0.2733923302935084,-2.5906865753988484e-05,36705428.86462084,Pauli_rotations,,
B,H4,yoshida4,exact_truth,0.2748172894052635,-2.644682417440869e-05,36663449.25146212,Pauli_rotations,,
B,H4,yoshida4,exact_truth,0.27624967560346264,-2.6997989385213472e-05,36625222.7664248,Pauli_rotations,,
B,H4,yoshida4,exact_truth,0.2776895275991202,-2.7560592532394068e-05,36590845.73416412,Pauli_rotations,,
B,H4,yoshida4,exact_truth,0.2791368843050181,-2.8134869421769793e-05,36560419.197424814,Pauli_rotations,,
B,H4,yoshida4,exact_truth,0.28059178483675706,-2.872106068441127e-05,36534049.21845925,Pauli_rotations,,
B,H4,yoshida4,exact_truth,0.28205426851381393,-2.931941186212761e-05,36511847.178420536,Pauli_rotations,,
B,H4,yoshida4,exact_truth,0.283524374860604,-2.993017350538807e-05,36493930.10194788,Pauli_rotations,,
B,H4,yoshida4,exact_truth,0.28500214360754933,-3.0553601285232546e-05,36480421.00938879,Pauli_rotations,,
B,H4,yoshida4,exact_truth,0.2864876146921527,-3.118995608009101e-05,36471449.28777195,Pauli_rotations,,
B,H4,yoshida4,exact_truth,0.28798082826007665,-3.183950405527547e-05,36467151.08770095,Pauli_rotations,,
B,H4,yoshida4,exact_truth,0.2894818246662284,-3.25025168392834e-05,36467669.77856338,Pauli_rotations,,
B,H4,yoshida4,exact_truth,0.2909906444758507,-3.317927156576417e-05,36473156.39909896,Pauli_rotations,,
B,H4,yoshida4,exact_truth,0.2925073284656182,-3.3870051019846414e-05,36483770.17440741,Pauli_rotations,,
B,H4,yoshida4,exact_truth,0.294031917624739,-3.4575143746717885e-05,36499679.06246479,Pauli_rotations,,
B,H4,yoshida4,exact_truth,0.29556445315606283,-3.529484413755668e-05,36521060.33801733,Pauli_rotations,,
B,H4,yoshida4,exact_truth,0.2971049764771945,-3.602945259584267e-05,36548101.248338714,Pauli_rotations,,
B,H4,yoshida4,exact_truth,0.29865352922161303,-3.677927561329675e-05,36580999.69575505,Pauli_rotations,,
B,H4,yoshida4,exact_truth,0.3002101532397971,-3.754462593930086e-05,36619965.00622782,Pauli_rotations,,
B,H4,yoshida4,exact_truth,0.30177489060035584,-3.8325822630636e-05,36665218.7267399,Pauli_rotations,,
B,H4,yoshida4,exact_truth,0.303347783591166,-3.912319124865782e-05,36716995.537734315,Pauli_rotations,,
B,H4,yoshida4,exact_truth,0.30492887472051455,-3.993706397453778e-05,36775544.21981303,Pauli_rotations,,
B,H4,yoshida4,exact_truth,0.3065182067182474,-4.076777970030143e-05,36841128.69954902,Pauli_rotations,,
B,H4,yoshida4,exact_truth,0.308115822536925,-4.1615684211571136e-05,36914029.21952203,Pauli_rotations,,
B,H4,yoshida4,exact_truth,0.30972176535298207,-4.248113032057077e-05,36994543.60006183,Pauli_rotations,,
B,H4,yoshida4,exact_truth,0.31133607856789497,-4.336447792496756e-05,37082988.5957123,Pauli_rotations,,
B,H4,yoshida4,exact_truth,0.3129588058093547,-4.426609429031281e-05,37179701.45414013,Pauli_rotations,,
B,H4,yoshida4,exact_truth,0.31458999093244616,-4.518635408157223e-05,37285041.54275953,Pauli_rotations,,
B,H4,yoshida4,exact_truth,0.31622967802083274,-4.612563953143578e-05,37399392.18213358,Pauli_rotations,,
B,H4,yoshida4,exact_truth,0.3178779113879481,-4.708434063904754e-05,37523162.673198104,Pauli_rotations,,
B,H4,yoshida4,exact_truth,0.31953473557819395,-4.806285529057597e-05,37656790.50446714,Pauli_rotations,,
B,H4,yoshida4,exact_truth,0.3212001953681435,-4.906158938133842e-05,37800743.78936774,Pauli_rotations,,
B,H4,yoshida4,exact_truth,0.32287433576775176,-5.008095704628346e-05,37955523.99923636,Pauli_rotations,,
B,H4,yoshida4,exact_truth,0.3245572020215717,-5.112138076501793e-05,38121668.94579812,Pauli_rotations,,
B,H4,yoshida4,exact_truth,0.32624883960997775,-5.218329154788037e-05,38299756.120254576,Pauli_rotations,,
B,H4,yoshida4,exact_truth,0.327949294250394,-5.326712911979392e-05,38490406.40459912,Pauli_rotations,,
B,H4,yoshida4,exact_truth,0.3296586118985302,-5.437334205216082e-05,38694288.18650473,Pauli_rotations,,
B,H4,yoshida4,exact_truth,0.3313768387496239,-5.550238798135432e-05,38912121.98494821,Pauli_rotations,,
B,H4,yoshida4,exact_truth,0.3331040212396885,-5.665473375460195e-05,39144685.59598071,Pauli_rotations,,
B,H4,yoshida4,exact_truth,0.33484020604676856,-5.7830855630713884e-05,39392819.88215513,Pauli_rotations,,
B,H4,yoshida4,exact_truth,0.33658544009220087,-5.9031239453721795e-05,39657435.265707776,Pauli_rotations,,
B,H4,yoshida4,exact_truth,0.3383397705418833,-6.0256380833401124e-05,39939519.04300437,Pauli_rotations,,
B,H4,yoshida4,exact_truth,0.3401032448075484,-6.150678538663357e-05,40240143.66593853,Pauli_rotations,,
B,H4,yoshida4,exact_truth,0.34187591054804567,-6.27829688495396e-05,40560476.05897593,Pauli_rotations,,
B,H4,yoshida4,exact_truth,0.34365781567062925,-6.408545735614446e-05,40901788.26190151,Pauli_rotations,,
B,H4,yoshida4,exact_truth,0.3454490083322522,-6.541478759691799e-05,41265469.48531236,Pauli_rotations,,
B,H4,yoshida4,exact_truth,0.34724953694086896,-6.677150702638635e-05,41653039.88758531,Pauli_rotations,,
B,H4,yoshida4,exact_truth,0.34905945015674233,-6.815617410893537e-05,42066166.358450145,Pauli_rotations,,
B,H4,yoshida4,exact_truth,0.35087879689375995,-6.956935848534407e-05,42506680.60034339,Pauli_rotations,,
B,H4,yoshida4,exact_truth,0.3527076263207548,-7.101164123213266e-05,42976599.99775583,Pauli_rotations,,
B,H4,yoshida4,exact_truth,0.3545459878628351,-7.248361506073664e-05,43478151.70516608,Pauli_rotations,,
B,H4,yoshida4,exact_truth,0.35639393120271967,-7.398588454554655e-05,44013800.59934079,Pauli_rotations,,
B,H4,yoshida4,exact_truth,0.3582515062820804,-7.551906636016348e-05,44586281.82584282,Pauli_rotations,,
B,H4,yoshida4,exact_truth,0.3601187633028923,-7.708378953164008e-05,45198638.85047375,Pauli_rotations,,
B,H4,yoshida4,exact_truth,0.36199575272879,-7.868069563676805e-05,45854268.08899512,Pauli_rotations,,
B,H4,yoshida4,exact_truth,0.36388252528643195,-8.03104390867393e-05,46556971.573495746,Pauli_rotations,,
B,H4,yoshida4,exact_truth,0.3657791319668708,-8.197368735518573e-05,47311019.29854391,Pauli_rotations,,
B,H4,yoshida4,exact_truth,0.36768562402693156,-8.367112124063603e-05,48121223.4527897,Pauli_rotations,,
B,H4,yoshida4,exact_truth,0.3696020529905974,-8.540343511587167e-05,48993027.231231764,Pauli_rotations,,
B,H4,yoshida4,exact_truth,0.3715284706504014,-8.717133719593484e-05,49932611.70651043,Pauli_rotations,,
B,H4,yoshida4,exact_truth,0.3734649290688267,-8.897554981346367e-05,50947025.183625706,Pauli_rotations,,
B,H4,yoshida4,exact_truth,0.37541148057971324,-9.081680965827843e-05,52044340.72391176,Pauli_rotations,,
B,H4,yoshida4,exact_truth,0.3773681777896726,-9.269586810978225e-05,53233849.37261294,Pauli_rotations,,
B,H4,yoshida4,exact_truth,0.3793350735795089,-9.461349147898979e-05,54526298.73473904,Pauli_rotations,,
B,H4,yoshida4,exact_truth,0.38131222110564883,-9.657046129185609e-05,55934189.953142844,Pauli_rotations,,
B,H4,yoshida4,exact_truth,0.38329967380157776,-9.856757460369181e-05,57472150.46166763,Pauli_rotations,,
B,H4,yoshida4,exact_truth,0.3852974853792836,-0.00010060564429781316,59157406.020150565,Pauli_rotations,,
B,H4,yoshida4,exact_truth,0.387305709830709,-0.00010268549938352578,61010384.33536377,Pauli_rotations,,
B,H4,yoshida4,exact_truth,0.38932440142920977,-0.0001048079852885575,63055495.14332045,Pauli_rotations,,
B,H4,yoshida4,exact_truth,0.39135361473102265,-0.00010697396419123706,65322150.07820032,Pauli_rotations,,
B,H4,yoshida4,exact_truth,0.3933934045767386,-0.00010918431534534534,67846112.8909077,Pauli_rotations,,
B,H4,yoshida4,exact_truth,0.39544382609278544,-0.00011143993539586283,70671311.98111589,Pauli_rotations,,
B,H4,yoshida4,exact_truth,0.39750493469291814,-0.00011374173870759563,73852311.13747461,Pauli_rotations,,
B,H4,yoshida4,exact_truth,0.3995767860797154,-0.00011609065771867044,77457735.33080053,Pauli_rotations,,
B,H4,yoshida4,exact_truth,0.40165943624608574,-0.00011848764326805039,81575111.80990255,Pauli_rotations,,
B,H4,yoshida4,exact_truth,0.40375294147678054,-0.0001209336649474757,86317859.22614498,Pauli_rotations,,
B,H4,yoshida4,exact_truth,0.4058573583499154,-0.00012342971146850346,91835625.49518414,Pauli_rotations,,
B,H4,yoshida4,exact_truth,0.4079727437384987,-0.00012597679102444026,98330008.70317264,Pauli_rotations,,
B,H4,yoshida4,exact_truth,0.4100991548119688,-0.000128575931637398,106079241.98759808,Pauli_rotations,,
B,H4,yoshida4,exact_truth,0.4122366490377397,-0.00013122818156774407,115478431.99666925,Pauli_rotations,,
B,H4,yoshida4,exact_truth,0.41438528418275317,-0.00013393460966848458,127108125.27012853,Pauli_rotations,,
B,H4,yoshida4,exact_truth,0.41654511831504054,-0.00013669630578450054,141857562.80126247,Pauli_rotations,,
B,H4,yoshida4,exact_truth,0.41871620980529156,-0.00013951438115511472,161161313.1250666,Pauli_rotations,,
B,H4,yoshida4,exact_truth,0.4208986173284328,-0.00014238996879689658,187492992.0564902,Pauli_rotations,,
B,H4,yoshida4,exact_truth,0.42309239986521224,-0.00014532422393731537,225513980.40561023,Pauli_rotations,,
B,H4,yoshida4,exact_truth,0.4252976167037938,-0.00014831832440465043,285178714.5428659,Pauli_rotations,,
B,H4,yoshida4,exact_truth,0.4275143274413599,-0.00015137347109539512,392225788.0775124,Pauli_rotations,,
B,H4,yoshida4,exact_truth,0.4297425919857217,-0.00015449088834196267,640009467.0766989,Pauli_rotations,,
B,H4,yoshida4,exact_truth,0.43198247055693817,-0.0001576718244005182,1836365285.031928,Pauli_rotations,,
B,H4,current_m3,exact_truth,0.309412179695288,-1.1761471374605037e-07,62250950.67532204,Pauli_rotations,,
B,H4,current_m3,exact_truth,0.31102487930639816,-1.2008197125545905e-07,61929131.88121833,Pauli_rotations,,
B,H4,current_m3,exact_truth,0.31264598453372616,-1.2260093895655189e-07,61608996.81548645,Pauli_rotations,,
B,H4,current_m3,exact_truth,0.31427553918852114,-1.2517269665224262e-07,61290536.98333196,Pauli_rotations,,
B,H4,current_m3,exact_truth,0.3159135873103821,-1.277983510128422e-07,60973743.93937615,Pauli_rotations,,
B,H4,current_m3,exact_truth,0.31756017316844887,-1.3047903824059404e-07,60658609.28826077,Pauli_rotations,,
B,H4,current_m3,exact_truth,0.31921534126259804,-1.332159020872581e-07,60345124.675885156,Pauli_rotations,,
B,H4,current_m3,exact_truth,0.3208791363246463,-1.3601013315600596e-07,60033281.804011844,Pauli_rotations,,
B,H4,current_m3,exact_truth,0.3225516033195582,-1.3886291116982363e-07,59723072.40801932,Pauli_rotations,,
B,H4,current_m3,exact_truth,0.3242327874466623,-1.4177546825422382e-07,59414488.28048877,Pauli_rotations,,
B,H4,current_m3,exact_truth,0.32592273414087236,-1.4474905829509055e-07,59107521.259191416,Pauli_rotations,,
B,H4,current_m3,exact_truth,0.32762148907391536,-1.477849613795712e-07,58802163.228392385,Pauli_rotations,,
B,H4,current_m3,exact_truth,0.3293290981555655,-1.508844815756305e-07,58498406.11765987,Pauli_rotations,,
B,H4,current_m3,exact_truth,0.3310456075348852,-1.5404894559978288e-07,58196241.90102812,Pauli_rotations,,
B,H4,current_m3,exact_truth,0.3327710636014725,-1.57279708146163e-07,57895662.59860162,Pauli_rotations,,
B,H4,current_m3,exact_truth,0.33450551298671427,-1.605781660973804e-07,57596660.28131632,Pauli_rotations,,
B,H4,current_m3,exact_truth,0.33624900256504675,-1.6394571944466918e-07,57299227.05636543,Pauli_rotations,,
B,H4,current_m3,exact_truth,0.33800157945522236,-1.673838327942434e-07,57003355.08908323,Pauli_rotations,,
B,H4,current_m3,exact_truth,0.3397632910215831,-1.7089398540726108e-07,56709036.58444142,Pauli_rotations,,
B,H4,current_m3,exact_truth,0.3415341848753403,-1.7447766254008457e-07,56416263.78374102,Pauli_rotations,,
B,H4,current_m3,exact_truth,0.34331430887586184,-1.7813641228769939e-07,56125028.984496154,Pauli_rotations,,
B,H4,current_m3,exact_truth,0.34510371113196536,-1.8187180939044367e-07,55835324.52706618,Pauli_rotations,,
B,H4,current_m3,exact_truth,0.3469024400032183,-1.8568545501196354e-07,55547142.79424092,Pauli_rotations,,
B,H4,current_m3,exact_truth,0.3487105441012447,-1.8957897851556993e-07,55260476.21152588,Pauli_rotations,,
B,H4,current_m3,exact_truth,0.35052807229103966,-1.935540556718962e-07,54975317.25308719,Pauli_rotations,,
B,H4,current_m3,exact_truth,0.35235507369228913,-1.9761239689053411e-07,54691658.437206484,Pauli_rotations,,
B,H4,current_m3,exact_truth,0.354191597680698,-2.0175573012259918e-07,54409492.320044644,Pauli_rotations,,
B,H4,current_m3,exact_truth,0.3560376938893238,-2.0598584216102722e-07,54128811.50945178,Pauli_rotations,,
B,H4,current_m3,exact_truth,0.3578934122099191,-2.103045477763743e-07,53849608.653929055,Pauli_rotations,,
B,H4,current_m3,exact_truth,0.3597588027942789,-2.1471369748837787e-07,53571876.44492605,Pauli_rotations,,
B,H4,current_m3,exact_truth,0.3616339160555963,-2.192151831170719e-07,53295607.618317254,Pauli_rotations,,
B,H4,current_m3,exact_truth,0.3635188026698255,-2.2381093334189472e-07,53020794.952496864,Pauli_rotations,,
B,H4,current_m3,exact_truth,0.36541351357705026,-2.2850292236142877e-07,52747431.270867154,Pauli_rotations,,
B,H4,current_m3,exact_truth,0.36731809998286163,-2.3329315124165362e-07,52475509.4352363,Pauli_rotations,,
B,H4,current_m3,exact_truth,0.3692326133597411,-2.3818368455330585e-07,52205022.35755076,Pauli_rotations,,
B,H4,current_m3,exact_truth,0.3711571054484522,-2.4317661284634084e-07,51935962.98705439,Pauli_rotations,,
B,H4,current_m3,exact_truth,0.3730916282594384,-2.482740770748393e-07,51668324.31794919,Pauli_rotations,,
B,H4,current_m3,exact_truth,0.3750362340742289,-2.534782688190518e-07,51402099.38899635,Pauli_rotations,,
B,H4,current_m3,exact_truth,0.3769909754468515,-2.587914140761427e-07,51137281.2778399,Pauli_rotations,,
B,H4,current_m3,exact_truth,0.3789559052052531,-2.642157816978852e-07,50873863.10337797,Pauli_rotations,,
B,H4,current_m3,exact_truth,0.38093107645272717,-2.6975370381876473e-07,50611838.03186965,Pauli_rotations,,
B,H4,current_m3,exact_truth,0.3829165425693489,-2.754075483224483e-07,50351199.26766746,Pauli_rotations,,
B,H4,current_m3,exact_truth,0.38491235721341815,-2.811797434887353e-07,50091940.06065559,Pauli_rotations,,
B,H4,current_m3,exact_truth,0.3869185743229091,-2.870727562331865e-07,49834053.698915966,Pauli_rotations,,
B,H4,current_m3,exact_truth,0.38893524811692826,-2.9308910920455844e-07,49577533.513721436,Pauli_rotations,,
B,H4,current_m3,exact_truth,0.39096243309717993,-2.9923138700205243e-07,49322372.88099609,Pauli_rotations,,
B,H4,current_m3,exact_truth,0.3930001840494386,-3.0550221263858646e-07,49068565.21354387,Pauli_rotations,,
B,H4,current_m3,exact_truth,0.39504855604503003,-3.1190426996730025e-07,48816103.96761403,Pauli_rotations,,
B,H4,current_m3,exact_truth,0.3971076044423196,-3.1844030101702003e-07,48564982.641598076,Pauli_rotations,,
B,H4,current_m3,exact_truth,0.399177384888208,-3.25113110211106e-07,48315194.776849724,Pauli_rotations,,
B,H4,current_m3,exact_truth,0.4012579533196355,-3.319255450495717e-07,48066733.95135802,Pauli_rotations,,
B,H4,current_m3,exact_truth,0.4033493659650934,-3.388805283055518e-07,47819593.789097086,Pauli_rotations,,
B,H4,current_m3,exact_truth,0.40545167934614396,-3.459810280492803e-07,47573767.95048329,Pauli_rotations,,
B,H4,current_m3,exact_truth,0.4075649502789477,-3.5323008829024616e-07,47329250.14115859,Pauli_rotations,,
B,H4,current_m3,exact_truth,0.40968923587579875,-3.6063080388615276e-07,47086034.10399471,Pauli_rotations,,
B,H4,current_m3,exact_truth,0.41182459354666867,-3.68186350963029e-07,46844113.627688184,Pauli_rotations,,
B,H4,current_m3,exact_truth,0.4139710810007578,-3.758999522762707e-07,46603482.536015786,Pauli_rotations,,
B,H4,current_m3,exact_truth,0.4161287562480549,-3.83774902967815e-07,46364134.69502288,Pauli_rotations,,
B,H4,current_m3,exact_truth,0.4182976776009049,-3.918145838888165e-07,46126064.016379096,Pauli_rotations,,
B,H4,current_m3,exact_truth,0.420477903675585,-4.0002242962522416e-07,45889264.44754707,Pauli_rotations,,
B,H4,current_m3,exact_truth,0.4226694933938884,-4.08401939377967e-07,45653729.974550515,Pauli_rotations,,
B,H4,current_m3,exact_truth,0.42487250598471704,-4.169566945044778e-07,45419454.62655554,Pauli_rotations,,
B,H4,current_m3,exact_truth,0.42708700098568214,-4.256903685107005e-07,45186432.47815958,Pauli_rotations,,
B,H4,current_m3,exact_truth,0.4293130382447135,-4.346066801996784e-07,44954657.63552304,Pauli_rotations,,
B,H4,current_m3,exact_truth,0.43155067792167645,-4.43709439856832e-07,44724124.24909751,Pauli_rotations,,
B,H4,current_m3,exact_truth,0.4337999804899981,-4.5300253814772873e-07,44494826.509921476,Pauli_rotations,,
B,H4,current_m3,exact_truth,0.43606100673830145,-4.624899498928414e-07,44266758.65016465,Pauli_rotations,,
B,H4,current_m3,exact_truth,0.43833381777204844,-4.721757207448718e-07,44039914.93890914,Pauli_rotations,,
B,H4,current_m3,exact_truth,0.4406184750151912,-4.820639849523189e-07,43814289.686623916,Pauli_rotations,,
B,H4,current_m3,exact_truth,0.44291504021183187,-4.921589720208175e-07,43589877.246451005,Pauli_rotations,,
B,H4,current_m3,exact_truth,0.4452235754278919,-5.024649953888627e-07,43366672.01053488,Pauli_rotations,,
B,H4,current_m3,exact_truth,0.4475441430527887,-5.129864439901155e-07,43144668.40723919,Pauli_rotations,,
B,H4,current_m3,exact_truth,0.44987680580112216,-5.237278144498703e-07,42923860.90942161,Pauli_rotations,,
B,H4,current_m3,exact_truth,0.45222162671436944,-5.346936857719697e-07,42704244.026989296,Pauli_rotations,,
B,H4,current_m3,exact_truth,0.4545786691625888,-5.458887546438973e-07,42485812.31588731,Pauli_rotations,,
B,H4,current_m3,exact_truth,0.4569479968461319,-5.573177759288228e-07,42268560.36157253,Pauli_rotations,,
B,H4,current_m3,exact_truth,0.4593296737973659,-5.6898563438601e-07,42052482.797730826,Pauli_rotations,,
B,H4,current_m3,exact_truth,0.4617237643824032,-5.80897308477546e-07,41837574.29599039,Pauli_rotations,,
B,H4,current_m3,exact_truth,0.46413033330284176,-5.930578781399021e-07,41623829.56746171,Pauli_rotations,,
B,H4,current_m3,exact_truth,0.46654944559751305,-6.054725207871314e-07,41411243.36115489,Pauli_rotations,,
B,H4,current_m3,exact_truth,0.4689811666442402,-6.181465450616486e-07,41199810.47223459,Pauli_rotations,,
B,H4,current_m3,exact_truth,0.4714255621616048,-6.310853428725949e-07,40989525.72891859,Pauli_rotations,,
B,H4,current_m3,exact_truth,0.4738826982107225,-6.442944233686632e-07,40780384.00081404,Pauli_rotations,,
B,H4,current_m3,exact_truth,0.4763526411970293,-6.577794202655696e-07,40572380.20018593,Pauli_rotations,,
B,H4,current_m3,exact_truth,0.47883545787207515,-6.715460929562767e-07,40365509.28159849,Pauli_rotations,,
B,H4,current_m3,exact_truth,0.4813312153353287,-6.856002867650091e-07,40159766.23121885,Pauli_rotations,,
B,H4,current_m3,exact_truth,0.4838399810359902,-6.999479957858767e-07,39955146.0822679,Pauli_rotations,,
B,H4,current_m3,exact_truth,0.48636182277481477,-7.145953344611655e-07,39751643.90713619,Pauli_rotations,,
B,H4,current_m3,exact_truth,0.4888968087059446,-7.295485351388464e-07,39549254.8162041,Pauli_rotations,,
B,H4,current_m3,exact_truth,0.49144500733875063,-7.448139589527614e-07,39347973.95999574,Pauli_rotations,,
B,H4,current_m3,exact_truth,0.4940064875396844,-7.603981191373066e-07,39147796.53433133,Pauli_rotations,,
B,H4,current_m3,exact_truth,0.49658131853413884,-7.76307628624906e-07,38948717.766722284,Pauli_rotations,,
B,H4,current_m3,exact_truth,0.49916956990831957,-7.925492693239278e-07,38750732.93290087,Pauli_rotations,,
B,H4,current_m3,exact_truth,0.501771311611125,-8.091299499302096e-07,38553837.345747426,Pauli_rotations,,
B,H4,current_m3,exact_truth,0.5043866139560372,-8.260567221363146e-07,38358026.35866857,Pauli_rotations,,
B,H4,current_m3,exact_truth,0.507015547623022,-8.433367852944684e-07,38163295.366089225,Pauli_rotations,,
B,H4,current_m3,exact_truth,0.5096581836604388,-8.609774850842911e-07,37969639.80248718,Pauli_rotations,,
B,H4,current_m3,exact_truth,0.5123145934869612,-8.789863203961801e-07,37777055.143408075,Pauli_rotations,,
B,H4,current_m3,exact_truth,0.514984848893507,-8.97370953101273e-07,37585536.907128625,Pauli_rotations,,
B,H4,current_m3,exact_truth,0.5176690220451784,-9.161391849588085e-07,37395080.64850793,Pauli_rotations,,
B,H4,current_m3,exact_truth,0.5203671854832117,-9.35299003357315e-07,37205681.96917977,Pauli_rotations,,
B,H4,current_m3,exact_truth,0.5230794121269388,-9.548585342411542e-07,37017336.505748235,Pauli_rotations,,
B,H4,current_m3,exact_truth,0.5258057752757573,-9.748260936248698e-07,36830039.94125006,Pauli_rotations,,
B,H4,current_m3,exact_truth,0.5285463486111114,-9.952101605037456e-07,36643787.99808582,Pauli_rotations,,
B,H4,current_m3,exact_truth,0.5313012061984832,-1.0160193890662583e-06,36458576.44020151,Pauli_rotations,,
B,H4,current_m3,exact_truth,0.5340704224893948,-1.0372626086940784e-06,36274401.072402634,Pauli_rotations,,
B,H4,current_m3,exact_truth,0.5368540723234198,-1.0589488368406563e-06,36091257.74261874,Pauli_rotations,,
B,H4,current_m3,exact_truth,0.5396522309302061,-1.0810872765887325e-06,35909142.340619974,Pauli_rotations,,
B,H4,current_m3,exact_truth,0.5424649739315092,-1.1036873219794074e-06,35728050.7985201,Pauli_rotations,,
B,H4,current_m3,exact_truth,0.5452923773432358,-1.1267585500185362e-06,35547979.08826617,Pauli_rotations,,
B,H4,current_m3,exact_truth,0.5481345175774981,-1.1503107462118578e-06,35368923.226692185,Pauli_rotations,,
B,H4,current_m3,exact_truth,0.5509914714446789,-1.1743539078956644e-06,35190879.275480464,Pauli_rotations,,
B,H4,current_m3,exact_truth,0.5538633161555073,-1.1988982042687724e-06,35013843.331532925,Pauli_rotations,,
B,H4,current_m3,exact_truth,0.5567501293231462,-1.2239540507774649e-06,34837811.542810604,Pauli_rotations,,
B,H4,current_m3,exact_truth,0.5596519889652881,-1.2495320673711063e-06,34662780.09824909,Pauli_rotations,,
B,H4,current_m3,exact_truth,0.5625689735062658,-1.2756430727289825e-06,34488745.22580881,Pauli_rotations,,
B,H4,current_m3,exact_truth,0.5655011617791698,-1.3022981386612287e-06,34315703.20364275,Pauli_rotations,,
B,H4,current_m3,exact_truth,0.5684486330279801,-1.3295085419251507e-06,34143650.34877232,Pauli_rotations,,
B,H4,current_m3,exact_truth,0.5714114669097076,-1.3572858008625843e-06,33972583.024323866,Pauli_rotations,,
B,H4,current_m3,exact_truth,0.574389743496546,-1.385641679174654e-06,33802497.6395212,Pauli_rotations,,
B,H4,current_m3,exact_truth,0.5773835432780375,-1.4145881643834457e-06,33633390.64428402,Pauli_rotations,,
B,H4,current_m3,exact_truth,0.5803929471632463,-1.4441375002505197e-06,33465258.53541311,Pauli_rotations,,
B,H4,current_m3,exact_truth,0.583418036482946,-1.4743021878871332e-06,33298097.855992075,Pauli_rotations,,
B,H4,current_m3,exact_truth,0.5864588929918181,-1.5050949739858765e-06,33131905.19209988,Pauli_rotations,,
B,H4,current_m3,exact_truth,0.5895155988706603,-1.5365288816848732e-06,32966677.17852036,Pauli_rotations,,
B,H4,current_m3,exact_truth,0.5925882367286087,-1.5686171852546948e-06,32802410.492607664,Pauli_rotations,,
B,H4,current_m3,exact_truth,0.5956768896053696,-1.601373447845944e-06,32639101.86137164,Pauli_rotations,,
B,H4,current_m3,exact_truth,0.5987816409734635,-1.634811503725686e-06,32476748.056929443,Pauli_rotations,,
B,H4,current_m3,exact_truth,0.6019025747404819,-1.6689454662710546e-06,32315345.897363294,Pauli_rotations,,
B,H4,current_m3,exact_truth,0.6050397752513542,-1.7037897481753106e-06,32154892.250043828,Pauli_rotations,,
B,H4,current_m3,exact_truth,0.6081933272906275,-1.7393590525660585e-06,31995384.02895399,Pauli_rotations,,
B,H4,current_m3,exact_truth,0.6113633160847574,-1.775668385883833e-06,31836818.19648439,Pauli_rotations,,
B,H4,current_m3,exact_truth,0.6145498273044123,-1.8127330672079722e-06,31679191.764463652,Pauli_rotations,,
B,H4,current_m3,exact_truth,0.6177529470667876,-1.850568721817325e-06,31522501.79200506,Pauli_rotations,,
B,H4,current_m3,exact_truth,0.6209727619379343,-1.8891912976215508e-06,31366745.387970075,Pauli_rotations,,
B,H4,current_m3,exact_truth,0.6242093589350969,-1.9286170760413057e-06,31211919.7122638,Pauli_rotations,,
B,H4,current_m3,exact_truth,0.6274628255290664,-1.968862664458726e-06,31058021.97345886,Pauli_rotations,,
B,H4,current_m3,exact_truth,0.6307332496465442,-2.0099450166455313e-06,30905049.43198303,Pauli_rotations,,
B,H4,current_m3,exact_truth,0.6340207196725169,-2.0518814263237317e-06,30752999.39796841,Pauli_rotations,,
B,H4,current_m3,exact_truth,0.6373253244526477,-2.094689550480311e-06,30601869.234953225,Pauli_rotations,,
B,H4,current_m3,exact_truth,0.6406471532956738,-2.1383874013736204e-06,30451656.357421115,Pauli_rotations,,
B,H4,current_m3,exact_truth,0.6439862959758238,-2.1829933594119666e-06,30302358.23243643,Pauli_rotations,,
B,H4,current_m3,exact_truth,0.6473428427352411,-2.2285261958021607e-06,30153972.383114714,Pauli_rotations,,
B,H4,current_m3,exact_truth,0.6507168842864243,-2.2750050423514523e-06,30006496.381908175,Pauli_rotations,,
B,H4,current_m3,exact_truth,0.654108511814678,-2.322449433878049e-06,29859927.85788801,Pauli_rotations,,
B,H4,current_m3,exact_truth,0.6575178169805775,-2.3708793110976956e-06,29714264.49635371,Pauli_rotations,,
B,H4,current_m3,exact_truth,0.6609448919224459,-2.420315009077356e-06,29569504.035741128,Pauli_rotations,,
B,H4,current_m3,exact_truth,0.6643898292588438,-2.4707772872112344e-06,29425644.272411097,Pauli_rotations,,
B,H4,current_m3,exact_truth,0.6678527220910733,-2.5222873387686917e-06,29282683.061503325,Pauli_rotations,,
B,H4,current_m3,exact_truth,0.6713336640056928,-2.574866759363914e-06,29140618.31014224,Pauli_rotations,,
B,H4,current_m3,exact_truth,0.6748327490770475,-2.628537615789739e-06,28999447.989407238,Pauli_rotations,,
B,H4,current_m3,exact_truth,0.6783500718698113,-2.6833224127109645e-06,28859170.127179116,Pauli_rotations,,
B,H4,current_m3,exact_truth,0.681885727441542,-2.739244110649963e-06,28719782.810596593,Pauli_rotations,,
B,H4,current_m3,exact_truth,0.685439811345251,-2.7963261419738927e-06,28581284.18809625,Pauli_rotations,,
B,H4,current_m3,exact_truth,0.6890124196319852,-2.854592423995328e-06,28443672.470888514,Pauli_rotations,,
B,H4,current_m3,exact_truth,0.6926036488534234,-2.9140673485361646e-06,28306945.930151667,Pauli_rotations,,
B,H4,current_m3,exact_truth,0.6962135960644846,-2.9747758187870232e-06,28171102.902837038,Pauli_rotations,,
B,H4,current_m3,exact_truth,0.6998423588259522,-3.0367432271027894e-06,28036141.786746573,Pauli_rotations,,
B,H4,current_m3,exact_truth,0.70349003520711,-3.0999955020760694e-06,27902061.048129644,Pauli_rotations,,
B,H4,current_m3,exact_truth,0.7071567237883921,-3.164559083002061e-06,27768859.216193464,Pauli_rotations,,
B,H4,current_m3,exact_truth,0.7108425236640485,-3.2304609589584032e-06,27636534.889216263,Pauli_rotations,,
B,H4,current_m3,exact_truth,0.7145475344448217,-3.2977286625879287e-06,27505086.7325422,Pauli_rotations,,
B,H4,current_m3,exact_truth,0.7182718562606396,-3.366390283421339e-06,27374513.480082124,Pauli_rotations,,
B,H4,current_m3,exact_truth,0.7220155897633209,-3.4364744896375754e-06,27244813.937276874,Pauli_rotations,,
B,H4,current_m3,exact_truth,0.725778836129296,-3.5080105269535977e-06,27115986.9800337,Pauli_rotations,,
B,H4,current_m3,exact_truth,0.7295616970623414,-3.5810282370540847e-06,26988031.55710515,Pauli_rotations,,
B,H4,current_m3,exact_truth,0.733364274796327,-3.655558057591435e-06,26860946.68926007,Pauli_rotations,,
B,H4,current_m3,exact_truth,0.7371866720979809,-3.7316310623758397e-06,26734731.475413155,Pauli_rotations,,
B,H4,current_m3,exact_truth,0.7410289922696652,-3.809278931177218e-06,26609385.086595055,Pauli_rotations,,
B,H4,current_m3,exact_truth,0.7448913391521687,-3.888534006790678e-06,26484906.774976626,Pauli_rotations,,
B,H4,current_m3,exact_truth,0.7487738171275121,-3.969429283046111e-06,26361295.87099308,Pauli_rotations,,
B,H4,current_m3,exact_truth,0.7526765311217711,-4.051998413245883e-06,26238551.784032717,Pauli_rotations,,
B,H4,current_m3,exact_truth,0.7565995866079102,-4.136275734589745e-06,26116674.005842928,Pauli_rotations,,
B,H4,current_m3,exact_truth,0.7605430896086334,-4.222296286160443e-06,25995662.11282031,Pauli_rotations,,
B,H4,current_m3,exact_truth,0.7645071466992504,-4.310095807369407e-06,25875515.7650334,Pauli_rotations,,
B,H4,current_m3,exact_truth,0.7684918650105561,-4.399710763935971e-06,25756234.70989748,Pauli_rotations,,
B,H4,current_m3,exact_truth,0.7724973522317261,-4.491178357435288e-06,25637818.783095367,Pauli_rotations,,
B,H4,current_m3,exact_truth,0.776523716613227,-4.584536540841455e-06,25520267.91052234,Pauli_rotations,,
B,H4,current_m3,exact_truth,0.7805710669697427,-4.6798240322942775e-06,25403582.109953675,Pauli_rotations,,
B,H4,current_m3,exact_truth,0.7846395126831133,-4.777080333751016e-06,25287761.49353575,Pauli_rotations,,
B,H4,current_m3,exact_truth,0.788729163705293,-4.876345738091814e-06,25172806.26840429,Pauli_rotations,,
B,H4,current_m3,exact_truth,0.7928401305613212,-4.97766135620914e-06,25058716.740602557,Pauli_rotations,,
B,H4,current_m3,exact_truth,0.7969725243523089,-5.081069122114812e-06,24945493.31542864,Pauli_rotations,,
B,H4,current_m3,exact_truth,0.8011264567584417,-5.18661182047353e-06,24833136.501465164,Pauli_rotations,,
B,H4,current_m3,exact_truth,0.805302040041998,-5.29433308438243e-06,24721646.909824576,Pauli_rotations,,
B,H4,current_m3,exact_truth,0.8094993870503832,-5.404277442000449e-06,24611025.261306822,Pauli_rotations,,
B,H4,current_m3,exact_truth,0.8137186112191787,-5.5164903005611166e-06,24501272.383514155,Pauli_rotations,,
B,H4,current_m3,exact_truth,0.8179598265752083,-5.631017987228759e-06,24392389.217145015,Pauli_rotations,,
B,H4,current_m3,exact_truth,0.8222231477396197,-5.747907755981885e-06,24284376.816877577,Pauli_rotations,,
B,H4,current_m3,exact_truth,0.8265086899309817,-5.867207813814446e-06,24177236.355381753,Pauli_rotations,,
B,H4,current_m3,exact_truth,0.8308165689683987,-5.988967328285355e-06,24070969.12442673,Pauli_rotations,,
B,H4,current_m3,exact_truth,0.8351469012746406,-6.113236454385884e-06,23965576.539101254,Pauli_rotations,,
B,H4,current_m3,exact_truth,0.8394998038792887,-6.240066356300034e-06,23861060.141269214,Pauli_rotations,,
B,H4,current_m3,exact_truth,0.8438753944218992,-6.3695092107352025e-06,23757421.60021758,Pauli_rotations,,
B,H4,current_m3,exact_truth,0.8482737911551818,-6.5016182495547525e-06,23654662.719506305,Pauli_rotations,,
B,H4,current_m3,exact_truth,0.8526951129481963,-6.636447764662989e-06,23552785.437994804,Pauli_rotations,,
B,H4,current_m3,exact_truth,0.8571394792895644,-6.7740531344284705e-06,23451791.834305193,Pauli_rotations,,
B,H4,current_m3,exact_truth,0.8616070102906993,-6.914490836784637e-06,23351684.12930824,Pauli_rotations,,
B,H4,current_m3,exact_truth,0.8660978266890519,-7.057818482092415e-06,23252464.691738408,Pauli_rotations,,
B,H4,current_m3,exact_truth,0.8706120498513732,-7.204094823798357e-06,23154136.04048831,Pauli_rotations,,
B,H4,current_m3,exact_truth,0.8751498017769949,-7.353379794183823e-06,23056700.850842133,Pauli_rotations,,
B,H4,current_m3,exact_truth,0.8797112051011263,-7.505734512802675e-06,22960161.95664584,Pauli_rotations,,
B,H4,current_m3,exact_truth,0.8842963830981692,-7.661221313126632e-06,22864522.355376244,Pauli_rotations,,
B,H4,current_m3,exact_truth,0.8889054596850474,-7.819903775851955e-06,22769785.214320652,Pauli_rotations,,
B,H4,current_m3,exact_truth,0.8935385594245584,-7.981846734006481e-06,22675953.87263299,Pauli_rotations,,
B,H4,current_m3,exact_truth,0.8981958075287377,-8.147116319801029e-06,22583031.849812657,Pauli_rotations,,
B,H4,current_m3,exact_truth,0.9028773298622441,-8.315779970846648e-06,22491022.84821674,Pauli_rotations,,
B,H4,current_m3,exact_truth,0.90758325294576,-8.487906453913396e-06,22399930.75838088,Pauli_rotations,,
B,H4,current_m3,exact_truth,0.9123137039594115,-8.663565915112414e-06,22309759.668418996,Pauli_rotations,,
B,H4,current_m3,exact_truth,0.9170688107462055,-8.842829872790503e-06,22220513.865078077,Pauli_rotations,,
B,H4,current_m3,exact_truth,0.9218487018154845,-9.025771265491755e-06,22132197.843169004,Pauli_rotations,,
B,H4,current_m3,exact_truth,0.9266535063463998,-9.21246447949109e-06,22044816.31214202,Pauli_rotations,,
B,H4,current_m3,exact_truth,0.9314833541914018,-9.402985354123317e-06,21958374.19961995,Pauli_rotations,,
B,H4,current_m3,exact_truth,0.9363383758797511,-9.59741123507385e-06,21872876.662210383,Pauli_rotations,,
B,H4,current_m3,exact_truth,0.9412187026210445,-9.795820995250892e-06,21788329.091773257,Pauli_rotations,,
B,H4,current_m3,exact_truth,0.9461244663087616,-9.998295052549011e-06,21704737.12150581,Pauli_rotations,,
B,H4,current_m3,exact_truth,0.9510557995238295,-1.020491541314783e-05,21622106.63602023,Pauli_rotations,,
B,H4,current_m3,exact_truth,0.9560128355382056,-1.041576568483471e-05,21540443.77733995,Pauli_rotations,,
B,H4,current_m3,exact_truth,0.9609957083184792,-1.0630931127408871e-05,21459754.95658162,Pauli_rotations,,
B,H4,current_m3,exact_truth,0.9660045525294925,-1.0850498673331543e-05,21380046.86163303,Pauli_rotations,,
B,H4,current_m3,exact_truth,0.9710395035379795,-1.1074556945711578e-05,21301326.46480891,Pauli_rotations,,
B,H4,current_m3,exact_truth,0.9761006974162246,-1.1303196322254294e-05,21223601.037480753,Pauli_rotations,,
B,H4,current_m3,exact_truth,0.9811882709457403,-1.1536508931042633e-05,21146878.155279916,Pauli_rotations,,
B,H4,current_m3,exact_truth,0.986302361620963,-1.1774588705382172e-05,21071165.712205738,Pauli_rotations,,
B,H4,current_m3,exact_truth,0.99144310765297,-1.2017531421326666e-05,20996471.93265977,Pauli_rotations,,
B,H4,current_m3,exact_truth,0.9966106479732134,-1.2265434708114142e-05,20922805.380080864,Pauli_rotations,,
B,H4,current_m3,exact_truth,1.001805122237276,-1.2518398106786677e-05,20850174.972946975,Pauli_rotations,,
B,H4,current_m3,exact_truth,1.0070266708286442,-1.2776523086843738e-05,20778589.995310303,Pauli_rotations,,
B,H4,current_m3,exact_truth,1.0122754348625045,-1.303991310019903e-05,20708060.11319006,Pauli_rotations,,
B,H4,current_m3,exact_truth,1.0175515561895538,-1.330867359583543e-05,20638595.38597271,Pauli_rotations,,
B,H4,current_m3,exact_truth,1.0228551773998353,-1.3582912068654807e-05,20570206.283288583,Pauli_rotations,,
B,H4,current_m3,exact_truth,1.028186441826592,-1.3862738104553074e-05,20502903.702003438,Pauli_rotations,,
B,H4,current_m3,exact_truth,1.0335454935501391,-1.4148263399293981e-05,20436698.98021917,Pauli_rotations,,
B,H4,current_m3,exact_truth,1.038932477401759,-1.4439601809801417e-05,20371603.916602023,Pauli_rotations,,
B,H4,current_m3,exact_truth,1.0443475389676142,-1.473686939079677e-05,20307630.788437027,Pauli_rotations,,
B,H4,current_m3,exact_truth,1.0497908245926841,-1.5040184431436288e-05,20244792.370533977,Pauli_rotations,,
B,H4,current_m3,exact_truth,1.0552624813847178,-1.534966749594524e-05,20183101.955599844,Pauli_rotations,,
B,H4,current_m3,exact_truth,1.0607626572182103,-1.566544146691662e-05,20122573.375945855,Pauli_rotations,,
B,H4,current_m3,exact_truth,1.0662915007383997,-1.598763159149641e-05,20063221.026621774,Pauli_rotations,,
B,H4,current_m3,exact_truth,1.0718491613652839,-1.6316365502255792e-05,20005059.88609986,Pauli_rotations,,
B,H4,current_m3,exact_truth,1.0774357892976583,-1.665177328491474e-05,19948105.544682056,Pauli_rotations,,
B,H4,current_m3,exact_truth,1.0830515355171757,-1.6993987510316444e-05,19892374.22914112,Pauli_rotations,,
B,H4,current_m3,exact_truth,1.0886965517924267,-1.73431432741733e-05,19837882.82977581,Pauli_rotations,,
B,H4,current_m3,exact_truth,1.0943709906830408,-1.769937825324419e-05,19784648.93117311,Pauli_rotations,,
B,H4,current_m3,exact_truth,1.1000750055438093,-1.806283273397824e-05,19732690.84063041,Pauli_rotations,,
B,H4,current_m3,exact_truth,1.1058087505288312,-1.843364966980232e-05,19682027.622187924,Pauli_rotations,,
B,H4,current_m3,exact_truth,1.111572380595677,-1.8811974730192915e-05,19632679.131231375,Pauli_rotations,,
B,H4,current_m3,exact_truth,1.1173660515095787,-1.919795633575916e-05,19584666.04897761,Pauli_rotations,,
B,H4,current_m3,exact_truth,1.1231899198476374,-1.959174571308786e-05,19538009.92168307,Pauli_rotations,,
B,H4,current_m3,exact_truth,1.1290441430030573,-1.9993496938264244e-05,19492733.20036952,Pauli_rotations,,
B,H4,current_m3,exact_truth,1.1349288791893974,-2.0403366996157857e-05,19448859.28500068,Pauli_rotations,,
B,H4,current_m3,exact_truth,1.1408442874448477,-2.082151581217495e-05,19406412.56721326,Pauli_rotations,,
B,H4,current_m3,exact_truth,1.1467905276365282,-2.1248106321092308e-05,19365418.480811145,Pauli_rotations,,
B,H4,current_m3,exact_truth,1.152767760464808,-2.1683304499253708e-05,19325903.549891796,Pauli_rotations,,
B,H4,current_m3,exact_truth,1.158776147467649,-2.212727943207149e-05,19287895.444877572,Pauli_rotations,,
B,H4,current_m3,exact_truth,1.1648158510249722,-2.258020334844346e-05,19251423.037082035,Pauli_rotations,,
B,H4,current_m3,exact_truth,1.1708870343630453,-2.304225169424967e-05,19216516.46217252,Pauli_rotations,,
B,H4,current_m3,exact_truth,1.176989861558894,-2.351360316565909e-05,19183207.181645118,Pauli_rotations,,
B,H4,current_m3,exact_truth,1.1831244975447361,-2.3994439768193487e-05,19151528.051849395,Pauli_rotations,,
B,H4,current_m3,exact_truth,1.1892911081124402,-2.4484946873570834e-05,19121513.39693463,Pauli_rotations,,
B,H4,current_m3,exact_truth,1.1954898599180044,-2.498531328098963e-05,19093199.08698214,Pauli_rotations,,
B,H4,current_m3,exact_truth,1.2017209204860615,-2.5495731244662423e-05,19066622.61624394,Pauli_rotations,,
B,H4,current_m3,exact_truth,1.2079844582144061,-2.6016396569294997e-05,19041823.196304698,Pauli_rotations,,
B,H4,current_m3,exact_truth,1.2142806423785462,-2.6547508628738115e-05,19018841.844020046,Pauli_rotations,,
B,H4,current_m3,exact_truth,1.2206096431362765,-2.708927044281495e-05,18997721.48386316,Pauli_rotations,,
B,H4,current_m3,exact_truth,1.2269716315322783,-2.7641888735496778e-05,18978507.054261096,Pauli_rotations,,
B,H4,current_m3,exact_truth,1.233366779502743,-2.8205573972650555e-05,18961245.61814529,Pauli_rotations,,
B,H4,current_m3,exact_truth,1.2397952598800155,-2.8780540442197022e-05,18945986.48734133,Pauli_rotations,,
B,H4,current_m3,exact_truth,1.2462572463972683,-2.9367006301406207e-05,18932781.35062041,Pauli_rotations,,
B,H4,current_m3,exact_truth,1.2527529136931947,-2.9965193630188125e-05,18921684.41167012,Pauli_rotations,,
B,H4,current_m3,exact_truth,1.2592824373167306,-3.05753284963739e-05,18912752.538643852,Pauli_rotations,,
B,H4,current_m3,exact_truth,1.2658459937317967,-3.119764102454958e-05,18906045.42492939,Pauli_rotations,,
B,H4,current_m3,exact_truth,1.272443760322068,-3.183236542492196e-05,18901625.755623467,Pauli_rotations,,
B,H4,current_m3,exact_truth,1.279075915395769,-3.2479740080582076e-05,18899559.395170696,Pauli_rotations,,
B,H4,current_m3,exact_truth,1.2857426381904906,-3.314000760701319e-05,18899915.58466533,Pauli_rotations,,
B,H4,current_m3,exact_truth,1.292444108878036,-3.381341487806999e-05,18902767.14902707,Pauli_rotations,,
B,H4,current_m3,exact_truth,1.299180508569289,-3.450021312967344e-05,18908190.73203455,Pauli_rotations,,
B,H4,current_m3,exact_truth,1.3059520193191079,-3.5200657985345885e-05,18916267.037414897,Pauli_rotations,,
B,H4,current_m3,exact_truth,1.3127588241312476,-3.5915009541032106e-05,18927081.098212276,Pauli_rotations,,
B,H4,current_m3,exact_truth,1.3196011069633025,-3.664353239662965e-05,18940722.559256516,Pauli_rotations,,
B,H4,current_m3,exact_truth,1.3264790527316819,-3.738649573747921e-05,18957285.990409035,Pauli_rotations,,
B,H4,current_m3,exact_truth,1.3333928473166041,-3.814417338476872e-05,18976871.22048381,Pauli_rotations,,
B,H4,current_m3,exact_truth,1.3403426775671206,-3.8916843846603655e-05,18999583.699086808,Pauli_rotations,,
B,H4,current_m3,exact_truth,1.347328731306167,-3.970479039505648e-05,19025534.893138442,Pauli_rotations,,
B,H4,current_m3,exact_truth,1.3543511973356388,-4.050830109703085e-05,19054842.709795512,Pauli_rotations,,
B,H4,current_m3,exact_truth,1.3614102654414928,-4.132766888886863e-05,19087631.9633012,Pauli_rotations,,
B,H4,current_m3,exact_truth,1.3685061263988767,-4.216319162875237e-05,19124034.87921808,Pauli_rotations,,
B,H4,current_m3,exact_truth,1.3756389719772852,-4.301517214377881e-05,19164191.64287062,Pauli_rotations,,
B,H4,current_m3,exact_truth,1.382808994945743,-4.3883918294795876e-05,19208251.000544697,Pauli_rotations,,
B,H4,current_m3,exact_truth,1.390016389078013,-4.4769743011263685e-05,19256370.910975527,Pauli_rotations,,
B,H4,current_m3,exact_truth,1.3972613491578338,-4.567296436785995e-05,19308719.264968578,Pauli_rotations,,
B,H4,current_m3,exact_truth,1.4045440709841863,-4.659390560490806e-05,19365474.663634863,Pauli_rotations,,
B,H4,current_m3,exact_truth,1.4118647513765805,-4.753289518677484e-05,19426827.27851281,Pauli_rotations,,
B,H4,current_m3,exact_truth,1.4192235881803787,-4.849026686604141e-05,19492979.79705429,Pauli_rotations,,
B,H4,current_m3,exact_truth,1.426620780272141,-4.9466359690830686e-05,19564148.452226095,Pauli_rotations,,
B,H4,current_m3,exact_truth,1.4340565275649988,-5.0461518074973455e-05,19640564.16803413,Pauli_rotations,,
B,H4,current_m3,exact_truth,1.4415310310140605,-5.14760918239876e-05,19722473.815014947,Pauli_rotations,,
B,H4,current_m3,exact_truth,1.4490444926218384,-5.251043616394391e-05,19810141.59807689,Pauli_rotations,,
B,H4,current_m3,exact_truth,1.4565971154437132,-5.3564911790537906e-05,19903850.59638501,Pauli_rotations,,
B,H4,current_m3,exact_truth,1.4641891035934156,-5.4639884881746426e-05,20003904.463642564,Pauli_rotations,,
B,H4,current_m3,exact_truth,1.4718206622485475,-5.5735727127803614e-05,20110629.32001397,Pauli_rotations,,
B,H4,current_m3,exact_truth,1.479491997656125,-5.685281574985268e-05,20224375.855134156,Pauli_rotations,,
B,H4,current_m3,exact_truth,1.4872033171381516,-5.799153351659925e-05,20345521.67235697,Pauli_rotations,,
B,H4,current_m3,exact_truth,1.4949548290972232,-5.915226875297108e-05,20474473.905925103,Pauli_rotations,,
B,H4,current_m3,exact_truth,1.5027467430221584,-6.0335415341672416e-05,20611672.14922293,Pauli_rotations,,
B,H4,current_m3,exact_truth,1.5105792694936617,-6.154137272451621e-05,20757591.739720233,Pauli_rotations,,
B,H4,current_m3,exact_truth,1.5184526201900133,-6.277054589531872e-05,20912747.450476915,Pauli_rotations,,
B,H4,current_m3,exact_truth,1.5263670078927893,-6.402334537369825e-05,21077697.645969383,Pauli_rotations,,
B,H4,current_m3,exact_truth,1.5343226464926154,-6.530018718642339e-05,21253048.97837408,Pauli_rotations,,
B,H4,current_m3,exact_truth,1.542319750994943,-6.660149283588268e-05,21439461.702988643,Pauli_rotations,,
B,H4,current_m3,exact_truth,1.5503585375258628,-6.792768925123482e-05,21637655.709420558,Pauli_rotations,,
B,H4,current_m3,exact_truth,1.5584392233379452,-6.927920872867865e-05,21848417.38559155,Pauli_rotations,,
B,H4,current_m3,exact_truth,1.5665620268161116,-7.065648887927267e-05,22072607.45666865,Pauli_rotations,,
B,H4,current_m3,exact_truth,1.5747271674835357,-7.205997252923702e-05,22311169.94980011,Pauli_rotations,,
B,H4,current_m3,exact_truth,1.5829348660075764,-7.349010763424424e-05,22565142.49571009,Pauli_rotations,,
B,H4,current_m3,exact_truth,1.5911853442057426,-7.494734717794493e-05,22835668.196720086,Pauli_rotations,,
B,H4,current_m3,exact_truth,1.5994788250516871,-7.643214902164353e-05,23124009.337444402,Pauli_rotations,,
B,H4,current_m3,exact_truth,1.607815532681232,-7.794497577173765e-05,23431563.301736794,Pauli_rotations,,
B,H4,current_m3,exact_truth,1.6161956923984266,-7.948629460141632e-05,23759881.10133674,Pauli_rotations,,
B,H4,current_m3,exact_truth,1.6246195306816376,-8.105657706414249e-05,24110689.04346545,Pauli_rotations,,
B,H4,current_m3,exact_truth,1.6330872751896672,-8.265629886383685e-05,24485914.164435558,Pauli_rotations,,
B,H4,current_m3,exact_truth,1.6415991547679076,-8.428593961595787e-05,24887714.228613302,Pauli_rotations,,
B,H4,current_m3,exact_truth,1.6501553994545268,-8.594598254574315e-05,25318513.259494126,Pauli_rotations,,
B,H4,current_m3,exact_truth,1.6587562404866814,-8.763691419333419e-05,25781043.858514823,Pauli_rotations,,
B,H4,current_m3,exact_truth,1.66740191030677,-8.935922403519037e-05,26278397.83878298,Pauli_rotations,,
B,H4,current_m3,exact_truth,1.6760926425687133,-9.111340408463064e-05,26814087.172908906,Pauli_rotations,,
B,H4,current_m3,exact_truth,1.6848286721442687,-9.289994843220128e-05,27392117.775999755,Pauli_rotations,,
B,H4,current_m3,exact_truth,1.693610235129379,-9.471935273053234e-05,28017079.396513622,Pauli_rotations,,
B,H4,current_m3,exact_truth,1.7024375688505498,-9.657211362190665e-05,28694255.87382504,Pauli_rotations,,
B,H4,current_m3,exact_truth,1.7113109118712688,-9.845872806768519e-05,29429761.33976785,Pauli_rotations,,
B,H4,current_m3,exact_truth,1.720230503998448,-0.0001003796926191125,30230709.802463192,Pauli_rotations,,
B,H4,current_m3,exact_truth,1.7291965862889065,-0.00010233550258886837,31105428.044109005,Pauli_rotations,,
B,H4,current_m3,exact_truth,1.738209401055886,-0.00010432665109139094,32063725.300031304,Pauli_rotations,,
B,H4,current_m3,exact_truth,1.7472691918755996,-0.00010635362798372405,33117238.236817278,Pauli_rotations,,
B,H4,current_m3,exact_truth,1.7563762035938117,-0.00010841691864738046,34279876.9204971,Pauli_rotations,,
B,H4,current_m3,exact_truth,1.7655306823324581,-0.0001105170026036717,35568408.04115452,Pauli_rotations,,
B,H4,current_m3,exact_truth,1.7747328754962974,-0.00011265435193474893,37003227.332969405,Pauli_rotations,,
B,H4,current_m3,exact_truth,1.7839830317795955,-0.00011482942946439145,38609396.86104908,Pauli_rotations,,
B,H4,current_m3,exact_truth,1.7932814011728477,-0.00011704268670365003,40418059.586307555,Pauli_rotations,,
B,H4,current_m3,exact_truth,1.8026282349695344,-0.00011929456141857031,42468401.50186397,Pauli_rotations,,
B,H4,current_m3,exact_truth,1.8120237857729142,-0.00012158547488905214,44810425.813161954,Pauli_rotations,,
B,H4,current_m3,exact_truth,1.8214683075028484,-0.0001239158286487907,47508960.04380077,Pauli_rotations,,
B,H4,current_m3,exact_truth,1.8309620554026629,-0.00012628600073716356,50649586.608413205,Pauli_rotations,,
B,H4,current_m3,exact_truth,1.8405052860460502,-0.000128696341240353,54347667.37875971,Pauli_rotations,,
B,H4,current_m3,exact_truth,1.850098257343999,-0.00013114716706774665,58762524.78182808,Pauli_rotations,,
B,H4,current_m3,exact_truth,1.8597412285517667,-0.00013363875570404637,64120578.21629277,Pauli_rotations,,
B,H4,current_m3,exact_truth,1.8694344602758846,-0.00013617133775145618,70754809.42551482,Pauli_rotations,,
B,H4,current_m3,exact_truth,1.8791782144812037,-0.00013874508791178464,79175793.50477594,Pauli_rotations,,
B,H4,current_m3,exact_truth,1.8889727544979706,-0.0001413601140536347,90208280.00655276,Pauli_rotations,,
B,H4,current_m3,exact_truth,1.898818345028946,-0.00014401644376049738,105276723.10936515,Pauli_rotations,,
B,H4,current_m3,exact_truth,1.9087152521565605,-0.00014671400772847676,127071363.30226223,Pauli_rotations,,
B,H4,current_m3,exact_truth,1.9186637433501017,-0.00014945261896315287,161355551.98630276,Pauli_rotations,,
B,H4,current_m3,exact_truth,1.9286640874729448,-0.00015223194652569383,223107377.43308482,Pauli_rotations,,
B,H4,current_m3,exact_truth,1.938716554789819,-0.00015505148191263807,367196749.62177134,Pauli_rotations,,
B,H4,current_m3,exact_truth,1.9488214169741114,-0.00015791049553226522,1085794000.6303492,Pauli_rotations,,
B,H4,current_m3,exact_truth,2.151140704187331,-6.599985351485316e-05,15272555.270721653,Pauli_rotations,,
B,H4,two_term_center,exact_truth,0.2732419958694326,-1.217724507895923e-07,70493209.46614896,Pauli_rotations,,
B,H4,two_term_center,exact_truth,0.27466617141711647,-1.2432851881349904e-07,70128819.80086634,Pauli_rotations,,
B,H4,two_term_center,exact_truth,0.2760977699671984,-1.26938194400239e-07,69766337.2244003,Pauli_rotations,,
B,H4,two_term_center,exact_truth,0.2775368302094067,-1.2960263617856072e-07,69405752.14192262,Pauli_rotations,,
B,H4,two_term_center,exact_truth,0.27898339103512554,-1.3232296658394205e-07,69047054.98662527,Pauli_rotations,,
B,H4,two_term_center,exact_truth,0.28043749153844644,-1.35100374887287e-07,68690236.26441544,Pauli_rotations,,
B,H4,two_term_center,exact_truth,0.28189917101722495,-1.3793603081957428e-07,68335286.51594223,Pauli_rotations,,
B,H4,two_term_center,exact_truth,0.28336846897414275,-1.408311860462419e-07,67982196.35998723,Pauli_rotations,,
B,H4,two_term_center,exact_truth,0.2848454251177746,-1.4378706891804427e-07,67630956.44770297,Pauli_rotations,,
B,H4,two_term_center,exact_truth,0.28633007936366217,-1.4680496107644103e-07,67281557.4950957,Pauli_rotations,,
B,H4,two_term_center,exact_truth,0.2878224718353925,-1.4988615415489903e-07,66933990.26409555,Pauli_rotations,,
B,H4,two_term_center,exact_truth,0.2893226428656823,-1.5303197709037875e-07,66588245.57373088,Pauli_rotations,,
B,H4,two_term_center,exact_truth,0.2908306329974682,-1.562437974556019e-07,66244314.30014165,Pauli_rotations,,
B,H4,two_term_center,exact_truth,0.29234648298500204,-1.5952297727217513e-07,65902187.35773932,Pauli_rotations,,
B,H4,two_term_center,exact_truth,0.29387023379495286,-1.6287094295464044e-07,65561855.72794006,Pauli_rotations,,
B,H4,two_term_center,exact_truth,0.2954019266075134,-1.6628913113159172e-07,65223310.43615398,Pauli_rotations,,
B,H4,two_term_center,exact_truth,0.29694160281751353,-1.6977900396675238e-07,64886542.55779821,Pauli_rotations,,
B,H4,two_term_center,exact_truth,0.2984893040355387,-1.733420835758892e-07,64551543.23186274,Pauli_rotations,,
B,H4,two_term_center,exact_truth,0.3000450720890547,-1.7697988896614447e-07,64218303.63472514,Pauli_rotations,,
B,H4,two_term_center,exact_truth,0.3016089490235376,-1.8069399665421315e-07,63886815.0043983,Pauli_rotations,,
B,H4,two_term_center,exact_truth,0.3031809771036106,-1.8448598915199454e-07,63557068.61925411,Pauli_rotations,,
B,H4,two_term_center,exact_truth,0.3047611988141861,-1.8835751558476943e-07,63229055.82193372,Pauli_rotations,,
B,H4,two_term_center,exact_truth,0.30634965686161375,-1.923102257439524e-07,62902767.992498346,Pauli_rotations,,
B,H4,two_term_center,exact_truth,0.30794639417483455,-1.9634583781069637e-07,62578196.574948736,Pauli_rotations,,
B,H4,two_term_center,exact_truth,0.3095514539065413,-2.0046608284474132e-07,62255333.054721005,Pauli_rotations,,
B,H4,two_term_center,exact_truth,0.3111648794343447,-2.0467273942337272e-07,61934168.97194329,Pauli_rotations,,
B,H4,two_term_center,exact_truth,0.31278671436194555,-2.0896758945454508e-07,61614695.90376197,Pauli_rotations,,
B,H4,two_term_center,exact_truth,0.31441700252031307,-2.1335251387810672e-07,61296905.501081064,Pauli_rotations,,
B,H4,two_term_center,exact_truth,0.31605578796887,-2.178293907473261e-07,60980789.44844255,Pauli_rotations,,
B,H4,two_term_center,exact_truth,0.3177031149966828,-2.2240013430874228e-07,60666339.478875056,Pauli_rotations,,
B,H4,two_term_center,exact_truth,0.3193590281236586,-2.270667212034283e-07,60353547.38339889,Pauli_rotations,,
B,H4,two_term_center,exact_truth,0.3210235721017488,-2.318311547178098e-07,60042404.99685545,Pauli_rotations,,
B,H4,two_term_center,exact_truth,0.3226967919161579,-2.366954878763039e-07,59732904.20624931,Pauli_rotations,,
B,H4,two_term_center,exact_truth,0.32437873278656,-2.416618161138473e-07,59425036.94746634,Pauli_rotations,,
B,H4,two_term_center,exact_truth,0.32606944016832,-2.467322628429969e-07,59118795.199443385,Pauli_rotations,,
B,H4,two_term_center,exact_truth,0.32776895975372294,-2.51909026527386e-07,58814171.001244105,Pauli_rotations,,
B,H4,two_term_center,exact_truth,0.32947733747320823,-2.5719431473447685e-07,58511156.42704013,Pauli_rotations,,
B,H4,two_term_center,exact_truth,0.3311946194966113,-2.625904120812095e-07,58209743.61083566,Pauli_rotations,,
B,H4,two_term_center,exact_truth,0.33292085223441087,-2.6809963782348234e-07,57909924.73025969,Pauli_rotations,,
B,H4,two_term_center,exact_truth,0.33465608233898414,-2.7372435118522276e-07,57611692.00813132,Pauli_rotations,,
B,H4,two_term_center,exact_truth,0.33640035670586665,-2.7946698843983597e-07,57315037.7254106,Pauli_rotations,,
B,H4,two_term_center,exact_truth,0.33815372247502,-2.853300069549647e-07,57019954.20039579,Pauli_rotations,,
B,H4,two_term_center,exact_truth,0.3399162270321062,-2.9131593004549927e-07,56726433.80449616,Pauli_rotations,,
B,H4,two_term_center,exact_truth,0.3416879180097677,-2.9742733231863383e-07,56434468.95640381,Pauli_rotations,,
B,H4,two_term_center,exact_truth,0.3434688432889149,-3.0366682413074386e-07,56144052.11612006,Pauli_rotations,,
B,H4,two_term_center,exact_truth,0.3452590510000205,-3.1003711442600945e-07,55855175.80668262,Pauli_rotations,,
B,H4,two_term_center,exact_truth,0.3470585895244197,-3.165409205863057e-07,55567832.581768945,Pauli_rotations,,
B,H4,two_term_center,exact_truth,0.34886750749561807,-3.2318105724904456e-07,55282015.056487344,Pauli_rotations,,
B,H4,two_term_center,exact_truth,0.35068585380060585,-3.2996035881360797e-07,54997715.879707545,Pauli_rotations,,
B,H4,two_term_center,exact_truth,0.3525136775811792,-3.368817422799708e-07,54714927.755508155,Pauli_rotations,,
B,H4,two_term_center,exact_truth,0.354351028235268,-3.4394819459215853e-07,54433643.43812144,Pauli_rotations,,
B,H4,two_term_center,exact_truth,0.3561979554182712,-3.511627388874672e-07,54153855.719837114,Pauli_rotations,,
B,H4,two_term_center,exact_truth,0.35805450904439856,-3.585284777951614e-07,53875557.44537346,Pauli_rotations,,
B,H4,two_term_center,exact_truth,0.35992073928801993,-3.660485785594858e-07,53598741.506192334,Pauli_rotations,,
B,H4,two_term_center,exact_truth,0.3617966965850206,-3.737262772585126e-07,53323400.841382116,Pauli_rotations,,
B,H4,two_term_center,exact_truth,0.36368243163416514,-3.8156485060447665e-07,53049528.42768732,Pauli_rotations,,
B,H4,two_term_center,exact_truth,0.36557799539846686,-3.8956768522169227e-07,52777117.30219569,Pauli_rotations,,
B,H4,two_term_center,exact_truth,0.3674834391065657,-3.9773821103317175e-07,52506160.53944223,Pauli_rotations,,
B,H4,two_term_center,exact_truth,0.3693988142541123,-4.0607993234687e-07,52236651.261304796,Pauli_rotations,,
B,H4,two_term_center,exact_truth,0.3713241726051599,-4.145964505042343e-07,51968582.64383402,Pauli_rotations,,
B,H4,two_term_center,exact_truth,0.37325956619356315,-4.2329140104158114e-07,51701947.89605748,Pauli_rotations,,
B,H4,two_term_center,exact_truth,0.3752050473243846,-4.321685185271207e-07,51436740.28074006,Pauli_rotations,,
B,H4,two_term_center,exact_truth,0.37716066857530783,-4.4123163500664475e-07,51172953.11313023,Pauli_rotations,,
B,H4,two_term_center,exact_truth,0.37912648279805905,-4.504846127240114e-07,50910579.73867664,Pauli_rotations,,
B,H4,two_term_center,exact_truth,0.3811025431198347,-4.5993144537348485e-07,50649613.5651314,Pauli_rotations,,
B,H4,two_term_center,exact_truth,0.38308890294473796,-4.6957618016207903e-07,50390048.03684699,Pauli_rotations,,
B,H4,two_term_center,exact_truth,0.3850856159552213,-4.794229540028283e-07,50131876.645851776,Pauli_rotations,,
B,H4,two_term_center,exact_truth,0.3870927361135379,-4.894759897400291e-07,49875092.93003674,Pauli_rotations,,
B,H4,two_term_center,exact_truth,0.38911031766319976,-4.997396176875668e-07,49619690.479294665,Pauli_rotations,,
B,H4,two_term_center,exact_truth,0.39113841513044345,-5.102182276672806e-07,49365662.91986639,Pauli_rotations,,
B,H4,two_term_center,exact_truth,0.39317708332570434,-5.209163176367326e-07,49113003.9290163,Pauli_rotations,,
B,H4,two_term_center,exact_truth,0.39522637734509697,-5.318384761476835e-07,48861707.228902094,Pauli_rotations,,
B,H4,two_term_center,exact_truth,0.39728635257190476,-5.429893883412973e-07,48611766.58782404,Pauli_rotations,,
B,H4,two_term_center,exact_truth,0.3993570646780767,-5.543738481605942e-07,48363175.823322,Pauli_rotations,,
B,H4,two_term_center,exact_truth,0.4014385696257316,-5.659967243776265e-07,48115928.791175745,Pauli_rotations,,
B,H4,two_term_center,exact_truth,0.40353092366867066,-5.778630156605402e-07,47870019.40157219,Pauli_rotations,,
B,H4,two_term_center,exact_truth,0.4056341833538979,-5.899777983930932e-07,47625441.60260799,Pauli_rotations,,
B,H4,two_term_center,exact_truth,0.40774840552314817,-6.023462619797471e-07,47382189.39038964,Pauli_rotations,,
B,H4,two_term_center,exact_truth,0.4098736473144234,-6.149737385996445e-07,47140256.817174725,Pauli_rotations,,
B,H4,two_term_center,exact_truth,0.41200996616353663,-6.278656161651242e-07,46899637.964749984,Pauli_rotations,,
B,H4,two_term_center,exact_truth,0.41415741980566473,-6.410274178136888e-07,46660326.96755733,Pauli_rotations,,
B,H4,two_term_center,exact_truth,0.4163160662769082,-6.544648014639165e-07,46422318.01173904,Pauli_rotations,,
B,H4,two_term_center,exact_truth,0.4184859639158598,-6.681835240662792e-07,46185605.3239262,Pauli_rotations,,
B,H4,two_term_center,exact_truth,0.4206671713651813,-6.821894555919528e-07,45950183.1747573,Pauli_rotations,,
B,H4,two_term_center,exact_truth,0.42285974757318817,-6.964886121174629e-07,45716045.887786865,Pauli_rotations,,
B,H4,two_term_center,exact_truth,0.4250637517954428,-7.110871034221589e-07,45483187.82361099,Pauli_rotations,,
B,H4,two_term_center,exact_truth,0.4272792435963558,-7.259911931623009e-07,45251603.39657204,Pauli_rotations,,
B,H4,two_term_center,exact_truth,0.4295062828507959,-7.412072713375295e-07,45021287.06606324,Pauli_rotations,,
B,H4,two_term_center,exact_truth,0.431744929745708,-7.56741850072018e-07,44792233.33466789,Pauli_rotations,,
B,H4,two_term_center,exact_truth,0.4339952447817398,-7.726015769371486e-07,44564436.75127588,Pauli_rotations,,
B,H4,two_term_center,exact_truth,0.43625728877487685,-7.88793257155973e-07,44337891.91658369,Pauli_rotations,,
B,H4,two_term_center,exact_truth,0.4385311228580861,-8.053238103045146e-07,44112593.47019814,Pauli_rotations,,
B,H4,two_term_center,exact_truth,0.44081680848296817,-8.222003280433654e-07,43888536.10608424,Pauli_rotations,,
B,H4,two_term_center,exact_truth,0.44311440742141783,-8.394300270442301e-07,43665714.55867772,Pauli_rotations,,
B,H4,two_term_center,exact_truth,0.4454239817672938,-8.570202825186612e-07,43444123.61149347,Pauli_rotations,,
B,H4,two_term_center,exact_truth,0.4477455939380969,-8.749786351014421e-07,43223758.09820514,Pauli_rotations,,
B,H4,two_term_center,exact_truth,0.450079306676656,-8.933127551014053e-07,43004612.8921151,Pauli_rotations,,
B,H4,two_term_center,exact_truth,0.4524251830528251,-9.120305040077881e-07,42786682.92219096,Pauli_rotations,,
B,H4,two_term_center,exact_truth,0.45478328646518684,-9.311398811995275e-07,42569963.15777529,Pauli_rotations,,
B,H4,two_term_center,exact_truth,0.45715368064276607,-9.506490699084935e-07,42354448.62027679,Pauli_rotations,,
B,H4,two_term_center,exact_truth,0.4595364296467523,-9.705664052450658e-07,42140134.37377434,Pauli_rotations,,
B,H4,two_term_center,exact_truth,0.4619315978722309,-9.90900416164564e-07,41927015.53546604,Pauli_rotations,,
B,H4,two_term_center,exact_truth,0.4643392500499238,-1.011659795269182e-06,41715087.26679297,Pauli_rotations,,
B,H4,two_term_center,exact_truth,0.46675945124793794,-1.0328534281178747e-06,41504344.78041634,Pauli_rotations,,
B,H4,two_term_center,exact_truth,0.46919226687352455,-1.0544903696896313e-06,41294783.33319781,Pauli_rotations,,
B,H4,two_term_center,exact_truth,0.47163776267484697,-1.0765798728051834e-06,41086398.23286624,Pauli_rotations,,
B,H4,two_term_center,exact_truth,0.47409600474275665,-1.09913138301998e-06,40879184.83582259,Pauli_rotations,,
B,H4,two_term_center,exact_truth,0.47656705951258016,-1.122154541510767e-06,40673138.5470568,Pauli_rotations,,
B,H4,two_term_center,exact_truth,0.47905099376591403,-1.145659177748115e-06,40468254.817448616,Pauli_rotations,,
B,H4,two_term_center,exact_truth,0.4815478746324302,-1.169655354571475e-06,40264529.154479526,Pauli_rotations,,
B,H4,two_term_center,exact_truth,0.48405776959168956,-1.194153313122115e-06,40061957.107261285,Pauli_rotations,,
B,H4,two_term_center,exact_truth,0.4865807464749659,-1.219163520138622e-06,39860534.27779558,Pauli_rotations,,
B,H4,two_term_center,exact_truth,0.48911687346707927,-1.2446966610735188e-06,39660256.31831186,Pauli_rotations,,
B,H4,two_term_center,exact_truth,0.4916662191082386,-1.270763646976647e-06,39461118.932113096,Pauli_rotations,,
B,H4,two_term_center,exact_truth,0.49422885229589364,-1.2973756073897391e-06,39263117.87091693,Pauli_rotations,,
B,H4,two_term_center,exact_truth,0.49680484228659777,-1.3245439047793184e-06,39066248.93759327,Pauli_rotations,,
B,H4,two_term_center,exact_truth,0.4993942586978789,-1.3522801425303044e-06,38870507.9872342,Pauli_rotations,,
B,H4,two_term_center,exact_truth,0.5019971715101212,-1.3805961522894705e-06,38675890.92313307,Pauli_rotations,,
B,H4,two_term_center,exact_truth,0.5046136510684568,-1.4095040337114284e-06,38482393.705642425,Pauli_rotations,,
B,H4,two_term_center,exact_truth,0.5072437680846661,-1.4390161171551341e-06,38290012.34209148,Pauli_rotations,,
B,H4,two_term_center,exact_truth,0.5098875936390893,-1.4691450005432927e-06,38098742.89488473,Pauli_rotations,,
B,H4,two_term_center,exact_truth,0.5125451991825475,-1.4999035311547004e-06,37908581.476141445,Pauli_rotations,,
B,H4,two_term_center,exact_truth,0.515216656538273,-1.531304838264802e-06,37719524.25463794,Pauli_rotations,,
B,H4,two_term_center,exact_truth,0.5179020379038515,-1.563362309164873e-06,37531567.44908117,Pauli_rotations,,
B,H4,two_term_center,exact_truth,0.5206014158531721,-1.5960896286859594e-06,37344707.33660445,Pauli_rotations,,
B,H4,two_term_center,exact_truth,0.5233148633383895,-1.6295007385647153e-06,37158940.24213485,Pauli_rotations,,
B,H4,two_term_center,exact_truth,0.5260424536918951,-1.6636098925104648e-06,36974262.55049996,Pauli_rotations,,
B,H4,two_term_center,exact_truth,0.5287842606282989,-1.6984316271173583e-06,36790670.69855237,Pauli_rotations,,
B,H4,two_term_center,exact_truth,0.5315403582464218,-1.7339807887317704e-06,36608161.18051137,Pauli_rotations,,
B,H4,two_term_center,exact_truth,0.5343108210312983,-1.7702725192414448e-06,36426730.54365819,Pauli_rotations,,
B,H4,two_term_center,exact_truth,0.5370957238561895,-1.8073222933789879e-06,36246375.396004125,Pauli_rotations,,
B,H4,two_term_center,exact_truth,0.5398951419846059,-1.845145889411981e-06,36067092.39849033,Pauli_rotations,,
B,H4,two_term_center,exact_truth,0.5427091510723422,-1.883759415788333e-06,35888878.27015976,Pauli_rotations,,
B,H4,two_term_center,exact_truth,0.5455378271695216,-1.923179324903046e-06,35711729.790264785,Pauli_rotations,,
B,H4,two_term_center,exact_truth,0.5483812467226518,-1.9634224008857615e-06,35535643.79445213,Pauli_rotations,,
B,H4,two_term_center,exact_truth,0.5512394865766893,-2.0045057727013926e-06,35360617.17674537,Pauli_rotations,,
B,H4,two_term_center,exact_truth,0.5541126239771184,-2.0464469345782277e-06,35186646.89311435,Pauli_rotations,,
B,H4,two_term_center,exact_truth,0.5570007365720367,-2.0892637371261458e-06,35013729.958424024,Pauli_rotations,,
B,H4,two_term_center,exact_truth,0.5599039024142554,-2.132974395774312e-06,34841863.44731008,Pauli_rotations,,
B,H4,two_term_center,exact_truth,0.5628221999634074,-2.1775975129756375e-06,34671044.49807252,Pauli_rotations,,
B,H4,two_term_center,exact_truth,0.5657557080880682,-2.223152074432022e-06,34501270.31076353,Pauli_rotations,,
B,H4,two_term_center,exact_truth,0.5687045060678876,-2.2696574439873274e-06,34332538.14504328,Pauli_rotations,,
B,H4,two_term_center,exact_truth,0.5716686735957318,-2.317133412033101e-06,34164845.32974406,Pauli_rotations,,
B,H4,two_term_center,exact_truth,0.5746482907798375,-2.365600154430325e-06,33998189.252802335,Pauli_rotations,,
B,H4,two_term_center,exact_truth,0.5776434381459769,-2.415078273809712e-06,33832567.36923304,Pauli_rotations,,
B,H4,two_term_center,exact_truth,0.5806541966396332,-2.4655888060109987e-06,33667977.20141622,Pauli_rotations,,
B,H4,two_term_center,exact_truth,0.5836806476281898,-2.5171532118672957e-06,33504416.33625605,Pauli_rotations,,
B,H4,two_term_center,exact_truth,0.5867228729031273,-2.569793395856834e-06,33341882.42814225,Pauli_rotations,,
B,H4,two_term_center,exact_truth,0.5897809546822355,-2.6235317254208468e-06,33180373.201985598,Pauli_rotations,,
B,H4,two_term_center,exact_truth,0.5928549756118346,-2.678391010757508e-06,33019886.44785641,Pauli_rotations,,
B,H4,two_term_center,exact_truth,0.5959450187690092,-2.734394553893793e-06,32860420.03031668,Pauli_rotations,,
B,H4,two_term_center,exact_truth,0.5990511676638534,-2.7915661353627996e-06,32701971.884487074,Pauli_rotations,,
B,H4,two_term_center,exact_truth,0.6021735062417269,-2.849930011761259e-06,32544540.014498685,Pauli_rotations,,
B,H4,two_term_center,exact_truth,0.6053121188855254,-2.9095109570498323e-06,32388122.501060367,Pauli_rotations,,
B,H4,two_term_center,exact_truth,0.6084670904179593,-2.970334245899764e-06,32232717.496901847,Pauli_rotations,,
B,H4,two_term_center,exact_truth,0.6116385061038472,-3.0324256832248153e-06,32078323.23183572,Pauli_rotations,,
B,H4,two_term_center,exact_truth,0.6148264516524196,-3.0958115979640155e-06,31924938.010406233,Pauli_rotations,,
B,H4,two_term_center,exact_truth,0.6180310132196356,-3.160518871281326e-06,31772560.21662507,Pauli_rotations,,
B,H4,two_term_center,exact_truth,0.6212522774105116,-3.2265749307924807e-06,31621188.311729815,Pauli_rotations,,
B,H4,two_term_center,exact_truth,0.6244903312814609,-3.294007771659224e-06,31470820.83744653,Pauli_rotations,,
B,H4,two_term_center,exact_truth,0.6277452623426476,-3.3628459736867455e-06,31321456.418395426,Pauli_rotations,,
B,H4,two_term_center,exact_truth,0.6310171585603506,-3.4331186964386973e-06,31173093.760071743,Pauli_rotations,,
B,H4,two_term_center,exact_truth,0.6343061083593414,-3.504855705438459e-06,31025731.65310028,Pauli_rotations,,
B,H4,two_term_center,exact_truth,0.6376122006252739,-3.5780873766100285e-06,30879368.97310391,Pauli_rotations,,
B,H4,two_term_center,exact_truth,0.6409355247070864,-3.652844717372261e-06,30734004.683900375,Pauli_rotations,,
B,H4,two_term_center,exact_truth,0.6442761704194166,-3.7291593713018045e-06,30589637.83742892,Pauli_rotations,,
B,H4,two_term_center,exact_truth,0.6476342280450283,-3.8070636256826162e-06,30446267.574286327,Pauli_rotations,,
B,H4,two_term_center,exact_truth,0.6510097883372522,-3.886590442148119e-06,30303893.128795434,Pauli_rotations,,
B,H4,two_term_center,exact_truth,0.6544029425224376,-3.967773465118896e-06,30162513.829685107,Pauli_rotations,,
B,H4,two_term_center,exact_truth,0.6578137823024185,-4.0506470215806445e-06,30022129.099129617,Pauli_rotations,,
B,H4,two_term_center,exact_truth,0.6612423998569915,-4.135246142400462e-06,29882738.45601118,Pauli_rotations,,
B,H4,two_term_center,exact_truth,0.6646888878464078,-4.221606592524907e-06,29744341.52086127,Pauli_rotations,,
B,H4,two_term_center,exact_truth,0.6681533394138761,-4.309764858767551e-06,29606938.01264246,Pauli_rotations,,
B,H4,two_term_center,exact_truth,0.671635848188081,-4.399758191997449e-06,29470527.75601648,Pauli_rotations,,
B,H4,two_term_center,exact_truth,0.6751365082857128,-4.491624593372379e-06,29335110.677903935,Pauli_rotations,,
B,H4,two_term_center,exact_truth,0.678655414314011,-4.585402857415488e-06,29200686.814920053,Pauli_rotations,,
B,H4,two_term_center,exact_truth,0.6821926613733216,-4.681132569794855e-06,29067256.31219408,Pauli_rotations,,
B,H4,two_term_center,exact_truth,0.6857483450596663,-4.778854131748389e-06,28934819.42728109,Pauli_rotations,,
B,H4,two_term_center,exact_truth,0.6893225614673277,-4.878608771186066e-06,28803376.53157866,Pauli_rotations,,
B,H4,two_term_center,exact_truth,0.6929154071914444,-4.980438567780965e-06,28672928.114393786,Pauli_rotations,,
B,H4,two_term_center,exact_truth,0.6965269793306225,-5.0843864625171875e-06,28543474.78412943,Pauli_rotations,,
B,H4,two_term_center,exact_truth,0.7001573754895599,-5.190496272566847e-06,28415017.270520296,Pauli_rotations,,
B,H4,two_term_center,exact_truth,0.7038066937816837,-5.298812721488133e-06,28287556.42972967,Pauli_rotations,,
B,H4,two_term_center,exact_truth,0.707475032831802,-5.40938144966141e-06,28161093.245820127,Pauli_rotations,,
B,H4,two_term_center,exact_truth,0.711162491778769,-5.522249028722115e-06,28035628.833029367,Pauli_rotations,,
B,H4,two_term_center,exact_truth,0.714869170278165,-5.637462984431352e-06,27911164.43964228,Pauli_rotations,,
B,H4,two_term_center,exact_truth,0.7185951685049885,-5.7550718275400925e-06,27787701.45334457,Pauli_rotations,,
B,H4,two_term_center,exact_truth,0.7223405871563644,-5.8751250486821505e-06,27665241.40010267,Pauli_rotations,,
B,H4,two_term_center,exact_truth,0.7261055274542654,-5.997673156787897e-06,27543785.951017987,Pauli_rotations,,
B,H4,two_term_center,exact_truth,0.7298900911482468,-6.122767697958054e-06,27423336.925676826,Pauli_rotations,,
B,H4,two_term_center,exact_truth,0.733694380518197,-6.250461276779973e-06,27303896.296012297,Pauli_rotations,,
B,H4,two_term_center,exact_truth,0.7375184983771018,-6.380807563211022e-06,27185466.1876749,Pauli_rotations,,
B,H4,two_term_center,exact_truth,0.7413625480738223,-6.513861335433191e-06,27068048.88790727,Pauli_rotations,,
B,H4,two_term_center,exact_truth,0.7452266334958885,-6.649678483627852e-06,26951646.84652981,Pauli_rotations,,
B,H4,two_term_center,exact_truth,0.7491108590723067,-6.788316051276055e-06,26836262.68368607,Pauli_rotations,,
B,H4,two_term_center,exact_truth,0.7530153297763819,-6.929832235380573e-06,26721899.190418743,Pauli_rotations,,
B,H4,two_term_center,exact_truth,0.7569401511285545,-7.074286436425936e-06,26608559.338122554,Pauli_rotations,,
B,H4,two_term_center,exact_truth,0.7608854291992525,-7.221739251717096e-06,26496246.278157018,Pauli_rotations,,
B,H4,two_term_center,exact_truth,0.7648512706117575,-7.3722525291142205e-06,26384963.35216952,Pauli_rotations,,
B,H4,two_term_center,exact_truth,0.7688377825450867,-7.525889376358563e-06,26274714.09476344,Pauli_rotations,,
B,H4,two_term_center,exact_truth,0.7728450727368895,-7.682714187939865e-06,26165502.239382412,Pauli_rotations,,
B,H4,two_term_center,exact_truth,0.7768732494863587,-7.842792664414233e-06,26057331.72303821,Pauli_rotations,,
B,H4,two_term_center,exact_truth,0.7809224216571583,-8.006191862142131e-06,25950206.696431387,Pauli_rotations,,
B,H4,two_term_center,exact_truth,0.7849926986803638,-8.172980190401802e-06,25844131.525170565,Pauli_rotations,,
B,H4,two_term_center,exact_truth,0.789084190557422,-8.343227458684765e-06,25739110.799814846,Pauli_rotations,,
B,H4,two_term_center,exact_truth,0.7931970078631219,-8.517004898012104e-06,25635149.341630347,Pauli_rotations,,
B,H4,two_term_center,exact_truth,0.7973312617485842,-8.694385189134124e-06,25532252.20973543,Pauli_rotations,,
B,H4,two_term_center,exact_truth,0.8014870639442645,-8.875442495170915e-06,25430424.709212583,Pauli_rotations,,
B,H4,two_term_center,exact_truth,0.8056645267629733,-9.060252487813614e-06,25329672.398354262,Pauli_rotations,,
B,H4,two_term_center,exact_truth,0.8098637631029113,-9.248892373747708e-06,25230001.096199818,Pauli_rotations,,
B,H4,two_term_center,exact_truth,0.8140848864507204,-9.441440937285606e-06,25131416.893059414,Pauli_rotations,,
B,H4,two_term_center,exact_truth,0.8183280108845506,-9.637978554577487e-06,25033926.156530783,Pauli_rotations,,
B,H4,two_term_center,exact_truth,0.8225932510771433,-9.838587244681563e-06,24937535.544002265,Pauli_rotations,,
B,H4,two_term_center,exact_truth,0.8268807222989304,-1.0043350688881958e-05,24842252.01013764,Pauli_rotations,,
B,H4,two_term_center,exact_truth,0.831190540421149,-1.0252354266215846e-05,24748082.81741773,Pauli_rotations,,
B,H4,two_term_center,exact_truth,0.8355228219189742,-1.0465685086336052e-05,24655035.546589144,Pauli_rotations,,
B,H4,two_term_center,exact_truth,0.839877683874665,-1.0683432032587703e-05,24563118.109179553,Pauli_rotations,,
B,H4,two_term_center,exact_truth,0.8442552439807303,-1.090568578598905e-05,24472338.757247087,Pauli_rotations,,
B,H4,two_term_center,exact_truth,0.8486556205431083,-1.1132538873637188e-05,24382706.097598977,Pauli_rotations,,
B,H4,two_term_center,exact_truth,0.8530789324843645,-1.1364085683585046e-05,24294229.100933895,Pauli_rotations,,
B,H4,two_term_center,exact_truth,0.8575252993469059,-1.160042252723592e-05,24206917.119296014,Pauli_rotations,,
B,H4,two_term_center,exact_truth,0.8619948412962104,-1.1841647667765187e-05,24120779.898438133,Pauli_rotations,,
B,H4,two_term_center,exact_truth,0.8664876791240761,-1.2087861341214534e-05,24035827.589555304,Pauli_rotations,,
B,H4,two_term_center,exact_truth,0.871003934251884,-1.2339165826436016e-05,23952070.769590277,Pauli_rotations,,
B,H4,two_term_center,exact_truth,0.8755437287338815,-1.2595665467962647e-05,23869520.454448856,Pauli_rotations,,
B,H4,two_term_center,exact_truth,0.8801071852604785,-1.2857466714866206e-05,23788188.115501396,Pauli_rotations,,
B,H4,two_term_center,exact_truth,0.8846944271615653,-1.312467817005114e-05,23708085.69848143,Pauli_rotations,,
B,H4,two_term_center,exact_truth,0.8893055784098446,-1.3397410620452632e-05,23629225.640029553,Pauli_rotations,,
B,H4,two_term_center,exact_truth,0.8939407636241825,-1.3675777105648379e-05,23551620.891261477,Pauli_rotations,,
B,H4,two_term_center,exact_truth,0.8986001080729757,-1.3959892930737183e-05,23475284.9331533,Pauli_rotations,,
B,H4,two_term_center,exact_truth,0.9032837376775373,-1.4249875732508244e-05,23400231.801465172,Pauli_rotations,,
B,H4,two_term_center,exact_truth,0.9079917790155004,-1.4545845514968292e-05,23326476.10766747,Pauli_rotations,,
B,H4,two_term_center,exact_truth,0.9127243593242382,-1.4847924707295235e-05,23254033.064515688,Pauli_rotations,,
B,H4,two_term_center,exact_truth,0.9174816065043025,-1.515623819448031e-05,23182918.508320164,Pauli_rotations,,
B,H4,two_term_center,exact_truth,0.9222636491228812,-1.5470913371284922e-05,23113148.926145956,Pauli_rotations,,
B,H4,two_term_center,exact_truth,0.9270706164172722,-1.5792080209964254e-05,23044741.486464724,Pauli_rotations,,
B,H4,two_term_center,exact_truth,0.9319026382983765,-1.6119871286024434e-05,22977714.064394947,Pauli_rotations,,
B,H4,two_term_center,exact_truth,0.9367598453542084,-1.645442183573209e-05,22912085.273471672,Pauli_rotations,,
B,H4,two_term_center,exact_truth,0.941642368853426,-1.679586980984915e-05,22847874.498325948,Pauli_rotations,,
B,H4,two_term_center,exact_truth,0.9465503407488771,-1.7144355945131196e-05,22785101.93183268,Pauli_rotations,,
B,H4,two_term_center,exact_truth,0.951483893681167,-1.75000237794265e-05,22723788.60495578,Pauli_rotations,,
B,H4,two_term_center,exact_truth,0.956443160982242,-1.7863019733166396e-05,22663956.429090932,Pauli_rotations,,
B,H4,two_term_center,exact_truth,0.9614282766789933,-1.8233493174646398e-05,22605628.237792145,Pauli_rotations,,
B,H4,two_term_center,exact_truth,0.9664393754968792,-1.8611596446227452e-05,22548827.82436497,Pauli_rotations,,
B,H4,two_term_center,exact_truth,0.9714765928635654,-1.8997484944049958e-05,22493579.990305666,Pauli_rotations,,
B,H4,two_term_center,exact_truth,0.9765400649125862,-1.939131717687559e-05,22439910.592834424,Pauli_rotations,,
B,H4,two_term_center,exact_truth,0.9816299284870226,-1.9793254818489814e-05,22387846.59400833,Pauli_rotations,,
B,H4,two_term_center,exact_truth,0.986746321143201,-2.0203462770984615e-05,22337416.114376854,Pauli_rotations,,
B,H4,two_term_center,exact_truth,0.9918893811544104,-2.0622109228041197e-05,22288648.48964131,Pauli_rotations,,
B,H4,two_term_center,exact_truth,0.99705924751464,-2.1049365745762216e-05,22241574.331752077,Pauli_rotations,,
B,H4,two_term_center,exact_truth,1.0022560599423351,-2.1485407291077507e-05,22196225.589864746,Pauli_rotations,,
B,H4,two_term_center,exact_truth,1.007479958884172,-2.193041231990378e-05,22152635.61979414,Pauli_rotations,,
B,H4,two_term_center,exact_truth,1.012731085518857,-2.2384562845756406e-05,22110839.255938828,Pauli_rotations,,
B,H4,two_term_center,exact_truth,1.0180095817609371,-2.2848044502810083e-05,22070872.886612862,Pauli_rotations,,
B,H4,two_term_center,exact_truth,1.0233155902646396,-2.33210466153988e-05,22032774.535042647,Pauli_rotations,,
B,H4,two_term_center,exact_truth,1.0286492544277244,-2.380376226729375e-05,21996583.94531371,Pauli_rotations,,
B,H4,two_term_center,exact_truth,1.0340107183953615,-2.4296388380085077e-05,21962342.67516803,Pauli_rotations,,
B,H4,two_term_center,exact_truth,1.0394001270640252,-2.4799125779573217e-05,21930094.192655474,Pauli_rotations,,
B,H4,two_term_center,exact_truth,1.0448176260854107,-2.5312179281700153e-05,21899883.982216686,Pauli_rotations,,
B,H4,two_term_center,exact_truth,1.0502633618703703,-2.583575774650626e-05,21871759.652310256,Pauli_rotations,,
B,H4,two_term_center,exact_truth,1.0557374815928702,-2.637007418604398e-05,21845771.059145216,Pauli_rotations,,
B,H4,two_term_center,exact_truth,1.0612401331939674,-2.6915345815448077e-05,21821970.429026466,Pauli_rotations,,
B,H4,two_term_center,exact_truth,1.0667714653858085,-2.747179414464007e-05,21800412.495881725,Pauli_rotations,,
B,H4,two_term_center,exact_truth,1.07233162765565,-2.8039645068478336e-05,21781154.64781994,Pauli_rotations,,
B,H4,two_term_center,exact_truth,1.0779207702698952,-2.8619128923601522e-05,21764257.07821082,Pauli_rotations,,
B,H4,two_term_center,exact_truth,1.0835390442781572,-2.9210480610109002e-05,21749782.958390307,Pauli_rotations,,
B,H4,two_term_center,exact_truth,1.089186601517342,-2.9813939640632725e-05,21737798.61014786,Pauli_rotations,,
B,H4,two_term_center,exact_truth,1.0948635946157497,-3.0429750248694987e-05,21728373.700906083,Pauli_rotations,,
B,H4,two_term_center,exact_truth,1.100570176997201,-3.105816147752627e-05,21721581.44965721,Pauli_rotations,,
B,H4,two_term_center,exact_truth,1.106306502885182,-3.169942725622654e-05,21717498.845969833,Pauli_rotations,,
B,H4,two_term_center,exact_truth,1.112072727307015,-3.2353806513674144e-05,21716206.89196845,Pauli_rotations,,
B,H4,two_term_center,exact_truth,1.1178690060980452,-3.3021563241808494e-05,21717790.853823025,Pauli_rotations,,
B,H4,two_term_center,exact_truth,1.1236954959058536,-3.3702966623527786e-05,21722340.544008348,Pauli_rotations,,
B,H4,two_term_center,exact_truth,1.1295523541944907,-3.43982911064078e-05,21729950.61593846,Pauli_rotations,,
B,H4,two_term_center,exact_truth,1.1354397392487312,-3.5107816507728984e-05,21740720.88759231,Pauli_rotations,,
B,H4,two_term_center,exact_truth,1.1413578101783526,-3.583182811706109e-05,21754756.69065982,Pauli_rotations,,
B,H4,two_term_center,exact_truth,1.1473067269224344,-3.657061679218643e-05,21772169.246946517,Pauli_rotations,,
B,H4,two_term_center,exact_truth,1.1532866502536814,-3.7324479069233973e-05,21793076.078485947,Pauli_rotations,,
B,H4,two_term_center,exact_truth,1.1592977417827686,-3.809371726104516e-05,21817601.44990306,Pauli_rotations,,
B,H4,two_term_center,exact_truth,1.1653401639627066,-3.887863956641979e-05,21845876.850476198,Pauli_rotations,,
B,H4,two_term_center,exact_truth,1.1714140800932369,-3.967956017802976e-05,21878041.51761654,Pauli_rotations,,
B,H4,two_term_center,exact_truth,1.1775196543252398,-4.049679939344131e-05,21914243.00687677,Pauli_rotations,,
B,H4,two_term_center,exact_truth,1.1836570516651734,-4.133068372857984e-05,21954637.813218918,Pauli_rotations,,
B,H4,two_term_center,exact_truth,1.1898264379795325,-4.218154602586566e-05,21999392.047519684,Pauli_rotations,,
B,H4,two_term_center,exact_truth,1.1960279799993323,-4.304972557100939e-05,22048682.176974002,Pauli_rotations,,
B,H4,two_term_center,exact_truth,1.2022618453246123,-4.39355682193554e-05,22102695.83650875,Pauli_rotations,,
B,H4,two_term_center,exact_truth,1.2085282024289674,-4.483942649935457e-05,22161632.71277839,Pauli_rotations,,
B,H4,two_term_center,exact_truth,1.2148272206641002,-4.5761659742682426e-05,22225705.51881492,Pauli_rotations,,
B,H4,two_term_center,exact_truth,1.2211590702643986,-4.6702634213469096e-05,22295141.064118456,Pauli_rotations,,
B,H4,two_term_center,exact_truth,1.2275239223515355,-4.766272321710119e-05,22370181.427452076,Pauli_rotations,,
B,H4,two_term_center,exact_truth,1.233921948939093,-4.8642307235891025e-05,22451085.25428117,Pauli_rotations,,
B,H4,two_term_center,exact_truth,1.2403533229372146,-4.9641774060971144e-05,22538129.187461644,Pauli_rotations,,
B,H4,two_term_center,exact_truth,1.2468182181572736,-5.066151891819359e-05,22631609.447147325,Pauli_rotations,,
B,H4,two_term_center,exact_truth,1.2533168093165725,-5.170194459092059e-05,22731843.57925604,Pauli_rotations,,
B,H4,two_term_center,exact_truth,1.2598492720430663,-5.276346157256917e-05,22839172.4010457,Pauli_rotations,,
B,H4,two_term_center,exact_truth,1.2664157828801061,-5.3846488191844344e-05,22953962.156835716,Pauli_rotations,,
B,H4,two_term_center,exact_truth,1.2730165192912128,-5.495145075373742e-05,23076606.921354223,Pauli_rotations,,
B,H4,two_term_center,exact_truth,1.2796516596648706,-5.607878367497321e-05,23207531.2792464,Pauli_rotations,,
B,H4,two_term_center,exact_truth,1.286321383319351,-5.722892962811699e-05,23347193.32200032,Pauli_rotations,,
B,H4,two_term_center,exact_truth,1.2930258705075566,-5.840233968923414e-05,23496088.005598817,Pauli_rotations,,
B,H4,two_term_center,exact_truth,1.2997653024218931,-5.9599473480664855e-05,23654750.918531053,Pauli_rotations,,
B,H4,two_term_center,exact_truth,1.3065398611991677,-6.0820799317795604e-05,23823762.522299007,Pauli_rotations,,
B,H4,two_term_center,exact_truth,1.313349729925508,-6.20667943567188e-05,24003752.934162706,Pauli_rotations,,
B,H4,two_term_center,exact_truth,1.3201950926413144,-6.333794475632537e-05,24195407.338227626,Pauli_rotations,,
B,H4,two_term_center,exact_truth,1.32707613434623,-6.463474581419604e-05,24399472.11235969,Pauli_rotations,,
B,H4,two_term_center,exact_truth,1.3339930410041432,-6.595770213535523e-05,24616761.800636083,Pauli_rotations,,
B,H4,two_term_center,exact_truth,1.3409459995482111,-6.730732778947868e-05,24848167.057313588,Pauli_rotations,,
B,H4,two_term_center,exact_truth,1.347935197885913,-6.868414645966325e-05,25094663.725476563,Pauli_rotations,,
B,H4,two_term_center,exact_truth,1.3549608249041292,-7.008869161184705e-05,25357323.252783433,Pauli_rotations,,
B,H4,two_term_center,exact_truth,1.3620230704742435,-7.152150665645784e-05,25637324.670647036,Pauli_rotations,,
B,H4,two_term_center,exact_truth,1.3691221254572763,-7.298314510473247e-05,25935968.41887919,Pauli_rotations,,
B,H4,two_term_center,exact_truth,1.3762581817090425,-7.447417074546436e-05,26254692.36454619,Pauli_rotations,,
B,H4,two_term_center,exact_truth,1.383431432085337,-7.599515780953858e-05,26595090.42099234,Pauli_rotations,,
B,H4,two_term_center,exact_truth,1.3906420704471454,-7.754669113335666e-05,26958934.277554564,Pauli_rotations,,
B,H4,two_term_center,exact_truth,1.3978902916658837,-7.912936633691636e-05,27348198.869180303,Pauli_rotations,,
B,H4,two_term_center,exact_truth,1.405176291628666,-8.074378998590426e-05,27765092.347507667,Pauli_rotations,,
B,H4,two_term_center,exact_truth,1.4125002672435965,-8.239057978109976e-05,28212091.52670092,Pauli_rotations,,
B,H4,two_term_center,exact_truth,1.4198624164450924,-8.407036471336227e-05,28691983.982277904,Pauli_rotations,,
B,H4,two_term_center,exact_truth,1.4272629381992326,-8.578378525725405e-05,29207918.33820512,Pauli_rotations,,
B,H4,two_term_center,exact_truth,1.4347020325091353,-8.753149354068235e-05,29763464.63405454,Pauli_rotations,,
B,H4,two_term_center,exact_truth,1.4421799004203633,-8.931415351609573e-05,30362687.223956913,Pauli_rotations,,
B,H4,two_term_center,exact_truth,1.4496967440263555,-9.113244115432906e-05,31010233.360777255,Pauli_rotations,,
B,H4,two_term_center,exact_truth,1.4572527664738928,-9.298704461091489e-05,31711441.52367593,Pauli_rotations,,
B,H4,two_term_center,exact_truth,1.4648481719685829,-9.487866440993642e-05,32472474.84601779,Pauli_rotations,,
B,H4,two_term_center,exact_truth,1.4724831657803834,-9.680801362965674e-05,33300486.691580135,Pauli_rotations,,
B,H4,two_term_center,exact_truth,1.480157954249146,-9.877581807460345e-05,34203827.78529145,Pauli_rotations,,
B,H4,two_term_center,exact_truth,1.4878727447901972,-0.00010078281646097587,35192307.61433822,Pauli_rotations,,
B,H4,two_term_center,exact_truth,1.4956277458999392,-0.0001028297605936146,36277527.43111581,Pauli_rotations,,
B,H4,two_term_center,exact_truth,1.5034231671614864,-0.00010491741555118672,37473308.84684935,Pauli_rotations,,
B,H4,two_term_center,exact_truth,1.5112592192503314,-0.0001070465598553838,38796251.61881053,Pauli_rotations,,
B,H4,two_term_center,exact_truth,1.519136113940036,-0.00010921798565810548,40266468.49824082,Pauli_rotations,,
B,H4,two_term_center,exact_truth,1.5270540641079549,-0.00011143249890976925,41908566.3397071,Pauli_rotations,,
B,H4,two_term_center,exact_truth,1.53501328374099,-0.00011369091953183919,43752975.4742839,Pauli_rotations,,
B,H4,two_term_center,exact_truth,1.543013987941374,-0.00011599408159690405,45837780.64536737,Pauli_rotations,,
B,H4,two_term_center,exact_truth,1.551056392932481,-0.00011834283348766128,48211289.06147522,Pauli_rotations,,
B,H4,two_term_center,exact_truth,1.559140716064671,-0.00012073803806322836,50935706.72511477,Pauli_rotations,,
B,H4,two_term_center,exact_truth,1.5672671758211674,-0.00012318057282034722,54092524.26919075,Pauli_rotations,,
B,H4,two_term_center,exact_truth,1.5754359918239558,-0.00012567133004925957,57790617.63132306,Pauli_rotations,,
B,H4,two_term_center,exact_truth,1.583647384839724,-0.0001282112169853633,62178806.546062164,Pauli_rotations,,
B,H4,two_term_center,exact_truth,1.5919015767858253,-0.00013080115594510389,67466021.83377671,Pauli_rotations,,
B,H4,two_term_center,exact_truth,1.6001987907362796,-0.00013344208446386396,73955063.88213697,Pauli_rotations,,
B,H4,two_term_center,exact_truth,1.6085392509277976,-0.00013613495542563747,82101990.38774931,Pauli_rotations,,
B,H4,two_term_center,exact_truth,1.6169231827658437,-0.00013888073718026916,92627122.32403998,Pauli_rotations,,
B,H4,two_term_center,exact_truth,1.6253508128307284,-0.00014168041363915584,106738877.75719637,Pauli_rotations,,
B,H4,two_term_center,exact_truth,1.633822368883729,-0.00014453498437938528,126631514.01787409,Pauli_rotations,,
B,H4,two_term_center,exact_truth,1.642338079873247,-0.0001474454647134582,156748016.2396069,Pauli_rotations,,
B,H4,two_term_center,exact_truth,1.6508981759409946,-0.00015041288574590972,207653057.2206878,Pauli_rotations,,
B,H4,two_term_center,exact_truth,1.6595028884282164,-0.00015343829442815426,312116353.6037505,Pauli_rotations,,
B,H4,two_term_center,exact_truth,1.6681524498819382,-0.00015652275356181633,648048839.5625379,Pauli_rotations,,
B,H4,m5_best,exact_truth,0.5385146445049875,-9.367901210310947e-08,55909451.49569309,Pauli_rotations,,
B,H4,m5_best,exact_truth,0.5413214582465332,-9.563221703423608e-08,55620236.70167287,Pauli_rotations,,
B,H4,m5_best,exact_truth,0.54414290149437,-9.762598351947815e-08,55332532.091579415,Pauli_rotations,,
B,H4,m5_best,exact_truth,0.5469790504995337,-9.966114178361352e-08,55046329.994972445,Pauli_rotations,,
B,H4,m5_best,exact_truth,0.5498299819104909,-1.0173854159134521e-07,54761622.78451664,Pauli_rotations,,
B,H4,m5_best,exact_truth,0.5526957727752105,-1.0385906423771019e-07,54478402.879760884,Pauli_rotations,,
B,H4,m5_best,exact_truth,0.5555765005432466,-1.060235867988979e-07,54196662.73454714,Pauli_rotations,,
B,H4,m5_best,exact_truth,0.5584722430678312,-1.082330318702418e-07,53916394.85374325,Pauli_rotations,,
B,H4,m5_best,exact_truth,0.5613830786079779,-1.1048831138893433e-07,53637591.77378073,Pauli_rotations,,
B,H4,m5_best,exact_truth,0.5643090858305975,-1.127903725972601e-07,53360246.07800951,Pauli_rotations,,
B,H4,m5_best,exact_truth,0.5672503438126237,-1.1514018360969658e-07,53084350.39144216,Pauli_rotations,,
B,H4,m5_best,exact_truth,0.5702069320431505,-1.1753872564135293e-07,52809897.37786118,Pauli_rotations,,
B,H4,m5_best,exact_truth,0.5731789304255799,-1.1998700588655709e-07,52536879.743822135,Pauli_rotations,,
B,H4,m5_best,exact_truth,0.5761664192797813,-1.22486031539637e-07,52265290.22977346,Pauli_rotations,,
B,H4,m5_best,exact_truth,0.5791694793442632,-1.2503686619425025e-07,51995121.62834275,Pauli_rotations,,
B,H4,m5_best,exact_truth,0.5821881917783542,-1.276405674488501e-07,51726366.76346418,Pauli_rotations,,
B,H4,m5_best,exact_truth,0.5852226381643967,-1.3029822265586688e-07,51459018.5018577,Pauli_rotations,,
B,H4,m5_best,exact_truth,0.5882729005099514,-1.3301094403672664e-07,51193069.75108623,Pauli_rotations,,
B,H4,m5_best,exact_truth,0.5913390612500146,-1.3577986246460227e-07,50928513.45723955,Pauli_rotations,,
B,H4,m5_best,exact_truth,0.5944212032492446,-1.3860613456984083e-07,50665342.606922425,Pauli_rotations,,
B,H4,m5_best,exact_truth,0.5975194098042022,-1.414909318597779e-07,50403550.22348183,Pauli_rotations,,
B,H4,m5_best,exact_truth,0.6006337646456017,-1.4443546558773335e-07,50143129.37460277,Pauli_rotations,,
B,H4,m5_best,exact_truth,0.6037643519405735,-1.4744095655494505e-07,49884073.16241105,Pauli_rotations,,
B,H4,m5_best,exact_truth,0.6069112562949387,-1.5050865753707399e-07,49626374.730276614,Pauli_rotations,,
B,H4,m5_best,exact_truth,0.610074562755496,-1.5363985284011505e-07,49370027.26231027,Pauli_rotations,,
B,H4,m5_best,exact_truth,0.6132543568123199,-1.5683583209913365e-07,49115023.974922605,Pauli_rotations,,
B,H4,m5_best,exact_truth,0.6164507244010711,-1.6009793268878525e-07,48861358.12969475,Pauli_rotations,,
B,H4,m5_best,exact_truth,0.6196637519053186,-1.6342750774889225e-07,48609023.023135416,Pauli_rotations,,
B,H4,m5_best,exact_truth,0.6228935261588755,-1.6682594528028005e-07,48358011.99225882,Pauli_rotations,,
B,H4,m5_best,exact_truth,0.6261401344481443,-1.7029465060325322e-07,48108318.40891363,Pauli_rotations,,
B,H4,m5_best,exact_truth,0.6294036645144765,-1.7383506989432362e-07,47859935.686630115,Pauli_rotations,,
B,H4,m5_best,exact_truth,0.6326842045565442,-1.7744866642743773e-07,47612857.27310454,Pauli_rotations,,
B,H4,m5_best,exact_truth,0.6359818432327227,-1.8113694366661548e-07,47367076.6568496,Pauli_rotations,,
B,H4,m5_best,exact_truth,0.6392966696634876,-1.8490142750238192e-07,47122587.36153963,Pauli_rotations,,
B,H4,m5_best,exact_truth,0.6426287734338227,-1.8874368090671112e-07,46879382.950070865,Pauli_rotations,,
B,H4,m5_best,exact_truth,0.6459782445956418,-1.9266528972217145e-07,46637457.020033255,Pauli_rotations,,
B,H4,m5_best,exact_truth,0.6493451736702212,-1.966678810916278e-07,46396803.20882997,Pauli_rotations,,
B,H4,m5_best,exact_truth,0.6527296516506469,-2.0075311124578832e-07,46157415.18974745,Pauli_rotations,,
B,H4,m5_best,exact_truth,0.6561317700042737,-2.04922666835472e-07,45919286.672047265,Pauli_rotations,,
B,H4,m5_best,exact_truth,0.6595516206751975,-2.0917827425748214e-07,45682411.4033439,Pauli_rotations,,
B,H4,m5_best,exact_truth,0.6629892960867391,-2.1352168810828687e-07,45446783.16594326,Pauli_rotations,,
B,H4,m5_best,exact_truth,0.6664448891439426,-2.1795470250829396e-07,45212395.77978457,Pauli_rotations,,
B,H4,m5_best,exact_truth,0.6699184932360868,-2.2247914954753867e-07,44979243.10164636,Pauli_rotations,,
B,H4,m5_best,exact_truth,0.6734102022392078,-2.270968875173196e-07,44747319.02149823,Pauli_rotations,,
B,H4,m5_best,exact_truth,0.6769201105186371,-2.318098297759974e-07,44516617.47032602,Pauli_rotations,,
B,H4,m5_best,exact_truth,0.6804483129315516,-2.3661991099821478e-07,44287132.410284005,Pauli_rotations,,
B,H4,m5_best,exact_truth,0.6839949048295368,-2.4152911071162464e-07,44058857.84100447,Pauli_rotations,,
B,H4,m5_best,exact_truth,0.6875599820611644,-2.465394539630239e-07,43831787.79940876,Pauli_rotations,,
B,H4,m5_best,exact_truth,0.6911436409745818,-2.5165299644136496e-07,43605916.35525773,Pauli_rotations,,
B,H4,m5_best,exact_truth,0.6947459784201169,-2.568718435735917e-07,43381237.61609511,Pauli_rotations,,
B,H4,m5_best,exact_truth,0.6983670917528948,-2.621981338712942e-07,43157745.72233675,Pauli_rotations,,
B,H4,m5_best,exact_truth,0.7020070788354692,-2.6763405491792014e-07,42935434.85131251,Pauli_rotations,,
B,H4,m5_best,exact_truth,0.705666038040467,-2.731818427026411e-07,42714299.21670769,Pauli_rotations,,
B,H4,m5_best,exact_truth,0.7093440682532475,-2.788437625245166e-07,42494333.06309186,Pauli_rotations,,
B,H4,m5_best,exact_truth,0.7130412688745736,-2.8462213697011407e-07,42275530.673119284,Pauli_rotations,,
B,H4,m5_best,exact_truth,0.7167577398232996,-2.905193359215019e-07,42057886.36446483,Pauli_rotations,,
B,H4,m5_best,exact_truth,0.7204935815390704,-2.9653777078308963e-07,41841394.487956375,Pauli_rotations,,
B,H4,m5_best,exact_truth,0.7242488949850365,-3.026798987004753e-07,41626049.42837337,Pauli_rotations,,
B,H4,m5_best,exact_truth,0.7280237816505827,-3.08948229665873e-07,41411845.60596707,Pauli_rotations,,
B,H4,m5_best,exact_truth,0.7318183435540704,-3.1534532696220197e-07,41198777.47620283,Pauli_rotations,,
B,H4,m5_best,exact_truth,0.7356326832455952,-3.2187379783721326e-07,40986839.526986174,Pauli_rotations,,
B,H4,m5_best,exact_truth,0.739466903809758,-3.2853630549389834e-07,40776026.28143292,Pauli_rotations,,
B,H4,m5_best,exact_truth,0.7433211088684509,-3.353355637614186e-07,40566332.29613121,Pauli_rotations,,
B,H4,m5_best,exact_truth,0.7471954025836586,-3.4227434553280034e-07,40357752.16294423,Pauli_rotations,,
B,H4,m5_best,exact_truth,0.7510898896602715,-3.493554692202139e-07,40150280.50520158,Pauli_rotations,,
B,H4,m5_best,exact_truth,0.7550046753489176,-3.565818147421851e-07,39943911.98141938,Pauli_rotations,,
B,H4,m5_best,exact_truth,0.7589398654488051,-3.6395631708430187e-07,39738641.283296615,Pauli_rotations,,
B,H4,m5_best,exact_truth,0.7628955663105832,-3.7148197096215085e-07,39534463.13652679,Pauli_rotations,,
B,H4,m5_best,exact_truth,0.766871884839215,-3.791618314874512e-07,39331372.30059044,Pauli_rotations,,
B,H4,m5_best,exact_truth,0.7708689284968675,-3.869990099492071e-07,39129363.5673454,Pauli_rotations,,
B,H4,m5_best,exact_truth,0.7748868053058158,-3.9499667803255534e-07,38928431.761720456,Pauli_rotations,,
B,H4,m5_best,exact_truth,0.7789256238513615,-4.0315807603441556e-07,38728571.74335611,Pauli_rotations,,
B,H4,m5_best,exact_truth,0.7829854932847689,-4.11486497320368e-07,38529778.40243025,Pauli_rotations,,
B,H4,m5_best,exact_truth,0.7870665233262131,-4.1998531674636297e-07,38332046.66620787,Pauli_rotations,,
B,H4,m5_best,exact_truth,0.7911688242677469,-4.286579564638515e-07,38135371.49036148,Pauli_rotations,,
B,H4,m5_best,exact_truth,0.7952925069762802,-4.375079176721641e-07,37939747.8662923,Pauli_rotations,,
B,H4,m5_best,exact_truth,0.799437682896577,-4.465387710705926e-07,37745170.818414696,Pauli_rotations,,
B,H4,m5_best,exact_truth,0.8036044640542671,-4.55754145090026e-07,37551635.4009917,Pauli_rotations,,
B,H4,m5_best,exact_truth,0.8077929630588732,-4.6515775165012485e-07,37359136.703883864,Pauli_rotations,,
B,H4,m5_best,exact_truth,0.8120032931068547,-4.747533695059758e-07,37167669.84819765,Pauli_rotations,,
B,H4,m5_best,exact_truth,0.8162355679846672,-4.845448458024038e-07,36977229.98629685,Pauli_rotations,,
B,H4,m5_best,exact_truth,0.820489902071837,-4.945361169461648e-07,36787812.30628178,Pauli_rotations,,
B,H4,m5_best,exact_truth,0.8247664103440522,-5.04731186845575e-07,36599412.02650505,Pauli_rotations,,
B,H4,m5_best,exact_truth,0.8290652083762708,-5.151341295750456e-07,36412024.39584547,Pauli_rotations,,
B,H4,m5_best,exact_truth,0.8333864123458434,-5.257491160204353e-07,36225644.69943837,Pauli_rotations,,
B,H4,m5_best,exact_truth,0.8377301390356532,-5.365803812384939e-07,36040268.25077378,Pauli_rotations,,
B,H4,m5_best,exact_truth,0.842096505837272,-5.476322502140363e-07,35855890.397211745,Pauli_rotations,,
B,H4,m5_best,exact_truth,0.8464856307541334,-5.589091331970053e-07,35672506.51849294,Pauli_rotations,,
B,H4,m5_best,exact_truth,0.850897632404721,-5.704155250363385e-07,35490112.02618132,Pauli_rotations,,
B,H4,m5_best,exact_truth,0.8553326300257746,-5.821559967422729e-07,35308702.361389816,Pauli_rotations,,
B,H4,m5_best,exact_truth,0.859790743475513,-5.941352207994299e-07,35128273.00003673,Pauli_rotations,,
B,H4,m5_best,exact_truth,0.864272093236872,-6.063579571780053e-07,34948819.4492867,Pauli_rotations,,
B,H4,m5_best,exact_truth,0.8687768004207622,-6.188290511133232e-07,34770337.24667015,Pauli_rotations,,
B,H4,m5_best,exact_truth,0.8733049867693405,-6.315534448742e-07,34592821.96227279,Pauli_rotations,,
B,H4,m5_best,exact_truth,0.8778567746593016,-6.445361722118292e-07,34416269.197098404,Pauli_rotations,,
B,H4,m5_best,exact_truth,0.8824322871051843,-6.577823734588151e-07,34240674.5859307,Pauli_rotations,,
B,H4,m5_best,exact_truth,0.8870316477626964,-6.712972715483545e-07,34066033.791714475,Pauli_rotations,,
B,H4,m5_best,exact_truth,0.8916549809320566,-6.850861988816348e-07,33892342.51096063,Pauli_rotations,,
B,H4,m5_best,exact_truth,0.8963024115613542,-6.991545871137816e-07,33719596.47110383,Pauli_rotations,,
B,H4,m5_best,exact_truth,0.9009740652499245,-7.135079742592865e-07,33547791.431595847,Pauli_rotations,,
B,H4,m5_best,exact_truth,0.9056700682517449,-7.28152000473159e-07,33376923.182578433,Pauli_rotations,,
B,H4,m5_best,exact_truth,0.910390547478846,-7.430924093831948e-07,33206987.544752657,Pauli_rotations,,
B,H4,m5_best,exact_truth,0.9151356305047418,-7.583350616346962e-07,33037980.37179117,Pauli_rotations,,
B,H4,m5_best,exact_truth,0.9199054455678768,-7.738859213457516e-07,32869897.547058582,Pauli_rotations,,
B,H4,m5_best,exact_truth,0.9247001215750927,-7.897510683196884e-07,32702734.98573634,Pauli_rotations,,
B,H4,m5_best,exact_truth,0.929519788105112,-8.059366936041812e-07,32536488.633462094,Pauli_rotations,,
B,H4,m5_best,exact_truth,0.934364575412039,-8.224491145902846e-07,32371154.468994457,Pauli_rotations,,
B,H4,m5_best,exact_truth,0.9392346144288807,-8.392947541402407e-07,32206728.499485042,Pauli_rotations,,
B,H4,m5_best,exact_truth,0.9441300367710855,-8.564801636801178e-07,32043206.764774054,Pauli_rotations,,
B,H4,m5_best,exact_truth,0.9490509747401004,-8.740120129857587e-07,31880585.334854003,Pauli_rotations,,
B,H4,m5_best,exact_truth,0.953997561326945,-8.918971035054568e-07,31718860.31211476,Pauli_rotations,,
B,H4,m5_best,exact_truth,0.9589699302158075,-9.101423503743433e-07,31558027.827281777,Pauli_rotations,,
B,H4,m5_best,exact_truth,0.9639682157876566,-9.287548099479181e-07,31398084.044490963,Pauli_rotations,,
B,H4,m5_best,exact_truth,0.9689925531238736,-9.477416642589276e-07,31239025.15771443,Pauli_rotations,,
B,H4,m5_best,exact_truth,0.9740430780099024,-9.67110229677104e-07,31080847.392036173,Pauli_rotations,,
B,H4,m5_best,exact_truth,0.9791199269389202,-9.868679500257826e-07,30923547.001850944,Pauli_rotations,,
B,H4,m5_best,exact_truth,0.9842232371155256,-1.0070224216729429e-06,30767120.275324464,Pauli_rotations,,
B,H4,m5_best,exact_truth,0.9893531464594465,-1.0275813679960777e-06,30611563.52893001,Pauli_rotations,,
B,H4,m5_best,exact_truth,0.994509793609268,-1.0485526600323425e-06,30456873.111026686,Pauli_rotations,,
B,H4,m5_best,exact_truth,0.9996933179261787,-1.0699443053763247e-06,30303045.3992501,Pauli_rotations,,
B,H4,m5_best,exact_truth,1.0049038594977378,-1.0917644714947272e-06,30150076.804531943,Pauli_rotations,,
B,H4,m5_best,exact_truth,1.0101415591416596,-1.1140214608573729e-06,29997963.765863843,Pauli_rotations,,
B,H4,m5_best,exact_truth,1.0154065584096208,-1.1367237366943783e-06,29846702.754760545,Pauli_rotations,,
B,H4,m5_best,exact_truth,1.0206989995910847,-1.1598799103396118e-06,29696290.272378236,Pauli_rotations,,
B,H4,m5_best,exact_truth,1.0260190257171478,-1.1834987494463434e-06,29546722.850612115,Pauli_rotations,,
B,H4,m5_best,exact_truth,1.0313667805644042,-1.207589180207691e-06,29397997.052044153,Pauli_rotations,,
B,H4,m5_best,exact_truth,1.0367424086588322,-1.2321602904652451e-06,29250109.470053256,Pauli_rotations,,
B,H4,m5_best,exact_truth,1.042146055279699,-1.257221333261782e-06,29103056.729000643,Pauli_rotations,,
B,H4,m5_best,exact_truth,1.0475778664634885,-1.2827817210681047e-06,28956835.482698224,Pauli_rotations,,
B,H4,m5_best,exact_truth,1.0530379890078467,-1.3088510355530047e-06,28811442.415751904,Pauli_rotations,,
B,H4,m5_best,exact_truth,1.05852657047555,-1.335439036465047e-06,28666874.244702034,Pauli_rotations,,
B,H4,m5_best,exact_truth,1.0640437591984917,-1.3625556418705997e-06,28523127.71395685,Pauli_rotations,,
B,H4,m5_best,exact_truth,1.0695897042816926,-1.390210959240079e-06,28380199.600976087,Pauli_rotations,,
B,H4,m5_best,exact_truth,1.0751645556073295,-1.4184152674623363e-06,28238086.7125291,Pauli_rotations,,
B,H4,m5_best,exact_truth,1.0807684638387864,-1.44717902661462e-06,28096785.885996703,Pauli_rotations,,
B,H4,m5_best,exact_truth,1.086401580424725,-1.4765128766303093e-06,27956293.98866774,Pauli_rotations,,
B,H4,m5_best,exact_truth,1.0920640576031793,-1.5064276490672768e-06,27816607.919362232,Pauli_rotations,,
B,H4,m5_best,exact_truth,1.0977560484056694,-1.5369343604465513e-06,27677724.6067742,Pauli_rotations,,
B,H4,m5_best,exact_truth,1.1034777066613368,-1.568044212474362e-06,27539641.009061467,Pauli_rotations,,
B,H4,m5_best,exact_truth,1.1092291870011026,-1.5997686086954843e-06,27402354.11629989,Pauli_rotations,,
B,H4,m5_best,exact_truth,1.1150106448618446,-1.6321191378398936e-06,27265860.94710861,Pauli_rotations,,
B,H4,m5_best,exact_truth,1.120822236490601,-1.6651075993578957e-06,27130158.55262847,Pauli_rotations,,
B,H4,m5_best,exact_truth,1.1266641189487903,-1.6987459834361118e-06,26995244.012592398,Pauli_rotations,,
B,H4,m5_best,exact_truth,1.1325364501164574,-1.7330464860965122e-06,26861114.43748508,Pauli_rotations,,
B,H4,m5_best,exact_truth,1.1384393886965405,-1.768021511860951e-06,26727766.968532126,Pauli_rotations,,
B,H4,m5_best,exact_truth,1.144373094219159,-1.8036836622048469e-06,26595198.77529035,Pauli_rotations,,
B,H4,m5_best,exact_truth,1.1503377270459265,-1.8400457644229817e-06,26463407.060095415,Pauli_rotations,,
B,H4,m5_best,exact_truth,1.1563334483742829,-1.8771208505352632e-06,26332389.0540305,Pauli_rotations,,
B,H4,m5_best,exact_truth,1.1623604202418525,-1.9149221635039737e-06,26202142.017553817,Pauli_rotations,,
B,H4,m5_best,exact_truth,1.1684188055308218,-1.953463175885517e-06,26072663.243169032,Pauli_rotations,,
B,H4,m5_best,exact_truth,1.1745087679723423,-1.9927575627409766e-06,25943950.050480556,Pauli_rotations,,
B,H4,m5_best,exact_truth,1.1806304721509557,-2.0328192418261892e-06,25815999.7924284,Pauli_rotations,,
B,H4,m5_best,exact_truth,1.1867840835090402,-2.0736623396189202e-06,25688809.849237673,Pauli_rotations,,
B,H4,m5_best,exact_truth,1.1929697683512839,-2.1153012166319485e-06,25562377.632176004,Pauli_rotations,,
B,H4,m5_best,exact_truth,1.199187693849178,-2.1577504578651485e-06,25436700.581567835,Pauli_rotations,,
B,H4,m5_best,exact_truth,1.2054380280455343,-2.2010248812431854e-06,25311776.16776275,Pauli_rotations,,
B,H4,m5_best,exact_truth,1.2117209398590283,-2.24513953739347e-06,25187601.890691288,Pauli_rotations,,
B,H4,m5_best,exact_truth,1.2180365990887623,-2.2901097138650073e-06,25064175.280144565,Pauli_rotations,,
B,H4,m5_best,exact_truth,1.224385176418856,-2.335950929799324e-06,24941493.894532755,Pauli_rotations,,
B,H4,m5_best,exact_truth,1.230766843423058,-2.382678950585415e-06,24819555.322840903,Pauli_rotations,,
B,H4,m5_best,exact_truth,1.2371817725693843,-2.430309772316619e-06,24698357.18178218,Pauli_rotations,,
B,H4,m5_best,exact_truth,1.2436301372247773,-2.478859637555786e-06,24577897.11793819,Pauli_rotations,,
B,H4,m5_best,exact_truth,1.250112111659793,-2.5283450355573223e-06,24458172.807421405,Pauli_rotations,,
B,H4,m5_best,exact_truth,1.256627871053309,-2.5787826882783804e-06,24339181.953345545,Pauli_rotations,,
B,H4,m5_best,exact_truth,1.2631775914972605,-2.630189581687148e-06,24220922.290369958,Pauli_rotations,,
B,H4,m5_best,exact_truth,1.2697614500013987,-2.68258292779322e-06,24103391.578468964,Pauli_rotations,,
B,H4,m5_best,exact_truth,1.2763796244980732,-2.7359802037274505e-06,23986587.608675182,Pauli_rotations,,
B,H4,m5_best,exact_truth,1.2830322938470438,-2.7903991219879742e-06,23870508.19818032,Pauli_rotations,,
B,H4,m5_best,exact_truth,1.2897196378403106,-2.8458576513124e-06,23755151.193258114,Pauli_rotations,,
B,H4,m5_best,exact_truth,1.2964418372069761,-2.902374010016473e-06,23640514.467955865,Pauli_rotations,,
B,H4,m5_best,exact_truth,1.303199073618127,-2.9599666577784234e-06,23526595.922594674,Pauli_rotations,,
B,H4,m5_best,exact_truth,1.3099915296917461,-3.01865431651116e-06,23413393.486673616,Pauli_rotations,,
B,H4,m5_best,exact_truth,1.316819388997647,-3.0784559461594085e-06,23300905.114984892,Pauli_rotations,,
B,H4,m5_best,exact_truth,1.3236828360624333,-3.1393907604648774e-06,23189128.789773144,Pauli_rotations,,
B,H4,m5_best,exact_truth,1.3305820563744888,-3.201478218528564e-06,23078062.519270305,Pauli_rotations,,
B,H4,m5_best,exact_truth,1.3375172363889878,-3.2647380312500474e-06,22967704.338467546,Pauli_rotations,,
B,H4,m5_best,exact_truth,1.3444885635329349,-3.329190147782768e-06,22858052.306949522,Pauli_rotations,,
B,H4,m5_best,exact_truth,1.3514962262102312,-3.3948547619733205e-06,22749104.509710364,Pauli_rotations,,
B,H4,m5_best,exact_truth,1.3585404138067654,-3.4617523156921237e-06,22640859.057508092,Pauli_rotations,,
B,H4,m5_best,exact_truth,1.3656213166955309,-3.5299034810698515e-06,22533314.08417088,Pauli_rotations,,
B,H4,m5_best,exact_truth,1.3727391262417725,-3.5993291715996634e-06,22426467.74814068,Pauli_rotations,,
B,H4,m5_best,exact_truth,1.379894034808158,-3.6700505301467956e-06,22320318.230678782,Pauli_rotations,,
B,H4,m5_best,exact_truth,1.3870862357599754,-3.7420889322792306e-06,22214863.736317113,Pauli_rotations,,
B,H4,m5_best,exact_truth,1.3943159234703602,-3.815465974277288e-06,22110102.4911332,Pauli_rotations,,
B,H4,m5_best,exact_truth,1.4015832933255472,-3.890203475132026e-06,22006032.74306252,Pauli_rotations,,
B,H4,m5_best,exact_truth,1.408888541730153,-3.9663234636666544e-06,21902652.76011986,Pauli_rotations,,
B,H4,m5_best,exact_truth,1.4162318661124815,-4.043848183199472e-06,21799960.831141926,Pauli_rotations,,
B,H4,m5_best,exact_truth,1.4236134649298604,-4.1228000742243864e-06,21697955.263453376,Pauli_rotations,,
B,H4,m5_best,exact_truth,1.4310335376740055,-4.20320176841571e-06,21596634.382182393,Pauli_rotations,,
B,H4,m5_best,exact_truth,1.4384922848764112,-4.285076092180873e-06,21495996.53093211,Pauli_rotations,,
B,H4,m5_best,exact_truth,1.4459899081137697,-4.368446038016671e-06,21396040.068006545,Pauli_rotations,,
B,H4,m5_best,exact_truth,1.4535266100134197,-4.4533347736130935e-06,21296763.36793493,Pauli_rotations,,
B,H4,m5_best,exact_truth,1.4611025942588214,-4.539765618538638e-06,21198164.818536215,Pauli_rotations,,
B,H4,m5_best,exact_truth,1.4687180655950622,-4.6277620402435105e-06,21100242.8207059,Pauli_rotations,,
B,H4,m5_best,exact_truth,1.4763732298343892,-4.717347633631519e-06,21002995.785993114,Pauli_rotations,,
B,H4,m5_best,exact_truth,1.4840682938617722,-4.8085461092917114e-06,20906422.13542434,Pauli_rotations,,
B,H4,m5_best,exact_truth,1.491803465640494,-4.90138129327633e-06,20810520.299928036,Pauli_rotations,,
B,H4,m5_best,exact_truth,1.4995789542177713,-4.995877076030553e-06,20715288.713942483,Pauli_rotations,,
B,H4,m5_best,exact_truth,1.5073949697304043,-5.092057432598551e-06,20620725.818719693,Pauli_rotations,,
B,H4,m5_best,exact_truth,1.5152517234104554,-5.189946377104349e-06,20526830.056817394,Pauli_rotations,,
B,H4,m5_best,exact_truth,1.5231494275909585,-5.28956795609048e-06,20433599.871890664,Pauli_rotations,,
B,H4,m5_best,exact_truth,1.5310882957116563,-5.390946212102676e-06,20341033.704574246,Pauli_rotations,,
B,H4,m5_best,exact_truth,1.5390685423247703,-5.494105171477415e-06,20249129.99166173,Pauli_rotations,,
B,H4,m5_best,exact_truth,1.5470903831007972,-5.599068807926599e-06,20157887.162146743,Pauli_rotations,,
B,H4,m5_best,exact_truth,1.5551540348343391,-5.705861023219683e-06,20067303.635603033,Pauli_rotations,,
B,H4,m5_best,exact_truth,1.563259715449962,-5.814505600554298e-06,19977377.817062944,Pauli_rotations,,
B,H4,m5_best,exact_truth,1.571407644008085,-5.925026182129756e-06,19888108.09516281,Pauli_rotations,,
B,H4,m5_best,exact_truth,1.579598040710901,-6.037446230733323e-06,19799492.838278595,Pauli_rotations,,
B,H4,m5_best,exact_truth,1.587831126908327,-6.151788980668371e-06,19711530.38938865,Pauli_rotations,,
B,H4,m5_best,exact_truth,1.5961071251039878,-6.268077401561101e-06,19624219.062711913,Pauli_rotations,,
B,H4,m5_best,exact_truth,1.6044262589612273,-6.386334146402106e-06,19537557.13841603,Pauli_rotations,,
B,H4,m5_best,exact_truth,1.6127887533091547,-6.506581502918607e-06,19451542.857872583,Pauli_rotations,,
B,H4,m5_best,exact_truth,1.6211948341487192,-6.628841330957869e-06,19366174.417247467,Pauli_rotations,,
B,H4,m5_best,exact_truth,1.6296447286588196,-6.753135012083078e-06,19281449.96277579,Pauli_rotations,,
B,H4,m5_best,exact_truth,1.6381386652024423,-6.8794833636420805e-06,19197367.58166632,Pauli_rotations,,
B,H4,m5_best,exact_truth,1.6466768733328339,-7.007906587919166e-06,19113925.297598656,Pauli_rotations,,
B,H4,m5_best,exact_truth,1.6552595837997042,-7.1384241773220225e-06,19031121.060814008,Pauli_rotations,,
B,H4,m5_best,exact_truth,1.6638870285554637,-7.271054832225232e-06,18948952.739981763,Pauli_rotations,,
B,H4,m5_best,exact_truth,1.6725594407614899,-7.405816364158824e-06,18867418.112402808,Pauli_rotations,,
B,H4,m5_best,exact_truth,1.6812770547944313,-7.542725591447308e-06,18786514.85346356,Pauli_rotations,,
B,H4,m5_best,exact_truth,1.6900401062525403,-7.681798229519643e-06,18706240.525626358,Pauli_rotations,,
B,H4,m5_best,exact_truth,1.6988488319620392,-7.82304875523998e-06,18626592.56442245,Pauli_rotations,,
B,H4,m5_best,exact_truth,1.7077034699835232,-7.966490279009975e-06,18547568.26564479,Pauli_rotations,,
B,H4,m5_best,exact_truth,1.7166042596183915,-8.112134383120306e-06,18469164.768634483,Pauli_rotations,,
B,H4,m5_best,exact_truth,1.7255514414153168,-8.259990954773144e-06,18391379.039200593,Pauli_rotations,,
B,H4,m5_best,exact_truth,1.7345452571767441,-8.410067999786719e-06,18314207.850474183,Pauli_rotations,,
B,H4,m5_best,exact_truth,1.7435859499654272,-8.562371430986815e-06,18237647.761006672,Pauli_rotations,,
B,H4,m5_best,exact_truth,1.7526737641109964,-8.716904835059935e-06,18161695.090616435,Pauli_rotations,,
B,H4,m5_best,exact_truth,1.761808945216564,-8.873669208764312e-06,18086345.892925117,Pauli_rotations,,
B,H4,m5_best,exact_truth,1.7709917401653577,-9.032662670938052e-06,18011595.92541188,Pauli_rotations,,
B,H4,m5_best,exact_truth,1.7802223971273963,-9.193880124325204e-06,17937440.61391887,Pauli_rotations,,
B,H4,m5_best,exact_truth,1.7895011655661963,-9.357312880764468e-06,17863875.013320565,Pauli_rotations,,
B,H4,m5_best,exact_truth,1.798828296245512,-9.522948237750128e-06,17790893.762993164,Pauli_rotations,,
B,H4,m5_best,exact_truth,1.8082040412361131,-9.690768989933929e-06,17718491.03522463,Pauli_rotations,,
B,H4,m5_best,exact_truth,1.8176286539225983,-9.860752857582256e-06,17646660.474562723,Pauli_rotations,,
B,H4,m5_best,exact_truth,1.8271023890102422,-1.0032871862630799e-05,17575395.131864775,Pauli_rotations,,
B,H4,m5_best,exact_truth,1.836625502531879,-1.0207091547975722e-05,17504687.380877964,Pauli_rotations,,
B,H4,m5_best,exact_truth,1.8461982518548208,-1.0383370120381485e-05,17434528.82707298,Pauli_rotations,,
B,H4,m5_best,exact_truth,1.8558208956878164,-1.0561657406427116e-05,17364910.195943374,Pauli_rotations,,
B,H4,m5_best,exact_truth,1.8654936940880387,-1.0741893623933407e-05,17295821.20141861,Pauli_rotations,,
B,H4,m5_best,exact_truth,1.8752169084681158,-1.0924007928680979e-05,17227250.390070744,Pauli_rotations,,
B,H4,m5_best,exact_truth,1.8849908016031949,-1.1107916633168458e-05,17159184.949586663,Pauli_rotations,,
B,H4,m5_best,exact_truth,1.8948156376380447,-1.129352108031334e-05,17091610.480169605,Pauli_rotations,,
B,H4,m5_best,exact_truth,1.9046916820941928,-1.1480705004007774e-05,17024510.710178617,Pauli_rotations,,
B,H4,m5_best,exact_truth,1.9146192018771018,-1.166933127105807e-05,16957867.144906525,Pauli_rotations,,
B,H4,m5_best,exact_truth,1.9245984652833843,-1.1859237800893041e-05,16891658.626402672,Pauli_rotations,,
B,H4,m5_best,exact_truth,1.934629742008051,-1.2050232380600434e-05,16825860.7737315,Pauli_rotations,,
B,H4,m5_best,exact_truth,1.9447133031518016,-1.2242086016467368e-05,16760445.265041009,Pauli_rotations,,
B,H4,m5_best,exact_truth,1.9548494212283496,-1.2434524262250335e-05,16695378.900868768,Pauli_rotations,,
B,H4,m5_best,exact_truth,1.96503837017179,-1.2627215762339716e-05,16630622.366618153,Pauli_rotations,,
B,H4,m5_best,exact_truth,1.975280425343999,-1.2819756838089447e-05,16566128.567767559,Pauli_rotations,,
B,H4,m5_best,exact_truth,1.9855758635420775,-1.3011650376704154e-05,16501840.350327425,Pauli_rotations,,
B,H4,m5_best,exact_truth,1.9959249630058338,-1.320227636569804e-05,16437687.320757588,Pauli_rotations,,
B,H4,m5_best,exact_truth,2.0063280034252977,-1.339084976281768e-05,16373581.301681437,Pauli_rotations,,
B,H4,m5_best,exact_truth,2.016785265948285,-1.3576358791622667e-05,16309409.681651035,Pauli_rotations,,
B,H4,m5_best,exact_truth,2.0272970331879927,-1.3757471947206668e-05,16245025.402677882,Pauli_rotations,,
B,H4,m5_best,exact_truth,2.0378635892306374,-1.3932393218896166e-05,16180231.391646571,Pauli_rotations,,
B,H4,m5_best,exact_truth,2.048485219643132,-1.4098628019709736e-05,16114755.427459612,Pauli_rotations,,
B,H4,m5_best,exact_truth,2.0591622114808055,-1.4252587646312875e-05,16048207.749091823,Pauli_rotations,,
B,H4,m5_best,exact_truth,2.0698948532951587,-1.4388884514549005e-05,15980005.694732824,Pauli_rotations,,
B,H4,m5_best,exact_truth,2.0806834351416637,-1.449899231298346e-05,15909230.840895968,Pauli_rotations,,
B,H4,m5_best,exact_truth,2.091528248587601,-1.4568482881172073e-05,15834335.46878463,Pauli_rotations,,
B,H4,m5_best,exact_truth,2.1024295867199423,-1.4570691617921128e-05,15752472.924034461,Pauli_rotations,,
B,H4,m5_best,exact_truth,2.113387744153269,-1.4449937039362482e-05,15657735.965470694,Pauli_rotations,,
B,H4,m5_best,exact_truth,2.124403017037735,-1.40665583299171e-05,15535447.735883834,Pauli_rotations,,
B,H4,m5_best,exact_truth,2.135475703067069,-1.2940428339547339e-05,15336029.27281358,Pauli_rotations,,
B,H4,m5_best,exact_truth,2.1466061014866242,-7.57761540293167e-06,14717463.430879032,Pauli_rotations,,
B,H4,m5_best,exact_truth,2.1577945131014595,-3.281616123529396e-05,17561257.10947166,Pauli_rotations,,
B,H4,m5_best,exact_truth,2.1690412402844728,-2.1396636641135558e-05,16024154.025098238,Pauli_rotations,,
B,H4,m5_best,exact_truth,2.1803465869845713,-1.980515953659001e-05,15759275.756694118,Pauli_rotations,,
B,H4,m5_best,exact_truth,2.191710858734889,-1.927757971209587e-05,15618517.119209375,Pauli_rotations,,
B,H4,m5_best,exact_truth,2.203134362661039,-1.907737358330941e-05,15515358.733599259,Pauli_rotations,,
B,H4,m5_best,exact_truth,2.2146174074894156,-1.9015661215204815e-05,15428122.766928626,Pauli_rotations,,
B,H4,m5_best,exact_truth,2.2261603035555413,-1.9020547317394332e-05,15348660.548997054,Pauli_rotations,,
B,H4,m5_best,exact_truth,2.237763362812447,-1.905702047566571e-05,15273045.334889226,Pauli_rotations,,
B,H4,m5_best,exact_truth,2.2494268988391095,-1.9103859738356377e-05,15198926.911375703,Pauli_rotations,,
B,H4,m5_best,exact_truth,2.261151226848922,-1.9144515276403595e-05,15124502.819474598,Pauli_rotations,,
B,H4,m5_best,exact_truth,2.2729366636982133,-1.9161583580507013e-05,15047912.309239976,Pauli_rotations,,
B,H4,m5_best,exact_truth,2.284783527894814,-1.913025989330741e-05,14966543.276634863,Pauli_rotations,,
B,H4,m5_best,exact_truth,2.2966921396066584,-1.9004006817313623e-05,14875547.132106645,Pauli_rotations,,
B,H4,m5_best,exact_truth,2.3086628206704454,-1.8667467244437574e-05,14763017.58998928,Pauli_rotations,,
B,H4,m5_best,exact_truth,2.320695894600329,-1.769539010409993e-05,14585693.740493555,Pauli_rotations,,
B,H4,m5_best,exact_truth,2.3327916865966642,-1.1829222237746961e-05,13933111.246635554,Pauli_rotations,,
B,H4,m5_best,exact_truth,2.3449505235547963,-2.7171500675882143e-05,15469608.965621978,Pauli_rotations,,
B,H4,m5_best,exact_truth,2.3571727340738966,-2.291945510601856e-05,14909800.729288753,Pauli_rotations,,
B,H4,m5_best,exact_truth,2.3694586484658386,-2.1991416865763114e-05,14732285.980257025,Pauli_rotations,,
B,H4,m5_best,exact_truth,2.3818085987641284,-2.155743912712893e-05,14609741.987587478,Pauli_rotations,,
B,H4,m5_best,exact_truth,2.3942229187328783,-2.1262324276349887e-05,14502929.658416547,Pauli_rotations,,
B,H4,m5_best,exact_truth,2.4067019438758255,-2.0999328816939666e-05,14400306.132420005,Pauli_rotations,,
B,H4,m5_best,exact_truth,2.419246011445399,-2.0718875018532756e-05,14296659.907945491,Pauli_rotations,,
B,H4,m5_best,exact_truth,2.4318554604518337,-2.038825064110128e-05,14188693.609422674,Pauli_rotations,,
B,H4,m5_best,exact_truth,2.444530631672337,-1.997844181134134e-05,14073622.40888917,Pauli_rotations,,
B,H4,m5_best,exact_truth,2.457271867660291,-1.9457601184269535e-05,13948526.254181704,Pauli_rotations,,
B,H4,m5_best,exact_truth,2.470079512754515,-1.8785715013125426e-05,13809879.125039276,Pauli_rotations,,
B,H4,m5_best,exact_truth,2.4829539130885725,-1.7907939532824102e-05,13653020.98452103,Pauli_rotations,,
B,H4,m5_best,exact_truth,2.4958954166001206,-1.67440029625876e-05,13471379.432585452,Pauli_rotations,,
B,H4,m5_best,exact_truth,2.5089043730403184,-1.5169003030779393e-05,13255143.743786607,Pauli_rotations,,
B,H4,m5_best,exact_truth,2.5219811339832754,-1.2975007043003473e-05,12988778.349525662,Pauli_rotations,,
B,H4,m5_best,exact_truth,2.535126052835557,-9.785722157040766e-06,12645913.966302704,Pauli_rotations,,
B,H4,m5_best,exact_truth,2.5483394848457297,-4.839500652886741e-06,12177645.032686649,Pauli_rotations,,
B,H4,m5_best,exact_truth,2.561621787113968,3.6788988877489714e-06,12024189.003933867,Pauli_rotations,,
B,H4,m5_best,exact_truth,2.5749733186017023,2.143080538030695e-05,13501367.535569565,Pauli_rotations,,
B,H4,m5_best,exact_truth,2.588394440141318,7.943519622499728e-05,23178996.675552767,Pauli_rotations,,
B,H4,m5_best,exact_truth,2.6290789816648297,-7.568551599512752e-05,21797666.144713793,Pauli_rotations,,
B,H4,m5_best,exact_truth,2.642782109497368,-6.115637493131487e-05,18476419.015937056,Pauli_rotations,,
B,H4,m5_best,exact_truth,2.6565566599511747,-5.3588314349317656e-05,17065466.907201737,Pauli_rotations,,
B,H4,m5_best,exact_truth,2.670403005290956,-4.888009811221394e-05,16253488.84469864,Pauli_rotations,,
B,H4,m5_best,exact_truth,2.684321519721711,-4.5597914915873616e-05,15702710.001780301,Pauli_rotations,,
B,H4,m5_best,exact_truth,2.698312579398848,-4.3105798913423143e-05,15286419.49602724,Pauli_rotations,,
B,H4,m5_best,exact_truth,2.7123765624383505,-4.107184682133891e-05,14945672.240187524,Pauli_rotations,,
B,H4,m5_best,exact_truth,2.726513848926996,-3.932092695091427e-05,14651306.294126553,Pauli_rotations,,
B,H4,m5_best,exact_truth,2.7407248209326274,-3.770266788527543e-05,14381459.675781999,Pauli_rotations,,
B,H4,m5_best,exact_truth,2.755009862514477,-3.614398393914087e-05,14125907.859219348,Pauli_rotations,,
B,H4,m5_best,exact_truth,2.76936935973355,-3.457331655143392e-05,13875785.09440441,Pauli_rotations,,
B,H4,m5_best,exact_truth,2.7838037006630536,-3.292937883681013e-05,13624350.60390894,Pauli_rotations,,
B,H4,m5_best,exact_truth,2.7983132753988884,-3.1152755680663446e-05,13365887.232335567,Pauli_rotations,,
B,H4,m5_best,exact_truth,2.8128984760701883,-2.9180096194458827e-05,13095096.028238496,Pauli_rotations,,
B,H4,m5_best,exact_truth,2.827559696849921,-2.6938295454970174e-05,12806655.748534547,Pauli_rotations,,
B,H4,m5_best,exact_truth,2.842297333965536,-2.4337388650819136e-05,12494839.506095026,Pauli_rotations,,
B,H4,m5_best,exact_truth,2.857111785709677,-2.1260608935813607e-05,12153117.512306772,Pauli_rotations,,
B,H4,m5_best,exact_truth,2.8720034524509477,-1.7549131583693978e-05,11773679.792622838,Pauli_rotations,,
B,H4,m5_best,exact_truth,2.8869727366447244,-1.2976967918243432e-05,11346796.711287292,Pauli_rotations,,
B,H4,m5_best,exact_truth,2.9020200428440397,-7.206927992831069e-06,10859893.43391655,Pauli_rotations,,
B,H4,m5_best,exact_truth,2.9171457777105125,2.9208074070474765e-07,10333940.699143484,Pauli_rotations,,
B,H4,m5_best,exact_truth,2.93235035002534,1.0413469807790676e-05,10978940.915091455,Pauli_rotations,,
B,H4,m5_best,exact_truth,2.9476341707003435,2.4793048315929767e-05,12089120.198630929,Pauli_rotations,,
B,H4,m5_best,exact_truth,2.9629976527890727,4.679370237936631e-05,14376957.758254042,Pauli_rotations,,
B,H4,m5_best,exact_truth,2.978441211497974,8.46173338129308e-05,21540166.114092924,Pauli_rotations,,
B,H4,m5_best,exact_truth,3.0888236024852174,-0.0001311535034500544,55038211.701190494,Pauli_rotations,,
B,H4,m5_best,exact_truth,3.1049229836647867,-0.00010757804190753006,29824786.193993356,Pauli_rotations,,
B,H4,m5_best,exact_truth,3.121106277073645,-8.391034726273894e-05,20362957.95470833,Pauli_rotations,,
B,H4,m5_best,exact_truth,3.1373739200740816,-4.6595299223683995e-05,13553992.231942663,Pauli_rotations,,
B,H4,m5_best,exact_truth,3.1537263523079826,0.00011900679361320776,37679450.461057134,Pauli_rotations,,
B,H4,m5_best,exact_truth,3.2032968152731485,-0.0001320188379336784,54751044.96626092,Pauli_rotations,,
B,H4,m5_best,exact_truth,3.219992846868766,-0.0001178050098855632,35836742.71574484,Pauli_rotations,,
B,H4,m5_best,exact_truth,3.2367759005191967,-0.00010836371423139646,29050623.690568864,Pauli_rotations,,
B,H4,m5_best,exact_truth,3.2536464297955767,-0.00010115153896173013,25319211.432081018,Pauli_rotations,,
B,H4,m5_best,exact_truth,3.2706048906331198,-9.5100578697771e-05,22816118.54966915,Pauli_rotations,,
B,H4,m5_best,exact_truth,3.287651741343436,-8.937095258332306e-05,20839666.898628663,Pauli_rotations,,
B,H4,m5_best,exact_truth,3.3047874426269193,-8.504294978761706e-05,19524263.977745473,Pauli_rotations,,
B,H4,m5_best,exact_truth,3.322012457585202,-8.006302077445682e-05,18203243.123618852,Pauli_rotations,,
B,H4,m5_best,exact_truth,3.339327251733664,-7.51365391316039e-05,17049616.236018177,Pauli_rotations,,
B,H4,m5_best,exact_truth,3.3567322930140167,-7.00669043587343e-05,15998235.661101174,Pauli_rotations,,
B,H4,m5_best,exact_truth,3.3742280518069503,-6.472260708667577e-05,15016526.2427387,Pauli_rotations,,
B,H4,m5_best,exact_truth,3.3918150009448444,-5.897921929709504e-05,14083933.17676675,Pauli_rotations,,
B,H4,m5_best,exact_truth,3.409493615724548,-5.2705716226730814e-05,13186772.04974597,Pauli_rotations,,
B,H4,m5_best,exact_truth,3.4272643739202215,-4.575495927117146e-05,12315767.408050597,Pauli_rotations,,
B,H4,m5_best,exact_truth,3.445127755796255,-3.795377961024471e-05,11464639.912336113,Pauli_rotations,,
B,H4,m5_best,exact_truth,3.4630842441202416,-2.9090630662587103e-05,10629218.24934539,Pauli_rotations,,
B,H4,m5_best,exact_truth,3.481134324176025,-1.8898680280932112e-05,9806841.767917993,Pauli_rotations,,
B,H4,m5_best,exact_truth,3.4992784837768185,-7.031202667207026e-06,8995932.267441722,Pauli_rotations,,
B,H4,m5_best,exact_truth,3.5175172132783867,6.975989149005102e-06,8946044.72065897,Pauli_rotations,,
B,H4,m5_best,exact_truth,3.5358510055922965,2.3764519351043845e-05,10001554.865749937,Pauli_rotations,,
B,H4,m5_best,exact_truth,3.554280356199236,4.425385264528181e-05,11720779.281394511,Pauli_rotations,,
B,H4,m5_best,exact_truth,3.572805763162414,6.981873476141764e-05,14989047.74904266,Pauli_rotations,,
B,H4,m5_best,exact_truth,3.5914277271410087,0.00010262377186442961,23533095.437492747,Pauli_rotations,,
B,H4,m5_best,exact_truth,3.6101467514037076,0.00014630700177953315,101758629.98000577,Pauli_rotations,,
C,lambda_1,yoshida4,controlled_q0.001_phi0.000000000000,0.05,4.440892098500626e-16,1054216.800002942,expanded group exponentials for two groups; not a molecular Pauli-rotation count,3.3377767574484735e-19,1054216.8000000063
C,lambda_1,yoshida4,controlled_q0.001_phi1.570796326795,0.05,4.440892098500626e-16,1054216.800002942,expanded group exponentials for two groups; not a molecular Pauli-rotation count,2.905623122245731e-19,1054216.8000000063
C,lambda_1,yoshida4,controlled_q0.001_phi3.141592653590,0.05,4.440892098500626e-16,1054216.800002942,expanded group exponentials for two groups; not a molecular Pauli-rotation count,2.9548145036467816e-19,1054216.8000000063
C,lambda_1,yoshida4,controlled_q0.001_phi4.712388980385,0.05,4.440892098500626e-16,1054216.800002942,expanded group exponentials for two groups; not a molecular Pauli-rotation count,3.3612291045513897e-19,1054216.8000000063
C,lambda_1,yoshida4,controlled_q0.010_phi0.000000000000,0.05,4.440892098500626e-16,1054216.800002942,expanded group exponentials for two groups; not a molecular Pauli-rotation count,3.6923315827905624e-19,1054216.8000000068
C,lambda_1,yoshida4,controlled_q0.010_phi1.570796326795,0.05,4.440892098500626e-16,1054216.800002942,expanded group exponentials for two groups; not a molecular Pauli-rotation count,2.328515760952209e-19,1054216.8000000059
C,lambda_1,yoshida4,controlled_q0.010_phi3.141592653590,0.05,4.440892098500626e-16,1054216.800002942,expanded group exponentials for two groups; not a molecular Pauli-rotation count,2.4867660483450624e-19,1054216.8000000059
C,lambda_1,yoshida4,controlled_q0.010_phi4.712388980385,0.05,4.440892098500626e-16,1054216.800002942,expanded group exponentials for two groups; not a molecular Pauli-rotation count,3.9316479304778097e-19,1054216.800000007
C,lambda_1,yoshida4,controlled_q0.050_phi0.000000000000,0.05,4.440892098500626e-16,1054216.800002942,expanded group exponentials for two groups; not a molecular Pauli-rotation count,4.157693684738624e-19,1054216.800000007
C,lambda_1,yoshida4,controlled_q0.050_phi1.570796326795,0.05,4.440892098500626e-16,1054216.800002942,expanded group exponentials for two groups; not a molecular Pauli-rotation count,1.4379605918755693e-19,1054216.8000000052
C,lambda_1,yoshida4,controlled_q0.050_phi3.141592653590,0.05,4.440892098500626e-16,1054216.800002942,expanded group exponentials for two groups; not a molecular Pauli-rotation count,1.5169878132430664e-19,1054216.8000000054
C,lambda_1,yoshida4,controlled_q0.050_phi4.712388980385,0.05,4.440892098500626e-16,1054216.800002942,expanded group exponentials for two groups; not a molecular Pauli-rotation count,3.8813978329286164e-19,1054216.8000000068
C,lambda_1,yoshida4,controlled_q0.001_phi0.000000000000,0.08,0.0,658885.5000000027,expanded group exponentials for two groups; not a molecular Pauli-rotation count,2.1182069516237445e-18,658885.5000000114
C,lambda_1,yoshida4,controlled_q0.001_phi1.570796326795,0.08,0.0,658885.5000000027,expanded group exponentials for two groups; not a molecular Pauli-rotation count,1.8422236035160715e-18,658885.5000000102
C,lambda_1,yoshida4,controlled_q0.001_phi3.141592653590,0.08,0.0,658885.5000000027,expanded group exponentials for two groups; not a molecular Pauli-rotation count,1.8734432756691645e-18,658885.5000000105
C,lambda_1,yoshida4,controlled_q0.001_phi4.712388980385,0.08,0.0,658885.5000000027,expanded group exponentials for two groups; not a molecular Pauli-rotation count,2.1327432106664765e-18,658885.5000000115
C,lambda_1,yoshida4,controlled_q0.010_phi0.000000000000,0.08,0.0,658885.5000000027,expanded group exponentials for two groups; not a molecular Pauli-rotation count,2.3450864087388435e-18,658885.5000000125
C,lambda_1,yoshida4,controlled_q0.010_phi1.570796326795,0.08,0.0,658885.5000000027,expanded group exponentials for two groups; not a molecular Pauli-rotation count,1.4735711599942529e-18,658885.5000000087
C,lambda_1,yoshida4,controlled_q0.010_phi3.141592653590,0.08,0.0,658885.5000000027,expanded group exponentials for two groups; not a molecular Pauli-rotation count,1.5745701270798474e-18,658885.5000000091
C,lambda_1,yoshida4,controlled_q0.010_phi4.712388980385,0.08,0.0,658885.5000000027,expanded group exponentials for two groups; not a molecular Pauli-rotation count,2.4974968642606292e-18,658885.500000013
C,lambda_1,yoshida4,controlled_q0.050_phi0.000000000000,0.08,0.0,658885.5000000027,expanded group exponentials for two groups; not a molecular Pauli-rotation count,2.643722943246256e-18,658885.5000000137
C,lambda_1,yoshida4,controlled_q0.050_phi1.570796326795,0.08,0.0,658885.5000000027,expanded group exponentials for two groups; not a molecular Pauli-rotation count,9.085969737854685e-19,658885.5000000065
C,lambda_1,yoshida4,controlled_q0.050_phi3.141592653590,0.08,0.0,658885.5000000027,expanded group exponentials for two groups; not a molecular Pauli-rotation count,9.559616304647825e-19,658885.5000000066
C,lambda_1,yoshida4,controlled_q0.050_phi4.712388980385,0.08,0.0,658885.5000000027,expanded group exponentials for two groups; not a molecular Pauli-rotation count,2.4644999660451697e-18,658885.5000000129
C,lambda_1,yoshida4,controlled_q0.001_phi0.000000000000,0.12,2.220446049250313e-16,439257.0000006138,expanded group exponentials for two groups; not a molecular Pauli-rotation count,1.0004408288088462e-17,439257.00000002934
C,lambda_1,yoshida4,controlled_q0.001_phi1.570796326795,0.12,2.220446049250313e-16,439257.0000006138,expanded group exponentials for two groups; not a molecular Pauli-rotation count,8.6823530394424e-18,439257.0000000257
C,lambda_1,yoshida4,controlled_q0.001_phi3.141592653590,0.12,2.220446049250313e-16,439257.0000006138,expanded group exponentials for two groups; not a molecular Pauli-rotation count,8.829827025036174e-18,439257.0000000262
C,lambda_1,yoshida4,controlled_q0.001_phi4.712388980385,0.12,2.220446049250313e-16,439257.0000006138,expanded group exponentials for two groups; not a molecular Pauli-rotation count,1.0069342822117234e-17,439257.0000000295
C,lambda_1,yoshida4,controlled_q0.010_phi0.000000000000,0.12,2.220446049250313e-16,439257.0000006138,expanded group exponentials for two groups; not a molecular Pauli-rotation count,1.1096061302437687e-17,439257.00000003236
C,lambda_1,yoshida4,controlled_q0.010_phi1.570796326795,0.12,2.220446049250313e-16,439257.0000006138,expanded group exponentials for two groups; not a molecular Pauli-rotation count,6.915333579858816e-18,439257.0000000209
C,lambda_1,yoshida4,controlled_q0.010_phi3.141592653590,0.12,2.220446049250313e-16,439257.0000006138,expanded group exponentials for two groups; not a molecular Pauli-rotation count,7.398478383796934e-18,439257.0000000222
C,lambda_1,yoshida4,controlled_q0.010_phi4.712388980385,0.12,2.220446049250313e-16,439257.0000006138,expanded group exponentials for two groups; not a molecular Pauli-rotation count,1.1821657131724316e-17,439257.0000000344
C,lambda_1,yoshida4,controlled_q0.050_phi0.000000000000,0.12,2.220446049250313e-16,439257.0000006138,expanded group exponentials for two groups; not a molecular Pauli-rotation count,1.2542037350349829e-17,439257.0000000364
C,lambda_1,yoshida4,controlled_q0.050_phi1.570796326795,0.12,2.220446049250313e-16,439257.0000006138,expanded group exponentials for two groups; not a molecular Pauli-rotation count,4.24892919822554e-18,439257.00000001356
C,lambda_1,yoshida4,controlled_q0.050_phi3.141592653590,0.12,2.220446049250313e-16,439257.0000006138,expanded group exponentials for two groups; not a molecular Pauli-rotation count,4.442743994151338e-18,439257.000000014
C,lambda_1,yoshida4,controlled_q0.050_phi4.712388980385,0.12,2.220446049250313e-16,439257.0000006138,expanded group exponentials for two groups; not a molecular Pauli-rotation count,1.1653935393850188e-17,439257.00000003394
C,lambda_1,yoshida4,controlled_q0.001_phi0.000000000000,0.18,-4.440892098500626e-16,292838.00000081724,expanded group exponentials for two groups; not a molecular Pauli-rotation count,4.2457293507113195e-17,292838.0000000792
C,lambda_1,yoshida4,controlled_q0.001_phi1.570796326795,0.18,-4.440892098500626e-16,292838.00000081724,expanded group exponentials for two groups; not a molecular Pauli-rotation count,3.6619943793462004e-17,292838.0000000685
C,lambda_1,yoshida4,controlled_q0.001_phi3.141592653590,0.18,-4.440892098500626e-16,292838.00000081724,expanded group exponentials for two groups; not a molecular Pauli-rotation count,3.7246068098457974e-17,292838.0000000696
C,lambda_1,yoshida4,controlled_q0.001_phi4.712388980385,0.18,-4.440892098500626e-16,292838.00000081724,expanded group exponentials for two groups; not a molecular Pauli-rotation count,4.268743556678359e-17,292838.0000000797
C,lambda_1,yoshida4,controlled_q0.010_phi0.000000000000,0.18,-4.440892098500626e-16,292838.00000081724,expanded group exponentials for two groups; not a molecular Pauli-rotation count,4.7335384251806854e-17,292838.0000000882
C,lambda_1,yoshida4,controlled_q0.010_phi1.570796326795,0.18,-4.440892098500626e-16,292838.00000081724,expanded group exponentials for two groups; not a molecular Pauli-rotation count,2.8805309303672565e-17,292838.00000005413
C,lambda_1,yoshida4,controlled_q0.010_phi3.141592653590,0.18,-4.440892098500626e-16,292838.00000081724,expanded group exponentials for two groups; not a molecular Pauli-rotation count,3.093044177370396e-17,292838.00000005803
C,lambda_1,yoshida4,controlled_q0.010_phi4.712388980385,0.18,-4.440892098500626e-16,292838.00000081724,expanded group exponentials for two groups; not a molecular Pauli-rotation count,5.048494825934122e-17,292838.000000094
C,lambda_1,yoshida4,controlled_q0.050_phi0.000000000000,0.18,-4.440892098500626e-16,292838.00000081724,expanded group exponentials for two groups; not a molecular Pauli-rotation count,5.3905321487251694e-17,292838.0000001003
C,lambda_1,yoshida4,controlled_q0.050_phi1.570796326795,0.18,-4.440892098500626e-16,292838.00000081724,expanded group exponentials for two groups; not a molecular Pauli-rotation count,1.751388322914627e-17,292838.0000000334
C,lambda_1,yoshida4,controlled_q0.050_phi3.141592653590,0.18,-4.440892098500626e-16,292838.00000081724,expanded group exponentials for two groups; not a molecular Pauli-rotation count,1.797145751576837e-17,292838.0000000342
C,lambda_1,yoshida4,controlled_q0.050_phi4.712388980385,0.18,-4.440892098500626e-16,292838.00000081724,expanded group exponentials for two groups; not a molecular Pauli-rotation count,4.9628168965416776e-17,292838.0000000924
C,lambda_1,yoshida4,controlled_q0.001_phi0.000000000000,0.27,0.0,195225.33333333413,expanded group exponentials for two groups; not a molecular Pauli-rotation count,1.2165056250440188e-16,195225.33333348314
C,lambda_1,yoshida4,controlled_q0.001_phi1.570796326795,0.27,0.0,195225.33333333413,expanded group exponentials for two groups; not a molecular Pauli-rotation count,1.0184428555294284e-16,195225.3333334589
C,lambda_1,yoshida4,controlled_q0.001_phi3.141592653590,0.27,0.0,195225.33333333413,expanded group exponentials for two groups; not a molecular Pauli-rotation count,1.0364189386861224e-16,195225.3333334611
C,lambda_1,yoshida4,controlled_q0.001_phi4.712388980385,0.27,0.0,195225.33333333413,expanded group exponentials for two groups; not a molecular Pauli-rotation count,1.2169266613864195e-16,195225.3333334832
C,lambda_1,yoshida4,controlled_q0.010_phi0.000000000000,0.27,0.0,195225.33333333413,expanded group exponentials for two groups; not a molecular Pauli-rotation count,1.3896018557304575e-16,195225.33333350436
C,lambda_1,yoshida4,controlled_q0.010_phi1.570796326795,0.27,0.0,195225.33333333413,expanded group exponentials for two groups; not a molecular Pauli-rotation count,7.516437362421105e-17,195225.3333334262
C,lambda_1,yoshida4,controlled_q0.010_phi3.141592653590,0.27,0.0,195225.33333333413,expanded group exponentials for two groups; not a molecular Pauli-rotation count,8.226887980326093e-17,195225.33333343492
C,lambda_1,yoshida4,controlled_q0.010_phi4.712388980385,0.27,0.0,195225.33333333413,expanded group exponentials for two groups; not a molecular Pauli-rotation count,1.4893884404510916e-16,195225.33333351658
C,lambda_1,yoshida4,controlled_q0.050_phi0.000000000000,0.27,0.0,195225.33333333413,expanded group exponentials for two groups; not a molecular Pauli-rotation count,1.6367391886368123e-16,195225.33333353465
C,lambda_1,yoshida4,controlled_q0.050_phi1.570796326795,0.27,0.0,195225.33333333413,expanded group exponentials for two groups; not a molecular Pauli-rotation count,4.3143441815074643e-17,195225.33333338698
C,lambda_1,yoshida4,controlled_q0.050_phi3.141592653590,0.27,0.0,195225.33333333413,expanded group exponentials for two groups; not a molecular Pauli-rotation count,3.9495630971702234e-17,195225.3333333825
C,lambda_1,yoshida4,controlled_q0.050_phi4.712388980385,0.27,0.0,195225.33333333413,expanded group exponentials for two groups; not a molecular Pauli-rotation count,1.445138277909004e-16,195225.33333351117
C,lambda_1,yoshida4,controlled_q0.001_phi0.000000000000,0.4,-6.661338147750939e-16,131777.10000055138,expanded group exponentials for two groups; not a molecular Pauli-rotation count,-3.804510955474447e-16,131777.10000031514
C,lambda_1,yoshida4,controlled_q0.001_phi1.570796326795,0.4,-6.661338147750939e-16,131777.10000055138,expanded group exponentials for two groups; not a molecular Pauli-rotation count,-3.749011002059148e-16,131777.10000031054
C,lambda_1,yoshida4,controlled_q0.001_phi3.141592653590,0.4,-6.661338147750939e-16,131777.10000055138,expanded group exponentials for two groups; not a molecular Pauli-rotation count,-3.804569050954447e-16,131777.10000031514
C,lambda_1,yoshida4,controlled_q0.001_phi4.712388980385,0.4,-6.661338147750939e-16,131777.10000055138,expanded group exponentials for two groups; not a molecular Pauli-rotation count,-3.9188214668291087e-16,131777.10000032457
C,lambda_1,yoshida4,controlled_q0.010_phi0.000000000000,0.4,-6.661338147750939e-16,131777.10000055138,expanded group exponentials for two groups; not a molecular Pauli-rotation count,-3.7358296029278485e-16,131777.10000030947
C,lambda_1,yoshida4,controlled_q0.010_phi1.570796326795,0.4,-6.661338147750939e-16,131777.10000055138,expanded group exponentials for two groups; not a molecular Pauli-rotation count,-3.6997012601002393e-16,131777.10000030644
C,lambda_1,yoshida4,controlled_q0.010_phi3.141592653590,0.4,-6.661338147750939e-16,131777.10000055138,expanded group exponentials for two groups; not a molecular Pauli-rotation count,-3.736012487553429e-16,131777.10000030947
C,lambda_1,yoshida4,controlled_q0.010_phi4.712388980385,0.4,-6.661338147750939e-16,131777.10000055138,expanded group exponentials for two groups; not a molecular Pauli-rotation count,-3.8732103724775557e-16,131777.10000032082
C,lambda_1,yoshida4,controlled_q0.050_phi0.000000000000,0.4,-6.661338147750939e-16,131777.10000055138,expanded group exponentials for two groups; not a molecular Pauli-rotation count,-3.4307476007842145e-16,131777.1000002842
C,lambda_1,yoshida4,controlled_q0.050_phi1.570796326795,0.4,-6.661338147750939e-16,131777.10000055138,expanded group exponentials for two groups; not a molecular Pauli-rotation count,-2.6375469953434836e-16,131777.10000021866
C,lambda_1,yoshida4,controlled_q0.050_phi3.141592653590,0.4,-6.661338147750939e-16,131777.10000055138,expanded group exponentials for two groups; not a molecular Pauli-rotation count,-3.4311481965965423e-16,131777.10000028426
C,lambda_1,yoshida4,controlled_q0.050_phi4.712388980385,0.4,-6.661338147750939e-16,131777.10000055138,expanded group exponentials for two groups; not a molecular Pauli-rotation count,-4.0954395797076184e-16,131777.1000003392
C,lambda_1.772983346207417,yoshida4,controlled_q0.001_phi0.000000000000,0.05,-8.797657224945965e-08,1054799.114285569,expanded group exponentials for two groups; not a molecular Pauli-rotation count,-1.225583156309695e-07,1055028.18597604
C,lambda_1.772983346207417,yoshida4,controlled_q0.001_phi1.570796326795,0.05,-8.797657224945965e-08,1054799.114285569,expanded group exponentials for two groups; not a molecular Pauli-rotation count,-7.607654973055675e-08,1054720.3107745973
C,lambda_1.772983346207417,yoshida4,controlled_q0.001_phi3.141592653590,0.05,-8.797657224945965e-08,1054799.114285569,expanded group exponentials for two groups; not a molecular Pauli-rotation count,-4.8014714055309324e-08,1054534.5282291323
C,lambda_1.772983346207417,yoshida4,controlled_q0.001_phi4.712388980385,0.05,-8.797657224945965e-08,1054799.114285569,expanded group exponentials for two groups; not a molecular Pauli-rotation count,-9.44964799556973e-08,1054842.2949636274
C,lambda_1.772983346207417,yoshida4,controlled_q0.010_phi0.000000000000,0.05,-8.797657224945965e-08,1054799.114285569,expanded group exponentials for two groups; not a molecular Pauli-rotation count,-2.0107994497475668e-07,1055548.6879173024
C,lambda_1.772983346207417,yoshida4,controlled_q0.010_phi1.570796326795,0.05,-8.797657224945965e-08,1054799.114285569,expanded group exponentials for two groups; not a molecular Pauli-rotation count,-5.4755302288963463e-08,1054579.1481196536
C,lambda_1.772983346207417,yoshida4,controlled_q0.010_phi3.141592653590,0.05,-8.797657224945965e-08,1054799.114285569,expanded group exponentials for two groups; not a molecular Pauli-rotation count,3.358338275776936e-08,1054439.01151263
C,lambda_1.772983346207417,yoshida4,controlled_q0.010_phi4.712388980385,0.05,-8.797657224945965e-08,1054799.114285569,expanded group exponentials for two groups; not a molecular Pauli-rotation count,-1.1274125992802964e-07,1054963.1470555053
C,lambda_1.772983346207417,yoshida4,controlled_q0.050_phi0.000000000000,0.05,-8.797657224945965e-08,1054799.114285569,expanded group exponentials for two groups; not a molecular Pauli-rotation count,-3.339183817905508e-07,1056430.4139037966
C,lambda_1.772983346207417,yoshida4,controlled_q0.050_phi1.570796326795,0.05,-8.797657224945965e-08,1054799.114285569,expanded group exponentials for two groups; not a molecular Pauli-rotation count,-1.3404621198905246e-08,1054305.4832625955
C,lambda_1.772983346207417,yoshida4,controlled_q0.050_phi3.141592653590,0.05,-8.797657224945965e-08,1054799.114285569,expanded group exponentials for two groups; not a molecular Pauli-rotation count,1.8009500832597084e-07,1055409.5332863985
C,lambda_1.772983346207417,yoshida4,controlled_q0.050_phi4.712388980385,0.05,-8.797657224945965e-08,1054799.114285569,expanded group exponentials for two groups; not a molecular Pauli-rotation count,-1.404187522657484e-07,1055146.5336234136
C,lambda_1.772983346207417,yoshida4,controlled_q0.001_phi0.000000000000,0.08,-5.658492956417405e-07,661233.3816473031,expanded group exponentials for two groups; not a molecular Pauli-rotation count,-7.925941297669415e-07,662178.9179822975
C,lambda_1.772983346207417,yoshida4,controlled_q0.001_phi1.570796326795,0.08,-5.658492956417405e-07,661233.3816473031,expanded group exponentials for two groups; not a molecular Pauli-rotation count,-4.876931518266632e-07,660908.0924324677
C,lambda_1.772983346207417,yoshida4,controlled_q0.001_phi3.141592653590,0.08,-5.658492956417405e-07,661233.3816473031,expanded group exponentials for two groups; not a molecular Pauli-rotation count,-3.065946781936678e-07,660155.5814199926
C,lambda_1.772983346207417,yoshida4,controlled_q0.001_phi4.712388980385,0.08,-5.658492956417405e-07,661233.3816473031,expanded group exponentials for two groups; not a molecular Pauli-rotation count,-6.114956561337877e-07,661423.5119133717
C,lambda_1.772983346207417,yoshida4,controlled_q0.010_phi0.000000000000,0.08,-5.658492956417405e-07,661233.3816473031,expanded group exponentials for two groups; not a molecular Pauli-rotation count,-1.3046452445345515e-06,664324.1754572716
C,lambda_1.772983346207417,yoshida4,controlled_q0.010_phi1.570796326795,0.08,-5.658492956417405e-07,661233.3816473031,expanded group exponentials for two groups; not a molecular Pauli-rotation count,-3.4481667977547244e-07,660314.2610223554
C,lambda_1.772983346207417,yoshida4,controlled_q0.010_phi3.141592653590,0.08,-5.658492956417405e-07,661233.3816473031,expanded group exponentials for two groups; not a molecular Pauli-rotation count,2.2528148521451374e-07,659818.2612220566
C,lambda_1.772983346207417,yoshida4,controlled_q0.010_phi4.712388980385,0.08,-5.658492956417405e-07,661233.3816473031,expanded group exponentials for two groups; not a molecular Pauli-rotation count,-7.345470795446018e-07,661936.6016974312
C,lambda_1.772983346207417,yoshida4,controlled_q0.050_phi0.000000000000,0.08,-5.658492956417405e-07,661233.3816473031,expanded group exponentials for two groups; not a molecular Pauli-rotation count,-2.1712242580836587e-06,667986.5829578986
C,lambda_1.772983346207417,yoshida4,controlled_q0.050_phi1.570796326795,0.08,-5.658492956417405e-07,661233.3816473031,expanded group exponentials for two groups; not a molecular Pauli-rotation count,-6.87878046776852e-08,659170.0309766484
C,lambda_1.772983346207417,yoshida4,controlled_q0.050_phi3.141592653590,0.08,-5.658492956417405e-07,661233.3816473031,expanded group exponentials for two groups; not a molecular Pauli-rotation count,1.1799718260550535e-06,663800.5723099674
C,lambda_1.772983346207417,yoshida4,controlled_q0.050_phi4.712388980385,0.08,-5.658492956417405e-07,661233.3816473031,expanded group exponentials for two groups; not a molecular Pauli-rotation count,-9.22464627351392e-07,662721.7028711821
C,lambda_1.772983346207417,yoshida4,controlled_q0.001_phi0.000000000000,0.12,-2.754205393307174e-06,446982.15424922446,expanded group exponentials for two groups; not a molecular Pauli-rotation count,-3.902388826595578e-06,450283.4880786863
C,lambda_1.772983346207417,yoshida4,controlled_q0.001_phi1.570796326795,0.12,-2.754205393307174e-06,446982.15424922446,expanded group exponentials for two groups; not a molecular Pauli-rotation count,-2.355939903752151e-06,445848.3137943266
C,lambda_1.772983346207417,yoshida4,controlled_q0.001_phi3.141592653590,0.12,-2.754205393307174e-06,446982.15424922446,expanded group exponentials for two groups; not a molecular Pauli-rotation count,-1.4682844431021365e-06,443341.7879553926
C,lambda_1.772983346207417,yoshida4,controlled_q0.001_phi4.712388980385,0.12,-2.754205393307174e-06,446982.15424922446,expanded group exponentials for two groups; not a molecular Pauli-rotation count,-3.0147333659448025e-06,447726.988738699
C,lambda_1.772983346207417,yoshida4,controlled_q0.010_phi0.000000000000,0.12,-2.754205393307174e-06,446982.15424922446,expanded group exponentials for two groups; not a molecular Pauli-rotation count,-6.4681851516083325e-06,457840.04460855824
C,lambda_1.772983346207417,yoshida4,controlled_q0.010_phi1.570796326795,0.12,-2.754205393307174e-06,446982.15424922446,expanded group exponentials for two groups; not a molecular Pauli-rotation count,-1.5999624908833599e-06,443711.83336286986
C,lambda_1.772983346207417,yoshida4,controlled_q0.010_phi3.141592653590,0.12,-2.754205393307174e-06,446982.15424922446,expanded group exponentials for two groups; not a molecular Pauli-rotation count,1.1943777324662851e-06,442574.02134938264
C,lambda_1.772983346207417,yoshida4,controlled_q0.010_phi4.712388980385,0.12,-2.754205393307174e-06,446982.15424922446,expanded group exponentials for two groups; not a molecular Pauli-rotation count,-3.6738449282588543e-06,449622.4817295147
C,lambda_1.772983346207417,yoshida4,controlled_q0.050_phi0.000000000000,0.12,-2.754205393307174e-06,446982.15424922446,expanded group exponentials for two groups; not a molecular Pauli-rotation count,-1.0813796761121532e-05,471233.8226598749
C,lambda_1.772983346207417,yoshida4,controlled_q0.050_phi1.570796326795,0.12,-2.754205393307174e-06,446982.15424922446,expanded group exponentials for two groups; not a molecular Pauli-rotation count,-1.50300006600233e-07,439671.6752727562
C,lambda_1.772983346207417,yoshida4,controlled_q0.050_phi3.141592653590,0.12,-2.754205393307174e-06,446982.15424922446,expanded group exponentials for two groups; not a molecular Pauli-rotation count,5.970504233338025e-06,456354.5567168856
C,lambda_1.772983346207417,yoshida4,controlled_q0.050_phi4.712388980385,0.12,-2.754205393307174e-06,446982.15424922446,expanded group exponentials for two groups; not a molecular Pauli-rotation count,-4.692992521185557e-06,452585.1797685678
C,lambda_1.772983346207417,yoshida4,controlled_q0.001_phi0.000000000000,0.18,-1.2706602934509093e-05,318210.5860144806,expanded group exponentials for two groups; not a molecular Pauli-rotation count,-1.8501519708861505e-05,331301.7660793444
C,lambda_1.772983346207417,yoshida4,controlled_q0.001_phi1.570796326795,0.18,-1.2706602934509093e-05,318210.5860144806,expanded group exponentials for two groups; not a molecular Pauli-rotation count,-1.0639729078323834e-05,313788.1821833524
C,lambda_1.772983346207417,yoshida4,controlled_q0.001_phi3.141592653590,0.18,-1.2706602934509093e-05,318210.5860144806,expanded group exponentials for two groups; not a molecular Pauli-rotation count,-6.478073383522371e-06,305246.4381255142
C,lambda_1.772983346207417,yoshida4,controlled_q0.001_phi4.712388980385,0.18,-1.2706602934509093e-05,318210.5860144806,expanded group exponentials for two groups; not a molecular Pauli-rotation count,-1.4339864014056657e-05,321794.3706051714
C,lambda_1.772983346207417,yoshida4,controlled_q0.010_phi0.000000000000,0.18,-1.2706602934509093e-05,318210.5860144806,expanded group exponentials for two groups; not a molecular Pauli-rotation count,-3.118943983376608e-05,364098.1430734927
C,lambda_1.772983346207417,yoshida4,controlled_q0.010_phi1.570796326795,0.18,-1.2706602934509093e-05,318210.5860144806,expanded group exponentials for two groups; not a molecular Pauli-rotation count,-6.440515549161112e-06,305171.4679904851
C,lambda_1.772983346207417,yoshida4,controlled_q0.010_phi3.141592653590,0.18,-1.2706602934509093e-05,318210.5860144806,expanded group exponentials for two groups; not a molecular Pauli-rotation count,6.660380484531399e-06,305610.8698751657
C,lambda_1.772983346207417,yoshida4,controlled_q0.010_phi4.712388980385,0.18,-1.2706602934509093e-05,318210.5860144806,expanded group exponentials for two groups; not a molecular Pauli-rotation count,-1.8088543800074222e-05,330333.2785891455
C,lambda_1.772983346207417,yoshida4,controlled_q0.050_phi0.000000000000,0.18,-1.2706602934509093e-05,318210.5860144806,expanded group exponentials for two groups; not a molecular Pauli-rotation count,-5.2717018179485976e-05,437597.1246015854
C,lambda_1.772983346207417,yoshida4,controlled_q0.050_phi1.570796326795,0.18,-1.2706602934509093e-05,318210.5860144806,expanded group exponentials for two groups; not a molecular Pauli-rotation count,1.4937466476678775e-06,295608.8629505101
C,lambda_1.772983346207417,yoshida4,controlled_q0.050_phi3.141592653590,0.18,-1.2706602934509093e-05,318210.5860144806,expanded group exponentials for two groups; not a molecular Pauli-rotation count,3.0190331022025587e-05,361281.8965255349
C,lambda_1.772983346207417,yoshida4,controlled_q0.050_phi4.712388980385,0.18,-1.2706602934509093e-05,318210.5860144806,expanded group exponentials for two groups; not a molecular Pauli-rotation count,-2.4020433805138608e-05,344811.67970294855
C,lambda_1.772983346207417,yoshida4,controlled_q0.001_phi0.000000000000,0.27,-5.0769383585391736e-05,286499.04767379706,expanded group exponentials for two groups; not a molecular Pauli-rotation count,-7.937641233716446e-05,388968.6378554412
C,lambda_1.772983346207417,yoshida4,controlled_q0.001_phi1.570796326795,0.27,-5.0769383585391736e-05,286499.04767379706,expanded group exponentials for two groups; not a molecular Pauli-rotation count,-3.9201425913026574e-05,258917.09107571826
C,lambda_1.772983346207417,yoshida4,controlled_q0.001_phi3.141592653590,0.27,-5.0769383585391736e-05,286499.04767379706,expanded group exponentials for two groups; not a molecular Pauli-rotation count,-2.191587137192075e-05,226354.58577279502
C,lambda_1.772983346207417,yoshida4,controlled_q0.001_phi4.712388980385,0.27,-5.0769383585391736e-05,286499.04767379706,expanded group exponentials for two groups; not a molecular Pauli-rotation count,-6.20908577960468e-05,319845.6071891683
C,lambda_1.772983346207417,yoshida4,controlled_q0.010_phi0.000000000000,0.27,-5.0769383585391736e-05,286499.04767379706,expanded group exponentials for two groups; not a molecular Pauli-rotation count,-0.0001401756028339556,1621687.3692816438
C,lambda_1.772983346207417,yoshida4,controlled_q0.010_phi1.570796326795,0.27,-5.0769383585391736e-05,286499.04767379706,expanded group exponentials for two groups; not a molecular Pauli-rotation count,-1.3704707859467686e-05,213594.08556634944
C,lambda_1.772983346207417,yoshida4,controlled_q0.010_phi3.141592653590,0.27,-5.0769383585391736e-05,286499.04767379706,expanded group exponentials for two groups; not a molecular Pauli-rotation count,4.071023406150718e-05,262209.60648968
C,lambda_1.772983346207417,yoshida4,controlled_q0.010_phi4.712388980385,0.27,-5.0769383585391736e-05,286499.04767379706,expanded group exponentials for two groups; not a molecular Pauli-rotation count,-8.576066091298183e-05,422709.0512742406
C,lambda_1.772983346207417,yoshida4,controlled_q0.050_phi0.000000000000,0.27,-5.0769383585391736e-05,286499.04767379706,expanded group exponentials for two groups; not a molecular Pauli-rotation count,-0.00024378167709034624,
C,lambda_1.772983346207417,yoshida4,controlled_q0.050_phi1.570796326795,0.27,-5.0769383585391736e-05,286499.04767379706,expanded group exponentials for two groups; not a molecular Pauli-rotation count,3.324385606410702e-05,246686.1705743501
C,lambda_1.772983346207417,yoshida4,controlled_q0.050_phi3.141592653590,0.27,-5.0769383585391736e-05,286499.04767379706,expanded group exponentials for two groups; not a molecular Pauli-rotation count,0.00015243593025850594,4493176.18778264
C,lambda_1.772983346207417,yoshida4,controlled_q0.050_phi4.712388980385,0.27,-5.0769383585391736e-05,286499.04767379706,expanded group exponentials for two groups; not a molecular Pauli-rotation count,-0.00012458960289598567,894758.3167476503
C,lambda_1.772983346207417,yoshida4,controlled_q0.001_phi0.000000000000,0.4,-0.00011545009773294979,478251.92127671436,expanded group exponentials for two groups; not a molecular Pauli-rotation count,-0.0002343486221275983,
C,lambda_1.772983346207417,yoshida4,controlled_q0.001_phi1.570796326795,0.4,-0.00011545009773294979,478251.92127671436,expanded group exponentials for two groups; not a molecular Pauli-rotation count,-3.694054019902734e-05,171541.34060536145
C,lambda_1.772983346207417,yoshida4,controlled_q0.001_phi3.141592653590,0.4,-0.00011545009773294979,478251.92127671436,expanded group exponentials for two groups; not a molecular Pauli-rotation count,7.136525247906645e-06,137955.06000103333
C,lambda_1.772983346207417,yoshida4,controlled_q0.001_phi4.712388980385,0.4,-0.00011545009773294979,478251.92127671436,expanded group exponentials for two groups; not a molecular Pauli-rotation count,-0.00019027155668066223,
C,lambda_1.772983346207417,yoshida4,controlled_q0.010_phi0.000000000000,0.4,-0.00011545009773294979,478251.92127671436,expanded group exponentials for two groups; not a molecular Pauli-rotation count,-0.0004916547768614523,
C,lambda_1.772983346207417,yoshida4,controlled_q0.010_phi1.570796326795,0.4,-0.00011545009773294979,478251.92127671436,expanded group exponentials for two groups; not a molecular Pauli-rotation count,0.0001297860503521083,710084.1452646637
C,lambda_1.772983346207417,yoshida4,controlled_q0.010_phi3.141592653590,0.4,-0.00011545009773294979,478251.92127671436,expanded group exponentials for two groups; not a molecular Pauli-rotation count,0.00026854069375313816,
C,lambda_1.772983346207417,yoshida4,controlled_q0.010_phi4.712388980385,0.4,-0.00011545009773294979,478251.92127671436,expanded group exponentials for two groups; not a molecular Pauli-rotation count,-0.0003529001334604047,
C,lambda_1.772983346207417,yoshida4,controlled_q0.050_phi0.000000000000,0.4,-0.00011545009773294979,478251.92127671436,expanded group exponentials for two groups; not a molecular Pauli-rotation count,-0.0009350274980679464,
C,lambda_1.772983346207417,yoshida4,controlled_q0.050_phi1.570796326795,0.4,-0.00011545009773294979,478251.92127671436,expanded group exponentials for two groups; not a molecular Pauli-rotation count,0.00042619459589700586,
C,lambda_1.772983346207417,yoshida4,controlled_q0.050_phi3.141592653590,0.4,-0.00011545009773294979,478251.92127671436,expanded group exponentials for two groups; not a molecular Pauli-rotation count,0.0007301268094990868,
C,lambda_1.772983346207417,yoshida4,controlled_q0.050_phi4.712388980385,0.4,-0.00011545009773294979,478251.92127671436,expanded group exponentials for two groups; not a molecular Pauli-rotation count,-0.0006310952844659057,
C,lambda_1.842983346207417,yoshida4,controlled_q0.001_phi0.000000000000,0.05,-3.0647617776935476e-08,1054419.5826699215,expanded group exponentials for two groups; not a molecular Pauli-rotation count,-7.527659396080681e-08,1054715.0137848672
C,lambda_1.842983346207417,yoshida4,controlled_q0.001_phi1.570796326795,0.05,-3.0647617776935476e-08,1054419.5826699215,expanded group exponentials for two groups; not a molecular Pauli-rotation count,-1.4448577389404716e-08,1054312.3905697383
C,lambda_1.842983346207417,yoshida4,controlled_q0.001_phi3.141592653590,0.05,-3.0647617776935476e-08,1054419.5826699215,expanded group exponentials for two groups; not a molecular Pauli-rotation count,2.209422509997286e-08,1054362.9805442959
C,lambda_1.842983346207417,yoshida4,controlled_q0.001_phi4.712388980385,0.05,-3.0647617776935476e-08,1054419.5826699215,expanded group exponentials for two groups; not a molecular Pauli-rotation count,-3.873379147145495e-08,1054473.0985598553
C,lambda_1.842983346207417,yoshida4,controlled_q0.010_phi0.000000000000,0.05,-3.0647617776935476e-08,1054419.5826699215,expanded group exponentials for two groups; not a molecular Pauli-rotation count,-1.7937329881115895e-07,1055404.7481622966
C,lambda_1.842983346207417,yoshida4,controlled_q0.010_phi1.570796326795,0.05,-3.0647617776935476e-08,1054419.5826699215,expanded group exponentials for two groups; not a molecular Pauli-rotation count,1.2113354453455815e-08,1054296.9397572402
C,lambda_1.842983346207417,yoshida4,controlled_q0.010_phi3.141592653590,0.05,-3.0647617776935476e-08,1054419.5826699215,expanded group exponentials for two groups; not a molecular Pauli-rotation count,1.2715013099190302e-07,1055058.6099389615
C,lambda_1.842983346207417,yoshida4,controlled_q0.010_phi4.712388980385,0.05,-3.0647617776935476e-08,1054419.5826699215,expanded group exponentials for two groups; not a molecular Pauli-rotation count,-6.43365222728214e-08,1054642.578309409
C,lambda_1.842983346207417,yoshida4,controlled_q0.050_phi0.000000000000,0.05,-3.0647617776935476e-08,1054419.5826699215,expanded group exponentials for two groups; not a molecular Pauli-rotation count,-3.59688951728095e-07,1056601.6388022879
C,lambda_1.842983346207417,yoshida4,controlled_q0.050_phi1.570796326795,0.05,-3.0647617776935476e-08,1054419.5826699215,expanded group exponentials for two groups; not a molecular Pauli-rotation count,5.97489926568859e-08,1054612.2067078461
C,lambda_1.842983346207417,yoshida4,controlled_q0.050_phi3.141592653590,0.05,-3.0647617776935476e-08,1054419.5826699215,expanded group exponentials for two groups; not a molecular Pauli-rotation count,3.1172889964918694e-07,1056283.0269366982
C,lambda_1.842983346207417,yoshida4,controlled_q0.050_phi4.712388980385,0.05,-3.0647617776935476e-08,1054419.5826699215,expanded group exponentials for two groups; not a molecular Pauli-rotation count,-1.0770904473580478e-07,1054929.811263574
C,lambda_1.842983346207417,yoshida4,controlled_q0.001_phi0.000000000000,0.08,-1.8652632949311965e-07,659657.6103470499,expanded group exponentials for two groups; not a molecular Pauli-rotation count,-4.79436998953844e-07,660873.74866006
C,lambda_1.842983346207417,yoshida4,controlled_q0.001_phi1.570796326795,0.08,-1.8652632949311965e-07,659657.6103470499,expanded group exponentials for two groups; not a molecular Pauli-rotation count,-8.0615534581566e-08,659218.9794618152
C,lambda_1.842983346207417,yoshida4,controlled_q0.001_phi3.141592653590,0.08,-1.8652632949311965e-07,659657.6103470499,expanded group exponentials for two groups; not a molecular Pauli-rotation count,1.5518518794469165e-07,659527.7498196573
C,lambda_1.842983346207417,yoshida4,controlled_q0.001_phi4.712388980385,0.08,-1.8652632949311965e-07,659657.6103470499,expanded group exponentials for two groups; not a molecular Pauli-rotation count,-2.436362764277506e-07,659894.374233715
C,lambda_1.842983346207417,yoshida4,controlled_q0.010_phi0.000000000000,0.08,-1.8652632949311965e-07,659657.6103470499,expanded group exponentials for two groups; not a molecular Pauli-rotation count,-1.1580974110072908e-06,663708.7892905856
C,lambda_1.842983346207417,yoshida4,controlled_q0.010_phi1.570796326795,0.08,-1.8652632949311965e-07,659657.6103470499,expanded group exponentials for two groups; not a molecular Pauli-rotation count,9.739293320105167e-08,659288.4243810677
C,lambda_1.842983346207417,yoshida4,controlled_q0.010_phi3.141592653590,0.08,-1.8652632949311965e-07,659657.6103470499,expanded group exponentials for two groups; not a molecular Pauli-rotation count,8.396938290544148e-07,662375.6651792856
C,lambda_1.842983346207417,yoshida4,controlled_q0.010_phi4.712388980385,0.08,-1.8652632949311965e-07,659657.6103470499,expanded group exponentials for two groups; not a molecular Pauli-rotation count,-4.157965151546294e-07,660609.1380515946
C,lambda_1.842983346207417,yoshida4,controlled_q0.050_phi0.000000000000,0.08,-1.8652632949311965e-07,659657.6103470499,expanded group exponentials for two groups; not a molecular Pauli-rotation count,-2.334215795921668e-06,668679.947769873
C,lambda_1.842983346207417,yoshida4,controlled_q0.050_phi1.570796326795,0.08,-1.8652632949311965e-07,659657.6103470499,expanded group exponentials for two groups; not a molecular Pauli-rotation count,4.1584683346808947e-07,660609.3471862806
C,lambda_1.842983346207417,yoshida4,controlled_q0.050_phi3.141592653590,0.08,-1.8652632949311965e-07,659657.6103470499,expanded group exponentials for two groups; not a molecular Pauli-rotation count,2.0418043431078047e-06,667437.0549086747
C,lambda_1.842983346207417,yoshida4,controlled_q0.050_phi4.712388980385,0.08,-1.8652632949311965e-07,659657.6103470499,expanded group exponentials for two groups; not a molecular Pauli-rotation count,-7.082582862820206e-07,661826.9179765447
C,lambda_1.842983346207417,yoshida4,controlled_q0.001_phi0.000000000000,0.12,-7.968982971284788e-07,441464.5951405305,expanded group exponentials for two groups; not a molecular Pauli-rotation count,-2.282848439839264e-06,445640.8507514923
C,lambda_1.842983346207417,yoshida4,controlled_q0.001_phi1.570796326795,0.12,-7.968982971284788e-07,441464.5951405305,expanded group exponentials for two groups; not a molecular Pauli-rotation count,-2.619561902283348e-07,439980.2400859224
C,lambda_1.842983346207417,yoshida4,controlled_q0.001_phi3.141592653590,0.12,-7.968982971284788e-07,441464.5951405305,expanded group exponentials for two groups; not a molecular Pauli-rotation count,8.935053243149082e-07,441733.72824331647
C,lambda_1.842983346207417,yoshida4,controlled_q0.001_phi4.712388980385,0.12,-7.968982971284788e-07,441464.5951405305,expanded group exponentials for two groups; not a molecular Pauli-rotation count,-1.1273869252968077e-06,442386.6491734746
C,lambda_1.842983346207417,yoshida4,controlled_q0.010_phi0.000000000000,0.12,-7.968982971284788e-07,441464.5951405305,expanded group exponentials for two groups; not a molecular Pauli-rotation count,-5.681724726993236e-06,455497.0130294212
C,lambda_1.842983346207417,yoshida4,controlled_q0.010_phi1.570796326795,0.12,-7.968982971284788e-07,441464.5951405305,expanded group exponentials for two groups; not a molecular Pauli-rotation count,6.800459717464235e-07,441139.4995005912
C,lambda_1.842983346207417,yoshida4,controlled_q0.010_phi3.141592653590,0.12,-7.968982971284788e-07,441464.5951405305,expanded group exponentials for two groups; not a molecular Pauli-rotation count,4.317439904133644e-06,451488.90312417457
C,lambda_1.842983346207417,yoshida4,controlled_q0.010_phi4.712388980385,0.12,-7.968982971284788e-07,441464.5951405305,expanded group exponentials for two groups; not a molecular Pauli-rotation count,-2.0443307946093925e-06,444965.18252349447
C,lambda_1.842983346207417,yoshida4,controlled_q0.050_phi0.000000000000,0.12,-7.968982971284788e-07,441464.5951405305,expanded group exponentials for two groups; not a molecular Pauli-rotation count,-1.1577688086339388e-05,473669.64464543434
C,lambda_1.842983346207417,yoshida4,controlled_q0.050_phi1.570796326795,0.12,-7.968982971284788e-07,441464.5951405305,expanded group exponentials for two groups; not a molecular Pauli-rotation count,2.357319806040625e-06,445852.23237118014
C,lambda_1.842983346207417,yoshida4,controlled_q0.050_phi3.141592653590,0.12,-7.968982971284788e-07,441464.5951405305,expanded group exponentials for two groups; not a molecular Pauli-rotation count,1.0324773453101001e-05,469687.58213421225
C,lambda_1.842983346207417,yoshida4,controlled_q0.050_phi4.712388980385,0.12,-7.968982971284788e-07,441464.5951405305,expanded group exponentials for two groups; not a molecular Pauli-rotation count,-3.6102344392793306e-06,449438.84932439897
C,lambda_1.842983346207417,yoshida4,controlled_q0.001_phi0.000000000000,0.18,-2.3892961860116912e-06,297295.3710511466,expanded group exponentials for two groups; not a molecular Pauli-rotation count,-9.913237464049209e-06,312262.79305086884
C,lambda_1.842983346207417,yoshida4,controlled_q0.001_phi1.570796326795,0.18,-2.3892961860116912e-06,297295.3710511466,expanded group exponentials for two groups; not a molecular Pauli-rotation count,3.3870000833975154e-07,293461.7166133485
C,lambda_1.842983346207417,yoshida4,controlled_q0.001_phi3.141592653590,0.18,-2.3892961860116912e-06,297295.3710511466,expanded group exponentials for two groups; not a molecular Pauli-rotation count,5.752194864366678e-06,303803.9865679463
C,lambda_1.842983346207417,yoshida4,controlled_q0.001_phi4.712388980385,0.18,-2.3892961860116912e-06,297295.3710511466,expanded group exponentials for two groups; not a molecular Pauli-rotation count,-4.499742608025756e-06,301346.9329002664
C,lambda_1.842983346207417,yoshida4,controlled_q0.010_phi0.000000000000,0.18,-2.3892961860116912e-06,297295.3710511466,expanded group exponentials for two groups; not a molecular Pauli-rotation count,-2.6700394704895052e-05,351777.4907822369
C,lambda_1.842983346207417,yoshida4,controlled_q0.010_phi1.570796326795,0.18,-2.3892961860116912e-06,297295.3710511466,expanded group exponentials for two groups; not a molecular Pauli-rotation count,5.572714081440277e-06,303449.4255688135
C,lambda_1.842983346207417,yoshida4,controlled_q0.010_phi3.141592653590,0.18,-2.3892961860116912e-06,297295.3710511466,expanded group exponentials for two groups; not a molecular Pauli-rotation count,2.2614400969735836e-05,341266.2894968195
C,lambda_1.842983346207417,yoshida4,controlled_q0.010_phi4.712388980385,0.18,-2.3892961860116912e-06,297295.3710511466,expanded group exponentials for two groups; not a molecular Pauli-rotation count,-9.658707816614593e-06,311731.8682201741
C,lambda_1.842983346207417,yoshida4,controlled_q0.050_phi0.000000000000,0.18,-2.3892961860116912e-06,297295.3710511466,expanded group exponentials for two groups; not a molecular Pauli-rotation count,-5.5886504243425274e-05,451001.1160410906
C,lambda_1.842983346207417,yoshida4,controlled_q0.050_phi1.570796326795,0.18,-2.3892961860116912e-06,297295.3710511466,expanded group exponentials for two groups; not a molecular Pauli-rotation count,1.4805453537807844e-05,322830.8241851647
C,lambda_1.842983346207417,yoshida4,controlled_q0.050_phi3.141592653590,0.18,-2.3892961860116912e-06,297295.3710511466,expanded group exponentials for two groups; not a molecular Pauli-rotation count,5.213406101725871e-05,435218.0327874941
C,lambda_1.842983346207417,yoshida4,controlled_q0.050_phi4.712388980385,0.18,-2.3892961860116912e-06,297295.3710511466,expanded group exponentials for two groups; not a molecular Pauli-rotation count,-1.855789676397572e-05,331434.4190450565
C,lambda_1.842983346207417,yoshida4,controlled_q0.001_phi0.000000000000,0.27,5.796453703910132e-06,202594.36432170527,expanded group exponentials for two groups; not a molecular Pauli-rotation count,-3.146319069358631e-05,243251.64012217277
C,lambda_1.842983346207417,yoshida4,controlled_q0.001_phi1.570796326795,0.27,5.796453703910132e-06,202594.36432170527,expanded group exponentials for two groups; not a molecular Pauli-rotation count,2.0678387516895594e-05,224334.77853383048
C,lambda_1.842983346207417,yoshida4,controlled_q0.001_phi3.141592653590,0.27,5.796453703910132e-06,202594.36432170527,expanded group exponentials for two groups; not a molecular Pauli-rotation count,4.31175616986121e-05,267639.84682408493
C,lambda_1.842983346207417,yoshida4,controlled_q0.001_phi4.712388980385,0.27,5.796453703910132e-06,202594.36432170527,expanded group exponentials for two groups; not a molecular Pauli-rotation count,-9.024016511881577e-06,206943.86186618588
C,lambda_1.842983346207417,yoshida4,controlled_q0.010_phi0.000000000000,0.27,5.796453703910132e-06,202594.36432170527,expanded group exponentials for two groups; not a molecular Pauli-rotation count,-0.00011166805330453933,652334.5473101883
C,lambda_1.842983346207417,yoshida4,controlled_q0.010_phi1.570796326795,0.27,5.796453703910132e-06,202594.36432170527,expanded group exponentials for two groups; not a molecular Pauli-rotation count,5.247368384614381e-05,291067.2690573589
C,lambda_1.842983346207417,yoshida4,controlled_q0.010_phi3.141592653590,0.27,5.796453703910132e-06,202594.36432170527,expanded group exponentials for two groups; not a molecular Pauli-rotation count,0.00012311222523332216,858289.9931826215
C,lambda_1.842983346207417,yoshida4,controlled_q0.010_phi4.712388980385,0.27,5.796453703910132e-06,202594.36432170527,expanded group exponentials for two groups; not a molecular Pauli-rotation count,-4.1029511917414684e-05,262917.09713811055
C,lambda_1.842983346207417,yoshida4,controlled_q0.050_phi0.000000000000,0.27,5.796453703910132e-06,202594.36432170527,expanded group exponentials for two groups; not a molecular Pauli-rotation count,-0.0002518798043779049,
C,lambda_1.842983346207417,yoshida4,controlled_q0.050_phi1.570796326795,0.27,5.796453703910132e-06,202594.36432170527,expanded group exponentials for two groups; not a molecular Pauli-rotation count,0.00010766103904110719,601774.279338581
C,lambda_1.842983346207417,yoshida4,controlled_q0.050_phi3.141592653590,0.27,5.796453703910132e-06,202594.36432170527,expanded group exponentials for two groups; not a molecular Pauli-rotation count,0.0002623897581900526,
C,lambda_1.842983346207417,yoshida4,controlled_q0.050_phi4.712388980385,0.27,5.796453703910132e-06,202594.36432170527,expanded group exponentials for two groups; not a molecular Pauli-rotation count,-9.715108522896263e-05,500106.87575899466
C,lambda_1.842983346207417,yoshida4,controlled_q0.001_phi0.000000000000,0.4,0.00019527993183765524,,expanded group exponentials for two groups; not a molecular Pauli-rotation count,4.239956125875636e-05,179547.87443336457
C,lambda_1.842983346207417,yoshida4,controlled_q0.001_phi1.570796326795,0.4,0.00019527993183765524,,expanded group exponentials for two groups; not a molecular Pauli-rotation count,0.00029606851421296417,
C,lambda_1.842983346207417,yoshida4,controlled_q0.001_phi3.141592653590,0.4,0.00019527993183765524,,expanded group exponentials for two groups; not a molecular Pauli-rotation count,0.0003527070336533598,
C,lambda_1.842983346207417,yoshida4,controlled_q0.001_phi4.712388980385,0.4,0.00019527993183765524,,expanded group exponentials for two groups; not a molecular Pauli-rotation count,9.90380806991555e-05,348132.10011858464
C,lambda_1.842983346207417,yoshida4,controlled_q0.010_phi0.000000000000,0.4,0.00019527993183765524,,expanded group exponentials for two groups; not a molecular Pauli-rotation count,-0.00029443389525751697,
C,lambda_1.842983346207417,yoshida4,controlled_q0.010_phi1.570796326795,0.4,0.00019527993183765524,,expanded group exponentials for two groups; not a molecular Pauli-rotation count,0.0005041162067554861,
C,lambda_1.842983346207417,yoshida4,controlled_q0.010_phi3.141592653590,0.4,0.00019527993183765524,,expanded group exponentials for two groups; not a molecular Pauli-rotation count,0.0006824143191191146,
C,lambda_1.842983346207417,yoshida4,controlled_q0.010_phi4.712388980385,0.4,0.00019527993183765524,,expanded group exponentials for two groups; not a molecular Pauli-rotation count,-0.0001161357828939115,485838.644419408
C,lambda_1.842983346207417,yoshida4,controlled_q0.050_phi0.000000000000,0.4,0.00019527993183765524,,expanded group exponentials for two groups; not a molecular Pauli-rotation count,-0.0008917041186399554,
C,lambda_1.842983346207417,yoshida4,controlled_q0.050_phi1.570796326795,0.4,0.00019527993183765524,,expanded group exponentials for two groups; not a molecular Pauli-rotation count,0.0008574632910264085,
C,lambda_1.842983346207417,yoshida4,controlled_q0.050_phi3.141592653590,0.4,0.00019527993183765524,,expanded group exponentials for two groups; not a molecular Pauli-rotation count,0.0012480126711659127,
C,lambda_1.842983346207417,yoshida4,controlled_q0.050_phi4.712388980385,0.4,0.00019527993183765524,,expanded group exponentials for two groups; not a molecular Pauli-rotation count,-0.0005011547385004305,
C,lambda_1.872983346207417,yoshida4,controlled_q0.001_phi0.000000000000,0.05,1.5819359155955226e-09,1054227.2651096121,expanded group exponentials for two groups; not a molecular Pauli-rotation count,-4.775702789819817e-08,1054532.822528882
C,lambda_1.872983346207417,yoshida4,controlled_q0.001_phi1.570796326795,0.05,1.5819359155955226e-09,1054227.2651096121,expanded group exponentials for two groups; not a molecular Pauli-rotation count,1.9953935363399932e-08,1054348.818115094
C,lambda_1.872983346207417,yoshida4,controlled_q0.001_phi3.141592653590,0.05,1.5819359155955226e-09,1054227.2651096121,expanded group exponentials for two groups; not a molecular Pauli-rotation count,6.054385963081031e-08,1054617.468975402
C,lambda_1.872983346207417,yoshida4,controlled_q0.001_phi4.712388980385,0.05,1.5819359155955226e-09,1054227.2651096121,expanded group exponentials for two groups; not a molecular Pauli-rotation count,-7.167103630764415e-09,1054264.2147866383
C,lambda_1.872983346207417,yoshida4,controlled_q0.010_phi0.000000000000,0.05,1.5819359155955226e-09,1054227.2651096121,expanded group exponentials for two groups; not a molecular Pauli-rotation count,-1.641875440439308e-07,1055304.0726708267
C,lambda_1.872983346207417,yoshida4,controlled_q0.010_phi1.570796326795,0.05,1.5819359155955226e-09,1054227.2651096121,expanded group exponentials for two groups; not a molecular Pauli-rotation count,4.8966631862240725e-08,1054540.8293001251
C,lambda_1.872983346207417,yoshida4,controlled_q0.010_phi3.141592653590,0.05,1.5819359155955226e-09,1054227.2651096121,expanded group exponentials for two groups; not a molecular Pauli-rotation count,1.7674375155691655e-07,1055387.3139387153
C,lambda_1.872983346207417,yoshida4,controlled_q0.010_phi4.712388980385,0.05,1.5819359155955226e-09,1054227.2651096121,expanded group exponentials for two groups; not a molecular Pauli-rotation count,-3.6410424349344296e-08,1054457.7215025218
C,lambda_1.872983346207417,yoshida4,controlled_q0.050_phi0.000000000000,0.05,1.5819359155955226e-09,1054227.2651096121,expanded group exponentials for two groups; not a molecular Pauli-rotation count,-3.676273160662115e-07,1056654.3940891575
C,lambda_1.872983346207417,yoshida4,controlled_q0.050_phi1.570796326795,0.05,1.5819359155955226e-09,1054227.2651096121,expanded group exponentials for two groups; not a molecular Pauli-rotation count,9.927180120827236e-08,1054873.9236681026
C,lambda_1.872983346207417,yoshida4,controlled_q0.050_phi3.141592653590,0.05,1.5819359155955226e-09,1054227.2651096121,expanded group exponentials for two groups; not a molecular Pauli-rotation count,3.7915852704752534e-07,1056731.0354244155
C,lambda_1.872983346207417,yoshida4,controlled_q0.050_phi4.712388980385,0.05,1.5819359155955226e-09,1054227.2651096121,expanded group exponentials for two groups; not a molecular Pauli-rotation count,-8.774059022703602e-08,1054797.5514672021
C,lambda_1.872983346207417,yoshida4,controlled_q0.001_phi0.000000000000,0.08,2.6453393919823043e-08,658994.891631176,expanded group exponentials for two groups; not a molecular Pauli-rotation count,-2.975263731073983e-07,660117.9453157855
C,lambda_1.872983346207417,yoshida4,controlled_q0.001_phi1.570796326795,0.08,2.6453393919823043e-08,658994.891631176,expanded group exponentials for two groups; not a molecular Pauli-rotation count,1.4633320470239068e-07,659491.0813078848
C,lambda_1.872983346207417,yoshida4,controlled_q0.001_phi3.141592653590,0.08,2.6453393919823043e-08,658994.891631176,expanded group exponentials for two groups; not a molecular Pauli-rotation count,4.082341413901801e-07,660577.7085618584
C,lambda_1.872983346207417,yoshida4,controlled_q0.001_phi4.712388980385,0.08,2.6453393919823043e-08,658994.891631176,expanded group exponentials for two groups; not a molecular Pauli-rotation count,-3.5625436419459606e-08,659032.8288820374
C,lambda_1.872983346207417,yoshida4,controlled_q0.010_phi0.000000000000,0.08,2.6453393919823043e-08,658994.891631176,expanded group exponentials for two groups; not a molecular Pauli-rotation count,-1.056511863566143e-06,663282.878167897
C,lambda_1.872983346207417,yoshida4,controlled_q0.010_phi1.570796326795,0.08,2.6453393919823043e-08,658994.891631176,expanded group exponentials for two groups; not a molecular Pauli-rotation count,3.4075850401944207e-07,660297.4097839243
C,lambda_1.872983346207417,yoshida4,controlled_q0.010_phi3.141592653590,0.08,2.6453393919823043e-08,658994.891631176,expanded group exponentials for two groups; not a molecular Pauli-rotation count,1.1652228985532427e-06,663738.684388856
C,lambda_1.872983346207417,yoshida4,controlled_q0.010_phi4.712388980385,0.08,2.6453393919823043e-08,658994.891631176,expanded group exponentials for two groups; not a molecular Pauli-rotation count,-2.320474690329122e-07,659846.3161258076
C,lambda_1.872983346207417,yoshida4,controlled_q0.050_phi0.000000000000,0.08,2.6453393919823043e-08,658994.891631176,expanded group exponentials for two groups; not a molecular Pauli-rotation count,-2.3833579448420137e-06,668889.2806171563
C,lambda_1.872983346207417,yoshida4,controlled_q0.050_phi1.570796326795,0.08,2.6453393919823043e-08,658994.891631176,expanded group exponentials for two groups; not a molecular Pauli-rotation count,6.772637785938869e-07,661697.6474669263
C,lambda_1.872983346207417,yoshida4,controlled_q0.050_phi3.141592653590,0.08,2.6453393919823043e-08,658994.891631176,expanded group exponentials for two groups; not a molecular Pauli-rotation count,2.4831946096260874e-06,669314.9628611241
C,lambda_1.872983346207417,yoshida4,controlled_q0.050_phi4.712388980385,0.08,2.6453393919823043e-08,658994.891631176,expanded group exponentials for two groups; not a molecular Pauli-rotation count,-5.77427113810311e-07,661281.5962544152
C,lambda_1.872983346207417,yoshida4,controlled_q0.001_phi0.000000000000,0.12,2.992964982517776e-07,440083.52767533896,expanded group exponentials for two groups; not a molecular Pauli-rotation count,-1.3457425357760892e-06,442997.9712286071
C,lambda_1.872983346207417,yoshida4,controlled_q0.001_phi1.570796326795,0.12,2.992964982517776e-07,440083.52767533896,expanded group exponentials for two groups; not a molecular Pauli-rotation count,9.024285932019868e-07,441758.60372603976
C,lambda_1.872983346207417,yoshida4,controlled_q0.001_phi3.141592653590,0.12,2.992964982517776e-07,440083.52767533896,expanded group exponentials for two groups; not a molecular Pauli-rotation count,2.185629717199304e-06,445365.2038290522
C,lambda_1.872983346207417,yoshida4,controlled_q0.001_phi4.712388980385,0.12,2.992964982517776e-07,440083.52767533896,expanded group exponentials for two groups; not a molecular Pauli-rotation count,-6.254141177805761e-08,439429.45567756245
C,lambda_1.872983346207417,yoshida4,controlled_q0.010_phi0.000000000000,0.12,2.992964982517776e-07,440083.52767533896,expanded group exponentials for two groups; not a molecular Pauli-rotation count,-5.14601212577884e-06,453914.695647445
C,lambda_1.872983346207417,yoshida4,controlled_q0.010_phi1.570796326795,0.12,2.992964982517776e-07,440083.52767533896,expanded group exponentials for two groups; not a molecular Pauli-rotation count,1.931232698548677e-06,444645.51596852444
C,lambda_1.872983346207417,yoshida4,controlled_q0.010_phi3.141592653590,0.12,2.992964982517776e-07,440083.52767533896,expanded group exponentials for two groups; not a molecular Pauli-rotation count,5.97075104140484e-06,456355.2910054958
C,lambda_1.872983346207417,yoshida4,controlled_q0.010_phi4.712388980385,0.12,2.992964982517776e-07,440083.52767533896,expanded group exponentials for two groups; not a molecular Pauli-rotation count,-1.1064937829254002e-06,442328.24385362
C,lambda_1.872983346207417,yoshida4,controlled_q0.050_phi0.000000000000,0.12,2.992964982517776e-07,440083.52767533896,expanded group exponentials for two groups; not a molecular Pauli-rotation count,-1.1796534322417783e-05,474372.1275481948
C,lambda_1.872983346207417,yoshida4,controlled_q0.050_phi1.570796326795,0.12,2.992964982517776e-07,440083.52767533896,expanded group exponentials for two groups; not a molecular Pauli-rotation count,3.7056689403909908e-06,449714.408438386
C,lambda_1.872983346207417,yoshida4,controlled_q0.050_phi3.141592653590,0.12,2.992964982517776e-07,440083.52767533896,expanded group exponentials for two groups; not a molecular Pauli-rotation count,1.2553947612278407e-05,476819.5452325436
C,lambda_1.872983346207417,yoshida4,controlled_q0.050_phi4.712388980385,0.12,2.992964982517776e-07,440083.52767533896,expanded group exponentials for two groups; not a molecular Pauli-rotation count,-2.9482556505327795e-06,447536.6969832899
C,lambda_1.872983346207417,yoshida4,controlled_q0.001_phi0.000000000000,0.18,3.3578724145666428e-06,299141.1997900924,expanded group exponentials for two groups; not a molecular Pauli-rotation count,-4.984800231578899e-06,302293.7858772984
C,lambda_1.872983346207417,yoshida4,controlled_q0.001_phi1.570796326795,0.18,3.3578724145666428e-06,299141.1997900924,expanded group exponentials for two groups; not a molecular Pauli-rotation count,6.409460482222271e-06,305109.5060009151
C,lambda_1.872983346207417,yoshida4,controlled_q0.001_phi3.141592653590,0.18,3.3578724145666428e-06,299141.1997900924,expanded group exponentials for two groups; not a molecular Pauli-rotation count,1.2419601230883917e-05,317589.0620855693
C,lambda_1.872983346207417,yoshida4,controlled_q0.001_phi4.712388980385,0.18,3.3578724145666428e-06,299141.1997900924,expanded group exponentials for two groups; not a molecular Pauli-rotation count,1.0253405170858937e-06,294734.35451885377
C,lambda_1.872983346207417,yoshida4,controlled_q0.010_phi0.000000000000,0.18,3.3578724145666428e-06,299141.1997900924,expanded group exponentials for two groups; not a molecular Pauli-rotation count,-2.3744182874418698e-05,344109.2945218072
C,lambda_1.872983346207417,yoshida4,controlled_q0.010_phi1.570796326795,0.18,3.3578724145666428e-06,299141.1997900924,expanded group exponentials for two groups; not a molecular Pauli-rotation count,1.212496054814852e-05,316953.5160093866
C,lambda_1.872983346207417,yoshida4,controlled_q0.010_phi3.141592653590,0.18,3.3578724145666428e-06,299141.1997900924,expanded group exponentials for two groups; not a molecular Pauli-rotation count,3.104488926652181e-05,363687.97634698864
C,lambda_1.872983346207417,yoshida4,controlled_q0.010_phi4.712388980385,0.18,3.3578724145666428e-06,299141.1997900924,expanded group exponentials for two groups; not a molecular Pauli-rotation count,-4.824254156057341e-06,301979.73505682906
C,lambda_1.872983346207417,yoshida4,controlled_q0.050_phi0.000000000000,0.18,3.3578724145666428e-06,299141.1997900924,expanded group exponentials for two groups; not a molecular Pauli-rotation count,-5.665342478429568e-05,454368.7873393881
C,lambda_1.872983346207417,yoshida4,controlled_q0.050_phi1.570796326795,0.18,3.3578724145666428e-06,299141.1997900924,expanded group exponentials for two groups; not a molecular Pauli-rotation count,2.1915392036637683e-05,339530.69454873883
C,lambda_1.872983346207417,yoshida4,controlled_q0.050_phi3.141592653590,0.18,3.3578724145666428e-06,299141.1997900924,expanded group exponentials for two groups; not a molecular Pauli-rotation count,6.335815514439043e-05,486101.7179314026
C,lambda_1.872983346207417,yoshida4,controlled_q0.050_phi4.712388980385,0.18,3.3578724145666428e-06,299141.1997900924,expanded group exponentials for two groups; not a molecular Pauli-rotation count,-1.5210661676553934e-05,323738.3113069503
C,lambda_1.872983346207417,yoshida4,controlled_q0.001_phi0.000000000000,0.27,3.696624146454219e-05,254188.68487168464,expanded group exponentials for two groups; not a molecular Pauli-rotation count,-4.413245416600589e-06,200785.806369008
C,lambda_1.872983346207417,yoshida4,controlled_q0.001_phi1.570796326795,0.27,3.696624146454219e-05,254188.68487168464,expanded group exponentials for two groups; not a molecular Pauli-rotation count,5.3417074418453855e-05,293659.13717497874
C,lambda_1.872983346207417,yoshida4,controlled_q0.001_phi3.141592653590,0.27,3.696624146454219e-05,254188.68487168464,expanded group exponentials for two groups; not a molecular Pauli-rotation count,7.830682848342828e-05,383835.77859126497
C,lambda_1.872983346207417,yoshida4,controlled_q0.001_phi4.712388980385,0.27,3.696624146454219e-05,254188.68487168464,expanded group exponentials for two groups; not a molecular Pauli-rotation count,2.0476508648384454e-05,224008.68903614033
C,lambda_1.872983346207417,yoshida4,controlled_q0.010_phi0.000000000000,0.27,3.696624146454219e-05,254188.68487168464,expanded group exponentials for two groups; not a molecular Pauli-rotation count,-9.392101860653465e-05,475421.6156759088
C,lambda_1.872983346207417,yoshida4,controlled_q0.010_phi1.570796326795,0.27,3.696624146454219e-05,254188.68487168464,expanded group exponentials for two groups; not a molecular Pauli-rotation count,8.812888251816939e-05,436762.8609011354
C,lambda_1.872983346207417,yoshida4,controlled_q0.010_phi3.141592653590,0.27,3.696624146454219e-05,254188.68487168464,expanded group exponentials for two groups; not a molecular Pauli-rotation count,0.00016648185167816905,
C,lambda_1.872983346207417,yoshida4,controlled_q0.010_phi4.712388980385,0.27,3.696624146454219e-05,254188.68487168464,expanded group exponentials for two groups; not a molecular Pauli-rotation count,-1.556804944657432e-05,216361.9645236504
C,lambda_1.872983346207417,yoshida4,controlled_q0.050_phi0.000000000000,0.27,3.696624146454219e-05,254188.68487168464,expanded group exponentials for two groups; not a molecular Pauli-rotation count,-0.00025187826714977146,
C,lambda_1.872983346207417,yoshida4,controlled_q0.050_phi1.570796326795,0.27,3.696624146454219e-05,254188.68487168464,expanded group exponentials for two groups; not a molecular Pauli-rotation count,0.00014688914040246497,2494702.584390335
C,lambda_1.872983346207417,yoshida4,controlled_q0.050_phi3.141592653590,0.27,3.696624146454219e-05,254188.68487168464,expanded group exponentials for two groups; not a molecular Pauli-rotation count,0.000318515766909436,
C,lambda_1.872983346207417,yoshida4,controlled_q0.050_phi4.712388980385,0.27,3.696624146454219e-05,254188.68487168464,expanded group exponentials for two groups; not a molecular Pauli-rotation count,-8.025164064284238e-05,393272.0556073419
C,lambda_1.872983346207417,yoshida4,controlled_q0.001_phi0.000000000000,0.4,0.00036324978603330393,,expanded group exponentials for two groups; not a molecular Pauli-rotation count,0.00019445426114592503,
C,lambda_1.872983346207417,yoshida4,controlled_q0.001_phi1.570796326795,0.4,0.00036324978603330393,,expanded group exponentials for two groups; not a molecular Pauli-rotation count,0.00047454979521131205,
C,lambda_1.872983346207417,yoshida4,controlled_q0.001_phi3.141592653590,0.4,0.00036324978603330393,,expanded group exponentials for two groups; not a molecular Pauli-rotation count,0.000537088563936904,
C,lambda_1.872983346207417,yoshida4,controlled_q0.001_phi4.712388980385,0.4,0.00036324978603330393,,expanded group exponentials for two groups; not a molecular Pauli-rotation count,0.0002569930298715129,
C,lambda_1.872983346207417,yoshida4,controlled_q0.010_phi0.000000000000,0.4,0.00036324978603330393,,expanded group exponentials for two groups; not a molecular Pauli-rotation count,-0.00018013222044793405,
C,lambda_1.872983346207417,yoshida4,controlled_q0.010_phi1.570796326795,0.4,0.00036324978603330393,,expanded group exponentials for two groups; not a molecular Pauli-rotation count,0.0007016087837090456,
C,lambda_1.872983346207417,yoshida4,controlled_q0.010_phi3.141592653590,0.4,0.00036324978603330393,,expanded group exponentials for two groups; not a molecular Pauli-rotation count,0.0008984808863609329,
C,lambda_1.872983346207417,yoshida4,controlled_q0.010_phi4.712388980385,0.4,0.00036324978603330393,,expanded group exponentials for two groups; not a molecular Pauli-rotation count,1.6739882203982193e-05,147244.29360158552
C,lambda_1.872983346207417,yoshida4,controlled_q0.050_phi0.000000000000,0.4,0.00036324978603330393,,expanded group exponentials for two groups; not a molecular Pauli-rotation count,-0.0008514588083383268,
C,lambda_1.872983346207417,yoshida4,controlled_q0.050_phi1.570796326795,0.4,0.00036324978603330393,,expanded group exponentials for two groups; not a molecular Pauli-rotation count,0.0010799323771991081,
C,lambda_1.872983346207417,yoshida4,controlled_q0.050_phi3.141592653590,0.4,0.00036324978603330393,,expanded group exponentials for two groups; not a molecular Pauli-rotation count,0.0015111667668298572,
C,lambda_1.872983346207417,yoshida4,controlled_q0.050_phi4.712388980385,0.4,0.00036324978603330393,,expanded group exponentials for two groups; not a molecular Pauli-rotation count,-0.00042022441870763667,
C,lambda_1.902983346207417,yoshida4,controlled_q0.001_phi0.000000000000,0.05,3.8836077909110145e-08,1054473.7755464357,expanded group exponentials for two groups; not a molecular Pauli-rotation count,-1.5447708710862928e-08,1054319.0013791414
C,lambda_1.902983346207417,yoshida4,controlled_q0.001_phi1.570796326795,0.05,3.8836077909110145e-08,1054473.7755464357,expanded group exponentials for two groups; not a molecular Pauli-rotation count,5.960276908322448e-08,1054611.2386678506
C,lambda_1.902983346207417,yoshida4,controlled_q0.001_phi3.141592653590,0.05,3.8836077909110145e-08,1054473.7755464357,expanded group exponentials for two groups; not a molecular Pauli-rotation count,1.0449373650718225e-07,1054908.51263243
C,lambda_1.902983346207417,yoshida4,controlled_q0.001_phi4.712388980385,0.05,3.8836077909110145e-08,1054473.7755464357,expanded group exponentials for two groups; not a molecular Pauli-rotation count,2.9443258713120076e-08,1054411.6124492297
C,lambda_1.902983346207417,yoshida4,controlled_q0.010_phi0.000000000000,0.05,3.8836077909110145e-08,1054473.7755464357,expanded group exponentials for two groups; not a molecular Pauli-rotation count,-1.4506789745891674e-07,1055177.3443586624
C,lambda_1.902983346207417,yoshida4,controlled_q0.010_phi1.570796326795,0.05,3.8836077909110145e-08,1054473.7755464357,expanded group exponentials for two groups; not a molecular Pauli-rotation count,9.119107708496889e-08,1054820.4031785992
C,lambda_1.902983346207417,yoshida4,controlled_q0.010_phi3.141592653590,0.05,3.8836077909110145e-08,1054473.7755464357,expanded group exponentials for two groups; not a molecular Pauli-rotation count,2.3250788467373939e-07,1055757.1604945168
C,lambda_1.902983346207417,yoshida4,controlled_q0.010_phi4.712388980385,0.05,3.8836077909110145e-08,1054473.7755464357,expanded group exponentials for two groups; not a molecular Pauli-rotation count,-3.751089870183038e-09,1054241.6152283587
C,lambda_1.902983346207417,yoshida4,controlled_q0.050_phi0.000000000000,0.05,3.8836077909110145e-08,1054473.7755464357,expanded group exponentials for two groups; not a molecular Pauli-rotation count,-3.733754824981959e-07,1056692.5974597058
C,lambda_1.902983346207417,yoshida4,controlled_q0.050_phi1.570796326795,0.05,3.8836077909110145e-08,1054473.7755464357,expanded group exponentials for two groups; not a molecular Pauli-rotation count,1.441330588840025e-07,1055171.14886797
C,lambda_1.902983346207417,yoshida4,controlled_q0.050_phi3.141592653590,0.05,3.8836077909110145e-08,1054473.7755464357,expanded group exponentials for two groups; not a molecular Pauli-rotation count,4.536775115730334e-07,1057226.588511222
C,lambda_1.902983346207417,yoshida4,controlled_q0.050_phi4.712388980385,0.05,3.8836077909110145e-08,1054473.7755464357,expanded group exponentials for two groups; not a molecular Pauli-rotation count,-6.383102980921679e-08,1054639.2316260303
C,lambda_1.902983346207417,yoshida4,controlled_q0.001_phi0.000000000000,0.08,2.724923728880668e-07,660014.0692039847,expanded group exponentials for two groups; not a molecular Pauli-rotation count,-8.414303287804413e-08,659233.5792493941
C,lambda_1.902983346207417,yoshida4,controlled_q0.001_phi1.570796326795,0.08,2.724923728880668e-07,660014.0692039847,expanded group exponentials for two groups; not a molecular Pauli-rotation count,4.0772723901225186e-07,660575.6019648027
C,lambda_1.902983346207417,yoshida4,controlled_q0.001_phi3.141592653590,0.08,2.724923728880668e-07,660014.0692039847,expanded group exponentials for two groups; not a molecular Pauli-rotation count,6.973634514978972e-07,661781.4725293972
C,lambda_1.902983346207417,yoshida4,controlled_q0.001_phi4.712388980385,0.08,2.724923728880668e-07,660014.0692039847,expanded group exponentials for two groups; not a molecular Pauli-rotation count,2.0549317960776206e-07,659736.2234285807
C,lambda_1.902983346207417,yoshida4,controlled_q0.010_phi0.000000000000,0.08,2.724923728880668e-07,660014.0692039847,expanded group exponentials for two groups; not a molecular Pauli-rotation count,-9.290114077440902e-07,662749.0882533565
C,lambda_1.902983346207417,yoshida4,controlled_q0.010_phi1.570796326795,0.08,2.724923728880668e-07,660014.0692039847,expanded group exponentials for two groups; not a molecular Pauli-rotation count,6.193966698734949e-07,661456.4330174245
C,lambda_1.902983346207417,yoshida4,controlled_q0.010_phi3.141592653590,0.08,2.724923728880668e-07,660014.0692039847,expanded group exponentials for two groups; not a molecular Pauli-rotation count,1.531171738653365e-06,665277.657899978
C,lambda_1.902983346207417,yoshida4,controlled_q0.010_phi4.712388980385,0.08,2.724923728880668e-07,660014.0692039847,expanded group exponentials for two groups; not a molecular Pauli-rotation count,-1.7236338964454135e-08,658956.7726002069
C,lambda_1.902983346207417,yoshida4,controlled_q0.050_phi0.000000000000,0.08,2.724923728880668e-07,660014.0692039847,expanded group exponentials for two groups; not a molecular Pauli-rotation count,-2.4179262285964273e-06,669036.6111091932
C,lambda_1.902983346207417,yoshida4,controlled_q0.050_phi1.570796326795,0.08,2.724923728880668e-07,660014.0692039847,expanded group exponentials for two groups; not a molecular Pauli-rotation count,9.737519383781138e-07,662936.2998600407
C,lambda_1.902983346207417,yoshida4,controlled_q0.050_phi3.141592653590,0.08,2.724923728880668e-07,660014.0692039847,expanded group exponentials for two groups; not a molecular Pauli-rotation count,2.9709306141253555e-06,671402.378469707
C,lambda_1.902983346207417,yoshida4,controlled_q0.050_phi4.712388980385,0.08,2.724923728880668e-07,660014.0692039847,expanded group exponentials for two groups; not a molecular Pauli-rotation count,-4.2074755284951747e-07,660629.7163573551
C,lambda_1.902983346207417,yoshida4,controlled_q0.001_phi0.000000000000,0.12,1.5641552539857884e-06,443611.1457070565,expanded group exponentials for two groups; not a molecular Pauli-rotation count,-2.4844836736986274e-07,439942.88783398113
C,lambda_1.902983346207417,yoshida4,controlled_q0.001_phi1.570796326795,0.12,1.5641552539857884e-06,443611.1457070565,expanded group exponentials for two groups; not a molecular Pauli-rotation count,2.2418469751178567e-06,445524.55657362274
C,lambda_1.902983346207417,yoshida4,controlled_q0.001_phi3.141592653590,0.12,1.5641552539857884e-06,443611.1457070565,expanded group exponentials for two groups; not a molecular Pauli-rotation count,3.6607636647310056e-06,449584.7061441958
C,lambda_1.902983346207417,yoshida4,controlled_q0.001_phi4.712388980385,0.12,1.5641552539857884e-06,443611.1457070565,expanded group exponentials for two groups; not a molecular Pauli-rotation count,1.170468322244055e-06,442507.12891322916
C,lambda_1.902983346207417,yoshida4,controlled_q0.010_phi0.000000000000,0.12,1.5641552539857884e-06,443611.1457070565,expanded group exponentials for two groups; not a molecular Pauli-rotation count,-4.477716307030614e-06,451956.1160994104
C,lambda_1.902983346207417,yoshida4,controlled_q0.010_phi1.570796326795,0.12,1.5641552539857884e-06,443611.1457070565,expanded group exponentials for two groups; not a molecular Pauli-rotation count,3.3617357687018584e-06,448722.9121964351
C,lambda_1.902983346207417,yoshida4,controlled_q0.010_phi3.141592653590,0.12,1.5641552539857884e-06,443611.1457070565,expanded group exponentials for two groups; not a molecular Pauli-rotation count,7.828486839509494e-06,461950.08436571213
C,lambda_1.902983346207417,yoshida4,controlled_q0.010_phi4.712388980385,0.12,1.5641552539857884e-06,443611.1457070565,expanded group exponentials for two groups; not a molecular Pauli-rotation count,-1.0965236224091276e-08,439287.2264551977
C,lambda_1.902983346207417,yoshida4,controlled_q0.050_phi0.000000000000,0.12,1.5641552539857884e-06,443611.1457070565,expanded group exponentials for two groups; not a molecular Pauli-rotation count,-1.1939313838192017e-05,474831.56522784283
C,lambda_1.902983346207417,yoshida4,controlled_q0.050_phi1.570796326795,0.12,1.5641552539857884e-06,443611.1457070565,expanded group exponentials for two groups; not a molecular Pauli-rotation count,5.232450395442935e-06,454169.2614169729
C,lambda_1.902983346207417,yoshida4,controlled_q0.050_phi3.141592653590,0.12,1.5641552539857884e-06,443611.1457070565,expanded group exponentials for two groups; not a molecular Pauli-rotation count,1.5016552082305285e-05,484954.4337741236
C,lambda_1.902983346207417,yoshida4,controlled_q0.050_phi4.712388980385,0.12,1.5641552539857884e-06,443611.1457070565,expanded group exponentials for two groups; not a molecular Pauli-rotation count,-2.15521215133127e-06,445279.0300888673
C,lambda_1.902983346207417,yoshida4,controlled_q0.001_phi0.000000000000,0.18,9.972530176760586e-06,312386.73187141836,expanded group exponentials for two groups; not a molecular Pauli-rotation count,7.643592333673625e-07,294249.3465774006
C,lambda_1.902983346207417,yoshida4,controlled_q0.001_phi1.570796326795,0.18,9.972530176760586e-06,312386.73187141836,expanded group exponentials for two groups; not a molecular Pauli-rotation count,1.3373781347999213e-05,319664.85492466344
C,lambda_1.902983346207417,yoshida4,controlled_q0.001_phi3.141592653590,0.18,9.972530176760586e-06,312386.73187141836,expanded group exponentials for two groups; not a molecular Pauli-rotation count,2.0017511499891272e-05,334906.19948924286
C,lambda_1.902983346207417,yoshida4,controlled_q0.001_phi4.712388980385,0.18,9.972530176760586e-06,312386.73187141836,expanded group exponentials for two groups; not a molecular Pauli-rotation count,7.408089385262794e-06,307114.6874402359
C,lambda_1.902983346207417,yoshida4,controlled_q0.010_phi0.000000000000,0.18,9.972530176760586e-06,312386.73187141836,expanded group exponentials for two groups; not a molecular Pauli-rotation count,-2.0100946997041996e-05,335106.85476158734
C,lambda_1.902983346207417,yoshida4,controlled_q0.010_phi1.570796326795,0.18,9.972530176760586e-06,312386.73187141836,expanded group exponentials for two groups; not a molecular Pauli-rotation count,1.959352565598527e-05,333890.2514378625
C,lambda_1.902983346207417,yoshida4,controlled_q0.010_phi3.141592653590,0.18,9.972530176760586e-06,312386.73187141836,expanded group exponentials for two groups; not a molecular Pauli-rotation count,4.050799441046231e-05,392645.1424238409
C,lambda_1.902983346207417,yoshida4,controlled_q0.010_phi4.712388980385,0.18,9.972530176760586e-06,312386.73187141836,expanded group exponentials for two groups; not a molecular Pauli-rotation count,8.135217574302367e-07,294340.58821084065
C,lambda_1.902983346207417,yoshida4,controlled_q0.050_phi0.000000000000,0.18,9.972530176760586e-06,312386.73187141836,expanded group exponentials for two groups; not a molecular Pauli-rotation count,-5.7009212571746754e-05,455948.24611530296
C,lambda_1.902983346207417,yoshida4,controlled_q0.050_phi1.570796326795,0.18,9.972530176760586e-06,312386.73187141836,expanded group exponentials for two groups; not a molecular Pauli-rotation count,2.9938716848763018e-05,360579.5109801906
C,lambda_1.902983346207417,yoshida4,controlled_q0.050_phi3.141592653590,0.18,9.972530176760586e-06,312386.73187141836,expanded group exponentials for two groups; not a molecular Pauli-rotation count,7.575037856366342e-05,558149.4111848383
C,lambda_1.902983346207417,yoshida4,controlled_q0.050_phi4.712388980385,0.18,9.972530176760586e-06,312386.73187141836,expanded group exponentials for two groups; not a molecular Pauli-rotation count,-1.11975508568536e-05,314969.5737628677
C,lambda_1.902983346207417,yoshida4,controlled_q0.001_phi0.000000000000,0.27,7.265398183919913e-05,358811.3963886814,expanded group exponentials for two groups; not a molecular Pauli-rotation count,2.6902882820894893e-05,234876.83695792058
C,lambda_1.902983346207417,yoshida4,controlled_q0.001_phi1.570796326795,0.27,7.265398183919913e-05,358811.3963886814,expanded group exponentials for two groups; not a molecular Pauli-rotation count,9.07643028489809e-05,453543.1197224079
C,lambda_1.902983346207417,yoshida4,controlled_q0.001_phi3.141592653590,0.27,7.265398183919913e-05,358811.3963886814,expanded group exponentials for two groups; not a molecular Pauli-rotation count,0.00011825253917135454,756823.7678780601
C,lambda_1.902983346207417,yoshida4,controlled_q0.001_phi4.712388980385,0.27,7.265398183919913e-05,358811.3963886814,expanded group exponentials for two groups; not a molecular Pauli-rotation count,5.439111914327966e-05,296384.1076932463
C,lambda_1.902983346207417,yoshida4,controlled_q0.010_phi0.000000000000,0.27,7.265398183919913e-05,358811.3963886814,expanded group exponentials for two groups; not a molecular Pauli-rotation count,-7.251570780499304e-05,358240.09466905135
C,lambda_1.902983346207417,yoshida4,controlled_q0.010_phi1.570796326795,0.27,7.265398183919913e-05,358811.3963886814,expanded group exponentials for two groups; not a molecular Pauli-rotation count,0.00012852010238863657,1008793.9076334134
C,lambda_1.902983346207417,yoshida4,controlled_q0.010_phi3.141592653590,0.27,7.265398183919913e-05,358811.3963886814,expanded group exponentials for two groups; not a molecular Pauli-rotation count,0.00021505309613405562,
C,lambda_1.902983346207417,yoshida4,controlled_q0.010_phi4.712388980385,0.27,7.265398183919913e-05,358811.3963886814,expanded group exponentials for two groups; not a molecular Pauli-rotation count,1.4017285940411136e-05,214053.4469118021
C,lambda_1.902983346207417,yoshida4,controlled_q0.050_phi0.000000000000,0.27,7.265398183919913e-05,358811.3963886814,expanded group exponentials for two groups; not a molecular Pauli-rotation count,-0.0002494987017357316,
C,lambda_1.902983346207417,yoshida4,controlled_q0.050_phi1.570796326795,0.27,7.265398183919913e-05,358811.3963886814,expanded group exponentials for two groups; not a molecular Pauli-rotation count,0.00019085599420649374,
C,lambda_1.902983346207417,yoshida4,controlled_q0.050_phi3.141592653590,0.27,7.265398183919913e-05,358811.3963886814,expanded group exponentials for two groups; not a molecular Pauli-rotation count,0.00038040038489507504,
C,lambda_1.902983346207417,yoshida4,controlled_q0.050_phi4.712388980385,0.27,7.265398183919913e-05,358811.3963886814,expanded group exponentials for two groups; not a molecular Pauli-rotation count,-5.9954311047177065e-05,312971.1010188902
C,lambda_1.902983346207417,yoshida4,controlled_q0.001_phi0.000000000000,0.4,0.0005537165140623301,,expanded group exponentials for two groups; not a molecular Pauli-rotation count,0.00036821235040733664,
C,lambda_1.902983346207417,yoshida4,controlled_q0.001_phi1.570796326795,0.4,0.0005537165140623301,,expanded group exponentials for two groups; not a molecular Pauli-rotation count,0.0006761103009594447,
C,lambda_1.902983346207417,yoshida4,controlled_q0.001_phi3.141592653590,0.4,0.0005537165140623301,,expanded group exponentials for two groups; not a molecular Pauli-rotation count,0.0007448564630182502,
C,lambda_1.902983346207417,yoshida4,controlled_q0.001_phi4.712388980385,0.4,0.0005537165140623301,,expanded group exponentials for two groups; not a molecular Pauli-rotation count,0.0004369585124661342,
C,lambda_1.902983346207417,yoshida4,controlled_q0.010_phi0.000000000000,0.4,0.0005537165140623301,,expanded group exponentials for two groups; not a molecular Pauli-rotation count,-4.634129802057825e-05,185809.93886074398
C,lambda_1.902983346207417,yoshida4,controlled_q0.010_phi1.570796326795,0.4,0.0005537165140623301,,expanded group exponentials for two groups; not a molecular Pauli-rotation count,0.0009229217393341431,
C,lambda_1.902983346207417,yoshida4,controlled_q0.010_phi3.141592653590,0.4,0.0005537165140623301,,expanded group exponentials for two groups; not a molecular Pauli-rotation count,0.0011393347220256633,
C,lambda_1.902983346207417,yoshida4,controlled_q0.010_phi4.712388980385,0.4,0.0005537165140623301,,expanded group exponentials for two groups; not a molecular Pauli-rotation count,0.00017007168467096805,
C,lambda_1.902983346207417,yoshida4,controlled_q0.050_phi0.000000000000,0.4,0.0005537165140623301,,expanded group exponentials for two groups; not a molecular Pauli-rotation count,-0.0007966849143189431,
C,lambda_1.902983346207417,yoshida4,controlled_q0.050_phi1.570796326795,0.4,0.0005537165140623301,,expanded group exponentials for two groups; not a molecular Pauli-rotation count,0.0013264170827396178,
C,lambda_1.902983346207417,yoshida4,controlled_q0.050_phi3.141592653590,0.4,0.0005537165140623301,,expanded group exponentials for two groups; not a molecular Pauli-rotation count,0.0018004543853440218,
C,lambda_1.902983346207417,yoshida4,controlled_q0.050_phi4.712388980385,0.4,0.0005537165140623301,,expanded group exponentials for two groups; not a molecular Pauli-rotation count,-0.00032264761171456536,
C,lambda_1.972983346207417,yoshida4,controlled_q0.001_phi0.000000000000,0.05,1.4700405381873338e-07,1055190.1761515886,expanded group exponentials for two groups; not a molecular Pauli-rotation count,8.031099049964081e-08,1054748.3504476135
C,lambda_1.972983346207417,yoshida4,controlled_q0.001_phi1.570796326795,0.05,1.4700405381873338e-07,1055190.1761515886,expanded group exponentials for two groups; not a molecular Pauli-rotation count,1.743203467545997e-07,1055371.2469751127
C,lambda_1.972983346207417,yoshida4,controlled_q0.001_phi3.141592653590,0.05,1.4700405381873338e-07,1055190.1761515886,expanded group exponentials for two groups; not a molecular Pauli-rotation count,2.3025652612445238e-07,1055742.223703286
C,lambda_1.972983346207417,yoshida4,controlled_q0.001_phi4.712388980385,0.05,1.4700405381873338e-07,1055190.1761515886,expanded group exponentials for two groups; not a molecular Pauli-rotation count,1.3624716986950353e-07,1055118.889315671
C,lambda_1.972983346207417,yoshida4,controlled_q0.010_phi0.000000000000,0.05,1.4700405381873338e-07,1055190.1761515886,expanded group exponentials for two groups; not a molecular Pauli-rotation count,-8.353129420435538e-08,1054769.6756931478
C,lambda_1.972983346207417,yoshida4,controlled_q0.010_phi1.570796326795,0.05,1.4700405381873338e-07,1055190.1761515886,expanded group exponentials for two groups; not a molecular Pauli-rotation count,2.124102475306315e-07,1055623.8363078542
C,lambda_1.972983346207417,yoshida4,controlled_q0.010_phi3.141592653590,0.05,1.4700405381873338e-07,1055190.1761515886,expanded group exponentials for two groups; not a molecular Pauli-rotation count,3.884973926929446e-07,1056793.1136482994
C,lambda_1.972983346207417,yoshida4,controlled_q0.010_phi4.712388980385,0.05,1.4700405381873338e-07,1055190.1761515886,expanded group exponentials for two groups; not a molecular Pauli-rotation count,9.255585095793861e-08,1054829.4420078618
C,lambda_1.972983346207417,yoshida4,controlled_q0.050_phi0.000000000000,0.05,1.4700405381873338e-07,1055190.1761515886,expanded group exponentials for two groups; not a molecular Pauli-rotation count,-3.76937240916123e-07,1056716.270946978
C,lambda_1.972983346207417,yoshida4,controlled_q0.050_phi1.570796326795,0.05,1.4700405381873338e-07,1055190.1761515886,expanded group exponentials for two groups; not a molecular Pauli-rotation count,2.7130173452737943e-07,1056014.6073313253
C,lambda_1.972983346207417,yoshida4,controlled_q0.050_phi3.141592653590,0.05,1.4700405381873338e-07,1055190.1761515886,expanded group exponentials for two groups; not a molecular Pauli-rotation count,6.570081476913573e-07,1058581.1095472742
C,lambda_1.972983346207417,yoshida4,controlled_q0.050_phi4.712388980385,0.05,1.4700405381873338e-07,1055190.1761515886,expanded group exponentials for two groups; not a molecular Pauli-rotation count,8.76917224789879e-09,1054274.8140364578
C,lambda_1.972983346207417,yoshida4,controlled_q0.001_phi0.000000000000,0.08,9.86302067795819e-07,662988.8334305248,expanded group exponentials for two groups; not a molecular Pauli-rotation count,5.475358013107406e-07,661157.1313789776
C,lambda_1.972983346207417,yoshida4,controlled_q0.001_phi1.570796326795,0.08,9.86302067795819e-07,662988.8334305248,expanded group exponentials for two groups; not a molecular Pauli-rotation count,1.163356922938661e-06,663730.8553976993
C,lambda_1.972983346207417,yoshida4,controlled_q0.001_phi3.141592653590,0.08,9.86302067795819e-07,662988.8334305248,expanded group exponentials for two groups; not a molecular Pauli-rotation count,1.5242069858786489e-06,665248.3014781809
C,lambda_1.972983346207417,yoshida4,controlled_q0.001_phi4.712388980385,0.08,9.86302067795819e-07,662988.8334305248,expanded group exponentials for two groups; not a molecular Pauli-rotation count,9.083858642507927e-07,662662.8186414022
C,lambda_1.972983346207417,yoshida4,controlled_q0.010_phi0.000000000000,0.08,9.86302067795819e-07,662988.8334305248,expanded group exponentials for two groups; not a molecular Pauli-rotation count,-5.200925604915525e-07,661042.901312345
C,lambda_1.972983346207417,yoshida4,controlled_q0.010_phi1.570796326795,0.08,9.86302067795819e-07,662988.8334305248,expanded group exponentials for two groups; not a molecular Pauli-rotation count,1.418512908449977e-06,664803.1188840438
C,lambda_1.972983346207417,yoshida4,controlled_q0.010_phi3.141592653590,0.08,9.86302067795819e-07,662988.8334305248,expanded group exponentials for two groups; not a molecular Pauli-rotation count,2.5544692453067894e-06,669619.1943305188
C,lambda_1.972983346207417,yoshida4,controlled_q0.010_phi4.712388980385,0.08,9.86302067795819e-07,662988.8334305248,expanded group exponentials for two groups; not a molecular Pauli-rotation count,6.158637763651381e-07,661441.7121272945
C,lambda_1.972983346207417,yoshida4,controlled_q0.050_phi0.000000000000,0.08,9.86302067795819e-07,662988.8334305248,expanded group exponentials for two groups; not a molecular Pauli-rotation count,-2.433152319920838e-06,669101.5255073899
C,lambda_1.972983346207417,yoshida4,controlled_q0.050_phi1.570796326795,0.08,9.86302067795819e-07,662988.8334305248,expanded group exponentials for two groups; not a molecular Pauli-rotation count,1.8132255816350604e-06,666468.6953465132
C,lambda_1.972983346207417,yoshida4,controlled_q0.050_phi3.141592653590,0.08,9.86302067795819e-07,662988.8334305248,expanded group exponentials for two groups; not a molecular Pauli-rotation count,4.3014574386287045e-06,677163.5497091266
C,lambda_1.972983346207417,yoshida4,controlled_q0.050_phi4.712388980385,0.08,9.86302067795819e-07,662988.8334305248,expanded group exponentials for two groups; not a molecular Pauli-rotation count,5.507953707308706e-08,659113.3090714066
C,lambda_1.972983346207417,yoshida4,controlled_q0.001_phi0.000000000000,0.12,5.227882281300111e-06,454155.8009071211,expanded group exponentials for two groups; not a molecular Pauli-rotation count,2.9921545084632996e-06,447662.3388538189
C,lambda_1.972983346207417,yoshida4,controlled_q0.001_phi1.570796326795,0.12,5.227882281300111e-06,454155.8009071211,expanded group exponentials for two groups; not a molecular Pauli-rotation count,6.106855829334022e-06,456760.58210934367
C,lambda_1.972983346207417,yoshida4,controlled_q0.001_phi3.141592653590,0.12,5.227882281300111e-06,454155.8009071211,expanded group exponentials for two groups; not a molecular Pauli-rotation count,7.874121342654823e-06,462089.24493530137
C,lambda_1.972983346207417,yoshida4,controlled_q0.001_phi4.712388980385,0.12,5.227882281300111e-06,454155.8009071211,expanded group exponentials for two groups; not a molecular Pauli-rotation count,4.7594200217844036e-06,452779.64281858347
C,lambda_1.972983346207417,yoshida4,controlled_q0.010_phi0.000000000000,0.12,5.227882281300111e-06,454155.8009071211,expanded group exponentials for two groups; not a molecular Pauli-rotation count,-2.3490726303481027e-06,445828.81348234206
C,lambda_1.972983346207417,yoshida4,controlled_q0.010_phi1.570796326795,0.12,5.227882281300111e-06,454155.8009071211,expanded group exponentials for two groups; not a molecular Pauli-rotation count,7.456010051450017e-06,460817.35788384755
C,lambda_1.972983346207417,yoshida4,controlled_q0.010_phi3.141592653590,0.12,5.227882281300111e-06,454155.8009071211,expanded group exponentials for two groups; not a molecular Pauli-rotation count,1.3019363546275739e-05,478336.0030251564
C,lambda_1.972983346207417,yoshida4,controlled_q0.010_phi4.712388980385,0.12,5.227882281300111e-06,454155.8009071211,expanded group exponentials for two groups; not a molecular Pauli-rotation count,3.21428086447704e-06,448299.1644940587
C,lambda_1.972983346207417,yoshida4,controlled_q0.050_phi0.000000000000,0.12,5.227882281300111e-06,454155.8009071211,expanded group exponentials for two groups; not a molecular Pauli-rotation count,-1.1932111804995104e-05,474808.36912498187
C,lambda_1.972983346207417,yoshida4,controlled_q0.050_phi1.570796326795,0.12,5.227882281300111e-06,454155.8009071211,expanded group exponentials for two groups; not a molecular Pauli-rotation count,9.545226977944228e-06,467243.60904153506
C,lambda_1.972983346207417,yoshida4,controlled_q0.050_phi3.141592653590,0.12,5.227882281300111e-06,454155.8009071211,expanded group exponentials for two groups; not a molecular Pauli-rotation count,2.173135856452046e-05,508615.0243329336
C,lambda_1.972983346207417,yoshida4,controlled_q0.050_phi4.712388980385,0.12,5.227882281300111e-06,454155.8009071211,expanded group exponentials for two groups; not a molecular Pauli-rotation count,2.5401978158248555e-07,439958.2933133825
C,lambda_1.972983346207417,yoshida4,controlled_q0.001_phi0.000000000000,0.18,2.9065378291948107e-05,358162.619469564,expanded group exponentials for two groups; not a molecular Pauli-rotation count,1.765661877635914e-05,329326.3922489103
C,lambda_1.972983346207417,yoshida4,controlled_q0.001_phi1.570796326795,0.18,2.9065378291948107e-05,358162.619469564,expanded group exponentials for two groups; not a molecular Pauli-rotation count,3.339183991212367e-05,370463.95577846776
C,lambda_1.972983346207417,yoshida4,controlled_q0.001_phi3.141592653590,0.18,2.9065378291948107e-05,358162.619469564,expanded group exponentials for two groups; not a molecular Pauli-rotation count,4.166044733583998e-05,396489.7195149862
C,lambda_1.972983346207417,yoshida4,controlled_q0.001_phi4.712388980385,0.18,2.9065378291948107e-05,358162.619469564,expanded group exponentials for two groups; not a molecular Pauli-rotation count,2.5925226200076732e-05,349733.89447708963
C,lambda_1.972983346207417,yoshida4,controlled_q0.010_phi0.000000000000,0.18,2.9065378291948107e-05,358162.619469564,expanded group exponentials for two groups; not a molecular Pauli-rotation count,-8.658427804335116e-06,309662.75154590793
C,lambda_1.972983346207417,yoshida4,controlled_q0.010_phi1.570796326795,0.18,2.9065378291948107e-05,358162.619469564,expanded group exponentials for two groups; not a molecular Pauli-rotation count,4.087606310133518e-05,393864.8889556673
C,lambda_1.972983346207417,yoshida4,controlled_q0.010_phi3.141592653590,0.18,2.9065378291948107e-05,358162.619469564,expanded group exponentials for two groups; not a molecular Pauli-rotation count,6.690564703274716e-05,504753.53534943255
C,lambda_1.972983346207417,yoshida4,controlled_q0.010_phi4.712388980385,0.18,2.9065378291948107e-05,358162.619469564,expanded group exponentials for two groups; not a molecular Pauli-rotation count,1.737115612707435e-05,328664.29531866015
C,lambda_1.972983346207417,yoshida4,controlled_q0.050_phi0.000000000000,0.18,2.9065378291948107e-05,358162.619469564,expanded group exponentials for two groups; not a molecular Pauli-rotation count,-5.6012703468312456e-05,451551.8414839502
C,lambda_1.972983346207417,yoshida4,controlled_q0.050_phi1.570796326795,0.18,2.9065378291948107e-05,358162.619469564,expanded group exponentials for two groups; not a molecular Pauli-rotation count,5.248908862737863e-05,436663.8369013664
C,lambda_1.972983346207417,yoshida4,controlled_q0.050_phi3.141592653590,0.18,2.9065378291948107e-05,358162.619469564,expanded group exponentials for two groups; not a molecular Pauli-rotation count,0.00010950504765767035,936048.5754641308
C,lambda_1.972983346207417,yoshida4,controlled_q0.050_phi4.712388980385,0.18,2.9065378291948107e-05,358162.619469564,expanded group exponentials for two groups; not a molecular Pauli-rotation count,1.0032555619853514e-06,294693.24989403965
C,lambda_1.972983346207417,yoshida4,controlled_q0.001_phi0.000000000000,0.27,0.0001749091818983306,,expanded group exponentials for two groups; not a molecular Pauli-rotation count,0.00011796384919321231,751545.8041322075
C,lambda_1.972983346207417,yoshida4,controlled_q0.001_phi1.570796326795,0.27,0.0001749091818983306,,expanded group exponentials for two groups; not a molecular Pauli-rotation count,0.0001972480361065576,
C,lambda_1.972983346207417,yoshida4,controlled_q0.001_phi3.141592653590,0.27,0.0001749091818983306,,expanded group exponentials for two groups; not a molecular Pauli-rotation count,0.00023138303276543687,
C,lambda_1.972983346207417,yoshida4,controlled_q0.001_phi4.712388980385,0.27,0.0001749091818983306,,expanded group exponentials for two groups; not a molecular Pauli-rotation count,0.00015209884585209532,4284589.857025047
C,lambda_1.972983346207417,yoshida4,controlled_q0.010_phi0.000000000000,0.27,0.0001749091818983306,,expanded group exponentials for two groups; not a molecular Pauli-rotation count,-6.998829978528196e-06,204193.16171011614
C,lambda_1.972983346207417,yoshida4,controlled_q0.010_phi1.570796326795,0.27,0.0001749091818983306,,expanded group exponentials for two groups; not a molecular Pauli-rotation count,0.00024258786484689755,
C,lambda_1.972983346207417,yoshida4,controlled_q0.010_phi3.141592653590,0.27,0.0001749091818983306,,expanded group exponentials for two groups; not a molecular Pauli-rotation count,0.0003500448663707892,
C,lambda_1.972983346207417,yoshida4,controlled_q0.010_phi4.712388980385,0.27,0.0001749091818983306,,expanded group exponentials for two groups; not a molecular Pauli-rotation count,0.00010045817154535547,528185.7378685578
C,lambda_1.972983346207417,yoshida4,controlled_q0.050_phi0.000000000000,0.27,0.0001749091818983306,,expanded group exponentials for two groups; not a molecular Pauli-rotation count,-0.00023351831841891845,
C,lambda_1.972983346207417,yoshida4,controlled_q0.050_phi1.570796326795,0.27,0.0001749091818983306,,expanded group exponentials for two groups; not a molecular Pauli-rotation count,0.00031318364977875627,
C,lambda_1.972983346207417,yoshida4,controlled_q0.050_phi3.141592653590,0.27,0.0001749091818983306,,expanded group exponentials for two groups; not a molecular Pauli-rotation count,0.0005485605967383414,
C,lambda_1.972983346207417,yoshida4,controlled_q0.050_phi4.712388980385,0.27,0.0001749091818983306,,expanded group exponentials for two groups; not a molecular Pauli-rotation count,1.8586285406884837e-06,197529.13138626705
C,lambda_1.972983346207417,yoshida4,controlled_q0.001_phi0.000000000000,0.4,0.0010917766492664072,,expanded group exponentials for two groups; not a molecular Pauli-rotation count,0.0008642946505218522,
C,lambda_1.972983346207417,yoshida4,controlled_q0.001_phi1.570796326795,0.4,0.0010917766492664072,,expanded group exponentials for two groups; not a molecular Pauli-rotation count,0.0012423251155496778,
C,lambda_1.972983346207417,yoshida4,controlled_q0.001_phi3.141592653590,0.4,0.0010917766492664072,,expanded group exponentials for two groups; not a molecular Pauli-rotation count,0.001326729458960323,
C,lambda_1.972983346207417,yoshida4,controlled_q0.001_phi4.712388980385,0.4,0.0010917766492664072,,expanded group exponentials for two groups; not a molecular Pauli-rotation count,0.0009486989939324867,
C,lambda_1.972983346207417,yoshida4,controlled_q0.010_phi0.000000000000,0.4,0.0010917766492664072,,expanded group exponentials for two groups; not a molecular Pauli-rotation count,0.0003478807147662764,
C,lambda_1.972983346207417,yoshida4,controlled_q0.010_phi1.570796326795,0.4,0.0010917766492664072,,expanded group exponentials for two groups; not a molecular Pauli-rotation count,0.001537920973522298,
C,lambda_1.972983346207417,yoshida4,controlled_q0.010_phi3.141592653590,0.4,0.0010917766492664072,,expanded group exponentials for two groups; not a molecular Pauli-rotation count,0.001803625925807402,
C,lambda_1.972983346207417,yoshida4,controlled_q0.010_phi4.712388980385,0.4,0.0010917766492664072,,expanded group exponentials for two groups; not a molecular Pauli-rotation count,0.0006135856670513912,
C,lambda_1.972983346207417,yoshida4,controlled_q0.050_phi0.000000000000,0.4,0.0010917766492664072,,expanded group exponentials for two groups; not a molecular Pauli-rotation count,-0.0006064166394073825,
C,lambda_1.972983346207417,yoshida4,controlled_q0.050_phi1.570796326795,0.4,0.0010917766492664072,,expanded group exponentials for two groups; not a molecular Pauli-rotation count,0.0020002822158801067,
C,lambda_1.972983346207417,yoshida4,controlled_q0.050_phi3.141592653590,0.4,0.0010917766492664072,,expanded group exponentials for two groups; not a molecular Pauli-rotation count,0.0025822900848321883,
C,lambda_1.972983346207417,yoshida4,controlled_q0.050_phi4.712388980385,0.4,0.0010917766492664072,,expanded group exponentials for two groups; not a molecular Pauli-rotation count,-2.4408770455288307e-05,155611.76051346582
