condition,time_hartree_inverse,time_hex,schur_index,cluster_index,target_cluster,selected_target_vector,weight,raw_phase_radian,relative_phase_radian,relative_eigenvalue_real,relative_eigenvalue_imaginary
HCl_full_eq_sto3g,0.12118203522285972,0x1.f05c92e251856p-4,51,0,False,False,8.474262182921709e-35,-3.122671801860059,0.04718479013310681,0.9988870043111108,0.047167283344522824
HCl_full_eq_sto3g,0.12118203522285972,0x1.f05c92e251856p-4,53,0,False,False,1.1368153910486222e-33,-3.122671801653437,0.047184790339728826,0.9988870043013486,0.047167283550914096
HCl_full_eq_sto3g,0.12118203522285972,0x1.f05c92e251856p-4,63,1,False,False,5.655303370663627e-34,-3.119040289456137,0.05081630253702919,0.9987091295181677,0.05079443489974173
HCl_full_eq_sto3g,0.12118203522285972,0x1.f05c92e251856p-4,56,1,False,False,1.8843985935522832e-33,-3.1190402894051044,0.05081630258806175,0.9987091295155666,0.050794434950707956
HCl_full_eq_sto3g,0.12118203522285972,0x1.f05c92e251856p-4,32,2,False,False,3.560878261252923e-15,-3.112497787696896,0.05735880429626987,0.9983554347482593,0.05732735741538459
HCl_full_eq_sto3g,0.12118203522285972,0x1.f05c92e251856p-4,65,3,False,False,1.9428503950169938e-32,-3.096970066283094,0.07288652571007216,0.9973449528965387,0.07282200856547054
HCl_full_eq_sto3g,0.12118203522285972,0x1.f05c92e251856p-4,64,3,False,False,3.038393954523619e-31,-3.0969700593869858,0.07288653260618,0.9973449523943564,0.07282201544326933
HCl_full_eq_sto3g,0.12118203522285972,0x1.f05c92e251856p-4,68,4,False,False,3.2900369800722846e-32,-3.095657522301662,0.07419906969150375,0.9972485117362162,0.07413100457709888
HCl_full_eq_sto3g,0.12118203522285972,0x1.f05c92e251856p-4,67,4,False,False,3.010164378879178e-31,-3.095657520875443,0.07419907111772302,0.9972485116304992,0.07413100599939468
HCl_full_eq_sto3g,0.12118203522285972,0x1.f05c92e251856p-4,47,5,False,False,3.2208267729537404e-12,-3.0935960752788616,0.07626051671430424,0.9970935757708745,0.0761866205844203
HCl_full_eq_sto3g,0.12118203522285972,0x1.f05c92e251856p-4,42,6,False,False,6.2891552103492e-09,-3.092396377112887,0.07746021488027897,0.9970014572976177,0.07738277680486194
HCl_full_eq_sto3g,0.12118203522285972,0x1.f05c92e251856p-4,33,7,False,False,6.7159629208417934e-12,-3.082074097907228,0.08778249408593794,0.9961495903484479,0.08766979895115866
HCl_full_eq_sto3g,0.12118203522285972,0x1.f05c92e251856p-4,38,8,False,False,1.3283511703479367e-15,-3.051485045579911,0.11837154641325494,0.9930022651458603,0.11809530648941628
HCl_full_eq_sto3g,0.12118203522285972,0x1.f05c92e251856p-4,37,9,False,False,3.02815649634972e-12,-3.045743779405107,0.12411281258805909,0.9923078865885545,0.12379441915432443
HCl_full_eq_sto3g,0.12118203522285972,0x1.f05c92e251856p-4,45,10,False,False,5.721838057983973e-20,-3.037959092351502,0.13189749964166392,0.9913141280619773,0.1315153964545345
HCl_full_eq_sto3g,0.12118203522285972,0x1.f05c92e251856p-4,87,11,False,False,1.1133266213149855e-35,-3.031259357513257,0.13859723447990863,0.9904107681689515,0.1381539369497999
HCl_full_eq_sto3g,0.12118203522285972,0x1.f05c92e251856p-4,88,11,False,False,4.918325246004983e-35,-3.0312593571949575,0.13859723479820826,0.9904107681249601,0.1381539372650449
HCl_full_eq_sto3g,0.12118203522285972,0x1.f05c92e251856p-4,59,12,False,False,9.977912594620168e-21,-3.0297911151114283,0.1400654768817377,0.990206857241911,0.13960795060073153
HCl_full_eq_sto3g,0.12118203522285972,0x1.f05c92e251856p-4,58,12,False,False,8.116792808743777e-18,-3.029791113077391,0.140065478915775,0.9902068569578893,0.1396079526148416
HCl_full_eq_sto3g,0.12118203522285972,0x1.f05c92e251856p-4,48,13,False,False,5.544893882466122e-16,-3.027484806387525,0.14237178560564082,0.9898822450091805,0.1418912999981327
HCl_full_eq_sto3g,0.12118203522285972,0x1.f05c92e251856p-4,46,14,False,False,8.852597664622903e-08,-3.025229696389106,0.1446268956040602,0.9895597477586102,0.14412323065859986
HCl_full_eq_sto3g,0.12118203522285972,0x1.f05c92e251856p-4,86,15,False,False,3.806736979668091e-37,-3.0241456530869932,0.14571093890617295,0.9894029305259744,0.14519587138191878
HCl_full_eq_sto3g,0.12118203522285972,0x1.f05c92e251856p-4,83,15,False,False,2.5808099420300295e-36,-3.0241456530261974,0.14571093896696868,0.9894029305171296,0.1451958714420677
HCl_full_eq_sto3g,0.12118203522285972,0x1.f05c92e251856p-4,44,16,False,False,9.124482919341559e-11,-3.022184914656654,0.14767167733651163,0.9891163377066295,0.1471355513855347
HCl_full_eq_sto3g,0.12118203522285972,0x1.f05c92e251856p-4,34,17,False,False,2.4698493228961875e-13,-3.0066968138116557,0.1631597781815105,0.986718945687667,0.1624368253219967
HCl_full_eq_sto3g,0.12118203522285972,0x1.f05c92e251856p-4,60,18,False,False,8.504851984177148e-34,-2.9757365370879425,0.19412005490522344,0.9812177936251766,0.19290319197220276
HCl_full_eq_sto3g,0.12118203522285972,0x1.f05c92e251856p-4,61,18,False,False,4.77562635952642e-34,-2.97573653697827,0.1941200550148961,0.9812177936040173,0.19290319207981493
HCl_full_eq_sto3g,0.12118203522285972,0x1.f05c92e251856p-4,27,19,False,False,2.499829335633798e-16,-2.9684756365038023,0.20138095548936374,0.9797912899133441,0.20002256925050474
HCl_full_eq_sto3g,0.12118203522285972,0x1.f05c92e251856p-4,49,20,False,False,1.537218239818021e-33,-2.946123454683012,0.2237331373101537,0.9750759698758105,0.22187125314126066
HCl_full_eq_sto3g,0.12118203522285972,0x1.f05c92e251856p-4,50,20,False,False,8.557364938822625e-35,-2.9461234545881405,0.22373313740502546,0.975075969854758,0.2218712532337671
HCl_full_eq_sto3g,0.12118203522285972,0x1.f05c92e251856p-4,25,21,False,False,9.176487553275776e-14,-2.94017362601456,0.2296829659786061,0.9737386227031578,0.22766882671053307
HCl_full_eq_sto3g,0.12118203522285972,0x1.f05c92e251856p-4,22,22,False,False,2.0615013994803008e-11,-2.885452118610143,0.28440447338302316,0.9598289192201986,0.2805858974150551
HCl_full_eq_sto3g,0.12118203522285972,0x1.f05c92e251856p-4,73,23,False,False,3.8063250393229354e-35,-2.24503379599759,0.9248227959955762,0.6019761017293578,0.7985141031606372
HCl_full_eq_sto3g,0.12118203522285972,0x1.f05c92e251856p-4,74,23,False,False,1.1319686791081066e-34,-2.245033794080392,0.9248227979127741,0.6019761001984403,0.7985141043147341
HCl_full_eq_sto3g,0.12118203522285972,0x1.f05c92e251856p-4,52,24,False,False,1.7579135190005645e-15,-2.244989892780018,0.9248666992131481,0.6019410438107863,0.7985405310787977
HCl_full_eq_sto3g,0.12118203522285972,0x1.f05c92e251856p-4,75,25,False,False,2.0217997458497668e-34,-2.244700564780291,0.9251560272128749,0.6017099784850257,0.7987146560513694
HCl_full_eq_sto3g,0.12118203522285972,0x1.f05c92e251856p-4,76,25,False,False,1.7295381097342727e-34,-2.244700564644605,0.9251560273485606,0.6017099783766446,0.7987146561330036
HCl_full_eq_sto3g,0.12118203522285972,0x1.f05c92e251856p-4,30,26,False,False,1.4065267445967316e-11,-2.242699811700124,0.9271567802930417,0.6001107444168844,0.7999169297089654
HCl_full_eq_sto3g,0.12118203522285972,0x1.f05c92e251856p-4,71,27,False,False,2.2958004236053173e-16,-2.15019298535676,1.019663606636406,0.5236525651176227,0.8519319169073145
HCl_full_eq_sto3g,0.12118203522285972,0x1.f05c92e251856p-4,99,28,False,False,2.5735141023451065e-36,-2.1483431405965643,1.0215134513966018,0.5220757282740844,0.852899134685214
HCl_full_eq_sto3g,0.12118203522285972,0x1.f05c92e251856p-4,92,28,False,False,4.1774883962689e-36,-2.1483431405107347,1.0215134514824313,0.5220757282008762,0.8528991347300167
HCl_full_eq_sto3g,0.12118203522285972,0x1.f05c92e251856p-4,84,29,False,False,8.202507218669358e-21,-2.14818182274458,1.021674769248586,0.5219381336252006,0.8529833437222044
HCl_full_eq_sto3g,0.12118203522285972,0x1.f05c92e251856p-4,85,29,False,False,1.4917716961715515e-18,-2.148181822678673,1.021674769314493,0.5219381335689838,0.8529833437566052
HCl_full_eq_sto3g,0.12118203522285972,0x1.f05c92e251856p-4,89,30,False,False,3.6596889367174924e-17,-2.146874148609686,1.02298244338348,0.5208222634269424,0.8536651392194261
HCl_full_eq_sto3g,0.12118203522285972,0x1.f05c92e251856p-4,97,31,False,False,3.1966353882125085e-38,-2.1468496715456795,1.0230069204474865,0.5208013680546772,0.8536778871635837
HCl_full_eq_sto3g,0.12118203522285972,0x1.f05c92e251856p-4,98,31,False,False,9.875119261866365e-37,-2.1468496714527157,1.0230069205404502,0.5208013679753125,0.8536778872119934
HCl_full_eq_sto3g,0.12118203522285972,0x1.f05c92e251856p-4,80,32,False,False,5.549921093634052e-19,-2.1438327508791946,1.0260238411139713,0.518223523385444,0.8552452161863444
HCl_full_eq_sto3g,0.12118203522285972,0x1.f05c92e251856p-4,77,33,False,False,1.172930946274075e-15,-2.142841356566188,1.0270152354269781,0.5173753836095184,0.8557585596618592
HCl_full_eq_sto3g,0.12118203522285972,0x1.f05c92e251856p-4,96,34,False,False,2.3153548518406687e-35,-2.1413058487000667,1.0285507432930994,0.5160607501963513,0.8565519844740762
HCl_full_eq_sto3g,0.12118203522285972,0x1.f05c92e251856p-4,95,34,False,False,3.7433301323455707e-35,-2.1413058481815623,1.0285507438116035,0.5160607497522152,0.8565519847416387
HCl_full_eq_sto3g,0.12118203522285972,0x1.f05c92e251856p-4,81,35,False,False,1.4302192549528907e-18,-2.1400184720762114,1.0298381199169544,0.5149576178553608,0.8572156390385982
HCl_full_eq_sto3g,0.12118203522285972,0x1.f05c92e251856p-4,82,35,False,False,1.1717001115221966e-19,-2.1400184622720584,1.0298381297211074,0.5149576094510933,0.8572156440873311
HCl_full_eq_sto3g,0.12118203522285972,0x1.f05c92e251856p-4,72,36,False,False,8.781153220614417e-11,-2.1384126846800475,1.0314439073131185,0.513580448455309,0.8580414459477251
HCl_full_eq_sto3g,0.12118203522285972,0x1.f05c92e251856p-4,93,37,False,False,6.21895326979161e-35,-2.1380465818747845,1.0318100101183816,0.5132662826640274,0.8582294116842646
HCl_full_eq_sto3g,0.12118203522285972,0x1.f05c92e251856p-4,94,37,False,False,4.052983293820061e-35,-2.138046581685325,1.0318100103078414,0.5132662825014364,0.8582294117815226
HCl_full_eq_sto3g,0.12118203522285972,0x1.f05c92e251856p-4,69,38,False,False,5.185039137095105e-10,-2.1340015801067342,1.0358550118864316,0.509790553607443,0.8602985478612849
HCl_full_eq_sto3g,0.12118203522285972,0x1.f05c92e251856p-4,91,39,False,False,8.797547105951159e-34,-2.076008949187515,1.093847642805651,0.459070528229272,0.8883998255914776
HCl_full_eq_sto3g,0.12118203522285972,0x1.f05c92e251856p-4,90,40,False,False,1.2385421536828852e-33,-2.0760089043390666,1.0938476876540995,0.45907048838592307,0.8883998461800883
HCl_full_eq_sto3g,0.12118203522285972,0x1.f05c92e251856p-4,70,41,False,False,1.2524345103997946e-15,-2.076004042401474,1.0938525495916918,0.4590661690358791,0.8884020781416355
HCl_full_eq_sto3g,0.12118203522285972,0x1.f05c92e251856p-4,62,42,False,False,4.360170984901e-12,-2.0741417892297656,1.0957148027634005,0.45741094438685975,0.8892554345938712
HCl_full_eq_sto3g,0.12118203522285972,0x1.f05c92e251856p-4,78,43,False,False,3.459544903362629e-33,-2.074064589947699,1.095792002045467,0.45734229314279795,0.8892907437405247
HCl_full_eq_sto3g,0.12118203522285972,0x1.f05c92e251856p-4,79,44,False,False,2.922023568293708e-33,-2.07406457839773,1.0957920135954362,0.4573422828715115,0.8892907490228029
HCl_full_eq_sto3g,0.12118203522285972,0x1.f05c92e251856p-4,28,45,False,False,1.1466572783018372e-07,-2.0380285375626492,1.1318280544305166,0.42500578123909677,0.9051906351223203
HCl_full_eq_sto3g,0.12118203522285972,0x1.f05c92e251856p-4,41,46,False,False,3.446775899776653e-14,-1.961880967499575,1.207975624493591,0.3549127146890703,0.9348994410906781
HCl_full_eq_sto3g,0.12118203522285972,0x1.f05c92e251856p-4,54,47,False,False,1.0546255410390018e-33,-1.9618046606444048,1.2080519313487612,0.3548413744196211,0.9349265206419674
HCl_full_eq_sto3g,0.12118203522285972,0x1.f05c92e251856p-4,66,48,False,False,1.0741488990902158e-33,-1.9618046500098218,1.2080519419833442,0.35484136447706716,0.9349265244155566
HCl_full_eq_sto3g,0.12118203522285972,0x1.f05c92e251856p-4,31,49,False,False,1.3902627709857925e-16,-1.93464032083312,1.2352162711600458,0.32931692505525445,0.9442194463533284
HCl_full_eq_sto3g,0.12118203522285972,0x1.f05c92e251856p-4,29,50,False,False,9.520840777690637e-12,-1.933486878014549,1.2363697139786167,0.3282276030906017,0.944598666402289
HCl_full_eq_sto3g,0.12118203522285972,0x1.f05c92e251856p-4,43,51,False,False,6.837545976570593e-10,-1.9304351194055274,1.2394214725876387,0.32534339202436424,0.9455959376317489
HCl_full_eq_sto3g,0.12118203522285972,0x1.f05c92e251856p-4,57,52,False,False,5.6277945848886125e-31,-1.930432562046031,1.239424029947135,0.3253409737945686,0.9455967696487256
HCl_full_eq_sto3g,0.12118203522285972,0x1.f05c92e251856p-4,55,53,False,False,2.7380856553377337e-30,-1.9304325476770885,1.2394240443160776,0.3253409602073436,0.9455967743235332
HCl_full_eq_sto3g,0.12118203522285972,0x1.f05c92e251856p-4,35,54,False,False,8.259838982782676e-33,-1.8354951408759612,1.3343614511172046,0.2342381825116589,0.9721792395712442
HCl_full_eq_sto3g,0.12118203522285972,0x1.f05c92e251856p-4,36,55,False,False,7.2367526169390505e-34,-1.8354950964327739,1.334361495560392,0.2342381393049158,0.9721792499815399
HCl_full_eq_sto3g,0.12118203522285972,0x1.f05c92e251856p-4,40,56,False,False,1.0569776653996575e-33,-1.8327685220709518,1.3370880699222143,0.23158655288419544,0.9728143032063767
HCl_full_eq_sto3g,0.12118203522285972,0x1.f05c92e251856p-4,39,57,False,False,1.1797426008658122e-32,-1.8327685025589417,1.3370880894342243,0.23158653390263298,0.9728143077250961
HCl_full_eq_sto3g,0.12118203522285972,0x1.f05c92e251856p-4,26,58,False,False,1.6000126618878034e-15,-1.831669100916416,1.3381874910767497,0.23051688051284153,0.9730683263770725
HCl_full_eq_sto3g,0.12118203522285972,0x1.f05c92e251856p-4,24,59,False,False,6.810814895313371e-14,-1.829258272029613,1.340598319963553,0.228170311662417,0.9736212348112835
HCl_full_eq_sto3g,0.12118203522285972,0x1.f05c92e251856p-4,19,60,False,False,3.3473762474597296e-16,-1.7674513471891276,1.4024052448040385,0.16759640569596845,0.9858556916696374
HCl_full_eq_sto3g,0.12118203522285972,0x1.f05c92e251856p-4,18,61,False,False,4.045698519631317e-11,-1.760152924347419,1.409703667645747,0.16039681421772486,0.9870526135867286
HCl_full_eq_sto3g,0.12118203522285972,0x1.f05c92e251856p-4,15,62,False,False,1.339268520799001e-13,-1.6733645291588617,1.4964920628343044,0.07423590899503303,0.9972407080616474
HCl_full_eq_sto3g,0.12118203522285972,0x1.f05c92e251856p-4,10,63,False,False,6.650682951217889e-09,-1.6023088761113664,1.5675477158817994,0.003248605199078221,0.9999947232679888
HCl_full_eq_sto3g,0.12118203522285972,0x1.f05c92e251856p-4,14,64,False,False,3.9460035247803276e-33,-1.1158627583477163,2.0539938336454497,-0.4646129824258599,0.8855138488815804
HCl_full_eq_sto3g,0.12118203522285972,0x1.f05c92e251856p-4,13,64,False,False,5.380414306700922e-32,-1.1158627580327523,2.053993833960414,-0.4646129827047549,0.8855138487352249
HCl_full_eq_sto3g,0.12118203522285972,0x1.f05c92e251856p-4,4,65,False,False,3.1324185704007274e-19,-1.115807707659812,2.054048884333354,-0.4646617298683733,0.8854882702755518
HCl_full_eq_sto3g,0.12118203522285972,0x1.f05c92e251856p-4,5,66,False,False,3.1470758632169863e-12,-1.0841052286084376,2.085751363384728,-0.4924957172095217,0.8703148674646167
HCl_full_eq_sto3g,0.12118203522285972,0x1.f05c92e251856p-4,17,67,False,False,2.0770242820174375e-32,-1.0840862074634467,2.0857703845297193,-0.49251227150570864,0.8703054994747308
HCl_full_eq_sto3g,0.12118203522285972,0x1.f05c92e251856p-4,16,67,False,False,6.746557783559414e-32,-1.0840862069444068,2.0857703850487592,-0.4925122719574424,0.8703054992191157
HCl_full_eq_sto3g,0.12118203522285972,0x1.f05c92e251856p-4,7,68,False,False,8.485074420551464e-16,-1.0840299893213967,2.0858266026717693,-0.4925611976856251,0.870277809974672
HCl_full_eq_sto3g,0.12118203522285972,0x1.f05c92e251856p-4,6,69,False,False,7.331808418357645e-16,-1.0840299683965722,2.085826623596594,-0.4925612158960349,0.8702777996679142
HCl_full_eq_sto3g,0.12118203522285972,0x1.f05c92e251856p-4,3,70,False,False,3.0076242583464762e-12,-1.0514739195922593,2.1183826724009065,-0.5206280088539146,0.8537836238746502
HCl_full_eq_sto3g,0.12118203522285972,0x1.f05c92e251856p-4,2,71,False,False,3.2009163650847184e-14,-0.8414192500258086,2.328437341967357,-0.6872096526870947,0.7264591476836688
HCl_full_eq_sto3g,0.12118203522285972,0x1.f05c92e251856p-4,11,72,False,False,8.71245037780939e-31,-0.8413751293009477,2.3284814626922183,-0.6872417039224313,0.7264288267886404
HCl_full_eq_sto3g,0.12118203522285972,0x1.f05c92e251856p-4,12,72,False,False,2.3742713157980134e-30,-0.8413751276656753,2.3284814643274907,-0.6872417051103383,0.7264288256648109
HCl_full_eq_sto3g,0.12118203522285972,0x1.f05c92e251856p-4,1,73,False,False,1.2763263364020118e-12,-0.7333830399643101,2.436473552028856,-0.7615343645196376,0.6481245340636524
HCl_full_eq_sto3g,0.12118203522285972,0x1.f05c92e251856p-4,9,74,False,False,7.607126955526294e-31,-0.7332916430365771,2.436564948956589,-0.761593597930123,0.6480549294555041
HCl_full_eq_sto3g,0.12118203522285972,0x1.f05c92e251856p-4,8,74,False,False,1.8381868784649797e-30,-0.7332916378539418,2.4365649541392242,-0.7615936012887529,0.6480549255084401
HCl_full_eq_sto3g,0.12118203522285972,0x1.f05c92e251856p-4,0,75,False,False,2.000067696574797e-11,-0.46702306840545427,2.702833523587712,-0.9052795020379346,0.424816458237701
HCl_full_eq_sto3g,0.12118203522285972,0x1.f05c92e251856p-4,21,76,False,False,5.343763947664995e-13,3.0840393989683514,-0.029289316218069027,0.9995710986404533,-0.029285128689138705
HCl_full_eq_sto3g,0.12118203522285972,0x1.f05c92e251856p-4,20,77,False,False,8.579965608969359e-08,3.0845160113790024,-0.028812703807418048,0.9995849427647405,-0.02880871739003985
HCl_full_eq_sto3g,0.12118203522285972,0x1.f05c92e251856p-4,23,78,True,True,0.9999996965569132,3.113328346854837,-3.6833158344408285e-07,0.9999999999997383,-3.683315834440031e-07
HCl_full_eq_sto3g,0.15753664578971766,0x1.42a292acb4fd2p-3,36,0,False,False,2.3051629056750222e-14,-3.1227629281092772,0.3697321107638808,0.932424185032475,0.3613656585318551
HCl_full_eq_sto3g,0.15753664578971766,0x1.42a292acb4fd2p-3,76,1,False,False,8.460214699350714e-35,-2.290224993689272,1.2022700451838857,0.3602410518220625,0.9328592522893652
HCl_full_eq_sto3g,0.15753664578971766,0x1.42a292acb4fd2p-3,75,1,False,False,8.180168444218255e-35,-2.2902249902906826,1.2022700485824753,0.3602410486516487,0.9328592535136555
HCl_full_eq_sto3g,0.15753664578971766,0x1.42a292acb4fd2p-3,55,2,False,False,1.5599506984797708e-14,-2.290168041951745,1.2023269969214128,0.36018792328256505,0.9328797671302695
HCl_full_eq_sto3g,0.15753664578971766,0x1.42a292acb4fd2p-3,78,3,False,False,1.182438346002091e-34,-2.289792102939873,1.2027029359332848,0.3598371919402896,0.9330151098970819
HCl_full_eq_sto3g,0.15753664578971766,0x1.42a292acb4fd2p-3,77,3,False,False,3.2140506822584177e-34,-2.289792102140605,1.2027029367325526,0.35983719119455376,0.9330151101846705
HCl_full_eq_sto3g,0.15753664578971766,0x1.42a292acb4fd2p-3,50,4,False,False,2.163247729045124e-12,-2.287171212920999,1.205323825952159,0.3573906288790654,0.9339549980534511
HCl_full_eq_sto3g,0.15753664578971766,0x1.42a292acb4fd2p-3,70,5,False,False,6.04905394795736e-16,-2.1669323513298813,1.3255626875432764,0.24278298032479576,0.9700806278161951
HCl_full_eq_sto3g,0.15753664578971766,0x1.42a292acb4fd2p-3,97,6,False,False,2.682833193189841e-36,-2.1645279335029106,1.3279671053702473,0.24044980162592264,0.970661574853854
HCl_full_eq_sto3g,0.15753664578971766,0x1.42a292acb4fd2p-3,96,6,False,False,6.714199142107476e-36,-2.1645279332324714,1.3279671056406865,0.24044980136341565,0.9706615749188725
HCl_full_eq_sto3g,0.15753664578971766,0x1.42a292acb4fd2p-3,88,7,False,False,4.8348545438423105e-20,-2.1643178391931506,1.3281771996800074,0.24024586584715915,0.9707120705662592
HCl_full_eq_sto3g,0.15753664578971766,0x1.42a292acb4fd2p-3,89,7,False,False,1.628291377477648e-17,-2.164317838947185,1.3281771999259726,0.2402458656083978,0.9707120706253518
HCl_full_eq_sto3g,0.15753664578971766,0x1.42a292acb4fd2p-3,79,8,False,False,3.851179671168686e-16,-2.1626179336565468,1.3298771052166112,0.23859540070206037,0.971119063124343
HCl_full_eq_sto3g,0.15753664578971766,0x1.42a292acb4fd2p-3,99,9,False,False,4.195221943076413e-37,-2.162586491731312,1.3299085471418461,0.23856486673115462,0.9711265645430845
HCl_full_eq_sto3g,0.15753664578971766,0x1.42a292acb4fd2p-3,98,9,False,False,3.2600600315169114e-36,-2.1625864913590274,1.3299085475141303,0.2385648663696186,0.9711265646318942
HCl_full_eq_sto3g,0.15753664578971766,0x1.42a292acb4fd2p-3,74,10,False,False,8.217045261273599e-18,-2.15866413882716,1.3338309000459982,0.23475394025721857,0.9720548274317613
HCl_full_eq_sto3g,0.15753664578971766,0x1.42a292acb4fd2p-3,73,11,False,False,7.754975121994342e-15,-2.157375583408725,1.335119455464433,0.23350119919915896,0.9723565138220607
HCl_full_eq_sto3g,0.15753664578971766,0x1.42a292acb4fd2p-3,94,12,False,False,3.69967009033574e-35,-2.1553792343927123,1.3371158044804454,0.23155957222019127,0.9728207257829723
HCl_full_eq_sto3g,0.15753664578971766,0x1.42a292acb4fd2p-3,95,12,False,False,2.716414957533041e-35,-2.1553792331324426,1.337115805740715,0.23155957099416952,0.972820726074778
HCl_full_eq_sto3g,0.15753664578971766,0x1.42a292acb4fd2p-3,84,13,False,False,4.6416492603079556e-18,-2.1537056072748197,1.338789431598338,0.22993110953042423,0.973206907532888
HCl_full_eq_sto3g,0.15753664578971766,0x1.42a292acb4fd2p-3,85,14,False,False,2.3140836003214187e-18,-2.1537055708301263,1.3387894680430314,0.2299310740622002,0.9732069159126716
HCl_full_eq_sto3g,0.15753664578971766,0x1.42a292acb4fd2p-3,72,15,False,False,5.4198614918790117e-14,-2.1515552995350595,1.3409397393380982,0.22783788521726128,0.9736990798287456
HCl_full_eq_sto3g,0.15753664578971766,0x1.42a292acb4fd2p-3,93,16,False,False,3.7777577049019813e-35,-2.1511422746987674,1.3413527641743905,0.22743570389228043,0.973793099479914
HCl_full_eq_sto3g,0.15753664578971766,0x1.42a292acb4fd2p-3,92,16,False,False,3.1617891064796896e-35,-2.1511422738199513,1.3413527650532067,0.22743570303649974,0.9737930996798069
HCl_full_eq_sto3g,0.15753664578971766,0x1.42a292acb4fd2p-3,68,17,False,False,1.4534041180363693e-12,-2.145499300803661,1.3469957380694968,0.22193702289061623,0.9750610021275937
HCl_full_eq_sto3g,0.15753664578971766,0x1.42a292acb4fd2p-3,91,18,False,False,1.064110242230847e-33,-2.070482943634382,1.422012095238776,0.14823590565323022,0.98895202930922
HCl_full_eq_sto3g,0.15753664578971766,0x1.42a292acb4fd2p-3,90,19,False,False,1.4648231774634302e-33,-2.0704829299591734,1.4220121089139848,0.1482358921291073,0.9889520313363931
HCl_full_eq_sto3g,0.15753664578971766,0x1.42a292acb4fd2p-3,71,20,False,False,1.0638250200499958e-14,-2.070477206119962,1.422017832753196,0.14823023152426226,0.9889528797985937
HCl_full_eq_sto3g,0.15753664578971766,0x1.42a292acb4fd2p-3,69,21,False,False,5.608399702722428e-18,-2.0680642352238294,1.4244308036493285,0.1458434877935918,0.9893076756337291
HCl_full_eq_sto3g,0.15753664578971766,0x1.42a292acb4fd2p-3,82,22,False,False,2.68030625631866e-33,-2.0679648619764617,1.424530176896696,0.14574517635728046,0.9893221636900046
HCl_full_eq_sto3g,0.15753664578971766,0x1.42a292acb4fd2p-3,83,22,False,False,2.226231593649671e-33,-2.06796485362998,1.424530185243178,0.14574516809991875,0.9893221649064495
HCl_full_eq_sto3g,0.15753664578971766,0x1.42a292acb4fd2p-3,41,23,False,False,2.8153149122675427e-15,-1.8867400688053881,1.6057549700677698,-0.03495152317569862,0.9993890088585726
HCl_full_eq_sto3g,0.15753664578971766,0x1.42a292acb4fd2p-3,37,24,False,False,2.592372347024699e-13,-1.8852338962011403,1.6072611426720174,-0.03645673530796707,0.9993352322670574
HCl_full_eq_sto3g,0.15753664578971766,0x1.42a292acb4fd2p-3,53,25,False,False,9.163056741465824e-34,-1.757847159217176,1.7346478796559819,-0.16311937358279202,0.9866063399156063
HCl_full_eq_sto3g,0.15753664578971766,0x1.42a292acb4fd2p-3,54,26,False,False,2.3354400375467626e-33,-1.757847134884021,1.734647903989137,-0.16311939759003644,0.9866063359463936
HCl_full_eq_sto3g,0.15753664578971766,0x1.42a292acb4fd2p-3,57,27,False,False,2.8738712592248305e-33,-1.754284389669729,1.7382106492034288,-0.16663338190701651,0.9860189227565218
HCl_full_eq_sto3g,0.15753664578971766,0x1.42a292acb4fd2p-3,56,28,False,False,2.9429708446550617e-33,-1.7542843739597658,1.7382106649133922,-0.1666333973973385,0.9860189201387235
HCl_full_eq_sto3g,0.15753664578971766,0x1.42a292acb4fd2p-3,44,29,False,False,1.5035716740965395e-14,-1.752870240738957,1.739624798134201,-0.16802759242947374,0.9857822924875361
HCl_full_eq_sto3g,0.15753664578971766,0x1.42a292acb4fd2p-3,38,30,False,False,4.2471281297170663e-13,-1.7497210068869897,1.7427740319861682,-0.17113121304339862,0.9852482468504339
HCl_full_eq_sto3g,0.15753664578971766,0x1.42a292acb4fd2p-3,32,31,False,False,2.3151331578231285e-15,-1.6693682045466884,1.8231268343264695,-0.24966134304871807,0.9683332142329635
HCl_full_eq_sto3g,0.15753664578971766,0x1.42a292acb4fd2p-3,30,32,False,False,4.4972989281159266e-13,-1.6601803735374367,1.8323146653357212,-0.2585475621470773,0.9659985290399704
HCl_full_eq_sto3g,0.15753664578971766,0x1.42a292acb4fd2p-3,34,33,False,False,2.4704699114656003e-31,-0.8223037454136423,2.670191293459516,-0.8909327561837327,0.4541352485312824
HCl_full_eq_sto3g,0.15753664578971766,0x1.42a292acb4fd2p-3,33,33,False,False,4.334222004585921e-32,-0.8223037444552785,2.6701912944178794,-0.8909327566189469,0.4541352476774384
HCl_full_eq_sto3g,0.15753664578971766,0x1.42a292acb4fd2p-3,19,34,False,False,2.5791995064308738e-18,-0.8222313924839261,2.6702636463892317,-0.8909656118674921,0.4540707857475935
HCl_full_eq_sto3g,0.15753664578971766,0x1.42a292acb4fd2p-3,15,35,False,False,3.140069419148767e-11,-0.7810189338643087,2.7114761050088494,-0.908917157800885,0.4169767382658565
HCl_full_eq_sto3g,0.15753664578971766,0x1.42a292acb4fd2p-3,39,36,False,False,2.0257722728985624e-31,-0.7809939999405565,2.7115010389326013,-0.9089275543845485,0.4169540752651335
HCl_full_eq_sto3g,0.15753664578971766,0x1.42a292acb4fd2p-3,40,36,False,False,1.151095880250231e-31,-0.7809939977800501,2.7115010410931077,-0.9089275552853955,0.41695407330139655
HCl_full_eq_sto3g,0.15753664578971766,0x1.42a292acb4fd2p-3,20,37,False,False,8.169975476879752e-15,-0.7809203494707643,2.7115746894023935,-0.9089582607829112,0.4168871311929706
HCl_full_eq_sto3g,0.15753664578971766,0x1.42a292acb4fd2p-3,17,38,False,False,6.930173905919827e-15,-0.7809202718226244,2.7115747670505335,-0.9089582931534177,0.4168870606140507
HCl_full_eq_sto3g,0.15753664578971766,0x1.42a292acb4fd2p-3,10,39,False,False,1.959568978051617e-08,-0.7484485325386073,2.7440465063345507,-0.9220137952780919,0.3871570241086871
HCl_full_eq_sto3g,0.15753664578971766,0x1.42a292acb4fd2p-3,9,40,False,False,3.736507281200934e-10,-0.7390715406601831,2.7534234982129746,-0.925603575240469,0.3784944140958681
HCl_full_eq_sto3g,0.15753664578971766,0x1.42a292acb4fd2p-3,12,41,False,False,3.4262276986683064e-13,-0.4656493943966188,3.026845644476539,-0.9934237823893444,0.11449536489680393
HCl_full_eq_sto3g,0.15753664578971766,0x1.42a292acb4fd2p-3,31,42,False,False,9.955533199180166e-31,-0.4655908840570171,3.026904154816141,-0.993430479851611,0.11443723913798298
HCl_full_eq_sto3g,0.15753664578971766,0x1.42a292acb4fd2p-3,29,42,False,False,1.7348051962135376e-30,-0.4655908802899831,3.0269041585831746,-0.99343048028271,0.11443723539569768
HCl_full_eq_sto3g,0.15753664578971766,0x1.42a292acb4fd2p-3,11,43,False,False,1.3511766780138834e-11,-0.3251029022554392,-3.1157931705618678,-0.9996672117971677,-0.02579662104322551
HCl_full_eq_sto3g,0.15753664578971766,0x1.42a292acb4fd2p-3,21,44,False,False,9.805314174140032e-31,-0.3249830041483552,-3.1156732724547838,-0.9996641116458369,-0.025916479063928424
HCl_full_eq_sto3g,0.15753664578971766,0x1.42a292acb4fd2p-3,22,45,False,False,2.1613726786412036e-30,-0.3249829747014118,-3.11567324300784,-0.9996641108826734,-0.025916508500980883
HCl_full_eq_sto3g,0.15753664578971766,0x1.42a292acb4fd2p-3,0,46,False,False,3.535089410143442e-11,0.02027699795205542,-2.770413270354373,-0.9319002141187489,-0.3627147514577991
HCl_full_eq_sto3g,0.15753664578971766,0x1.42a292acb4fd2p-3,5,47,False,False,9.855166633446258e-16,0.23934179406420272,-2.551348474242226,-0.8308048024579586,-0.5565639048774462
HCl_full_eq_sto3g,0.15753664578971766,0x1.42a292acb4fd2p-3,3,48,False,False,2.6553505027110514e-11,0.23999480963257375,-2.550695458673855,-0.8304411804493536,-0.5571063146415907
HCl_full_eq_sto3g,0.15753664578971766,0x1.42a292acb4fd2p-3,23,49,False,False,3.978927016568682e-32,0.3721733808270225,-2.4185168874794063,-0.749774063145762,-0.6616939279104852
HCl_full_eq_sto3g,0.15753664578971766,0x1.42a292acb4fd2p-3,16,50,False,False,6.050738791406887e-32,0.3721734272980211,-2.4185168410084077,-0.7497740323961944,-0.6616939627532434
HCl_full_eq_sto3g,0.15753664578971766,0x1.42a292acb4fd2p-3,26,51,False,False,2.614511993188062e-31,0.3738761887132569,-2.4168140795931716,-0.7486462390463591,-0.6629696891724809
HCl_full_eq_sto3g,0.15753664578971766,0x1.42a292acb4fd2p-3,18,51,False,False,2.0819604958934373e-32,0.3738761929213312,-2.4168140753850973,-0.748646236256539,-0.662969692322845
HCl_full_eq_sto3g,0.15753664578971766,0x1.42a292acb4fd2p-3,7,52,False,False,3.621105779455298e-14,0.3765589991220857,-2.414131269184343,-0.7468649250186381,-0.6649757768344231
HCl_full_eq_sto3g,0.15753664578971766,0x1.42a292acb4fd2p-3,6,53,False,False,3.2701362050391945e-11,0.3781167286295323,-2.412573539676896,-0.7458281669066228,-0.6661383831069301
HCl_full_eq_sto3g,0.15753664578971766,0x1.42a292acb4fd2p-3,2,54,False,False,1.2071746636230503e-16,0.46250105107164036,-2.3281892172347884,-0.6870293790528588,-0.7266296390306515
HCl_full_eq_sto3g,0.15753664578971766,0x1.42a292acb4fd2p-3,1,55,False,False,2.9325515221831074e-09,0.4658636052475349,-2.324826663058894,-0.6845821680920353,-0.7289357002712655
HCl_full_eq_sto3g,0.15753664578971766,0x1.42a292acb4fd2p-3,14,56,False,False,4.577608063503067e-13,1.847935754757288,-0.9427545135491406,0.5875613606534545,-0.809179613847678
HCl_full_eq_sto3g,0.15753664578971766,0x1.42a292acb4fd2p-3,28,57,False,False,2.9697703398649637e-31,1.8480130514084712,-0.9426772168979575,0.5876239057724977,-0.8091341949048784
HCl_full_eq_sto3g,0.15753664578971766,0x1.42a292acb4fd2p-3,27,58,False,False,5.527322037198808e-32,1.8480131315064308,-0.942677136799998,0.587623970582502,-0.8091341478374113
HCl_full_eq_sto3g,0.15753664578971766,0x1.42a292acb4fd2p-3,13,59,False,False,4.3318298095649945e-09,1.888643023238573,-0.9020472450678558,0.6200050045892598,-0.7845978551359046
HCl_full_eq_sto3g,0.15753664578971766,0x1.42a292acb4fd2p-3,25,60,False,False,1.6273088590889944e-31,1.888693216671848,-0.9019970516345807,0.6200443854683537,-0.7845667339677839
HCl_full_eq_sto3g,0.15753664578971766,0x1.42a292acb4fd2p-3,24,61,False,False,1.0919542682849437e-31,1.8886932290045266,-0.9019970393019021,0.6200443951441671,-0.7845667263209809
HCl_full_eq_sto3g,0.15753664578971766,0x1.42a292acb4fd2p-3,8,62,False,False,6.329444531826221e-12,2.2228554729996755,-0.5678347953067531,0.8430674146317219,-0.5378078972884397
HCl_full_eq_sto3g,0.15753664578971766,0x1.42a292acb4fd2p-3,4,63,False,False,1.6163736554085662e-07,2.3000121997892204,-0.490678068517208,0.8820135391980986,-0.4712240620668754
HCl_full_eq_sto3g,0.15753664578971766,0x1.42a292acb4fd2p-3,35,64,True,True,0.99999981097661,2.7906903126001783,4.429374966898766e-08,0.9999999999998002,4.429374966897884e-08
HCl_full_eq_sto3g,0.15753664578971766,0x1.42a292acb4fd2p-3,59,65,False,False,5.185302148846515e-34,2.8520306896137604,0.061340421307331555,0.9981192661792441,0.061301961481946804
HCl_full_eq_sto3g,0.15753664578971766,0x1.42a292acb4fd2p-3,58,65,False,False,5.844620497446141e-34,2.8520306906899915,0.061340422383562805,0.9981192661132625,0.06130196255615355
HCl_full_eq_sto3g,0.15753664578971766,0x1.42a292acb4fd2p-3,61,66,False,False,9.1973422481498e-35,2.8567515095449196,0.06606124123849089,0.997818749639973,0.06601320221478364
HCl_full_eq_sto3g,0.15753664578971766,0x1.42a292acb4fd2p-3,60,66,False,False,2.4695514812911378e-33,2.856751509744172,0.06606124143774328,0.9978187496268088,0.0660132024136007
HCl_full_eq_sto3g,0.15753664578971766,0x1.42a292acb4fd2p-3,45,67,False,False,2.4167346796560368e-14,2.865256764199517,0.0745664958930882,0.9972212067480559,0.07449741479763523
HCl_full_eq_sto3g,0.15753664578971766,0x1.42a292acb4fd2p-3,42,68,False,False,3.985099640911632e-15,2.904807841724287,0.11411757341785853,0.9934956530622269,0.11387004586787793
HCl_full_eq_sto3g,0.15753664578971766,0x1.42a292acb4fd2p-3,49,69,False,False,9.713320743792378e-15,2.9445733239387373,0.1538830556323088,0.9881833484164919,0.15327644930648962
HCl_full_eq_sto3g,0.15753664578971766,0x1.42a292acb4fd2p-3,48,70,False,False,3.711910102107567e-13,2.952037490609903,0.1613472223034746,0.9870117504865148,0.160648076244762
HCl_full_eq_sto3g,0.15753664578971766,0x1.42a292acb4fd2p-3,51,71,False,False,6.797113414579174e-19,2.9621570152466647,0.17146674694023634,0.98533555913861,0.17062777000495813
HCl_full_eq_sto3g,0.15753664578971766,0x1.42a292acb4fd2p-3,87,72,False,False,7.784395831750475e-37,2.970866540618928,0.1801762723124991,0.9838121195462833,0.17920299504637122
HCl_full_eq_sto3g,0.15753664578971766,0x1.42a292acb4fd2p-3,86,72,False,False,2.6000915848337485e-36,2.9708665414748725,0.18017627316844378,0.9838121193928759,0.1792029958884564
HCl_full_eq_sto3g,0.15753664578971766,0x1.42a292acb4fd2p-3,67,73,False,False,4.635319696112016e-19,2.972775367311685,0.18208509900525627,0.9834682599758,0.181080594266769
HCl_full_eq_sto3g,0.15753664578971766,0x1.42a292acb4fd2p-3,66,73,False,False,2.975655544319318e-17,2.972775374897379,0.1820851065909501,0.9834682586021299,0.18108060172704926
HCl_full_eq_sto3g,0.15753664578971766,0x1.42a292acb4fd2p-3,80,74,False,False,2.0068781693612282e-36,2.9801143365963587,0.18942406828993014,0.9821128420733838,0.18829329630731975
HCl_full_eq_sto3g,0.15753664578971766,0x1.42a292acb4fd2p-3,81,74,False,False,3.9843115940636434e-36,2.9801143369218783,0.18942406861544991,0.9821128420120772,0.18829329662701433
HCl_full_eq_sto3g,0.15753664578971766,0x1.42a292acb4fd2p-3,52,75,False,False,1.6771871174207575e-13,2.9826553790838997,0.1919651107774709,0.9816312106232337,0.19078827618608016
HCl_full_eq_sto3g,0.15753664578971766,0x1.42a292acb4fd2p-3,47,76,False,False,1.3802191017676957e-13,3.0027973785804356,0.21210711027400697,0.9775894958667116,0.21052025453798842
HCl_full_eq_sto3g,0.15753664578971766,0x1.42a292acb4fd2p-3,65,77,False,False,4.733740245750711e-34,3.0430465986613173,0.2523563303548889,0.9683267669494049,0.24968634806298906
HCl_full_eq_sto3g,0.15753664578971766,0x1.42a292acb4fd2p-3,64,77,False,False,9.713141244533348e-35,3.043046600806715,0.25235633250028655,0.9683267664137261,0.2496863501404344
HCl_full_eq_sto3g,0.15753664578971766,0x1.42a292acb4fd2p-3,46,78,False,False,2.694844646942675e-15,3.0524855331184417,0.26179526481201304,0.9659268933882632,0.25881506260051385
HCl_full_eq_sto3g,0.15753664578971766,0x1.42a292acb4fd2p-3,63,79,False,False,1.1024790984846281e-33,3.0815430204098946,0.290852752103466,0.9579996807698509,0.2867692655159935
HCl_full_eq_sto3g,0.15753664578971766,0x1.42a292acb4fd2p-3,62,79,False,False,8.559591019882429e-34,3.0815430223485194,0.2908527540420907,0.9579996802139076,0.28676926737319375
HCl_full_eq_sto3g,0.15753664578971766,0x1.42a292acb4fd2p-3,43,80,False,False,5.4372343672410325e-15,3.0892777609663566,0.2985874926599281,0.9557529604151226,0.294170492499364
HCl_full_eq_sto3g,0.19389125635657556,0x1.8d16dbe841378p-3,31,0,False,False,1.7323514144418827e-14,-2.6053601849003485,1.2097733008527942,0.35323149549583627,0.9355359483148686
HCl_full_eq_sto3g,0.19389125635657556,0x1.8d16dbe841378p-3,23,1,False,False,6.214706045902058e-10,-2.604656776819844,1.2104767089332988,0.35257334461800555,0.9357841827390097
HCl_full_eq_sto3g,0.19389125635657556,0x1.8d16dbe841378p-3,71,2,False,False,2.6013643711589456e-32,-2.441888252849256,1.373245232903887,0.19626864644057668,0.980550161095337
HCl_full_eq_sto3g,0.19389125635657556,0x1.8d16dbe841378p-3,69,3,False,False,2.837022037002678e-32,-2.4418881564923534,1.3732453292607896,0.19626855195780205,0.9805501800071841
HCl_full_eq_sto3g,0.19389125635657556,0x1.8d16dbe841378p-3,73,4,False,False,7.253678514572166e-33,-2.4397870750430406,1.3753464107101023,0.19420790446243755,0.9809603915775684
HCl_full_eq_sto3g,0.19389125635657556,0x1.8d16dbe841378p-3,70,5,False,False,2.5926991579251593e-32,-2.439787061097252,1.3753464246558909,0.1942078907821736,0.9809603942859619
HCl_full_eq_sto3g,0.19389125635657556,0x1.8d16dbe841378p-3,53,6,False,False,5.095169876240908e-13,-2.4364876572146077,1.3786458285385348,0.19097025504181536,0.9815958239972796
HCl_full_eq_sto3g,0.19389125635657556,0x1.8d16dbe841378p-3,52,7,False,False,4.214725267922563e-10,-2.434568749185508,1.380564736567635,0.18908631249378063,0.9819604709086339
HCl_full_eq_sto3g,0.19389125635657556,0x1.8d16dbe841378p-3,92,8,False,False,7.206100395446214e-35,-2.335415558379623,1.4797179273735201,0.09095253157890862,0.9958552289359606
HCl_full_eq_sto3g,0.19389125635657556,0x1.8d16dbe841378p-3,90,8,False,False,1.8993878179095946e-34,-2.335415552431685,1.4797179333214574,0.09095252565562296,0.9958552294769274
HCl_full_eq_sto3g,0.19389125635657556,0x1.8d16dbe841378p-3,66,9,False,False,5.773707184505468e-14,-2.3353696848200807,1.4797638009330618,0.09090684805908168,0.9958594002044587
HCl_full_eq_sto3g,0.19389125635657556,0x1.8d16dbe841378p-3,93,10,False,False,1.3885000643257835e-34,-2.334882465620357,1.4802510201327859,0.09042163546842731,0.9959035735646911
HCl_full_eq_sto3g,0.19389125635657556,0x1.8d16dbe841378p-3,91,10,False,False,1.7581211806893051e-34,-2.3348824600704985,1.4802510256826444,0.09042162994130234,0.995903574066507
HCl_full_eq_sto3g,0.19389125635657556,0x1.8d16dbe841378p-3,59,11,False,False,5.919328145885677e-10,-2.3317807837367637,1.483352702016379,0.0873322294021871,0.9961792417568417
HCl_full_eq_sto3g,0.19389125635657556,0x1.8d16dbe841378p-3,67,12,False,False,2.6286722277842536e-14,-2.330702479212569,1.484431006540574,0.08625799425469577,0.996272833327666
HCl_full_eq_sto3g,0.19389125635657556,0x1.8d16dbe841378p-3,58,13,False,False,2.215104931203953e-08,-2.328084881498314,1.4870486042548285,0.0836498602296161,0.9964952086603946
HCl_full_eq_sto3g,0.19389125635657556,0x1.8d16dbe841378p-3,75,14,False,False,3.288251318623413e-15,-2.183671719183266,1.6314617665698763,-0.06062823549675795,0.99816041649637
HCl_full_eq_sto3g,0.19389125635657556,0x1.8d16dbe841378p-3,96,15,False,False,2.1100382413026856e-36,-2.1807086335239565,1.634424852229186,-0.06358559983060845,0.997976388244675
HCl_full_eq_sto3g,0.19389125635657556,0x1.8d16dbe841378p-3,97,15,False,False,2.0993374441537886e-36,-2.1807086319678146,1.6344248537853279,-0.06358560138360067,0.9979763881457178
HCl_full_eq_sto3g,0.19389125635657556,0x1.8d16dbe841378p-3,87,16,False,False,4.383983727414115e-19,-2.180453856217452,1.6346796295356907,-0.06383985950029174,0.9979601556869224
HCl_full_eq_sto3g,0.19389125635657556,0x1.8d16dbe841378p-3,86,16,False,False,9.833502997494827e-17,-2.1804538555166912,1.6346796302364512,-0.06383986019962291,0.9979601556421863
HCl_full_eq_sto3g,0.19389125635657556,0x1.8d16dbe841378p-3,81,17,False,False,2.6722849135287184e-15,-2.178355265343177,1.6367782204099657,-0.06593402746066424,0.9978239844894934
HCl_full_eq_sto3g,0.19389125635657556,0x1.8d16dbe841378p-3,98,18,False,False,4.461031895671178e-37,-2.178318546752169,1.636814939000974,-0.06597066610699376,0.9978215628122613
HCl_full_eq_sto3g,0.19389125635657556,0x1.8d16dbe841378p-3,99,18,False,False,2.9573700206342726e-37,-2.17831854510258,1.6368149406505628,-0.06597066775298883,0.9978215627034329
HCl_full_eq_sto3g,0.19389125635657556,0x1.8d16dbe841378p-3,78,19,False,False,4.6183747995812695e-17,-2.173495682174692,1.641637803578451,-0.07078223848290811,0.9974917918033385
HCl_full_eq_sto3g,0.19389125635657556,0x1.8d16dbe841378p-3,77,20,False,False,4.2519254440224623e-14,-2.171897850481668,1.6432356352714743,-0.07237597144734219,0.9973774204165038
HCl_full_eq_sto3g,0.19389125635657556,0x1.8d16dbe841378p-3,95,21,False,False,2.5819108591962597e-35,-2.1694519721596315,1.6456815135935112,-0.07481521633852521,0.9971974144591045
HCl_full_eq_sto3g,0.19389125635657556,0x1.8d16dbe841378p-3,94,21,False,False,3.0274832495319595e-35,-2.1694519690269485,1.6456815167261944,-0.07481521946242699,0.9971974142247088
HCl_full_eq_sto3g,0.19389125635657556,0x1.8d16dbe841378p-3,82,22,False,False,2.2247483063329697e-17,-2.1673929487104973,1.6477405370426452,-0.07686830915508823,0.9970412544359708
HCl_full_eq_sto3g,0.19389125635657556,0x1.8d16dbe841378p-3,83,23,False,False,1.308005569735673e-17,-2.1673928455955584,1.6477406401575845,-0.07686841196493771,0.9970412465097154
HCl_full_eq_sto3g,0.19389125635657556,0x1.8d16dbe841378p-3,76,24,False,False,2.9321656912453957e-13,-2.1647475656115875,1.650385920141555,-0.07950559319815216,0.996834419876153
HCl_full_eq_sto3g,0.19389125635657556,0x1.8d16dbe841378p-3,88,25,False,False,3.6508686426249073e-34,-2.1642366481199464,1.6508968376331963,-0.0800148829404434,0.996793668974524
HCl_full_eq_sto3g,0.19389125635657556,0x1.8d16dbe841378p-3,89,25,False,False,7.044448139390203e-36,-2.164236644807632,1.650896840945511,-0.08001488624213904,0.9967936687095074
HCl_full_eq_sto3g,0.19389125635657556,0x1.8d16dbe841378p-3,72,26,False,False,7.205378411628949e-12,-2.157308301734073,1.6578251840190696,-0.08691903907426832,0.9962153786436054
HCl_full_eq_sto3g,0.19389125635657556,0x1.8d16dbe841378p-3,85,27,False,False,8.502592419993352e-34,-2.0649726703589115,1.7501608153942312,-0.17840429343188105,0.9839572694404636
HCl_full_eq_sto3g,0.19389125635657556,0x1.8d16dbe841378p-3,84,28,False,False,2.130252617789393e-33,-2.064972559146399,1.7501609266067435,-0.17840440286024223,0.9839572495996811
HCl_full_eq_sto3g,0.19389125635657556,0x1.8d16dbe841378p-3,74,29,False,False,6.127113576484002e-14,-2.0649585660170255,1.7501749197361174,-0.1784181714838648,0.9839547530674442
HCl_full_eq_sto3g,0.19389125635657556,0x1.8d16dbe841378p-3,68,30,False,False,5.961373989122647e-13,-2.0619796903276977,1.753153795425445,-0.18134845442814101,0.9834189026432862
HCl_full_eq_sto3g,0.19389125635657556,0x1.8d16dbe841378p-3,79,31,False,False,2.3687335420352948e-33,-2.0618644598742355,1.753269025878907,-0.1814617730300146,0.9833979992497865
HCl_full_eq_sto3g,0.19389125635657556,0x1.8d16dbe841378p-3,80,32,False,False,3.862282891745318e-33,-2.06186441545368,1.7532690702994627,-0.18146181671309766,0.9833979911891407
HCl_full_eq_sto3g,0.19389125635657556,0x1.8d16dbe841378p-3,36,33,False,False,1.637914003446565e-14,-1.8388271564682939,1.9763063292848488,-0.3944874536188179,0.9189013270949943
HCl_full_eq_sto3g,0.19389125635657556,0x1.8d16dbe841378p-3,25,34,False,False,2.788541379388578e-12,-1.836971808257779,1.9781616774953636,-0.3961916555983134,0.9181678343493718
HCl_full_eq_sto3g,0.19389125635657556,0x1.8d16dbe841378p-3,57,35,False,False,1.8604743660455086e-33,-1.6802149806602134,2.134918505092929,-0.5346742116157116,0.8450582745780394
HCl_full_eq_sto3g,0.19389125635657556,0x1.8d16dbe841378p-3,56,36,False,False,1.9817144932710034e-33,-1.6802147566448586,2.134918729108284,-0.5346744009217249,0.8450581548027812
HCl_full_eq_sto3g,0.19389125635657556,0x1.8d16dbe841378p-3,60,37,False,False,1.3072704668869857e-33,-1.6758004402798372,2.1393330454733057,-0.5383995334740642,0.842689707042035
HCl_full_eq_sto3g,0.19389125635657556,0x1.8d16dbe841378p-3,61,38,False,False,7.278937876198694e-33,-1.6758003417338025,2.13933314401934,-0.5383996165177932,0.842689653984896
HCl_full_eq_sto3g,0.19389125635657556,0x1.8d16dbe841378p-3,37,39,False,False,8.857296710744463e-14,-1.6740856260379802,2.1410478597151625,-0.5398437974715569,0.8417652133054242
HCl_full_eq_sto3g,0.19389125635657556,0x1.8d16dbe841378p-3,26,40,False,False,3.0374708118804527e-12,-1.670183869819313,2.1449496159338297,-0.5431240425886292,0.8396524723727938
HCl_full_eq_sto3g,0.19389125635657556,0x1.8d16dbe841378p-3,14,41,False,False,1.4804094310389237e-14,-1.5712846528287454,2.2438488329243973,-0.6233757106529213,0.7819224535512408
HCl_full_eq_sto3g,0.19389125635657556,0x1.8d16dbe841378p-3,10,42,False,False,1.3328244246935149e-11,-1.5601180648662978,2.2550154208868447,-0.6320680702621051,0.7749128690083309
HCl_full_eq_sto3g,0.19389125635657556,0x1.8d16dbe841378p-3,17,43,False,False,5.161856314143393e-13,-0.6261087425997546,-3.094160564026198,-0.9988753093243987,-0.04741430608698557
HCl_full_eq_sto3g,0.19389125635657556,0x1.8d16dbe841378p-3,27,44,False,False,2.39597610614021e-33,-0.6260416750417049,-3.094093496468149,-0.9988721271162093,-0.0474812981080932
HCl_full_eq_sto3g,0.19389125635657556,0x1.8d16dbe841378p-3,28,45,False,False,1.482694241385249e-32,-0.6260413234834877,-3.0940931449099316,-0.9988721104237214,-0.04748164926979518
HCl_full_eq_sto3g,0.19389125635657556,0x1.8d16dbe841378p-3,15,46,False,False,3.554207255308943e-09,-0.5755755775039186,-3.0436273989303624,-0.9952052409652696,-0.09780863129017008
HCl_full_eq_sto3g,0.19389125635657556,0x1.8d16dbe841378p-3,30,47,False,False,2.0287944561202565e-33,-0.5754841748293895,-3.0435359962558333,-0.9951962968376572,-0.0978995953022106
HCl_full_eq_sto3g,0.19389125635657556,0x1.8d16dbe841378p-3,29,48,False,False,6.553174757568556e-32,-0.5754840471698421,-3.043535868596286,-0.995196284339815,-0.09789972234851708
HCl_full_eq_sto3g,0.19389125635657556,0x1.8d16dbe841378p-3,38,49,False,False,2.542731910079762e-34,-0.5287221577905525,-2.9967739792169965,-0.9895320897855875,-0.14431300455710455
HCl_full_eq_sto3g,0.19389125635657556,0x1.8d16dbe841378p-3,39,50,False,False,3.8226686699411265e-34,-0.5287221451837621,-2.996773966610206,-0.9895320879662389,-0.14431301703192467
HCl_full_eq_sto3g,0.19389125635657556,0x1.8d16dbe841378p-3,18,51,False,False,2.0207102588507174e-17,-0.5286549171763686,-2.9967067386028123,-0.9895223838536059,-0.14437954097629374
HCl_full_eq_sto3g,0.19389125635657556,0x1.8d16dbe841378p-3,19,52,False,False,2.5000078033957457e-10,-0.47791206630046434,-2.9459638877269083,-0.9809256418480115,-0.19438334590376066
HCl_full_eq_sto3g,0.19389125635657556,0x1.8d16dbe841378p-3,42,53,False,False,6.476248492593394e-34,-0.47788634041803574,-2.9459381618444795,-0.9809206408403414,-0.19440858101717395
HCl_full_eq_sto3g,0.19389125635657556,0x1.8d16dbe841378p-3,43,53,False,False,6.197226485526032e-34,-0.47788633598410196,-2.945938157410546,-0.980920639978318,-0.19440858536650543
HCl_full_eq_sto3g,0.19389125635657556,0x1.8d16dbe841378p-3,21,54,False,False,6.202265661331034e-14,-0.4778105358559617,-2.9458623572824054,-0.9809059009646888,-0.19448293871814842
HCl_full_eq_sto3g,0.19389125635657556,0x1.8d16dbe841378p-3,20,55,False,False,5.370759348703299e-14,-0.4778103166862414,-2.9458621381126853,-0.9809058583398937,-0.19448315370301578
HCl_full_eq_sto3g,0.19389125635657556,0x1.8d16dbe841378p-3,6,56,False,False,2.406490633686092e-09,-0.4312514404053295,-2.8993032618317733,-0.9707912353506125,-0.23992577470154144
HCl_full_eq_sto3g,0.19389125635657556,0x1.8d16dbe841378p-3,4,57,False,False,2.479815842000988e-12,-0.164132636981991,-2.632184458408435,-0.8730332604438403,-0.4876606670200198
HCl_full_eq_sto3g,0.19389125635657556,0x1.8d16dbe841378p-3,3,58,False,False,6.295403166474763e-10,-0.14448794382673477,-2.6125397652531785,-0.8632854799889024,-0.5047159399503102
HCl_full_eq_sto3g,0.19389125635657556,0x1.8d16dbe841378p-3,5,59,False,False,2.685546288336863e-12,-0.08914053566444133,-2.557192357090885,-0.8340430918500145,-0.5516993030056031
HCl_full_eq_sto3g,0.19389125635657556,0x1.8d16dbe841378p-3,11,60,False,False,1.2915185520143293e-30,-0.089096052421305,-2.557147873847749,-0.8340185496506559,-0.5517364034014265
HCl_full_eq_sto3g,0.19389125635657556,0x1.8d16dbe841378p-3,12,61,False,False,1.4947730589958876e-30,-0.08909598204755387,-2.5571478034739976,-0.8340185108229018,-0.5517364620944443
HCl_full_eq_sto3g,0.19389125635657556,0x1.8d16dbe841378p-3,2,62,False,False,9.723202527168572e-11,0.0833011755672729,-2.384750645859171,-0.727008001361402,-0.6866289871219132
HCl_full_eq_sto3g,0.19389125635657556,0x1.8d16dbe841378p-3,8,63,False,False,1.144043458933236e-30,0.08343294537606788,-2.384618876050376,-0.7269175180797561,-0.686724778865959
HCl_full_eq_sto3g,0.19389125635657556,0x1.8d16dbe841378p-3,7,64,False,False,2.079822694471598e-30,0.08343296293609134,-2.3846188584903523,-0.7269175060208454,-0.6867247916306407
HCl_full_eq_sto3g,0.19389125635657556,0x1.8d16dbe841378p-3,1,65,False,False,1.558103556337736e-07,0.4736325924065083,-1.9944192290199354,-0.41106580176568897,-0.9116056749595254
HCl_full_eq_sto3g,0.19389125635657556,0x1.8d16dbe841378p-3,0,66,False,False,6.012669376778316e-07,0.6456528466901447,-1.8223989747362992,-0.2489564663617661,-0.9685146761182328
HCl_full_eq_sto3g,0.19389125635657556,0x1.8d16dbe841378p-3,9,67,True,True,0.9999992121545094,2.4680521216285114,3.002020677379925e-07,0.9999999999997587,3.002020677379291e-07
HCl_full_eq_sto3g,0.19389125635657556,0x1.8d16dbe841378p-3,48,68,False,False,4.726317356310867e-34,2.543547713653299,0.075495892226855,0.9971515384453066,0.07542419622312614
HCl_full_eq_sto3g,0.19389125635657556,0x1.8d16dbe841378p-3,49,68,False,False,7.276945163876292e-34,2.5435477165320557,0.07549589510561173,0.9971515382281608,0.07542419909368149
HCl_full_eq_sto3g,0.19389125635657556,0x1.8d16dbe841378p-3,50,69,False,False,3.1841953693269515e-34,2.549358075569186,0.0813062541427419,0.9966964670109143,0.08121670177801638
HCl_full_eq_sto3g,0.19389125635657556,0x1.8d16dbe841378p-3,51,69,False,False,2.479741308139604e-33,2.549358076081862,0.08130625465541819,0.9966964669692642,0.08121670228899804
HCl_full_eq_sto3g,0.19389125635657556,0x1.8d16dbe841378p-3,22,70,False,False,1.272065735395273e-13,2.559825897552452,0.09177407612600813,0.995791714403498,0.09164530279800939
HCl_full_eq_sto3g,0.19389125635657556,0x1.8d16dbe841378p-3,16,71,False,False,4.398246613408544e-12,2.6085037430919167,0.14045192166547282,0.9901528325402761,0.13999060044148776
HCl_full_eq_sto3g,0.19389125635657556,0x1.8d16dbe841378p-3,34,72,False,False,5.1672765408575855e-14,2.6574460515907896,0.189394230164346,0.9821184599551581,0.18826399181717443
HCl_full_eq_sto3g,0.19389125635657556,0x1.8d16dbe841378p-3,33,73,False,False,1.0601563060606488e-12,2.6666330859322285,0.19858126450578456,0.9803474506337587,0.1972786760789822
HCl_full_eq_sto3g,0.19389125635657556,0x1.8d16dbe841378p-3,41,74,False,False,4.631198744153263e-18,2.679087812211123,0.21103599078467905,0.9778144273785411,0.20947301881203506
HCl_full_eq_sto3g,0.19389125635657556,0x1.8d16dbe841378p-3,64,75,False,False,8.05341480988743e-36,2.689807139276691,0.22175531785024752,0.9755128837360202,0.2199422962159828
HCl_full_eq_sto3g,0.19389125635657556,0x1.8d16dbe841378p-3,65,75,False,False,4.295935562301136e-36,2.6898071415706517,0.2217553201442078,0.9755128832314712,0.21994229845376834
HCl_full_eq_sto3g,0.19389125635657556,0x1.8d16dbe841378p-3,45,76,False,False,1.7731628691370176e-18,2.6921565088402803,0.22410468741383646,0.9749934662862774,0.22223352739603547
HCl_full_eq_sto3g,0.19389125635657556,0x1.8d16dbe841378p-3,44,77,False,False,1.7653960759351678e-16,2.69215653037387,0.22410470894742598,0.9749934615007493,0.22223354839113488
HCl_full_eq_sto3g,0.19389125635657556,0x1.8d16dbe841378p-3,63,78,False,False,5.854320405056616e-36,2.7011889712465877,0.2331371498201437,0.9729464052646901,0.23103093403751765
HCl_full_eq_sto3g,0.19389125635657556,0x1.8d16dbe841378p-3,62,78,False,False,2.117952338163886e-35,2.7011889721939566,0.23313715076751268,0.9729464050458048,0.23103093495925364
HCl_full_eq_sto3g,0.19389125635657556,0x1.8d16dbe841378p-3,40,79,False,False,1.437537579143327e-12,2.7043164743887855,0.23626465296234184,0.9722190981456952,0.2340726921288751
HCl_full_eq_sto3g,0.19389125635657556,0x1.8d16dbe841378p-3,32,80,False,False,3.227268405544545e-14,2.7291060472248705,0.26105422579842646,0.9661184202154653,0.25809920209106413
HCl_full_eq_sto3g,0.19389125635657556,0x1.8d16dbe841378p-3,55,81,False,False,1.2595756715753493e-34,2.7786434921648557,0.310591670738412,0.9521529089336953,0.30562205092044614
HCl_full_eq_sto3g,0.19389125635657556,0x1.8d16dbe841378p-3,54,81,False,False,1.3139347367654468e-34,2.7786434942453915,0.3105916728189476,0.9521529082978377,0.30562205290143424
HCl_full_eq_sto3g,0.19389125635657556,0x1.8d16dbe841378p-3,35,82,False,False,1.4704304375487862e-14,2.7902606905131004,0.3222088690866566,0.9485382665882666,0.316662528281029
HCl_full_eq_sto3g,0.19389125635657556,0x1.8d16dbe841378p-3,46,83,False,False,1.1624027423732552e-33,2.8260237400079387,0.35797191858149485,0.9366093392901451,0.35037543514663266
HCl_full_eq_sto3g,0.19389125635657556,0x1.8d16dbe841378p-3,47,83,False,False,8.497791128665634e-34,2.8260237460550197,0.35797192462857574,0.936609337171398,0.3503754408103857
HCl_full_eq_sto3g,0.19389125635657556,0x1.8d16dbe841378p-3,24,84,False,False,5.065446241960493e-15,2.835543479249909,0.36749165782346505,0.9332314668964019,0.35927570081202737
HCl_full_eq_sto3g,0.19389125635657556,0x1.8d16dbe841378p-3,13,85,False,False,3.7896059782367135e-12,2.923109219784447,0.4550573983580028,0.8982358022835057,0.439513871789902
HCl_full_stretch150_sto3g,0.1551067153525844,0x1.3da896eea2786p-3,37,0,True,True,0.9999999689737915,-2.9819667456728216,-9.485386852583494e-08,0.9999999999998274,-9.485386852581884e-08
HCl_full_stretch150_sto3g,0.1551067153525844,0x1.3da896eea2786p-3,63,1,False,False,2.5845299372887712e-34,-2.9664255520743477,0.015541098744605367,0.9998792395553469,0.01554047315623568
HCl_full_stretch150_sto3g,0.1551067153525844,0x1.3da896eea2786p-3,64,1,False,False,5.782641465696138e-34,-2.9664255517844005,0.01554109903455261,0.9998792395508419,0.015540473446147923
HCl_full_stretch150_sto3g,0.1551067153525844,0x1.3da896eea2786p-3,65,2,False,False,6.206308853985687e-34,-2.9652926434870603,0.016674007331893087,0.9998609919602527,0.016673234717706587
HCl_full_stretch150_sto3g,0.1551067153525844,0x1.3da896eea2786p-3,66,2,False,False,1.3728364227735002e-33,-2.9652926434565914,0.016674007362361937,0.999860991959746,0.016673234748171225
HCl_full_stretch150_sto3g,0.1551067153525844,0x1.3da896eea2786p-3,47,3,False,False,8.901226702580274e-13,-2.963790258638137,0.01817639218081627,0.9998348139313792,0.018175391340869797
HCl_full_stretch150_sto3g,0.1551067153525844,0x1.3da896eea2786p-3,41,4,False,False,3.004454011636832e-14,-2.916623633884832,0.06534301693412127,0.9978659045615776,0.06529652757271744
HCl_full_stretch150_sto3g,0.1551067153525844,0x1.3da896eea2786p-3,71,5,False,False,3.9461985740870674e-35,-2.8852341608271965,0.09673248999175672,0.9953250597486732,0.09658170342246594
HCl_full_stretch150_sto3g,0.1551067153525844,0x1.3da896eea2786p-3,72,5,False,False,7.934741834813336e-35,-2.885234160625574,0.09673249019337926,0.9953250597291905,0.09658170362314497
HCl_full_stretch150_sto3g,0.1551067153525844,0x1.3da896eea2786p-3,51,6,False,False,9.746280047760737e-21,-2.882813516673228,0.09915313414572549,0.9950883539801135,0.0989907458957549
HCl_full_stretch150_sto3g,0.1551067153525844,0x1.3da896eea2786p-3,49,7,False,False,1.2383425446574488e-13,-2.8796655708583465,0.10230107996060678,0.9947718065491784,0.10212273446439794
HCl_full_stretch150_sto3g,0.1551067153525844,0x1.3da896eea2786p-3,50,8,False,False,2.4555595848349294e-14,-2.8781915654388786,0.10377508538007452,0.994620196473467,0.10358892202681268
HCl_full_stretch150_sto3g,0.1551067153525844,0x1.3da896eea2786p-3,87,9,False,False,5.084386072760009e-35,-2.8750834294358762,0.1068832213830771,0.9942934242688294,0.10667983153087714
HCl_full_stretch150_sto3g,0.1551067153525844,0x1.3da896eea2786p-3,91,9,False,False,4.946475778424472e-35,-2.8750834292298113,0.10688322158914189,0.9942934242468362,0.10667983173576491
HCl_full_stretch150_sto3g,0.1551067153525844,0x1.3da896eea2786p-3,62,10,False,False,1.3987591941333903e-20,-2.872356123803254,0.10961052701569923,0.9939987782517622,0.10939117347312545
HCl_full_stretch150_sto3g,0.1551067153525844,0x1.3da896eea2786p-3,52,11,False,False,1.0016559257507658e-17,-2.8723561116159413,0.1096105392030119,0.9939987769184994,0.10939118558729073
HCl_full_stretch150_sto3g,0.1551067153525844,0x1.3da896eea2786p-3,48,12,False,False,1.8143302359203323e-13,-2.8691507472277222,0.1128159035912308,0.993643032561544,0.11257674645107615
HCl_full_stretch150_sto3g,0.1551067153525844,0x1.3da896eea2786p-3,46,13,False,False,1.1236635157114447e-13,-2.8638314542770438,0.11813519654190927,0.9930301492209275,0.1178606072355131
HCl_full_stretch150_sto3g,0.1551067153525844,0x1.3da896eea2786p-3,44,14,False,False,1.1650517281576275e-15,-2.8069347513065988,0.17503189951235454,0.9847209844390439,0.174139549801367
HCl_full_stretch150_sto3g,0.1551067153525844,0x1.3da896eea2786p-3,59,15,False,False,8.393692241857361e-35,-2.8049044942096106,0.1770621566093428,0.9843654071434776,0.17613842629852217
HCl_full_stretch150_sto3g,0.1551067153525844,0x1.3da896eea2786p-3,60,15,False,False,5.822077290840858e-34,-2.804904492352372,0.1770621584665815,0.9843654068163579,0.17613842812672573
HCl_full_stretch150_sto3g,0.1551067153525844,0x1.3da896eea2786p-3,36,16,False,False,2.3582049888732885e-14,-2.7711664720105036,0.21080017880844953,0.977863796437683,0.20924243263752534
HCl_full_stretch150_sto3g,0.1551067153525844,0x1.3da896eea2786p-3,54,17,False,False,9.692625334618742e-34,-2.7670437897052365,0.21492286111371653,0.9769928486829865,0.2132720647950943
HCl_full_stretch150_sto3g,0.1551067153525844,0x1.3da896eea2786p-3,53,17,False,False,1.3319740343477374e-33,-2.7670437878544996,0.21492286296445345,0.9769928482882904,0.21327206660325418
HCl_full_stretch150_sto3g,0.1551067153525844,0x1.3da896eea2786p-3,32,18,False,False,4.9046899214862303e-14,-2.6906756999715418,0.29129095084741163,0.9578739268652623,0.2871890322269219
HCl_full_stretch150_sto3g,0.1551067153525844,0x1.3da896eea2786p-3,70,19,False,False,4.9739553841315976e-15,-1.8445718562360696,1.1373947945828837,0.41996026106079143,0.9075424943931824
HCl_full_stretch150_sto3g,0.1551067153525844,0x1.3da896eea2786p-3,84,20,False,False,1.3290137729023726e-35,-1.8445001519028128,1.1374664989161405,0.41989518525177905,0.9075726050306215
HCl_full_stretch150_sto3g,0.1551067153525844,0x1.3da896eea2786p-3,83,20,False,False,5.556662213945292e-35,-1.844500151137577,1.1374664996813764,0.41989518455727626,0.9075726053519494
HCl_full_stretch150_sto3g,0.1551067153525844,0x1.3da896eea2786p-3,86,21,False,False,5.9437174806234174e-37,-1.8444159668543623,1.137550683964591,0.41981877972021747,0.9076079507110536
HCl_full_stretch150_sto3g,0.1551067153525844,0x1.3da896eea2786p-3,85,21,False,False,2.8809057254996705e-34,-1.8444159667308782,1.1375506840880751,0.4198187796081462,0.9076079507629029
HCl_full_stretch150_sto3g,0.1551067153525844,0x1.3da896eea2786p-3,68,22,False,False,1.2854578841724332e-12,-1.8439346653740099,1.1380319854449432,0.4193818980610649,0.9078099049791776
HCl_full_stretch150_sto3g,0.1551067153525844,0x1.3da896eea2786p-3,97,23,False,False,2.498228394438335e-35,-1.740124034133759,1.2418426166851941,0.3230530166670063,0.9463808685841306
HCl_full_stretch150_sto3g,0.1551067153525844,0x1.3da896eea2786p-3,96,23,False,False,8.908332028380177e-35,-1.740124034102548,1.2418426167164054,0.32305301663746894,0.9463808685942143
HCl_full_stretch150_sto3g,0.1551067153525844,0x1.3da896eea2786p-3,77,24,False,False,3.995523137102625e-15,-1.7386151553687559,1.2433514954501972,0.3216246754628526,0.9468672389163267
HCl_full_stretch150_sto3g,0.1551067153525844,0x1.3da896eea2786p-3,88,25,False,False,6.943005166882016e-18,-1.7380731267607876,1.2438935240581657,0.3211113991106776,0.9470414295904772
HCl_full_stretch150_sto3g,0.1551067153525844,0x1.3da896eea2786p-3,99,26,False,False,1.785069721508913e-35,-1.7378391509454603,1.2441274998734928,0.32088980553250956,0.9471165359685216
HCl_full_stretch150_sto3g,0.1551067153525844,0x1.3da896eea2786p-3,98,26,False,False,3.920388704631267e-35,-1.7378391508108022,1.2441275000081509,0.3208898054049731,0.9471165360117333
HCl_full_stretch150_sto3g,0.1551067153525844,0x1.3da896eea2786p-3,89,27,False,False,4.5671945070155544e-18,-1.7354989437079078,1.2464677071110455,0.3186724798959847,0.9478648904546444
HCl_full_stretch150_sto3g,0.1551067153525844,0x1.3da896eea2786p-3,90,27,False,False,1.7839575965314049e-19,-1.7354989435622732,1.24646770725668,0.31867247975794605,0.9478648905010643
HCl_full_stretch150_sto3g,0.1551067153525844,0x1.3da896eea2786p-3,76,28,False,False,7.243959546104649e-16,-1.732901775617608,1.2490648752013451,0.3162096434488492,0.9486893387140046
HCl_full_stretch150_sto3g,0.1551067153525844,0x1.3da896eea2786p-3,94,29,False,False,8.18893531031098e-36,-1.7315287491656006,1.2504379016533524,0.31490677024191227,0.9491226085472396
HCl_full_stretch150_sto3g,0.1551067153525844,0x1.3da896eea2786p-3,95,29,False,False,4.3450526599677084e-35,-1.7315287476225278,1.2504379031964252,0.3149067687773474,0.9491226090331649
HCl_full_stretch150_sto3g,0.1551067153525844,0x1.3da896eea2786p-3,80,30,False,False,6.716861264625596e-20,-1.729990002333187,1.2519766484857664,0.31344593860187436,0.9496060465127988
HCl_full_stretch150_sto3g,0.1551067153525844,0x1.3da896eea2786p-3,75,31,False,False,1.0107725365414077e-14,-1.7283180523193666,1.2536485984995867,0.31185780739305263,0.950128784937905
HCl_full_stretch150_sto3g,0.1551067153525844,0x1.3da896eea2786p-3,93,32,False,False,1.3058700591883556e-35,-1.726950081751506,1.255016569067447,0.31055776778848837,0.9505545080982677
HCl_full_stretch150_sto3g,0.1551067153525844,0x1.3da896eea2786p-3,92,32,False,False,2.4978647825965426e-35,-1.7269500802065025,1.2550165706124508,0.3105577663198786,0.9505545085780815
HCl_full_stretch150_sto3g,0.1551067153525844,0x1.3da896eea2786p-3,81,33,False,False,2.2079012053243262e-17,-1.7251189500581339,1.2568477007608192,0.30881665761845883,0.9511215863268944
HCl_full_stretch150_sto3g,0.1551067153525844,0x1.3da896eea2786p-3,82,34,False,False,1.0187236582831186e-20,-1.7251189214494385,1.2568477293695148,0.30881663040810575,0.9511215951617202
HCl_full_stretch150_sto3g,0.1551067153525844,0x1.3da896eea2786p-3,69,35,False,False,7.267392347435714e-13,-1.7199675499524856,1.2619991008664677,0.30391297393534794,0.9526997975613252
HCl_full_stretch150_sto3g,0.1551067153525844,0x1.3da896eea2786p-3,67,36,False,False,6.1778292717822795e-15,-1.645167370835545,1.3367992799834083,0.23186748220625245,0.9727473827746352
HCl_full_stretch150_sto3g,0.1551067153525844,0x1.3da896eea2786p-3,78,37,False,False,7.3683003578112126e-34,-1.644823293307722,1.3371433575112313,0.2315327679728858,0.9728271055817014
HCl_full_stretch150_sto3g,0.1551067153525844,0x1.3da896eea2786p-3,79,38,False,False,4.314829360793607e-34,-1.6448232787404824,1.337143372078471,0.23153275380148558,0.9728271089545172
HCl_full_stretch150_sto3g,0.1551067153525844,0x1.3da896eea2786p-3,61,39,False,False,1.5593020125413456e-16,-1.6426632783769977,1.3393033724419556,0.229430908406916,0.9733249499869693
HCl_full_stretch150_sto3g,0.1551067153525844,0x1.3da896eea2786p-3,73,40,False,False,3.3394803680446546e-33,-1.6423680572307553,1.339598593588198,0.22914355230562103,0.9733926404265021
HCl_full_stretch150_sto3g,0.1551067153525844,0x1.3da896eea2786p-3,74,40,False,False,2.121492414848289e-33,-1.6423680490920478,1.3395986017269053,0.2291435443834573,0.9733926422914093
HCl_full_stretch150_sto3g,0.1551067153525844,0x1.3da896eea2786p-3,45,41,False,False,3.2971337477832878e-16,-1.4474850124193304,1.5344816383996227,0.036306707215755164,0.9993406941633071
HCl_full_stretch150_sto3g,0.1551067153525844,0x1.3da896eea2786p-3,38,42,False,False,2.424262623952981e-14,-1.4471760064061463,1.5347906444128068,0.03599790320358484,0.9993518654430716
HCl_full_stretch150_sto3g,0.1551067153525844,0x1.3da896eea2786p-3,39,43,False,False,3.827018308416368e-15,-1.3392594972875653,1.6427071535313877,-0.07184886561016464,0.9974155305138234
HCl_full_stretch150_sto3g,0.1551067153525844,0x1.3da896eea2786p-3,40,44,False,False,9.501394313592725e-14,-1.3358653064542907,1.6461013443646624,-0.07523386389233955,0.9971659168480568
HCl_full_stretch150_sto3g,0.1551067153525844,0x1.3da896eea2786p-3,58,45,False,False,1.5518164764421615e-33,-1.335644138147197,1.6463225126717562,-0.07545440354821766,0.9971492531135271
HCl_full_stretch150_sto3g,0.1551067153525844,0x1.3da896eea2786p-3,57,46,False,False,6.554811693507702e-32,-1.3356441147047209,1.6463225361142324,-0.07545442692386595,0.9971492513446972
HCl_full_stretch150_sto3g,0.1551067153525844,0x1.3da896eea2786p-3,56,47,False,False,5.544537997112621e-32,-1.3321917548738953,1.649774895945058,-0.0788964884438818,0.9968828136300275
HCl_full_stretch150_sto3g,0.1551067153525844,0x1.3da896eea2786p-3,55,48,False,False,1.8478136426149946e-33,-1.332191739073239,1.6497749117457143,-0.07889650419528416,0.9968828123834059
HCl_full_stretch150_sto3g,0.1551067153525844,0x1.3da896eea2786p-3,33,49,False,False,1.8280087673958784e-15,-1.2501772158682247,1.7317894349507283,-0.16029855135495077,0.9870685763578485
HCl_full_stretch150_sto3g,0.1551067153525844,0x1.3da896eea2786p-3,30,50,False,False,4.930195761843307e-13,-1.2412526133770845,1.7407140374418688,-0.16910124536141596,0.9855986854784208
HCl_full_stretch150_sto3g,0.1551067153525844,0x1.3da896eea2786p-3,7,51,False,False,2.8282132735051753e-09,-0.8128449679442158,2.1691216828747373,-0.5632595390207565,0.8262800322540556
HCl_full_stretch150_sto3g,0.1551067153525844,0x1.3da896eea2786p-3,35,52,False,False,1.587340292752508e-31,-0.4059308107517633,2.57603584006719,-0.84429034274339,0.5358860113400482
HCl_full_stretch150_sto3g,0.1551067153525844,0x1.3da896eea2786p-3,34,52,False,False,1.735843062358673e-31,-0.40593080945255033,2.576035841366403,-0.8442903434396248,0.5358860102431382
HCl_full_stretch150_sto3g,0.1551067153525844,0x1.3da896eea2786p-3,19,53,False,False,3.673157031393781e-20,-0.405610164279411,2.576356486539542,-0.8444621292971374,0.5356152650763573
HCl_full_stretch150_sto3g,0.1551067153525844,0x1.3da896eea2786p-3,20,54,False,False,1.3469242778605043e-11,-0.3653534772012622,2.616613173617691,-0.8653342263454593,0.5011952480967731
HCl_full_stretch150_sto3g,0.1551067153525844,0x1.3da896eea2786p-3,43,55,False,False,5.948187660699511e-33,-0.36524554915293,2.6167211016660232,-0.8653883143304255,0.5011018513436829
HCl_full_stretch150_sto3g,0.1551067153525844,0x1.3da896eea2786p-3,42,55,False,False,2.725122646207175e-32,-0.3652455472695238,2.6167211035494296,-0.8653883152741986,0.5011018497138021
HCl_full_stretch150_sto3g,0.1551067153525844,0x1.3da896eea2786p-3,31,56,False,False,5.462160277142931e-16,-0.3649281218404914,2.617038528978462,-0.8655473341434182,0.5008271282159493
HCl_full_stretch150_sto3g,0.1551067153525844,0x1.3da896eea2786p-3,26,57,False,False,6.647926868647211e-15,-0.3649281032779188,2.6170385475410343,-0.8655473434400206,0.5008271121491426
HCl_full_stretch150_sto3g,0.1551067153525844,0x1.3da896eea2786p-3,12,58,False,False,2.3491709012784683e-11,-0.32428301939516446,2.657683631423789,-0.8851830455092272,0.46524292143211676
HCl_full_stretch150_sto3g,0.1551067153525844,0x1.3da896eea2786p-3,14,59,False,False,6.427113861565569e-14,-0.055080685771116716,2.9268859650478367,-0.9770389294256051,0.21306086075687777
HCl_full_stretch150_sto3g,0.1551067153525844,0x1.3da896eea2786p-3,28,60,False,False,7.4132631909086745e-31,-0.054762077119553394,2.9272045736993997,-0.9771067628677298,0.21274955689226677
HCl_full_stretch150_sto3g,0.1551067153525844,0x1.3da896eea2786p-3,29,60,False,False,1.0972413999904871e-30,-0.05476207185953672,2.9272045789594165,-0.9771067639867914,0.21274955175266788
HCl_full_stretch150_sto3g,0.1551067153525844,0x1.3da896eea2786p-3,11,61,False,False,1.3695400247767267e-12,0.08338504358345451,3.0653516944024077,-0.9970950656020381,0.07616711988540031
HCl_full_stretch150_sto3g,0.1551067153525844,0x1.3da896eea2786p-3,22,62,False,False,1.037126320741636e-30,0.08372577830982454,3.0656924291287777,-0.9971209605028993,0.07582737055612868
HCl_full_stretch150_sto3g,0.1551067153525844,0x1.3da896eea2786p-3,21,63,False,False,5.986343119813831e-31,0.08372580682463257,3.0656924576435856,-0.9971209626651159,0.07582734212341694
HCl_full_stretch150_sto3g,0.1551067153525844,0x1.3da896eea2786p-3,6,64,False,False,6.708473515172265e-12,0.4232685926545423,-2.877950063706091,-0.9654471299407982,-0.2605990009359041
HCl_full_stretch150_sto3g,0.1551067153525844,0x1.3da896eea2786p-3,9,65,False,False,7.247666688369656e-15,0.45261976484720373,-2.8485988915134297,-0.9573835096836035,-0.2888196935555719
HCl_full_stretch150_sto3g,0.1551067153525844,0x1.3da896eea2786p-3,8,66,False,False,6.215430956932714e-11,0.45274861955401535,-2.848470036806618,-0.9573462859587921,-0.28894305452896174
HCl_full_stretch150_sto3g,0.1551067153525844,0x1.3da896eea2786p-3,13,67,False,False,6.82666914019303e-15,0.5662115039231828,-2.7350071524374506,-0.9184765250027703,-0.39547550242517815
HCl_full_stretch150_sto3g,0.1551067153525844,0x1.3da896eea2786p-3,10,68,False,False,2.6387014846875373e-11,0.5678609325892783,-2.733357723771355,-0.9178229672579274,-0.3969899252795621
HCl_full_stretch150_sto3g,0.1551067153525844,0x1.3da896eea2786p-3,24,69,False,False,2.4943054911638664e-32,0.5699409002086161,-2.731277756152017,-0.9169952562914444,-0.39889810721369257
HCl_full_stretch150_sto3g,0.1551067153525844,0x1.3da896eea2786p-3,23,70,False,False,7.623298967746358e-33,0.5699409479002887,-2.7312777084603446,-0.9169952372673249,-0.3988981509467294
HCl_full_stretch150_sto3g,0.1551067153525844,0x1.3da896eea2786p-3,27,71,False,False,8.651626136936936e-33,0.5716117599026914,-2.7296068964579416,-0.9163274738115831,-0.4004297200979997
HCl_full_stretch150_sto3g,0.1551067153525844,0x1.3da896eea2786p-3,25,71,False,False,4.861731800781465e-33,0.5716117622768827,-2.7296068940837506,-0.916327472860885,-0.40042972227353574
HCl_full_stretch150_sto3g,0.1551067153525844,0x1.3da896eea2786p-3,5,72,False,False,1.502963768814504e-14,0.6571739803483014,-2.644044676012332,-0.8787554846892891,-0.47727224738934454
HCl_full_stretch150_sto3g,0.1551067153525844,0x1.3da896eea2786p-3,4,73,False,False,1.0833287815141183e-09,0.6603323494335481,-2.640886306927085,-0.877243702364923,-0.4800452964675551
HCl_full_stretch150_sto3g,0.1551067153525844,0x1.3da896eea2786p-3,3,74,False,False,1.203192488010557e-13,2.0312428799988744,-1.269975776361759,0.2963040088559396,-0.9550936783035977
HCl_full_stretch150_sto3g,0.1551067153525844,0x1.3da896eea2786p-3,16,75,False,False,3.568471541080548e-32,2.0315626876193793,-1.2696559687412539,0.2966094399348353,-0.9549988691832242
HCl_full_stretch150_sto3g,0.1551067153525844,0x1.3da896eea2786p-3,15,76,False,False,7.220421818364745e-32,2.0315627672607617,-1.2696558890998717,0.29660951599226304,-0.9549988455608316
HCl_full_stretch150_sto3g,0.1551067153525844,0x1.3da896eea2786p-3,2,77,False,False,3.4163807273089797e-10,2.07129893566189,-1.2299197206987433,0.33431338838976643,-0.9424619665232702
HCl_full_stretch150_sto3g,0.1551067153525844,0x1.3da896eea2786p-3,18,78,False,False,7.606723654719946e-32,2.071612829565348,-1.2296058267952852,0.3346092049806191,-0.942356981160502
HCl_full_stretch150_sto3g,0.1551067153525844,0x1.3da896eea2786p-3,17,78,False,False,1.769984090265942e-32,2.0716128353758028,-1.2296058209848306,0.3346092104561405,-0.9423569792162677
HCl_full_stretch150_sto3g,0.1551067153525844,0x1.3da896eea2786p-3,1,79,False,False,1.3746070130819089e-13,2.4003649553526945,-0.9008537010079389,0.6209410148631475,-0.7838572931729145
HCl_full_stretch150_sto3g,0.1551067153525844,0x1.3da896eea2786p-3,0,80,False,False,2.6634997824851347e-08,2.4761117256065797,-0.8251069307540535,0.6784784159962319,-0.7346203366548127
HCl_full_stretch150_sto3g,0.20163872995835974,0x1.9cf4c436399c8p-3,52,0,False,False,3.4975874469010248e-15,-3.138358389367854,1.9948353181327043,-0.4114450753672833,0.9114345560464838
HCl_full_stretch150_sto3g,0.20163872995835974,0x1.9cf4c436399c8p-3,40,1,False,False,2.5417330274982574e-13,-3.13795241594043,1.9952412915601285,-0.411815059661658,0.9112674451748242
HCl_full_stretch150_sto3g,0.20163872995835974,0x1.9cf4c436399c8p-3,57,2,False,False,9.280374829338029e-14,-3.0338288783203695,2.099364829180189,-0.5042977173974922,0.8635298560138418
HCl_full_stretch150_sto3g,0.20163872995835974,0x1.9cf4c436399c8p-3,56,3,False,False,2.436845174293778e-10,-3.0317167777524108,2.1014769297481477,-0.5061204531130203,0.8624628032212607
HCl_full_stretch150_sto3g,0.20163872995835974,0x1.9cf4c436399c8p-3,71,4,False,False,4.027142184382262e-33,-3.0289796904146202,2.1042140170859382,-0.5084791903468178,0.8610742784359132
HCl_full_stretch150_sto3g,0.20163872995835974,0x1.9cf4c436399c8p-3,70,5,False,False,1.1146475441100119e-32,-3.0289796380853917,2.104214069415167,-0.5084792354061666,0.8610742518275823
HCl_full_stretch150_sto3g,0.20163872995835974,0x1.9cf4c436399c8p-3,73,6,False,False,3.772772407688263e-33,-3.0268300895483002,2.1063636179522582,-0.5103289801504531,0.8599792625513044
HCl_full_stretch150_sto3g,0.20163872995835974,0x1.9cf4c436399c8p-3,72,7,False,False,1.2870731742562476e-32,-3.0268300438495817,2.106363663650977,-0.510329019450399,0.8599792392299161
HCl_full_stretch150_sto3g,0.20163872995835974,0x1.9cf4c436399c8p-3,54,8,False,False,4.009849851440323e-14,-2.9976982650589323,2.135495442441626,-0.5351616682841289,0.8447496604314032
HCl_full_stretch150_sto3g,0.20163872995835974,0x1.9cf4c436399c8p-3,55,9,False,False,1.1825530796715917e-14,-2.9932458797311017,2.139947827769457,-0.5389175024084347,0.8423585493110614
HCl_full_stretch150_sto3g,0.20163872995835974,0x1.9cf4c436399c8p-3,65,10,False,False,1.4138223638020734e-34,-2.9929996119479476,2.140194095552611,-0.5391249318368407,0.842225805750222
HCl_full_stretch150_sto3g,0.20163872995835974,0x1.9cf4c436399c8p-3,64,11,False,False,6.927209746743968e-32,-2.992999425719581,2.1401942817809774,-0.5391250886831707,0.8422257053498571
HCl_full_stretch150_sto3g,0.20163872995835974,0x1.9cf4c436399c8p-3,63,12,False,False,6.010174288532523e-32,-2.9884700460383797,2.144723661462179,-0.5429343054948039,0.8397751722434883
HCl_full_stretch150_sto3g,0.20163872995835974,0x1.9cf4c436399c8p-3,62,13,False,False,1.1000273583639514e-35,-2.9884699331775617,2.1447237743229968,-0.5429344002725106,0.839775110967469
HCl_full_stretch150_sto3g,0.20163872995835974,0x1.9cf4c436399c8p-3,37,14,False,False,1.588951645235384e-13,-2.9155929067804336,2.217600800720125,-0.6026394136357769,0.7980136196408615
HCl_full_stretch150_sto3g,0.20163872995835974,0x1.9cf4c436399c8p-3,32,15,False,False,9.49696096340395e-09,-2.912653781585777,2.2205399259147813,-0.6049822692586425,0.7962389427064048
HCl_full_stretch150_sto3g,0.20163872995835974,0x1.9cf4c436399c8p-3,33,16,False,False,2.8478375570027985e-14,-2.8818509513634734,2.251342756137085,-0.6292178186723272,0.7772290117236091
HCl_full_stretch150_sto3g,0.20163872995835974,0x1.9cf4c436399c8p-3,31,17,False,False,3.237513795485842e-16,-2.8701607368730295,2.263032970627529,-0.6382605912644438,0.7698203801136655
HCl_full_stretch150_sto3g,0.20163872995835974,0x1.9cf4c436399c8p-3,26,18,False,False,3.956413003784028e-33,-1.7843490764933936,-2.9343406761724213,-0.9786000736548108,-0.20577146508326366
HCl_full_stretch150_sto3g,0.20163872995835974,0x1.9cf4c436399c8p-3,25,18,False,False,8.934599907533188e-33,-1.7843490725096833,-2.934340672188711,-0.978600072835083,-0.205771468981724
HCl_full_stretch150_sto3g,0.20163872995835974,0x1.9cf4c436399c8p-3,9,19,False,False,4.190359142234157e-19,-1.783929896470604,-2.933921496149632,-0.9785137323941614,-0.20618165659419763
HCl_full_stretch150_sto3g,0.20163872995835974,0x1.9cf4c436399c8p-3,10,20,False,False,1.583041277115571e-10,-1.731598367121385,-2.881589966800413,-0.9663892874095811,-0.2570831483775185
HCl_full_stretch150_sto3g,0.20163872995835974,0x1.9cf4c436399c8p-3,28,21,False,False,6.861607529593995e-33,-1.73145741472542,-2.881449014404448,-0.9663530413240854,-0.2572193607087577
HCl_full_stretch150_sto3g,0.20163872995835974,0x1.9cf4c436399c8p-3,27,21,False,False,2.7890224970074986e-33,-1.7314574070267261,-2.881449006705754,-0.9663530393438285,-0.25721936814841295
HCl_full_stretch150_sto3g,0.20163872995835974,0x1.9cf4c436399c8p-3,13,22,False,False,6.53073401711988e-15,-1.7310431282326422,-2.88103472791167,-0.9662463958911713,-0.257619685635888
HCl_full_stretch150_sto3g,0.20163872995835974,0x1.9cf4c436399c8p-3,12,23,False,False,7.96197486133289e-14,-1.7310430592952317,-2.8810346589742597,-0.9662463781315014,-0.25761975224640277
HCl_full_stretch150_sto3g,0.20163872995835974,0x1.9cf4c436399c8p-3,4,24,False,False,4.0193147135036564e-10,-1.6800304888313804,-2.8300220885104084,-0.9518532810926704,-0.3065539614371556
HCl_full_stretch150_sto3g,0.20163872995835974,0x1.9cf4c436399c8p-3,7,25,False,False,7.258943495511902e-13,-1.3308736756754005,-2.4808652753544282,-0.7895460546984929,-0.6136913128842916
HCl_full_stretch150_sto3g,0.20163872995835974,0x1.9cf4c436399c8p-3,18,26,False,False,2.673577186501183e-31,-1.3304620508452243,-2.480453650524252,-0.7892933772348485,-0.6140162576454301
HCl_full_stretch150_sto3g,0.20163872995835974,0x1.9cf4c436399c8p-3,19,27,False,False,1.5585333383551642e-30,-1.3304615755805917,-2.4804531752596195,-0.7892930854145516,-0.6140166327685901
HCl_full_stretch150_sto3g,0.20163872995835974,0x1.9cf4c436399c8p-3,6,28,False,False,5.97910019504461e-11,-1.1494791970413771,-2.299470796720405,-0.6658812983568785,-0.7460577031960375
HCl_full_stretch150_sto3g,0.20163872995835974,0x1.9cf4c436399c8p-3,16,29,False,False,1.3953734988123845e-30,-1.149036214769937,-2.299027814448965,-0.6655507426976941,-0.7463526035958039
HCl_full_stretch150_sto3g,0.20163872995835974,0x1.9cf4c436399c8p-3,15,30,False,False,8.857722622903678e-31,-1.1490354786006558,-2.2990270782796838,-0.66555019325566,-0.74635309355362
HCl_full_stretch150_sto3g,0.20163872995835974,0x1.9cf4c436399c8p-3,8,31,False,False,6.674341597172172e-13,-1.1266227077365731,-2.276614307415601,-0.6486565961586396,-0.761081217912701
HCl_full_stretch150_sto3g,0.20163872995835974,0x1.9cf4c436399c8p-3,20,32,False,False,1.1427896734303655e-31,-1.1262008306005982,-2.276192430279626,-0.6483354556796882,-0.7613548035629051
HCl_full_stretch150_sto3g,0.20163872995835974,0x1.9cf4c436399c8p-3,21,33,False,False,3.426408612670159e-32,-1.1261999807072811,-2.276191580386309,-0.6483348086090955,-0.761355354578602
HCl_full_stretch150_sto3g,0.20163872995835974,0x1.9cf4c436399c8p-3,5,34,False,False,8.170026751606252e-10,-1.0759843429635636,-2.2259759426425916,-0.6093016774780784,-0.792938500655601
HCl_full_stretch150_sto3g,0.20163872995835974,0x1.9cf4c436399c8p-3,14,35,False,False,7.787273377156304e-32,-1.07556476880482,-2.225556368483848,-0.6089689273520482,-0.7931940780914783
HCl_full_stretch150_sto3g,0.20163872995835974,0x1.9cf4c436399c8p-3,11,36,False,False,1.8054687174018103e-33,-1.0755641534905513,-2.2255557531695795,-0.6089684392883009,-0.7931944527986009
HCl_full_stretch150_sto3g,0.20163872995835974,0x1.9cf4c436399c8p-3,1,37,False,False,1.3226451221759354e-10,-0.7150572050157833,-1.8650488046948113,-0.29002453821226437,-0.957019209438597
HCl_full_stretch150_sto3g,0.20163872995835974,0x1.9cf4c436399c8p-3,2,38,False,False,5.322398181647217e-13,-0.6494298032565163,-1.7994214029355442,-0.22663859131329436,-0.9739789263260198
HCl_full_stretch150_sto3g,0.20163872995835974,0x1.9cf4c436399c8p-3,0,39,False,False,1.730052012445443e-08,-0.593369348993873,-1.743360948672901,-0.17170944217196765,-0.9851476373968471
HCl_full_stretch150_sto3g,0.20163872995835974,0x1.9cf4c436399c8p-3,3,40,False,False,5.616111070785829e-06,0.8821796602579947,-0.2678119394210332,0.9643522133635967,-0.2646220107632993
HCl_full_stretch150_sto3g,0.20163872995835974,0x1.9cf4c436399c8p-3,22,41,True,True,0.9999943539882683,1.149992606714575,1.0070355470632305e-06,0.9999999999993215,1.0070355470628877e-06
HCl_full_stretch150_sto3g,0.20163872995835974,0x1.9cf4c436399c8p-3,47,42,False,False,7.0753499295564926e-34,1.1701952092090664,0.020203609530038507,0.999795914023055,0.02020223508687262
HCl_full_stretch150_sto3g,0.20163872995835974,0x1.9cf4c436399c8p-3,46,42,False,False,5.88783394167168e-34,1.170195210265316,0.020203610586287973,0.9997959140017184,0.02020223614290656
HCl_full_stretch150_sto3g,0.20163872995835974,0x1.9cf4c436399c8p-3,50,43,False,False,1.2161853985148237e-33,1.1716680226725624,0.02167642299353443,0.9997650755417791,0.021674725526303444
HCl_full_stretch150_sto3g,0.20163872995835974,0x1.9cf4c436399c8p-3,49,43,False,False,2.817641114466826e-33,1.1716680227685363,0.02167642308950843,0.9997650755396998,0.021674725622254917
HCl_full_stretch150_sto3g,0.20163872995835974,0x1.9cf4c436399c8p-3,29,44,False,False,7.427629404998582e-12,1.1736210408912,0.023629441212172086,0.9997208377433486,0.02362724235520018
HCl_full_stretch150_sto3g,0.20163872995835974,0x1.9cf4c436399c8p-3,24,45,False,False,3.9093902577983575e-11,1.2349383535119014,0.08494675383287346,0.9963941935658082,0.08484462875094095
HCl_full_stretch150_sto3g,0.20163872995835974,0x1.9cf4c436399c8p-3,60,46,False,False,2.701617772308144e-35,1.2757437855031057,0.12575218582407777,0.9921036079864195,0.1254210150653531
HCl_full_stretch150_sto3g,0.20163872995835974,0x1.9cf4c436399c8p-3,59,46,False,False,4.2291876532563554e-35,1.2757437862521162,0.1257521865730883,0.9921036078924672,0.1254210158084478
HCl_full_stretch150_sto3g,0.20163872995835974,0x1.9cf4c436399c8p-3,38,47,False,False,2.8757896075420513e-18,1.2788906644273341,0.12889906474830629,0.9917040115679172,0.1285424188351138
HCl_full_stretch150_sto3g,0.20163872995835974,0x1.9cf4c436399c8p-3,36,48,False,False,1.8341965825259342e-11,1.2829835280829405,0.13299192840391258,0.991169600172776,0.13260024016923472
HCl_full_stretch150_sto3g,0.20163872995835974,0x1.9cf4c436399c8p-3,39,49,False,False,2.067589677158613e-13,1.2848993004575677,0.13490770077853995,0.9909137495644303,0.13449885101273912
HCl_full_stretch150_sto3g,0.20163872995835974,0x1.9cf4c436399c8p-3,76,50,False,False,3.7500798807623034e-35,1.2889396502022568,0.13894805052322892,0.9903622406065283,0.13850138042818727
HCl_full_stretch150_sto3g,0.20163872995835974,0x1.9cf4c436399c8p-3,77,50,False,False,2.3215996532079096e-34,1.2889396509965205,0.1389480513174927,0.9903622404965111,0.13850138121479463
HCl_full_stretch150_sto3g,0.20163872995835974,0x1.9cf4c436399c8p-3,51,51,False,False,1.6749968210311159e-18,1.2924852075449509,0.142493607865923,0.9898649521452252,0.14201188863747374
HCl_full_stretch150_sto3g,0.20163872995835974,0x1.9cf4c436399c8p-3,43,52,False,False,1.0369985405273687e-15,1.2924852533906024,0.14249365371157438,0.9898649456345106,0.14201193401846476
HCl_full_stretch150_sto3g,0.20163872995835974,0x1.9cf4c436399c8p-3,35,53,False,False,3.5222034549862456e-12,1.2966525832384106,0.1466609835593826,0.9892645414753675,0.14613578267873129
HCl_full_stretch150_sto3g,0.20163872995835974,0x1.9cf4c436399c8p-3,34,54,False,False,4.533915996714502e-10,1.3035811925360645,0.15358959285703666,0.9882282867966871,0.15298644768263595
HCl_full_stretch150_sto3g,0.20163872995835974,0x1.9cf4c436399c8p-3,30,55,False,False,9.848100834355003e-15,1.3775325678572856,0.2275409681782577,0.9742240546254658,0.22558256002785881
HCl_full_stretch150_sto3g,0.20163872995835974,0x1.9cf4c436399c8p-3,48,56,False,False,3.663925366781276e-34,1.3801718821453928,0.2301802824663649,0.9736252788322755,0.22815305480847106
HCl_full_stretch150_sto3g,0.20163872995835974,0x1.9cf4c436399c8p-3,45,56,False,False,8.220478779221595e-34,1.380171886450853,0.23018028677182498,0.9736252778499842,0.2281530590003788
HCl_full_stretch150_sto3g,0.20163872995835974,0x1.9cf4c436399c8p-3,23,57,False,False,2.909788867781595e-12,1.4240317355857064,0.2740401359066786,0.9626854023825133,0.27062301461480853
HCl_full_stretch150_sto3g,0.20163872995835974,0x1.9cf4c436399c8p-3,42,58,False,False,9.579556271733053e-34,1.4293908605832761,0.27939926090424816,0.9612212825266249,0.2757782551571725
HCl_full_stretch150_sto3g,0.20163872995835974,0x1.9cf4c436399c8p-3,41,58,False,False,1.033270392398181e-33,1.4293908678195226,0.2793992681404947,0.9612212805310362,0.2757782621128098
HCl_full_stretch150_sto3g,0.20163872995835974,0x1.9cf4c436399c8p-3,17,59,False,False,9.750557775845265e-11,1.5286951603325667,0.3787035606535389,0.9291447309038673,0.3697162006637864
HCl_full_stretch150_sto3g,0.20163872995835974,0x1.9cf4c436399c8p-3,68,60,False,False,4.3424199576418386e-14,2.6286041207346877,1.47861252105566,0.09205330044796312,0.9957540810241656
HCl_full_stretch150_sto3g,0.20163872995835974,0x1.9cf4c436399c8p-3,83,61,False,False,7.155123836726255e-35,2.628698366794585,1.4787067671155572,0.09195945414051825,0.9957627522627458
HCl_full_stretch150_sto3g,0.20163872995835974,0x1.9cf4c436399c8p-3,84,61,False,False,3.6715649264680617e-35,2.6286983706422746,1.4787067709632467,0.09195945030913302,0.9957627526165851
HCl_full_stretch150_sto3g,0.20163872995835974,0x1.9cf4c436399c8p-3,86,62,False,False,3.052521346467424e-34,2.628807911061134,1.4788163113821065,0.09185037348862841,0.9957728199191334
HCl_full_stretch150_sto3g,0.20163872995835974,0x1.9cf4c436399c8p-3,85,62,False,False,4.851352014758418e-34,2.628807911275842,1.478816311596814,0.09185037327482942,0.9957728199388635
HCl_full_stretch150_sto3g,0.20163872995835974,0x1.9cf4c436399c8p-3,58,63,False,False,1.3474407413305962e-11,2.6294344339046196,1.4794428342255919,0.09122648108378459,0.9958301708367099
HCl_full_stretch150_sto3g,0.20163872995835974,0x1.9cf4c436399c8p-3,94,64,False,False,1.1254079367541064e-34,2.7643860121590116,1.6143944124799836,-0.04358427517446364,0.9990497539948792
HCl_full_stretch150_sto3g,0.20163872995835974,0x1.9cf4c436399c8p-3,95,64,False,False,2.575005263836731e-35,2.764386012402908,1.6143944127238803,-0.043584275418128364,0.9990497539842453
HCl_full_stretch150_sto3g,0.20163872995835974,0x1.9cf4c436399c8p-3,74,65,False,False,3.388603488424227e-14,2.766346334649622,1.6163547349705945,-0.04554264987790795,0.9989623952090052
HCl_full_stretch150_sto3g,0.20163872995835974,0x1.9cf4c436399c8p-3,78,66,False,False,5.799130222541882e-17,2.7670531804887006,1.6170615808096727,-0.0462487508542977,0.9989299540228265
HCl_full_stretch150_sto3g,0.20163872995835974,0x1.9cf4c436399c8p-3,99,67,False,False,2.0425085536255756e-35,2.7673568820663172,1.6173652823872893,-0.04655212531973265,0.9989158621365085
HCl_full_stretch150_sto3g,0.20163872995835974,0x1.9cf4c436399c8p-3,98,67,False,False,4.47859554410076e-35,2.7673568826092074,1.6173652829301797,-0.046552125862034575,0.9989158621112383
HCl_full_stretch150_sto3g,0.20163872995835974,0x1.9cf4c436399c8p-3,88,68,False,False,3.8540740054280825e-17,2.7703996178362376,1.6204080181572096,-0.04959134215939338,0.9987695924398663
HCl_full_stretch150_sto3g,0.20163872995835974,0x1.9cf4c436399c8p-3,91,68,False,False,1.56974616311951e-18,2.7703996183695687,1.6204080186905407,-0.04959134269206901,0.9987695924134317
HCl_full_stretch150_sto3g,0.20163872995835974,0x1.9cf4c436399c8p-3,75,69,False,False,5.928778554814609e-15,2.7737660842517493,1.6237744845727216,-0.052953379086798154,0.9985969855967779
HCl_full_stretch150_sto3g,0.20163872995835974,0x1.9cf4c436399c8p-3,96,70,False,False,9.070524786762195e-36,2.775558706422073,1.625567106743045,-0.054743400140981495,0.9985004557538839
HCl_full_stretch150_sto3g,0.20163872995835974,0x1.9cf4c436399c8p-3,97,70,False,False,4.383335907911785e-35,2.775558713079383,1.625567113400355,-0.054743406788308746,0.9985004553894424
HCl_full_stretch150_sto3g,0.20163872995835974,0x1.9cf4c436399c8p-3,79,71,False,False,6.007160461207236e-19,2.777560874261085,1.6275692745820571,-0.05674245458082093,0.998388849020181
HCl_full_stretch150_sto3g,0.20163872995835974,0x1.9cf4c436399c8p-3,69,72,False,False,5.898830554942266e-13,2.779735673264128,1.6297440735851003,-0.05891361375392341,0.9982630846195045
HCl_full_stretch150_sto3g,0.20163872995835974,0x1.9cf4c436399c8p-3,92,73,False,False,7.855699999669512e-35,2.7815118918183797,1.6315202921393517,-0.06068665329969633,0.998156866484921
HCl_full_stretch150_sto3g,0.20163872995835974,0x1.9cf4c436399c8p-3,93,73,False,False,1.2249948692693579e-34,2.781511897164456,1.6315202974854282,-0.06068665863591893,0.9981568661604822
HCl_full_stretch150_sto3g,0.20163872995835974,0x1.9cf4c436399c8p-3,80,74,False,False,1.595337982799699e-16,2.7838931247576353,1.6339015250786073,-0.06306332300770512,0.9980095276553573
HCl_full_stretch150_sto3g,0.20163872995835974,0x1.9cf4c436399c8p-3,81,75,False,False,1.26035684723015e-19,2.783893231615408,1.6339016319363804,-0.06306342965277982,0.998009520916536
HCl_full_stretch150_sto3g,0.20163872995835974,0x1.9cf4c436399c8p-3,66,76,False,False,4.136957969307141e-13,2.7906279745472933,1.6406363748682653,-0.06978328623906616,0.9975621749852502
HCl_full_stretch150_sto3g,0.20163872995835974,0x1.9cf4c436399c8p-3,67,77,False,False,5.203549563372647e-14,2.887803116183061,1.7378115165040329,-0.16623981625023584,0.9860853530464123
HCl_full_stretch150_sto3g,0.20163872995835974,0x1.9cf4c436399c8p-3,89,78,False,False,8.097419663251626e-34,2.8882541617963984,1.7382625621173704,-0.1666845687979373,0.9860102710034534
HCl_full_stretch150_sto3g,0.20163872995835974,0x1.9cf4c436399c8p-3,90,79,False,False,5.139311416670842e-34,2.8882542957953845,1.7382626961163565,-0.16668470092231788,0.9860102486679133
HCl_full_stretch150_sto3g,0.20163872995835974,0x1.9cf4c436399c8p-3,61,80,False,False,1.562778207625701e-14,2.8910761055530827,1.741084505874055,-0.16946636694852948,0.9855359711714372
HCl_full_stretch150_sto3g,0.20163872995835974,0x1.9cf4c436399c8p-3,87,81,False,False,3.473056895602206e-33,2.8914631858997732,1.7414715862207453,-0.1698478358487388,0.9854703002410627
HCl_full_stretch150_sto3g,0.20163872995835974,0x1.9cf4c436399c8p-3,82,82,False,False,2.4123668698681353e-33,2.891463235490058,1.7414716358110298,-0.16984788471848655,0.9854702918182321
HCl_full_stretch150_sto3g,0.20163872995835974,0x1.9cf4c436399c8p-3,53,83,False,False,1.1325328877074367e-13,3.1016711759524878,1.9516795762734598,-0.37174056717837795,0.9283366580683505
HCl_full_stretch150_sto3g,0.20163872995835974,0x1.9cf4c436399c8p-3,44,84,False,False,6.504487823460505e-10,3.101822823931252,1.9518312242522242,-0.37188134328116923,0.928280273688402
HCl_full_stretch150_sto3g,0.24817074456413507,0x1.fc40f17dd0c0ap-3,8,0,False,False,1.3985739405652589e-09,-3.0978390733587475,-2.09660361635617,-0.5019114082586666,-0.8649190356672075
HCl_full_stretch150_sto3g,0.24817074456413507,0x1.fc40f17dd0c0ap-3,24,1,False,False,9.027639152726625e-32,-3.0976667896469148,-2.0964313326443373,-0.5017623893487273,-0.8650054939910979
HCl_full_stretch150_sto3g,0.24817074456413507,0x1.fc40f17dd0c0ap-3,25,2,False,False,1.3061007737024643e-31,-3.097666771407522,-2.0964313144049447,-0.5017623735715497,-0.8650055031429341
HCl_full_stretch150_sto3g,0.24817074456413507,0x1.fc40f17dd0c0ap-3,10,3,False,False,6.29397502220824e-14,-3.097157340516277,-2.0959218835136997,-0.5013216479575917,-0.8652610041420389
HCl_full_stretch150_sto3g,0.24817074456413507,0x1.fc40f17dd0c0ap-3,9,4,False,False,7.612538464250193e-13,-3.0971571467588297,-2.095921689756252,-0.501321480306802,-0.8652611012767969
HCl_full_stretch150_sto3g,0.24817074456413507,0x1.fc40f17dd0c0ap-3,2,5,False,False,1.5475829177094423e-09,-3.0125487993164195,-2.011313342313842,-0.42640717876789086,-0.904531324993731
HCl_full_stretch150_sto3g,0.24817074456413507,0x1.fc40f17dd0c0ap-3,4,6,False,False,1.0408905112932e-11,-2.6014962580622125,-1.6002608010596349,-0.029460211160149304,-0.9995659537809432
HCl_full_stretch150_sto3g,0.24817074456413507,0x1.fc40f17dd0c0ap-3,14,7,False,False,5.465942456268954e-31,-2.6009859115366187,-1.5997504545340413,-0.028950082334172313,-0.9995808585264906
HCl_full_stretch150_sto3g,0.24817074456413507,0x1.fc40f17dd0c0ap-3,13,8,False,False,9.185022611451944e-31,-2.600985815556016,-1.599750358553439,-0.02894998639379895,-0.9995808613051222
HCl_full_stretch150_sto3g,0.24817074456413507,0x1.fc40f17dd0c0ap-3,3,9,False,False,2.276047309155937e-10,-2.379884106830448,-1.378648649827871,0.1909674856752207,-0.9815963627756967
HCl_full_stretch150_sto3g,0.24817074456413507,0x1.fc40f17dd0c0ap-3,11,10,False,False,1.8380374848319757e-30,-2.3793386090130255,-1.3781031520104479,0.19150291590926594,-0.9814920443885131
HCl_full_stretch150_sto3g,0.24817074456413507,0x1.fc40f17dd0c0ap-3,12,11,False,False,3.8640557706452827e-31,-2.3793383855083565,-1.3781029285057789,0.1915031352773174,-0.9814920015867021
HCl_full_stretch150_sto3g,0.24817074456413507,0x1.fc40f17dd0c0ap-3,0,12,False,False,1.551307635236699e-09,-1.8292717948802335,-0.8280363378776561,0.6763235058727061,-0.7366047212744363
HCl_full_stretch150_sto3g,0.24817074456413507,0x1.fc40f17dd0c0ap-3,29,13,True,True,0.9999997558707057,-1.001236544585262,-1.087582684513216e-06,0.9999999999992342,-1.087582684512812e-06
HCl_full_stretch150_sto3g,0.24817074456413507,0x1.fc40f17dd0c0ap-3,65,14,False,False,1.2494789825992343e-33,-0.9763690487538553,0.02486640824872212,0.999690846800841,0.024863845686014477
HCl_full_stretch150_sto3g,0.24817074456413507,0x1.fc40f17dd0c0ap-3,66,14,False,False,8.447702224339644e-34,-0.9763690458655555,0.024866411137021968,0.999690846729033,0.024863848573421554
HCl_full_stretch150_sto3g,0.24817074456413507,0x1.fc40f17dd0c0ap-3,71,15,False,False,1.4389886845037875e-33,-0.9745562633421397,0.026679193660437733,0.9996441314217305,0.026676028823106764
HCl_full_stretch150_sto3g,0.24817074456413507,0x1.fc40f17dd0c0ap-3,72,15,False,False,2.4255097482308265e-33,-0.9745562630878307,0.0266791939147467,0.9996441314149552,0.026676029077325462
HCl_full_stretch150_sto3g,0.24817074456413507,0x1.fc40f17dd0c0ap-3,42,16,False,False,3.84988681893267e-11,-0.9721527816153936,0.029082675387183902,0.9995771288026645,0.029078575863012695
HCl_full_stretch150_sto3g,0.24817074456413507,0x1.fc40f17dd0c0ap-3,39,17,False,False,8.11454311903791e-13,-0.8966847577080296,0.10455069929454786,0.994539552301922,0.10436033205511301
HCl_full_stretch150_sto3g,0.24817074456413507,0x1.fc40f17dd0c0ap-3,86,18,False,False,1.1306634609105865e-35,-0.8464637561631562,0.1547717008394213,0.9880467498730292,0.1541545330667768
HCl_full_stretch150_sto3g,0.24817074456413507,0x1.fc40f17dd0c0ap-3,87,18,False,False,8.805770775647786e-35,-0.8464637541748455,0.15477170282773195,0.9880467495665092,0.15415453503131865
HCl_full_stretch150_sto3g,0.24817074456413507,0x1.fc40f17dd0c0ap-3,55,19,False,False,3.5106306890973163e-19,-0.8425904701000146,0.15864498690256285,0.9874422552617481,0.1579803548655544
HCl_full_stretch150_sto3g,0.24817074456413507,0x1.fc40f17dd0c0ap-3,49,20,False,False,7.595306868163216e-13,-0.8375538534482471,0.1636816035543305,0.9866340476919112,0.16295169816441146
HCl_full_stretch150_sto3g,0.24817074456413507,0x1.fc40f17dd0c0ap-3,54,21,False,False,1.0014678213577613e-12,-0.8351956101456272,0.1660398468569504,0.986247024808889,0.1652779660305477
HCl_full_stretch150_sto3g,0.24817074456413507,0x1.fc40f17dd0c0ap-3,91,22,False,False,3.412623956495356e-35,-0.8302228477994396,0.17101260920313796,0.9854129460368812,0.17018027436398703
HCl_full_stretch150_sto3g,0.24817074456413507,0x1.fc40f17dd0c0ap-3,90,22,False,False,6.405005463585201e-35,-0.8302228453037086,0.17101261169886883,0.9854129456121447,0.1701802768233104
HCl_full_stretch150_sto3g,0.24817074456413507,0x1.fc40f17dd0c0ap-3,59,23,False,False,4.833565668228102e-19,-0.8258588873816665,0.175376569620911,0.9846609052516095,0.17447894333959874
HCl_full_stretch150_sto3g,0.24817074456413507,0x1.fc40f17dd0c0ap-3,56,24,False,False,6.778027594196302e-16,-0.8258587548351554,0.17537670216742204,0.9846608821249515,0.1744790738529516
HCl_full_stretch150_sto3g,0.24817074456413507,0x1.fc40f17dd0c0ap-3,48,25,False,False,3.154053873590518e-11,-0.820730831093925,0.1805046259086525,0.9837532245640184,0.17952602362746295
HCl_full_stretch150_sto3g,0.24817074456413507,0x1.fc40f17dd0c0ap-3,43,26,False,False,3.2819673325597755e-11,-0.8122252050336959,0.1890102519688816,0.9821906768198433,0.18788686587370784
HCl_full_stretch150_sto3g,0.24817074456413507,0x1.fc40f17dd0c0ap-3,37,27,False,False,6.107504301844795e-14,-0.7211868251973292,0.2800486318052483,0.9610419975000364,0.27640238609815265
HCl_full_stretch150_sto3g,0.24817074456413507,0x1.fc40f17dd0c0ap-3,63,28,False,False,5.024724649006187e-34,-0.7179382660644744,0.2832971909381031,0.9601390185844533,0.2795229239102841
HCl_full_stretch150_sto3g,0.24817074456413507,0x1.fc40f17dd0c0ap-3,62,28,False,False,5.4106579426611096e-34,-0.7179382637031635,0.28329719329941394,0.9601390179244259,0.2795229261774746
HCl_full_stretch150_sto3g,0.24817074456413507,0x1.fc40f17dd0c0ap-3,38,29,False,False,1.6418626155651485e-14,-0.6639595302236367,0.33727592677894075,0.9436596097732429,0.3309177252463099
HCl_full_stretch150_sto3g,0.24817074456413507,0x1.fc40f17dd0c0ap-3,61,30,False,False,8.892436331946965e-34,-0.6573630033963129,0.3438724536062645,0.941456186746169,0.3371353562547691
HCl_full_stretch150_sto3g,0.24817074456413507,0x1.fc40f17dd0c0ap-3,60,31,False,False,1.795533037425632e-33,-0.6573629687401652,0.34387248826241235,0.941456175062369,0.33713538888201844
HCl_full_stretch150_sto3g,0.24817074456413507,0x1.fc40f17dd0c0ap-3,30,32,False,False,1.4203877851584453e-12,-0.5351722535663823,0.46606320343619523,0.8933442958444475,0.44937286197753384
HCl_full_stretch150_sto3g,0.24817074456413507,0x1.fc40f17dd0c0ap-3,36,33,False,False,5.899486475749021e-12,-0.5324404044821842,0.4687950525203933,0.8921133450180109,0.451811663904785
HCl_full_stretch150_sto3g,0.24817074456413507,0x1.fc40f17dd0c0ap-3,35,34,False,False,9.47516022362463e-09,-0.5322855630292145,0.46894989397336295,0.8920433751491823,0.4519497946144985
HCl_full_stretch150_sto3g,0.24817074456413507,0x1.fc40f17dd0c0ap-3,41,35,False,False,2.8483405561619813e-12,-0.3506887116550789,0.6505467453474986,0.7957527967268345,0.6056215703729884
HCl_full_stretch150_sto3g,0.24817074456413507,0x1.fc40f17dd0c0ap-3,40,36,False,False,1.5537833628438884e-09,-0.3480998672515441,0.6531355897510334,0.7941822718530117,0.607679618774562
HCl_full_stretch150_sto3g,0.24817074456413507,0x1.fc40f17dd0c0ap-3,50,37,False,False,3.8471747862614913e-32,-0.3447200297928737,0.6565154272097038,0.7921238813375899,0.6103603498052207
HCl_full_stretch150_sto3g,0.24817074456413507,0x1.fc40f17dd0c0ap-3,51,38,False,False,6.377511002200055e-33,-0.3447196110068432,0.6565158459957343,0.7921236257271318,0.6103606815355826
HCl_full_stretch150_sto3g,0.24817074456413507,0x1.fc40f17dd0c0ap-3,52,39,False,False,3.221412496168675e-32,-0.34205959077286396,0.6591758662297136,0.7904972534629291,0.6124655845574041
HCl_full_stretch150_sto3g,0.24817074456413507,0x1.fc40f17dd0c0ap-3,53,40,False,False,7.165398616339169e-33,-0.342059537805048,0.6591759191975295,0.7904972210219657,0.6124656264283179
HCl_full_stretch150_sto3g,0.24817074456413507,0x1.fc40f17dd0c0ap-3,22,41,False,False,6.568834120891638e-14,-0.20516493458226534,0.7960705224203122,0.6995201579232102,0.714612866284029
HCl_full_stretch150_sto3g,0.24817074456413507,0x1.fc40f17dd0c0ap-3,21,42,False,False,5.2970542995347395e-08,-0.20471481991977877,0.7965206370827987,0.6991984293424324,0.7149276581617439
HCl_full_stretch150_sto3g,0.24817074456413507,0x1.fc40f17dd0c0ap-3,64,43,False,False,2.4563292832511617e-13,0.8185957269582056,1.819831183960783,-0.24646870529049153,0.9691507505605483
HCl_full_stretch150_sto3g,0.24817074456413507,0x1.fc40f17dd0c0ap-3,77,44,False,False,3.311538007272266e-35,0.8187122078643402,1.8199476648669177,-0.2465815911758308,0.9691220350878942
HCl_full_stretch150_sto3g,0.24817074456413507,0x1.fc40f17dd0c0ap-3,76,45,False,False,2.788394298295431e-34,0.8187122208909985,1.819947677893576,-0.24658160380025362,0.9691220318757644
HCl_full_stretch150_sto3g,0.24817074456413507,0x1.fc40f17dd0c0ap-3,85,46,False,False,3.9523232058401654e-35,0.8188473432031897,1.8200828002057672,-0.24671255155854802,0.9690887043522772
HCl_full_stretch150_sto3g,0.24817074456413507,0x1.fc40f17dd0c0ap-3,84,46,False,False,9.197397753252554e-35,0.8188473439217344,1.8200828009243117,-0.2467125522548834,0.9690887041750108
HCl_full_stretch150_sto3g,0.24817074456413507,0x1.fc40f17dd0c0ap-3,57,47,False,False,6.094847496960739e-11,0.8196121273819089,1.8208475843844865,-0.2474536230447042,0.9688997391070157
HCl_full_stretch150_sto3g,0.24817074456413507,0x1.fc40f17dd0c0ap-3,96,48,False,False,2.1993514852526048e-35,0.985712142632193,1.9869475996347703,-0.4042432115181294,0.9146515325200157
HCl_full_stretch150_sto3g,0.24817074456413507,0x1.fc40f17dd0c0ap-3,95,48,False,False,9.68864123419139e-35,0.9857121434715068,1.9869476004740843,-0.40424321228581134,0.9146515321807339
HCl_full_stretch150_sto3g,0.24817074456413507,0x1.fc40f17dd0c0ap-3,74,49,False,False,1.968043352441997e-13,0.9881238597059253,1.9893593167085029,-0.40644791448188977,0.9136739532310943
HCl_full_stretch150_sto3g,0.24817074456413507,0x1.fc40f17dd0c0ap-3,80,50,False,False,3.7199398883117194e-16,0.9889941797845633,1.9902296367871408,-0.40724294923492005,0.9133198674604929
HCl_full_stretch150_sto3g,0.24817074456413507,0x1.fc40f17dd0c0ap-3,99,51,False,False,1.8089765671283797e-35,0.9893672271873135,1.9906026841898912,-0.4075836324946215,0.9131678829887727
HCl_full_stretch150_sto3g,0.24817074456413507,0x1.fc40f17dd0c0ap-3,98,51,False,False,4.6944857313787063e-35,0.9893672321941664,1.9906026891967439,-0.40758363706672024,0.9131678809480649
HCl_full_stretch150_sto3g,0.24817074456413507,0x1.fc40f17dd0c0ap-3,88,52,False,False,2.2359340365484644e-16,0.993112870406537,1.9943483274091145,-0.41100116642173357,0.9116348178956624
HCl_full_stretch150_sto3g,0.24817074456413507,0x1.fc40f17dd0c0ap-3,89,52,False,False,9.510894567860419e-18,0.9931128718795564,1.9943483288821338,-0.41100116776458767,0.911634817290246
HCl_full_stretch150_sto3g,0.24817074456413507,0x1.fc40f17dd0c0ap-3,75,53,False,False,3.6304176772947675e-14,0.9972552885319494,1.9984907455345269,-0.4147740019064553,0.9099244624375066
HCl_full_stretch150_sto3g,0.24817074456413507,0x1.fc40f17dd0c0ap-3,97,54,False,False,1.1036017400277891e-35,0.9994628918581316,2.000698348860709,-0.4167817418419785,0.9090065894518412
HCl_full_stretch150_sto3g,0.24817074456413507,0x1.fc40f17dd0c0ap-3,92,55,False,False,3.741683051754529e-35,0.9994629102644234,2.0006983672670007,-0.416781758573422,0.9090065817804415
HCl_full_stretch150_sto3g,0.24817074456413507,0x1.fc40f17dd0c0ap-3,82,56,False,False,3.2860062149862825e-18,1.0019258361436443,2.0031612931462215,-0.419019308045376,0.907977323221708
HCl_full_stretch150_sto3g,0.24817074456413507,0x1.fc40f17dd0c0ap-3,73,57,False,False,1.542512346753696e-13,1.004582767994655,2.0058182249972325,-0.42143026008919654,0.9068608139514742
HCl_full_stretch150_sto3g,0.24817074456413507,0x1.fc40f17dd0c0ap-3,94,58,False,False,8.601373827621647e-36,1.0067892928209912,2.008024749823569,-0.42343024344624747,0.9059287107354299
HCl_full_stretch150_sto3g,0.24817074456413507,0x1.fc40f17dd0c0ap-3,93,59,False,False,2.8402199964769194e-35,1.006789309148895,2.0080247661514727,-0.4234302582381641,0.9059287038217011
HCl_full_stretch150_sto3g,0.24817074456413507,0x1.fc40f17dd0c0ap-3,81,60,False,False,9.037755040813802e-16,1.0097190951586017,2.0109545521611794,-0.4260826143968827,0.9046842574668653
HCl_full_stretch150_sto3g,0.24817074456413507,0x1.fc40f17dd0c0ap-3,83,61,False,False,7.485715081073739e-19,1.0097193992094595,2.0109548562120367,-0.42608288946687467,0.9046841279160119
HCl_full_stretch150_sto3g,0.24817074456413507,0x1.fc40f17dd0c0ap-3,68,62,False,False,5.429076021701267e-11,1.0176395261933222,2.0188749831958996,-0.43323466404854866,0.9012811580557826
HCl_full_stretch150_sto3g,0.24817074456413507,0x1.fc40f17dd0c0ap-3,67,63,False,False,3.0744644245810573e-13,1.1375689151061947,2.138804372108772,-0.5379539506519821,0.8429742267575598
HCl_full_stretch150_sto3g,0.24817074456413507,0x1.fc40f17dd0c0ap-3,79,64,False,False,8.521698065791638e-34,1.13812038385043,2.1393558408530073,-0.538418742766014,0.8426774338012847
HCl_full_stretch150_sto3g,0.24817074456413507,0x1.fc40f17dd0c0ap-3,78,65,False,False,4.47521518680439e-34,1.1381211773841862,2.139356634386764,-0.5384194114588527,0.8426770065476014
HCl_full_stretch150_sto3g,0.24817074456413507,0x1.fc40f17dd0c0ap-3,58,66,False,False,7.84348204454582e-15,1.1416400940772022,2.1428755510797797,-0.5413813819644889,0.8407771400685116
HCl_full_stretch150_sto3g,0.24817074456413507,0x1.fc40f17dd0c0ap-3,70,67,False,False,3.9350531745658595e-33,1.1421141256871468,2.143349582689724,-0.541779876065106,0.8405204137262865
HCl_full_stretch150_sto3g,0.24817074456413507,0x1.fc40f17dd0c0ap-3,69,68,False,False,1.8688141787933365e-33,1.1421143685474449,2.1433498255500223,-0.5417800801941085,0.8405202821494087
HCl_full_stretch150_sto3g,0.24817074456413507,0x1.fc40f17dd0c0ap-3,28,69,False,False,1.753434387110755e-14,1.4539252956588862,2.4551607526614636,-0.7735123284177235,0.6337812538924286
HCl_full_stretch150_sto3g,0.24817074456413507,0x1.fc40f17dd0c0ap-3,20,70,False,False,2.5029957814387335e-13,1.4544193010415063,2.4556547580440835,-0.7738253253713123,0.6333990573197874
HCl_full_stretch150_sto3g,0.24817074456413507,0x1.fc40f17dd0c0ap-3,31,71,False,False,2.4702543128833914e-13,1.6268629197490527,2.6280983767516304,-0.8710333565832578,0.49122387128368905
HCl_full_stretch150_sto3g,0.24817074456413507,0x1.fc40f17dd0c0ap-3,32,72,False,False,1.0346441884292816e-11,1.632491180993482,2.6337266379960593,-0.8737842822969896,0.4863137135741981
HCl_full_stretch150_sto3g,0.24817074456413507,0x1.fc40f17dd0c0ap-3,44,73,False,False,1.7438100121845075e-33,1.6326299406232911,2.633865397625869,-0.8738517545956523,0.4861924629092636
HCl_full_stretch150_sto3g,0.24817074456413507,0x1.fc40f17dd0c0ap-3,46,74,False,False,6.089223321088724e-32,1.6326321197762423,2.6338675767788198,-0.8738528140813266,0.48619055865148414
HCl_full_stretch150_sto3g,0.24817074456413507,0x1.fc40f17dd0c0ap-3,47,75,False,False,4.2380747869268566e-32,1.6383764162224272,2.6396118732250047,-0.8766312042249635,0.4811628952639547
HCl_full_stretch150_sto3g,0.24817074456413507,0x1.fc40f17dd0c0ap-3,45,76,False,False,1.7047017397219068e-33,1.6383771662876987,2.6396126232902763,-0.8766315651282817,0.48116223773318995
HCl_full_stretch150_sto3g,0.24817074456413507,0x1.fc40f17dd0c0ap-3,17,77,False,False,1.0476284471548633e-13,1.7696229677453217,2.770858424747899,-0.9320615858448006,0.3622998760586319
HCl_full_stretch150_sto3g,0.24817074456413507,0x1.fc40f17dd0c0ap-3,15,78,False,False,3.708448103788997e-10,1.7821931166004816,2.783428573603059,-0.9365419933618935,0.35055540884331576
HCl_full_stretch150_sto3g,0.24817074456413507,0x1.fc40f17dd0c0ap-3,23,79,False,False,1.1990770068282023e-12,1.9937548665981502,2.9949903236007276,-0.9892731111591226,0.1460777585300493
HCl_full_stretch150_sto3g,0.24817074456413507,0x1.fc40f17dd0c0ap-3,33,80,False,False,5.264584770382835e-31,1.9942689695563411,2.995504426558919,-0.9893480794302859,0.14556915101524223
HCl_full_stretch150_sto3g,0.24817074456413507,0x1.fc40f17dd0c0ap-3,34,81,False,False,6.9858842484121e-31,1.9942722832221849,2.9955077402247623,-0.9893485617923773,0.14556587264550458
HCl_full_stretch150_sto3g,0.24817074456413507,0x1.fc40f17dd0c0ap-3,16,82,False,False,1.2686707514938936e-11,2.0574137108188952,3.0586491678214727,-0.9965621606817634,0.08284841517410506
HCl_full_stretch150_sto3g,0.24817074456413507,0x1.fc40f17dd0c0ap-3,26,83,False,False,9.646748877628138e-33,2.0580100056668336,3.059245462669411,-0.996611385589452,0.08225415559815762
HCl_full_stretch150_sto3g,0.24817074456413507,0x1.fc40f17dd0c0ap-3,27,84,False,False,7.397413562136381e-32,2.0580107521060658,3.059246209108643,-0.9966114469868984,0.08225341168829707
HCl_full_stretch150_sto3g,0.24817074456413507,0x1.fc40f17dd0c0ap-3,6,85,False,False,8.891297141738283e-08,2.244428632119645,-3.037521218057364,-0.9945894542056433,-0.1038836733204943
HCl_full_stretch150_sto3g,0.24817074456413507,0x1.fc40f17dd0c0ap-3,5,86,False,False,7.859694319800945e-13,2.583968615361308,-2.6979812348157006,-0.9032075207472552,-0.4292041174840403
HCl_full_stretch150_sto3g,0.24817074456413507,0x1.fc40f17dd0c0ap-3,1,87,False,False,8.585211678526912e-08,2.910599799372348,-2.371350050804661,-0.7177417641380349,-0.6963093852675389
HCl_full_stretch150_sto3g,0.24817074456413507,0x1.fc40f17dd0c0ap-3,18,88,False,False,7.146788000897543e-32,3.120422120683499,-2.16152772949351,-0.5569686263009654,-0.8305335329269512
HCl_full_stretch150_sto3g,0.24817074456413507,0x1.fc40f17dd0c0ap-3,19,89,False,False,2.445956950288241e-32,3.120422135612303,-2.1615277145647056,-0.5569686139020983,-0.830533541241835
HCl_full_stretch150_sto3g,0.24817074456413507,0x1.fc40f17dd0c0ap-3,7,90,False,False,4.456026284778846e-18,3.1209362952158193,-2.16101355496119,-0.556541513504543,-0.8308198022110077
