claim_id,metric_id,value,unit,numerator,denominator,scope,evaluation_group,coverage_status,source_path,source_sha256,source_commit,supersedes,limitation
C1,s0.maximum_anchor_shift_reproduction_difference,1.367331066621548e-14,hartree,,,six molecular development conditions; selected current_m3 branches,primary_plus_stress,exact_selected_time_v1_1,artifacts/server_pf_first_study_s0_exact_time_v1_1_20260925_3279201/audit.json,2fc88b90e29ce8742f35dc988a89552778bfdb774078a568adfd929fdc922e96,cc3626a8135b647fe283fc60c963de70c5f6b2a5,none,Numerical reproducibility for six development conditions; not a general branch-tracking guarantee.
C1,s0.maximum_eigenpair_residual_2_norm,3.1031929127542307e-14,dimensionless,,,six molecular development conditions; selected current_m3 branches,primary_plus_stress,exact_selected_time_v1_1,artifacts/server_pf_first_study_s0_exact_time_v1_1_20260925_3279201/audit.json,2fc88b90e29ce8742f35dc988a89552778bfdb774078a568adfd929fdc922e96,cc3626a8135b647fe283fc60c963de70c5f6b2a5,none,Numerical reproducibility for six development conditions; not a general branch-tracking guarantee.
C1,s0.maximum_unitarity_residual_frobenius,9.886689538770388e-12,dimensionless,,,six molecular development conditions; selected current_m3 branches,primary_plus_stress,exact_selected_time_v1_1,artifacts/server_pf_first_study_s0_exact_time_v1_1_20260925_3279201/audit.json,2fc88b90e29ce8742f35dc988a89552778bfdb774078a568adfd929fdc922e96,cc3626a8135b647fe283fc60c963de70c5f6b2a5,none,Numerical reproducibility for six development conditions; not a general branch-tracking guarantee.
C1,s0.minimum_previous_branch_overlap_probability,0.9999999919683533,probability,,,six molecular development conditions; selected current_m3 branches,primary_plus_stress,exact_selected_time_v1_1,artifacts/server_pf_first_study_s0_exact_time_v1_1_20260925_3279201/audit.json,2fc88b90e29ce8742f35dc988a89552778bfdb774078a568adfd929fdc922e96,cc3626a8135b647fe283fc60c963de70c5f6b2a5,none,Numerical reproducibility for six development conditions; not a general branch-tracking guarantee.
C1,s0.minimum_ground_state_overlap_probability,0.9999996340938037,probability,,,six molecular development conditions; selected current_m3 branches,primary_plus_stress,exact_selected_time_v1_1,artifacts/server_pf_first_study_s0_exact_time_v1_1_20260925_3279201/audit.json,2fc88b90e29ce8742f35dc988a89552778bfdb774078a568adfd929fdc922e96,cc3626a8135b647fe283fc60c963de70c5f6b2a5,none,Numerical reproducibility for six development conditions; not a general branch-tracking guarantee.
C1,s0.minimum_phase_gap,0.03252669041934374,radian,,,six molecular development conditions; selected current_m3 branches,primary_plus_stress,exact_selected_time_v1_1,artifacts/server_pf_first_study_s0_exact_time_v1_1_20260925_3279201/audit.json,2fc88b90e29ce8742f35dc988a89552778bfdb774078a568adfd929fdc922e96,cc3626a8135b647fe283fc60c963de70c5f6b2a5,none,Numerical reproducibility for six development conditions; not a general branch-tracking guarantee.
C1,s0.N2_active_eq_sto3g.signed_direct_shift,-2.1708888669736095e-05,hartree,,,N2_active_eq_sto3g,primary,exact_selected_time_v1_1,artifacts/server_pf_first_study_s0_exact_time_v1_1_20260925_3279201/scoring.csv,7d4ed0244076eb13259b926730b056a0f9460e63154dd7377b58dad34a95ae78,cc3626a8135b647fe283fc60c963de70c5f6b2a5,none,Numerical reproducibility for six development conditions; not a general branch-tracking guarantee.
C1,s0.N2_active_eq_sto3g.absolute_direct_error,2.1708888669736095e-05,hartree,,,N2_active_eq_sto3g,primary,exact_selected_time_v1_1,artifacts/server_pf_first_study_s0_exact_time_v1_1_20260925_3279201/scoring.csv,7d4ed0244076eb13259b926730b056a0f9460e63154dd7377b58dad34a95ae78,cc3626a8135b647fe283fc60c963de70c5f6b2a5,none,Numerical reproducibility for six development conditions; not a general branch-tracking guarantee.
C1,s0.N2_active_stretch150_sto3g.signed_direct_shift,-8.568591745727244e-06,hartree,,,N2_active_stretch150_sto3g,primary,exact_selected_time_v1_1,artifacts/server_pf_first_study_s0_exact_time_v1_1_20260925_3279201/scoring.csv,7d4ed0244076eb13259b926730b056a0f9460e63154dd7377b58dad34a95ae78,cc3626a8135b647fe283fc60c963de70c5f6b2a5,none,Numerical reproducibility for six development conditions; not a general branch-tracking guarantee.
C1,s0.N2_active_stretch150_sto3g.absolute_direct_error,8.568591745727244e-06,hartree,,,N2_active_stretch150_sto3g,primary,exact_selected_time_v1_1,artifacts/server_pf_first_study_s0_exact_time_v1_1_20260925_3279201/scoring.csv,7d4ed0244076eb13259b926730b056a0f9460e63154dd7377b58dad34a95ae78,cc3626a8135b647fe283fc60c963de70c5f6b2a5,none,Numerical reproducibility for six development conditions; not a general branch-tracking guarantee.
C1,s0.CO_active_eq_sto3g.signed_direct_shift,-1.998541374977085e-05,hartree,,,CO_active_eq_sto3g,primary,exact_selected_time_v1_1,artifacts/server_pf_first_study_s0_exact_time_v1_1_20260925_3279201/scoring.csv,7d4ed0244076eb13259b926730b056a0f9460e63154dd7377b58dad34a95ae78,cc3626a8135b647fe283fc60c963de70c5f6b2a5,none,Numerical reproducibility for six development conditions; not a general branch-tracking guarantee.
C1,s0.CO_active_eq_sto3g.absolute_direct_error,1.998541374977085e-05,hartree,,,CO_active_eq_sto3g,primary,exact_selected_time_v1_1,artifacts/server_pf_first_study_s0_exact_time_v1_1_20260925_3279201/scoring.csv,7d4ed0244076eb13259b926730b056a0f9460e63154dd7377b58dad34a95ae78,cc3626a8135b647fe283fc60c963de70c5f6b2a5,none,Numerical reproducibility for six development conditions; not a general branch-tracking guarantee.
C1,s0.CO_active_stretch150_sto3g.signed_direct_shift,-1.5196991115748711e-05,hartree,,,CO_active_stretch150_sto3g,primary,exact_selected_time_v1_1,artifacts/server_pf_first_study_s0_exact_time_v1_1_20260925_3279201/scoring.csv,7d4ed0244076eb13259b926730b056a0f9460e63154dd7377b58dad34a95ae78,cc3626a8135b647fe283fc60c963de70c5f6b2a5,none,Numerical reproducibility for six development conditions; not a general branch-tracking guarantee.
C1,s0.CO_active_stretch150_sto3g.absolute_direct_error,1.5196991115748711e-05,hartree,,,CO_active_stretch150_sto3g,primary,exact_selected_time_v1_1,artifacts/server_pf_first_study_s0_exact_time_v1_1_20260925_3279201/scoring.csv,7d4ed0244076eb13259b926730b056a0f9460e63154dd7377b58dad34a95ae78,cc3626a8135b647fe283fc60c963de70c5f6b2a5,none,Numerical reproducibility for six development conditions; not a general branch-tracking guarantee.
C1,s0.HF_full_eq_sto3g.signed_direct_shift,-1.9998854262236836e-06,hartree,,,HF_full_eq_sto3g,stress_test,exact_selected_time_v1_1,artifacts/server_pf_first_study_s0_exact_time_v1_1_20260925_3279201/scoring.csv,7d4ed0244076eb13259b926730b056a0f9460e63154dd7377b58dad34a95ae78,cc3626a8135b647fe283fc60c963de70c5f6b2a5,none,Numerical reproducibility for six development conditions; not a general branch-tracking guarantee.
C1,s0.HF_full_eq_sto3g.absolute_direct_error,1.9998854262236836e-06,hartree,,,HF_full_eq_sto3g,stress_test,exact_selected_time_v1_1,artifacts/server_pf_first_study_s0_exact_time_v1_1_20260925_3279201/scoring.csv,7d4ed0244076eb13259b926730b056a0f9460e63154dd7377b58dad34a95ae78,cc3626a8135b647fe283fc60c963de70c5f6b2a5,none,Numerical reproducibility for six development conditions; not a general branch-tracking guarantee.
C1,s0.HF_full_stretch150_sto3g.signed_direct_shift,-5.140509990558424e-07,hartree,,,HF_full_stretch150_sto3g,stress_test,exact_selected_time_v1_1,artifacts/server_pf_first_study_s0_exact_time_v1_1_20260925_3279201/scoring.csv,7d4ed0244076eb13259b926730b056a0f9460e63154dd7377b58dad34a95ae78,cc3626a8135b647fe283fc60c963de70c5f6b2a5,none,Numerical reproducibility for six development conditions; not a general branch-tracking guarantee.
C1,s0.HF_full_stretch150_sto3g.absolute_direct_error,5.140509990558424e-07,hartree,,,HF_full_stretch150_sto3g,stress_test,exact_selected_time_v1_1,artifacts/server_pf_first_study_s0_exact_time_v1_1_20260925_3279201/scoring.csv,7d4ed0244076eb13259b926730b056a0f9460e63154dd7377b58dad34a95ae78,cc3626a8135b647fe283fc60c963de70c5f6b2a5,none,Numerical reproducibility for six development conditions; not a general branch-tracking guarantee.
C2,s1_s2.all.state_dominant_count,79,cases,79,128,all,development,fixed_case_set,artifacts/pf_first_study_phase_b_20260925_5a2f0a2/dominance_summary.csv,f26b48244a9cfdde08e65f052ce34bb321d1690f28f9cdd7d1544c1a3db4c37a,d13f49dc8923b0553f8c8596de3c44c8a7a6f14f,none,Fixed H4 and controlled two-level development cases; no universal dominance claim.
C2,s1_s2.all.mixed_count,49,cases,49,128,all,development,fixed_case_set,artifacts/pf_first_study_phase_b_20260925_5a2f0a2/dominance_summary.csv,f26b48244a9cfdde08e65f052ce34bb321d1690f28f9cdd7d1544c1a3db4c37a,d13f49dc8923b0553f8c8596de3c44c8a7a6f14f,none,Fixed H4 and controlled two-level development cases; no universal dominance claim.
C2,s1_s2.h4.state_dominant_count,49,cases,49,56,h4,development,fixed_case_set,artifacts/pf_first_study_phase_b_20260925_5a2f0a2/dominance_summary.csv,f26b48244a9cfdde08e65f052ce34bb321d1690f28f9cdd7d1544c1a3db4c37a,d13f49dc8923b0553f8c8596de3c44c8a7a6f14f,none,Fixed H4 and controlled two-level development cases; no universal dominance claim.
C2,s1_s2.h4.mixed_count,7,cases,7,56,h4,development,fixed_case_set,artifacts/pf_first_study_phase_b_20260925_5a2f0a2/dominance_summary.csv,f26b48244a9cfdde08e65f052ce34bb321d1690f28f9cdd7d1544c1a3db4c37a,d13f49dc8923b0553f8c8596de3c44c8a7a6f14f,none,Fixed H4 and controlled two-level development cases; no universal dominance claim.
C2,s1_s2.two_level.state_dominant_count,30,cases,30,72,two_level,development,fixed_case_set,artifacts/pf_first_study_phase_b_20260925_5a2f0a2/dominance_summary.csv,f26b48244a9cfdde08e65f052ce34bb321d1690f28f9cdd7d1544c1a3db4c37a,d13f49dc8923b0553f8c8596de3c44c8a7a6f14f,none,Fixed H4 and controlled two-level development cases; no universal dominance claim.
C2,s1_s2.two_level.mixed_count,42,cases,42,72,two_level,development,fixed_case_set,artifacts/pf_first_study_phase_b_20260925_5a2f0a2/dominance_summary.csv,f26b48244a9cfdde08e65f052ce34bb321d1690f28f9cdd7d1544c1a3db4c37a,d13f49dc8923b0553f8c8596de3c44c8a7a6f14f,none,Fixed H4 and controlled two-level development cases; no universal dominance claim.
C2,s1_s2.all.fit_or_proxy_singly_dominant_count,0,cases,0,128,all 128 fixed cases,development,fixed_case_set,artifacts/pf_first_study_phase_b_20260925_5a2f0a2/dominance_summary.csv,f26b48244a9cfdde08e65f052ce34bb321d1690f28f9cdd7d1544c1a3db4c37a,d13f49dc8923b0553f8c8596de3c44c8a7a6f14f,none,Fixed H4 and controlled two-level development cases; no universal dominance claim.
C2,s1_s2.maximum_three_way_closure,2.168404344971009e-19,hartree,,,all resolved S1/S2 decomposition rows,development,fixed_case_set,artifacts/pf_first_study_phase_b_20260925_5a2f0a2/audit.json,fe82f9d2af50dcad6524f01e70caf30cc745234025db0eca126161eae55ad0f2,d13f49dc8923b0553f8c8596de3c44c8a7a6f14f,none,Fixed H4 and controlled two-level development cases; no universal dominance claim.
C3,s0.gamma_1_00.safe_condition_count,5,conditions,5,6,six molecular development conditions,primary_plus_stress,exact_selected_time_v1_1,artifacts/server_pf_first_study_s0_exact_time_v1_1_20260925_3279201/scoring.csv,7d4ed0244076eb13259b926730b056a0f9460e63154dd7377b58dad34a95ae78,cc3626a8135b647fe283fc60c963de70c5f6b2a5,none,Six development conditions; not an independent-molecule or universal safety guarantee.
C3,s0.gamma_1_01.safe_condition_count,6,conditions,6,6,six molecular development conditions,primary_plus_stress,exact_selected_time_v1_1,artifacts/server_pf_first_study_s0_exact_time_v1_1_20260925_3279201/scoring.csv,7d4ed0244076eb13259b926730b056a0f9460e63154dd7377b58dad34a95ae78,cc3626a8135b647fe283fc60c963de70c5f6b2a5,none,Six development conditions; not an independent-molecule or universal safety guarantee.
C3,decision_trace.N2_active_eq_sto3g.current_m3.rotations,19176,rotations,,,N2_active_eq_sto3g / current_m3,primary,frozen_phase_a_decision,artifacts/pf_first_study_completion_analysis_20260926_940ee7f/decision_trace.csv,78e984cf7366e0bb69a793ea342ca2850f8bdbb0d9b7803760e0c261340ddfe0,6a1e54d5e830a20b8817791f9f1f65729815fc12,none,Six development conditions; not an independent-molecule or universal safety guarantee.
C3,decision_trace.N2_active_eq_sto3g.current_m3.proxy_analytic_time,0.6263494343795273,hartree^-1,,,N2_active_eq_sto3g / current_m3,primary,frozen_phase_a_decision,artifacts/pf_first_study_completion_analysis_20260926_940ee7f/decision_trace.csv,78e984cf7366e0bb69a793ea342ca2850f8bdbb0d9b7803760e0c261340ddfe0,6a1e54d5e830a20b8817791f9f1f65729815fc12,none,Six development conditions; not an independent-molecule or universal safety guarantee.
C3,decision_trace.N2_active_eq_sto3g.current_m3.original_relative_time_min,0.05,relative_time,,,N2_active_eq_sto3g / current_m3,primary,frozen_phase_a_decision,artifacts/pf_first_study_completion_analysis_20260926_940ee7f/decision_trace.csv,78e984cf7366e0bb69a793ea342ca2850f8bdbb0d9b7803760e0c261340ddfe0,6a1e54d5e830a20b8817791f9f1f65729815fc12,none,Six development conditions; not an independent-molecule or universal safety guarantee.
C3,decision_trace.N2_active_eq_sto3g.current_m3.original_relative_time_max,1.8,relative_time,,,N2_active_eq_sto3g / current_m3,primary,frozen_phase_a_decision,artifacts/pf_first_study_completion_analysis_20260926_940ee7f/decision_trace.csv,78e984cf7366e0bb69a793ea342ca2850f8bdbb0d9b7803760e0c261340ddfe0,6a1e54d5e830a20b8817791f9f1f65729815fc12,none,Six development conditions; not an independent-molecule or universal safety guarantee.
C3,decision_trace.N2_active_eq_sto3g.current_m3.original_time_min,0.031317471718976364,hartree^-1,,,N2_active_eq_sto3g / current_m3,primary,frozen_phase_a_decision,artifacts/pf_first_study_completion_analysis_20260926_940ee7f/decision_trace.csv,78e984cf7366e0bb69a793ea342ca2850f8bdbb0d9b7803760e0c261340ddfe0,6a1e54d5e830a20b8817791f9f1f65729815fc12,none,Six development conditions; not an independent-molecule or universal safety guarantee.
C3,decision_trace.N2_active_eq_sto3g.current_m3.original_time_max,1.127428981883149,hartree^-1,,,N2_active_eq_sto3g / current_m3,primary,frozen_phase_a_decision,artifacts/pf_first_study_completion_analysis_20260926_940ee7f/decision_trace.csv,78e984cf7366e0bb69a793ea342ca2850f8bdbb0d9b7803760e0c261340ddfe0,6a1e54d5e830a20b8817791f9f1f65729815fc12,none,Six development conditions; not an independent-molecule or universal safety guarantee.
C3,decision_trace.N2_active_eq_sto3g.current_m3.fallback_triggered,false,boolean,,,N2_active_eq_sto3g / current_m3,primary,frozen_phase_a_decision,artifacts/pf_first_study_completion_analysis_20260926_940ee7f/decision_trace.csv,78e984cf7366e0bb69a793ea342ca2850f8bdbb0d9b7803760e0c261340ddfe0,6a1e54d5e830a20b8817791f9f1f65729815fc12,none,Six development conditions; not an independent-molecule or universal safety guarantee.
C3,decision_trace.N2_active_eq_sto3g.current_m3.fallback_reasons,none,category,,,N2_active_eq_sto3g / current_m3,primary,frozen_phase_a_decision,artifacts/pf_first_study_completion_analysis_20260926_940ee7f/decision_trace.csv,78e984cf7366e0bb69a793ea342ca2850f8bdbb0d9b7803760e0c261340ddfe0,6a1e54d5e830a20b8817791f9f1f65729815fc12,none,Six development conditions; not an independent-molecule or universal safety guarantee.
C3,decision_trace.N2_active_eq_sto3g.current_m3.allowed_relative_time_max,1.8,relative_time,,,N2_active_eq_sto3g / current_m3,primary,frozen_phase_a_decision,artifacts/pf_first_study_completion_analysis_20260926_940ee7f/decision_trace.csv,78e984cf7366e0bb69a793ea342ca2850f8bdbb0d9b7803760e0c261340ddfe0,6a1e54d5e830a20b8817791f9f1f65729815fc12,none,Six development conditions; not an independent-molecule or universal safety guarantee.
C3,decision_trace.N2_active_eq_sto3g.current_m3.allowed_time_cap,1.127428981883149,hartree^-1,,,N2_active_eq_sto3g / current_m3,primary,frozen_phase_a_decision,artifacts/pf_first_study_completion_analysis_20260926_940ee7f/decision_trace.csv,78e984cf7366e0bb69a793ea342ca2850f8bdbb0d9b7803760e0c261340ddfe0,6a1e54d5e830a20b8817791f9f1f65729815fc12,none,Six development conditions; not an independent-molecule or universal safety guarantee.
C3,decision_trace.N2_active_eq_sto3g.current_m3.formula_optimum_relative_time,0.95525,relative_time,,,N2_active_eq_sto3g / current_m3,primary,frozen_phase_a_decision,artifacts/pf_first_study_completion_analysis_20260926_940ee7f/decision_trace.csv,78e984cf7366e0bb69a793ea342ca2850f8bdbb0d9b7803760e0c261340ddfe0,6a1e54d5e830a20b8817791f9f1f65729815fc12,none,Six development conditions; not an independent-molecule or universal safety guarantee.
C3,decision_trace.N2_active_eq_sto3g.current_m3.formula_optimum_time,0.5983202971910435,hartree^-1,,,N2_active_eq_sto3g / current_m3,primary,frozen_phase_a_decision,artifacts/pf_first_study_completion_analysis_20260926_940ee7f/decision_trace.csv,78e984cf7366e0bb69a793ea342ca2850f8bdbb0d9b7803760e0c261340ddfe0,6a1e54d5e830a20b8817791f9f1f65729815fc12,none,Six development conditions; not an independent-molecule or universal safety guarantee.
C3,decision_trace.N2_active_eq_sto3g.current_m3.formula_optimum_predicted_error_hartree,3.0348397151007198e-05,hartree,,,N2_active_eq_sto3g / current_m3,primary,frozen_phase_a_decision,artifacts/pf_first_study_completion_analysis_20260926_940ee7f/decision_trace.csv,78e984cf7366e0bb69a793ea342ca2850f8bdbb0d9b7803760e0c261340ddfe0,6a1e54d5e830a20b8817791f9f1f65729815fc12,none,Six development conditions; not an independent-molecule or universal safety guarantee.
C3,decision_trace.N2_active_eq_sto3g.current_m3.formula_optimum_predicted_cost,298110124.44559836,continuous_cost_proxy,,,N2_active_eq_sto3g / current_m3,primary,frozen_phase_a_decision,artifacts/pf_first_study_completion_analysis_20260926_940ee7f/decision_trace.csv,78e984cf7366e0bb69a793ea342ca2850f8bdbb0d9b7803760e0c261340ddfe0,6a1e54d5e830a20b8817791f9f1f65729815fc12,none,Six development conditions; not an independent-molecule or universal safety guarantee.
C3,decision_trace.N2_active_eq_sto3g.current_m3.at_optimization_boundary,false,boolean,,,N2_active_eq_sto3g / current_m3,primary,frozen_phase_a_decision,artifacts/pf_first_study_completion_analysis_20260926_940ee7f/decision_trace.csv,78e984cf7366e0bb69a793ea342ca2850f8bdbb0d9b7803760e0c261340ddfe0,6a1e54d5e830a20b8817791f9f1f65729815fc12,none,Six development conditions; not an independent-molecule or universal safety guarantee.
C3,decision_trace.N2_active_eq_sto3g.current_m3.eligible,true,boolean,,,N2_active_eq_sto3g / current_m3,primary,frozen_phase_a_decision,artifacts/pf_first_study_completion_analysis_20260926_940ee7f/decision_trace.csv,78e984cf7366e0bb69a793ea342ca2850f8bdbb0d9b7803760e0c261340ddfe0,6a1e54d5e830a20b8817791f9f1f65729815fc12,none,Six development conditions; not an independent-molecule or universal safety guarantee.
C3,decision_trace.N2_active_eq_sto3g.current_m3.selected_formula,true,boolean,,,N2_active_eq_sto3g / current_m3,primary,frozen_phase_a_decision,artifacts/pf_first_study_completion_analysis_20260926_940ee7f/decision_trace.csv,78e984cf7366e0bb69a793ea342ca2850f8bdbb0d9b7803760e0c261340ddfe0,6a1e54d5e830a20b8817791f9f1f65729815fc12,none,Six development conditions; not an independent-molecule or universal safety guarantee.
C3,decision_trace.N2_active_eq_sto3g.current_m3.condition_selection_reason,minimum_predicted_cost_among_proxy_feasible_pfs,category,,,N2_active_eq_sto3g / current_m3,primary,frozen_phase_a_decision,artifacts/pf_first_study_completion_analysis_20260926_940ee7f/decision_trace.csv,78e984cf7366e0bb69a793ea342ca2850f8bdbb0d9b7803760e0c261340ddfe0,6a1e54d5e830a20b8817791f9f1f65729815fc12,none,Six development conditions; not an independent-molecule or universal safety guarantee.
C3,decision_trace.N2_active_eq_sto3g.yoshida4.rotations,8296,rotations,,,N2_active_eq_sto3g / yoshida4,primary,frozen_phase_a_decision,artifacts/pf_first_study_completion_analysis_20260926_940ee7f/decision_trace.csv,78e984cf7366e0bb69a793ea342ca2850f8bdbb0d9b7803760e0c261340ddfe0,6a1e54d5e830a20b8817791f9f1f65729815fc12,none,Six development conditions; not an independent-molecule or universal safety guarantee.
C3,decision_trace.N2_active_eq_sto3g.yoshida4.proxy_analytic_time,0.14783387521186095,hartree^-1,,,N2_active_eq_sto3g / yoshida4,primary,frozen_phase_a_decision,artifacts/pf_first_study_completion_analysis_20260926_940ee7f/decision_trace.csv,78e984cf7366e0bb69a793ea342ca2850f8bdbb0d9b7803760e0c261340ddfe0,6a1e54d5e830a20b8817791f9f1f65729815fc12,none,Six development conditions; not an independent-molecule or universal safety guarantee.
C3,decision_trace.N2_active_eq_sto3g.yoshida4.original_relative_time_min,0.05,relative_time,,,N2_active_eq_sto3g / yoshida4,primary,frozen_phase_a_decision,artifacts/pf_first_study_completion_analysis_20260926_940ee7f/decision_trace.csv,78e984cf7366e0bb69a793ea342ca2850f8bdbb0d9b7803760e0c261340ddfe0,6a1e54d5e830a20b8817791f9f1f65729815fc12,none,Six development conditions; not an independent-molecule or universal safety guarantee.
C3,decision_trace.N2_active_eq_sto3g.yoshida4.original_relative_time_max,1.8,relative_time,,,N2_active_eq_sto3g / yoshida4,primary,frozen_phase_a_decision,artifacts/pf_first_study_completion_analysis_20260926_940ee7f/decision_trace.csv,78e984cf7366e0bb69a793ea342ca2850f8bdbb0d9b7803760e0c261340ddfe0,6a1e54d5e830a20b8817791f9f1f65729815fc12,none,Six development conditions; not an independent-molecule or universal safety guarantee.
C3,decision_trace.N2_active_eq_sto3g.yoshida4.original_time_min,0.007391693760593048,hartree^-1,,,N2_active_eq_sto3g / yoshida4,primary,frozen_phase_a_decision,artifacts/pf_first_study_completion_analysis_20260926_940ee7f/decision_trace.csv,78e984cf7366e0bb69a793ea342ca2850f8bdbb0d9b7803760e0c261340ddfe0,6a1e54d5e830a20b8817791f9f1f65729815fc12,none,Six development conditions; not an independent-molecule or universal safety guarantee.
C3,decision_trace.N2_active_eq_sto3g.yoshida4.original_time_max,0.2661009753813497,hartree^-1,,,N2_active_eq_sto3g / yoshida4,primary,frozen_phase_a_decision,artifacts/pf_first_study_completion_analysis_20260926_940ee7f/decision_trace.csv,78e984cf7366e0bb69a793ea342ca2850f8bdbb0d9b7803760e0c261340ddfe0,6a1e54d5e830a20b8817791f9f1f65729815fc12,none,Six development conditions; not an independent-molecule or universal safety guarantee.
C3,decision_trace.N2_active_eq_sto3g.yoshida4.fallback_triggered,false,boolean,,,N2_active_eq_sto3g / yoshida4,primary,frozen_phase_a_decision,artifacts/pf_first_study_completion_analysis_20260926_940ee7f/decision_trace.csv,78e984cf7366e0bb69a793ea342ca2850f8bdbb0d9b7803760e0c261340ddfe0,6a1e54d5e830a20b8817791f9f1f65729815fc12,none,Six development conditions; not an independent-molecule or universal safety guarantee.
C3,decision_trace.N2_active_eq_sto3g.yoshida4.fallback_reasons,none,category,,,N2_active_eq_sto3g / yoshida4,primary,frozen_phase_a_decision,artifacts/pf_first_study_completion_analysis_20260926_940ee7f/decision_trace.csv,78e984cf7366e0bb69a793ea342ca2850f8bdbb0d9b7803760e0c261340ddfe0,6a1e54d5e830a20b8817791f9f1f65729815fc12,none,Six development conditions; not an independent-molecule or universal safety guarantee.
C3,decision_trace.N2_active_eq_sto3g.yoshida4.allowed_relative_time_max,1.8,relative_time,,,N2_active_eq_sto3g / yoshida4,primary,frozen_phase_a_decision,artifacts/pf_first_study_completion_analysis_20260926_940ee7f/decision_trace.csv,78e984cf7366e0bb69a793ea342ca2850f8bdbb0d9b7803760e0c261340ddfe0,6a1e54d5e830a20b8817791f9f1f65729815fc12,none,Six development conditions; not an independent-molecule or universal safety guarantee.
C3,decision_trace.N2_active_eq_sto3g.yoshida4.allowed_time_cap,0.2661009753813497,hartree^-1,,,N2_active_eq_sto3g / yoshida4,primary,frozen_phase_a_decision,artifacts/pf_first_study_completion_analysis_20260926_940ee7f/decision_trace.csv,78e984cf7366e0bb69a793ea342ca2850f8bdbb0d9b7803760e0c261340ddfe0,6a1e54d5e830a20b8817791f9f1f65729815fc12,none,Six development conditions; not an independent-molecule or universal safety guarantee.
C3,decision_trace.N2_active_eq_sto3g.yoshida4.formula_optimum_relative_time,1.0024,relative_time,,,N2_active_eq_sto3g / yoshida4,primary,frozen_phase_a_decision,artifacts/pf_first_study_completion_analysis_20260926_940ee7f/decision_trace.csv,78e984cf7366e0bb69a793ea342ca2850f8bdbb0d9b7803760e0c261340ddfe0,6a1e54d5e830a20b8817791f9f1f65729815fc12,none,Six development conditions; not an independent-molecule or universal safety guarantee.
C3,decision_trace.N2_active_eq_sto3g.yoshida4.formula_optimum_time,0.14818867651236942,hartree^-1,,,N2_active_eq_sto3g / yoshida4,primary,frozen_phase_a_decision,artifacts/pf_first_study_completion_analysis_20260926_940ee7f/decision_trace.csv,78e984cf7366e0bb69a793ea342ca2850f8bdbb0d9b7803760e0c261340ddfe0,6a1e54d5e830a20b8817791f9f1f65729815fc12,none,Six development conditions; not an independent-molecule or universal safety guarantee.
C3,decision_trace.N2_active_eq_sto3g.yoshida4.formula_optimum_predicted_error_hartree,3.1964080343773546e-05,hartree,,,N2_active_eq_sto3g / yoshida4,primary,frozen_phase_a_decision,artifacts/pf_first_study_completion_analysis_20260926_940ee7f/decision_trace.csv,78e984cf7366e0bb69a793ea342ca2850f8bdbb0d9b7803760e0c261340ddfe0,6a1e54d5e830a20b8817791f9f1f65729815fc12,none,Six development conditions; not an independent-molecule or universal safety guarantee.
C3,decision_trace.N2_active_eq_sto3g.yoshida4.formula_optimum_predicted_cost,527326281.8872622,continuous_cost_proxy,,,N2_active_eq_sto3g / yoshida4,primary,frozen_phase_a_decision,artifacts/pf_first_study_completion_analysis_20260926_940ee7f/decision_trace.csv,78e984cf7366e0bb69a793ea342ca2850f8bdbb0d9b7803760e0c261340ddfe0,6a1e54d5e830a20b8817791f9f1f65729815fc12,none,Six development conditions; not an independent-molecule or universal safety guarantee.
C3,decision_trace.N2_active_eq_sto3g.yoshida4.at_optimization_boundary,false,boolean,,,N2_active_eq_sto3g / yoshida4,primary,frozen_phase_a_decision,artifacts/pf_first_study_completion_analysis_20260926_940ee7f/decision_trace.csv,78e984cf7366e0bb69a793ea342ca2850f8bdbb0d9b7803760e0c261340ddfe0,6a1e54d5e830a20b8817791f9f1f65729815fc12,none,Six development conditions; not an independent-molecule or universal safety guarantee.
C3,decision_trace.N2_active_eq_sto3g.yoshida4.eligible,true,boolean,,,N2_active_eq_sto3g / yoshida4,primary,frozen_phase_a_decision,artifacts/pf_first_study_completion_analysis_20260926_940ee7f/decision_trace.csv,78e984cf7366e0bb69a793ea342ca2850f8bdbb0d9b7803760e0c261340ddfe0,6a1e54d5e830a20b8817791f9f1f65729815fc12,none,Six development conditions; not an independent-molecule or universal safety guarantee.
C3,decision_trace.N2_active_eq_sto3g.yoshida4.selected_formula,false,boolean,,,N2_active_eq_sto3g / yoshida4,primary,frozen_phase_a_decision,artifacts/pf_first_study_completion_analysis_20260926_940ee7f/decision_trace.csv,78e984cf7366e0bb69a793ea342ca2850f8bdbb0d9b7803760e0c261340ddfe0,6a1e54d5e830a20b8817791f9f1f65729815fc12,none,Six development conditions; not an independent-molecule or universal safety guarantee.
C3,decision_trace.N2_active_eq_sto3g.yoshida4.condition_selection_reason,,category,,,N2_active_eq_sto3g / yoshida4,primary,frozen_phase_a_decision,artifacts/pf_first_study_completion_analysis_20260926_940ee7f/decision_trace.csv,78e984cf7366e0bb69a793ea342ca2850f8bdbb0d9b7803760e0c261340ddfe0,6a1e54d5e830a20b8817791f9f1f65729815fc12,none,Six development conditions; not an independent-molecule or universal safety guarantee.
C3,decision_trace.N2_active_stretch150_sto3g.current_m3.rotations,18952,rotations,,,N2_active_stretch150_sto3g / current_m3,primary,frozen_phase_a_decision,artifacts/pf_first_study_completion_analysis_20260926_940ee7f/decision_trace.csv,78e984cf7366e0bb69a793ea342ca2850f8bdbb0d9b7803760e0c261340ddfe0,6a1e54d5e830a20b8817791f9f1f65729815fc12,none,Six development conditions; not an independent-molecule or universal safety guarantee.
C3,decision_trace.N2_active_stretch150_sto3g.current_m3.proxy_analytic_time,0.9508828756341366,hartree^-1,,,N2_active_stretch150_sto3g / current_m3,primary,frozen_phase_a_decision,artifacts/pf_first_study_completion_analysis_20260926_940ee7f/decision_trace.csv,78e984cf7366e0bb69a793ea342ca2850f8bdbb0d9b7803760e0c261340ddfe0,6a1e54d5e830a20b8817791f9f1f65729815fc12,none,Six development conditions; not an independent-molecule or universal safety guarantee.
C3,decision_trace.N2_active_stretch150_sto3g.current_m3.original_relative_time_min,0.05,relative_time,,,N2_active_stretch150_sto3g / current_m3,primary,frozen_phase_a_decision,artifacts/pf_first_study_completion_analysis_20260926_940ee7f/decision_trace.csv,78e984cf7366e0bb69a793ea342ca2850f8bdbb0d9b7803760e0c261340ddfe0,6a1e54d5e830a20b8817791f9f1f65729815fc12,none,Six development conditions; not an independent-molecule or universal safety guarantee.
C3,decision_trace.N2_active_stretch150_sto3g.current_m3.original_relative_time_max,1.8,relative_time,,,N2_active_stretch150_sto3g / current_m3,primary,frozen_phase_a_decision,artifacts/pf_first_study_completion_analysis_20260926_940ee7f/decision_trace.csv,78e984cf7366e0bb69a793ea342ca2850f8bdbb0d9b7803760e0c261340ddfe0,6a1e54d5e830a20b8817791f9f1f65729815fc12,none,Six development conditions; not an independent-molecule or universal safety guarantee.
C3,decision_trace.N2_active_stretch150_sto3g.current_m3.original_time_min,0.047544143781706835,hartree^-1,,,N2_active_stretch150_sto3g / current_m3,primary,frozen_phase_a_decision,artifacts/pf_first_study_completion_analysis_20260926_940ee7f/decision_trace.csv,78e984cf7366e0bb69a793ea342ca2850f8bdbb0d9b7803760e0c261340ddfe0,6a1e54d5e830a20b8817791f9f1f65729815fc12,none,Six development conditions; not an independent-molecule or universal safety guarantee.
C3,decision_trace.N2_active_stretch150_sto3g.current_m3.original_time_max,1.711589176141446,hartree^-1,,,N2_active_stretch150_sto3g / current_m3,primary,frozen_phase_a_decision,artifacts/pf_first_study_completion_analysis_20260926_940ee7f/decision_trace.csv,78e984cf7366e0bb69a793ea342ca2850f8bdbb0d9b7803760e0c261340ddfe0,6a1e54d5e830a20b8817791f9f1f65729815fc12,none,Six development conditions; not an independent-molecule or universal safety guarantee.
C3,decision_trace.N2_active_stretch150_sto3g.current_m3.fallback_triggered,false,boolean,,,N2_active_stretch150_sto3g / current_m3,primary,frozen_phase_a_decision,artifacts/pf_first_study_completion_analysis_20260926_940ee7f/decision_trace.csv,78e984cf7366e0bb69a793ea342ca2850f8bdbb0d9b7803760e0c261340ddfe0,6a1e54d5e830a20b8817791f9f1f65729815fc12,none,Six development conditions; not an independent-molecule or universal safety guarantee.
C3,decision_trace.N2_active_stretch150_sto3g.current_m3.fallback_reasons,none,category,,,N2_active_stretch150_sto3g / current_m3,primary,frozen_phase_a_decision,artifacts/pf_first_study_completion_analysis_20260926_940ee7f/decision_trace.csv,78e984cf7366e0bb69a793ea342ca2850f8bdbb0d9b7803760e0c261340ddfe0,6a1e54d5e830a20b8817791f9f1f65729815fc12,none,Six development conditions; not an independent-molecule or universal safety guarantee.
C3,decision_trace.N2_active_stretch150_sto3g.current_m3.allowed_relative_time_max,1.8,relative_time,,,N2_active_stretch150_sto3g / current_m3,primary,frozen_phase_a_decision,artifacts/pf_first_study_completion_analysis_20260926_940ee7f/decision_trace.csv,78e984cf7366e0bb69a793ea342ca2850f8bdbb0d9b7803760e0c261340ddfe0,6a1e54d5e830a20b8817791f9f1f65729815fc12,none,Six development conditions; not an independent-molecule or universal safety guarantee.
C3,decision_trace.N2_active_stretch150_sto3g.current_m3.allowed_time_cap,1.711589176141446,hartree^-1,,,N2_active_stretch150_sto3g / current_m3,primary,frozen_phase_a_decision,artifacts/pf_first_study_completion_analysis_20260926_940ee7f/decision_trace.csv,78e984cf7366e0bb69a793ea342ca2850f8bdbb0d9b7803760e0c261340ddfe0,6a1e54d5e830a20b8817791f9f1f65729815fc12,none,Six development conditions; not an independent-molecule or universal safety guarantee.
C3,decision_trace.N2_active_stretch150_sto3g.current_m3.formula_optimum_relative_time,0.8732500000000001,relative_time,,,N2_active_stretch150_sto3g / current_m3,primary,frozen_phase_a_decision,artifacts/pf_first_study_completion_analysis_20260926_940ee7f/decision_trace.csv,78e984cf7366e0bb69a793ea342ca2850f8bdbb0d9b7803760e0c261340ddfe0,6a1e54d5e830a20b8817791f9f1f65729815fc12,none,Six development conditions; not an independent-molecule or universal safety guarantee.
C3,decision_trace.N2_active_stretch150_sto3g.current_m3.formula_optimum_time,0.8303584711475099,hartree^-1,,,N2_active_stretch150_sto3g / current_m3,primary,frozen_phase_a_decision,artifacts/pf_first_study_completion_analysis_20260926_940ee7f/decision_trace.csv,78e984cf7366e0bb69a793ea342ca2850f8bdbb0d9b7803760e0c261340ddfe0,6a1e54d5e830a20b8817791f9f1f65729815fc12,none,Six development conditions; not an independent-molecule or universal safety guarantee.
C3,decision_trace.N2_active_stretch150_sto3g.current_m3.formula_optimum_predicted_error_hartree,2.8064634326220847e-05,hartree,,,N2_active_stretch150_sto3g / current_m3,primary,frozen_phase_a_decision,artifacts/pf_first_study_completion_analysis_20260926_940ee7f/decision_trace.csv,78e984cf7366e0bb69a793ea342ca2850f8bdbb0d9b7803760e0c261340ddfe0,6a1e54d5e830a20b8817791f9f1f65729815fc12,none,Six development conditions; not an independent-molecule or universal safety guarantee.
C3,decision_trace.N2_active_stretch150_sto3g.current_m3.formula_optimum_predicted_cost,208603332.59679866,continuous_cost_proxy,,,N2_active_stretch150_sto3g / current_m3,primary,frozen_phase_a_decision,artifacts/pf_first_study_completion_analysis_20260926_940ee7f/decision_trace.csv,78e984cf7366e0bb69a793ea342ca2850f8bdbb0d9b7803760e0c261340ddfe0,6a1e54d5e830a20b8817791f9f1f65729815fc12,none,Six development conditions; not an independent-molecule or universal safety guarantee.
C3,decision_trace.N2_active_stretch150_sto3g.current_m3.at_optimization_boundary,false,boolean,,,N2_active_stretch150_sto3g / current_m3,primary,frozen_phase_a_decision,artifacts/pf_first_study_completion_analysis_20260926_940ee7f/decision_trace.csv,78e984cf7366e0bb69a793ea342ca2850f8bdbb0d9b7803760e0c261340ddfe0,6a1e54d5e830a20b8817791f9f1f65729815fc12,none,Six development conditions; not an independent-molecule or universal safety guarantee.
C3,decision_trace.N2_active_stretch150_sto3g.current_m3.eligible,true,boolean,,,N2_active_stretch150_sto3g / current_m3,primary,frozen_phase_a_decision,artifacts/pf_first_study_completion_analysis_20260926_940ee7f/decision_trace.csv,78e984cf7366e0bb69a793ea342ca2850f8bdbb0d9b7803760e0c261340ddfe0,6a1e54d5e830a20b8817791f9f1f65729815fc12,none,Six development conditions; not an independent-molecule or universal safety guarantee.
C3,decision_trace.N2_active_stretch150_sto3g.current_m3.selected_formula,true,boolean,,,N2_active_stretch150_sto3g / current_m3,primary,frozen_phase_a_decision,artifacts/pf_first_study_completion_analysis_20260926_940ee7f/decision_trace.csv,78e984cf7366e0bb69a793ea342ca2850f8bdbb0d9b7803760e0c261340ddfe0,6a1e54d5e830a20b8817791f9f1f65729815fc12,none,Six development conditions; not an independent-molecule or universal safety guarantee.
C3,decision_trace.N2_active_stretch150_sto3g.current_m3.condition_selection_reason,minimum_predicted_cost_among_proxy_feasible_pfs,category,,,N2_active_stretch150_sto3g / current_m3,primary,frozen_phase_a_decision,artifacts/pf_first_study_completion_analysis_20260926_940ee7f/decision_trace.csv,78e984cf7366e0bb69a793ea342ca2850f8bdbb0d9b7803760e0c261340ddfe0,6a1e54d5e830a20b8817791f9f1f65729815fc12,none,Six development conditions; not an independent-molecule or universal safety guarantee.
C3,decision_trace.N2_active_stretch150_sto3g.yoshida4.rotations,8200,rotations,,,N2_active_stretch150_sto3g / yoshida4,primary,frozen_phase_a_decision,artifacts/pf_first_study_completion_analysis_20260926_940ee7f/decision_trace.csv,78e984cf7366e0bb69a793ea342ca2850f8bdbb0d9b7803760e0c261340ddfe0,6a1e54d5e830a20b8817791f9f1f65729815fc12,none,Six development conditions; not an independent-molecule or universal safety guarantee.
C3,decision_trace.N2_active_stretch150_sto3g.yoshida4.proxy_analytic_time,0.24828308919712003,hartree^-1,,,N2_active_stretch150_sto3g / yoshida4,primary,frozen_phase_a_decision,artifacts/pf_first_study_completion_analysis_20260926_940ee7f/decision_trace.csv,78e984cf7366e0bb69a793ea342ca2850f8bdbb0d9b7803760e0c261340ddfe0,6a1e54d5e830a20b8817791f9f1f65729815fc12,none,Six development conditions; not an independent-molecule or universal safety guarantee.
C3,decision_trace.N2_active_stretch150_sto3g.yoshida4.original_relative_time_min,0.05,relative_time,,,N2_active_stretch150_sto3g / yoshida4,primary,frozen_phase_a_decision,artifacts/pf_first_study_completion_analysis_20260926_940ee7f/decision_trace.csv,78e984cf7366e0bb69a793ea342ca2850f8bdbb0d9b7803760e0c261340ddfe0,6a1e54d5e830a20b8817791f9f1f65729815fc12,none,Six development conditions; not an independent-molecule or universal safety guarantee.
C3,decision_trace.N2_active_stretch150_sto3g.yoshida4.original_relative_time_max,1.8,relative_time,,,N2_active_stretch150_sto3g / yoshida4,primary,frozen_phase_a_decision,artifacts/pf_first_study_completion_analysis_20260926_940ee7f/decision_trace.csv,78e984cf7366e0bb69a793ea342ca2850f8bdbb0d9b7803760e0c261340ddfe0,6a1e54d5e830a20b8817791f9f1f65729815fc12,none,Six development conditions; not an independent-molecule or universal safety guarantee.
C3,decision_trace.N2_active_stretch150_sto3g.yoshida4.original_time_min,0.012414154459856002,hartree^-1,,,N2_active_stretch150_sto3g / yoshida4,primary,frozen_phase_a_decision,artifacts/pf_first_study_completion_analysis_20260926_940ee7f/decision_trace.csv,78e984cf7366e0bb69a793ea342ca2850f8bdbb0d9b7803760e0c261340ddfe0,6a1e54d5e830a20b8817791f9f1f65729815fc12,none,Six development conditions; not an independent-molecule or universal safety guarantee.
C3,decision_trace.N2_active_stretch150_sto3g.yoshida4.original_time_max,0.44690956055481607,hartree^-1,,,N2_active_stretch150_sto3g / yoshida4,primary,frozen_phase_a_decision,artifacts/pf_first_study_completion_analysis_20260926_940ee7f/decision_trace.csv,78e984cf7366e0bb69a793ea342ca2850f8bdbb0d9b7803760e0c261340ddfe0,6a1e54d5e830a20b8817791f9f1f65729815fc12,none,Six development conditions; not an independent-molecule or universal safety guarantee.
C3,decision_trace.N2_active_stretch150_sto3g.yoshida4.fallback_triggered,false,boolean,,,N2_active_stretch150_sto3g / yoshida4,primary,frozen_phase_a_decision,artifacts/pf_first_study_completion_analysis_20260926_940ee7f/decision_trace.csv,78e984cf7366e0bb69a793ea342ca2850f8bdbb0d9b7803760e0c261340ddfe0,6a1e54d5e830a20b8817791f9f1f65729815fc12,none,Six development conditions; not an independent-molecule or universal safety guarantee.
C3,decision_trace.N2_active_stretch150_sto3g.yoshida4.fallback_reasons,none,category,,,N2_active_stretch150_sto3g / yoshida4,primary,frozen_phase_a_decision,artifacts/pf_first_study_completion_analysis_20260926_940ee7f/decision_trace.csv,78e984cf7366e0bb69a793ea342ca2850f8bdbb0d9b7803760e0c261340ddfe0,6a1e54d5e830a20b8817791f9f1f65729815fc12,none,Six development conditions; not an independent-molecule or universal safety guarantee.
C3,decision_trace.N2_active_stretch150_sto3g.yoshida4.allowed_relative_time_max,1.8,relative_time,,,N2_active_stretch150_sto3g / yoshida4,primary,frozen_phase_a_decision,artifacts/pf_first_study_completion_analysis_20260926_940ee7f/decision_trace.csv,78e984cf7366e0bb69a793ea342ca2850f8bdbb0d9b7803760e0c261340ddfe0,6a1e54d5e830a20b8817791f9f1f65729815fc12,none,Six development conditions; not an independent-molecule or universal safety guarantee.
C3,decision_trace.N2_active_stretch150_sto3g.yoshida4.allowed_time_cap,0.44690956055481607,hartree^-1,,,N2_active_stretch150_sto3g / yoshida4,primary,frozen_phase_a_decision,artifacts/pf_first_study_completion_analysis_20260926_940ee7f/decision_trace.csv,78e984cf7366e0bb69a793ea342ca2850f8bdbb0d9b7803760e0c261340ddfe0,6a1e54d5e830a20b8817791f9f1f65729815fc12,none,Six development conditions; not an independent-molecule or universal safety guarantee.
C3,decision_trace.N2_active_stretch150_sto3g.yoshida4.formula_optimum_relative_time,1.0099500000000001,relative_time,,,N2_active_stretch150_sto3g / yoshida4,primary,frozen_phase_a_decision,artifacts/pf_first_study_completion_analysis_20260926_940ee7f/decision_trace.csv,78e984cf7366e0bb69a793ea342ca2850f8bdbb0d9b7803760e0c261340ddfe0,6a1e54d5e830a20b8817791f9f1f65729815fc12,none,Six development conditions; not an independent-molecule or universal safety guarantee.
C3,decision_trace.N2_active_stretch150_sto3g.yoshida4.formula_optimum_time,0.2507535059346314,hartree^-1,,,N2_active_stretch150_sto3g / yoshida4,primary,frozen_phase_a_decision,artifacts/pf_first_study_completion_analysis_20260926_940ee7f/decision_trace.csv,78e984cf7366e0bb69a793ea342ca2850f8bdbb0d9b7803760e0c261340ddfe0,6a1e54d5e830a20b8817791f9f1f65729815fc12,none,Six development conditions; not an independent-molecule or universal safety guarantee.
C3,decision_trace.N2_active_stretch150_sto3g.yoshida4.formula_optimum_predicted_error_hartree,3.224333972894146e-05,hartree,,,N2_active_stretch150_sto3g / yoshida4,primary,frozen_phase_a_decision,artifacts/pf_first_study_completion_analysis_20260926_940ee7f/decision_trace.csv,78e984cf7366e0bb69a793ea342ca2850f8bdbb0d9b7803760e0c261340ddfe0,6a1e54d5e830a20b8817791f9f1f65729815fc12,none,Six development conditions; not an independent-molecule or universal safety guarantee.
C3,decision_trace.N2_active_stretch150_sto3g.yoshida4.formula_optimum_predicted_cost,308706359.01382095,continuous_cost_proxy,,,N2_active_stretch150_sto3g / yoshida4,primary,frozen_phase_a_decision,artifacts/pf_first_study_completion_analysis_20260926_940ee7f/decision_trace.csv,78e984cf7366e0bb69a793ea342ca2850f8bdbb0d9b7803760e0c261340ddfe0,6a1e54d5e830a20b8817791f9f1f65729815fc12,none,Six development conditions; not an independent-molecule or universal safety guarantee.
C3,decision_trace.N2_active_stretch150_sto3g.yoshida4.at_optimization_boundary,false,boolean,,,N2_active_stretch150_sto3g / yoshida4,primary,frozen_phase_a_decision,artifacts/pf_first_study_completion_analysis_20260926_940ee7f/decision_trace.csv,78e984cf7366e0bb69a793ea342ca2850f8bdbb0d9b7803760e0c261340ddfe0,6a1e54d5e830a20b8817791f9f1f65729815fc12,none,Six development conditions; not an independent-molecule or universal safety guarantee.
C3,decision_trace.N2_active_stretch150_sto3g.yoshida4.eligible,true,boolean,,,N2_active_stretch150_sto3g / yoshida4,primary,frozen_phase_a_decision,artifacts/pf_first_study_completion_analysis_20260926_940ee7f/decision_trace.csv,78e984cf7366e0bb69a793ea342ca2850f8bdbb0d9b7803760e0c261340ddfe0,6a1e54d5e830a20b8817791f9f1f65729815fc12,none,Six development conditions; not an independent-molecule or universal safety guarantee.
C3,decision_trace.N2_active_stretch150_sto3g.yoshida4.selected_formula,false,boolean,,,N2_active_stretch150_sto3g / yoshida4,primary,frozen_phase_a_decision,artifacts/pf_first_study_completion_analysis_20260926_940ee7f/decision_trace.csv,78e984cf7366e0bb69a793ea342ca2850f8bdbb0d9b7803760e0c261340ddfe0,6a1e54d5e830a20b8817791f9f1f65729815fc12,none,Six development conditions; not an independent-molecule or universal safety guarantee.
C3,decision_trace.N2_active_stretch150_sto3g.yoshida4.condition_selection_reason,,category,,,N2_active_stretch150_sto3g / yoshida4,primary,frozen_phase_a_decision,artifacts/pf_first_study_completion_analysis_20260926_940ee7f/decision_trace.csv,78e984cf7366e0bb69a793ea342ca2850f8bdbb0d9b7803760e0c261340ddfe0,6a1e54d5e830a20b8817791f9f1f65729815fc12,none,Six development conditions; not an independent-molecule or universal safety guarantee.
C3,decision_trace.CO_active_eq_sto3g.current_m3.rotations,37936,rotations,,,CO_active_eq_sto3g / current_m3,primary,frozen_phase_a_decision,artifacts/pf_first_study_completion_analysis_20260926_940ee7f/decision_trace.csv,78e984cf7366e0bb69a793ea342ca2850f8bdbb0d9b7803760e0c261340ddfe0,6a1e54d5e830a20b8817791f9f1f65729815fc12,none,Six development conditions; not an independent-molecule or universal safety guarantee.
C3,decision_trace.CO_active_eq_sto3g.current_m3.proxy_analytic_time,0.6546804264781796,hartree^-1,,,CO_active_eq_sto3g / current_m3,primary,frozen_phase_a_decision,artifacts/pf_first_study_completion_analysis_20260926_940ee7f/decision_trace.csv,78e984cf7366e0bb69a793ea342ca2850f8bdbb0d9b7803760e0c261340ddfe0,6a1e54d5e830a20b8817791f9f1f65729815fc12,none,Six development conditions; not an independent-molecule or universal safety guarantee.
C3,decision_trace.CO_active_eq_sto3g.current_m3.original_relative_time_min,0.05,relative_time,,,CO_active_eq_sto3g / current_m3,primary,frozen_phase_a_decision,artifacts/pf_first_study_completion_analysis_20260926_940ee7f/decision_trace.csv,78e984cf7366e0bb69a793ea342ca2850f8bdbb0d9b7803760e0c261340ddfe0,6a1e54d5e830a20b8817791f9f1f65729815fc12,none,Six development conditions; not an independent-molecule or universal safety guarantee.
C3,decision_trace.CO_active_eq_sto3g.current_m3.original_relative_time_max,1.8,relative_time,,,CO_active_eq_sto3g / current_m3,primary,frozen_phase_a_decision,artifacts/pf_first_study_completion_analysis_20260926_940ee7f/decision_trace.csv,78e984cf7366e0bb69a793ea342ca2850f8bdbb0d9b7803760e0c261340ddfe0,6a1e54d5e830a20b8817791f9f1f65729815fc12,none,Six development conditions; not an independent-molecule or universal safety guarantee.
C3,decision_trace.CO_active_eq_sto3g.current_m3.original_time_min,0.03273402132390898,hartree^-1,,,CO_active_eq_sto3g / current_m3,primary,frozen_phase_a_decision,artifacts/pf_first_study_completion_analysis_20260926_940ee7f/decision_trace.csv,78e984cf7366e0bb69a793ea342ca2850f8bdbb0d9b7803760e0c261340ddfe0,6a1e54d5e830a20b8817791f9f1f65729815fc12,none,Six development conditions; not an independent-molecule or universal safety guarantee.
C3,decision_trace.CO_active_eq_sto3g.current_m3.original_time_max,1.1784247676607233,hartree^-1,,,CO_active_eq_sto3g / current_m3,primary,frozen_phase_a_decision,artifacts/pf_first_study_completion_analysis_20260926_940ee7f/decision_trace.csv,78e984cf7366e0bb69a793ea342ca2850f8bdbb0d9b7803760e0c261340ddfe0,6a1e54d5e830a20b8817791f9f1f65729815fc12,none,Six development conditions; not an independent-molecule or universal safety guarantee.
C3,decision_trace.CO_active_eq_sto3g.current_m3.fallback_triggered,false,boolean,,,CO_active_eq_sto3g / current_m3,primary,frozen_phase_a_decision,artifacts/pf_first_study_completion_analysis_20260926_940ee7f/decision_trace.csv,78e984cf7366e0bb69a793ea342ca2850f8bdbb0d9b7803760e0c261340ddfe0,6a1e54d5e830a20b8817791f9f1f65729815fc12,none,Six development conditions; not an independent-molecule or universal safety guarantee.
C3,decision_trace.CO_active_eq_sto3g.current_m3.fallback_reasons,none,category,,,CO_active_eq_sto3g / current_m3,primary,frozen_phase_a_decision,artifacts/pf_first_study_completion_analysis_20260926_940ee7f/decision_trace.csv,78e984cf7366e0bb69a793ea342ca2850f8bdbb0d9b7803760e0c261340ddfe0,6a1e54d5e830a20b8817791f9f1f65729815fc12,none,Six development conditions; not an independent-molecule or universal safety guarantee.
C3,decision_trace.CO_active_eq_sto3g.current_m3.allowed_relative_time_max,1.8,relative_time,,,CO_active_eq_sto3g / current_m3,primary,frozen_phase_a_decision,artifacts/pf_first_study_completion_analysis_20260926_940ee7f/decision_trace.csv,78e984cf7366e0bb69a793ea342ca2850f8bdbb0d9b7803760e0c261340ddfe0,6a1e54d5e830a20b8817791f9f1f65729815fc12,none,Six development conditions; not an independent-molecule or universal safety guarantee.
C3,decision_trace.CO_active_eq_sto3g.current_m3.allowed_time_cap,1.1784247676607233,hartree^-1,,,CO_active_eq_sto3g / current_m3,primary,frozen_phase_a_decision,artifacts/pf_first_study_completion_analysis_20260926_940ee7f/decision_trace.csv,78e984cf7366e0bb69a793ea342ca2850f8bdbb0d9b7803760e0c261340ddfe0,6a1e54d5e830a20b8817791f9f1f65729815fc12,none,Six development conditions; not an independent-molecule or universal safety guarantee.
C3,decision_trace.CO_active_eq_sto3g.current_m3.formula_optimum_relative_time,0.9359500000000001,relative_time,,,CO_active_eq_sto3g / current_m3,primary,frozen_phase_a_decision,artifacts/pf_first_study_completion_analysis_20260926_940ee7f/decision_trace.csv,78e984cf7366e0bb69a793ea342ca2850f8bdbb0d9b7803760e0c261340ddfe0,6a1e54d5e830a20b8817791f9f1f65729815fc12,none,Six development conditions; not an independent-molecule or universal safety guarantee.
C3,decision_trace.CO_active_eq_sto3g.current_m3.formula_optimum_time,0.6127481451622522,hartree^-1,,,CO_active_eq_sto3g / current_m3,primary,frozen_phase_a_decision,artifacts/pf_first_study_completion_analysis_20260926_940ee7f/decision_trace.csv,78e984cf7366e0bb69a793ea342ca2850f8bdbb0d9b7803760e0c261340ddfe0,6a1e54d5e830a20b8817791f9f1f65729815fc12,none,Six development conditions; not an independent-molecule or universal safety guarantee.
C3,decision_trace.CO_active_eq_sto3g.current_m3.formula_optimum_predicted_error_hartree,2.97567078775186e-05,hartree,,,CO_active_eq_sto3g / current_m3,primary,frozen_phase_a_decision,artifacts/pf_first_study_completion_analysis_20260926_940ee7f/decision_trace.csv,78e984cf7366e0bb69a793ea342ca2850f8bdbb0d9b7803760e0c261340ddfe0,6a1e54d5e830a20b8817791f9f1f65729815fc12,none,Six development conditions; not an independent-molecule or universal safety guarantee.
C3,decision_trace.CO_active_eq_sto3g.current_m3.formula_optimum_predicted_cost,573237653.784658,continuous_cost_proxy,,,CO_active_eq_sto3g / current_m3,primary,frozen_phase_a_decision,artifacts/pf_first_study_completion_analysis_20260926_940ee7f/decision_trace.csv,78e984cf7366e0bb69a793ea342ca2850f8bdbb0d9b7803760e0c261340ddfe0,6a1e54d5e830a20b8817791f9f1f65729815fc12,none,Six development conditions; not an independent-molecule or universal safety guarantee.
C3,decision_trace.CO_active_eq_sto3g.current_m3.at_optimization_boundary,false,boolean,,,CO_active_eq_sto3g / current_m3,primary,frozen_phase_a_decision,artifacts/pf_first_study_completion_analysis_20260926_940ee7f/decision_trace.csv,78e984cf7366e0bb69a793ea342ca2850f8bdbb0d9b7803760e0c261340ddfe0,6a1e54d5e830a20b8817791f9f1f65729815fc12,none,Six development conditions; not an independent-molecule or universal safety guarantee.
C3,decision_trace.CO_active_eq_sto3g.current_m3.eligible,true,boolean,,,CO_active_eq_sto3g / current_m3,primary,frozen_phase_a_decision,artifacts/pf_first_study_completion_analysis_20260926_940ee7f/decision_trace.csv,78e984cf7366e0bb69a793ea342ca2850f8bdbb0d9b7803760e0c261340ddfe0,6a1e54d5e830a20b8817791f9f1f65729815fc12,none,Six development conditions; not an independent-molecule or universal safety guarantee.
C3,decision_trace.CO_active_eq_sto3g.current_m3.selected_formula,true,boolean,,,CO_active_eq_sto3g / current_m3,primary,frozen_phase_a_decision,artifacts/pf_first_study_completion_analysis_20260926_940ee7f/decision_trace.csv,78e984cf7366e0bb69a793ea342ca2850f8bdbb0d9b7803760e0c261340ddfe0,6a1e54d5e830a20b8817791f9f1f65729815fc12,none,Six development conditions; not an independent-molecule or universal safety guarantee.
C3,decision_trace.CO_active_eq_sto3g.current_m3.condition_selection_reason,minimum_predicted_cost_among_proxy_feasible_pfs,category,,,CO_active_eq_sto3g / current_m3,primary,frozen_phase_a_decision,artifacts/pf_first_study_completion_analysis_20260926_940ee7f/decision_trace.csv,78e984cf7366e0bb69a793ea342ca2850f8bdbb0d9b7803760e0c261340ddfe0,6a1e54d5e830a20b8817791f9f1f65729815fc12,none,Six development conditions; not an independent-molecule or universal safety guarantee.
C3,decision_trace.CO_active_eq_sto3g.yoshida4.rotations,16336,rotations,,,CO_active_eq_sto3g / yoshida4,primary,frozen_phase_a_decision,artifacts/pf_first_study_completion_analysis_20260926_940ee7f/decision_trace.csv,78e984cf7366e0bb69a793ea342ca2850f8bdbb0d9b7803760e0c261340ddfe0,6a1e54d5e830a20b8817791f9f1f65729815fc12,none,Six development conditions; not an independent-molecule or universal safety guarantee.
C3,decision_trace.CO_active_eq_sto3g.yoshida4.proxy_analytic_time,0.15467784615335387,hartree^-1,,,CO_active_eq_sto3g / yoshida4,primary,frozen_phase_a_decision,artifacts/pf_first_study_completion_analysis_20260926_940ee7f/decision_trace.csv,78e984cf7366e0bb69a793ea342ca2850f8bdbb0d9b7803760e0c261340ddfe0,6a1e54d5e830a20b8817791f9f1f65729815fc12,none,Six development conditions; not an independent-molecule or universal safety guarantee.
C3,decision_trace.CO_active_eq_sto3g.yoshida4.original_relative_time_min,0.05,relative_time,,,CO_active_eq_sto3g / yoshida4,primary,frozen_phase_a_decision,artifacts/pf_first_study_completion_analysis_20260926_940ee7f/decision_trace.csv,78e984cf7366e0bb69a793ea342ca2850f8bdbb0d9b7803760e0c261340ddfe0,6a1e54d5e830a20b8817791f9f1f65729815fc12,none,Six development conditions; not an independent-molecule or universal safety guarantee.
C3,decision_trace.CO_active_eq_sto3g.yoshida4.original_relative_time_max,1.8,relative_time,,,CO_active_eq_sto3g / yoshida4,primary,frozen_phase_a_decision,artifacts/pf_first_study_completion_analysis_20260926_940ee7f/decision_trace.csv,78e984cf7366e0bb69a793ea342ca2850f8bdbb0d9b7803760e0c261340ddfe0,6a1e54d5e830a20b8817791f9f1f65729815fc12,none,Six development conditions; not an independent-molecule or universal safety guarantee.
C3,decision_trace.CO_active_eq_sto3g.yoshida4.original_time_min,0.007733892307667693,hartree^-1,,,CO_active_eq_sto3g / yoshida4,primary,frozen_phase_a_decision,artifacts/pf_first_study_completion_analysis_20260926_940ee7f/decision_trace.csv,78e984cf7366e0bb69a793ea342ca2850f8bdbb0d9b7803760e0c261340ddfe0,6a1e54d5e830a20b8817791f9f1f65729815fc12,none,Six development conditions; not an independent-molecule or universal safety guarantee.
C3,decision_trace.CO_active_eq_sto3g.yoshida4.original_time_max,0.278420123076037,hartree^-1,,,CO_active_eq_sto3g / yoshida4,primary,frozen_phase_a_decision,artifacts/pf_first_study_completion_analysis_20260926_940ee7f/decision_trace.csv,78e984cf7366e0bb69a793ea342ca2850f8bdbb0d9b7803760e0c261340ddfe0,6a1e54d5e830a20b8817791f9f1f65729815fc12,none,Six development conditions; not an independent-molecule or universal safety guarantee.
C3,decision_trace.CO_active_eq_sto3g.yoshida4.fallback_triggered,false,boolean,,,CO_active_eq_sto3g / yoshida4,primary,frozen_phase_a_decision,artifacts/pf_first_study_completion_analysis_20260926_940ee7f/decision_trace.csv,78e984cf7366e0bb69a793ea342ca2850f8bdbb0d9b7803760e0c261340ddfe0,6a1e54d5e830a20b8817791f9f1f65729815fc12,none,Six development conditions; not an independent-molecule or universal safety guarantee.
C3,decision_trace.CO_active_eq_sto3g.yoshida4.fallback_reasons,none,category,,,CO_active_eq_sto3g / yoshida4,primary,frozen_phase_a_decision,artifacts/pf_first_study_completion_analysis_20260926_940ee7f/decision_trace.csv,78e984cf7366e0bb69a793ea342ca2850f8bdbb0d9b7803760e0c261340ddfe0,6a1e54d5e830a20b8817791f9f1f65729815fc12,none,Six development conditions; not an independent-molecule or universal safety guarantee.
C3,decision_trace.CO_active_eq_sto3g.yoshida4.allowed_relative_time_max,1.8,relative_time,,,CO_active_eq_sto3g / yoshida4,primary,frozen_phase_a_decision,artifacts/pf_first_study_completion_analysis_20260926_940ee7f/decision_trace.csv,78e984cf7366e0bb69a793ea342ca2850f8bdbb0d9b7803760e0c261340ddfe0,6a1e54d5e830a20b8817791f9f1f65729815fc12,none,Six development conditions; not an independent-molecule or universal safety guarantee.
C3,decision_trace.CO_active_eq_sto3g.yoshida4.allowed_time_cap,0.278420123076037,hartree^-1,,,CO_active_eq_sto3g / yoshida4,primary,frozen_phase_a_decision,artifacts/pf_first_study_completion_analysis_20260926_940ee7f/decision_trace.csv,78e984cf7366e0bb69a793ea342ca2850f8bdbb0d9b7803760e0c261340ddfe0,6a1e54d5e830a20b8817791f9f1f65729815fc12,none,Six development conditions; not an independent-molecule or universal safety guarantee.
C3,decision_trace.CO_active_eq_sto3g.yoshida4.formula_optimum_relative_time,1.0009000000000001,relative_time,,,CO_active_eq_sto3g / yoshida4,primary,frozen_phase_a_decision,artifacts/pf_first_study_completion_analysis_20260926_940ee7f/decision_trace.csv,78e984cf7366e0bb69a793ea342ca2850f8bdbb0d9b7803760e0c261340ddfe0,6a1e54d5e830a20b8817791f9f1f65729815fc12,none,Six development conditions; not an independent-molecule or universal safety guarantee.
C3,decision_trace.CO_active_eq_sto3g.yoshida4.formula_optimum_time,0.1548170562148919,hartree^-1,,,CO_active_eq_sto3g / yoshida4,primary,frozen_phase_a_decision,artifacts/pf_first_study_completion_analysis_20260926_940ee7f/decision_trace.csv,78e984cf7366e0bb69a793ea342ca2850f8bdbb0d9b7803760e0c261340ddfe0,6a1e54d5e830a20b8817791f9f1f65729815fc12,none,Six development conditions; not an independent-molecule or universal safety guarantee.
C3,decision_trace.CO_active_eq_sto3g.yoshida4.formula_optimum_predicted_error_hartree,3.1905224244403225e-05,hartree,,,CO_active_eq_sto3g / yoshida4,primary,frozen_phase_a_decision,artifacts/pf_first_study_completion_analysis_20260926_940ee7f/decision_trace.csv,78e984cf7366e0bb69a793ea342ca2850f8bdbb0d9b7803760e0c261340ddfe0,6a1e54d5e830a20b8817791f9f1f65729815fc12,none,Six development conditions; not an independent-molecule or universal safety guarantee.
C3,decision_trace.CO_active_eq_sto3g.yoshida4.formula_optimum_predicted_cost,993463733.0374541,continuous_cost_proxy,,,CO_active_eq_sto3g / yoshida4,primary,frozen_phase_a_decision,artifacts/pf_first_study_completion_analysis_20260926_940ee7f/decision_trace.csv,78e984cf7366e0bb69a793ea342ca2850f8bdbb0d9b7803760e0c261340ddfe0,6a1e54d5e830a20b8817791f9f1f65729815fc12,none,Six development conditions; not an independent-molecule or universal safety guarantee.
C3,decision_trace.CO_active_eq_sto3g.yoshida4.at_optimization_boundary,false,boolean,,,CO_active_eq_sto3g / yoshida4,primary,frozen_phase_a_decision,artifacts/pf_first_study_completion_analysis_20260926_940ee7f/decision_trace.csv,78e984cf7366e0bb69a793ea342ca2850f8bdbb0d9b7803760e0c261340ddfe0,6a1e54d5e830a20b8817791f9f1f65729815fc12,none,Six development conditions; not an independent-molecule or universal safety guarantee.
C3,decision_trace.CO_active_eq_sto3g.yoshida4.eligible,true,boolean,,,CO_active_eq_sto3g / yoshida4,primary,frozen_phase_a_decision,artifacts/pf_first_study_completion_analysis_20260926_940ee7f/decision_trace.csv,78e984cf7366e0bb69a793ea342ca2850f8bdbb0d9b7803760e0c261340ddfe0,6a1e54d5e830a20b8817791f9f1f65729815fc12,none,Six development conditions; not an independent-molecule or universal safety guarantee.
C3,decision_trace.CO_active_eq_sto3g.yoshida4.selected_formula,false,boolean,,,CO_active_eq_sto3g / yoshida4,primary,frozen_phase_a_decision,artifacts/pf_first_study_completion_analysis_20260926_940ee7f/decision_trace.csv,78e984cf7366e0bb69a793ea342ca2850f8bdbb0d9b7803760e0c261340ddfe0,6a1e54d5e830a20b8817791f9f1f65729815fc12,none,Six development conditions; not an independent-molecule or universal safety guarantee.
C3,decision_trace.CO_active_eq_sto3g.yoshida4.condition_selection_reason,,category,,,CO_active_eq_sto3g / yoshida4,primary,frozen_phase_a_decision,artifacts/pf_first_study_completion_analysis_20260926_940ee7f/decision_trace.csv,78e984cf7366e0bb69a793ea342ca2850f8bdbb0d9b7803760e0c261340ddfe0,6a1e54d5e830a20b8817791f9f1f65729815fc12,none,Six development conditions; not an independent-molecule or universal safety guarantee.
C3,decision_trace.CO_active_stretch150_sto3g.current_m3.rotations,37712,rotations,,,CO_active_stretch150_sto3g / current_m3,primary,frozen_phase_a_decision,artifacts/pf_first_study_completion_analysis_20260926_940ee7f/decision_trace.csv,78e984cf7366e0bb69a793ea342ca2850f8bdbb0d9b7803760e0c261340ddfe0,6a1e54d5e830a20b8817791f9f1f65729815fc12,none,Six development conditions; not an independent-molecule or universal safety guarantee.
C3,decision_trace.CO_active_stretch150_sto3g.current_m3.proxy_analytic_time,0.9672099225114115,hartree^-1,,,CO_active_stretch150_sto3g / current_m3,primary,frozen_phase_a_decision,artifacts/pf_first_study_completion_analysis_20260926_940ee7f/decision_trace.csv,78e984cf7366e0bb69a793ea342ca2850f8bdbb0d9b7803760e0c261340ddfe0,6a1e54d5e830a20b8817791f9f1f65729815fc12,none,Six development conditions; not an independent-molecule or universal safety guarantee.
C3,decision_trace.CO_active_stretch150_sto3g.current_m3.original_relative_time_min,0.05,relative_time,,,CO_active_stretch150_sto3g / current_m3,primary,frozen_phase_a_decision,artifacts/pf_first_study_completion_analysis_20260926_940ee7f/decision_trace.csv,78e984cf7366e0bb69a793ea342ca2850f8bdbb0d9b7803760e0c261340ddfe0,6a1e54d5e830a20b8817791f9f1f65729815fc12,none,Six development conditions; not an independent-molecule or universal safety guarantee.
C3,decision_trace.CO_active_stretch150_sto3g.current_m3.original_relative_time_max,1.8,relative_time,,,CO_active_stretch150_sto3g / current_m3,primary,frozen_phase_a_decision,artifacts/pf_first_study_completion_analysis_20260926_940ee7f/decision_trace.csv,78e984cf7366e0bb69a793ea342ca2850f8bdbb0d9b7803760e0c261340ddfe0,6a1e54d5e830a20b8817791f9f1f65729815fc12,none,Six development conditions; not an independent-molecule or universal safety guarantee.
C3,decision_trace.CO_active_stretch150_sto3g.current_m3.original_time_min,0.04836049612557058,hartree^-1,,,CO_active_stretch150_sto3g / current_m3,primary,frozen_phase_a_decision,artifacts/pf_first_study_completion_analysis_20260926_940ee7f/decision_trace.csv,78e984cf7366e0bb69a793ea342ca2850f8bdbb0d9b7803760e0c261340ddfe0,6a1e54d5e830a20b8817791f9f1f65729815fc12,none,Six development conditions; not an independent-molecule or universal safety guarantee.
C3,decision_trace.CO_active_stretch150_sto3g.current_m3.original_time_max,1.7409778605205406,hartree^-1,,,CO_active_stretch150_sto3g / current_m3,primary,frozen_phase_a_decision,artifacts/pf_first_study_completion_analysis_20260926_940ee7f/decision_trace.csv,78e984cf7366e0bb69a793ea342ca2850f8bdbb0d9b7803760e0c261340ddfe0,6a1e54d5e830a20b8817791f9f1f65729815fc12,none,Six development conditions; not an independent-molecule or universal safety guarantee.
C3,decision_trace.CO_active_stretch150_sto3g.current_m3.fallback_triggered,false,boolean,,,CO_active_stretch150_sto3g / current_m3,primary,frozen_phase_a_decision,artifacts/pf_first_study_completion_analysis_20260926_940ee7f/decision_trace.csv,78e984cf7366e0bb69a793ea342ca2850f8bdbb0d9b7803760e0c261340ddfe0,6a1e54d5e830a20b8817791f9f1f65729815fc12,none,Six development conditions; not an independent-molecule or universal safety guarantee.
C3,decision_trace.CO_active_stretch150_sto3g.current_m3.fallback_reasons,none,category,,,CO_active_stretch150_sto3g / current_m3,primary,frozen_phase_a_decision,artifacts/pf_first_study_completion_analysis_20260926_940ee7f/decision_trace.csv,78e984cf7366e0bb69a793ea342ca2850f8bdbb0d9b7803760e0c261340ddfe0,6a1e54d5e830a20b8817791f9f1f65729815fc12,none,Six development conditions; not an independent-molecule or universal safety guarantee.
C3,decision_trace.CO_active_stretch150_sto3g.current_m3.allowed_relative_time_max,1.8,relative_time,,,CO_active_stretch150_sto3g / current_m3,primary,frozen_phase_a_decision,artifacts/pf_first_study_completion_analysis_20260926_940ee7f/decision_trace.csv,78e984cf7366e0bb69a793ea342ca2850f8bdbb0d9b7803760e0c261340ddfe0,6a1e54d5e830a20b8817791f9f1f65729815fc12,none,Six development conditions; not an independent-molecule or universal safety guarantee.
C3,decision_trace.CO_active_stretch150_sto3g.current_m3.allowed_time_cap,1.7409778605205406,hartree^-1,,,CO_active_stretch150_sto3g / current_m3,primary,frozen_phase_a_decision,artifacts/pf_first_study_completion_analysis_20260926_940ee7f/decision_trace.csv,78e984cf7366e0bb69a793ea342ca2850f8bdbb0d9b7803760e0c261340ddfe0,6a1e54d5e830a20b8817791f9f1f65729815fc12,none,Six development conditions; not an independent-molecule or universal safety guarantee.
C3,decision_trace.CO_active_stretch150_sto3g.current_m3.formula_optimum_relative_time,0.8946000000000001,relative_time,,,CO_active_stretch150_sto3g / current_m3,primary,frozen_phase_a_decision,artifacts/pf_first_study_completion_analysis_20260926_940ee7f/decision_trace.csv,78e984cf7366e0bb69a793ea342ca2850f8bdbb0d9b7803760e0c261340ddfe0,6a1e54d5e830a20b8817791f9f1f65729815fc12,none,Six development conditions; not an independent-molecule or universal safety guarantee.
C3,decision_trace.CO_active_stretch150_sto3g.current_m3.formula_optimum_time,0.8652659966787087,hartree^-1,,,CO_active_stretch150_sto3g / current_m3,primary,frozen_phase_a_decision,artifacts/pf_first_study_completion_analysis_20260926_940ee7f/decision_trace.csv,78e984cf7366e0bb69a793ea342ca2850f8bdbb0d9b7803760e0c261340ddfe0,6a1e54d5e830a20b8817791f9f1f65729815fc12,none,Six development conditions; not an independent-molecule or universal safety guarantee.
C3,decision_trace.CO_active_stretch150_sto3g.current_m3.formula_optimum_predicted_error_hartree,2.8587320950995892e-05,hartree,,,CO_active_stretch150_sto3g / current_m3,primary,frozen_phase_a_decision,artifacts/pf_first_study_completion_analysis_20260926_940ee7f/decision_trace.csv,78e984cf7366e0bb69a793ea342ca2850f8bdbb0d9b7803760e0c261340ddfe0,6a1e54d5e830a20b8817791f9f1f65729815fc12,none,Six development conditions; not an independent-molecule or universal safety guarantee.
C3,decision_trace.CO_active_stretch150_sto3g.current_m3.formula_optimum_predicted_cost,399939334.26033634,continuous_cost_proxy,,,CO_active_stretch150_sto3g / current_m3,primary,frozen_phase_a_decision,artifacts/pf_first_study_completion_analysis_20260926_940ee7f/decision_trace.csv,78e984cf7366e0bb69a793ea342ca2850f8bdbb0d9b7803760e0c261340ddfe0,6a1e54d5e830a20b8817791f9f1f65729815fc12,none,Six development conditions; not an independent-molecule or universal safety guarantee.
C3,decision_trace.CO_active_stretch150_sto3g.current_m3.at_optimization_boundary,false,boolean,,,CO_active_stretch150_sto3g / current_m3,primary,frozen_phase_a_decision,artifacts/pf_first_study_completion_analysis_20260926_940ee7f/decision_trace.csv,78e984cf7366e0bb69a793ea342ca2850f8bdbb0d9b7803760e0c261340ddfe0,6a1e54d5e830a20b8817791f9f1f65729815fc12,none,Six development conditions; not an independent-molecule or universal safety guarantee.
C3,decision_trace.CO_active_stretch150_sto3g.current_m3.eligible,true,boolean,,,CO_active_stretch150_sto3g / current_m3,primary,frozen_phase_a_decision,artifacts/pf_first_study_completion_analysis_20260926_940ee7f/decision_trace.csv,78e984cf7366e0bb69a793ea342ca2850f8bdbb0d9b7803760e0c261340ddfe0,6a1e54d5e830a20b8817791f9f1f65729815fc12,none,Six development conditions; not an independent-molecule or universal safety guarantee.
C3,decision_trace.CO_active_stretch150_sto3g.current_m3.selected_formula,true,boolean,,,CO_active_stretch150_sto3g / current_m3,primary,frozen_phase_a_decision,artifacts/pf_first_study_completion_analysis_20260926_940ee7f/decision_trace.csv,78e984cf7366e0bb69a793ea342ca2850f8bdbb0d9b7803760e0c261340ddfe0,6a1e54d5e830a20b8817791f9f1f65729815fc12,none,Six development conditions; not an independent-molecule or universal safety guarantee.
C3,decision_trace.CO_active_stretch150_sto3g.current_m3.condition_selection_reason,minimum_predicted_cost_among_proxy_feasible_pfs,category,,,CO_active_stretch150_sto3g / current_m3,primary,frozen_phase_a_decision,artifacts/pf_first_study_completion_analysis_20260926_940ee7f/decision_trace.csv,78e984cf7366e0bb69a793ea342ca2850f8bdbb0d9b7803760e0c261340ddfe0,6a1e54d5e830a20b8817791f9f1f65729815fc12,none,Six development conditions; not an independent-molecule or universal safety guarantee.
C3,decision_trace.CO_active_stretch150_sto3g.yoshida4.rotations,16240,rotations,,,CO_active_stretch150_sto3g / yoshida4,primary,frozen_phase_a_decision,artifacts/pf_first_study_completion_analysis_20260926_940ee7f/decision_trace.csv,78e984cf7366e0bb69a793ea342ca2850f8bdbb0d9b7803760e0c261340ddfe0,6a1e54d5e830a20b8817791f9f1f65729815fc12,none,Six development conditions; not an independent-molecule or universal safety guarantee.
C3,decision_trace.CO_active_stretch150_sto3g.yoshida4.proxy_analytic_time,0.23586963873378258,hartree^-1,,,CO_active_stretch150_sto3g / yoshida4,primary,frozen_phase_a_decision,artifacts/pf_first_study_completion_analysis_20260926_940ee7f/decision_trace.csv,78e984cf7366e0bb69a793ea342ca2850f8bdbb0d9b7803760e0c261340ddfe0,6a1e54d5e830a20b8817791f9f1f65729815fc12,none,Six development conditions; not an independent-molecule or universal safety guarantee.
C3,decision_trace.CO_active_stretch150_sto3g.yoshida4.original_relative_time_min,0.05,relative_time,,,CO_active_stretch150_sto3g / yoshida4,primary,frozen_phase_a_decision,artifacts/pf_first_study_completion_analysis_20260926_940ee7f/decision_trace.csv,78e984cf7366e0bb69a793ea342ca2850f8bdbb0d9b7803760e0c261340ddfe0,6a1e54d5e830a20b8817791f9f1f65729815fc12,none,Six development conditions; not an independent-molecule or universal safety guarantee.
C3,decision_trace.CO_active_stretch150_sto3g.yoshida4.original_relative_time_max,1.8,relative_time,,,CO_active_stretch150_sto3g / yoshida4,primary,frozen_phase_a_decision,artifacts/pf_first_study_completion_analysis_20260926_940ee7f/decision_trace.csv,78e984cf7366e0bb69a793ea342ca2850f8bdbb0d9b7803760e0c261340ddfe0,6a1e54d5e830a20b8817791f9f1f65729815fc12,none,Six development conditions; not an independent-molecule or universal safety guarantee.
C3,decision_trace.CO_active_stretch150_sto3g.yoshida4.original_time_min,0.01179348193668913,hartree^-1,,,CO_active_stretch150_sto3g / yoshida4,primary,frozen_phase_a_decision,artifacts/pf_first_study_completion_analysis_20260926_940ee7f/decision_trace.csv,78e984cf7366e0bb69a793ea342ca2850f8bdbb0d9b7803760e0c261340ddfe0,6a1e54d5e830a20b8817791f9f1f65729815fc12,none,Six development conditions; not an independent-molecule or universal safety guarantee.
C3,decision_trace.CO_active_stretch150_sto3g.yoshida4.original_time_max,0.42456534972080867,hartree^-1,,,CO_active_stretch150_sto3g / yoshida4,primary,frozen_phase_a_decision,artifacts/pf_first_study_completion_analysis_20260926_940ee7f/decision_trace.csv,78e984cf7366e0bb69a793ea342ca2850f8bdbb0d9b7803760e0c261340ddfe0,6a1e54d5e830a20b8817791f9f1f65729815fc12,none,Six development conditions; not an independent-molecule or universal safety guarantee.
C3,decision_trace.CO_active_stretch150_sto3g.yoshida4.fallback_triggered,false,boolean,,,CO_active_stretch150_sto3g / yoshida4,primary,frozen_phase_a_decision,artifacts/pf_first_study_completion_analysis_20260926_940ee7f/decision_trace.csv,78e984cf7366e0bb69a793ea342ca2850f8bdbb0d9b7803760e0c261340ddfe0,6a1e54d5e830a20b8817791f9f1f65729815fc12,none,Six development conditions; not an independent-molecule or universal safety guarantee.
C3,decision_trace.CO_active_stretch150_sto3g.yoshida4.fallback_reasons,none,category,,,CO_active_stretch150_sto3g / yoshida4,primary,frozen_phase_a_decision,artifacts/pf_first_study_completion_analysis_20260926_940ee7f/decision_trace.csv,78e984cf7366e0bb69a793ea342ca2850f8bdbb0d9b7803760e0c261340ddfe0,6a1e54d5e830a20b8817791f9f1f65729815fc12,none,Six development conditions; not an independent-molecule or universal safety guarantee.
C3,decision_trace.CO_active_stretch150_sto3g.yoshida4.allowed_relative_time_max,1.8,relative_time,,,CO_active_stretch150_sto3g / yoshida4,primary,frozen_phase_a_decision,artifacts/pf_first_study_completion_analysis_20260926_940ee7f/decision_trace.csv,78e984cf7366e0bb69a793ea342ca2850f8bdbb0d9b7803760e0c261340ddfe0,6a1e54d5e830a20b8817791f9f1f65729815fc12,none,Six development conditions; not an independent-molecule or universal safety guarantee.
C3,decision_trace.CO_active_stretch150_sto3g.yoshida4.allowed_time_cap,0.42456534972080867,hartree^-1,,,CO_active_stretch150_sto3g / yoshida4,primary,frozen_phase_a_decision,artifacts/pf_first_study_completion_analysis_20260926_940ee7f/decision_trace.csv,78e984cf7366e0bb69a793ea342ca2850f8bdbb0d9b7803760e0c261340ddfe0,6a1e54d5e830a20b8817791f9f1f65729815fc12,none,Six development conditions; not an independent-molecule or universal safety guarantee.
C3,decision_trace.CO_active_stretch150_sto3g.yoshida4.formula_optimum_relative_time,0.9863500000000001,relative_time,,,CO_active_stretch150_sto3g / yoshida4,primary,frozen_phase_a_decision,artifacts/pf_first_study_completion_analysis_20260926_940ee7f/decision_trace.csv,78e984cf7366e0bb69a793ea342ca2850f8bdbb0d9b7803760e0c261340ddfe0,6a1e54d5e830a20b8817791f9f1f65729815fc12,none,Six development conditions; not an independent-molecule or universal safety guarantee.
C3,decision_trace.CO_active_stretch150_sto3g.yoshida4.formula_optimum_time,0.23265001816506647,hartree^-1,,,CO_active_stretch150_sto3g / yoshida4,primary,frozen_phase_a_decision,artifacts/pf_first_study_completion_analysis_20260926_940ee7f/decision_trace.csv,78e984cf7366e0bb69a793ea342ca2850f8bdbb0d9b7803760e0c261340ddfe0,6a1e54d5e830a20b8817791f9f1f65729815fc12,none,Six development conditions; not an independent-molecule or universal safety guarantee.
C3,decision_trace.CO_active_stretch150_sto3g.yoshida4.formula_optimum_predicted_error_hartree,3.137818119039523e-05,hartree,,,CO_active_stretch150_sto3g / yoshida4,primary,frozen_phase_a_decision,artifacts/pf_first_study_completion_analysis_20260926_940ee7f/decision_trace.csv,78e984cf7366e0bb69a793ea342ca2850f8bdbb0d9b7803760e0c261340ddfe0,6a1e54d5e830a20b8817791f9f1f65729815fc12,none,Six development conditions; not an independent-molecule or universal safety guarantee.
C3,decision_trace.CO_active_stretch150_sto3g.yoshida4.formula_optimum_predicted_cost,654509369.1036259,continuous_cost_proxy,,,CO_active_stretch150_sto3g / yoshida4,primary,frozen_phase_a_decision,artifacts/pf_first_study_completion_analysis_20260926_940ee7f/decision_trace.csv,78e984cf7366e0bb69a793ea342ca2850f8bdbb0d9b7803760e0c261340ddfe0,6a1e54d5e830a20b8817791f9f1f65729815fc12,none,Six development conditions; not an independent-molecule or universal safety guarantee.
C3,decision_trace.CO_active_stretch150_sto3g.yoshida4.at_optimization_boundary,false,boolean,,,CO_active_stretch150_sto3g / yoshida4,primary,frozen_phase_a_decision,artifacts/pf_first_study_completion_analysis_20260926_940ee7f/decision_trace.csv,78e984cf7366e0bb69a793ea342ca2850f8bdbb0d9b7803760e0c261340ddfe0,6a1e54d5e830a20b8817791f9f1f65729815fc12,none,Six development conditions; not an independent-molecule or universal safety guarantee.
C3,decision_trace.CO_active_stretch150_sto3g.yoshida4.eligible,true,boolean,,,CO_active_stretch150_sto3g / yoshida4,primary,frozen_phase_a_decision,artifacts/pf_first_study_completion_analysis_20260926_940ee7f/decision_trace.csv,78e984cf7366e0bb69a793ea342ca2850f8bdbb0d9b7803760e0c261340ddfe0,6a1e54d5e830a20b8817791f9f1f65729815fc12,none,Six development conditions; not an independent-molecule or universal safety guarantee.
C3,decision_trace.CO_active_stretch150_sto3g.yoshida4.selected_formula,false,boolean,,,CO_active_stretch150_sto3g / yoshida4,primary,frozen_phase_a_decision,artifacts/pf_first_study_completion_analysis_20260926_940ee7f/decision_trace.csv,78e984cf7366e0bb69a793ea342ca2850f8bdbb0d9b7803760e0c261340ddfe0,6a1e54d5e830a20b8817791f9f1f65729815fc12,none,Six development conditions; not an independent-molecule or universal safety guarantee.
C3,decision_trace.CO_active_stretch150_sto3g.yoshida4.condition_selection_reason,,category,,,CO_active_stretch150_sto3g / yoshida4,primary,frozen_phase_a_decision,artifacts/pf_first_study_completion_analysis_20260926_940ee7f/decision_trace.csv,78e984cf7366e0bb69a793ea342ca2850f8bdbb0d9b7803760e0c261340ddfe0,6a1e54d5e830a20b8817791f9f1f65729815fc12,none,Six development conditions; not an independent-molecule or universal safety guarantee.
C3,decision_trace.HF_full_eq_sto3g.current_m3.rotations,9108,rotations,,,HF_full_eq_sto3g / current_m3,stress_test,frozen_phase_a_decision,artifacts/pf_first_study_completion_analysis_20260926_940ee7f/decision_trace.csv,78e984cf7366e0bb69a793ea342ca2850f8bdbb0d9b7803760e0c261340ddfe0,6a1e54d5e830a20b8817791f9f1f65729815fc12,none,Six development conditions; not an independent-molecule or universal safety guarantee.
C3,decision_trace.HF_full_eq_sto3g.current_m3.proxy_analytic_time,0.297743371948396,hartree^-1,,,HF_full_eq_sto3g / current_m3,stress_test,frozen_phase_a_decision,artifacts/pf_first_study_completion_analysis_20260926_940ee7f/decision_trace.csv,78e984cf7366e0bb69a793ea342ca2850f8bdbb0d9b7803760e0c261340ddfe0,6a1e54d5e830a20b8817791f9f1f65729815fc12,none,Six development conditions; not an independent-molecule or universal safety guarantee.
C3,decision_trace.HF_full_eq_sto3g.current_m3.original_relative_time_min,0.05,relative_time,,,HF_full_eq_sto3g / current_m3,stress_test,frozen_phase_a_decision,artifacts/pf_first_study_completion_analysis_20260926_940ee7f/decision_trace.csv,78e984cf7366e0bb69a793ea342ca2850f8bdbb0d9b7803760e0c261340ddfe0,6a1e54d5e830a20b8817791f9f1f65729815fc12,none,Six development conditions; not an independent-molecule or universal safety guarantee.
C3,decision_trace.HF_full_eq_sto3g.current_m3.original_relative_time_max,1.8,relative_time,,,HF_full_eq_sto3g / current_m3,stress_test,frozen_phase_a_decision,artifacts/pf_first_study_completion_analysis_20260926_940ee7f/decision_trace.csv,78e984cf7366e0bb69a793ea342ca2850f8bdbb0d9b7803760e0c261340ddfe0,6a1e54d5e830a20b8817791f9f1f65729815fc12,none,Six development conditions; not an independent-molecule or universal safety guarantee.
C3,decision_trace.HF_full_eq_sto3g.current_m3.original_time_min,0.0148871685974198,hartree^-1,,,HF_full_eq_sto3g / current_m3,stress_test,frozen_phase_a_decision,artifacts/pf_first_study_completion_analysis_20260926_940ee7f/decision_trace.csv,78e984cf7366e0bb69a793ea342ca2850f8bdbb0d9b7803760e0c261340ddfe0,6a1e54d5e830a20b8817791f9f1f65729815fc12,none,Six development conditions; not an independent-molecule or universal safety guarantee.
C3,decision_trace.HF_full_eq_sto3g.current_m3.original_time_max,0.5359380695071129,hartree^-1,,,HF_full_eq_sto3g / current_m3,stress_test,frozen_phase_a_decision,artifacts/pf_first_study_completion_analysis_20260926_940ee7f/decision_trace.csv,78e984cf7366e0bb69a793ea342ca2850f8bdbb0d9b7803760e0c261340ddfe0,6a1e54d5e830a20b8817791f9f1f65729815fc12,none,Six development conditions; not an independent-molecule or universal safety guarantee.
C3,decision_trace.HF_full_eq_sto3g.current_m3.fallback_triggered,true,boolean,,,HF_full_eq_sto3g / current_m3,stress_test,frozen_phase_a_decision,artifacts/pf_first_study_completion_analysis_20260926_940ee7f/decision_trace.csv,78e984cf7366e0bb69a793ea342ca2850f8bdbb0d9b7803760e0c261340ddfe0,6a1e54d5e830a20b8817791f9f1f65729815fc12,none,Six development conditions; not an independent-molecule or universal safety guarantee.
C3,decision_trace.HF_full_eq_sto3g.current_m3.fallback_reasons,cancellation,category,,,HF_full_eq_sto3g / current_m3,stress_test,frozen_phase_a_decision,artifacts/pf_first_study_completion_analysis_20260926_940ee7f/decision_trace.csv,78e984cf7366e0bb69a793ea342ca2850f8bdbb0d9b7803760e0c261340ddfe0,6a1e54d5e830a20b8817791f9f1f65729815fc12,none,Six development conditions; not an independent-molecule or universal safety guarantee.
C3,decision_trace.HF_full_eq_sto3g.current_m3.allowed_relative_time_max,0.5,relative_time,,,HF_full_eq_sto3g / current_m3,stress_test,frozen_phase_a_decision,artifacts/pf_first_study_completion_analysis_20260926_940ee7f/decision_trace.csv,78e984cf7366e0bb69a793ea342ca2850f8bdbb0d9b7803760e0c261340ddfe0,6a1e54d5e830a20b8817791f9f1f65729815fc12,none,Six development conditions; not an independent-molecule or universal safety guarantee.
C3,decision_trace.HF_full_eq_sto3g.current_m3.allowed_time_cap,0.148871685974198,hartree^-1,,,HF_full_eq_sto3g / current_m3,stress_test,frozen_phase_a_decision,artifacts/pf_first_study_completion_analysis_20260926_940ee7f/decision_trace.csv,78e984cf7366e0bb69a793ea342ca2850f8bdbb0d9b7803760e0c261340ddfe0,6a1e54d5e830a20b8817791f9f1f65729815fc12,none,Six development conditions; not an independent-molecule or universal safety guarantee.
C3,decision_trace.HF_full_eq_sto3g.current_m3.formula_optimum_relative_time,0.5,relative_time,,,HF_full_eq_sto3g / current_m3,stress_test,frozen_phase_a_decision,artifacts/pf_first_study_completion_analysis_20260926_940ee7f/decision_trace.csv,78e984cf7366e0bb69a793ea342ca2850f8bdbb0d9b7803760e0c261340ddfe0,6a1e54d5e830a20b8817791f9f1f65729815fc12,none,Six development conditions; not an independent-molecule or universal safety guarantee.
C3,decision_trace.HF_full_eq_sto3g.current_m3.formula_optimum_time,0.148871685974198,hartree^-1,,,HF_full_eq_sto3g / current_m3,stress_test,frozen_phase_a_decision,artifacts/pf_first_study_completion_analysis_20260926_940ee7f/decision_trace.csv,78e984cf7366e0bb69a793ea342ca2850f8bdbb0d9b7803760e0c261340ddfe0,6a1e54d5e830a20b8817791f9f1f65729815fc12,none,Six development conditions; not an independent-molecule or universal safety guarantee.
C3,decision_trace.HF_full_eq_sto3g.current_m3.formula_optimum_predicted_error_hartree,1.0751001536769666e-06,hartree,,,HF_full_eq_sto3g / current_m3,stress_test,frozen_phase_a_decision,artifacts/pf_first_study_completion_analysis_20260926_940ee7f/decision_trace.csv,78e984cf7366e0bb69a793ea342ca2850f8bdbb0d9b7803760e0c261340ddfe0,6a1e54d5e830a20b8817791f9f1f65729815fc12,none,Six development conditions; not an independent-molecule or universal safety guarantee.
C3,decision_trace.HF_full_eq_sto3g.current_m3.formula_optimum_predicted_cost,463823391.8193374,continuous_cost_proxy,,,HF_full_eq_sto3g / current_m3,stress_test,frozen_phase_a_decision,artifacts/pf_first_study_completion_analysis_20260926_940ee7f/decision_trace.csv,78e984cf7366e0bb69a793ea342ca2850f8bdbb0d9b7803760e0c261340ddfe0,6a1e54d5e830a20b8817791f9f1f65729815fc12,none,Six development conditions; not an independent-molecule or universal safety guarantee.
C3,decision_trace.HF_full_eq_sto3g.current_m3.at_optimization_boundary,true,boolean,,,HF_full_eq_sto3g / current_m3,stress_test,frozen_phase_a_decision,artifacts/pf_first_study_completion_analysis_20260926_940ee7f/decision_trace.csv,78e984cf7366e0bb69a793ea342ca2850f8bdbb0d9b7803760e0c261340ddfe0,6a1e54d5e830a20b8817791f9f1f65729815fc12,none,Six development conditions; not an independent-molecule or universal safety guarantee.
C3,decision_trace.HF_full_eq_sto3g.current_m3.eligible,true,boolean,,,HF_full_eq_sto3g / current_m3,stress_test,frozen_phase_a_decision,artifacts/pf_first_study_completion_analysis_20260926_940ee7f/decision_trace.csv,78e984cf7366e0bb69a793ea342ca2850f8bdbb0d9b7803760e0c261340ddfe0,6a1e54d5e830a20b8817791f9f1f65729815fc12,none,Six development conditions; not an independent-molecule or universal safety guarantee.
C3,decision_trace.HF_full_eq_sto3g.current_m3.selected_formula,true,boolean,,,HF_full_eq_sto3g / current_m3,stress_test,frozen_phase_a_decision,artifacts/pf_first_study_completion_analysis_20260926_940ee7f/decision_trace.csv,78e984cf7366e0bb69a793ea342ca2850f8bdbb0d9b7803760e0c261340ddfe0,6a1e54d5e830a20b8817791f9f1f65729815fc12,none,Six development conditions; not an independent-molecule or universal safety guarantee.
C3,decision_trace.HF_full_eq_sto3g.current_m3.condition_selection_reason,minimum_predicted_cost_among_proxy_feasible_pfs,category,,,HF_full_eq_sto3g / current_m3,stress_test,frozen_phase_a_decision,artifacts/pf_first_study_completion_analysis_20260926_940ee7f/decision_trace.csv,78e984cf7366e0bb69a793ea342ca2850f8bdbb0d9b7803760e0c261340ddfe0,6a1e54d5e830a20b8817791f9f1f65729815fc12,none,Six development conditions; not an independent-molecule or universal safety guarantee.
C3,decision_trace.HF_full_eq_sto3g.yoshida4.rotations,3948,rotations,,,HF_full_eq_sto3g / yoshida4,stress_test,frozen_phase_a_decision,artifacts/pf_first_study_completion_analysis_20260926_940ee7f/decision_trace.csv,78e984cf7366e0bb69a793ea342ca2850f8bdbb0d9b7803760e0c261340ddfe0,6a1e54d5e830a20b8817791f9f1f65729815fc12,none,Six development conditions; not an independent-molecule or universal safety guarantee.
C3,decision_trace.HF_full_eq_sto3g.yoshida4.proxy_analytic_time,0.06824288858533745,hartree^-1,,,HF_full_eq_sto3g / yoshida4,stress_test,frozen_phase_a_decision,artifacts/pf_first_study_completion_analysis_20260926_940ee7f/decision_trace.csv,78e984cf7366e0bb69a793ea342ca2850f8bdbb0d9b7803760e0c261340ddfe0,6a1e54d5e830a20b8817791f9f1f65729815fc12,none,Six development conditions; not an independent-molecule or universal safety guarantee.
C3,decision_trace.HF_full_eq_sto3g.yoshida4.original_relative_time_min,0.05,relative_time,,,HF_full_eq_sto3g / yoshida4,stress_test,frozen_phase_a_decision,artifacts/pf_first_study_completion_analysis_20260926_940ee7f/decision_trace.csv,78e984cf7366e0bb69a793ea342ca2850f8bdbb0d9b7803760e0c261340ddfe0,6a1e54d5e830a20b8817791f9f1f65729815fc12,none,Six development conditions; not an independent-molecule or universal safety guarantee.
C3,decision_trace.HF_full_eq_sto3g.yoshida4.original_relative_time_max,1.8,relative_time,,,HF_full_eq_sto3g / yoshida4,stress_test,frozen_phase_a_decision,artifacts/pf_first_study_completion_analysis_20260926_940ee7f/decision_trace.csv,78e984cf7366e0bb69a793ea342ca2850f8bdbb0d9b7803760e0c261340ddfe0,6a1e54d5e830a20b8817791f9f1f65729815fc12,none,Six development conditions; not an independent-molecule or universal safety guarantee.
C3,decision_trace.HF_full_eq_sto3g.yoshida4.original_time_min,0.0034121444292668727,hartree^-1,,,HF_full_eq_sto3g / yoshida4,stress_test,frozen_phase_a_decision,artifacts/pf_first_study_completion_analysis_20260926_940ee7f/decision_trace.csv,78e984cf7366e0bb69a793ea342ca2850f8bdbb0d9b7803760e0c261340ddfe0,6a1e54d5e830a20b8817791f9f1f65729815fc12,none,Six development conditions; not an independent-molecule or universal safety guarantee.
C3,decision_trace.HF_full_eq_sto3g.yoshida4.original_time_max,0.12283719945360741,hartree^-1,,,HF_full_eq_sto3g / yoshida4,stress_test,frozen_phase_a_decision,artifacts/pf_first_study_completion_analysis_20260926_940ee7f/decision_trace.csv,78e984cf7366e0bb69a793ea342ca2850f8bdbb0d9b7803760e0c261340ddfe0,6a1e54d5e830a20b8817791f9f1f65729815fc12,none,Six development conditions; not an independent-molecule or universal safety guarantee.
C3,decision_trace.HF_full_eq_sto3g.yoshida4.fallback_triggered,true,boolean,,,HF_full_eq_sto3g / yoshida4,stress_test,frozen_phase_a_decision,artifacts/pf_first_study_completion_analysis_20260926_940ee7f/decision_trace.csv,78e984cf7366e0bb69a793ea342ca2850f8bdbb0d9b7803760e0c261340ddfe0,6a1e54d5e830a20b8817791f9f1f65729815fc12,none,Six development conditions; not an independent-molecule or universal safety guarantee.
C3,decision_trace.HF_full_eq_sto3g.yoshida4.fallback_reasons,cancellation,category,,,HF_full_eq_sto3g / yoshida4,stress_test,frozen_phase_a_decision,artifacts/pf_first_study_completion_analysis_20260926_940ee7f/decision_trace.csv,78e984cf7366e0bb69a793ea342ca2850f8bdbb0d9b7803760e0c261340ddfe0,6a1e54d5e830a20b8817791f9f1f65729815fc12,none,Six development conditions; not an independent-molecule or universal safety guarantee.
C3,decision_trace.HF_full_eq_sto3g.yoshida4.allowed_relative_time_max,0.5,relative_time,,,HF_full_eq_sto3g / yoshida4,stress_test,frozen_phase_a_decision,artifacts/pf_first_study_completion_analysis_20260926_940ee7f/decision_trace.csv,78e984cf7366e0bb69a793ea342ca2850f8bdbb0d9b7803760e0c261340ddfe0,6a1e54d5e830a20b8817791f9f1f65729815fc12,none,Six development conditions; not an independent-molecule or universal safety guarantee.
C3,decision_trace.HF_full_eq_sto3g.yoshida4.allowed_time_cap,0.03412144429266872,hartree^-1,,,HF_full_eq_sto3g / yoshida4,stress_test,frozen_phase_a_decision,artifacts/pf_first_study_completion_analysis_20260926_940ee7f/decision_trace.csv,78e984cf7366e0bb69a793ea342ca2850f8bdbb0d9b7803760e0c261340ddfe0,6a1e54d5e830a20b8817791f9f1f65729815fc12,none,Six development conditions; not an independent-molecule or universal safety guarantee.
C3,decision_trace.HF_full_eq_sto3g.yoshida4.formula_optimum_relative_time,0.5,relative_time,,,HF_full_eq_sto3g / yoshida4,stress_test,frozen_phase_a_decision,artifacts/pf_first_study_completion_analysis_20260926_940ee7f/decision_trace.csv,78e984cf7366e0bb69a793ea342ca2850f8bdbb0d9b7803760e0c261340ddfe0,6a1e54d5e830a20b8817791f9f1f65729815fc12,none,Six development conditions; not an independent-molecule or universal safety guarantee.
C3,decision_trace.HF_full_eq_sto3g.yoshida4.formula_optimum_time,0.03412144429266872,hartree^-1,,,HF_full_eq_sto3g / yoshida4,stress_test,frozen_phase_a_decision,artifacts/pf_first_study_completion_analysis_20260926_940ee7f/decision_trace.csv,78e984cf7366e0bb69a793ea342ca2850f8bdbb0d9b7803760e0c261340ddfe0,6a1e54d5e830a20b8817791f9f1f65729815fc12,none,Six development conditions; not an independent-molecule or universal safety guarantee.
C3,decision_trace.HF_full_eq_sto3g.yoshida4.formula_optimum_predicted_error_hartree,1.9632734016267056e-06,hartree,,,HF_full_eq_sto3g / yoshida4,stress_test,frozen_phase_a_decision,artifacts/pf_first_study_completion_analysis_20260926_940ee7f/decision_trace.csv,78e984cf7366e0bb69a793ea342ca2850f8bdbb0d9b7803760e0c261340ddfe0,6a1e54d5e830a20b8817791f9f1f65729815fc12,none,Six development conditions; not an independent-molecule or universal safety guarantee.
C3,decision_trace.HF_full_eq_sto3g.yoshida4.formula_optimum_predicted_cost,882135419.3915215,continuous_cost_proxy,,,HF_full_eq_sto3g / yoshida4,stress_test,frozen_phase_a_decision,artifacts/pf_first_study_completion_analysis_20260926_940ee7f/decision_trace.csv,78e984cf7366e0bb69a793ea342ca2850f8bdbb0d9b7803760e0c261340ddfe0,6a1e54d5e830a20b8817791f9f1f65729815fc12,none,Six development conditions; not an independent-molecule or universal safety guarantee.
C3,decision_trace.HF_full_eq_sto3g.yoshida4.at_optimization_boundary,true,boolean,,,HF_full_eq_sto3g / yoshida4,stress_test,frozen_phase_a_decision,artifacts/pf_first_study_completion_analysis_20260926_940ee7f/decision_trace.csv,78e984cf7366e0bb69a793ea342ca2850f8bdbb0d9b7803760e0c261340ddfe0,6a1e54d5e830a20b8817791f9f1f65729815fc12,none,Six development conditions; not an independent-molecule or universal safety guarantee.
C3,decision_trace.HF_full_eq_sto3g.yoshida4.eligible,true,boolean,,,HF_full_eq_sto3g / yoshida4,stress_test,frozen_phase_a_decision,artifacts/pf_first_study_completion_analysis_20260926_940ee7f/decision_trace.csv,78e984cf7366e0bb69a793ea342ca2850f8bdbb0d9b7803760e0c261340ddfe0,6a1e54d5e830a20b8817791f9f1f65729815fc12,none,Six development conditions; not an independent-molecule or universal safety guarantee.
C3,decision_trace.HF_full_eq_sto3g.yoshida4.selected_formula,false,boolean,,,HF_full_eq_sto3g / yoshida4,stress_test,frozen_phase_a_decision,artifacts/pf_first_study_completion_analysis_20260926_940ee7f/decision_trace.csv,78e984cf7366e0bb69a793ea342ca2850f8bdbb0d9b7803760e0c261340ddfe0,6a1e54d5e830a20b8817791f9f1f65729815fc12,none,Six development conditions; not an independent-molecule or universal safety guarantee.
C3,decision_trace.HF_full_eq_sto3g.yoshida4.condition_selection_reason,,category,,,HF_full_eq_sto3g / yoshida4,stress_test,frozen_phase_a_decision,artifacts/pf_first_study_completion_analysis_20260926_940ee7f/decision_trace.csv,78e984cf7366e0bb69a793ea342ca2850f8bdbb0d9b7803760e0c261340ddfe0,6a1e54d5e830a20b8817791f9f1f65729815fc12,none,Six development conditions; not an independent-molecule or universal safety guarantee.
C3,decision_trace.HF_full_stretch150_sto3g.current_m3.rotations,9108,rotations,,,HF_full_stretch150_sto3g / current_m3,stress_test,frozen_phase_a_decision,artifacts/pf_first_study_completion_analysis_20260926_940ee7f/decision_trace.csv,78e984cf7366e0bb69a793ea342ca2850f8bdbb0d9b7803760e0c261340ddfe0,6a1e54d5e830a20b8817791f9f1f65729815fc12,none,Six development conditions; not an independent-molecule or universal safety guarantee.
C3,decision_trace.HF_full_stretch150_sto3g.current_m3.proxy_analytic_time,0.4120092942699993,hartree^-1,,,HF_full_stretch150_sto3g / current_m3,stress_test,frozen_phase_a_decision,artifacts/pf_first_study_completion_analysis_20260926_940ee7f/decision_trace.csv,78e984cf7366e0bb69a793ea342ca2850f8bdbb0d9b7803760e0c261340ddfe0,6a1e54d5e830a20b8817791f9f1f65729815fc12,none,Six development conditions; not an independent-molecule or universal safety guarantee.
C3,decision_trace.HF_full_stretch150_sto3g.current_m3.original_relative_time_min,0.05,relative_time,,,HF_full_stretch150_sto3g / current_m3,stress_test,frozen_phase_a_decision,artifacts/pf_first_study_completion_analysis_20260926_940ee7f/decision_trace.csv,78e984cf7366e0bb69a793ea342ca2850f8bdbb0d9b7803760e0c261340ddfe0,6a1e54d5e830a20b8817791f9f1f65729815fc12,none,Six development conditions; not an independent-molecule or universal safety guarantee.
C3,decision_trace.HF_full_stretch150_sto3g.current_m3.original_relative_time_max,1.8,relative_time,,,HF_full_stretch150_sto3g / current_m3,stress_test,frozen_phase_a_decision,artifacts/pf_first_study_completion_analysis_20260926_940ee7f/decision_trace.csv,78e984cf7366e0bb69a793ea342ca2850f8bdbb0d9b7803760e0c261340ddfe0,6a1e54d5e830a20b8817791f9f1f65729815fc12,none,Six development conditions; not an independent-molecule or universal safety guarantee.
C3,decision_trace.HF_full_stretch150_sto3g.current_m3.original_time_min,0.020600464713499966,hartree^-1,,,HF_full_stretch150_sto3g / current_m3,stress_test,frozen_phase_a_decision,artifacts/pf_first_study_completion_analysis_20260926_940ee7f/decision_trace.csv,78e984cf7366e0bb69a793ea342ca2850f8bdbb0d9b7803760e0c261340ddfe0,6a1e54d5e830a20b8817791f9f1f65729815fc12,none,Six development conditions; not an independent-molecule or universal safety guarantee.
C3,decision_trace.HF_full_stretch150_sto3g.current_m3.original_time_max,0.7416167296859988,hartree^-1,,,HF_full_stretch150_sto3g / current_m3,stress_test,frozen_phase_a_decision,artifacts/pf_first_study_completion_analysis_20260926_940ee7f/decision_trace.csv,78e984cf7366e0bb69a793ea342ca2850f8bdbb0d9b7803760e0c261340ddfe0,6a1e54d5e830a20b8817791f9f1f65729815fc12,none,Six development conditions; not an independent-molecule or universal safety guarantee.
C3,decision_trace.HF_full_stretch150_sto3g.current_m3.fallback_triggered,true,boolean,,,HF_full_stretch150_sto3g / current_m3,stress_test,frozen_phase_a_decision,artifacts/pf_first_study_completion_analysis_20260926_940ee7f/decision_trace.csv,78e984cf7366e0bb69a793ea342ca2850f8bdbb0d9b7803760e0c261340ddfe0,6a1e54d5e830a20b8817791f9f1f65729815fc12,none,Six development conditions; not an independent-molecule or universal safety guarantee.
C3,decision_trace.HF_full_stretch150_sto3g.current_m3.fallback_reasons,cancellation,category,,,HF_full_stretch150_sto3g / current_m3,stress_test,frozen_phase_a_decision,artifacts/pf_first_study_completion_analysis_20260926_940ee7f/decision_trace.csv,78e984cf7366e0bb69a793ea342ca2850f8bdbb0d9b7803760e0c261340ddfe0,6a1e54d5e830a20b8817791f9f1f65729815fc12,none,Six development conditions; not an independent-molecule or universal safety guarantee.
C3,decision_trace.HF_full_stretch150_sto3g.current_m3.allowed_relative_time_max,0.5,relative_time,,,HF_full_stretch150_sto3g / current_m3,stress_test,frozen_phase_a_decision,artifacts/pf_first_study_completion_analysis_20260926_940ee7f/decision_trace.csv,78e984cf7366e0bb69a793ea342ca2850f8bdbb0d9b7803760e0c261340ddfe0,6a1e54d5e830a20b8817791f9f1f65729815fc12,none,Six development conditions; not an independent-molecule or universal safety guarantee.
C3,decision_trace.HF_full_stretch150_sto3g.current_m3.allowed_time_cap,0.20600464713499966,hartree^-1,,,HF_full_stretch150_sto3g / current_m3,stress_test,frozen_phase_a_decision,artifacts/pf_first_study_completion_analysis_20260926_940ee7f/decision_trace.csv,78e984cf7366e0bb69a793ea342ca2850f8bdbb0d9b7803760e0c261340ddfe0,6a1e54d5e830a20b8817791f9f1f65729815fc12,none,Six development conditions; not an independent-molecule or universal safety guarantee.
C3,decision_trace.HF_full_stretch150_sto3g.current_m3.formula_optimum_relative_time,0.5,relative_time,,,HF_full_stretch150_sto3g / current_m3,stress_test,frozen_phase_a_decision,artifacts/pf_first_study_completion_analysis_20260926_940ee7f/decision_trace.csv,78e984cf7366e0bb69a793ea342ca2850f8bdbb0d9b7803760e0c261340ddfe0,6a1e54d5e830a20b8817791f9f1f65729815fc12,none,Six development conditions; not an independent-molecule or universal safety guarantee.
C3,decision_trace.HF_full_stretch150_sto3g.current_m3.formula_optimum_time,0.20600464713499966,hartree^-1,,,HF_full_stretch150_sto3g / current_m3,stress_test,frozen_phase_a_decision,artifacts/pf_first_study_completion_analysis_20260926_940ee7f/decision_trace.csv,78e984cf7366e0bb69a793ea342ca2850f8bdbb0d9b7803760e0c261340ddfe0,6a1e54d5e830a20b8817791f9f1f65729815fc12,none,Six development conditions; not an independent-molecule or universal safety guarantee.
C3,decision_trace.HF_full_stretch150_sto3g.current_m3.formula_optimum_predicted_error_hartree,9.470274280034474e-07,hartree,,,HF_full_stretch150_sto3g / current_m3,stress_test,frozen_phase_a_decision,artifacts/pf_first_study_completion_analysis_20260926_940ee7f/decision_trace.csv,78e984cf7366e0bb69a793ea342ca2850f8bdbb0d9b7803760e0c261340ddfe0,6a1e54d5e830a20b8817791f9f1f65729815fc12,none,Six development conditions; not an independent-molecule or universal safety guarantee.
C3,decision_trace.HF_full_stretch150_sto3g.current_m3.formula_optimum_predicted_cost,334916449.94069874,continuous_cost_proxy,,,HF_full_stretch150_sto3g / current_m3,stress_test,frozen_phase_a_decision,artifacts/pf_first_study_completion_analysis_20260926_940ee7f/decision_trace.csv,78e984cf7366e0bb69a793ea342ca2850f8bdbb0d9b7803760e0c261340ddfe0,6a1e54d5e830a20b8817791f9f1f65729815fc12,none,Six development conditions; not an independent-molecule or universal safety guarantee.
C3,decision_trace.HF_full_stretch150_sto3g.current_m3.at_optimization_boundary,true,boolean,,,HF_full_stretch150_sto3g / current_m3,stress_test,frozen_phase_a_decision,artifacts/pf_first_study_completion_analysis_20260926_940ee7f/decision_trace.csv,78e984cf7366e0bb69a793ea342ca2850f8bdbb0d9b7803760e0c261340ddfe0,6a1e54d5e830a20b8817791f9f1f65729815fc12,none,Six development conditions; not an independent-molecule or universal safety guarantee.
C3,decision_trace.HF_full_stretch150_sto3g.current_m3.eligible,true,boolean,,,HF_full_stretch150_sto3g / current_m3,stress_test,frozen_phase_a_decision,artifacts/pf_first_study_completion_analysis_20260926_940ee7f/decision_trace.csv,78e984cf7366e0bb69a793ea342ca2850f8bdbb0d9b7803760e0c261340ddfe0,6a1e54d5e830a20b8817791f9f1f65729815fc12,none,Six development conditions; not an independent-molecule or universal safety guarantee.
C3,decision_trace.HF_full_stretch150_sto3g.current_m3.selected_formula,true,boolean,,,HF_full_stretch150_sto3g / current_m3,stress_test,frozen_phase_a_decision,artifacts/pf_first_study_completion_analysis_20260926_940ee7f/decision_trace.csv,78e984cf7366e0bb69a793ea342ca2850f8bdbb0d9b7803760e0c261340ddfe0,6a1e54d5e830a20b8817791f9f1f65729815fc12,none,Six development conditions; not an independent-molecule or universal safety guarantee.
C3,decision_trace.HF_full_stretch150_sto3g.current_m3.condition_selection_reason,minimum_predicted_cost_among_proxy_feasible_pfs,category,,,HF_full_stretch150_sto3g / current_m3,stress_test,frozen_phase_a_decision,artifacts/pf_first_study_completion_analysis_20260926_940ee7f/decision_trace.csv,78e984cf7366e0bb69a793ea342ca2850f8bdbb0d9b7803760e0c261340ddfe0,6a1e54d5e830a20b8817791f9f1f65729815fc12,none,Six development conditions; not an independent-molecule or universal safety guarantee.
C3,decision_trace.HF_full_stretch150_sto3g.yoshida4.rotations,3948,rotations,,,HF_full_stretch150_sto3g / yoshida4,stress_test,frozen_phase_a_decision,artifacts/pf_first_study_completion_analysis_20260926_940ee7f/decision_trace.csv,78e984cf7366e0bb69a793ea342ca2850f8bdbb0d9b7803760e0c261340ddfe0,6a1e54d5e830a20b8817791f9f1f65729815fc12,none,Six development conditions; not an independent-molecule or universal safety guarantee.
C3,decision_trace.HF_full_stretch150_sto3g.yoshida4.proxy_analytic_time,0.09444522181707096,hartree^-1,,,HF_full_stretch150_sto3g / yoshida4,stress_test,frozen_phase_a_decision,artifacts/pf_first_study_completion_analysis_20260926_940ee7f/decision_trace.csv,78e984cf7366e0bb69a793ea342ca2850f8bdbb0d9b7803760e0c261340ddfe0,6a1e54d5e830a20b8817791f9f1f65729815fc12,none,Six development conditions; not an independent-molecule or universal safety guarantee.
C3,decision_trace.HF_full_stretch150_sto3g.yoshida4.original_relative_time_min,0.05,relative_time,,,HF_full_stretch150_sto3g / yoshida4,stress_test,frozen_phase_a_decision,artifacts/pf_first_study_completion_analysis_20260926_940ee7f/decision_trace.csv,78e984cf7366e0bb69a793ea342ca2850f8bdbb0d9b7803760e0c261340ddfe0,6a1e54d5e830a20b8817791f9f1f65729815fc12,none,Six development conditions; not an independent-molecule or universal safety guarantee.
C3,decision_trace.HF_full_stretch150_sto3g.yoshida4.original_relative_time_max,1.8,relative_time,,,HF_full_stretch150_sto3g / yoshida4,stress_test,frozen_phase_a_decision,artifacts/pf_first_study_completion_analysis_20260926_940ee7f/decision_trace.csv,78e984cf7366e0bb69a793ea342ca2850f8bdbb0d9b7803760e0c261340ddfe0,6a1e54d5e830a20b8817791f9f1f65729815fc12,none,Six development conditions; not an independent-molecule or universal safety guarantee.
C3,decision_trace.HF_full_stretch150_sto3g.yoshida4.original_time_min,0.004722261090853549,hartree^-1,,,HF_full_stretch150_sto3g / yoshida4,stress_test,frozen_phase_a_decision,artifacts/pf_first_study_completion_analysis_20260926_940ee7f/decision_trace.csv,78e984cf7366e0bb69a793ea342ca2850f8bdbb0d9b7803760e0c261340ddfe0,6a1e54d5e830a20b8817791f9f1f65729815fc12,none,Six development conditions; not an independent-molecule or universal safety guarantee.
C3,decision_trace.HF_full_stretch150_sto3g.yoshida4.original_time_max,0.17000139927072774,hartree^-1,,,HF_full_stretch150_sto3g / yoshida4,stress_test,frozen_phase_a_decision,artifacts/pf_first_study_completion_analysis_20260926_940ee7f/decision_trace.csv,78e984cf7366e0bb69a793ea342ca2850f8bdbb0d9b7803760e0c261340ddfe0,6a1e54d5e830a20b8817791f9f1f65729815fc12,none,Six development conditions; not an independent-molecule or universal safety guarantee.
C3,decision_trace.HF_full_stretch150_sto3g.yoshida4.fallback_triggered,true,boolean,,,HF_full_stretch150_sto3g / yoshida4,stress_test,frozen_phase_a_decision,artifacts/pf_first_study_completion_analysis_20260926_940ee7f/decision_trace.csv,78e984cf7366e0bb69a793ea342ca2850f8bdbb0d9b7803760e0c261340ddfe0,6a1e54d5e830a20b8817791f9f1f65729815fc12,none,Six development conditions; not an independent-molecule or universal safety guarantee.
C3,decision_trace.HF_full_stretch150_sto3g.yoshida4.fallback_reasons,cancellation,category,,,HF_full_stretch150_sto3g / yoshida4,stress_test,frozen_phase_a_decision,artifacts/pf_first_study_completion_analysis_20260926_940ee7f/decision_trace.csv,78e984cf7366e0bb69a793ea342ca2850f8bdbb0d9b7803760e0c261340ddfe0,6a1e54d5e830a20b8817791f9f1f65729815fc12,none,Six development conditions; not an independent-molecule or universal safety guarantee.
C3,decision_trace.HF_full_stretch150_sto3g.yoshida4.allowed_relative_time_max,0.5,relative_time,,,HF_full_stretch150_sto3g / yoshida4,stress_test,frozen_phase_a_decision,artifacts/pf_first_study_completion_analysis_20260926_940ee7f/decision_trace.csv,78e984cf7366e0bb69a793ea342ca2850f8bdbb0d9b7803760e0c261340ddfe0,6a1e54d5e830a20b8817791f9f1f65729815fc12,none,Six development conditions; not an independent-molecule or universal safety guarantee.
C3,decision_trace.HF_full_stretch150_sto3g.yoshida4.allowed_time_cap,0.04722261090853548,hartree^-1,,,HF_full_stretch150_sto3g / yoshida4,stress_test,frozen_phase_a_decision,artifacts/pf_first_study_completion_analysis_20260926_940ee7f/decision_trace.csv,78e984cf7366e0bb69a793ea342ca2850f8bdbb0d9b7803760e0c261340ddfe0,6a1e54d5e830a20b8817791f9f1f65729815fc12,none,Six development conditions; not an independent-molecule or universal safety guarantee.
C3,decision_trace.HF_full_stretch150_sto3g.yoshida4.formula_optimum_relative_time,0.5,relative_time,,,HF_full_stretch150_sto3g / yoshida4,stress_test,frozen_phase_a_decision,artifacts/pf_first_study_completion_analysis_20260926_940ee7f/decision_trace.csv,78e984cf7366e0bb69a793ea342ca2850f8bdbb0d9b7803760e0c261340ddfe0,6a1e54d5e830a20b8817791f9f1f65729815fc12,none,Six development conditions; not an independent-molecule or universal safety guarantee.
C3,decision_trace.HF_full_stretch150_sto3g.yoshida4.formula_optimum_time,0.04722261090853548,hartree^-1,,,HF_full_stretch150_sto3g / yoshida4,stress_test,frozen_phase_a_decision,artifacts/pf_first_study_completion_analysis_20260926_940ee7f/decision_trace.csv,78e984cf7366e0bb69a793ea342ca2850f8bdbb0d9b7803760e0c261340ddfe0,6a1e54d5e830a20b8817791f9f1f65729815fc12,none,Six development conditions; not an independent-molecule or universal safety guarantee.
C3,decision_trace.HF_full_stretch150_sto3g.yoshida4.formula_optimum_predicted_error_hartree,1.8931551394997163e-06,hartree,,,HF_full_stretch150_sto3g / yoshida4,stress_test,frozen_phase_a_decision,artifacts/pf_first_study_completion_analysis_20260926_940ee7f/decision_trace.csv,78e984cf7366e0bb69a793ea342ca2850f8bdbb0d9b7803760e0c261340ddfe0,6a1e54d5e830a20b8817791f9f1f65729815fc12,none,Six development conditions; not an independent-molecule or universal safety guarantee.
C3,decision_trace.HF_full_stretch150_sto3g.yoshida4.formula_optimum_predicted_cost,637117069.7913278,continuous_cost_proxy,,,HF_full_stretch150_sto3g / yoshida4,stress_test,frozen_phase_a_decision,artifacts/pf_first_study_completion_analysis_20260926_940ee7f/decision_trace.csv,78e984cf7366e0bb69a793ea342ca2850f8bdbb0d9b7803760e0c261340ddfe0,6a1e54d5e830a20b8817791f9f1f65729815fc12,none,Six development conditions; not an independent-molecule or universal safety guarantee.
C3,decision_trace.HF_full_stretch150_sto3g.yoshida4.at_optimization_boundary,true,boolean,,,HF_full_stretch150_sto3g / yoshida4,stress_test,frozen_phase_a_decision,artifacts/pf_first_study_completion_analysis_20260926_940ee7f/decision_trace.csv,78e984cf7366e0bb69a793ea342ca2850f8bdbb0d9b7803760e0c261340ddfe0,6a1e54d5e830a20b8817791f9f1f65729815fc12,none,Six development conditions; not an independent-molecule or universal safety guarantee.
C3,decision_trace.HF_full_stretch150_sto3g.yoshida4.eligible,true,boolean,,,HF_full_stretch150_sto3g / yoshida4,stress_test,frozen_phase_a_decision,artifacts/pf_first_study_completion_analysis_20260926_940ee7f/decision_trace.csv,78e984cf7366e0bb69a793ea342ca2850f8bdbb0d9b7803760e0c261340ddfe0,6a1e54d5e830a20b8817791f9f1f65729815fc12,none,Six development conditions; not an independent-molecule or universal safety guarantee.
C3,decision_trace.HF_full_stretch150_sto3g.yoshida4.selected_formula,false,boolean,,,HF_full_stretch150_sto3g / yoshida4,stress_test,frozen_phase_a_decision,artifacts/pf_first_study_completion_analysis_20260926_940ee7f/decision_trace.csv,78e984cf7366e0bb69a793ea342ca2850f8bdbb0d9b7803760e0c261340ddfe0,6a1e54d5e830a20b8817791f9f1f65729815fc12,none,Six development conditions; not an independent-molecule or universal safety guarantee.
C3,decision_trace.HF_full_stretch150_sto3g.yoshida4.condition_selection_reason,,category,,,HF_full_stretch150_sto3g / yoshida4,stress_test,frozen_phase_a_decision,artifacts/pf_first_study_completion_analysis_20260926_940ee7f/decision_trace.csv,78e984cf7366e0bb69a793ea342ca2850f8bdbb0d9b7803760e0c261340ddfe0,6a1e54d5e830a20b8817791f9f1f65729815fc12,none,Six development conditions; not an independent-molecule or universal safety guarantee.
C4,resource.N2_active_eq_sto3g.selected_time,0.5983202971910435,hartree^-1,,,N2_active_eq_sto3g,primary,exact_saved_grid_only,artifacts/pf_first_study_completion_analysis_20260926_940ee7f/cost_factor_decomposition.csv,439f5c987213f25c87419a3fdbef185f965be0b3f05906ba67b376c30cfa164a,6a1e54d5e830a20b8817791f9f1f65729815fc12,none,Continuous cost proxy with C_star defined on the original two-PF saved truth grid.
C4,resource.N2_active_eq_sto3g.c_star_reference_grid,273562446.926076,continuous_cost_proxy,,,N2_active_eq_sto3g,primary,exact_saved_grid_only,artifacts/pf_first_study_completion_analysis_20260926_940ee7f/cost_factor_decomposition.csv,439f5c987213f25c87419a3fdbef185f965be0b3f05906ba67b376c30cfa164a,6a1e54d5e830a20b8817791f9f1f65729815fc12,none,Continuous cost proxy with C_star defined on the original two-PF saved truth grid.
C4,resource.N2_active_eq_sto3g.c_selected_formula_star_reference_grid,273562446.926076,continuous_cost_proxy,,,N2_active_eq_sto3g,primary,exact_saved_grid_only,artifacts/pf_first_study_completion_analysis_20260926_940ee7f/cost_factor_decomposition.csv,439f5c987213f25c87419a3fdbef185f965be0b3f05906ba67b376c30cfa164a,6a1e54d5e830a20b8817791f9f1f65729815fc12,none,Continuous cost proxy with C_star defined on the original two-PF saved truth grid.
C4,resource.N2_active_eq_sto3g.c_required_selected_time,279399598.0082803,continuous_cost_proxy,,,N2_active_eq_sto3g,primary,exact_saved_grid_only,artifacts/pf_first_study_completion_analysis_20260926_940ee7f/cost_factor_decomposition.csv,439f5c987213f25c87419a3fdbef185f965be0b3f05906ba67b376c30cfa164a,6a1e54d5e830a20b8817791f9f1f65729815fc12,none,Continuous cost proxy with C_star defined on the original two-PF saved truth grid.
C4,resource.N2_active_eq_sto3g.c_hat,298110124.44559836,continuous_cost_proxy,,,N2_active_eq_sto3g,primary,exact_saved_grid_only,artifacts/pf_first_study_completion_analysis_20260926_940ee7f/cost_factor_decomposition.csv,439f5c987213f25c87419a3fdbef185f965be0b3f05906ba67b376c30cfa164a,6a1e54d5e830a20b8817791f9f1f65729815fc12,none,Continuous cost proxy with C_star defined on the original two-PF saved truth grid.
C4,resource.N2_active_eq_sto3g.b_frozen,301091225.69005436,continuous_cost_proxy,,,N2_active_eq_sto3g,primary,exact_saved_grid_only,artifacts/pf_first_study_completion_analysis_20260926_940ee7f/cost_factor_decomposition.csv,439f5c987213f25c87419a3fdbef185f965be0b3f05906ba67b376c30cfa164a,6a1e54d5e830a20b8817791f9f1f65729815fc12,none,Continuous cost proxy with C_star defined on the original two-PF saved truth grid.
C4,resource.N2_active_eq_sto3g.factor_model,1.0669669053595545,factor,,,N2_active_eq_sto3g,primary,exact_saved_grid_only,artifacts/pf_first_study_completion_analysis_20260926_940ee7f/cost_factor_decomposition.csv,439f5c987213f25c87419a3fdbef185f965be0b3f05906ba67b376c30cfa164a,6a1e54d5e830a20b8817791f9f1f65729815fc12,none,Continuous cost proxy with C_star defined on the original two-PF saved truth grid.
C4,resource.N2_active_eq_sto3g.factor_margin,1.01,factor,,,N2_active_eq_sto3g,primary,exact_saved_grid_only,artifacts/pf_first_study_completion_analysis_20260926_940ee7f/cost_factor_decomposition.csv,439f5c987213f25c87419a3fdbef185f965be0b3f05906ba67b376c30cfa164a,6a1e54d5e830a20b8817791f9f1f65729815fc12,none,Continuous cost proxy with C_star defined on the original two-PF saved truth grid.
C4,resource.N2_active_eq_sto3g.factor_calibration,1.0776365744131502,factor,,,N2_active_eq_sto3g,primary,exact_saved_grid_only,artifacts/pf_first_study_completion_analysis_20260926_940ee7f/cost_factor_decomposition.csv,439f5c987213f25c87419a3fdbef185f965be0b3f05906ba67b376c30cfa164a,6a1e54d5e830a20b8817791f9f1f65729815fc12,none,Continuous cost proxy with C_star defined on the original two-PF saved truth grid.
C4,resource.N2_active_eq_sto3g.factor_total,1.100630693552092,factor,,,N2_active_eq_sto3g,primary,exact_saved_grid_only,artifacts/pf_first_study_completion_analysis_20260926_940ee7f/cost_factor_decomposition.csv,439f5c987213f25c87419a3fdbef185f965be0b3f05906ba67b376c30cfa164a,6a1e54d5e830a20b8817791f9f1f65729815fc12,none,Continuous cost proxy with C_star defined on the original two-PF saved truth grid.
C4,resource.N2_active_eq_sto3g.energy_margin_gamma_1_01_hartree,9.91685118471698e-06,hartree,,,N2_active_eq_sto3g,primary,exact_saved_grid_only,artifacts/pf_first_study_completion_analysis_20260926_940ee7f/cost_factor_decomposition.csv,439f5c987213f25c87419a3fdbef185f965be0b3f05906ba67b376c30cfa164a,6a1e54d5e830a20b8817791f9f1f65729815fc12,none,Continuous cost proxy with C_star defined on the original two-PF saved truth grid.
C5,resource.N2_active_eq_sto3g.factor_pf_selection,1.0,factor,,,N2_active_eq_sto3g,primary,exact_saved_grid_only,artifacts/pf_first_study_completion_analysis_20260926_940ee7f/cost_factor_decomposition.csv,439f5c987213f25c87419a3fdbef185f965be0b3f05906ba67b376c30cfa164a,6a1e54d5e830a20b8817791f9f1f65729815fc12,none,Only current_m3 and yoshida4 on the original saved truth grid.
C6,domain.N2_active_eq_sto3g.factor_within_lower,1.0213375452215545,factor,,,N2_active_eq_sto3g,primary,exact_saved_grid_only,artifacts/pf_first_study_completion_analysis_20260926_940ee7f/cost_factor_decomposition.csv,439f5c987213f25c87419a3fdbef185f965be0b3f05906ba67b376c30cfa164a,6a1e54d5e830a20b8817791f9f1f65729815fc12,none,N2/CO are exact only on the saved grid; HF entries are analytic bounds at the frozen cap.
C6,domain.N2_active_eq_sto3g.factor_within_upper,1.0213375452215545,factor,,,N2_active_eq_sto3g,primary,exact_saved_grid_only,artifacts/pf_first_study_completion_analysis_20260926_940ee7f/cost_factor_decomposition.csv,439f5c987213f25c87419a3fdbef185f965be0b3f05906ba67b376c30cfa164a,6a1e54d5e830a20b8817791f9f1f65729815fc12,none,N2/CO are exact only on the saved grid; HF entries are analytic bounds at the frozen cap.
C6,domain.N2_active_eq_sto3g.factor_domain_lower,1.0,factor,,,N2_active_eq_sto3g,primary,exact_saved_grid_only,artifacts/pf_first_study_completion_analysis_20260926_940ee7f/cost_factor_decomposition.csv,439f5c987213f25c87419a3fdbef185f965be0b3f05906ba67b376c30cfa164a,6a1e54d5e830a20b8817791f9f1f65729815fc12,none,N2/CO are exact only on the saved grid; HF entries are analytic bounds at the frozen cap.
C6,domain.N2_active_eq_sto3g.factor_domain_upper,1.0,factor,,,N2_active_eq_sto3g,primary,exact_saved_grid_only,artifacts/pf_first_study_completion_analysis_20260926_940ee7f/cost_factor_decomposition.csv,439f5c987213f25c87419a3fdbef185f965be0b3f05906ba67b376c30cfa164a,6a1e54d5e830a20b8817791f9f1f65729815fc12,none,N2/CO are exact only on the saved grid; HF entries are analytic bounds at the frozen cap.
C4,resource.N2_active_stretch150_sto3g.selected_time,0.8303584711475099,hartree^-1,,,N2_active_stretch150_sto3g,primary,exact_saved_grid_only,artifacts/pf_first_study_completion_analysis_20260926_940ee7f/cost_factor_decomposition.csv,439f5c987213f25c87419a3fdbef185f965be0b3f05906ba67b376c30cfa164a,6a1e54d5e830a20b8817791f9f1f65729815fc12,none,Continuous cost proxy with C_star defined on the original two-PF saved truth grid.
C4,resource.N2_active_stretch150_sto3g.c_star_reference_grid,147957576.27790663,continuous_cost_proxy,,,N2_active_stretch150_sto3g,primary,exact_saved_grid_only,artifacts/pf_first_study_completion_analysis_20260926_940ee7f/cost_factor_decomposition.csv,439f5c987213f25c87419a3fdbef185f965be0b3f05906ba67b376c30cfa164a,6a1e54d5e830a20b8817791f9f1f65729815fc12,none,Continuous cost proxy with C_star defined on the original two-PF saved truth grid.
C4,resource.N2_active_stretch150_sto3g.c_selected_formula_star_reference_grid,147957576.27790663,continuous_cost_proxy,,,N2_active_stretch150_sto3g,primary,exact_saved_grid_only,artifacts/pf_first_study_completion_analysis_20260926_940ee7f/cost_factor_decomposition.csv,439f5c987213f25c87419a3fdbef185f965be0b3f05906ba67b376c30cfa164a,6a1e54d5e830a20b8817791f9f1f65729815fc12,none,Continuous cost proxy with C_star defined on the original two-PF saved truth grid.
C4,resource.N2_active_stretch150_sto3g.c_required_selected_time,181632703.25691193,continuous_cost_proxy,,,N2_active_stretch150_sto3g,primary,exact_saved_grid_only,artifacts/pf_first_study_completion_analysis_20260926_940ee7f/cost_factor_decomposition.csv,439f5c987213f25c87419a3fdbef185f965be0b3f05906ba67b376c30cfa164a,6a1e54d5e830a20b8817791f9f1f65729815fc12,none,Continuous cost proxy with C_star defined on the original two-PF saved truth grid.
C4,resource.N2_active_stretch150_sto3g.c_hat,208603332.59679866,continuous_cost_proxy,,,N2_active_stretch150_sto3g,primary,exact_saved_grid_only,artifacts/pf_first_study_completion_analysis_20260926_940ee7f/cost_factor_decomposition.csv,439f5c987213f25c87419a3fdbef185f965be0b3f05906ba67b376c30cfa164a,6a1e54d5e830a20b8817791f9f1f65729815fc12,none,Continuous cost proxy with C_star defined on the original two-PF saved truth grid.
C4,resource.N2_active_stretch150_sto3g.b_frozen,210689365.92276666,continuous_cost_proxy,,,N2_active_stretch150_sto3g,primary,exact_saved_grid_only,artifacts/pf_first_study_completion_analysis_20260926_940ee7f/cost_factor_decomposition.csv,439f5c987213f25c87419a3fdbef185f965be0b3f05906ba67b376c30cfa164a,6a1e54d5e830a20b8817791f9f1f65729815fc12,none,Continuous cost proxy with C_star defined on the original two-PF saved truth grid.
C4,resource.N2_active_stretch150_sto3g.factor_model,1.1484899407225024,factor,,,N2_active_stretch150_sto3g,primary,exact_saved_grid_only,artifacts/pf_first_study_completion_analysis_20260926_940ee7f/cost_factor_decomposition.csv,439f5c987213f25c87419a3fdbef185f965be0b3f05906ba67b376c30cfa164a,6a1e54d5e830a20b8817791f9f1f65729815fc12,none,Continuous cost proxy with C_star defined on the original two-PF saved truth grid.
C4,resource.N2_active_stretch150_sto3g.factor_margin,1.01,factor,,,N2_active_stretch150_sto3g,primary,exact_saved_grid_only,artifacts/pf_first_study_completion_analysis_20260926_940ee7f/cost_factor_decomposition.csv,439f5c987213f25c87419a3fdbef185f965be0b3f05906ba67b376c30cfa164a,6a1e54d5e830a20b8817791f9f1f65729815fc12,none,Continuous cost proxy with C_star defined on the original two-PF saved truth grid.
C4,resource.N2_active_stretch150_sto3g.factor_calibration,1.1599748401297274,factor,,,N2_active_stretch150_sto3g,primary,exact_saved_grid_only,artifacts/pf_first_study_completion_analysis_20260926_940ee7f/cost_factor_decomposition.csv,439f5c987213f25c87419a3fdbef185f965be0b3f05906ba67b376c30cfa164a,6a1e54d5e830a20b8817791f9f1f65729815fc12,none,Continuous cost proxy with C_star defined on the original two-PF saved truth grid.
C4,resource.N2_active_stretch150_sto3g.factor_total,1.4239849774710542,factor,,,N2_active_stretch150_sto3g,primary,exact_saved_grid_only,artifacts/pf_first_study_completion_analysis_20260926_940ee7f/cost_factor_decomposition.csv,439f5c987213f25c87419a3fdbef185f965be0b3f05906ba67b376c30cfa164a,6a1e54d5e830a20b8817791f9f1f65729815fc12,none,Continuous cost proxy with C_star defined on the original two-PF saved truth grid.
C4,resource.N2_active_stretch150_sto3g.energy_margin_gamma_1_01_hartree,2.0795996797056158e-05,hartree,,,N2_active_stretch150_sto3g,primary,exact_saved_grid_only,artifacts/pf_first_study_completion_analysis_20260926_940ee7f/cost_factor_decomposition.csv,439f5c987213f25c87419a3fdbef185f965be0b3f05906ba67b376c30cfa164a,6a1e54d5e830a20b8817791f9f1f65729815fc12,none,Continuous cost proxy with C_star defined on the original two-PF saved truth grid.
C5,resource.N2_active_stretch150_sto3g.factor_pf_selection,1.0,factor,,,N2_active_stretch150_sto3g,primary,exact_saved_grid_only,artifacts/pf_first_study_completion_analysis_20260926_940ee7f/cost_factor_decomposition.csv,439f5c987213f25c87419a3fdbef185f965be0b3f05906ba67b376c30cfa164a,6a1e54d5e830a20b8817791f9f1f65729815fc12,none,Only current_m3 and yoshida4 on the original saved truth grid.
C6,domain.N2_active_stretch150_sto3g.factor_within_lower,1.227599882521418,factor,,,N2_active_stretch150_sto3g,primary,exact_saved_grid_only,artifacts/pf_first_study_completion_analysis_20260926_940ee7f/cost_factor_decomposition.csv,439f5c987213f25c87419a3fdbef185f965be0b3f05906ba67b376c30cfa164a,6a1e54d5e830a20b8817791f9f1f65729815fc12,none,N2/CO are exact only on the saved grid; HF entries are analytic bounds at the frozen cap.
C6,domain.N2_active_stretch150_sto3g.factor_within_upper,1.227599882521418,factor,,,N2_active_stretch150_sto3g,primary,exact_saved_grid_only,artifacts/pf_first_study_completion_analysis_20260926_940ee7f/cost_factor_decomposition.csv,439f5c987213f25c87419a3fdbef185f965be0b3f05906ba67b376c30cfa164a,6a1e54d5e830a20b8817791f9f1f65729815fc12,none,N2/CO are exact only on the saved grid; HF entries are analytic bounds at the frozen cap.
C6,domain.N2_active_stretch150_sto3g.factor_domain_lower,1.0,factor,,,N2_active_stretch150_sto3g,primary,exact_saved_grid_only,artifacts/pf_first_study_completion_analysis_20260926_940ee7f/cost_factor_decomposition.csv,439f5c987213f25c87419a3fdbef185f965be0b3f05906ba67b376c30cfa164a,6a1e54d5e830a20b8817791f9f1f65729815fc12,none,N2/CO are exact only on the saved grid; HF entries are analytic bounds at the frozen cap.
C6,domain.N2_active_stretch150_sto3g.factor_domain_upper,1.0,factor,,,N2_active_stretch150_sto3g,primary,exact_saved_grid_only,artifacts/pf_first_study_completion_analysis_20260926_940ee7f/cost_factor_decomposition.csv,439f5c987213f25c87419a3fdbef185f965be0b3f05906ba67b376c30cfa164a,6a1e54d5e830a20b8817791f9f1f65729815fc12,none,N2/CO are exact only on the saved grid; HF entries are analytic bounds at the frozen cap.
C4,resource.CO_active_eq_sto3g.selected_time,0.6127481451622522,hartree^-1,,,CO_active_eq_sto3g,primary,exact_saved_grid_only,artifacts/pf_first_study_completion_analysis_20260926_940ee7f/cost_factor_decomposition.csv,439f5c987213f25c87419a3fdbef185f965be0b3f05906ba67b376c30cfa164a,6a1e54d5e830a20b8817791f9f1f65729815fc12,none,Continuous cost proxy with C_star defined on the original two-PF saved truth grid.
C4,resource.CO_active_eq_sto3g.c_star_reference_grid,516598986.2848441,continuous_cost_proxy,,,CO_active_eq_sto3g,primary,exact_saved_grid_only,artifacts/pf_first_study_completion_analysis_20260926_940ee7f/cost_factor_decomposition.csv,439f5c987213f25c87419a3fdbef185f965be0b3f05906ba67b376c30cfa164a,6a1e54d5e830a20b8817791f9f1f65729815fc12,none,Continuous cost proxy with C_star defined on the original two-PF saved truth grid.
C4,resource.CO_active_eq_sto3g.c_selected_formula_star_reference_grid,516598986.2848441,continuous_cost_proxy,,,CO_active_eq_sto3g,primary,exact_saved_grid_only,artifacts/pf_first_study_completion_analysis_20260926_940ee7f/cost_factor_decomposition.csv,439f5c987213f25c87419a3fdbef185f965be0b3f05906ba67b376c30cfa164a,6a1e54d5e830a20b8817791f9f1f65729815fc12,none,Continuous cost proxy with C_star defined on the original two-PF saved truth grid.
C4,resource.CO_active_eq_sto3g.c_required_selected_time,533049026.4240849,continuous_cost_proxy,,,CO_active_eq_sto3g,primary,exact_saved_grid_only,artifacts/pf_first_study_completion_analysis_20260926_940ee7f/cost_factor_decomposition.csv,439f5c987213f25c87419a3fdbef185f965be0b3f05906ba67b376c30cfa164a,6a1e54d5e830a20b8817791f9f1f65729815fc12,none,Continuous cost proxy with C_star defined on the original two-PF saved truth grid.
C4,resource.CO_active_eq_sto3g.c_hat,573237653.784658,continuous_cost_proxy,,,CO_active_eq_sto3g,primary,exact_saved_grid_only,artifacts/pf_first_study_completion_analysis_20260926_940ee7f/cost_factor_decomposition.csv,439f5c987213f25c87419a3fdbef185f965be0b3f05906ba67b376c30cfa164a,6a1e54d5e830a20b8817791f9f1f65729815fc12,none,Continuous cost proxy with C_star defined on the original two-PF saved truth grid.
C4,resource.CO_active_eq_sto3g.b_frozen,578970030.3225045,continuous_cost_proxy,,,CO_active_eq_sto3g,primary,exact_saved_grid_only,artifacts/pf_first_study_completion_analysis_20260926_940ee7f/cost_factor_decomposition.csv,439f5c987213f25c87419a3fdbef185f965be0b3f05906ba67b376c30cfa164a,6a1e54d5e830a20b8817791f9f1f65729815fc12,none,Continuous cost proxy with C_star defined on the original two-PF saved truth grid.
C4,resource.CO_active_eq_sto3g.factor_model,1.0753938669209755,factor,,,CO_active_eq_sto3g,primary,exact_saved_grid_only,artifacts/pf_first_study_completion_analysis_20260926_940ee7f/cost_factor_decomposition.csv,439f5c987213f25c87419a3fdbef185f965be0b3f05906ba67b376c30cfa164a,6a1e54d5e830a20b8817791f9f1f65729815fc12,none,Continuous cost proxy with C_star defined on the original two-PF saved truth grid.
C4,resource.CO_active_eq_sto3g.factor_margin,1.01,factor,,,CO_active_eq_sto3g,primary,exact_saved_grid_only,artifacts/pf_first_study_completion_analysis_20260926_940ee7f/cost_factor_decomposition.csv,439f5c987213f25c87419a3fdbef185f965be0b3f05906ba67b376c30cfa164a,6a1e54d5e830a20b8817791f9f1f65729815fc12,none,Continuous cost proxy with C_star defined on the original two-PF saved truth grid.
C4,resource.CO_active_eq_sto3g.factor_calibration,1.0861478055901852,factor,,,CO_active_eq_sto3g,primary,exact_saved_grid_only,artifacts/pf_first_study_completion_analysis_20260926_940ee7f/cost_factor_decomposition.csv,439f5c987213f25c87419a3fdbef185f965be0b3f05906ba67b376c30cfa164a,6a1e54d5e830a20b8817791f9f1f65729815fc12,none,Continuous cost proxy with C_star defined on the original two-PF saved truth grid.
C4,resource.CO_active_eq_sto3g.factor_total,1.1207339652100479,factor,,,CO_active_eq_sto3g,primary,exact_saved_grid_only,artifacts/pf_first_study_completion_analysis_20260926_940ee7f/cost_factor_decomposition.csv,439f5c987213f25c87419a3fdbef185f965be0b3f05906ba67b376c30cfa164a,6a1e54d5e830a20b8817791f9f1f65729815fc12,none,Continuous cost proxy with C_star defined on the original two-PF saved truth grid.
C4,resource.CO_active_eq_sto3g.energy_margin_gamma_1_01_hartree,1.1054495140832123e-05,hartree,,,CO_active_eq_sto3g,primary,exact_saved_grid_only,artifacts/pf_first_study_completion_analysis_20260926_940ee7f/cost_factor_decomposition.csv,439f5c987213f25c87419a3fdbef185f965be0b3f05906ba67b376c30cfa164a,6a1e54d5e830a20b8817791f9f1f65729815fc12,none,Continuous cost proxy with C_star defined on the original two-PF saved truth grid.
C5,resource.CO_active_eq_sto3g.factor_pf_selection,1.0,factor,,,CO_active_eq_sto3g,primary,exact_saved_grid_only,artifacts/pf_first_study_completion_analysis_20260926_940ee7f/cost_factor_decomposition.csv,439f5c987213f25c87419a3fdbef185f965be0b3f05906ba67b376c30cfa164a,6a1e54d5e830a20b8817791f9f1f65729815fc12,none,Only current_m3 and yoshida4 on the original saved truth grid.
C6,domain.CO_active_eq_sto3g.factor_within_lower,1.0318429586119446,factor,,,CO_active_eq_sto3g,primary,exact_saved_grid_only,artifacts/pf_first_study_completion_analysis_20260926_940ee7f/cost_factor_decomposition.csv,439f5c987213f25c87419a3fdbef185f965be0b3f05906ba67b376c30cfa164a,6a1e54d5e830a20b8817791f9f1f65729815fc12,none,N2/CO are exact only on the saved grid; HF entries are analytic bounds at the frozen cap.
C6,domain.CO_active_eq_sto3g.factor_within_upper,1.0318429586119446,factor,,,CO_active_eq_sto3g,primary,exact_saved_grid_only,artifacts/pf_first_study_completion_analysis_20260926_940ee7f/cost_factor_decomposition.csv,439f5c987213f25c87419a3fdbef185f965be0b3f05906ba67b376c30cfa164a,6a1e54d5e830a20b8817791f9f1f65729815fc12,none,N2/CO are exact only on the saved grid; HF entries are analytic bounds at the frozen cap.
C6,domain.CO_active_eq_sto3g.factor_domain_lower,1.0,factor,,,CO_active_eq_sto3g,primary,exact_saved_grid_only,artifacts/pf_first_study_completion_analysis_20260926_940ee7f/cost_factor_decomposition.csv,439f5c987213f25c87419a3fdbef185f965be0b3f05906ba67b376c30cfa164a,6a1e54d5e830a20b8817791f9f1f65729815fc12,none,N2/CO are exact only on the saved grid; HF entries are analytic bounds at the frozen cap.
C6,domain.CO_active_eq_sto3g.factor_domain_upper,1.0,factor,,,CO_active_eq_sto3g,primary,exact_saved_grid_only,artifacts/pf_first_study_completion_analysis_20260926_940ee7f/cost_factor_decomposition.csv,439f5c987213f25c87419a3fdbef185f965be0b3f05906ba67b376c30cfa164a,6a1e54d5e830a20b8817791f9f1f65729815fc12,none,N2/CO are exact only on the saved grid; HF entries are analytic bounds at the frozen cap.
C4,resource.CO_active_stretch150_sto3g.selected_time,0.8652659966787087,hartree^-1,,,CO_active_stretch150_sto3g,primary,exact_saved_grid_only,artifacts/pf_first_study_completion_analysis_20260926_940ee7f/cost_factor_decomposition.csv,439f5c987213f25c87419a3fdbef185f965be0b3f05906ba67b376c30cfa164a,6a1e54d5e830a20b8817791f9f1f65729815fc12,none,Continuous cost proxy with C_star defined on the original two-PF saved truth grid.
C4,resource.CO_active_stretch150_sto3g.c_star_reference_grid,338482010.43392205,continuous_cost_proxy,,,CO_active_stretch150_sto3g,primary,exact_saved_grid_only,artifacts/pf_first_study_completion_analysis_20260926_940ee7f/cost_factor_decomposition.csv,439f5c987213f25c87419a3fdbef185f965be0b3f05906ba67b376c30cfa164a,6a1e54d5e830a20b8817791f9f1f65729815fc12,none,Continuous cost proxy with C_star defined on the original two-PF saved truth grid.
C4,resource.CO_active_stretch150_sto3g.c_selected_formula_star_reference_grid,338482010.43392205,continuous_cost_proxy,,,CO_active_stretch150_sto3g,primary,exact_saved_grid_only,artifacts/pf_first_study_completion_analysis_20260926_940ee7f/cost_factor_decomposition.csv,439f5c987213f25c87419a3fdbef185f965be0b3f05906ba67b376c30cfa164a,6a1e54d5e830a20b8817791f9f1f65729815fc12,none,Continuous cost proxy with C_star defined on the original two-PF saved truth grid.
C4,resource.CO_active_stretch150_sto3g.c_required_selected_time,362791668.8334559,continuous_cost_proxy,,,CO_active_stretch150_sto3g,primary,exact_saved_grid_only,artifacts/pf_first_study_completion_analysis_20260926_940ee7f/cost_factor_decomposition.csv,439f5c987213f25c87419a3fdbef185f965be0b3f05906ba67b376c30cfa164a,6a1e54d5e830a20b8817791f9f1f65729815fc12,none,Continuous cost proxy with C_star defined on the original two-PF saved truth grid.
C4,resource.CO_active_stretch150_sto3g.c_hat,399939334.26033634,continuous_cost_proxy,,,CO_active_stretch150_sto3g,primary,exact_saved_grid_only,artifacts/pf_first_study_completion_analysis_20260926_940ee7f/cost_factor_decomposition.csv,439f5c987213f25c87419a3fdbef185f965be0b3f05906ba67b376c30cfa164a,6a1e54d5e830a20b8817791f9f1f65729815fc12,none,Continuous cost proxy with C_star defined on the original two-PF saved truth grid.
C4,resource.CO_active_stretch150_sto3g.b_frozen,403938727.6029397,continuous_cost_proxy,,,CO_active_stretch150_sto3g,primary,exact_saved_grid_only,artifacts/pf_first_study_completion_analysis_20260926_940ee7f/cost_factor_decomposition.csv,439f5c987213f25c87419a3fdbef185f965be0b3f05906ba67b376c30cfa164a,6a1e54d5e830a20b8817791f9f1f65729815fc12,none,Continuous cost proxy with C_star defined on the original two-PF saved truth grid.
C4,resource.CO_active_stretch150_sto3g.factor_model,1.10239393188473,factor,,,CO_active_stretch150_sto3g,primary,exact_saved_grid_only,artifacts/pf_first_study_completion_analysis_20260926_940ee7f/cost_factor_decomposition.csv,439f5c987213f25c87419a3fdbef185f965be0b3f05906ba67b376c30cfa164a,6a1e54d5e830a20b8817791f9f1f65729815fc12,none,Continuous cost proxy with C_star defined on the original two-PF saved truth grid.
C4,resource.CO_active_stretch150_sto3g.factor_margin,1.01,factor,,,CO_active_stretch150_sto3g,primary,exact_saved_grid_only,artifacts/pf_first_study_completion_analysis_20260926_940ee7f/cost_factor_decomposition.csv,439f5c987213f25c87419a3fdbef185f965be0b3f05906ba67b376c30cfa164a,6a1e54d5e830a20b8817791f9f1f65729815fc12,none,Continuous cost proxy with C_star defined on the original two-PF saved truth grid.
C4,resource.CO_active_stretch150_sto3g.factor_calibration,1.1134178712035774,factor,,,CO_active_stretch150_sto3g,primary,exact_saved_grid_only,artifacts/pf_first_study_completion_analysis_20260926_940ee7f/cost_factor_decomposition.csv,439f5c987213f25c87419a3fdbef185f965be0b3f05906ba67b376c30cfa164a,6a1e54d5e830a20b8817791f9f1f65729815fc12,none,Continuous cost proxy with C_star defined on the original two-PF saved truth grid.
C4,resource.CO_active_stretch150_sto3g.factor_total,1.1933831493292788,factor,,,CO_active_stretch150_sto3g,primary,exact_saved_grid_only,artifacts/pf_first_study_completion_analysis_20260926_940ee7f/cost_factor_decomposition.csv,439f5c987213f25c87419a3fdbef185f965be0b3f05906ba67b376c30cfa164a,6a1e54d5e830a20b8817791f9f1f65729815fc12,none,Continuous cost proxy with C_star defined on the original two-PF saved truth grid.
C4,resource.CO_active_stretch150_sto3g.energy_margin_gamma_1_01_hartree,1.4685108936712989e-05,hartree,,,CO_active_stretch150_sto3g,primary,exact_saved_grid_only,artifacts/pf_first_study_completion_analysis_20260926_940ee7f/cost_factor_decomposition.csv,439f5c987213f25c87419a3fdbef185f965be0b3f05906ba67b376c30cfa164a,6a1e54d5e830a20b8817791f9f1f65729815fc12,none,Continuous cost proxy with C_star defined on the original two-PF saved truth grid.
C5,resource.CO_active_stretch150_sto3g.factor_pf_selection,1.0,factor,,,CO_active_stretch150_sto3g,primary,exact_saved_grid_only,artifacts/pf_first_study_completion_analysis_20260926_940ee7f/cost_factor_decomposition.csv,439f5c987213f25c87419a3fdbef185f965be0b3f05906ba67b376c30cfa164a,6a1e54d5e830a20b8817791f9f1f65729815fc12,none,Only current_m3 and yoshida4 on the original saved truth grid.
C6,domain.CO_active_stretch150_sto3g.factor_within_lower,1.0718196466877803,factor,,,CO_active_stretch150_sto3g,primary,exact_saved_grid_only,artifacts/pf_first_study_completion_analysis_20260926_940ee7f/cost_factor_decomposition.csv,439f5c987213f25c87419a3fdbef185f965be0b3f05906ba67b376c30cfa164a,6a1e54d5e830a20b8817791f9f1f65729815fc12,none,N2/CO are exact only on the saved grid; HF entries are analytic bounds at the frozen cap.
C6,domain.CO_active_stretch150_sto3g.factor_within_upper,1.0718196466877803,factor,,,CO_active_stretch150_sto3g,primary,exact_saved_grid_only,artifacts/pf_first_study_completion_analysis_20260926_940ee7f/cost_factor_decomposition.csv,439f5c987213f25c87419a3fdbef185f965be0b3f05906ba67b376c30cfa164a,6a1e54d5e830a20b8817791f9f1f65729815fc12,none,N2/CO are exact only on the saved grid; HF entries are analytic bounds at the frozen cap.
C6,domain.CO_active_stretch150_sto3g.factor_domain_lower,1.0,factor,,,CO_active_stretch150_sto3g,primary,exact_saved_grid_only,artifacts/pf_first_study_completion_analysis_20260926_940ee7f/cost_factor_decomposition.csv,439f5c987213f25c87419a3fdbef185f965be0b3f05906ba67b376c30cfa164a,6a1e54d5e830a20b8817791f9f1f65729815fc12,none,N2/CO are exact only on the saved grid; HF entries are analytic bounds at the frozen cap.
C6,domain.CO_active_stretch150_sto3g.factor_domain_upper,1.0,factor,,,CO_active_stretch150_sto3g,primary,exact_saved_grid_only,artifacts/pf_first_study_completion_analysis_20260926_940ee7f/cost_factor_decomposition.csv,439f5c987213f25c87419a3fdbef185f965be0b3f05906ba67b376c30cfa164a,6a1e54d5e830a20b8817791f9f1f65729815fc12,none,N2/CO are exact only on the saved grid; HF entries are analytic bounds at the frozen cap.
C4,resource.HF_full_eq_sto3g.selected_time,0.148871685974198,hartree^-1,,,HF_full_eq_sto3g,stress_test,analytic_bound_at_cap,artifacts/pf_first_study_completion_analysis_20260926_940ee7f/cost_factor_decomposition.csv,439f5c987213f25c87419a3fdbef185f965be0b3f05906ba67b376c30cfa164a,6a1e54d5e830a20b8817791f9f1f65729815fc12,none,Continuous cost proxy with C_star defined on the original two-PF saved truth grid.
C4,resource.HF_full_eq_sto3g.c_star_reference_grid,217857453.1696019,continuous_cost_proxy,,,HF_full_eq_sto3g,stress_test,analytic_bound_at_cap,artifacts/pf_first_study_completion_analysis_20260926_940ee7f/cost_factor_decomposition.csv,439f5c987213f25c87419a3fdbef185f965be0b3f05906ba67b376c30cfa164a,6a1e54d5e830a20b8817791f9f1f65729815fc12,none,Continuous cost proxy with C_star defined on the original two-PF saved truth grid.
C4,resource.HF_full_eq_sto3g.c_selected_formula_star_reference_grid,217857453.1696019,continuous_cost_proxy,,,HF_full_eq_sto3g,stress_test,analytic_bound_at_cap,artifacts/pf_first_study_completion_analysis_20260926_940ee7f/cost_factor_decomposition.csv,439f5c987213f25c87419a3fdbef185f965be0b3f05906ba67b376c30cfa164a,6a1e54d5e830a20b8817791f9f1f65729815fc12,none,Continuous cost proxy with C_star defined on the original two-PF saved truth grid.
C4,resource.HF_full_eq_sto3g.c_required_selected_time,466549222.40975195,continuous_cost_proxy,,,HF_full_eq_sto3g,stress_test,analytic_bound_at_cap,artifacts/pf_first_study_completion_analysis_20260926_940ee7f/cost_factor_decomposition.csv,439f5c987213f25c87419a3fdbef185f965be0b3f05906ba67b376c30cfa164a,6a1e54d5e830a20b8817791f9f1f65729815fc12,none,Continuous cost proxy with C_star defined on the original two-PF saved truth grid.
C4,resource.HF_full_eq_sto3g.c_hat,463823391.8193374,continuous_cost_proxy,,,HF_full_eq_sto3g,stress_test,analytic_bound_at_cap,artifacts/pf_first_study_completion_analysis_20260926_940ee7f/cost_factor_decomposition.csv,439f5c987213f25c87419a3fdbef185f965be0b3f05906ba67b376c30cfa164a,6a1e54d5e830a20b8817791f9f1f65729815fc12,none,Continuous cost proxy with C_star defined on the original two-PF saved truth grid.
C4,resource.HF_full_eq_sto3g.b_frozen,468461625.7375308,continuous_cost_proxy,,,HF_full_eq_sto3g,stress_test,analytic_bound_at_cap,artifacts/pf_first_study_completion_analysis_20260926_940ee7f/cost_factor_decomposition.csv,439f5c987213f25c87419a3fdbef185f965be0b3f05906ba67b376c30cfa164a,6a1e54d5e830a20b8817791f9f1f65729815fc12,none,Continuous cost proxy with C_star defined on the original two-PF saved truth grid.
C4,resource.HF_full_eq_sto3g.factor_model,0.9941574640799197,factor,,,HF_full_eq_sto3g,stress_test,analytic_bound_at_cap,artifacts/pf_first_study_completion_analysis_20260926_940ee7f/cost_factor_decomposition.csv,439f5c987213f25c87419a3fdbef185f965be0b3f05906ba67b376c30cfa164a,6a1e54d5e830a20b8817791f9f1f65729815fc12,none,Continuous cost proxy with C_star defined on the original two-PF saved truth grid.
C4,resource.HF_full_eq_sto3g.factor_margin,1.01,factor,,,HF_full_eq_sto3g,stress_test,analytic_bound_at_cap,artifacts/pf_first_study_completion_analysis_20260926_940ee7f/cost_factor_decomposition.csv,439f5c987213f25c87419a3fdbef185f965be0b3f05906ba67b376c30cfa164a,6a1e54d5e830a20b8817791f9f1f65729815fc12,none,Continuous cost proxy with C_star defined on the original two-PF saved truth grid.
C4,resource.HF_full_eq_sto3g.factor_calibration,1.004099038720719,factor,,,HF_full_eq_sto3g,stress_test,analytic_bound_at_cap,artifacts/pf_first_study_completion_analysis_20260926_940ee7f/cost_factor_decomposition.csv,439f5c987213f25c87419a3fdbef185f965be0b3f05906ba67b376c30cfa164a,6a1e54d5e830a20b8817791f9f1f65729815fc12,none,Continuous cost proxy with C_star defined on the original two-PF saved truth grid.
C4,resource.HF_full_eq_sto3g.factor_total,2.1503125962499605,factor,,,HF_full_eq_sto3g,stress_test,analytic_bound_at_cap,artifacts/pf_first_study_completion_analysis_20260926_940ee7f/cost_factor_decomposition.csv,439f5c987213f25c87419a3fdbef185f965be0b3f05906ba67b376c30cfa164a,6a1e54d5e830a20b8817791f9f1f65729815fc12,none,Continuous cost proxy with C_star defined on the original two-PF saved truth grid.
C4,resource.HF_full_eq_sto3g.energy_margin_gamma_1_01_hartree,6.423920546350928e-07,hartree,,,HF_full_eq_sto3g,stress_test,analytic_bound_at_cap,artifacts/pf_first_study_completion_analysis_20260926_940ee7f/cost_factor_decomposition.csv,439f5c987213f25c87419a3fdbef185f965be0b3f05906ba67b376c30cfa164a,6a1e54d5e830a20b8817791f9f1f65729815fc12,none,Continuous cost proxy with C_star defined on the original two-PF saved truth grid.
C5,resource.HF_full_eq_sto3g.factor_pf_selection,1.0,factor,,,HF_full_eq_sto3g,stress_test,analytic_bound_at_cap,artifacts/pf_first_study_completion_analysis_20260926_940ee7f/cost_factor_decomposition.csv,439f5c987213f25c87419a3fdbef185f965be0b3f05906ba67b376c30cfa164a,6a1e54d5e830a20b8817791f9f1f65729815fc12,none,Only current_m3 and yoshida4 on the original saved truth grid.
C6,domain.HF_full_eq_sto3g.factor_within_lower,1.0,factor,,,HF_full_eq_sto3g,stress_test,analytic_bound_at_cap,artifacts/pf_first_study_completion_analysis_20260926_940ee7f/cost_factor_decomposition.csv,439f5c987213f25c87419a3fdbef185f965be0b3f05906ba67b376c30cfa164a,6a1e54d5e830a20b8817791f9f1f65729815fc12,none,N2/CO are exact only on the saved grid; HF entries are analytic bounds at the frozen cap.
C6,domain.HF_full_eq_sto3g.factor_within_upper,1.012708972041748,factor,,,HF_full_eq_sto3g,stress_test,analytic_bound_at_cap,artifacts/pf_first_study_completion_analysis_20260926_940ee7f/cost_factor_decomposition.csv,439f5c987213f25c87419a3fdbef185f965be0b3f05906ba67b376c30cfa164a,6a1e54d5e830a20b8817791f9f1f65729815fc12,none,N2/CO are exact only on the saved grid; HF entries are analytic bounds at the frozen cap.
C6,domain.HF_full_eq_sto3g.factor_domain_lower,2.1146592190772195,factor,,,HF_full_eq_sto3g,stress_test,analytic_bound_at_cap,artifacts/pf_first_study_completion_analysis_20260926_940ee7f/cost_factor_decomposition.csv,439f5c987213f25c87419a3fdbef185f965be0b3f05906ba67b376c30cfa164a,6a1e54d5e830a20b8817791f9f1f65729815fc12,none,N2/CO are exact only on the saved grid; HF entries are analytic bounds at the frozen cap.
C6,domain.HF_full_eq_sto3g.factor_domain_upper,2.141534363970296,factor,,,HF_full_eq_sto3g,stress_test,analytic_bound_at_cap,artifacts/pf_first_study_completion_analysis_20260926_940ee7f/cost_factor_decomposition.csv,439f5c987213f25c87419a3fdbef185f965be0b3f05906ba67b376c30cfa164a,6a1e54d5e830a20b8817791f9f1f65729815fc12,none,N2/CO are exact only on the saved grid; HF entries are analytic bounds at the frozen cap.
C4,resource.HF_full_stretch150_sto3g.selected_time,0.20600464713499966,hartree^-1,,,HF_full_stretch150_sto3g,stress_test,analytic_bound_at_cap,artifacts/pf_first_study_completion_analysis_20260926_940ee7f/cost_factor_decomposition.csv,439f5c987213f25c87419a3fdbef185f965be0b3f05906ba67b376c30cfa164a,6a1e54d5e830a20b8817791f9f1f65729815fc12,none,Continuous cost proxy with C_star defined on the original two-PF saved truth grid.
C4,resource.HF_full_stretch150_sto3g.c_star_reference_grid,160860033.9862181,continuous_cost_proxy,,,HF_full_stretch150_sto3g,stress_test,analytic_bound_at_cap,artifacts/pf_first_study_completion_analysis_20260926_940ee7f/cost_factor_decomposition.csv,439f5c987213f25c87419a3fdbef185f965be0b3f05906ba67b376c30cfa164a,6a1e54d5e830a20b8817791f9f1f65729815fc12,none,Continuous cost proxy with C_star defined on the original two-PF saved truth grid.
C4,resource.HF_full_stretch150_sto3g.c_selected_formula_star_reference_grid,160860033.9862181,continuous_cost_proxy,,,HF_full_stretch150_sto3g,stress_test,analytic_bound_at_cap,artifacts/pf_first_study_completion_analysis_20260926_940ee7f/cost_factor_decomposition.csv,439f5c987213f25c87419a3fdbef185f965be0b3f05906ba67b376c30cfa164a,6a1e54d5e830a20b8817791f9f1f65729815fc12,none,Continuous cost proxy with C_star defined on the original two-PF saved truth grid.
C4,resource.HF_full_stretch150_sto3g.c_required_selected_time,334003547.0930502,continuous_cost_proxy,,,HF_full_stretch150_sto3g,stress_test,analytic_bound_at_cap,artifacts/pf_first_study_completion_analysis_20260926_940ee7f/cost_factor_decomposition.csv,439f5c987213f25c87419a3fdbef185f965be0b3f05906ba67b376c30cfa164a,6a1e54d5e830a20b8817791f9f1f65729815fc12,none,Continuous cost proxy with C_star defined on the original two-PF saved truth grid.
C4,resource.HF_full_stretch150_sto3g.c_hat,334916449.94069874,continuous_cost_proxy,,,HF_full_stretch150_sto3g,stress_test,analytic_bound_at_cap,artifacts/pf_first_study_completion_analysis_20260926_940ee7f/cost_factor_decomposition.csv,439f5c987213f25c87419a3fdbef185f965be0b3f05906ba67b376c30cfa164a,6a1e54d5e830a20b8817791f9f1f65729815fc12,none,Continuous cost proxy with C_star defined on the original two-PF saved truth grid.
C4,resource.HF_full_stretch150_sto3g.b_frozen,338265614.44010574,continuous_cost_proxy,,,HF_full_stretch150_sto3g,stress_test,analytic_bound_at_cap,artifacts/pf_first_study_completion_analysis_20260926_940ee7f/cost_factor_decomposition.csv,439f5c987213f25c87419a3fdbef185f965be0b3f05906ba67b376c30cfa164a,6a1e54d5e830a20b8817791f9f1f65729815fc12,none,Continuous cost proxy with C_star defined on the original two-PF saved truth grid.
C4,resource.HF_full_stretch150_sto3g.factor_model,1.0027332130319988,factor,,,HF_full_stretch150_sto3g,stress_test,analytic_bound_at_cap,artifacts/pf_first_study_completion_analysis_20260926_940ee7f/cost_factor_decomposition.csv,439f5c987213f25c87419a3fdbef185f965be0b3f05906ba67b376c30cfa164a,6a1e54d5e830a20b8817791f9f1f65729815fc12,none,Continuous cost proxy with C_star defined on the original two-PF saved truth grid.
C4,resource.HF_full_stretch150_sto3g.factor_margin,1.01,factor,,,HF_full_stretch150_sto3g,stress_test,analytic_bound_at_cap,artifacts/pf_first_study_completion_analysis_20260926_940ee7f/cost_factor_decomposition.csv,439f5c987213f25c87419a3fdbef185f965be0b3f05906ba67b376c30cfa164a,6a1e54d5e830a20b8817791f9f1f65729815fc12,none,Continuous cost proxy with C_star defined on the original two-PF saved truth grid.
C4,resource.HF_full_stretch150_sto3g.factor_calibration,1.012760545162319,factor,,,HF_full_stretch150_sto3g,stress_test,analytic_bound_at_cap,artifacts/pf_first_study_completion_analysis_20260926_940ee7f/cost_factor_decomposition.csv,439f5c987213f25c87419a3fdbef185f965be0b3f05906ba67b376c30cfa164a,6a1e54d5e830a20b8817791f9f1f65729815fc12,none,Continuous cost proxy with C_star defined on the original two-PF saved truth grid.
C4,resource.HF_full_stretch150_sto3g.factor_total,2.102856788337413,factor,,,HF_full_stretch150_sto3g,stress_test,analytic_bound_at_cap,artifacts/pf_first_study_completion_analysis_20260926_940ee7f/cost_factor_decomposition.csv,439f5c987213f25c87419a3fdbef185f965be0b3f05906ba67b376c30cfa164a,6a1e54d5e830a20b8817791f9f1f65729815fc12,none,Continuous cost proxy with C_star defined on the original two-PF saved truth grid.
C4,resource.HF_full_stretch150_sto3g.energy_margin_gamma_1_01_hartree,2.001421802918287e-06,hartree,,,HF_full_stretch150_sto3g,stress_test,analytic_bound_at_cap,artifacts/pf_first_study_completion_analysis_20260926_940ee7f/cost_factor_decomposition.csv,439f5c987213f25c87419a3fdbef185f965be0b3f05906ba67b376c30cfa164a,6a1e54d5e830a20b8817791f9f1f65729815fc12,none,Continuous cost proxy with C_star defined on the original two-PF saved truth grid.
C5,resource.HF_full_stretch150_sto3g.factor_pf_selection,1.0,factor,,,HF_full_stretch150_sto3g,stress_test,analytic_bound_at_cap,artifacts/pf_first_study_completion_analysis_20260926_940ee7f/cost_factor_decomposition.csv,439f5c987213f25c87419a3fdbef185f965be0b3f05906ba67b376c30cfa164a,6a1e54d5e830a20b8817791f9f1f65729815fc12,none,Only current_m3 and yoshida4 on the original saved truth grid.
C6,domain.HF_full_stretch150_sto3g.factor_within_lower,1.0,factor,,,HF_full_stretch150_sto3g,stress_test,analytic_bound_at_cap,artifacts/pf_first_study_completion_analysis_20260926_940ee7f/cost_factor_decomposition.csv,439f5c987213f25c87419a3fdbef185f965be0b3f05906ba67b376c30cfa164a,6a1e54d5e830a20b8817791f9f1f65729815fc12,none,N2/CO are exact only on the saved grid; HF entries are analytic bounds at the frozen cap.
C6,domain.HF_full_stretch150_sto3g.factor_within_upper,1.0032361603760322,factor,,,HF_full_stretch150_sto3g,stress_test,analytic_bound_at_cap,artifacts/pf_first_study_completion_analysis_20260926_940ee7f/cost_factor_decomposition.csv,439f5c987213f25c87419a3fdbef185f965be0b3f05906ba67b376c30cfa164a,6a1e54d5e830a20b8817791f9f1f65729815fc12,none,N2/CO are exact only on the saved grid; HF entries are analytic bounds at the frozen cap.
C6,domain.HF_full_stretch150_sto3g.factor_domain_lower,2.069663523283636,factor,,,HF_full_stretch150_sto3g,stress_test,analytic_bound_at_cap,artifacts/pf_first_study_completion_analysis_20260926_940ee7f/cost_factor_decomposition.csv,439f5c987213f25c87419a3fdbef185f965be0b3f05906ba67b376c30cfa164a,6a1e54d5e830a20b8817791f9f1f65729815fc12,none,N2/CO are exact only on the saved grid; HF entries are analytic bounds at the frozen cap.
C6,domain.HF_full_stretch150_sto3g.factor_domain_upper,2.076361286369406,factor,,,HF_full_stretch150_sto3g,stress_test,analytic_bound_at_cap,artifacts/pf_first_study_completion_analysis_20260926_940ee7f/cost_factor_decomposition.csv,439f5c987213f25c87419a3fdbef185f965be0b3f05906ba67b376c30cfa164a,6a1e54d5e830a20b8817791f9f1f65729815fc12,none,N2/CO are exact only on the saved grid; HF entries are analytic bounds at the frozen cap.
C5,resource.pf_selection_loss_condition_count,0,conditions,0,6,six molecular development conditions,primary_plus_stress,original_two_pf_saved_grid,artifacts/pf_first_study_completion_analysis_20260926_940ee7f/cost_factor_decomposition.csv,439f5c987213f25c87419a3fdbef185f965be0b3f05906ba67b376c30cfa164a,6a1e54d5e830a20b8817791f9f1f65729815fc12,none,Only current_m3 and yoshida4 on the original saved truth grid.
C6,hf_bound_lemma.HF_full_eq_sto3g.t_cap,0.148871685974198,hartree^-1,,,HF_full_eq_sto3g,stress_test,analytic_bound_at_cap,artifacts/pf_first_study_completion_analysis_20260926_940ee7f/boundary_bounds.json,d96f7b49b8aeae03dfdc38ef1ac57a2d10e719dca20469d20b6ce63f50192b43,6a1e54d5e830a20b8817791f9f1f65729815fc12,none,HF analytic bound at the frozen cap; safety beyond the cap and the continuous-time oracle are unproved.
C6,hf_bound_lemma.HF_full_eq_sto3g.reference_grid_oracle_time,0.31867286821641844,hartree^-1,,,HF_full_eq_sto3g,stress_test,analytic_bound_at_cap,artifacts/pf_first_study_completion_analysis_20260926_940ee7f/boundary_bounds.json,d96f7b49b8aeae03dfdc38ef1ac57a2d10e719dca20469d20b6ce63f50192b43,6a1e54d5e830a20b8817791f9f1f65729815fc12,none,HF analytic bound at the frozen cap; safety beyond the cap and the continuous-time oracle are unproved.
C6,hf_bound_lemma.HF_full_eq_sto3g.factor_within_lower,1.0,factor,,,HF_full_eq_sto3g,stress_test,analytic_bound_at_cap,artifacts/pf_first_study_completion_analysis_20260926_940ee7f/boundary_bounds.json,d96f7b49b8aeae03dfdc38ef1ac57a2d10e719dca20469d20b6ce63f50192b43,6a1e54d5e830a20b8817791f9f1f65729815fc12,none,HF analytic bound at the frozen cap; safety beyond the cap and the continuous-time oracle are unproved.
C6,hf_bound_lemma.HF_full_eq_sto3g.factor_within_upper,1.012708972041748,factor,,,HF_full_eq_sto3g,stress_test,analytic_bound_at_cap,artifacts/pf_first_study_completion_analysis_20260926_940ee7f/boundary_bounds.json,d96f7b49b8aeae03dfdc38ef1ac57a2d10e719dca20469d20b6ce63f50192b43,6a1e54d5e830a20b8817791f9f1f65729815fc12,none,HF analytic bound at the frozen cap; safety beyond the cap and the continuous-time oracle are unproved.
C6,hf_bound_lemma.HF_full_eq_sto3g.factor_domain_lower,2.1146592190772195,factor,,,HF_full_eq_sto3g,stress_test,analytic_bound_at_cap,artifacts/pf_first_study_completion_analysis_20260926_940ee7f/boundary_bounds.json,d96f7b49b8aeae03dfdc38ef1ac57a2d10e719dca20469d20b6ce63f50192b43,6a1e54d5e830a20b8817791f9f1f65729815fc12,none,HF analytic bound at the frozen cap; safety beyond the cap and the continuous-time oracle are unproved.
C6,hf_bound_lemma.HF_full_eq_sto3g.factor_domain_upper,2.141534363970296,factor,,,HF_full_eq_sto3g,stress_test,analytic_bound_at_cap,artifacts/pf_first_study_completion_analysis_20260926_940ee7f/boundary_bounds.json,d96f7b49b8aeae03dfdc38ef1ac57a2d10e719dca20469d20b6ce63f50192b43,6a1e54d5e830a20b8817791f9f1f65729815fc12,none,HF analytic bound at the frozen cap; safety beyond the cap and the continuous-time oracle are unproved.
C6,hf_bound_lemma.HF_full_stretch150_sto3g.t_cap,0.20600464713499966,hartree^-1,,,HF_full_stretch150_sto3g,stress_test,analytic_bound_at_cap,artifacts/pf_first_study_completion_analysis_20260926_940ee7f/boundary_bounds.json,d96f7b49b8aeae03dfdc38ef1ac57a2d10e719dca20469d20b6ce63f50192b43,6a1e54d5e830a20b8817791f9f1f65729815fc12,none,HF analytic bound at the frozen cap; safety beyond the cap and the continuous-time oracle are unproved.
C6,hf_bound_lemma.HF_full_stretch150_sto3g.reference_grid_oracle_time,0.42904038927151034,hartree^-1,,,HF_full_stretch150_sto3g,stress_test,analytic_bound_at_cap,artifacts/pf_first_study_completion_analysis_20260926_940ee7f/boundary_bounds.json,d96f7b49b8aeae03dfdc38ef1ac57a2d10e719dca20469d20b6ce63f50192b43,6a1e54d5e830a20b8817791f9f1f65729815fc12,none,HF analytic bound at the frozen cap; safety beyond the cap and the continuous-time oracle are unproved.
C6,hf_bound_lemma.HF_full_stretch150_sto3g.factor_within_lower,1.0,factor,,,HF_full_stretch150_sto3g,stress_test,analytic_bound_at_cap,artifacts/pf_first_study_completion_analysis_20260926_940ee7f/boundary_bounds.json,d96f7b49b8aeae03dfdc38ef1ac57a2d10e719dca20469d20b6ce63f50192b43,6a1e54d5e830a20b8817791f9f1f65729815fc12,none,HF analytic bound at the frozen cap; safety beyond the cap and the continuous-time oracle are unproved.
C6,hf_bound_lemma.HF_full_stretch150_sto3g.factor_within_upper,1.0032361603760322,factor,,,HF_full_stretch150_sto3g,stress_test,analytic_bound_at_cap,artifacts/pf_first_study_completion_analysis_20260926_940ee7f/boundary_bounds.json,d96f7b49b8aeae03dfdc38ef1ac57a2d10e719dca20469d20b6ce63f50192b43,6a1e54d5e830a20b8817791f9f1f65729815fc12,none,HF analytic bound at the frozen cap; safety beyond the cap and the continuous-time oracle are unproved.
C6,hf_bound_lemma.HF_full_stretch150_sto3g.factor_domain_lower,2.069663523283636,factor,,,HF_full_stretch150_sto3g,stress_test,analytic_bound_at_cap,artifacts/pf_first_study_completion_analysis_20260926_940ee7f/boundary_bounds.json,d96f7b49b8aeae03dfdc38ef1ac57a2d10e719dca20469d20b6ce63f50192b43,6a1e54d5e830a20b8817791f9f1f65729815fc12,none,HF analytic bound at the frozen cap; safety beyond the cap and the continuous-time oracle are unproved.
C6,hf_bound_lemma.HF_full_stretch150_sto3g.factor_domain_upper,2.076361286369406,factor,,,HF_full_stretch150_sto3g,stress_test,analytic_bound_at_cap,artifacts/pf_first_study_completion_analysis_20260926_940ee7f/boundary_bounds.json,d96f7b49b8aeae03dfdc38ef1ac57a2d10e719dca20469d20b6ce63f50192b43,6a1e54d5e830a20b8817791f9f1f65729815fc12,none,HF analytic bound at the frozen cap; safety beyond the cap and the continuous-time oracle are unproved.
C7,regret.N2_active_eq_sto3g.dominant_component,calibration,category,,,N2_active_eq_sto3g,primary,complete_existing_truth,artifacts/pf_first_study_regret_decomposition_20260925_7f0b30d/regret_decomposition.csv,8d689637ca2bde58c7073a6cb58ff858bc768c4a0a50727ce3a9d2e0f64e8b55,940ee7f58bc1b3db54049f7decb69b48e7dfbd7e,none,Four active-space primary conditions with original saved-grid accounting.
C7,regret.N2_active_stretch150_sto3g.dominant_component,time_selection,category,,,N2_active_stretch150_sto3g,primary,complete_existing_truth,artifacts/pf_first_study_regret_decomposition_20260925_7f0b30d/regret_decomposition.csv,8d689637ca2bde58c7073a6cb58ff858bc768c4a0a50727ce3a9d2e0f64e8b55,940ee7f58bc1b3db54049f7decb69b48e7dfbd7e,none,Four active-space primary conditions with original saved-grid accounting.
C7,regret.CO_active_eq_sto3g.dominant_component,calibration,category,,,CO_active_eq_sto3g,primary,complete_existing_truth,artifacts/pf_first_study_regret_decomposition_20260925_7f0b30d/regret_decomposition.csv,8d689637ca2bde58c7073a6cb58ff858bc768c4a0a50727ce3a9d2e0f64e8b55,940ee7f58bc1b3db54049f7decb69b48e7dfbd7e,none,Four active-space primary conditions with original saved-grid accounting.
C7,regret.CO_active_stretch150_sto3g.dominant_component,calibration,category,,,CO_active_stretch150_sto3g,primary,complete_existing_truth,artifacts/pf_first_study_regret_decomposition_20260925_7f0b30d/regret_decomposition.csv,8d689637ca2bde58c7073a6cb58ff858bc768c4a0a50727ce3a9d2e0f64e8b55,940ee7f58bc1b3db54049f7decb69b48e7dfbd7e,none,Four active-space primary conditions with original saved-grid accounting.
C7,regret.primary.calibration_dominant_count,3,conditions,3,4,four active-space primary conditions,primary,complete_existing_truth,artifacts/pf_first_study_regret_decomposition_20260925_7f0b30d/regret_decomposition.csv,8d689637ca2bde58c7073a6cb58ff858bc768c4a0a50727ce3a9d2e0f64e8b55,940ee7f58bc1b3db54049f7decb69b48e7dfbd7e,none,Four active-space primary conditions with original saved-grid accounting.
C7,regret.primary.time_selection_dominant_count,1,conditions,1,4,four active-space primary conditions,primary,complete_existing_truth,artifacts/pf_first_study_regret_decomposition_20260925_7f0b30d/regret_decomposition.csv,8d689637ca2bde58c7073a6cb58ff858bc768c4a0a50727ce3a9d2e0f64e8b55,940ee7f58bc1b3db54049f7decb69b48e7dfbd7e,none,Four active-space primary conditions with original saved-grid accounting.
C7,regret.primary.pf_selection_dominant_count,0,conditions,0,4,four active-space primary conditions,primary,complete_existing_truth,artifacts/pf_first_study_regret_decomposition_20260925_7f0b30d/regret_decomposition.csv,8d689637ca2bde58c7073a6cb58ff858bc768c4a0a50727ce3a9d2e0f64e8b55,940ee7f58bc1b3db54049f7decb69b48e7dfbd7e,none,Four active-space primary conditions with original saved-grid accounting.
C8,calibration.N2_active_eq_sto3g.direct_error_hartree,2.1708888669736095e-05,hartree,,,N2_active_eq_sto3g,primary,exact_selected_time_v1_1,artifacts/pf_first_study_completion_analysis_20260926_940ee7f/calibration_precision.csv,c5d3c148cd1a137dc6cad8a0f089af6bd6f88adced6531a702a43518e3ebd12a,6a1e54d5e830a20b8817791f9f1f65729815fc12,none,Applies to the fixed cost model where the remaining error budget is positive.
C8,calibration.N2_active_eq_sto3g.predicted_error_hartree,3.0348397151007198e-05,hartree,,,N2_active_eq_sto3g,primary,exact_selected_time_v1_1,artifacts/pf_first_study_completion_analysis_20260926_940ee7f/calibration_precision.csv,c5d3c148cd1a137dc6cad8a0f089af6bd6f88adced6531a702a43518e3ebd12a,6a1e54d5e830a20b8817791f9f1f65729815fc12,none,Applies to the fixed cost model where the remaining error budget is positive.
C8,calibration.N2_active_eq_sto3g.signed_absolute_error_bias_hartree,8.639508481271103e-06,hartree,,,N2_active_eq_sto3g,primary,exact_selected_time_v1_1,artifacts/pf_first_study_completion_analysis_20260926_940ee7f/calibration_precision.csv,c5d3c148cd1a137dc6cad8a0f089af6bd6f88adced6531a702a43518e3ebd12a,6a1e54d5e830a20b8817791f9f1f65729815fc12,none,Applies to the fixed cost model where the remaining error budget is positive.
C8,calibration.N2_active_eq_sto3g.relative_bias_to_direct_error,0.39797101605275903,ratio,,,N2_active_eq_sto3g,primary,exact_selected_time_v1_1,artifacts/pf_first_study_completion_analysis_20260926_940ee7f/calibration_precision.csv,c5d3c148cd1a137dc6cad8a0f089af6bd6f88adced6531a702a43518e3ebd12a,6a1e54d5e830a20b8817791f9f1f65729815fc12,none,Applies to the fixed cost model where the remaining error budget is positive.
C8,calibration.N2_active_eq_sto3g.absolute_bias_over_remaining_budget,0.062763807408804,ratio,,,N2_active_eq_sto3g,primary,exact_selected_time_v1_1,artifacts/pf_first_study_completion_analysis_20260926_940ee7f/calibration_precision.csv,c5d3c148cd1a137dc6cad8a0f089af6bd6f88adced6531a702a43518e3ebd12a,6a1e54d5e830a20b8817791f9f1f65729815fc12,none,Applies to the fixed cost model where the remaining error budget is positive.
C8,calibration.N2_active_eq_sto3g.factor_model_from_bias_identity,1.0669669053595545,factor,,,N2_active_eq_sto3g,primary,exact_selected_time_v1_1,artifacts/pf_first_study_completion_analysis_20260926_940ee7f/calibration_precision.csv,c5d3c148cd1a137dc6cad8a0f089af6bd6f88adced6531a702a43518e3ebd12a,6a1e54d5e830a20b8817791f9f1f65729815fc12,none,Applies to the fixed cost model where the remaining error budget is positive.
C8,calibration.N2_active_stretch150_sto3g.direct_error_hartree,8.568591745727244e-06,hartree,,,N2_active_stretch150_sto3g,primary,exact_selected_time_v1_1,artifacts/pf_first_study_completion_analysis_20260926_940ee7f/calibration_precision.csv,c5d3c148cd1a137dc6cad8a0f089af6bd6f88adced6531a702a43518e3ebd12a,6a1e54d5e830a20b8817791f9f1f65729815fc12,none,Applies to the fixed cost model where the remaining error budget is positive.
C8,calibration.N2_active_stretch150_sto3g.predicted_error_hartree,2.8064634326220847e-05,hartree,,,N2_active_stretch150_sto3g,primary,exact_selected_time_v1_1,artifacts/pf_first_study_completion_analysis_20260926_940ee7f/calibration_precision.csv,c5d3c148cd1a137dc6cad8a0f089af6bd6f88adced6531a702a43518e3ebd12a,6a1e54d5e830a20b8817791f9f1f65729815fc12,none,Applies to the fixed cost model where the remaining error budget is positive.
C8,calibration.N2_active_stretch150_sto3g.signed_absolute_error_bias_hartree,1.9496042580493603e-05,hartree,,,N2_active_stretch150_sto3g,primary,exact_selected_time_v1_1,artifacts/pf_first_study_completion_analysis_20260926_940ee7f/calibration_precision.csv,c5d3c148cd1a137dc6cad8a0f089af6bd6f88adced6531a702a43518e3ebd12a,6a1e54d5e830a20b8817791f9f1f65729815fc12,none,Applies to the fixed cost model where the remaining error budget is positive.
C8,calibration.N2_active_stretch150_sto3g.relative_bias_to_direct_error,2.2752913383013453,ratio,,,N2_active_stretch150_sto3g,primary,exact_selected_time_v1_1,artifacts/pf_first_study_completion_analysis_20260926_940ee7f/calibration_precision.csv,c5d3c148cd1a137dc6cad8a0f089af6bd6f88adced6531a702a43518e3ebd12a,6a1e54d5e830a20b8817791f9f1f65729815fc12,none,Applies to the fixed cost model where the remaining error budget is positive.
C8,calibration.N2_active_stretch150_sto3g.absolute_bias_over_remaining_budget,0.1292914595569632,ratio,,,N2_active_stretch150_sto3g,primary,exact_selected_time_v1_1,artifacts/pf_first_study_completion_analysis_20260926_940ee7f/calibration_precision.csv,c5d3c148cd1a137dc6cad8a0f089af6bd6f88adced6531a702a43518e3ebd12a,6a1e54d5e830a20b8817791f9f1f65729815fc12,none,Applies to the fixed cost model where the remaining error budget is positive.
C8,calibration.N2_active_stretch150_sto3g.factor_model_from_bias_identity,1.1484899407225024,factor,,,N2_active_stretch150_sto3g,primary,exact_selected_time_v1_1,artifacts/pf_first_study_completion_analysis_20260926_940ee7f/calibration_precision.csv,c5d3c148cd1a137dc6cad8a0f089af6bd6f88adced6531a702a43518e3ebd12a,6a1e54d5e830a20b8817791f9f1f65729815fc12,none,Applies to the fixed cost model where the remaining error budget is positive.
C8,calibration.CO_active_eq_sto3g.direct_error_hartree,1.998541374977085e-05,hartree,,,CO_active_eq_sto3g,primary,exact_selected_time_v1_1,artifacts/pf_first_study_completion_analysis_20260926_940ee7f/calibration_precision.csv,c5d3c148cd1a137dc6cad8a0f089af6bd6f88adced6531a702a43518e3ebd12a,6a1e54d5e830a20b8817791f9f1f65729815fc12,none,Applies to the fixed cost model where the remaining error budget is positive.
C8,calibration.CO_active_eq_sto3g.predicted_error_hartree,2.97567078775186e-05,hartree,,,CO_active_eq_sto3g,primary,exact_selected_time_v1_1,artifacts/pf_first_study_completion_analysis_20260926_940ee7f/calibration_precision.csv,c5d3c148cd1a137dc6cad8a0f089af6bd6f88adced6531a702a43518e3ebd12a,6a1e54d5e830a20b8817791f9f1f65729815fc12,none,Applies to the fixed cost model where the remaining error budget is positive.
C8,calibration.CO_active_eq_sto3g.signed_absolute_error_bias_hartree,9.77129412774775e-06,hartree,,,CO_active_eq_sto3g,primary,exact_selected_time_v1_1,artifacts/pf_first_study_completion_analysis_20260926_940ee7f/calibration_precision.csv,c5d3c148cd1a137dc6cad8a0f089af6bd6f88adced6531a702a43518e3ebd12a,6a1e54d5e830a20b8817791f9f1f65729815fc12,none,Applies to the fixed cost model where the remaining error budget is positive.
C8,calibration.CO_active_eq_sto3g.relative_bias_to_direct_error,0.4889212827960485,ratio,,,CO_active_eq_sto3g,primary,exact_selected_time_v1_1,artifacts/pf_first_study_completion_analysis_20260926_940ee7f/calibration_precision.csv,c5d3c148cd1a137dc6cad8a0f089af6bd6f88adced6531a702a43518e3ebd12a,6a1e54d5e830a20b8817791f9f1f65729815fc12,none,Applies to the fixed cost model where the remaining error budget is positive.
C8,calibration.CO_active_eq_sto3g.absolute_bias_over_remaining_budget,0.0701081429233368,ratio,,,CO_active_eq_sto3g,primary,exact_selected_time_v1_1,artifacts/pf_first_study_completion_analysis_20260926_940ee7f/calibration_precision.csv,c5d3c148cd1a137dc6cad8a0f089af6bd6f88adced6531a702a43518e3ebd12a,6a1e54d5e830a20b8817791f9f1f65729815fc12,none,Applies to the fixed cost model where the remaining error budget is positive.
C8,calibration.CO_active_eq_sto3g.factor_model_from_bias_identity,1.0753938669209755,factor,,,CO_active_eq_sto3g,primary,exact_selected_time_v1_1,artifacts/pf_first_study_completion_analysis_20260926_940ee7f/calibration_precision.csv,c5d3c148cd1a137dc6cad8a0f089af6bd6f88adced6531a702a43518e3ebd12a,6a1e54d5e830a20b8817791f9f1f65729815fc12,none,Applies to the fixed cost model where the remaining error budget is positive.
C8,calibration.CO_active_stretch150_sto3g.direct_error_hartree,1.5196991115748711e-05,hartree,,,CO_active_stretch150_sto3g,primary,exact_selected_time_v1_1,artifacts/pf_first_study_completion_analysis_20260926_940ee7f/calibration_precision.csv,c5d3c148cd1a137dc6cad8a0f089af6bd6f88adced6531a702a43518e3ebd12a,6a1e54d5e830a20b8817791f9f1f65729815fc12,none,Applies to the fixed cost model where the remaining error budget is positive.
C8,calibration.CO_active_stretch150_sto3g.predicted_error_hartree,2.8587320950995892e-05,hartree,,,CO_active_stretch150_sto3g,primary,exact_selected_time_v1_1,artifacts/pf_first_study_completion_analysis_20260926_940ee7f/calibration_precision.csv,c5d3c148cd1a137dc6cad8a0f089af6bd6f88adced6531a702a43518e3ebd12a,6a1e54d5e830a20b8817791f9f1f65729815fc12,none,Applies to the fixed cost model where the remaining error budget is positive.
C8,calibration.CO_active_stretch150_sto3g.signed_absolute_error_bias_hartree,1.339032983524718e-05,hartree,,,CO_active_stretch150_sto3g,primary,exact_selected_time_v1_1,artifacts/pf_first_study_completion_analysis_20260926_940ee7f/calibration_precision.csv,c5d3c148cd1a137dc6cad8a0f089af6bd6f88adced6531a702a43518e3ebd12a,6a1e54d5e830a20b8817791f9f1f65729815fc12,none,Applies to the fixed cost model where the remaining error budget is positive.
C8,calibration.CO_active_stretch150_sto3g.relative_bias_to_direct_error,0.8811171720282656,ratio,,,CO_active_stretch150_sto3g,primary,exact_selected_time_v1_1,artifacts/pf_first_study_completion_analysis_20260926_940ee7f/calibration_precision.csv,c5d3c148cd1a137dc6cad8a0f089af6bd6f88adced6531a702a43518e3ebd12a,6a1e54d5e830a20b8817791f9f1f65729815fc12,none,Applies to the fixed cost model where the remaining error budget is positive.
C8,calibration.CO_active_stretch150_sto3g.absolute_bias_over_remaining_budget,0.0928832506449578,ratio,,,CO_active_stretch150_sto3g,primary,exact_selected_time_v1_1,artifacts/pf_first_study_completion_analysis_20260926_940ee7f/calibration_precision.csv,c5d3c148cd1a137dc6cad8a0f089af6bd6f88adced6531a702a43518e3ebd12a,6a1e54d5e830a20b8817791f9f1f65729815fc12,none,Applies to the fixed cost model where the remaining error budget is positive.
C8,calibration.CO_active_stretch150_sto3g.factor_model_from_bias_identity,1.10239393188473,factor,,,CO_active_stretch150_sto3g,primary,exact_selected_time_v1_1,artifacts/pf_first_study_completion_analysis_20260926_940ee7f/calibration_precision.csv,c5d3c148cd1a137dc6cad8a0f089af6bd6f88adced6531a702a43518e3ebd12a,6a1e54d5e830a20b8817791f9f1f65729815fc12,none,Applies to the fixed cost model where the remaining error budget is positive.
C8,calibration.HF_full_eq_sto3g.direct_error_hartree,1.9998854262236836e-06,hartree,,,HF_full_eq_sto3g,stress_test,exact_selected_time_v1_1,artifacts/pf_first_study_completion_analysis_20260926_940ee7f/calibration_precision.csv,c5d3c148cd1a137dc6cad8a0f089af6bd6f88adced6531a702a43518e3ebd12a,6a1e54d5e830a20b8817791f9f1f65729815fc12,none,Applies to the fixed cost model where the remaining error budget is positive.
C8,calibration.HF_full_eq_sto3g.predicted_error_hartree,1.0751001536769666e-06,hartree,,,HF_full_eq_sto3g,stress_test,exact_selected_time_v1_1,artifacts/pf_first_study_completion_analysis_20260926_940ee7f/calibration_precision.csv,c5d3c148cd1a137dc6cad8a0f089af6bd6f88adced6531a702a43518e3ebd12a,6a1e54d5e830a20b8817791f9f1f65729815fc12,none,Applies to the fixed cost model where the remaining error budget is positive.
C8,calibration.HF_full_eq_sto3g.signed_absolute_error_bias_hartree,-9.24785272546717e-07,hartree,,,HF_full_eq_sto3g,stress_test,exact_selected_time_v1_1,artifacts/pf_first_study_completion_analysis_20260926_940ee7f/calibration_precision.csv,c5d3c148cd1a137dc6cad8a0f089af6bd6f88adced6531a702a43518e3ebd12a,6a1e54d5e830a20b8817791f9f1f65729815fc12,none,Applies to the fixed cost model where the remaining error budget is positive.
C8,calibration.HF_full_eq_sto3g.relative_bias_to_direct_error,-0.46241912682615915,ratio,,,HF_full_eq_sto3g,stress_test,exact_selected_time_v1_1,artifacts/pf_first_study_completion_analysis_20260926_940ee7f/calibration_precision.csv,c5d3c148cd1a137dc6cad8a0f089af6bd6f88adced6531a702a43518e3ebd12a,6a1e54d5e830a20b8817791f9f1f65729815fc12,none,Applies to the fixed cost model where the remaining error budget is positive.
C8,calibration.HF_full_eq_sto3g.absolute_bias_over_remaining_budget,0.005876871754403133,ratio,,,HF_full_eq_sto3g,stress_test,exact_selected_time_v1_1,artifacts/pf_first_study_completion_analysis_20260926_940ee7f/calibration_precision.csv,c5d3c148cd1a137dc6cad8a0f089af6bd6f88adced6531a702a43518e3ebd12a,6a1e54d5e830a20b8817791f9f1f65729815fc12,none,Applies to the fixed cost model where the remaining error budget is positive.
C8,calibration.HF_full_eq_sto3g.factor_model_from_bias_identity,0.9941574640799197,factor,,,HF_full_eq_sto3g,stress_test,exact_selected_time_v1_1,artifacts/pf_first_study_completion_analysis_20260926_940ee7f/calibration_precision.csv,c5d3c148cd1a137dc6cad8a0f089af6bd6f88adced6531a702a43518e3ebd12a,6a1e54d5e830a20b8817791f9f1f65729815fc12,none,Applies to the fixed cost model where the remaining error budget is positive.
C8,calibration.HF_full_stretch150_sto3g.direct_error_hartree,5.140509990558424e-07,hartree,,,HF_full_stretch150_sto3g,stress_test,exact_selected_time_v1_1,artifacts/pf_first_study_completion_analysis_20260926_940ee7f/calibration_precision.csv,c5d3c148cd1a137dc6cad8a0f089af6bd6f88adced6531a702a43518e3ebd12a,6a1e54d5e830a20b8817791f9f1f65729815fc12,none,Applies to the fixed cost model where the remaining error budget is positive.
C8,calibration.HF_full_stretch150_sto3g.predicted_error_hartree,9.470274280034474e-07,hartree,,,HF_full_stretch150_sto3g,stress_test,exact_selected_time_v1_1,artifacts/pf_first_study_completion_analysis_20260926_940ee7f/calibration_precision.csv,c5d3c148cd1a137dc6cad8a0f089af6bd6f88adced6531a702a43518e3ebd12a,6a1e54d5e830a20b8817791f9f1f65729815fc12,none,Applies to the fixed cost model where the remaining error budget is positive.
C8,calibration.HF_full_stretch150_sto3g.signed_absolute_error_bias_hartree,4.3297642894760494e-07,hartree,,,HF_full_stretch150_sto3g,stress_test,exact_selected_time_v1_1,artifacts/pf_first_study_completion_analysis_20260926_940ee7f/calibration_precision.csv,c5d3c148cd1a137dc6cad8a0f089af6bd6f88adced6531a702a43518e3ebd12a,6a1e54d5e830a20b8817791f9f1f65729815fc12,none,Applies to the fixed cost model where the remaining error budget is positive.
C8,calibration.HF_full_stretch150_sto3g.relative_bias_to_direct_error,0.8422830220014217,ratio,,,HF_full_stretch150_sto3g,stress_test,exact_selected_time_v1_1,artifacts/pf_first_study_completion_analysis_20260926_940ee7f/calibration_precision.csv,c5d3c148cd1a137dc6cad8a0f089af6bd6f88adced6531a702a43518e3ebd12a,6a1e54d5e830a20b8817791f9f1f65729815fc12,none,Applies to the fixed cost model where the remaining error budget is positive.
C8,calibration.HF_full_stretch150_sto3g.absolute_bias_over_remaining_budget,0.0027257629412057974,ratio,,,HF_full_stretch150_sto3g,stress_test,exact_selected_time_v1_1,artifacts/pf_first_study_completion_analysis_20260926_940ee7f/calibration_precision.csv,c5d3c148cd1a137dc6cad8a0f089af6bd6f88adced6531a702a43518e3ebd12a,6a1e54d5e830a20b8817791f9f1f65729815fc12,none,Applies to the fixed cost model where the remaining error budget is positive.
C8,calibration.HF_full_stretch150_sto3g.factor_model_from_bias_identity,1.0027332130319988,factor,,,HF_full_stretch150_sto3g,stress_test,exact_selected_time_v1_1,artifacts/pf_first_study_completion_analysis_20260926_940ee7f/calibration_precision.csv,c5d3c148cd1a137dc6cad8a0f089af6bd6f88adced6531a702a43518e3ebd12a,6a1e54d5e830a20b8817791f9f1f65729815fc12,none,Applies to the fixed cost model where the remaining error budget is positive.
C9,s4.N2_active_eq_sto3g.current_m3.state_risk,false,boolean,,,N2_active_eq_sto3g / current_m3,primary,frozen_phase_a_diagnostic,artifacts/server_pf_first_study_s4_state_convergence_v1_1_20260925_96699df/predictions.json,47cdef9b52ea73feef0c005229cb9a482ee8e95afff87f038ff8461549f1c729,4d831b52475a7399b74a048a7471eaba6c4527c0,none,One preregistered operator-sensitive diagnostic on six development conditions; not a claim that all diagnostics are ineffective.
C9,s4.N2_active_eq_sto3g.yoshida4.state_risk,false,boolean,,,N2_active_eq_sto3g / yoshida4,primary,frozen_phase_a_diagnostic,artifacts/server_pf_first_study_s4_state_convergence_v1_1_20260925_96699df/predictions.json,47cdef9b52ea73feef0c005229cb9a482ee8e95afff87f038ff8461549f1c729,4d831b52475a7399b74a048a7471eaba6c4527c0,none,One preregistered operator-sensitive diagnostic on six development conditions; not a claim that all diagnostics are ineffective.
C9,s4.N2_active_eq_sto3g.retained_coefficient_count,19,coefficients,19,1568,N2_active_eq_sto3g,primary,frozen_phase_a_diagnostic,artifacts/server_pf_first_study_s4_state_convergence_v1_1_20260925_96699df/predictions.json,47cdef9b52ea73feef0c005229cb9a482ee8e95afff87f038ff8461549f1c729,4d831b52475a7399b74a048a7471eaba6c4527c0,none,One preregistered operator-sensitive diagnostic on six development conditions; not a claim that all diagnostics are ineffective.
C9,s4.N2_active_stretch150_sto3g.current_m3.state_risk,false,boolean,,,N2_active_stretch150_sto3g / current_m3,primary,frozen_phase_a_diagnostic,artifacts/server_pf_first_study_s4_state_convergence_v1_1_20260925_96699df/predictions.json,47cdef9b52ea73feef0c005229cb9a482ee8e95afff87f038ff8461549f1c729,4d831b52475a7399b74a048a7471eaba6c4527c0,none,One preregistered operator-sensitive diagnostic on six development conditions; not a claim that all diagnostics are ineffective.
C9,s4.N2_active_stretch150_sto3g.yoshida4.state_risk,false,boolean,,,N2_active_stretch150_sto3g / yoshida4,primary,frozen_phase_a_diagnostic,artifacts/server_pf_first_study_s4_state_convergence_v1_1_20260925_96699df/predictions.json,47cdef9b52ea73feef0c005229cb9a482ee8e95afff87f038ff8461549f1c729,4d831b52475a7399b74a048a7471eaba6c4527c0,none,One preregistered operator-sensitive diagnostic on six development conditions; not a claim that all diagnostics are ineffective.
C9,s4.N2_active_stretch150_sto3g.retained_coefficient_count,32,coefficients,32,1568,N2_active_stretch150_sto3g,primary,frozen_phase_a_diagnostic,artifacts/server_pf_first_study_s4_state_convergence_v1_1_20260925_96699df/predictions.json,47cdef9b52ea73feef0c005229cb9a482ee8e95afff87f038ff8461549f1c729,4d831b52475a7399b74a048a7471eaba6c4527c0,none,One preregistered operator-sensitive diagnostic on six development conditions; not a claim that all diagnostics are ineffective.
C9,s4.CO_active_eq_sto3g.current_m3.state_risk,false,boolean,,,CO_active_eq_sto3g / current_m3,primary,frozen_phase_a_diagnostic,artifacts/server_pf_first_study_s4_state_convergence_v1_1_20260925_96699df/predictions.json,47cdef9b52ea73feef0c005229cb9a482ee8e95afff87f038ff8461549f1c729,4d831b52475a7399b74a048a7471eaba6c4527c0,none,One preregistered operator-sensitive diagnostic on six development conditions; not a claim that all diagnostics are ineffective.
C9,s4.CO_active_eq_sto3g.yoshida4.state_risk,false,boolean,,,CO_active_eq_sto3g / yoshida4,primary,frozen_phase_a_diagnostic,artifacts/server_pf_first_study_s4_state_convergence_v1_1_20260925_96699df/predictions.json,47cdef9b52ea73feef0c005229cb9a482ee8e95afff87f038ff8461549f1c729,4d831b52475a7399b74a048a7471eaba6c4527c0,none,One preregistered operator-sensitive diagnostic on six development conditions; not a claim that all diagnostics are ineffective.
C9,s4.CO_active_eq_sto3g.retained_coefficient_count,29,coefficients,29,1568,CO_active_eq_sto3g,primary,frozen_phase_a_diagnostic,artifacts/server_pf_first_study_s4_state_convergence_v1_1_20260925_96699df/predictions.json,47cdef9b52ea73feef0c005229cb9a482ee8e95afff87f038ff8461549f1c729,4d831b52475a7399b74a048a7471eaba6c4527c0,none,One preregistered operator-sensitive diagnostic on six development conditions; not a claim that all diagnostics are ineffective.
C9,s4.CO_active_stretch150_sto3g.current_m3.state_risk,false,boolean,,,CO_active_stretch150_sto3g / current_m3,primary,frozen_phase_a_diagnostic,artifacts/server_pf_first_study_s4_state_convergence_v1_1_20260925_96699df/predictions.json,47cdef9b52ea73feef0c005229cb9a482ee8e95afff87f038ff8461549f1c729,4d831b52475a7399b74a048a7471eaba6c4527c0,none,One preregistered operator-sensitive diagnostic on six development conditions; not a claim that all diagnostics are ineffective.
C9,s4.CO_active_stretch150_sto3g.yoshida4.state_risk,false,boolean,,,CO_active_stretch150_sto3g / yoshida4,primary,frozen_phase_a_diagnostic,artifacts/server_pf_first_study_s4_state_convergence_v1_1_20260925_96699df/predictions.json,47cdef9b52ea73feef0c005229cb9a482ee8e95afff87f038ff8461549f1c729,4d831b52475a7399b74a048a7471eaba6c4527c0,none,One preregistered operator-sensitive diagnostic on six development conditions; not a claim that all diagnostics are ineffective.
C9,s4.CO_active_stretch150_sto3g.retained_coefficient_count,41,coefficients,41,1568,CO_active_stretch150_sto3g,primary,frozen_phase_a_diagnostic,artifacts/server_pf_first_study_s4_state_convergence_v1_1_20260925_96699df/predictions.json,47cdef9b52ea73feef0c005229cb9a482ee8e95afff87f038ff8461549f1c729,4d831b52475a7399b74a048a7471eaba6c4527c0,none,One preregistered operator-sensitive diagnostic on six development conditions; not a claim that all diagnostics are ineffective.
C9,s4.HF_full_eq_sto3g.current_m3.state_risk,true,boolean,,,HF_full_eq_sto3g / current_m3,stress_test,frozen_phase_a_diagnostic,artifacts/server_pf_first_study_s4_state_convergence_v1_1_20260925_96699df/predictions.json,47cdef9b52ea73feef0c005229cb9a482ee8e95afff87f038ff8461549f1c729,4d831b52475a7399b74a048a7471eaba6c4527c0,none,One preregistered operator-sensitive diagnostic on six development conditions; not a claim that all diagnostics are ineffective.
C9,s4.HF_full_eq_sto3g.yoshida4.state_risk,false,boolean,,,HF_full_eq_sto3g / yoshida4,stress_test,frozen_phase_a_diagnostic,artifacts/server_pf_first_study_s4_state_convergence_v1_1_20260925_96699df/predictions.json,47cdef9b52ea73feef0c005229cb9a482ee8e95afff87f038ff8461549f1c729,4d831b52475a7399b74a048a7471eaba6c4527c0,none,One preregistered operator-sensitive diagnostic on six development conditions; not a claim that all diagnostics are ineffective.
C9,s4.HF_full_eq_sto3g.retained_coefficient_count,2,coefficients,2,20,HF_full_eq_sto3g,stress_test,frozen_phase_a_diagnostic,artifacts/server_pf_first_study_s4_state_convergence_v1_1_20260925_96699df/predictions.json,47cdef9b52ea73feef0c005229cb9a482ee8e95afff87f038ff8461549f1c729,4d831b52475a7399b74a048a7471eaba6c4527c0,none,One preregistered operator-sensitive diagnostic on six development conditions; not a claim that all diagnostics are ineffective.
C9,s4.HF_full_stretch150_sto3g.current_m3.state_risk,true,boolean,,,HF_full_stretch150_sto3g / current_m3,stress_test,frozen_phase_a_diagnostic,artifacts/server_pf_first_study_s4_state_convergence_v1_1_20260925_96699df/predictions.json,47cdef9b52ea73feef0c005229cb9a482ee8e95afff87f038ff8461549f1c729,4d831b52475a7399b74a048a7471eaba6c4527c0,none,One preregistered operator-sensitive diagnostic on six development conditions; not a claim that all diagnostics are ineffective.
C9,s4.HF_full_stretch150_sto3g.yoshida4.state_risk,false,boolean,,,HF_full_stretch150_sto3g / yoshida4,stress_test,frozen_phase_a_diagnostic,artifacts/server_pf_first_study_s4_state_convergence_v1_1_20260925_96699df/predictions.json,47cdef9b52ea73feef0c005229cb9a482ee8e95afff87f038ff8461549f1c729,4d831b52475a7399b74a048a7471eaba6c4527c0,none,One preregistered operator-sensitive diagnostic on six development conditions; not a claim that all diagnostics are ineffective.
C9,s4.HF_full_stretch150_sto3g.retained_coefficient_count,2,coefficients,2,20,HF_full_stretch150_sto3g,stress_test,frozen_phase_a_diagnostic,artifacts/server_pf_first_study_s4_state_convergence_v1_1_20260925_96699df/predictions.json,47cdef9b52ea73feef0c005229cb9a482ee8e95afff87f038ff8461549f1c729,4d831b52475a7399b74a048a7471eaba6c4527c0,none,One preregistered operator-sensitive diagnostic on six development conditions; not a claim that all diagnostics are ineffective.
C9,s4.state_risk_positive_group_count,2,condition_formula_groups,2,12,six conditions times two formulas,primary_plus_stress,frozen_phase_a_diagnostic,artifacts/server_pf_first_study_s4_state_convergence_v1_1_20260925_96699df/predictions.json,47cdef9b52ea73feef0c005229cb9a482ee8e95afff87f038ff8461549f1c729,4d831b52475a7399b74a048a7471eaba6c4527c0,none,One preregistered operator-sensitive diagnostic on six development conditions; not a claim that all diagnostics are ineffective.
C9,s4.practical_baseline.mean_regret,0.4284159472315503,regret,,,six molecular development conditions,primary_plus_stress,original_two_pf_saved_grid,artifacts/server_pf_first_study_s4_state_convergence_v1_1_20260925_96699df/decision.json,22a87ed9ec4d71a15c8a6a428485f3f60e06a2b2ff0e998cce7b0f60fc15d89c,4d831b52475a7399b74a048a7471eaba6c4527c0,none,One preregistered operator-sensitive diagnostic on six development conditions; not a claim that all diagnostics are ineffective.
C9,s4.practical_baseline.maximum_regret,1.1415343639702962,regret,,,six molecular development conditions,primary_plus_stress,original_two_pf_saved_grid,artifacts/server_pf_first_study_s4_state_convergence_v1_1_20260925_96699df/decision.json,22a87ed9ec4d71a15c8a6a428485f3f60e06a2b2ff0e998cce7b0f60fc15d89c,4d831b52475a7399b74a048a7471eaba6c4527c0,none,One preregistered operator-sensitive diagnostic on six development conditions; not a claim that all diagnostics are ineffective.
C9,s4.state_targeted_fallback.mean_regret,0.4284159472315503,regret,,,six molecular development conditions,primary_plus_stress,original_two_pf_saved_grid,artifacts/server_pf_first_study_s4_state_convergence_v1_1_20260925_96699df/decision.json,22a87ed9ec4d71a15c8a6a428485f3f60e06a2b2ff0e998cce7b0f60fc15d89c,4d831b52475a7399b74a048a7471eaba6c4527c0,none,One preregistered operator-sensitive diagnostic on six development conditions; not a claim that all diagnostics are ineffective.
C9,s4.state_targeted_fallback.maximum_regret,1.1415343639702962,regret,,,six molecular development conditions,primary_plus_stress,original_two_pf_saved_grid,artifacts/server_pf_first_study_s4_state_convergence_v1_1_20260925_96699df/decision.json,22a87ed9ec4d71a15c8a6a428485f3f60e06a2b2ff0e998cce7b0f60fc15d89c,4d831b52475a7399b74a048a7471eaba6c4527c0,none,One preregistered operator-sensitive diagnostic on six development conditions; not a claim that all diagnostics are ineffective.
C9,s4.fixed_outcome,no_benefit,category,,,seven frozen strategies,primary_plus_stress,fixed_benefit_gate,artifacts/server_pf_first_study_s4_state_convergence_v1_1_20260925_96699df/decision.json,22a87ed9ec4d71a15c8a6a428485f3f60e06a2b2ff0e998cce7b0f60fc15d89c,4d831b52475a7399b74a048a7471eaba6c4527c0,none,One preregistered operator-sensitive diagnostic on six development conditions; not a claim that all diagnostics are ineffective.
C10,s4_beta_audit.practical_cost_beta,1.2,dimensionless,,,six development conditions times seven frozen strategies,primary_plus_stress,beta_1.2_corrected_audit,artifacts/pf_first_study_completion_analysis_20260926_940ee7f/s4_cost_definition_audit.json,0552da606df8ff83e922f11327393a97ad117836816c2aa7d5d6155a2f61ae2f,6a1e54d5e830a20b8817791f9f1f65729815fc12,S4 stored absolute phase-error and energy-margin values,The 42 rows are six development conditions times seven frozen strategies; they are not 42 independent conditions.
C10,s4_beta_audit.stored_scoring_beta,0.105,dimensionless,,,six development conditions times seven frozen strategies,primary_plus_stress,beta_1.2_corrected_audit,artifacts/pf_first_study_completion_analysis_20260926_940ee7f/s4_cost_definition_audit.json,0552da606df8ff83e922f11327393a97ad117836816c2aa7d5d6155a2f61ae2f,6a1e54d5e830a20b8817791f9f1f65729815fc12,none,The 42 rows are six development conditions times seven frozen strategies; they are not 42 independent conditions.
C10,s4_beta_audit.corrected_safe_row_count,42,strategy_condition_rows,42,42,six development conditions times seven frozen strategies,primary_plus_stress,beta_1.2_corrected_audit,artifacts/pf_first_study_completion_analysis_20260926_940ee7f/s4_cost_definition_audit.json,0552da606df8ff83e922f11327393a97ad117836816c2aa7d5d6155a2f61ae2f,6a1e54d5e830a20b8817791f9f1f65729815fc12,none,The 42 rows are six development conditions times seven frozen strategies; they are not 42 independent conditions.
C10,s4_beta_audit.success_changed_row_count,0,strategy_condition_rows,,,six development conditions times seven frozen strategies,primary_plus_stress,beta_1.2_corrected_audit,artifacts/pf_first_study_completion_analysis_20260926_940ee7f/s4_cost_definition_audit.json,0552da606df8ff83e922f11327393a97ad117836816c2aa7d5d6155a2f61ae2f,6a1e54d5e830a20b8817791f9f1f65729815fc12,none,The 42 rows are six development conditions times seven frozen strategies; they are not 42 independent conditions.
C10,s4_beta_audit.minimum_corrected_energy_margin,6.423920546350928e-07,hartree,,,six development conditions times seven frozen strategies,primary_plus_stress,beta_1.2_corrected_audit,artifacts/pf_first_study_completion_analysis_20260926_940ee7f/s4_cost_definition_audit.json,0552da606df8ff83e922f11327393a97ad117836816c2aa7d5d6155a2f61ae2f,6a1e54d5e830a20b8817791f9f1f65729815fc12,S4 stored absolute phase-error and energy-margin values,The 42 rows are six development conditions times seven frozen strategies; they are not 42 independent conditions.
C10,s4_beta_audit.corrected_outcome,no_benefit,category,,,six development conditions times seven frozen strategies,primary_plus_stress,beta_1.2_corrected_audit,artifacts/pf_first_study_completion_analysis_20260926_940ee7f/s4_cost_definition_audit.json,0552da606df8ff83e922f11327393a97ad117836816c2aa7d5d6155a2f61ae2f,6a1e54d5e830a20b8817791f9f1f65729815fc12,none,The 42 rows are six development conditions times seven frozen strategies; they are not 42 independent conditions.
C10,s4_beta_audit.diagnostic_record_only.consistent_safe_count,6,conditions,6,6,strategy diagnostic_record_only across six development conditions,primary_plus_stress,beta_1.2_corrected_audit,artifacts/pf_first_study_completion_analysis_20260926_940ee7f/s4_cost_definition_audit.json,0552da606df8ff83e922f11327393a97ad117836816c2aa7d5d6155a2f61ae2f,6a1e54d5e830a20b8817791f9f1f65729815fc12,none,The 42 rows are six development conditions times seven frozen strategies; they are not 42 independent conditions.
C10,s4_beta_audit.diagnostic_record_only.mean_original_grid_regret,0.4284159472315503,regret,,,strategy diagnostic_record_only across six development conditions,primary_plus_stress,beta_1.2_corrected_audit,artifacts/pf_first_study_completion_analysis_20260926_940ee7f/s4_cost_definition_audit.json,0552da606df8ff83e922f11327393a97ad117836816c2aa7d5d6155a2f61ae2f,6a1e54d5e830a20b8817791f9f1f65729815fc12,none,The 42 rows are six development conditions times seven frozen strategies; they are not 42 independent conditions.
C10,s4_beta_audit.diagnostic_record_only.maximum_original_grid_regret,1.1415343639702962,regret,,,strategy diagnostic_record_only across six development conditions,primary_plus_stress,beta_1.2_corrected_audit,artifacts/pf_first_study_completion_analysis_20260926_940ee7f/s4_cost_definition_audit.json,0552da606df8ff83e922f11327393a97ad117836816c2aa7d5d6155a2f61ae2f,6a1e54d5e830a20b8817791f9f1f65729815fc12,none,The 42 rows are six development conditions times seven frozen strategies; they are not 42 independent conditions.
C10,s4_beta_audit.diagnostic_record_only.minimum_consistent_energy_margin_hartree,6.423920546350928e-07,hartree,,,strategy diagnostic_record_only across six development conditions,primary_plus_stress,beta_1.2_corrected_audit,artifacts/pf_first_study_completion_analysis_20260926_940ee7f/s4_cost_definition_audit.json,0552da606df8ff83e922f11327393a97ad117836816c2aa7d5d6155a2f61ae2f,6a1e54d5e830a20b8817791f9f1f65729815fc12,S4 stored absolute energy-margin values,The 42 rows are six development conditions times seven frozen strategies; they are not 42 independent conditions.
C10,s4_beta_audit.equal_cost_extra_points.consistent_safe_count,6,conditions,6,6,strategy equal_cost_extra_points across six development conditions,primary_plus_stress,beta_1.2_corrected_audit,artifacts/pf_first_study_completion_analysis_20260926_940ee7f/s4_cost_definition_audit.json,0552da606df8ff83e922f11327393a97ad117836816c2aa7d5d6155a2f61ae2f,6a1e54d5e830a20b8817791f9f1f65729815fc12,none,The 42 rows are six development conditions times seven frozen strategies; they are not 42 independent conditions.
C10,s4_beta_audit.equal_cost_extra_points.mean_original_grid_regret,0.4238279683497665,regret,,,strategy equal_cost_extra_points across six development conditions,primary_plus_stress,beta_1.2_corrected_audit,artifacts/pf_first_study_completion_analysis_20260926_940ee7f/s4_cost_definition_audit.json,0552da606df8ff83e922f11327393a97ad117836816c2aa7d5d6155a2f61ae2f,6a1e54d5e830a20b8817791f9f1f65729815fc12,none,The 42 rows are six development conditions times seven frozen strategies; they are not 42 independent conditions.
C10,s4_beta_audit.equal_cost_extra_points.maximum_original_grid_regret,1.1415343639702962,regret,,,strategy equal_cost_extra_points across six development conditions,primary_plus_stress,beta_1.2_corrected_audit,artifacts/pf_first_study_completion_analysis_20260926_940ee7f/s4_cost_definition_audit.json,0552da606df8ff83e922f11327393a97ad117836816c2aa7d5d6155a2f61ae2f,6a1e54d5e830a20b8817791f9f1f65729815fc12,none,The 42 rows are six development conditions times seven frozen strategies; they are not 42 independent conditions.
C10,s4_beta_audit.equal_cost_extra_points.minimum_consistent_energy_margin_hartree,1.193954094400138e-06,hartree,,,strategy equal_cost_extra_points across six development conditions,primary_plus_stress,beta_1.2_corrected_audit,artifacts/pf_first_study_completion_analysis_20260926_940ee7f/s4_cost_definition_audit.json,0552da606df8ff83e922f11327393a97ad117836816c2aa7d5d6155a2f61ae2f,6a1e54d5e830a20b8817791f9f1f65729815fc12,S4 stored absolute energy-margin values,The 42 rows are six development conditions times seven frozen strategies; they are not 42 independent conditions.
C10,s4_beta_audit.fixed_current_m3.consistent_safe_count,6,conditions,6,6,strategy fixed_current_m3 across six development conditions,primary_plus_stress,beta_1.2_corrected_audit,artifacts/pf_first_study_completion_analysis_20260926_940ee7f/s4_cost_definition_audit.json,0552da606df8ff83e922f11327393a97ad117836816c2aa7d5d6155a2f61ae2f,6a1e54d5e830a20b8817791f9f1f65729815fc12,none,The 42 rows are six development conditions times seven frozen strategies; they are not 42 independent conditions.
C10,s4_beta_audit.fixed_current_m3.mean_original_grid_regret,0.4284159472315503,regret,,,strategy fixed_current_m3 across six development conditions,primary_plus_stress,beta_1.2_corrected_audit,artifacts/pf_first_study_completion_analysis_20260926_940ee7f/s4_cost_definition_audit.json,0552da606df8ff83e922f11327393a97ad117836816c2aa7d5d6155a2f61ae2f,6a1e54d5e830a20b8817791f9f1f65729815fc12,none,The 42 rows are six development conditions times seven frozen strategies; they are not 42 independent conditions.
C10,s4_beta_audit.fixed_current_m3.maximum_original_grid_regret,1.1415343639702962,regret,,,strategy fixed_current_m3 across six development conditions,primary_plus_stress,beta_1.2_corrected_audit,artifacts/pf_first_study_completion_analysis_20260926_940ee7f/s4_cost_definition_audit.json,0552da606df8ff83e922f11327393a97ad117836816c2aa7d5d6155a2f61ae2f,6a1e54d5e830a20b8817791f9f1f65729815fc12,none,The 42 rows are six development conditions times seven frozen strategies; they are not 42 independent conditions.
C10,s4_beta_audit.fixed_current_m3.minimum_consistent_energy_margin_hartree,6.423920546350928e-07,hartree,,,strategy fixed_current_m3 across six development conditions,primary_plus_stress,beta_1.2_corrected_audit,artifacts/pf_first_study_completion_analysis_20260926_940ee7f/s4_cost_definition_audit.json,0552da606df8ff83e922f11327393a97ad117836816c2aa7d5d6155a2f61ae2f,6a1e54d5e830a20b8817791f9f1f65729815fc12,S4 stored absolute energy-margin values,The 42 rows are six development conditions times seven frozen strategies; they are not 42 independent conditions.
C10,s4_beta_audit.fixed_yoshida4.consistent_safe_count,6,conditions,6,6,strategy fixed_yoshida4 across six development conditions,primary_plus_stress,beta_1.2_corrected_audit,artifacts/pf_first_study_completion_analysis_20260926_940ee7f/s4_cost_definition_audit.json,0552da606df8ff83e922f11327393a97ad117836816c2aa7d5d6155a2f61ae2f,6a1e54d5e830a20b8817791f9f1f65729815fc12,none,The 42 rows are six development conditions times seven frozen strategies; they are not 42 independent conditions.
C10,s4_beta_audit.fixed_yoshida4.mean_original_grid_regret,1.6215917924659855,regret,,,strategy fixed_yoshida4 across six development conditions,primary_plus_stress,beta_1.2_corrected_audit,artifacts/pf_first_study_completion_analysis_20260926_940ee7f/s4_cost_definition_audit.json,0552da606df8ff83e922f11327393a97ad117836816c2aa7d5d6155a2f61ae2f,6a1e54d5e830a20b8817791f9f1f65729815fc12,none,The 42 rows are six development conditions times seven frozen strategies; they are not 42 independent conditions.
C10,s4_beta_audit.fixed_yoshida4.maximum_original_grid_regret,3.0491539613263567,regret,,,strategy fixed_yoshida4 across six development conditions,primary_plus_stress,beta_1.2_corrected_audit,artifacts/pf_first_study_completion_analysis_20260926_940ee7f/s4_cost_definition_audit.json,0552da606df8ff83e922f11327393a97ad117836816c2aa7d5d6155a2f61ae2f,6a1e54d5e830a20b8817791f9f1f65729815fc12,none,The 42 rows are six development conditions times seven frozen strategies; they are not 42 independent conditions.
C10,s4_beta_audit.fixed_yoshida4.minimum_consistent_energy_margin_hartree,1.5571699177638451e-06,hartree,,,strategy fixed_yoshida4 across six development conditions,primary_plus_stress,beta_1.2_corrected_audit,artifacts/pf_first_study_completion_analysis_20260926_940ee7f/s4_cost_definition_audit.json,0552da606df8ff83e922f11327393a97ad117836816c2aa7d5d6155a2f61ae2f,6a1e54d5e830a20b8817791f9f1f65729815fc12,S4 stored absolute energy-margin values,The 42 rows are six development conditions times seven frozen strategies; they are not 42 independent conditions.
C10,s4_beta_audit.practical_baseline.consistent_safe_count,6,conditions,6,6,strategy practical_baseline across six development conditions,primary_plus_stress,beta_1.2_corrected_audit,artifacts/pf_first_study_completion_analysis_20260926_940ee7f/s4_cost_definition_audit.json,0552da606df8ff83e922f11327393a97ad117836816c2aa7d5d6155a2f61ae2f,6a1e54d5e830a20b8817791f9f1f65729815fc12,none,The 42 rows are six development conditions times seven frozen strategies; they are not 42 independent conditions.
C10,s4_beta_audit.practical_baseline.mean_original_grid_regret,0.4284159472315503,regret,,,strategy practical_baseline across six development conditions,primary_plus_stress,beta_1.2_corrected_audit,artifacts/pf_first_study_completion_analysis_20260926_940ee7f/s4_cost_definition_audit.json,0552da606df8ff83e922f11327393a97ad117836816c2aa7d5d6155a2f61ae2f,6a1e54d5e830a20b8817791f9f1f65729815fc12,none,The 42 rows are six development conditions times seven frozen strategies; they are not 42 independent conditions.
C10,s4_beta_audit.practical_baseline.maximum_original_grid_regret,1.1415343639702962,regret,,,strategy practical_baseline across six development conditions,primary_plus_stress,beta_1.2_corrected_audit,artifacts/pf_first_study_completion_analysis_20260926_940ee7f/s4_cost_definition_audit.json,0552da606df8ff83e922f11327393a97ad117836816c2aa7d5d6155a2f61ae2f,6a1e54d5e830a20b8817791f9f1f65729815fc12,none,The 42 rows are six development conditions times seven frozen strategies; they are not 42 independent conditions.
C10,s4_beta_audit.practical_baseline.minimum_consistent_energy_margin_hartree,6.423920546350928e-07,hartree,,,strategy practical_baseline across six development conditions,primary_plus_stress,beta_1.2_corrected_audit,artifacts/pf_first_study_completion_analysis_20260926_940ee7f/s4_cost_definition_audit.json,0552da606df8ff83e922f11327393a97ad117836816c2aa7d5d6155a2f61ae2f,6a1e54d5e830a20b8817791f9f1f65729815fc12,S4 stored absolute energy-margin values,The 42 rows are six development conditions times seven frozen strategies; they are not 42 independent conditions.
C10,s4_beta_audit.state_targeted_fallback.consistent_safe_count,6,conditions,6,6,strategy state_targeted_fallback across six development conditions,primary_plus_stress,beta_1.2_corrected_audit,artifacts/pf_first_study_completion_analysis_20260926_940ee7f/s4_cost_definition_audit.json,0552da606df8ff83e922f11327393a97ad117836816c2aa7d5d6155a2f61ae2f,6a1e54d5e830a20b8817791f9f1f65729815fc12,none,The 42 rows are six development conditions times seven frozen strategies; they are not 42 independent conditions.
C10,s4_beta_audit.state_targeted_fallback.mean_original_grid_regret,0.4284159472315503,regret,,,strategy state_targeted_fallback across six development conditions,primary_plus_stress,beta_1.2_corrected_audit,artifacts/pf_first_study_completion_analysis_20260926_940ee7f/s4_cost_definition_audit.json,0552da606df8ff83e922f11327393a97ad117836816c2aa7d5d6155a2f61ae2f,6a1e54d5e830a20b8817791f9f1f65729815fc12,none,The 42 rows are six development conditions times seven frozen strategies; they are not 42 independent conditions.
C10,s4_beta_audit.state_targeted_fallback.maximum_original_grid_regret,1.1415343639702962,regret,,,strategy state_targeted_fallback across six development conditions,primary_plus_stress,beta_1.2_corrected_audit,artifacts/pf_first_study_completion_analysis_20260926_940ee7f/s4_cost_definition_audit.json,0552da606df8ff83e922f11327393a97ad117836816c2aa7d5d6155a2f61ae2f,6a1e54d5e830a20b8817791f9f1f65729815fc12,none,The 42 rows are six development conditions times seven frozen strategies; they are not 42 independent conditions.
C10,s4_beta_audit.state_targeted_fallback.minimum_consistent_energy_margin_hartree,6.423920546350928e-07,hartree,,,strategy state_targeted_fallback across six development conditions,primary_plus_stress,beta_1.2_corrected_audit,artifacts/pf_first_study_completion_analysis_20260926_940ee7f/s4_cost_definition_audit.json,0552da606df8ff83e922f11327393a97ad117836816c2aa7d5d6155a2f61ae2f,6a1e54d5e830a20b8817791f9f1f65729815fc12,S4 stored absolute energy-margin values,The 42 rows are six development conditions times seven frozen strategies; they are not 42 independent conditions.
C10,s4_beta_audit.universal_fallback.consistent_safe_count,6,conditions,6,6,strategy universal_fallback across six development conditions,primary_plus_stress,beta_1.2_corrected_audit,artifacts/pf_first_study_completion_analysis_20260926_940ee7f/s4_cost_definition_audit.json,0552da606df8ff83e922f11327393a97ad117836816c2aa7d5d6155a2f61ae2f,6a1e54d5e830a20b8817791f9f1f65729815fc12,none,The 42 rows are six development conditions times seven frozen strategies; they are not 42 independent conditions.
C10,s4_beta_audit.universal_fallback.mean_original_grid_regret,0.9034243686303903,regret,,,strategy universal_fallback across six development conditions,primary_plus_stress,beta_1.2_corrected_audit,artifacts/pf_first_study_completion_analysis_20260926_940ee7f/s4_cost_definition_audit.json,0552da606df8ff83e922f11327393a97ad117836816c2aa7d5d6155a2f61ae2f,6a1e54d5e830a20b8817791f9f1f65729815fc12,none,The 42 rows are six development conditions times seven frozen strategies; they are not 42 independent conditions.
C10,s4_beta_audit.universal_fallback.maximum_original_grid_regret,1.1415343639702962,regret,,,strategy universal_fallback across six development conditions,primary_plus_stress,beta_1.2_corrected_audit,artifacts/pf_first_study_completion_analysis_20260926_940ee7f/s4_cost_definition_audit.json,0552da606df8ff83e922f11327393a97ad117836816c2aa7d5d6155a2f61ae2f,6a1e54d5e830a20b8817791f9f1f65729815fc12,none,The 42 rows are six development conditions times seven frozen strategies; they are not 42 independent conditions.
C10,s4_beta_audit.universal_fallback.minimum_consistent_energy_margin_hartree,6.423920546350928e-07,hartree,,,strategy universal_fallback across six development conditions,primary_plus_stress,beta_1.2_corrected_audit,artifacts/pf_first_study_completion_analysis_20260926_940ee7f/s4_cost_definition_audit.json,0552da606df8ff83e922f11327393a97ad117836816c2aa7d5d6155a2f61ae2f,6a1e54d5e830a20b8817791f9f1f65729815fc12,S4 stored absolute energy-margin values,The 42 rows are six development conditions times seven frozen strategies; they are not 42 independent conditions.
