source_row,experiment_id,case_id,formula_id,state_id,state_family,q,phase_radians,sign,absolute_time,model_status,quality_class,primary_eligible,original_case_dominance,direct_shift_hartree,predicted_shift_hartree,prediction_sign,direct_sign,sign_crossing,sign_status,signed_total_error_hartree,underestimation_hartree,underestimates_magnitude,largest_positive_unsafe_component,no_state_predicted_shift_hartree,no_state_sign_crossing,no_state_underestimation_hartree,underestimation_attribution_closure_hartree,u_fit_hartree,fit_direction,u_state_hartree,state_direction,u_proxy_hartree,proxy_direction
2,B,H4,yoshida4,rhf,rhf,,,-1,0.125,fit_ok,resolved,True,E_state_hartree,-1.1464821778606193e-06,-8.790361728519842e-07,-1,-1,False,same_sign,2.6744600500863517e-07,2.6744600500863517e-07,True,state,-1.1464090403992298e-06,False,7.31374613895111e-11,0.0,7.259692816167723e-11,unsafe,2.6737286754724566e-07,unsafe,5.40533227833868e-13,unsafe
3,B,H4,yoshida4,cisd,cisd,,,-1,0.125,fit_ok,resolved,True,E_state_hartree,-1.1464821778606193e-06,-1.1355372208744197e-06,-1,-1,False,same_sign,1.0944956986199609e-08,1.0944956986199609e-08,True,state,-1.1464317774429346e-06,False,5.040041768473011e-11,0.0,4.985988445689624e-11,unsafe,1.0894556568514879e-08,unsafe,5.40533227833868e-13,unsafe
4,B,H4,yoshida4,controlled_q0.001_phi0.000000000000,controlled,0.001,0.0,-1,0.125,fit_ok,resolved,True,E_state_hartree,-1.1464821778606193e-06,-1.1587734307960833e-06,-1,-1,False,same_sign,-1.229125293546393e-08,-1.229125293546393e-08,False,fit,-1.1464457789995435e-06,False,3.6398861075802864e-11,0.0,3.5858327847968996e-11,unsafe,-1.2327651796539733e-08,conservative,5.40533227833868e-13,unsafe
5,B,H4,yoshida4,controlled_q0.001_phi1.570796326795,controlled,0.001,1.570796326795,-1,0.125,fit_ok,resolved,True,mixed,-1.1464821778606193e-06,-1.1434155339852705e-06,-1,-1,False,same_sign,3.066643875348874e-09,3.066643875348874e-09,True,fit,-1.143692432398859e-06,False,2.789745461760397e-09,0.0,2.789204928532563e-09,unsafe,2.768984135884769e-10,unsafe,5.40533227833868e-13,unsafe
6,B,H4,yoshida4,controlled_q0.001_phi3.141592653590,controlled,0.001,3.14159265359,-1,0.125,fit_ok,resolved,True,E_state_hartree,-1.1464821778606193e-06,-1.131108535827008e-06,-1,-1,False,same_sign,1.5373642033611314e-08,1.5373642033611314e-08,True,state,-1.1464296229365364e-06,False,5.255492408293268e-11,0.0,5.201439085509881e-11,unsafe,1.532108710952838e-08,unsafe,5.40533227833868e-13,unsafe
7,B,H4,yoshida4,controlled_q0.001_phi4.712388980385,controlled,0.001,4.712388980385,-1,0.125,fit_ok,resolved,True,mixed,-1.1464821778606193e-06,-1.146466432637889e-06,-1,-1,False,same_sign,1.574522273032414e-11,1.574522273032414e-11,True,state,-1.1491829695322942e-06,False,-2.7007916716748943e-09,0.0,-2.701332204902728e-09,conservative,2.7165368944052184e-09,unsafe,5.40533227833868e-13,unsafe
8,B,H4,yoshida4,controlled_q0.010_phi0.000000000000,controlled,0.01,0.0,-1,0.125,fit_ok,resolved,True,E_state_hartree,-1.1464821778606193e-06,-1.175015540358311e-06,-1,-1,False,same_sign,-2.8533362497691702e-08,-2.8533362497691702e-08,False,fit,-1.1464635888158873e-06,False,1.8589044732008185e-11,0.0,1.8048511504174317e-11,unsafe,-2.855195154242371e-08,conservative,5.40533227833868e-13,unsafe
9,B,H4,yoshida4,controlled_q0.010_phi1.570796326795,controlled,0.01,1.570796326795,-1,0.125,fit_ok,resolved,True,mixed,-1.1464821778606193e-06,-1.126668866781688e-06,-1,-1,False,same_sign,1.9813311078931305e-08,1.9813311078931305e-08,True,state,-1.1377960511635878e-06,False,8.686126697031548e-09,0.0,8.685586163803714e-09,unsafe,1.1127184381899756e-08,unsafe,5.40533227833868e-13,unsafe
10,B,H4,yoshida4,controlled_q0.010_phi3.141592653590,controlled,0.01,3.14159265359,-1,0.125,fit_ok,resolved,True,E_state_hartree,-1.1464821778606193e-06,-1.087926425027263e-06,-1,-1,False,same_sign,5.855575283335629e-08,5.855575283335629e-08,True,state,-1.1464127295143737e-06,False,6.944834624561114e-11,0.0,6.890781301777727e-11,unsafe,5.848630448711068e-08,unsafe,5.40533227833868e-13,unsafe
11,B,H4,yoshida4,controlled_q0.010_phi4.712388980385,controlled,0.01,4.712388980385,-1,0.125,fit_ok,resolved,True,mixed,-1.1464821778606193e-06,-1.1362730986039238e-06,-1,-1,False,same_sign,1.0209079256695589e-08,1.0209079256695589e-08,True,state,-1.1550802671899688e-06,False,-8.598089329349452e-09,0.0,-8.598629862577286e-09,conservative,1.880716858604504e-08,unsafe,5.40533227833868e-13,unsafe
12,B,H4,yoshida4,controlled_q0.050_phi0.000000000000,controlled,0.05,0.0,-1,0.125,fit_ok,resolved,True,E_state_hartree,-1.1464821778606193e-06,-1.1669855810824092e-06,-1,-1,False,same_sign,-2.0503403221789874e-08,-2.0503403221789874e-08,False,proxy,-1.1464958974445684e-06,False,-1.371958394906904e-11,0.0,-1.4260117176902908e-11,conservative,-2.0489683637840805e-08,conservative,5.40533227833868e-13,unsafe
13,B,H4,yoshida4,controlled_q0.050_phi1.570796326795,controlled,0.05,1.570796326795,-1,0.125,fit_ok,resolved,True,E_state_hartree,-1.1464821778606193e-06,-1.0610856186737758e-06,-1,-1,False,same_sign,8.539655918684358e-08,8.539655918684358e-08,True,state,-1.1275102703760898e-06,False,1.8971907484529527e-08,0.0,1.8971366951301693e-08,unsafe,6.642465170231405e-08,unsafe,5.40533227833868e-13,unsafe
14,B,H4,yoshida4,controlled_q0.050_phi3.141592653590,controlled,0.05,3.14159265359,-1,0.125,fit_ok,resolved,True,E_state_hartree,-1.1464821778606193e-06,-9.762230454697534e-07,-1,-1,False,same_sign,1.7025913239086597e-07,1.7025913239086597e-07,True,state,-1.14638449374872e-06,False,9.768411189926989e-11,0.0,9.714357867143602e-11,unsafe,1.701614482789667e-07,unsafe,5.40533227833868e-13,unsafe
15,B,H4,yoshida4,controlled_q0.050_phi4.712388980385,controlled,0.05,4.712388980385,-1,0.125,fit_ok,resolved,True,E_state_hartree,-1.1464821778606193e-06,-1.0821230078776753e-06,-1,-1,False,same_sign,6.435916998294402e-08,6.435916998294402e-08,True,state,-1.1653701207956936e-06,False,-1.8887942935074218e-08,0.0,-1.8888483468302052e-08,conservative,8.324711291801824e-08,unsafe,5.40533227833868e-13,unsafe
16,B,H4,yoshida4,rhf,rhf,,,-1,0.175,fit_ok,resolved,True,E_state_hartree,-4.390323548264519e-06,-3.366960237809562e-06,-1,-1,False,same_sign,1.0233633104549566e-06,1.0233633104549566e-06,True,state,-4.390184870830757e-06,False,1.3867743376199065e-10,0.0,1.307812083095051e-10,unsafe,1.023224633021195e-06,unsafe,7.896225452062042e-12,unsafe
17,B,H4,yoshida4,cisd,cisd,,,-1,0.175,fit_ok,resolved,True,E_state_hartree,-4.390323548264519e-06,-4.348370185719401e-06,-1,-1,False,same_sign,4.1953362545118e-08,4.1953362545118e-08,True,state,-4.3902255225780745e-06,False,9.802568644411966e-11,0.0,9.012946099205761e-11,unsafe,4.185533685867388e-08,unsafe,7.896225452062042e-12,unsafe
18,B,H4,yoshida4,controlled_q0.001_phi0.000000000000,controlled,0.001,0.0,-1,0.175,fit_ok,resolved,True,E_state_hartree,-4.390323548264519e-06,-4.437635808062815e-06,-1,-1,False,same_sign,-4.7312259798296425e-08,-4.7312259798296425e-08,False,fit,-4.390250747591066e-06,False,7.280067345283374e-11,0.0,6.49044480007717e-11,unsafe,-4.738506047174926e-08,conservative,7.896225452062042e-12,unsafe
19,B,H4,yoshida4,controlled_q0.001_phi1.570796326795,controlled,0.001,1.570796326795,-1,0.175,fit_ok,resolved,True,mixed,-4.390323548264519e-06,-4.377494298564647e-06,-1,-1,False,same_sign,1.282924969987179e-08,1.282924969987179e-08,True,fit,-4.376635947759172e-06,False,1.3687600505346938e-08,0.0,1.3679704279894876e-08,unsafe,-8.583508054751476e-10,conservative,7.896225452062042e-12,unsafe
20,B,H4,yoshida4,controlled_q0.001_phi3.141592653590,controlled,0.001,3.14159265359,-1,0.175,fit_ok,resolved,True,E_state_hartree,-4.390323548264519e-06,-4.3313639451441385e-06,-1,-1,False,same_sign,5.89596031203802e-08,5.89596031203802e-08,True,state,-4.3902216410241014e-06,False,1.0190724041721607e-10,0.0,9.401101496515403e-11,unsafe,5.885769587996298e-08,unsafe,7.896225452062042e-12,unsafe
21,B,H4,yoshida4,controlled_q0.001_phi4.712388980385,controlled,0.001,4.712388980385,-1,0.175,fit_ok,resolved,True,mixed,-4.390323548264519e-06,-4.3915054546425e-06,-1,-1,False,same_sign,-1.1819063779811405e-09,-1.1819063779811405e-09,False,state,-4.403836440857884e-06,False,-1.3512892593365772e-08,0.0,-1.3520788818817834e-08,conservative,1.2330986215384632e-08,unsafe,7.896225452062042e-12,unsafe
22,B,H4,yoshida4,controlled_q0.010_phi0.000000000000,controlled,0.01,0.0,-1,0.175,fit_ok,resolved,True,E_state_hartree,-4.390323548264519e-06,-4.500145804557427e-06,-1,-1,False,same_sign,-1.098222562929087e-07,-1.098222562929087e-07,False,fit,-4.390282833127295e-06,False,4.0715137223988173e-11,0.0,3.281891177192613e-11,unsafe,-1.0986297143013268e-07,conservative,7.896225452062042e-12,unsafe
23,B,H4,yoshida4,controlled_q0.010_phi1.570796326795,controlled,0.01,1.570796326795,-1,0.175,fit_ok,resolved,True,mixed,-4.390323548264519e-06,-4.310820276203718e-06,-1,-1,False,same_sign,7.950327206080071e-08,7.950327206080071e-08,True,fit,-4.347423430473076e-06,False,4.290011779144254e-08,0.0,4.289222156599048e-08,unsafe,3.6603154269358174e-08,unsafe,7.896225452062042e-12,unsafe
24,B,H4,yoshida4,controlled_q0.010_phi3.141592653590,controlled,0.01,3.14159265359,-1,0.175,fit_ok,resolved,True,E_state_hartree,-4.390323548264519e-06,-4.165601880334488e-06,-1,-1,False,same_sign,2.2472166793003082e-07,2.2472166793003082e-07,True,state,-4.390191205627159e-06,False,1.3234263735927238e-10,0.0,1.2444641190721033e-10,unsafe,2.2458932529267155e-07,unsafe,7.896225452062042e-12,unsafe
25,B,H4,yoshida4,controlled_q0.010_phi4.712388980385,controlled,0.01,4.712388980385,-1,0.175,fit_ok,resolved,True,mixed,-4.390323548264519e-06,-4.354927408688511e-06,-1,-1,False,same_sign,3.539613957600801e-08,3.539613957600801e-08,True,state,-4.433050608276413e-06,False,-4.272706001189397e-08,0.0,-4.2734956237346034e-08,conservative,7.812319958790198e-08,unsafe,7.896225452062042e-12,unsafe
26,B,H4,yoshida4,controlled_q0.050_phi0.000000000000,controlled,0.05,0.0,-1,0.175,fit_ok,resolved,True,E_state_hartree,-4.390323548264519e-06,-4.469822181119779e-06,-1,-1,False,same_sign,-7.949863285526013e-08,-7.949863285526013e-08,False,proxy,-4.390341038126374e-06,False,-1.7489861855408202e-11,0.0,-2.5386087307470244e-11,conservative,-7.948114299340472e-08,conservative,7.896225452062042e-12,unsafe
27,B,H4,yoshida4,controlled_q0.050_phi1.570796326795,controlled,0.05,1.570796326795,-1,0.175,fit_ok,resolved,True,E_state_hartree,-4.390323548264519e-06,-4.05511802771065e-06,-1,-1,False,same_sign,3.352055205538684e-07,3.352055205538684e-07,True,state,-4.296460553805358e-06,False,9.386299445916076e-08,0.0,9.38550982337087e-08,unsafe,2.413425260947076e-07,unsafe,7.896225452062042e-12,unsafe
28,B,H4,yoshida4,controlled_q0.050_phi3.141592653590,controlled,0.05,3.14159265359,-1,0.175,fit_ok,resolved,True,E_state_hartree,-4.390323548264519e-06,-3.737027422371962e-06,-1,-1,False,same_sign,6.532961258925567e-07,6.532961258925567e-07,True,state,-4.3901403345804654e-06,False,1.8321368405322107e-10,0.0,1.7531745860073551e-10,unsafe,6.531129122085039e-07,unsafe,7.896225452062042e-12,unsafe
29,B,H4,yoshida4,controlled_q0.050_phi4.712388980385,controlled,0.05,4.712388980385,-1,0.175,fit_ok,resolved,True,E_state_hartree,-4.390323548264519e-06,-4.151731575778968e-06,-1,-1,False,same_sign,2.3859197248555044e-07,2.3859197248555044e-07,True,state,-4.48402081888621e-06,False,-9.369727062169094e-08,0.0,-9.3705166847143e-08,conservative,3.322892431072414e-07,unsafe,7.896225452062042e-12,unsafe
30,B,H4,yoshida4,rhf,rhf,,,-1,0.225,fit_ok,resolved,True,E_state_hartree,-1.1946166163179228e-05,-9.164359090838506e-06,-1,-1,False,same_sign,2.781807072340722e-06,2.781807072340722e-06,True,state,-1.1946089825577976e-05,False,7.63376012521879e-11,0.0,1.7670573463263216e-11,unsafe,2.78173073473947e-06,unsafe,5.866702778892468e-11,unsafe
31,B,H4,yoshida4,cisd,cisd,,,-1,0.225,fit_ok,resolved,True,E_state_hartree,-1.1946166163179228e-05,-1.1831726609862977e-05,-1,-1,False,same_sign,1.1443955331625153e-07,1.1443955331625153e-07,True,state,-1.1946095045200658e-05,False,7.111797856991324e-11,0.0,1.2450950780988558e-11,unsafe,1.1436843533768162e-07,unsafe,5.866702778892468e-11,unsafe
32,B,H4,yoshida4,controlled_q0.001_phi0.000000000000,controlled,0.001,0.0,-1,0.225,fit_ok,resolved,True,E_state_hartree,-1.1946166163179228e-05,-1.2075659962881133e-05,-1,-1,False,same_sign,-1.2949379970190512e-07,-1.2949379970190512e-07,False,proxy,-1.194609845426597e-05,False,6.770891325776551e-11,0.0,9.041885468840825e-12,unsafe,-1.295615086151629e-07,conservative,5.866702778892468e-11,unsafe
33,B,H4,yoshida4,controlled_q0.001_phi1.570796326795,controlled,0.001,1.570796326795,-1,0.225,fit_ok,resolved,True,mixed,-1.1946166163179228e-05,-1.1907153497532703e-05,-1,-1,False,same_sign,3.901266564652549e-08,3.901266564652549e-08,True,fit,-1.189945253630717e-05,False,4.671362687205853e-08,0.0,4.665495984426961e-08,unsafe,-7.700961225533045e-09,conservative,5.866702778892468e-11,unsafe
34,B,H4,yoshida4,controlled_q0.001_phi3.141592653590,controlled,0.001,3.14159265359,-1,0.225,fit_ok,resolved,True,E_state_hartree,-1.1946166163179228e-05,-1.1785280652238674e-05,-1,-1,False,same_sign,1.6088551094055446e-07,1.6088551094055446e-07,True,state,-1.1946094520604216e-05,False,7.164257501218144e-11,0.0,1.2975547223256756e-11,unsafe,1.6081386836554228e-07,unsafe,5.866702778892468e-11,unsafe
35,B,H4,yoshida4,controlled_q0.001_phi4.712388980385,controlled,0.001,4.712388980385,-1,0.225,fit_ok,resolved,True,mixed,-1.1946166163179228e-05,-1.195378711758737e-05,-1,-1,False,same_sign,-7.620954408142115e-09,-7.620954408142115e-09,False,state,-1.1992740438565366e-05,False,-4.6574275386138255e-08,0.0,-4.663294241392718e-08,conservative,3.895332097799614e-08,unsafe,5.866702778892468e-11,unsafe
36,B,H4,yoshida4,controlled_q0.010_phi0.000000000000,controlled,0.01,0.0,-1,0.225,fit_ok,resolved,True,E_state_hartree,-1.1946166163179228e-05,-1.22468919732466e-05,-1,-1,False,same_sign,-3.0072581006737106e-07,-3.0072581006737106e-07,False,proxy,-1.1946102790207397e-05,False,6.337297183130566e-11,0.0,4.705944042380974e-12,unsafe,-3.0078918303920236e-07,conservative,5.866702778892468e-11,unsafe
37,B,H4,yoshida4,controlled_q0.010_phi1.570796326795,controlled,0.01,1.570796326795,-1,0.225,fit_ok,resolved,True,mixed,-1.1946166163179228e-05,-1.1716433462157573e-05,-1,-1,False,same_sign,2.2973270102165486e-07,2.2973270102165486e-07,True,fit,-1.1799261396668898e-05,False,1.4690476651033052e-07,0.0,1.468460994825416e-07,unsafe,8.282793451132433e-08,unsafe,5.866702778892468e-11,unsafe
38,B,H4,yoshida4,controlled_q0.010_phi3.141592653590,controlled,0.01,3.14159265359,-1,0.225,fit_ok,resolved,True,E_state_hartree,-1.1946166163179228e-05,-1.1332777630771783e-05,-1,-1,False,same_sign,6.133885324074451e-07,6.133885324074451e-07,True,state,-1.1946090407036474e-05,False,7.575614275463999e-11,0.0,1.7089114965715304e-11,unsafe,6.133127762646905e-07,unsafe,5.866702778892468e-11,unsafe
39,B,H4,yoshida4,controlled_q0.010_phi4.712388980385,controlled,0.01,4.712388980385,-1,0.225,fit_ok,resolved,True,mixed,-1.1946166163179228e-05,-1.1863236141862274e-05,-1,-1,False,same_sign,8.293002131695384e-08,8.293002131695384e-08,True,state,-1.2092931800567273e-05,False,-1.4676563738804505e-07,0.0,-1.4682430441583397e-07,conservative,2.296956587049989e-07,unsafe,5.866702778892468e-11,unsafe
40,B,H4,yoshida4,controlled_q0.050_phi0.000000000000,controlled,0.05,0.0,-1,0.225,fit_ok,resolved,True,E_state_hartree,-1.1946166163179228e-05,-1.2165939455175e-05,-1,-1,False,same_sign,-2.1977329199577256e-07,-2.1977329199577256e-07,False,proxy,-1.1946110655014862e-05,False,5.550816436608098e-11,0.0,-3.158863422843706e-12,conservative,-2.1982880016013864e-07,conservative,5.866702778892468e-11,unsafe
41,B,H4,yoshida4,controlled_q0.050_phi1.570796326795,controlled,0.05,1.570796326795,-1,0.225,fit_ok,resolved,True,E_state_hartree,-1.1946166163179228e-05,-1.1004007677279245e-05,-1,-1,False,same_sign,9.421584858999836e-07,9.421584858999836e-07,True,state,-1.1624464988317843e-05,False,3.217011748613851e-07,0.0,3.216425078335962e-07,unsafe,6.204573110385985e-07,unsafe,5.866702778892468e-11,unsafe
42,B,H4,yoshida4,controlled_q0.050_phi3.141592653590,controlled,0.05,3.14159265359,-1,0.225,fit_ok,resolved,True,E_state_hartree,-1.1946166163179228e-05,-1.0163636766170365e-05,-1,-1,False,same_sign,1.7825293970088635e-06,1.7825293970088635e-06,True,state,-1.1946083530556492e-05,False,8.263262273597912e-11,0.0,2.3965594947054436e-11,unsafe,1.7824467643861275e-06,unsafe,5.866702778892468e-11,unsafe
43,B,H4,yoshida4,controlled_q0.050_phi4.712388980385,controlled,0.05,4.712388980385,-1,0.225,fit_ok,resolved,True,E_state_hartree,-1.1946166163179228e-05,-1.1325568544062553e-05,-1,-1,False,same_sign,6.20597619116675e-07,6.20597619116675e-07,True,state,-1.2267729197245595e-05,False,-3.215630340663667e-07,0.0,-3.216217010941556e-07,conservative,9.421606531830416e-07,unsafe,5.866702778892468e-11,unsafe
44,B,H4,yoshida4,rhf,rhf,,,-1,0.275,fit_ok,resolved,True,E_state_hartree,-2.6516659085595862e-05,-2.0349373247931936e-05,-1,-1,False,same_sign,6.167285837663926e-06,6.167285837663926e-06,True,state,-2.6516566709112785e-05,False,9.237648307695769e-11,0.0,-1.9783311763476035e-10,conservative,6.167193461180849e-06,unsafe,2.9020960071171804e-10,unsafe
45,B,H4,yoshida4,cisd,cisd,,,-1,0.275,fit_ok,resolved,True,E_state_hartree,-2.6516659085595862e-05,-2.6261364615090936e-05,-1,-1,False,same_sign,2.5529447050492605e-07,2.5529447050492605e-07,True,state,-2.651650599917813e-05,False,1.5308641773196228e-10,0.0,-1.3712318297975576e-10,conservative,2.551413840871941e-07,unsafe,2.9020960071171804e-10,unsafe
46,B,H4,yoshida4,controlled_q0.001_phi0.000000000000,controlled,0.001,0.0,-1,0.275,fit_ok,resolved,True,E_state_hartree,-2.6516659085595862e-05,-2.6805720881074952e-05,-1,-1,False,same_sign,-2.890617954790902e-07,-2.890617954790902e-07,False,proxy,-2.6516467841020666e-05,False,1.9124457519595047e-10,0.0,-9.896502551576757e-11,conservative,-2.8925304005428617e-07,conservative,2.9020960071171804e-10,unsafe
47,B,H4,yoshida4,controlled_q0.001_phi1.570796326795,controlled,0.001,1.570796326795,-1,0.275,fit_ok,resolved,True,mixed,-2.6516659085595862e-05,-2.6418082881832026e-05,-1,-1,False,same_sign,9.857620376383522e-08,9.857620376383522e-08,True,fit,-2.638866722505591e-05,False,1.27991860539953e-07,0.0,1.2770165093924129e-07,unsafe,-2.9415656776117787e-08,conservative,2.9020960071171804e-10,unsafe
48,B,H4,yoshida4,controlled_q0.001_phi3.141592653590,controlled,0.001,3.14159265359,-1,0.275,fit_ok,resolved,True,E_state_hartree,-2.6516659085595862e-05,-2.6157790651234012e-05,-1,-1,False,same_sign,3.5886843436184964e-07,3.5886843436184964e-07,True,state,-2.6516511870895782e-05,False,1.47214700079259e-10,0.0,-1.4299490063245904e-10,conservative,3.587212196617704e-07,unsafe,2.9020960071171804e-10,unsafe
49,B,H4,yoshida4,controlled_q0.001_phi4.712388980385,controlled,0.001,4.712388980385,-1,0.275,fit_ok,resolved,True,mixed,-2.6516659085595862e-05,-2.6545428650476816e-05,-1,-1,False,same_sign,-2.876956488095383e-08,-2.876956488095383e-08,False,state,-2.6644312486856948e-05,False,-1.2765340126108638e-07,0.0,-1.279436108617981e-07,conservative,9.888383638013255e-08,unsafe,2.9020960071171804e-10,unsafe
50,B,H4,yoshida4,controlled_q0.010_phi0.000000000000,controlled,0.01,0.0,-1,0.275,fit_ok,resolved,True,E_state_hartree,-2.6516659085595862e-05,-2.7188990196587886e-05,-1,-1,False,same_sign,-6.723311109920245e-07,-6.723311109920245e-07,False,proxy,-2.651641930561955e-05,False,2.3977997631050366e-10,0.0,-5.042962440121438e-11,conservative,-6.72570890968335e-07,conservative,2.9020960071171804e-10,unsafe
51,B,H4,yoshida4,controlled_q0.010_phi1.570796326795,controlled,0.01,1.570796326795,-1,0.275,fit_ok,resolved,True,mixed,-2.6516659085595862e-05,-2.5968705411109363e-05,-1,-1,False,same_sign,5.479536744864984e-07,5.479536744864984e-07,True,fit,-2.611410284660609e-05,False,4.025562389897716e-07,0.0,4.0226602938905987e-07,unsafe,1.4539743549672683e-07,unsafe,2.9020960071171804e-10,unsafe
52,B,H4,yoshida4,controlled_q0.010_phi3.141592653590,controlled,0.01,3.14159265359,-1,0.275,fit_ok,resolved,True,E_state_hartree,-2.6516659085595862e-05,-2.514930522485148e-05,-1,-1,False,same_sign,1.3673538607443825e-06,1.3673538607443825e-06,True,state,-2.651655791170772e-05,False,1.0117388814213056e-10,0.0,-1.8903571256958748e-10,conservative,1.3672526868562403e-06,unsafe,2.9020960071171804e-10,unsafe
53,B,H4,yoshida4,controlled_q0.010_phi4.712388980385,controlled,0.01,4.712388980385,-1,0.275,fit_ok,resolved,True,mixed,-2.6516659085595862e-05,-2.6369590010334973e-05,-1,-1,False,same_sign,1.470690752608891e-07,1.470690752608891e-07,True,state,-2.691887437072112e-05,False,-4.0221528512525797e-07,0.0,-4.025054947259697e-07,conservative,5.492843603861471e-07,unsafe,2.9020960071171804e-10,unsafe
54,B,H4,yoshida4,controlled_q0.050_phi0.000000000000,controlled,0.05,0.0,-1,0.275,fit_ok,resolved,True,E_state_hartree,-2.6516659085595862e-05,-2.7013671270197736e-05,-1,-1,False,same_sign,-4.970121846018743e-07,-4.970121846018743e-07,False,proxy,-2.6516331261725158e-05,False,3.27823870703754e-10,0.0,3.761426999203594e-11,unsafe,-4.973400084725781e-07,conservative,2.9020960071171804e-10,unsafe
55,B,H4,yoshida4,controlled_q0.050_phi1.570796326795,controlled,0.05,1.570796326795,-1,0.275,fit_ok,resolved,True,E_state_hartree,-2.6516659085595862e-05,-2.4340723922385888e-05,-1,-1,False,same_sign,2.175935163209974e-06,2.175935163209974e-06,True,state,-2.563508556819338e-05,False,8.81573517402481e-07,0.0,8.812833078017692e-07,unsafe,1.294361645807493e-06,unsafe,2.9020960071171804e-10,unsafe
56,B,H4,yoshida4,controlled_q0.050_phi3.141592653590,controlled,0.05,3.14159265359,-1,0.275,fit_ok,resolved,True,E_state_hartree,-2.6516659085595862e-05,-2.2545885880710018e-05,-1,-1,False,same_sign,3.970773204885844e-06,3.970773204885844e-06,True,state,-2.6516634868539082e-05,False,2.421705677923278e-11,0.0,-2.6599254393248526e-10,conservative,3.970748987829065e-06,unsafe,2.9020960071171804e-10,unsafe
57,B,H4,yoshida4,controlled_q0.050_phi4.712388980385,controlled,0.05,4.712388980385,-1,0.275,fit_ok,resolved,True,E_state_hartree,-2.6516659085595862e-05,-2.5218833228520114e-05,-1,-1,False,same_sign,1.2978258570757474e-06,1.2978258570757474e-06,True,state,-2.7397880562084422e-05,False,-8.812214764885607e-07,0.0,-8.815116860892724e-07,conservative,2.179047333564308e-06,unsafe,2.9020960071171804e-10,unsafe
58,B,H4,yoshida4,rhf,rhf,,,-1,0.35,fit_ok,resolved,True,E_state_hartree,-6.88840702669502e-05,-5.289674167072824e-05,-1,-1,False,same_sign,1.5987328596221963e-05,1.5987328596221963e-05,True,state,-6.887828157325104e-05,False,5.788693699160024e-09,0.0,3.815960029374414e-09,unsafe,1.598153990252281e-05,unsafe,1.972733669778834e-09,unsafe
59,B,H4,yoshida4,cisd,cisd,,,-1,0.35,fit_ok,resolved,True,E_state_hartree,-6.88840702669502e-05,-6.82107819763171e-05,-1,-1,False,same_sign,6.732882906331042e-07,6.732882906331042e-07,True,state,-6.887942914083863e-05,False,4.641126111573114e-09,0.0,2.6683924417942803e-09,unsafe,6.686471645215311e-07,unsafe,1.972733669778834e-09,unsafe
60,B,H4,yoshida4,controlled_q0.001_phi0.000000000000,controlled,0.001,0.0,-1,0.35,fit_ok,resolved,True,E_state_hartree,-6.88840702669502e-05,-6.963916896803012e-05,-1,-1,False,same_sign,-7.550987010799176e-07,-7.550987010799176e-07,False,proxy,-6.888016506396483e-05,False,3.905202985369626e-09,0.0,1.9324693155907922e-09,unsafe,-7.590039040652872e-07,conservative,1.972733669778834e-09,unsafe
61,B,H4,yoshida4,controlled_q0.001_phi1.570796326795,controlled,0.001,1.570796326795,-1,0.35,fit_ok,resolved,True,mixed,-6.88840702669502e-05,-6.856492873130389e-05,-1,-1,False,same_sign,3.1914153564631626e-07,3.1914153564631626e-07,True,fit,-6.843798186398037e-05,False,4.460884029698289e-07,0.0,4.441156693000501e-07,unsafe,-1.2694686732351267e-07,conservative,1.972733669778834e-09,unsafe
62,B,H4,yoshida4,controlled_q0.001_phi3.141592653590,controlled,0.001,3.14159265359,-1,0.35,fit_ok,resolved,True,E_state_hartree,-6.88840702669502e-05,-6.793936772559458e-05,-1,-1,False,same_sign,9.447025413556262e-07,9.447025413556262e-07,True,state,-6.88793158971344e-05,False,4.754369815809095e-09,0.0,2.7816361460302613e-09,unsafe,9.399481715398171e-07,unsafe,1.972733669778834e-09,unsafe
63,B,H4,yoshida4,controlled_q0.001_phi4.712388980385,controlled,0.001,4.712388980385,-1,0.35,fit_ok,resolved,True,mixed,-6.88840702669502e-05,-6.901360796231699e-05,-1,-1,False,same_sign,-1.2953769536678584e-07,-1.2953769536678584e-07,False,state,-6.932149909711212e-05,False,-4.374288301619146e-07,0.0,-4.3940156383169343e-07,conservative,3.0789113479512875e-07,unsafe,1.972733669778834e-09,unsafe
64,B,H4,yoshida4,controlled_q0.010_phi0.000000000000,controlled,0.01,0.0,-1,0.35,fit_ok,resolved,True,E_state_hartree,-6.88840702669502e-05,-7.065053113517903e-05,-1,-1,False,same_sign,-1.76646086822883e-06,-1.76646086822883e-06,False,proxy,-6.888110110828497e-05,False,2.9691586652308205e-09,0.0,9.964249954519866e-10,unsafe,-1.7694300268940609e-06,conservative,1.972733669778834e-09,unsafe
65,B,H4,yoshida4,controlled_q0.010_phi1.570796326795,controlled,0.01,1.570796326795,-1,0.35,fit_ok,resolved,True,mixed,-6.88840702669502e-05,-6.726882186162775e-05,-1,-1,False,same_sign,1.6152484053224523e-06,1.6152484053224523e-06,True,fit,-6.748910797969427e-05,False,1.3949622872559355e-06,0.0,1.3929895535861567e-06,unsafe,2.2028611806651673e-07,unsafe,1.972733669778834e-09,unsafe
66,B,H4,yoshida4,controlled_q0.010_phi3.141592653590,controlled,0.01,3.14159265359,-1,0.35,fit_ok,resolved,True,E_state_hartree,-6.88840702669502e-05,-6.529955522842788e-05,-1,-1,False,same_sign,3.584515038522327e-06,3.584515038522327e-06,True,state,-6.887842793030572e-05,False,5.642336644483487e-09,0.0,3.669602974704653e-09,unsafe,3.5788727018778435e-06,unsafe,1.972733669778834e-09,unsafe
67,B,H4,yoshida4,controlled_q0.010_phi4.712388980385,controlled,0.01,4.712388980385,-1,0.35,fit_ok,resolved,True,mixed,-6.88840702669502e-05,-6.868126450200059e-05,-1,-1,False,same_sign,2.028057649496181e-07,2.028057649496181e-07,True,state,-7.027042105892014e-05,False,-1.3863507919699381e-06,0.0,-1.388323525639717e-06,conservative,1.5891565569195563e-06,unsafe,1.972733669778834e-09,unsafe
68,B,H4,yoshida4,controlled_q0.050_phi0.000000000000,controlled,0.05,0.0,-1,0.35,fit_ok,resolved,True,E_state_hartree,-6.88840702669502e-05,-7.021673143560889e-05,-1,-1,False,same_sign,-1.332661168658688e-06,-1.332661168658688e-06,False,proxy,-6.888279906163035e-05,False,1.2712053198548224e-09,0.0,-7.015283499240115e-10,conservative,-1.333932373978543e-06,conservative,1.972733669778834e-09,unsafe
69,B,H4,yoshida4,controlled_q0.050_phi1.570796326795,controlled,0.05,1.570796326795,-1,0.35,fit_ok,resolved,True,E_state_hartree,-6.88840702669502e-05,-6.280933691469094e-05,-1,-1,False,same_sign,6.074733352259259e-06,6.074733352259259e-06,True,fit,-6.583373675615284e-05,False,3.050333510797368e-06,0.0,3.0483607771275892e-06,unsafe,3.0243998414618913e-06,unsafe,1.972733669778834e-09,unsafe
70,B,H4,yoshida4,controlled_q0.050_phi3.141592653590,controlled,0.05,3.14159265359,-1,0.35,fit_ok,resolved,True,E_state_hartree,-6.88840702669502e-05,-5.849579790569652e-05,-1,-1,False,same_sign,1.0388272361253684e-05,1.0388272361253684e-05,True,state,-6.887694365470007e-05,False,7.126612250132089e-09,0.0,5.153878580353255e-09,unsafe,1.0381145749003552e-05,unsafe,1.972733669778834e-09,unsafe
71,B,H4,yoshida4,controlled_q0.050_phi4.712388980385,controlled,0.05,4.712388980385,-1,0.35,fit_ok,resolved,True,E_state_hartree,-6.88840702669502e-05,-6.590319242664047e-05,-1,-1,False,same_sign,2.980877840309736e-06,2.980877840309736e-06,True,state,-7.1926005960189e-05,False,-3.0419356932387924e-06,0.0,-3.0439084269085712e-06,conservative,6.022813533548528e-06,unsafe,1.972733669778834e-09,unsafe
72,B,H4,yoshida4,rhf,rhf,,,-1,0.4,fit_ok,resolved,True,E_state_hartree,-0.00011657482874349867,-8.956086830356528e-05,-1,-1,False,same_sign,2.7013960439933388e-05,2.7013960439933388e-05,True,state,-0.0001165480539606184,False,2.6774782880271053e-08,0.0,2.109313095529134e-08,unsafe,2.6987185657053117e-05,unsafe,5.681651924979714e-09,unsafe
73,B,H4,yoshida4,cisd,cisd,,,-1,0.4,fit_ok,resolved,True,E_state_hartree,-0.00011657482874349867,-0.0001154154159869486,-1,-1,False,same_sign,1.1594127565500695e-06,1.1594127565500695e-06,True,state,-0.00011655429345514696,False,2.053528835170603e-08,0.0,1.4853636426726317e-08,unsafe,1.1388774681983635e-06,unsafe,5.681651924979714e-09,unsafe
74,B,H4,yoshida4,controlled_q0.001_phi0.000000000000,controlled,0.001,0.0,-1,0.4,fit_ok,resolved,True,E_state_hartree,-0.00011657482874349867,-0.0001178522765520868,-1,-1,False,same_sign,-1.277447808588125e-06,-1.277447808588125e-06,False,fit,-0.00011655836034661158,False,1.6468396887094104e-08,0.0,1.078674496211439e-08,unsafe,-1.2939162054752192e-06,conservative,5.681651924979714e-09,unsafe
75,B,H4,yoshida4,controlled_q0.001_phi1.570796326795,controlled,0.001,1.570796326795,-1,0.4,fit_ok,resolved,True,mixed,-0.00011657482874349867,-0.00011594170023324787,-1,-1,False,same_sign,6.331285102507999e-07,6.331285102507999e-07,True,fit,-0.00011566645959935616,False,9.08369144142512e-07,0.0,9.026874922175322e-07,unsafe,-2.7524063389171207e-07,conservative,5.681651924979714e-09,unsafe
76,B,H4,yoshida4,controlled_q0.001_phi3.141592653590,controlled,0.001,3.14159265359,-1,0.4,fit_ok,resolved,True,E_state_hartree,-0.00011657482874349867,-0.00011495287264574388,-1,-1,False,same_sign,1.6219560977547904e-06,1.6219560977547904e-06,True,state,-0.00011655366764040845,False,2.1161103090224192e-08,0.0,1.547945116524448e-08,unsafe,1.6007949946645662e-06,unsafe,5.681651924979714e-09,unsafe
77,B,H4,yoshida4,controlled_q0.001_phi4.712388980385,controlled,0.001,4.712388980385,-1,0.4,fit_ok,resolved,True,mixed,-0.00011657482874349867,-0.00011686344896457145,-1,-1,False,same_sign,-2.8862022107277755e-07,-2.8862022107277755e-07,False,state,-0.00011744556838765155,False,-8.707396441528744e-07,0.0,-8.764212960778541e-07,conservative,5.821194230800969e-07,unsafe,5.681651924979714e-09,unsafe
78,B,H4,yoshida4,controlled_q0.010_phi0.000000000000,controlled,0.01,0.0,-1,0.4,fit_ok,resolved,True,E_state_hartree,-0.00011657482874349867,-0.00011958541596273091,-1,-1,False,same_sign,-3.0105872192322377e-06,-3.0105872192322377e-06,False,proxy,-0.00011656353312109222,False,1.1295622406447704e-08,0.0,5.61397048146799e-09,unsafe,-3.0218828416386854e-06,conservative,5.681651924979714e-09,unsafe
79,B,H4,yoshida4,controlled_q0.010_phi1.570796326795,controlled,0.01,1.570796326795,-1,0.4,fit_ok,resolved,True,mixed,-0.00011657482874349867,-0.00011357091991767844,-1,-1,False,same_sign,3.0039088258202357e-06,3.0039088258202357e-06,True,fit,-0.00011375582873159348,False,2.8190000119051917e-06,0.0,2.813318359980212e-06,unsafe,1.84908813915044e-07,unsafe,5.681651924979714e-09,unsafe
80,B,H4,yoshida4,controlled_q0.010_phi3.141592653590,controlled,0.01,3.14159265359,-1,0.4,fit_ok,resolved,True,E_state_hartree,-0.00011657482874349867,-0.0001104580897439603,-1,-1,False,same_sign,6.116738999538369e-06,6.116738999538369e-06,True,state,-0.00011654876047756,False,2.606826593866754e-08,0.0,2.0386614013687826e-08,unsafe,6.0906707335997015e-06,unsafe,5.681651924979714e-09,unsafe
81,B,H4,yoshida4,controlled_q0.010_phi4.712388980385,controlled,0.01,4.712388980385,-1,0.4,fit_ok,resolved,True,mixed,-0.00011657482874349867,-0.00011647258578906079,-1,-1,False,same_sign,1.0224295443787899e-07,1.0224295443787899e-07,True,state,-0.00011935646486711026,False,-2.7816361236115896e-06,0.0,-2.7873177755365693e-06,conservative,2.8838790780494686e-06,unsafe,5.681651924979714e-09,unsafe
82,B,H4,yoshida4,controlled_q0.050_phi0.000000000000,controlled,0.05,0.0,-1,0.4,fit_ok,resolved,True,E_state_hartree,-0.00011657482874349867,-0.00011888114795723055,-1,-1,False,same_sign,-2.3063192137318784e-06,-2.3063192137318784e-06,False,proxy,-0.000116572916261799,False,1.912481699671868e-09,0.0,-3.769170225307846e-09,conservative,-2.3082316954315502e-06,conservative,5.681651924979714e-09,unsafe
83,B,H4,yoshida4,controlled_q0.050_phi1.570796326795,controlled,0.05,1.570796326795,-1,0.4,fit_ok,resolved,True,E_state_hartree,-0.00011657482874349867,-0.00010570682058408243,-1,-1,False,same_sign,1.0868008159416236e-05,1.0868008159416236e-05,True,fit,-0.00011042283876270346,False,6.151989980795206e-06,0.0,6.146308328870226e-06,unsafe,4.71601817862103e-06,unsafe,5.681651924979714e-09,unsafe
84,B,H4,yoshida4,controlled_q0.050_phi3.141592653590,controlled,0.05,3.14159265359,-1,0.4,fit_ok,resolved,True,E_state_hartree,-0.00011657482874349867,-9.888838667772953e-05,-1,-1,False,same_sign,1.7686442065769143e-05,1.7686442065769143e-05,True,state,-0.00011654055783299649,False,3.427091050218166e-08,0.0,2.8589258577201948e-08,unsafe,1.765217115526696e-05,unsafe,5.681651924979714e-09,unsafe
85,B,H4,yoshida4,controlled_q0.050_phi4.712388980385,controlled,0.05,4.712388980385,-1,0.4,fit_ok,resolved,True,E_state_hartree,-0.00011657482874349867,-0.00011206271405096374,-1,-1,False,same_sign,4.512114692534929e-06,4.512114692534929e-06,True,state,-0.00012269063533218522,False,-6.115806588686553e-06,0.0,-6.121488240611533e-06,conservative,1.0627921281221482e-05,unsafe,5.681651924979714e-09,unsafe
86,B,H4,yoshida4,rhf,rhf,,,1,0.125,fit_ok,resolved,True,E_state_hartree,-1.1464821778606193e-06,-8.790361728519842e-07,-1,-1,False,same_sign,2.6744600500863517e-07,2.6744600500863517e-07,True,state,-1.1464090403992298e-06,False,7.31374613895111e-11,0.0,7.259692816167723e-11,unsafe,2.6737286754724566e-07,unsafe,5.40533227833868e-13,unsafe
87,B,H4,yoshida4,cisd,cisd,,,1,0.125,fit_ok,resolved,True,E_state_hartree,-1.1464821778606193e-06,-1.1355372208744197e-06,-1,-1,False,same_sign,1.0944956986199609e-08,1.0944956986199609e-08,True,state,-1.1464317774429346e-06,False,5.040041768473011e-11,0.0,4.985988445689624e-11,unsafe,1.0894556568514879e-08,unsafe,5.40533227833868e-13,unsafe
88,B,H4,yoshida4,controlled_q0.001_phi0.000000000000,controlled,0.001,0.0,1,0.125,fit_ok,resolved,True,E_state_hartree,-1.1464821778606193e-06,-1.1587734307960833e-06,-1,-1,False,same_sign,-1.229125293546393e-08,-1.229125293546393e-08,False,fit,-1.1464457789995433e-06,False,3.639886107601462e-11,0.0,3.5858327848180754e-11,unsafe,-1.2327651796539944e-08,conservative,5.40533227833868e-13,unsafe
89,B,H4,yoshida4,controlled_q0.001_phi1.570796326795,controlled,0.001,1.570796326795,1,0.125,fit_ok,resolved,True,mixed,-1.1464821778606193e-06,-1.1434155339852705e-06,-1,-1,False,same_sign,3.066643875348874e-09,3.066643875348874e-09,True,state,-1.1461320708796757e-06,False,3.5010698094365543e-10,0.0,3.4956644771582156e-10,unsafe,2.7165368944052184e-09,unsafe,5.40533227833868e-13,unsafe
90,B,H4,yoshida4,controlled_q0.001_phi3.141592653590,controlled,0.001,3.14159265359,1,0.125,fit_ok,resolved,True,E_state_hartree,-1.1464821778606193e-06,-1.131108535827008e-06,-1,-1,False,same_sign,1.5373642033611314e-08,1.5373642033611314e-08,True,state,-1.1464296229365364e-06,False,5.255492408293268e-11,0.0,5.201439085509881e-11,unsafe,1.532108710952838e-08,unsafe,5.40533227833868e-13,unsafe
91,B,H4,yoshida4,controlled_q0.001_phi4.712388980385,controlled,0.001,4.712388980385,1,0.125,fit_ok,resolved,True,mixed,-1.1464821778606193e-06,-1.146466432637889e-06,-1,-1,False,same_sign,1.574522273032414e-11,1.574522273032414e-11,True,state,-1.1467433310514775e-06,False,-2.6115319085815275e-10,0.0,-2.616937240859866e-10,conservative,2.768984135884769e-10,unsafe,5.40533227833868e-13,unsafe
92,B,H4,yoshida4,controlled_q0.010_phi0.000000000000,controlled,0.01,0.0,1,0.125,fit_ok,resolved,True,E_state_hartree,-1.1464821778606193e-06,-1.175015540358311e-06,-1,-1,False,same_sign,-2.8533362497691702e-08,-2.8533362497691702e-08,False,fit,-1.1464635888158875e-06,False,1.8589044731796427e-11,0.0,1.804851150396256e-11,unsafe,-2.85519515424235e-08,conservative,5.40533227833868e-13,unsafe
93,B,H4,yoshida4,controlled_q0.010_phi1.570796326795,controlled,0.01,1.570796326795,1,0.125,fit_ok,resolved,True,mixed,-1.1464821778606193e-06,-1.126668866781688e-06,-1,-1,False,same_sign,1.9813311078931305e-08,1.9813311078931305e-08,True,state,-1.145476035367733e-06,False,1.0061424928862632e-09,0.0,1.0056019596584294e-09,unsafe,1.880716858604504e-08,unsafe,5.40533227833868e-13,unsafe
94,B,H4,yoshida4,controlled_q0.010_phi3.141592653590,controlled,0.01,3.14159265359,1,0.125,fit_ok,resolved,True,E_state_hartree,-1.1464821778606193e-06,-1.087926425027263e-06,-1,-1,False,same_sign,5.855575283335629e-08,5.855575283335629e-08,True,state,-1.1464127295143737e-06,False,6.944834624561114e-11,0.0,6.890781301777727e-11,unsafe,5.848630448711068e-08,unsafe,5.40533227833868e-13,unsafe
95,B,H4,yoshida4,controlled_q0.010_phi4.712388980385,controlled,0.01,4.712388980385,1,0.125,fit_ok,resolved,True,mixed,-1.1464821778606193e-06,-1.1362730986039238e-06,-1,-1,False,same_sign,1.0209079256695589e-08,1.0209079256695589e-08,True,state,-1.1474002829858235e-06,False,-9.181051252041676e-10,0.0,-9.186456584320014e-10,conservative,1.1127184381899756e-08,unsafe,5.40533227833868e-13,unsafe
96,B,H4,yoshida4,controlled_q0.050_phi0.000000000000,controlled,0.05,0.0,1,0.125,fit_ok,resolved,True,E_state_hartree,-1.1464821778606193e-06,-1.1669855810824092e-06,-1,-1,False,same_sign,-2.0503403221789874e-08,-2.0503403221789874e-08,False,proxy,-1.1464958974445686e-06,False,-1.3719583949280798e-11,0.0,-1.4260117177114666e-11,conservative,-2.0489683637840593e-08,conservative,5.40533227833868e-13,unsafe
97,B,H4,yoshida4,controlled_q0.050_phi1.570796326795,controlled,0.05,1.570796326795,1,0.125,fit_ok,resolved,True,E_state_hartree,-1.1464821778606193e-06,-1.0610856186737758e-06,-1,-1,False,same_sign,8.539655918684358e-08,8.539655918684358e-08,True,state,-1.144332731591794e-06,False,2.1494462688253394e-09,0.0,2.1489057355975055e-09,unsafe,8.324711291801824e-08,unsafe,5.40533227833868e-13,unsafe
98,B,H4,yoshida4,controlled_q0.050_phi3.141592653590,controlled,0.05,3.14159265359,1,0.125,fit_ok,resolved,True,E_state_hartree,-1.1464821778606193e-06,-9.762230454697534e-07,-1,-1,False,same_sign,1.7025913239086597e-07,1.7025913239086597e-07,True,state,-1.14638449374872e-06,False,9.768411189926989e-11,0.0,9.714357867143602e-11,unsafe,1.701614482789667e-07,unsafe,5.40533227833868e-13,unsafe
99,B,H4,yoshida4,controlled_q0.050_phi4.712388980385,controlled,0.05,4.712388980385,1,0.125,fit_ok,resolved,True,E_state_hartree,-1.1464821778606193e-06,-1.0821230078776753e-06,-1,-1,False,same_sign,6.435916998294402e-08,6.435916998294402e-08,True,state,-1.1485476595799894e-06,False,-2.065481719370031e-09,0.0,-2.0660222525978647e-09,conservative,6.642465170231405e-08,unsafe,5.40533227833868e-13,unsafe
100,B,H4,yoshida4,rhf,rhf,,,1,0.175,fit_ok,resolved,True,E_state_hartree,-4.390323548264519e-06,-3.366960237809562e-06,-1,-1,False,same_sign,1.0233633104549566e-06,1.0233633104549566e-06,True,state,-4.390184870830757e-06,False,1.3867743376199065e-10,0.0,1.307812083095051e-10,unsafe,1.023224633021195e-06,unsafe,7.896225452062042e-12,unsafe
101,B,H4,yoshida4,cisd,cisd,,,1,0.175,fit_ok,resolved,True,E_state_hartree,-4.390323548264519e-06,-4.348370185719401e-06,-1,-1,False,same_sign,4.1953362545118e-08,4.1953362545118e-08,True,state,-4.3902255225780745e-06,False,9.802568644411966e-11,0.0,9.012946099205761e-11,unsafe,4.185533685867388e-08,unsafe,7.896225452062042e-12,unsafe
102,B,H4,yoshida4,controlled_q0.001_phi0.000000000000,controlled,0.001,0.0,1,0.175,fit_ok,resolved,True,E_state_hartree,-4.390323548264519e-06,-4.437635808062815e-06,-1,-1,False,same_sign,-4.7312259798296425e-08,-4.7312259798296425e-08,False,fit,-4.390250747591066e-06,False,7.280067345283374e-11,0.0,6.49044480007717e-11,unsafe,-4.738506047174926e-08,conservative,7.896225452062042e-12,unsafe
103,B,H4,yoshida4,controlled_q0.001_phi1.570796326795,controlled,0.001,1.570796326795,1,0.175,fit_ok,resolved,True,mixed,-4.390323548264519e-06,-4.377494298564647e-06,-1,-1,False,same_sign,1.282924969987179e-08,1.282924969987179e-08,True,state,-4.3898252847800315e-06,False,4.982634844871592e-10,0.0,4.903672590350972e-10,unsafe,1.2330986215384632e-08,unsafe,7.896225452062042e-12,unsafe
104,B,H4,yoshida4,controlled_q0.001_phi3.141592653590,controlled,0.001,3.14159265359,1,0.175,fit_ok,resolved,True,E_state_hartree,-4.390323548264519e-06,-4.3313639451441385e-06,-1,-1,False,same_sign,5.89596031203802e-08,5.89596031203802e-08,True,state,-4.3902216410241014e-06,False,1.0190724041721607e-10,0.0,9.401101496515403e-11,unsafe,5.885769587996298e-08,unsafe,7.896225452062042e-12,unsafe
105,B,H4,yoshida4,controlled_q0.001_phi4.712388980385,controlled,0.001,4.712388980385,1,0.175,fit_ok,resolved,True,mixed,-4.390323548264519e-06,-4.3915054546425e-06,-1,-1,False,same_sign,-1.1819063779811405e-09,-1.1819063779811405e-09,False,proxy,-4.390647103837025e-06,False,-3.2355557250599286e-10,0.0,-3.314517979580549e-10,conservative,-8.583508054751476e-10,conservative,7.896225452062042e-12,unsafe
106,B,H4,yoshida4,controlled_q0.010_phi0.000000000000,controlled,0.01,0.0,1,0.175,fit_ok,resolved,True,E_state_hartree,-4.390323548264519e-06,-4.500145804557427e-06,-1,-1,False,same_sign,-1.098222562929087e-07,-1.098222562929087e-07,False,fit,-4.390282833127295e-06,False,4.0715137223988173e-11,0.0,3.281891177192613e-11,unsafe,-1.0986297143013268e-07,conservative,7.896225452062042e-12,unsafe
107,B,H4,yoshida4,controlled_q0.010_phi1.570796326795,controlled,0.01,1.570796326795,1,0.175,fit_ok,resolved,True,mixed,-4.390323548264519e-06,-4.310820276203718e-06,-1,-1,False,same_sign,7.950327206080071e-08,7.950327206080071e-08,True,state,-4.38894347579162e-06,False,1.3800724728987323e-09,0.0,1.3721762474466702e-09,unsafe,7.812319958790198e-08,unsafe,7.896225452062042e-12,unsafe
108,B,H4,yoshida4,controlled_q0.010_phi3.141592653590,controlled,0.01,3.14159265359,1,0.175,fit_ok,resolved,True,E_state_hartree,-4.390323548264519e-06,-4.165601880334488e-06,-1,-1,False,same_sign,2.2472166793003082e-07,2.2472166793003082e-07,True,state,-4.390191205627159e-06,False,1.3234263735927238e-10,0.0,1.2444641190721033e-10,unsafe,2.2458932529267155e-07,unsafe,7.896225452062042e-12,unsafe
109,B,H4,yoshida4,controlled_q0.010_phi4.712388980385,controlled,0.01,4.712388980385,1,0.175,fit_ok,resolved,True,mixed,-4.390323548264519e-06,-4.354927408688511e-06,-1,-1,False,same_sign,3.539613957600801e-08,3.539613957600801e-08,True,state,-4.391530562957869e-06,False,-1.2070146933501646e-09,0.0,-1.2149109188022266e-09,conservative,3.6603154269358174e-08,unsafe,7.896225452062042e-12,unsafe
110,B,H4,yoshida4,controlled_q0.050_phi0.000000000000,controlled,0.05,0.0,1,0.175,fit_ok,resolved,True,E_state_hartree,-4.390323548264519e-06,-4.469822181119779e-06,-1,-1,False,same_sign,-7.949863285526013e-08,-7.949863285526013e-08,False,proxy,-4.390341038126375e-06,False,-1.7489861856255235e-11,0.0,-2.5386087308317277e-11,conservative,-7.948114299340387e-08,conservative,7.896225452062042e-12,unsafe
111,B,H4,yoshida4,controlled_q0.050_phi1.570796326795,controlled,0.05,1.570796326795,1,0.175,fit_ok,resolved,True,E_state_hartree,-4.390323548264519e-06,-4.05511802771065e-06,-1,-1,False,same_sign,3.352055205538684e-07,3.352055205538684e-07,True,state,-4.387407270817892e-06,False,2.9162774466269967e-09,0.0,2.9083812211749347e-09,unsafe,3.322892431072414e-07,unsafe,7.896225452062042e-12,unsafe
112,B,H4,yoshida4,controlled_q0.050_phi3.141592653590,controlled,0.05,3.14159265359,1,0.175,fit_ok,resolved,True,E_state_hartree,-4.390323548264519e-06,-3.737027422371962e-06,-1,-1,False,same_sign,6.532961258925567e-07,6.532961258925567e-07,True,state,-4.3901403345804654e-06,False,1.8321368405322107e-10,0.0,1.7531745860073551e-10,unsafe,6.531129122085039e-07,unsafe,7.896225452062042e-12,unsafe
113,B,H4,yoshida4,controlled_q0.050_phi4.712388980385,controlled,0.05,4.712388980385,1,0.175,fit_ok,resolved,True,E_state_hartree,-4.390323548264519e-06,-4.151731575778968e-06,-1,-1,False,same_sign,2.3859197248555044e-07,2.3859197248555044e-07,True,state,-4.393074101873676e-06,False,-2.75055360915718e-09,0.0,-2.758449834609242e-09,conservative,2.413425260947076e-07,unsafe,7.896225452062042e-12,unsafe
114,B,H4,yoshida4,rhf,rhf,,,1,0.225,fit_ok,resolved,True,E_state_hartree,-1.1946166163179228e-05,-9.164359090838506e-06,-1,-1,False,same_sign,2.781807072340722e-06,2.781807072340722e-06,True,state,-1.1946089825577976e-05,False,7.63376012521879e-11,0.0,1.7670573463263216e-11,unsafe,2.78173073473947e-06,unsafe,5.866702778892468e-11,unsafe
115,B,H4,yoshida4,cisd,cisd,,,1,0.225,fit_ok,resolved,True,E_state_hartree,-1.1946166163179228e-05,-1.1831726609862977e-05,-1,-1,False,same_sign,1.1443955331625153e-07,1.1443955331625153e-07,True,state,-1.1946095045200658e-05,False,7.111797856991324e-11,0.0,1.2450950780988558e-11,unsafe,1.1436843533768162e-07,unsafe,5.866702778892468e-11,unsafe
116,B,H4,yoshida4,controlled_q0.001_phi0.000000000000,controlled,0.001,0.0,1,0.225,fit_ok,resolved,True,E_state_hartree,-1.1946166163179228e-05,-1.2075659962881133e-05,-1,-1,False,same_sign,-1.2949379970190512e-07,-1.2949379970190512e-07,False,proxy,-1.194609845426597e-05,False,6.770891325776551e-11,0.0,9.041885468840825e-12,unsafe,-1.295615086151629e-07,conservative,5.866702778892468e-11,unsafe
117,B,H4,yoshida4,controlled_q0.001_phi1.570796326795,controlled,0.001,1.570796326795,1,0.225,fit_ok,resolved,True,mixed,-1.1946166163179228e-05,-1.1907153497532703e-05,-1,-1,False,same_sign,3.901266564652549e-08,3.901266564652549e-08,True,state,-1.1946106818510699e-05,False,5.934466852934757e-11,0.0,6.776407404228846e-13,unsafe,3.895332097799614e-08,unsafe,5.866702778892468e-11,unsafe
118,B,H4,yoshida4,controlled_q0.001_phi3.141592653590,controlled,0.001,3.14159265359,1,0.225,fit_ok,resolved,True,E_state_hartree,-1.1946166163179228e-05,-1.1785280652238674e-05,-1,-1,False,same_sign,1.6088551094055446e-07,1.6088551094055446e-07,True,state,-1.1946094520604216e-05,False,7.164257501218144e-11,0.0,1.2975547223256756e-11,unsafe,1.6081386836554228e-07,unsafe,5.866702778892468e-11,unsafe
119,B,H4,yoshida4,controlled_q0.001_phi4.712388980385,controlled,0.001,4.712388980385,1,0.225,fit_ok,resolved,True,mixed,-1.1946166163179228e-05,-1.195378711758737e-05,-1,-1,False,same_sign,-7.620954408142115e-09,-7.620954408142115e-09,False,proxy,-1.1946086156361837e-05,False,8.000681739092999e-11,0.0,2.13397896020053e-11,unsafe,-7.700961225533045e-09,conservative,5.866702778892468e-11,unsafe
120,B,H4,yoshida4,controlled_q0.010_phi0.000000000000,controlled,0.01,0.0,1,0.225,fit_ok,resolved,True,E_state_hartree,-1.1946166163179228e-05,-1.22468919732466e-05,-1,-1,False,same_sign,-3.0072581006737106e-07,-3.0072581006737106e-07,False,proxy,-1.1946102790207399e-05,False,6.337297182961159e-11,0.0,4.705944040686908e-12,unsafe,-3.0078918303920067e-07,conservative,5.866702778892468e-11,unsafe
121,B,H4,yoshida4,controlled_q0.010_phi1.570796326795,controlled,0.01,1.570796326795,1,0.225,fit_ok,resolved,True,mixed,-1.1946166163179228e-05,-1.1716433462157573e-05,-1,-1,False,same_sign,2.2973270102165486e-07,2.2973270102165486e-07,True,state,-1.1946129120862572e-05,False,3.704231665597069e-11,0.0,-2.162471113295399e-11,conservative,2.296956587049989e-07,unsafe,5.866702778892468e-11,unsafe
122,B,H4,yoshida4,controlled_q0.010_phi3.141592653590,controlled,0.01,3.14159265359,1,0.225,fit_ok,resolved,True,E_state_hartree,-1.1946166163179228e-05,-1.1332777630771783e-05,-1,-1,False,same_sign,6.133885324074451e-07,6.133885324074451e-07,True,state,-1.1946090407036474e-05,False,7.575614275463999e-11,0.0,1.7089114965715304e-11,unsafe,6.133127762646905e-07,unsafe,5.866702778892468e-11,unsafe
123,B,H4,yoshida4,controlled_q0.010_phi4.712388980385,controlled,0.01,4.712388980385,1,0.225,fit_ok,resolved,True,mixed,-1.1946166163179228e-05,-1.1863236141862274e-05,-1,-1,False,same_sign,8.293002131695384e-08,8.293002131695384e-08,True,state,-1.1946064076373599e-05,False,1.0208680562950444e-10,0.0,4.341977784057976e-11,unsafe,8.282793451132433e-08,unsafe,5.866702778892468e-11,unsafe
124,B,H4,yoshida4,controlled_q0.050_phi0.000000000000,controlled,0.05,0.0,1,0.225,fit_ok,resolved,True,E_state_hartree,-1.1946166163179228e-05,-1.2165939455175e-05,-1,-1,False,same_sign,-2.1977329199577256e-07,-2.1977329199577256e-07,False,proxy,-1.1946110655014862e-05,False,5.550816436608098e-11,0.0,-3.158863422843706e-12,conservative,-2.1982880016013864e-07,conservative,5.866702778892468e-11,unsafe
125,B,H4,yoshida4,controlled_q0.050_phi1.570796326795,controlled,0.05,1.570796326795,1,0.225,fit_ok,resolved,True,E_state_hartree,-1.1946166163179228e-05,-1.1004007677279245e-05,-1,-1,False,same_sign,9.421584858999836e-07,9.421584858999836e-07,True,state,-1.1946168330462286e-05,False,-2.1672830580020267e-12,0.0,-6.083431084692671e-11,conservative,9.421606531830416e-07,unsafe,5.866702778892468e-11,unsafe
126,B,H4,yoshida4,controlled_q0.050_phi3.141592653590,controlled,0.05,3.14159265359,1,0.225,fit_ok,resolved,True,E_state_hartree,-1.1946166163179228e-05,-1.0163636766170365e-05,-1,-1,False,same_sign,1.7825293970088635e-06,1.7825293970088635e-06,True,state,-1.1946083530556492e-05,False,8.263262273597912e-11,0.0,2.3965594947054436e-11,unsafe,1.7824467643861275e-06,unsafe,5.866702778892468e-11,unsafe
127,B,H4,yoshida4,controlled_q0.050_phi4.712388980385,controlled,0.05,4.712388980385,1,0.225,fit_ok,resolved,True,E_state_hartree,-1.1946166163179228e-05,-1.1325568544062553e-05,-1,-1,False,same_sign,6.20597619116675e-07,6.20597619116675e-07,True,state,-1.1946025855101152e-05,False,1.4030807807643205e-10,0.0,8.164105028750737e-11,unsafe,6.204573110385985e-07,unsafe,5.866702778892468e-11,unsafe
128,B,H4,yoshida4,rhf,rhf,,,1,0.275,fit_ok,resolved,True,E_state_hartree,-2.6516659085595862e-05,-2.0349373247931936e-05,-1,-1,False,same_sign,6.167285837663926e-06,6.167285837663926e-06,True,state,-2.6516566709112785e-05,False,9.237648307695769e-11,0.0,-1.9783311763476035e-10,conservative,6.167193461180849e-06,unsafe,2.9020960071171804e-10,unsafe
129,B,H4,yoshida4,cisd,cisd,,,1,0.275,fit_ok,resolved,True,E_state_hartree,-2.6516659085595862e-05,-2.6261364615090936e-05,-1,-1,False,same_sign,2.5529447050492605e-07,2.5529447050492605e-07,True,state,-2.651650599917813e-05,False,1.5308641773196228e-10,0.0,-1.3712318297975576e-10,conservative,2.551413840871941e-07,unsafe,2.9020960071171804e-10,unsafe
130,B,H4,yoshida4,controlled_q0.001_phi0.000000000000,controlled,0.001,0.0,1,0.275,fit_ok,resolved,True,E_state_hartree,-2.6516659085595862e-05,-2.6805720881074952e-05,-1,-1,False,same_sign,-2.890617954790902e-07,-2.890617954790902e-07,False,proxy,-2.6516467841020662e-05,False,1.912445751993386e-10,0.0,-9.896502551237944e-11,conservative,-2.8925304005428956e-07,conservative,2.9020960071171804e-10,unsafe
131,B,H4,yoshida4,controlled_q0.001_phi1.570796326795,controlled,0.001,1.570796326795,1,0.275,fit_ok,resolved,True,mixed,-2.6516659085595862e-05,-2.6418082881832026e-05,-1,-1,False,same_sign,9.857620376383522e-08,9.857620376383522e-08,True,state,-2.651696671821216e-05,False,-3.07632616297328e-10,0.0,-5.978422170090461e-10,conservative,9.888383638013255e-08,unsafe,2.9020960071171804e-10,unsafe
132,B,H4,yoshida4,controlled_q0.001_phi3.141592653590,controlled,0.001,3.14159265359,1,0.275,fit_ok,resolved,True,E_state_hartree,-2.6516659085595862e-05,-2.6157790651234012e-05,-1,-1,False,same_sign,3.5886843436184964e-07,3.5886843436184964e-07,True,state,-2.6516511870895782e-05,False,1.47214700079259e-10,0.0,-1.4299490063245904e-10,conservative,3.587212196617704e-07,unsafe,2.9020960071171804e-10,unsafe
133,B,H4,yoshida4,controlled_q0.001_phi4.712388980385,controlled,0.001,4.712388980385,1,0.275,fit_ok,resolved,True,mixed,-2.6516659085595862e-05,-2.6545428650476816e-05,-1,-1,False,same_sign,-2.876956488095383e-08,-2.876956488095383e-08,False,fit,-2.6516012993700698e-05,False,6.460918951639572e-10,0.0,3.5588229445223914e-10,unsafe,-2.9415656776117787e-08,conservative,2.9020960071171804e-10,unsafe
134,B,H4,yoshida4,controlled_q0.010_phi0.000000000000,controlled,0.01,0.0,1,0.275,fit_ok,resolved,True,E_state_hartree,-2.6516659085595862e-05,-2.7188990196587886e-05,-1,-1,False,same_sign,-6.723311109920245e-07,-6.723311109920245e-07,False,proxy,-2.6516419305619548e-05,False,2.397799763138918e-10,0.0,-5.042962439782625e-11,conservative,-6.725708909683384e-07,conservative,2.9020960071171804e-10,unsafe
135,B,H4,yoshida4,controlled_q0.010_phi1.570796326795,controlled,0.01,1.570796326795,1,0.275,fit_ok,resolved,True,mixed,-2.6516659085595862e-05,-2.5968705411109363e-05,-1,-1,False,same_sign,5.479536744864984e-07,5.479536744864984e-07,True,state,-2.651798977149551e-05,False,-1.3306858996486447e-09,0.0,-1.6208955003603628e-09,conservative,5.492843603861471e-07,unsafe,2.9020960071171804e-10,unsafe
136,B,H4,yoshida4,controlled_q0.010_phi3.141592653590,controlled,0.01,3.14159265359,1,0.275,fit_ok,resolved,True,E_state_hartree,-2.6516659085595862e-05,-2.514930522485148e-05,-1,-1,False,same_sign,1.3673538607443825e-06,1.3673538607443825e-06,True,state,-2.651655791170772e-05,False,1.0117388814213056e-10,0.0,-1.8903571256958748e-10,conservative,1.3672526868562403e-06,unsafe,2.9020960071171804e-10,unsafe
137,B,H4,yoshida4,controlled_q0.010_phi4.712388980385,controlled,0.01,4.712388980385,1,0.275,fit_ok,resolved,True,mixed,-2.6516659085595862e-05,-2.6369590010334973e-05,-1,-1,False,same_sign,1.470690752608891e-07,1.470690752608891e-07,True,state,-2.65149874458317e-05,False,1.6716397641622653e-09,0.0,1.3814301634505473e-09,unsafe,1.4539743549672683e-07,unsafe,2.9020960071171804e-10,unsafe
138,B,H4,yoshida4,controlled_q0.050_phi0.000000000000,controlled,0.05,0.0,1,0.275,fit_ok,resolved,True,E_state_hartree,-2.6516659085595862e-05,-2.7013671270197736e-05,-1,-1,False,same_sign,-4.970121846018743e-07,-4.970121846018743e-07,False,proxy,-2.6516331261725158e-05,False,3.27823870703754e-10,0.0,3.761426999203594e-11,unsafe,-4.973400084725781e-07,conservative,2.9020960071171804e-10,unsafe
139,B,H4,yoshida4,controlled_q0.050_phi1.570796326795,controlled,0.05,1.570796326795,1,0.275,fit_ok,resolved,True,E_state_hartree,-2.6516659085595862e-05,-2.4340723922385888e-05,-1,-1,False,same_sign,2.175935163209974e-06,2.175935163209974e-06,True,state,-2.6519771255950196e-05,False,-3.112170354334121e-09,0.0,-3.402379955045839e-09,conservative,2.179047333564308e-06,unsafe,2.9020960071171804e-10,unsafe
140,B,H4,yoshida4,controlled_q0.050_phi3.141592653590,controlled,0.05,3.14159265359,1,0.275,fit_ok,resolved,True,E_state_hartree,-2.6516659085595862e-05,-2.2545885880710018e-05,-1,-1,False,same_sign,3.970773204885844e-06,3.970773204885844e-06,True,state,-2.6516634868539082e-05,False,2.421705677923278e-11,0.0,-2.6599254393248526e-10,conservative,3.970748987829065e-06,unsafe,2.9020960071171804e-10,unsafe
141,B,H4,yoshida4,controlled_q0.050_phi4.712388980385,controlled,0.05,4.712388980385,1,0.275,fit_ok,resolved,True,E_state_hartree,-2.6516659085595862e-05,-2.5218833228520114e-05,-1,-1,False,same_sign,1.2978258570757474e-06,1.2978258570757474e-06,True,state,-2.6513194874327607e-05,False,3.464211268254416e-09,0.0,3.174001667542698e-09,unsafe,1.294361645807493e-06,unsafe,2.9020960071171804e-10,unsafe
142,B,H4,yoshida4,rhf,rhf,,,1,0.35,fit_ok,resolved,True,E_state_hartree,-6.88840702669502e-05,-5.289674167072824e-05,-1,-1,False,same_sign,1.5987328596221963e-05,1.5987328596221963e-05,True,state,-6.887828157325104e-05,False,5.788693699160024e-09,0.0,3.815960029374414e-09,unsafe,1.598153990252281e-05,unsafe,1.972733669778834e-09,unsafe
143,B,H4,yoshida4,cisd,cisd,,,1,0.35,fit_ok,resolved,True,E_state_hartree,-6.88840702669502e-05,-6.82107819763171e-05,-1,-1,False,same_sign,6.732882906331042e-07,6.732882906331042e-07,True,state,-6.887942914083863e-05,False,4.641126111573114e-09,0.0,2.6683924417942803e-09,unsafe,6.686471645215311e-07,unsafe,1.972733669778834e-09,unsafe
144,B,H4,yoshida4,controlled_q0.001_phi0.000000000000,controlled,0.001,0.0,1,0.35,fit_ok,resolved,True,E_state_hartree,-6.88840702669502e-05,-6.963916896803012e-05,-1,-1,False,same_sign,-7.550987010799176e-07,-7.550987010799176e-07,False,proxy,-6.888016506396482e-05,False,3.905202985383179e-09,0.0,1.9324693156043448e-09,unsafe,-7.590039040653008e-07,conservative,1.972733669778834e-09,unsafe
145,B,H4,yoshida4,controlled_q0.001_phi1.570796326795,controlled,0.001,1.570796326795,1,0.35,fit_ok,resolved,True,mixed,-6.88840702669502e-05,-6.856492873130389e-05,-1,-1,False,same_sign,3.1914153564631626e-07,3.1914153564631626e-07,True,state,-6.887281986609902e-05,False,1.1250400851187505e-08,0.0,9.277667181408671e-09,unsafe,3.0789113479512875e-07,unsafe,1.972733669778834e-09,unsafe
146,B,H4,yoshida4,controlled_q0.001_phi3.141592653590,controlled,0.001,3.14159265359,1,0.35,fit_ok,resolved,True,E_state_hartree,-6.88840702669502e-05,-6.793936772559458e-05,-1,-1,False,same_sign,9.447025413556262e-07,9.447025413556262e-07,True,state,-6.88793158971344e-05,False,4.754369815809095e-09,0.0,2.7816361460302613e-09,unsafe,9.399481715398171e-07,unsafe,1.972733669778834e-09,unsafe
147,B,H4,yoshida4,controlled_q0.001_phi4.712388980385,controlled,0.001,4.712388980385,1,0.35,fit_ok,resolved,True,mixed,-6.88840702669502e-05,-6.901360796231699e-05,-1,-1,False,same_sign,-1.2953769536678584e-07,-1.2953769536678584e-07,False,proxy,-6.888666109499348e-05,False,-2.5908280432731775e-09,0.0,-4.563561713052011e-09,conservative,-1.2694686732351267e-07,conservative,1.972733669778834e-09,unsafe
148,B,H4,yoshida4,controlled_q0.010_phi0.000000000000,controlled,0.01,0.0,1,0.35,fit_ok,resolved,True,E_state_hartree,-6.88840702669502e-05,-7.065053113517903e-05,-1,-1,False,same_sign,-1.76646086822883e-06,-1.76646086822883e-06,False,proxy,-6.888110110828499e-05,False,2.969158665217268e-09,0.0,9.96424995438434e-10,unsafe,-1.7694300268940473e-06,conservative,1.972733669778834e-09,unsafe
149,B,H4,yoshida4,controlled_q0.010_phi1.570796326795,controlled,0.01,1.570796326795,1,0.35,fit_ok,resolved,True,mixed,-6.88840702669502e-05,-6.726882186162775e-05,-1,-1,False,same_sign,1.6152484053224523e-06,1.6152484053224523e-06,True,state,-6.885797841854731e-05,False,2.609184840289601e-08,0.0,2.4119114733117176e-08,unsafe,1.5891565569195563e-06,unsafe,1.972733669778834e-09,unsafe
150,B,H4,yoshida4,controlled_q0.010_phi3.141592653590,controlled,0.01,3.14159265359,1,0.35,fit_ok,resolved,True,E_state_hartree,-6.88840702669502e-05,-6.529955522842788e-05,-1,-1,False,same_sign,3.584515038522327e-06,3.584515038522327e-06,True,state,-6.887842793030572e-05,False,5.642336644483487e-09,0.0,3.669602974704653e-09,unsafe,3.5788727018778435e-06,unsafe,1.972733669778834e-09,unsafe
151,B,H4,yoshida4,controlled_q0.010_phi4.712388980385,controlled,0.01,4.712388980385,1,0.35,fit_ok,resolved,True,mixed,-6.88840702669502e-05,-6.868126450200059e-05,-1,-1,False,same_sign,2.028057649496181e-07,2.028057649496181e-07,True,state,-6.89015506200671e-05,False,-1.7480353116898625e-08,0.0,-1.945308678667746e-08,conservative,2.2028611806651673e-07,unsafe,1.972733669778834e-09,unsafe
152,B,H4,yoshida4,controlled_q0.050_phi0.000000000000,controlled,0.05,0.0,1,0.35,fit_ok,resolved,True,E_state_hartree,-6.88840702669502e-05,-7.021673143560889e-05,-1,-1,False,same_sign,-1.332661168658688e-06,-1.332661168658688e-06,False,proxy,-6.888279906163036e-05,False,1.2712053198412699e-09,0.0,-7.01528349937564e-10,conservative,-1.3339323739785294e-06,conservative,1.972733669778834e-09,unsafe
153,B,H4,yoshida4,controlled_q0.050_phi1.570796326795,controlled,0.05,1.570796326795,1,0.35,fit_ok,resolved,True,E_state_hartree,-6.88840702669502e-05,-6.280933691469094e-05,-1,-1,False,same_sign,6.074733352259259e-06,6.074733352259259e-06,True,state,-6.883215044823947e-05,False,5.1919818710730926e-08,0.0,4.994708504095209e-08,unsafe,6.022813533548528e-06,unsafe,1.972733669778834e-09,unsafe
154,B,H4,yoshida4,controlled_q0.050_phi3.141592653590,controlled,0.05,3.14159265359,1,0.35,fit_ok,resolved,True,E_state_hartree,-6.88840702669502e-05,-5.849579790569652e-05,-1,-1,False,same_sign,1.0388272361253684e-05,1.0388272361253684e-05,True,state,-6.887694365470007e-05,False,7.126612250132089e-09,0.0,5.153878580353255e-09,unsafe,1.0381145749003552e-05,unsafe,1.972733669778834e-09,unsafe
155,B,H4,yoshida4,controlled_q0.050_phi4.712388980385,controlled,0.05,4.712388980385,1,0.35,fit_ok,resolved,True,E_state_hartree,-6.88840702669502e-05,-6.590319242664047e-05,-1,-1,False,same_sign,2.980877840309736e-06,2.980877840309736e-06,True,state,-6.892759226810236e-05,False,-4.352200115215524e-08,0.0,-4.5494734821934077e-08,conservative,3.0243998414618913e-06,unsafe,1.972733669778834e-09,unsafe
156,B,H4,yoshida4,rhf,rhf,,,1,0.4,fit_ok,resolved,True,E_state_hartree,-0.00011657482874349867,-8.956086830356528e-05,-1,-1,False,same_sign,2.7013960439933388e-05,2.7013960439933388e-05,True,state,-0.0001165480539606184,False,2.6774782880271053e-08,0.0,2.109313095529134e-08,unsafe,2.6987185657053117e-05,unsafe,5.681651924979714e-09,unsafe
157,B,H4,yoshida4,cisd,cisd,,,1,0.4,fit_ok,resolved,True,E_state_hartree,-0.00011657482874349867,-0.0001154154159869486,-1,-1,False,same_sign,1.1594127565500695e-06,1.1594127565500695e-06,True,state,-0.00011655429345514696,False,2.053528835170603e-08,0.0,1.4853636426726317e-08,unsafe,1.1388774681983635e-06,unsafe,5.681651924979714e-09,unsafe
158,B,H4,yoshida4,controlled_q0.001_phi0.000000000000,controlled,0.001,0.0,1,0.4,fit_ok,resolved,True,E_state_hartree,-0.00011657482874349867,-0.0001178522765520868,-1,-1,False,same_sign,-1.277447808588125e-06,-1.277447808588125e-06,False,fit,-0.00011655836034661158,False,1.6468396887094104e-08,0.0,1.078674496211439e-08,unsafe,-1.2939162054752192e-06,conservative,5.681651924979714e-09,unsafe
159,B,H4,yoshida4,controlled_q0.001_phi1.570796326795,controlled,0.001,1.570796326795,1,0.4,fit_ok,resolved,True,mixed,-0.00011657482874349867,-0.00011594170023324787,-1,-1,False,same_sign,6.331285102507999e-07,6.331285102507999e-07,True,state,-0.00011652381965632797,False,5.100908717070303e-08,0.0,4.5327435245723314e-08,unsafe,5.821194230800969e-07,unsafe,5.681651924979714e-09,unsafe
160,B,H4,yoshida4,controlled_q0.001_phi3.141592653590,controlled,0.001,3.14159265359,1,0.4,fit_ok,resolved,True,E_state_hartree,-0.00011657482874349867,-0.00011495287264574388,-1,-1,False,same_sign,1.6219560977547904e-06,1.6219560977547904e-06,True,state,-0.00011655366764040845,False,2.1161103090224192e-08,0.0,1.547945116524448e-08,unsafe,1.6007949946645662e-06,unsafe,5.681651924979714e-09,unsafe
161,B,H4,yoshida4,controlled_q0.001_phi4.712388980385,controlled,0.001,4.712388980385,1,0.4,fit_ok,resolved,True,mixed,-0.00011657482874349867,-0.00011686344896457145,-1,-1,False,same_sign,-2.8862022107277755e-07,-2.8862022107277755e-07,False,proxy,-0.00011658820833067974,False,-1.3379587181065484e-08,0.0,-1.9061239106045198e-08,conservative,-2.7524063389171207e-07,conservative,5.681651924979714e-09,unsafe
162,B,H4,yoshida4,controlled_q0.010_phi0.000000000000,controlled,0.01,0.0,1,0.4,fit_ok,resolved,True,E_state_hartree,-0.00011657482874349867,-0.00011958541596273091,-1,-1,False,same_sign,-3.0105872192322377e-06,-3.0105872192322377e-06,False,proxy,-0.00011656353312109224,False,1.1295622406434151e-08,0.0,5.613970481454437e-09,unsafe,-3.021882841638672e-06,conservative,5.681651924979714e-09,unsafe
163,B,H4,yoshida4,controlled_q0.010_phi1.570796326795,controlled,0.01,1.570796326795,1,0.4,fit_ok,resolved,True,mixed,-0.00011657482874349867,-0.00011357091991767844,-1,-1,False,same_sign,3.0039088258202357e-06,3.0039088258202357e-06,True,state,-0.0001164547989957279,False,1.2002974777076709e-07,0.0,1.1434809584578737e-07,unsafe,2.8838790780494686e-06,unsafe,5.681651924979714e-09,unsafe
164,B,H4,yoshida4,controlled_q0.010_phi3.141592653590,controlled,0.01,3.14159265359,1,0.4,fit_ok,resolved,True,E_state_hartree,-0.00011657482874349867,-0.0001104580897439603,-1,-1,False,same_sign,6.116738999538369e-06,6.116738999538369e-06,True,state,-0.00011654876047756,False,2.606826593866754e-08,0.0,2.0386614013687826e-08,unsafe,6.0906707335997015e-06,unsafe,5.681651924979714e-09,unsafe
165,B,H4,yoshida4,controlled_q0.010_phi4.712388980385,controlled,0.01,4.712388980385,1,0.4,fit_ok,resolved,True,mixed,-0.00011657482874349867,-0.00011647258578906079,-1,-1,False,same_sign,1.0224295443787899e-07,1.0224295443787899e-07,True,state,-0.00011665749460297584,False,-8.2665859477165e-08,0.0,-8.834751140214471e-08,conservative,1.84908813915044e-07,unsafe,5.681651924979714e-09,unsafe
166,B,H4,yoshida4,controlled_q0.050_phi0.000000000000,controlled,0.05,0.0,1,0.4,fit_ok,resolved,True,E_state_hartree,-0.00011657482874349867,-0.00011888114795723055,-1,-1,False,same_sign,-2.3063192137318784e-06,-2.3063192137318784e-06,False,proxy,-0.00011657291626179897,False,1.912481699698973e-09,0.0,-3.769170225280741e-09,conservative,-2.3082316954315773e-06,conservative,5.681651924979714e-09,unsafe
167,B,H4,yoshida4,controlled_q0.050_phi1.570796326795,controlled,0.05,1.570796326795,1,0.4,fit_ok,resolved,True,E_state_hartree,-0.00011657482874349867,-0.00010570682058408243,-1,-1,False,same_sign,1.0868008159416236e-05,1.0868008159416236e-05,True,state,-0.00011633474186530392,False,2.400868781947537e-07,0.0,2.34405226269774e-07,unsafe,1.0627921281221482e-05,unsafe,5.681651924979714e-09,unsafe
168,B,H4,yoshida4,controlled_q0.050_phi3.141592653590,controlled,0.05,3.14159265359,1,0.4,fit_ok,resolved,True,E_state_hartree,-0.00011657482874349867,-9.888838667772953e-05,-1,-1,False,same_sign,1.7686442065769143e-05,1.7686442065769143e-05,True,state,-0.00011654055783299649,False,3.427091050218166e-08,0.0,2.8589258577201948e-08,unsafe,1.765217115526696e-05,unsafe,5.681651924979714e-09,unsafe
169,B,H4,yoshida4,controlled_q0.050_phi4.712388980385,controlled,0.05,4.712388980385,1,0.4,fit_ok,resolved,True,E_state_hartree,-0.00011657482874349867,-0.00011206271405096374,-1,-1,False,same_sign,4.512114692534929e-06,4.512114692534929e-06,True,state,-0.00011677873222958477,False,-2.039034860861009e-07,0.0,-2.0958513801108062e-07,conservative,4.71601817862103e-06,unsafe,5.681651924979714e-09,unsafe
170,B,H4,current_m3,rhf,rhf,,,-1,0.125,fit_ok,resolved,True,E_state_hartree,-3.141442439513753e-09,-1.2009525278876989e-08,-1,-1,False,same_sign,-8.868082839363236e-09,-8.868082839363236e-09,False,fit,-3.1397816271031437e-09,False,1.6608124106093033e-12,0.0,1.676310013696292e-12,unsafe,-8.869743651773845e-09,conservative,-1.5497603086575092e-14,conservative
171,B,H4,current_m3,cisd,cisd,,,-1,0.125,fit_ok,resolved,True,E_state_hartree,-3.141442439513753e-09,-3.3170295902284314e-09,-1,-1,False,same_sign,-1.755871507146784e-10,-1.755871507146784e-10,False,no_positive_component,-3.1416488974067986e-09,False,-2.0645789304554919e-13,0.0,-1.909602899589741e-13,conservative,-1.7538069282163285e-10,conservative,-1.5497603086575092e-14,conservative
172,B,H4,current_m3,controlled_q0.001_phi0.000000000000,controlled,0.001,0.0,-1,0.125,fit_ok,resolved,True,E_state_hartree,-3.141442439513753e-09,-2.862894793552073e-09,-1,-1,False,same_sign,2.7854764596167996e-10,2.7854764596167996e-10,True,state,-3.1412359045814157e-09,False,2.065349323373642e-13,0.0,2.220325354239393e-13,unsafe,2.783411110293426e-10,unsafe,-1.5497603086575092e-14,conservative
173,B,H4,current_m3,controlled_q0.001_phi1.570796326795,controlled,0.001,1.570796326795,-1,0.125,fit_ok,resolved,True,E_state_hartree,-3.141442439513753e-09,-3.117715704017051e-09,-1,-1,False,same_sign,2.3726735496702016e-11,2.3726735496702016e-11,True,state,-3.139086409153018e-09,False,2.3560303607349915e-12,0.0,2.3715279638215666e-12,unsafe,2.1370705135967024e-11,unsafe,-1.5497603086575092e-14,conservative
174,B,H4,current_m3,controlled_q0.001_phi3.141592653590,controlled,0.001,3.14159265359,-1,0.125,fit_ok,resolved,True,E_state_hartree,-3.141442439513753e-09,-3.3758852583392116e-09,-1,-1,False,same_sign,-2.3444281882545856e-10,-2.3444281882545856e-10,False,no_positive_component,-3.1417144219740183e-09,False,-2.7198246026527426e-13,0.0,-2.5648485717869917e-13,conservative,-2.341708363651933e-10,conservative,-1.5497603086575092e-14,conservative
175,B,H4,current_m3,controlled_q0.001_phi4.712388980385,controlled,0.001,4.712388980385,-1,0.125,fit_ok,resolved,True,E_state_hartree,-3.141442439513753e-09,-3.1210643477193197e-09,-1,-1,False,same_sign,2.037809179443336e-11,2.037809179443336e-11,True,state,-3.14386392029632e-09,False,-2.421480782567096e-12,0.0,-2.4059831794805208e-12,conservative,2.2799572577000457e-11,unsafe,-1.5497603086575092e-14,conservative
176,B,H4,current_m3,controlled_q0.010_phi0.000000000000,controlled,0.01,0.0,-1,0.125,fit_ok,resolved,True,E_state_hartree,-3.141442439513753e-09,-2.1131959483291014e-09,-1,-1,False,same_sign,1.0282464911846516e-09,1.0282464911846516e-09,True,state,-3.140741399547463e-09,False,7.010399662902066e-13,0.0,7.165375693767817e-13,unsafe,1.0275454512183614e-09,unsafe,-1.5497603086575092e-14,conservative
177,B,H4,current_m3,controlled_q0.010_phi1.570796326795,controlled,0.01,1.570796326795,-1,0.125,fit_ok,resolved,True,E_state_hartree,-3.141442439513753e-09,-2.9153724139114553e-09,-1,-1,False,same_sign,2.2607002560229774e-10,2.2607002560229774e-10,True,state,-3.1339747892794232e-09,False,7.467650234329774e-12,0.0,7.48314783741635e-12,unsafe,2.1860237536796797e-10,unsafe,-1.5497603086575092e-14,conservative
178,B,H4,current_m3,controlled_q0.010_phi3.141592653590,controlled,0.01,3.14159265359,-1,0.125,fit_ok,resolved,True,E_state_hartree,-3.141442439513753e-09,-3.7280904130112485e-09,-1,-1,False,same_sign,-5.866479734974955e-10,-5.866479734974955e-10,False,no_positive_component,-3.1422477727485406e-09,False,-8.053332347876001e-13,0.0,-7.89835631701025e-13,conservative,-5.858426402627079e-10,conservative,-1.5497603086575092e-14,conservative
179,B,H4,current_m3,controlled_q0.010_phi4.712388980385,controlled,0.01,4.712388980385,-1,0.125,fit_ok,resolved,True,E_state_hartree,-3.141442439513753e-09,-2.9259139472982055e-09,-1,-1,False,same_sign,2.155284922155475e-10,2.155284922155475e-10,True,state,-3.149014412067124e-09,False,-7.57197255337099e-12,0.0,-7.556474950284414e-12,conservative,2.231004647689185e-10,unsafe,-1.5497603086575092e-14,conservative
180,B,H4,current_m3,controlled_q0.050_phi0.000000000000,controlled,0.05,0.0,-1,0.125,fit_ok,marginal,False,E_state_hartree,-3.141442439513753e-09,-2.6866792517476095e-10,-1,-1,False,same_sign,2.872774514338992e-09,2.872774514338992e-09,True,state,-3.139931108141588e-09,False,1.5113313721651036e-12,4.1359030627651384e-25,1.5268289752519372e-12,unsafe,2.8712631829668268e-09,unsafe,-1.5497603086575092e-14,conservative
181,B,H4,current_m3,controlled_q0.050_phi1.570796326795,controlled,0.05,1.570796326795,-1,0.125,fit_ok,resolved,True,E_state_hartree,-3.141442439513753e-09,-2.025778628117877e-09,-1,-1,False,same_sign,1.115663811395876e-09,1.115663811395876e-09,True,state,-3.1251093062736926e-09,False,1.633313324006043e-11,0.0,1.6348630843147006e-11,unsafe,1.0993306781558156e-09,unsafe,-1.5497603086575092e-14,conservative
182,B,H4,current_m3,controlled_q0.050_phi3.141592653590,controlled,0.05,3.14159265359,-1,0.125,fit_ok,resolved,True,E_state_hartree,-3.141442439513753e-09,-3.8059798114947835e-09,-1,-1,False,same_sign,-6.645373719810305e-10,-6.645373719810305e-10,False,no_positive_component,-3.143230711890282e-09,False,-1.7882723765289817e-12,0.0,-1.7727747734424066e-12,conservative,-6.627490996045015e-10,conservative,-1.5497603086575092e-14,conservative
183,B,H4,current_m3,controlled_q0.050_phi4.712388980385,controlled,0.05,4.712388980385,-1,0.125,fit_ok,resolved,True,E_state_hartree,-3.141442439513753e-09,-2.048869110773118e-09,-1,-1,False,same_sign,1.0925733287406351e-09,1.0925733287406351e-09,True,state,-3.1580524770387573e-09,False,-1.6610037525004242e-11,0.0,-1.6594539921917667e-11,conservative,1.1091833662656394e-09,unsafe,-1.5497603086575092e-14,conservative
184,B,H4,current_m3,rhf,rhf,,,-1,0.175,fit_ok,resolved,True,E_state_hartree,-1.206210353821291e-08,-4.587080938323208e-08,-1,-1,False,same_sign,-3.380870584501917e-08,-3.380870584501917e-08,False,fit,-1.2059072856517723e-08,False,3.0306816951861747e-12,-6.617444900424222e-24,3.0264578605346592e-12,unsafe,-3.3811736526714356e-08,conservative,4.223834648206738e-15,unsafe
185,B,H4,current_m3,cisd,cisd,,,-1,0.175,fit_ok,resolved,True,E_state_hartree,-1.206210353821291e-08,-1.2743792823434905e-08,-1,-1,False,same_sign,-6.816892852219958e-10,-6.816892852219958e-10,False,proxy,-1.2062441048762983e-08,False,-3.3751055007334256e-13,0.0,-3.417343847215493e-13,conservative,-6.813517746719225e-10,conservative,4.223834648206738e-15,unsafe
186,B,H4,current_m3,controlled_q0.001_phi0.000000000000,controlled,0.001,0.0,-1,0.175,fit_ok,resolved,True,E_state_hartree,-1.206210353821291e-08,-1.098276101627949e-08,-1,-1,False,same_sign,1.0793425219334195e-09,1.0793425219334195e-09,True,state,-1.2061697150135884e-08,False,4.063880770257766e-13,0.0,4.0216424237756984e-13,unsafe,1.0789361338563937e-09,unsafe,4.223834648206738e-15,unsafe
187,B,H4,current_m3,controlled_q0.001_phi1.570796326795,controlled,0.001,1.570796326795,-1,0.175,fit_ok,resolved,True,E_state_hartree,-1.206210353821291e-08,-1.1973989707200775e-08,-1,-1,False,same_sign,8.81138310121348e-11,8.81138310121348e-11,True,state,-1.2056170304070956e-08,False,5.933234141952974e-12,0.0,5.929010307304767e-12,unsafe,8.218059687018183e-11,unsafe,4.223834648206738e-15,unsafe
188,B,H4,current_m3,controlled_q0.001_phi3.141592653590,controlled,0.001,3.14159265359,-1,0.175,fit_ok,resolved,True,E_state_hartree,-1.206210353821291e-08,-1.2972686814670046e-08,-1,-1,False,same_sign,-9.105832764571363e-10,-9.105832764571363e-10,False,proxy,-1.2062559079360746e-08,False,-4.555411478361445e-13,0.0,-4.597649824843513e-13,conservative,-9.101277353093002e-10,conservative,4.223834648206738e-15,unsafe
189,B,H4,current_m3,controlled_q0.001_phi4.712388980385,controlled,0.001,4.712388980385,-1,0.175,fit_ok,resolved,True,E_state_hartree,-1.206210353821291e-08,-1.1981458123298278e-08,-1,-1,False,same_sign,8.06454149146309e-11,8.06454149146309e-11,True,state,-1.206808592913859e-08,False,-5.982390925680981e-12,0.0,-5.986614760329188e-12,conservative,8.662780584031188e-11,unsafe,4.223834648206738e-15,unsafe
190,B,H4,current_m3,controlled_q0.010_phi0.000000000000,controlled,0.01,0.0,-1,0.175,fit_ok,resolved,True,E_state_hartree,-1.206210353821291e-08,-8.085977030563764e-09,-1,-1,False,same_sign,3.976126507649145e-09,3.976126507649145e-09,True,state,-1.2060806509977882e-08,False,1.2970282350275527e-12,0.0,1.292804400379346e-12,unsafe,3.974829479414118e-09,unsafe,4.223834648206738e-15,unsafe
191,B,H4,current_m3,controlled_q0.010_phi1.570796326795,controlled,0.01,1.570796326795,-1,0.175,fit_ok,resolved,True,E_state_hartree,-1.206210353821291e-08,-1.120636588086067e-08,-1,-1,False,same_sign,8.557376573522388e-10,8.557376573522388e-10,True,state,-1.2043407987092353e-08,False,1.869555112055653e-11,0.0,1.8691327285908322e-11,unsafe,8.370421062316823e-10,unsafe,4.223834648206738e-15,unsafe
192,B,H4,current_m3,controlled_q0.010_phi3.141592653590,controlled,0.01,3.14159265359,-1,0.175,fit_ok,resolved,True,E_state_hartree,-1.206210353821291e-08,-1.435026531179437e-08,-1,-1,False,same_sign,-2.28816177358146e-09,-2.28816177358146e-09,False,proxy,-1.2063519863986807e-08,False,-1.416325773897203e-12,0.0,-1.4205496085454097e-12,conservative,-2.2867454478075627e-09,conservative,4.223834648206738e-15,unsafe
193,B,H4,current_m3,controlled_q0.010_phi4.712388980385,controlled,0.01,4.712388980385,-1,0.175,fit_ok,resolved,True,E_state_hartree,-1.206210353821291e-08,-1.1229876461312863e-08,-1,-1,False,same_sign,8.322270769000467e-10,8.322270769000467e-10,True,state,-1.2080918370845308e-08,False,-1.8814832632398146e-11,0.0,-1.8819056467046353e-11,conservative,8.510419095324449e-10,unsafe,4.223834648206738e-15,unsafe
194,B,H4,current_m3,controlled_q0.050_phi0.000000000000,controlled,0.05,0.0,-1,0.175,fit_ok,resolved,True,E_state_hartree,-1.206210353821291e-08,-9.8136919188221e-10,-1,-1,False,same_sign,1.1080734346330699e-08,1.1080734346330699e-08,True,state,-1.2059347358739884e-08,False,2.7561794730251945e-12,0.0,2.7519556383755402e-12,unsafe,1.1077978166857675e-08,unsafe,4.223834648206738e-15,unsafe
195,B,H4,current_m3,controlled_q0.050_phi1.570796326795,controlled,0.05,1.570796326795,-1,0.175,fit_ok,resolved,True,E_state_hartree,-1.206210353821291e-08,-7.816359846261167e-09,-1,-1,False,same_sign,4.2457436919517425e-09,4.2457436919517425e-09,True,state,-1.2021237115027369e-08,False,4.086642318554064e-11,0.0,4.086219935089243e-11,unsafe,4.204877268766202e-09,unsafe,4.223834648206738e-15,unsafe
196,B,H4,current_m3,controlled_q0.050_phi3.141592653590,controlled,0.05,3.14159265359,-1,0.175,fit_ok,resolved,True,E_state_hartree,-1.206210353821291e-08,-1.470284875673641e-08,-1,-1,False,same_sign,-2.6407452185235006e-09,-2.6407452185235006e-09,False,proxy,-1.2065290768416185e-08,False,-3.18723020327605e-12,0.0,-3.191454037924257e-12,conservative,-2.6375579883202246e-09,conservative,4.223834648206738e-15,unsafe
197,B,H4,current_m3,controlled_q0.050_phi4.712388980385,controlled,0.05,4.712388980385,-1,0.175,fit_ok,resolved,True,E_state_hartree,-1.206210353821291e-08,-7.867858109248621e-09,-1,-1,False,same_sign,4.194245428964288e-09,4.194245428964288e-09,True,state,-1.2103400977043167e-08,False,-4.129743883025745e-11,0.0,-4.1301662664905656e-11,conservative,4.235542867794546e-09,unsafe,4.223834648206738e-15,unsafe
198,B,H4,current_m3,rhf,rhf,,,-1,0.225,fit_ok,resolved,True,E_state_hartree,-3.2938743732557896e-08,-1.2438163669652293e-07,-1,-1,False,same_sign,-9.144289296396504e-08,-9.144289296396504e-08,False,fit,-3.293824378825231e-08,False,4.999443055858166e-13,0.0,4.1364186797780984e-13,unsafe,-9.144339290827062e-08,conservative,8.630243760800679e-14,unsafe
199,B,H4,current_m3,cisd,cisd,,,-1,0.225,fit_ok,resolved,True,E_state_hartree,-3.2938743732557896e-08,-3.482781219898965e-08,-1,-1,False,same_sign,-1.889068466431755e-09,-1.889068466431755e-09,False,proxy,-3.293870278753936e-08,False,4.0945018538671807e-14,0.0,-4.535741906933498e-14,conservative,-1.8891094114502937e-09,conservative,8.630243760800679e-14,unsafe
200,B,H4,current_m3,controlled_q0.001_phi0.000000000000,controlled,0.001,0.0,-1,0.225,fit_ok,resolved,True,E_state_hartree,-3.2938743732557896e-08,-2.995574302417375e-08,-1,-1,False,same_sign,2.9830007083841434e-09,2.9830007083841434e-09,True,state,-3.2938602218379765e-08,False,1.4151417813090917e-13,0.0,5.5211740522902385e-14,unsafe,2.9828591942060125e-09,unsafe,8.630243760800679e-14,unsafe
201,B,H4,current_m3,controlled_q0.001_phi1.570796326795,controlled,0.001,1.570796326795,-1,0.225,fit_ok,resolved,True,E_state_hartree,-3.2938743732557896e-08,-3.270923231403775e-08,-1,-1,False,same_sign,2.2951141852014626e-10,2.2951141852014626e-10,True,state,-3.2937996337249806e-08,False,7.473953080893122e-13,0.0,6.610928704813054e-13,unsafe,2.2876402321205695e-10,unsafe,8.630243760800679e-14,unsafe
202,B,H4,current_m3,controlled_q0.001_phi3.141592653590,controlled,0.001,3.14159265359,-1,0.225,fit_ok,resolved,True,E_state_hartree,-3.2938743732557896e-08,-3.5463470626233404e-08,-1,-1,False,same_sign,-2.524726893675508e-09,-2.524726893675508e-09,False,proxy,-3.293871874839096e-08,False,2.4984166933938237e-14,0.0,-6.131827067406855e-14,conservative,-2.5247518778424417e-09,conservative,8.630243760800679e-14,unsafe
203,B,H4,current_m3,controlled_q0.001_phi4.712388980385,controlled,0.001,4.712388980385,-1,0.225,fit_ok,resolved,True,E_state_hartree,-3.2938743732557896e-08,-3.2709981335665376e-08,-1,-1,False,same_sign,2.287623968925193e-10,2.287623968925193e-10,True,state,-3.293932462930536e-08,False,-5.808967474611971e-13,0.0,-6.671991850692039e-13,conservative,2.293432936399805e-10,unsafe,8.630243760800679e-14,unsafe
204,B,H4,current_m3,controlled_q0.010_phi0.000000000000,controlled,0.01,0.0,-1,0.225,fit_ok,resolved,True,E_state_hartree,-3.2938743732557896e-08,-2.1978962874167633e-08,-1,-1,False,same_sign,1.0959780858390262e-08,1.0959780858390262e-08,True,state,-3.2938481874237546e-08,False,2.61858320349972e-13,0.0,1.755558827419652e-13,unsafe,1.0959519000069912e-08,unsafe,8.630243760800679e-14,unsafe
205,B,H4,current_m3,controlled_q0.010_phi1.570796326795,controlled,0.01,1.570796326795,-1,0.225,fit_ok,resolved,True,E_state_hartree,-3.2938743732557896e-08,-3.0646949745192406e-08,-1,-1,False,same_sign,2.29179398736549e-09,2.29179398736549e-09,True,state,-3.293657456176515e-08,False,2.169170792745526e-12,0.0,2.0828683551375193e-12,unsafe,2.2896248165727444e-09,unsafe,8.630243760800679e-14,unsafe
206,B,H4,current_m3,controlled_q0.010_phi3.141592653590,controlled,0.01,3.14159265359,-1,0.225,fit_ok,resolved,True,E_state_hartree,-3.2938743732557896e-08,-3.931729453542741e-08,-1,-1,False,same_sign,-6.378550802869512e-09,-6.378550802869512e-09,False,proxy,-3.2938848710822194e-08,False,-1.0497826429785043e-13,0.0,-1.9128070190585722e-13,conservative,-6.378445824605214e-09,conservative,8.630243760800679e-14,unsafe
207,B,H4,current_m3,controlled_q0.010_phi4.712388980385,controlled,0.01,4.712388980385,-1,0.225,fit_ok,resolved,True,E_state_hartree,-3.2938743732557896e-08,-3.064930766505484e-08,-1,-1,False,same_sign,2.2894360675030548e-09,2.2894360675030548e-09,True,state,-3.294075602294553e-08,False,-2.012290387636421e-12,0.0,-2.0985928252444277e-12,conservative,2.2914483578906912e-09,unsafe,8.630243760800679e-14,unsafe
208,B,H4,current_m3,controlled_q0.050_phi0.000000000000,controlled,0.05,0.0,-1,0.225,fit_ok,resolved,True,E_state_hartree,-3.2938743732557896e-08,-2.496810308664324e-09,-1,-1,False,same_sign,3.044193342389357e-08,3.044193342389357e-08,True,state,-3.293828490173396e-08,False,4.588308239332832e-13,0.0,3.7252838632569e-13,unsafe,3.044147459306964e-08,unsafe,8.630243760800679e-14,unsafe
209,B,H4,current_m3,controlled_q0.050_phi1.570796326795,controlled,0.05,1.570796326795,-1,0.225,fit_ok,resolved,True,E_state_hartree,-3.2938743732557896e-08,-2.148342130079694e-08,-1,-1,False,same_sign,1.1455322431760955e-08,1.1455322431760955e-08,True,state,-3.2934107097397625e-08,False,4.636635160270482e-12,0.0,4.550332722662475e-12,unsafe,1.1450685796600685e-08,unsafe,8.630243760800679e-14,unsafe
210,B,H4,current_m3,controlled_q0.050_phi3.141592653590,controlled,0.05,3.14159265359,-1,0.225,fit_ok,resolved,True,E_state_hartree,-3.2938743732557896e-08,-4.047519714176582e-08,-1,-1,False,same_sign,-7.536453409207927e-09,-7.536453409207927e-09,False,proxy,-3.2939088431276986e-08,False,-3.446987190900074e-13,0.0,-4.3100115669801417e-13,conservative,-7.536108710488837e-09,conservative,8.630243760800679e-14,unsafe
211,B,H4,current_m3,controlled_q0.050_phi4.712388980385,controlled,0.05,4.712388980385,-1,0.225,fit_ok,resolved,True,E_state_hartree,-3.2938743732557896e-08,-2.1488586162478755e-08,-1,-1,False,same_sign,1.145015757007914e-08,1.145015757007914e-08,True,state,-3.2943266248546523e-08,False,-4.522515988627694e-12,0.0,-4.608818426235701e-12,conservative,1.1454680086067768e-08,unsafe,8.630243760800679e-14,unsafe
212,B,H4,current_m3,rhf,rhf,,,-1,0.275,fit_ok,resolved,True,E_state_hartree,-7.344115759977399e-08,-2.748670033439766e-07,-1,-1,False,same_sign,-2.014258457442026e-07,-2.014258457442026e-07,False,proxy,-7.344530208249939e-08,False,-4.144482725397628e-12,0.0,-4.587889667308155e-12,conservative,-2.014217012614772e-07,conservative,4.434069419237618e-13,unsafe
213,B,H4,current_m3,cisd,cisd,,,-1,0.275,fit_ok,resolved,True,E_state_hartree,-7.344115759977399e-08,-7.77300426617153e-08,-1,-1,False,same_sign,-4.2888850619413085e-09,-4.2888850619413085e-09,False,fit,-7.344019594686911e-08,False,9.616529048726852e-13,0.0,5.182459629489234e-13,unsafe,-4.289846714846181e-09,conservative,4.434069419237618e-13,unsafe
214,B,H4,current_m3,controlled_q0.001_phi0.000000000000,controlled,0.001,0.0,-1,0.275,fit_ok,resolved,True,E_state_hartree,-7.344115759977399e-08,-6.669096938215906e-08,-1,-1,False,same_sign,6.750188217614925e-09,6.750188217614925e-09,True,state,-7.344132135864504e-08,False,-1.63758871053898e-13,0.0,-6.071658129776598e-13,conservative,6.750351976485979e-09,unsafe,4.434069419237618e-13,unsafe
215,B,H4,current_m3,controlled_q0.001_phi1.570796326795,controlled,0.001,1.570796326795,-1,0.275,fit_ok,resolved,True,E_state_hartree,-7.344115759977399e-08,-7.296052934533988e-08,-1,-1,False,same_sign,4.806282544341026e-10,4.806282544341026e-10,True,state,-7.349183024370911e-08,False,-5.067264393512561e-11,0.0,-5.1116050877049375e-11,conservative,5.313008983692282e-10,unsafe,4.434069419237618e-13,unsafe
216,B,H4,current_m3,controlled_q0.001_phi3.141592653590,controlled,0.001,3.14159265359,-1,0.275,fit_ok,resolved,True,E_state_hartree,-7.344115759977399e-08,-7.917692324256814e-08,-1,-1,False,same_sign,-5.735765642794153e-09,-5.735765642794153e-09,False,fit,-7.344001737563498e-08,False,1.1402241390058235e-12,0.0,6.968171970820617e-13,unsafe,-5.736905866933159e-09,conservative,4.434069419237618e-13,unsafe
217,B,H4,current_m3,controlled_q0.001_phi4.712388980385,controlled,0.001,4.712388980385,-1,0.275,fit_ok,resolved,True,E_state_hartree,-7.344115759977399e-08,-7.290736327928619e-08,-1,-1,False,same_sign,5.33794320487797e-10,5.33794320487797e-10,True,state,-7.3389508487878e-08,False,5.16491118959938e-11,0.0,5.120570495407004e-11,unsafe,4.821452085918032e-10,unsafe,4.434069419237618e-13,unsafe
218,B,H4,current_m3,controlled_q0.010_phi0.000000000000,controlled,0.01,0.0,-1,0.275,fit_ok,resolved,True,E_state_hartree,-7.344115759977399e-08,-4.8720488345369385e-08,-1,-1,False,same_sign,2.4720669254404603e-08,2.4720669254404603e-08,True,state,-7.344266864611622e-08,False,-1.5110463422332341e-12,0.0,-1.9544532841503785e-12,conservative,2.472218030074683e-08,unsafe,4.434069419237618e-13,unsafe
219,B,H4,current_m3,controlled_q0.010_phi1.570796326795,controlled,0.01,1.570796326795,-1,0.275,fit_ok,resolved,True,E_state_hartree,-7.344115759977399e-08,-6.845706899772279e-08,-1,-1,False,same_sign,4.984088602051195e-09,4.984088602051195e-09,True,state,-7.360167067835529e-08,False,-1.6051307858130208e-10,0.0,-1.6095648552322584e-10,conservative,5.144601680632497e-09,unsafe,4.434069419237618e-13,unsafe
220,B,H4,current_m3,controlled_q0.010_phi3.141592653590,controlled,0.01,3.14159265359,-1,0.275,fit_ok,resolved,True,E_state_hartree,-7.344115759977399e-08,-8.802628281821211e-08,-1,-1,False,same_sign,-1.4585125218438122e-08,-1.4585125218438122e-08,False,fit,-7.343856370637638e-08,False,2.5938933976078126e-12,0.0,2.1504864556840508e-12,unsafe,-1.458771911183573e-08,conservative,4.434069419237618e-13,unsafe
221,B,H4,current_m3,controlled_q0.010_phi4.712388980385,controlled,0.01,4.712388980385,-1,0.275,fit_ok,resolved,True,E_state_hartree,-7.344115759977399e-08,-6.828970217054041e-08,-1,-1,False,same_sign,5.151455429233576e-09,5.151455429233576e-09,True,state,-7.327956167881431e-08,False,1.6159592095967836e-10,0.0,1.611525140177546e-10,unsafe,4.9898595082738975e-09,unsafe,4.434069419237618e-13,unsafe
222,B,H4,current_m3,controlled_q0.050_phi0.000000000000,controlled,0.05,0.0,-1,0.275,fit_ok,resolved,True,E_state_hartree,-7.344115759977399e-08,-5.055948074108245e-09,-1,-1,False,same_sign,6.838520952566574e-08,6.838520952566574e-08,True,state,-7.344487556207724e-08,False,-3.717962303249338e-12,0.0,-4.161369245169791e-12,conservative,6.838892748796899e-08,unsafe,4.434069419237618e-13,unsafe
223,B,H4,current_m3,controlled_q0.050_phi1.570796326795,controlled,0.05,1.570796326795,-1,0.275,fit_ok,resolved,True,E_state_hartree,-7.344115759977399e-08,-4.8287529368976235e-08,-1,-1,False,same_sign,2.5153628230797753e-08,2.5153628230797753e-08,True,state,-7.379315825414943e-08,False,-3.5200065437543784e-10,0.0,-3.524440613173616e-10,conservative,2.550562888517319e-08,unsafe,4.434069419237618e-13,unsafe
224,B,H4,current_m3,controlled_q0.050_phi3.141592653590,controlled,0.05,3.14159265359,-1,0.275,fit_ok,resolved,True,E_state_hartree,-7.344115759977399e-08,-9.115250548438106e-08,-1,-1,False,same_sign,-1.771134788460707e-08,-1.771134788460707e-08,False,fit,-7.343588398247125e-08,False,5.2736173027393015e-12,0.0,4.83021036081554e-12,unsafe,-1.771662150190981e-08,conservative,4.434069419237618e-13,unsafe
225,B,H4,current_m3,controlled_q0.050_phi4.712388980385,controlled,0.05,4.712388980385,-1,0.275,fit_ok,resolved,True,E_state_hartree,-7.344115759977399e-08,-4.792092420148266e-08,-1,-1,False,same_sign,2.5520233398291327e-08,2.5520233398291327e-08,True,state,-7.308760130965649e-08,False,3.535562901175014e-10,0.0,3.5311288317557764e-10,unsafe,2.5166677108173826e-08,unsafe,4.434069419237618e-13,unsafe
226,B,H4,current_m3,rhf,rhf,,,-1,0.35,fit_ok,resolved,True,E_state_hartree,-1.923927537283987e-07,-7.079646231777413e-07,-1,-1,False,same_sign,-5.155718694493426e-07,-5.155718694493426e-07,False,fit,-1.9230088186739304e-07,False,9.187186100566264e-11,0.0,8.883728852913349e-11,unsafe,-5.156637413103483e-07,conservative,3.034572476529152e-12,unsafe
227,B,H4,current_m3,cisd,cisd,,,-1,0.35,fit_ok,resolved,True,E_state_hartree,-1.923927537283987e-07,-2.0400769623706834e-07,-1,-1,False,same_sign,-1.1614942508669639e-08,-1.1614942508669639e-08,False,proxy,-1.9239970200937288e-07,False,-6.948280974173969e-12,0.0,-9.982853450703121e-12,conservative,-1.1607994227695465e-08,conservative,3.034572476529152e-12,unsafe
228,B,H4,current_m3,controlled_q0.001_phi0.000000000000,controlled,0.001,0.0,-1,0.35,fit_ok,resolved,True,E_state_hartree,-1.923927537283987e-07,-1.7422128524271698e-07,-1,-1,False,same_sign,1.817146848568172e-08,1.817146848568172e-08,True,state,-1.9237799329409056e-07,False,1.4760434308143274e-11,0.0,1.1725861831614123e-11,unsafe,1.8156708051373575e-08,unsafe,3.034572476529152e-12,unsafe
229,B,H4,current_m3,controlled_q0.001_phi1.570796326795,controlled,0.001,1.570796326795,-1,0.35,fit_ok,resolved,True,E_state_hartree,-1.923927537283987e-07,-1.9128719506280194e-07,-1,-1,False,same_sign,1.1055586655967643e-09,1.1055586655967643e-09,True,state,-1.9283338099828105e-07,False,-4.406272698823464e-10,0.0,-4.4366184235887553e-10,conservative,1.5461859354791107e-09,unsafe,3.034572476529152e-12,unsafe
230,B,H4,current_m3,controlled_q0.001_phi3.141592653590,controlled,0.001,3.14159265359,-1,0.35,fit_ok,resolved,True,E_state_hartree,-1.923927537283987e-07,-2.0794381764566587e-07,-1,-1,False,same_sign,-1.5551063917267167e-08,-1.5551063917267167e-08,False,proxy,-1.9240314688061818e-07,False,-1.0393152219477964e-11,0.0,-1.3427724696007116e-11,conservative,-1.554067076504769e-08,conservative,3.034572476529152e-12,unsafe
231,B,H4,current_m3,controlled_q0.001_phi4.712388980385,controlled,0.001,4.712388980385,-1,0.35,fit_ok,resolved,True,E_state_hartree,-1.923927537283987e-07,-1.9087790783254723e-07,-1,-1,False,same_sign,1.5148458958514704e-09,1.5148458958514704e-09,True,state,-1.919477591824119e-07,False,4.449945459868033e-10,0.0,4.4195997351027417e-10,unsafe,1.069851349864667e-09,unsafe,3.034572476529152e-12,unsafe
232,B,H4,current_m3,controlled_q0.010_phi0.000000000000,controlled,0.01,0.0,-1,0.35,fit_ok,resolved,True,E_state_hartree,-1.923927537283987e-07,-1.2623213308436392e-07,-1,-1,False,same_sign,6.616062064403478e-08,6.616062064403478e-08,True,state,-1.9235200949669767e-07,False,4.0744231701036577e-11,0.0,3.7709659224507425e-11,unsafe,6.611987641233375e-08,unsafe,3.034572476529152e-12,unsafe
233,B,H4,current_m3,controlled_q0.010_phi1.570796326795,controlled,0.01,1.570796326795,-1,0.35,fit_ok,resolved,True,E_state_hartree,-1.923927537283987e-07,-1.7995563322045662e-07,-1,-1,False,same_sign,1.243712050794208e-08,1.243712050794208e-08,True,state,-1.9378557041850457e-07,False,-1.3928166901058652e-09,0.0,-1.3958512625823943e-09,conservative,1.3829937198047945e-08,unsafe,3.034572476529152e-12,unsafe
234,B,H4,current_m3,controlled_q0.010_phi3.141592653590,controlled,0.01,3.14159265359,-1,0.35,fit_ok,resolved,True,E_state_hartree,-1.923927537283987e-07,-2.323906967434054e-07,-1,-1,False,same_sign,-3.999794301500669e-08,-3.999794301500669e-08,False,proxy,-1.9243119301069794e-07,False,-3.843928229924097e-11,0.0,-4.1473854775770124e-11,conservative,-3.995950373270745e-08,conservative,3.034572476529152e-12,unsafe
235,B,H4,current_m3,controlled_q0.010_phi4.712388980385,controlled,0.01,4.712388980385,-1,0.35,fit_ok,resolved,True,E_state_hartree,-1.923927537283987e-07,-1.786671966354696e-07,-1,-1,False,same_sign,1.3725557092929104e-08,1.3725557092929104e-08,True,state,-1.9099763211033072e-07,False,1.3951216180679863e-09,0.0,1.3920870455914572e-09,unsafe,1.2330435474861118e-08,unsafe,3.034572476529152e-12,unsafe
236,B,H4,current_m3,controlled_q0.050_phi0.000000000000,controlled,0.05,0.0,-1,0.35,fit_ok,resolved,True,E_state_hartree,-1.923927537283987e-07,-1.0728847142138505e-08,-1,-1,False,same_sign,1.816639065862602e-07,1.816639065862602e-07,True,state,-1.9230946127716227e-07,False,8.329245123643606e-11,0.0,8.025787875990856e-11,unsafe,1.8158061413502377e-07,unsafe,3.034572476529152e-12,unsafe
237,B,H4,current_m3,controlled_q0.050_phi1.570796326795,controlled,0.05,1.570796326795,-1,0.35,fit_ok,resolved,True,E_state_hartree,-1.923927537283987e-07,-1.2840636705156475e-07,-1,-1,False,same_sign,6.398638667683396e-08,6.398638667683396e-08,True,state,-1.9544957482775234e-07,False,-3.056821099353641e-09,0.0,-3.05985567183017e-09,conservative,6.70432077761876e-08,unsafe,3.034572476529152e-12,unsafe
238,B,H4,current_m3,controlled_q0.050_phi3.141592653590,controlled,0.05,3.14159265359,-1,0.35,fit_ok,resolved,True,E_state_hartree,-1.923927537283987e-07,-2.432616579717915e-07,-1,-1,False,same_sign,-5.086890424339277e-08,-5.086890424339277e-08,False,proxy,-1.9248290715328506e-07,False,-9.015342488635945e-11,0.0,-9.31879973628886e-11,conservative,-5.0778750818506413e-08,conservative,3.034572476529152e-12,unsafe
239,B,H4,current_m3,controlled_q0.050_phi4.712388980385,controlled,0.05,4.712388980385,-1,0.35,fit_ok,resolved,True,E_state_hartree,-1.923927537283987e-07,-1.2558413801163418e-07,-1,-1,False,same_sign,6.680861571676453e-08,6.680861571676453e-08,True,state,-1.8934279354453868e-07,False,3.04996018386002e-09,0.0,3.046925611383491e-09,unsafe,6.375865553290451e-08,unsafe,3.034572476529152e-12,unsafe
240,B,H4,current_m3,rhf,rhf,,,-1,0.4,fit_ok,resolved,True,E_state_hartree,-3.2779398639881663e-07,-1.1896744246546597e-06,-1,-1,False,same_sign,-8.618804382558431e-07,-8.618804382558431e-07,False,fit,-3.272928030994521e-07,False,5.011832993645131e-10,0.0,4.925197878570074e-10,unsafe,-8.623816215552076e-07,conservative,8.663511507558557e-12,unsafe
241,B,H4,current_m3,cisd,cisd,,,-1,0.4,fit_ok,resolved,True,E_state_hartree,-3.2779398639881663e-07,-3.481026359065748e-07,-1,-1,False,same_sign,-2.030864950775816e-08,-2.030864950775816e-08,False,proxy,-3.2784049179677804e-07,False,-4.650539796141489e-11,0.0,-5.5168909468973446e-11,conservative,-2.0262144109796744e-08,conservative,8.663511507558557e-12,unsafe
242,B,H4,current_m3,controlled_q0.001_phi0.000000000000,controlled,0.001,0.0,-1,0.4,fit_ok,resolved,True,E_state_hartree,-3.2779398639881663e-07,-2.961673452488317e-07,-1,-1,False,same_sign,3.1626641149984935e-08,3.1626641149984935e-08,True,state,-3.277204940406731e-07,False,7.34923581435177e-11,0.0,6.482884663595914e-11,unsafe,3.155314879184142e-08,unsafe,8.663511507558557e-12,unsafe
243,B,H4,current_m3,controlled_q0.001_phi1.570796326795,controlled,0.001,1.570796326795,-1,0.4,fit_ok,resolved,True,E_state_hartree,-3.2779398639881663e-07,-3.261209566456761e-07,-1,-1,False,same_sign,1.6730297531405267e-09,1.6730297531405267e-09,True,state,-3.290260525811055e-07,False,-1.232066182288897e-09,0.0,-1.2407296937964556e-09,conservative,2.905095935429424e-09,unsafe,8.663511507558557e-12,unsafe
244,B,H4,current_m3,controlled_q0.001_phi3.141592653590,controlled,0.001,3.14159265359,-1,0.4,fit_ok,resolved,True,E_state_hartree,-3.2779398639881663e-07,-3.550081467463758e-07,-1,-1,False,same_sign,-2.7214160347559157e-08,-2.7214160347559157e-08,False,proxy,-3.278595351032276e-07,False,-6.554870441099236e-11,0.0,-7.421221591855092e-11,conservative,-2.7148611643148165e-08,conservative,8.663511507558557e-12,unsafe
245,B,H4,current_m3,controlled_q0.001_phi4.712388980385,controlled,0.001,4.712388980385,-1,0.4,fit_ok,resolved,True,E_state_hartree,-3.2779398639881663e-07,-3.250545353712851e-07,-1,-1,False,same_sign,2.739451027531539e-09,2.739451027531539e-09,True,state,-3.265539765826944e-07,False,1.2400098161222362e-09,0.0,1.2313463046146776e-09,unsafe,1.499441211409303e-09,unsafe,8.663511507558557e-12,unsafe
246,B,H4,current_m3,controlled_q0.010_phi0.000000000000,controlled,0.01,0.0,-1,0.4,fit_ok,resolved,True,E_state_hartree,-3.2779398639881663e-07,-2.1315760072193337e-07,-1,-1,False,same_sign,1.1463638567688326e-07,1.1463638567688326e-07,True,state,-3.2757688598368483e-07,False,2.1710041513180037e-10,0.0,2.084369036242418e-10,unsafe,1.1441928526175146e-07,unsafe,8.663511507558557e-12,unsafe
247,B,H4,current_m3,controlled_q0.010_phi1.570796326795,controlled,0.01,1.570796326795,-1,0.4,fit_ok,resolved,True,E_state_hartree,-3.2779398639881663e-07,-3.074515975141025e-07,-1,-1,False,same_sign,2.0342388884714123e-08,2.0342388884714123e-08,True,state,-3.3168678549925997e-07,False,-3.892799100443343e-09,0.0,-3.901462611950902e-09,conservative,2.4235187985157467e-08,unsafe,8.663511507558557e-12,unsafe
248,B,H4,current_m3,controlled_q0.010_phi3.141592653590,controlled,0.01,3.14159265359,-1,0.4,fit_ok,resolved,True,E_state_hartree,-3.2779398639881663e-07,-3.983884990686968e-07,-1,-1,False,same_sign,-7.05945126698802e-08,-7.05945126698802e-08,False,proxy,-3.280145873791212e-07,False,-2.2060098030457252e-10,0.0,-2.2926449181213108e-10,conservative,-7.037391168957562e-08,conservative,8.663511507558557e-12,unsafe
249,B,H4,current_m3,controlled_q0.010_phi4.712388980385,controlled,0.01,4.712388980385,-1,0.4,fit_ok,resolved,True,E_state_hartree,-3.2779398639881663e-07,-3.040945023462246e-07,-1,-1,False,same_sign,2.3699484052592026e-08,2.3699484052592026e-08,True,state,-3.2390468793129265e-07,False,3.889298467523976e-09,0.0,3.8806349560164175e-09,unsafe,1.981018558506805e-08,unsafe,8.663511507558557e-12,unsafe
250,B,H4,current_m3,controlled_q0.050_phi0.000000000000,controlled,0.05,0.0,-1,0.4,fit_ok,resolved,True,E_state_hartree,-3.2779398639881663e-07,-1.4840155611317585e-08,-1,-1,False,same_sign,3.1295383078749905e-07,3.1295383078749905e-07,True,state,-3.273417913343464e-07,False,4.52195064470221e-10,0.0,4.43531552962674e-10,unsafe,3.1250163572302883e-07,unsafe,8.663511507558557e-12,unsafe
251,B,H4,current_m3,controlled_q0.050_phi1.570796326795,controlled,0.05,1.570796326795,-1,0.4,fit_ok,resolved,True,E_state_hartree,-3.2779398639881663e-07,-2.2138447333925497e-07,-1,-1,False,same_sign,1.0640951305956165e-07,1.0640951305956165e-07,True,state,-3.3634423481622934e-07,False,-8.550248417412708e-09,0.0,-8.558911928920267e-09,conservative,1.1495976147697436e-07,unsafe,8.663511507558557e-12,unsafe
252,B,H4,current_m3,controlled_q0.050_phi3.141592653590,controlled,0.05,3.14159265359,-1,0.4,fit_ok,resolved,True,E_state_hartree,-3.2779398639881663e-07,-4.2057531215896496e-07,-1,-1,False,same_sign,-9.278132576014833e-08,-9.278132576014833e-08,False,proxy,-3.2830054522359146e-07,False,-5.065588247748311e-10,0.0,-5.152223362823896e-10,conservative,-9.22747669353735e-08,conservative,8.663511507558557e-12,unsafe
253,B,H4,current_m3,controlled_q0.050_phi4.712388980385,controlled,0.05,4.712388980385,-1,0.4,fit_ok,resolved,True,E_state_hartree,-3.2779398639881663e-07,-2.140309942323841e-07,-1,-1,False,same_sign,1.1376299216643253e-07,1.1376299216643253e-07,True,state,-3.192981015474338e-07,False,8.495884851382834e-09,0.0,8.487221339875275e-09,unsafe,1.052671073150497e-07,unsafe,8.663511507558557e-12,unsafe
254,B,H4,current_m3,rhf,rhf,,,1,0.125,fit_ok,resolved,True,E_state_hartree,-3.141442439513753e-09,-1.2009525278876989e-08,-1,-1,False,same_sign,-8.868082839363236e-09,-8.868082839363236e-09,False,fit,-3.1397816271031437e-09,False,1.6608124106093033e-12,0.0,1.676310013696292e-12,unsafe,-8.869743651773845e-09,conservative,-1.5497603086575092e-14,conservative
255,B,H4,current_m3,cisd,cisd,,,1,0.125,fit_ok,resolved,True,E_state_hartree,-3.141442439513753e-09,-3.3170295902284314e-09,-1,-1,False,same_sign,-1.755871507146784e-10,-1.755871507146784e-10,False,no_positive_component,-3.1416488974067986e-09,False,-2.0645789304554919e-13,0.0,-1.909602899589741e-13,conservative,-1.7538069282163285e-10,conservative,-1.5497603086575092e-14,conservative
256,B,H4,current_m3,controlled_q0.001_phi0.000000000000,controlled,0.001,0.0,1,0.125,fit_ok,resolved,True,E_state_hartree,-3.141442439513753e-09,-2.862894793552073e-09,-1,-1,False,same_sign,2.7854764596167996e-10,2.7854764596167996e-10,True,state,-3.1412359045814177e-09,False,2.0653493233529625e-13,0.0,2.2203253542187134e-13,unsafe,2.7834111102934467e-10,unsafe,-1.5497603086575092e-14,conservative
257,B,H4,current_m3,controlled_q0.001_phi1.570796326795,controlled,0.001,1.570796326795,1,0.125,fit_ok,resolved,True,E_state_hartree,-3.141442439513753e-09,-3.117715704017051e-09,-1,-1,False,same_sign,2.3726735496702016e-11,2.3726735496702016e-11,True,state,-3.1405152765940515e-09,False,9.271629197015591e-13,0.0,9.426605227881342e-13,unsafe,2.2799572577000457e-11,unsafe,-1.5497603086575092e-14,conservative
258,B,H4,current_m3,controlled_q0.001_phi3.141592653590,controlled,0.001,3.14159265359,1,0.125,fit_ok,resolved,True,E_state_hartree,-3.141442439513753e-09,-3.3758852583392116e-09,-1,-1,False,same_sign,-2.3444281882545856e-10,-2.3444281882545856e-10,False,no_positive_component,-3.1417144219740183e-09,False,-2.7198246026527426e-13,0.0,-2.5648485717869917e-13,conservative,-2.341708363651933e-10,conservative,-1.5497603086575092e-14,conservative
259,B,H4,current_m3,controlled_q0.001_phi4.712388980385,controlled,0.001,4.712388980385,1,0.125,fit_ok,resolved,True,E_state_hartree,-3.141442439513753e-09,-3.1210643477193197e-09,-1,-1,False,same_sign,2.037809179443336e-11,2.037809179443336e-11,True,state,-3.1424350528552867e-09,False,-9.926133415336635e-13,0.0,-9.771157384470884e-13,conservative,2.1370705135967024e-11,unsafe,-1.5497603086575092e-14,conservative
260,B,H4,current_m3,controlled_q0.010_phi0.000000000000,controlled,0.01,0.0,1,0.125,fit_ok,resolved,True,E_state_hartree,-3.141442439513753e-09,-2.1131959483291014e-09,-1,-1,False,same_sign,1.0282464911846516e-09,1.0282464911846516e-09,True,state,-3.1407413995474636e-09,False,7.010399662893794e-13,0.0,7.165375693759545e-13,unsafe,1.0275454512183622e-09,unsafe,-1.5497603086575092e-14,conservative
261,B,H4,current_m3,controlled_q0.010_phi1.570796326795,controlled,0.01,1.570796326795,1,0.125,fit_ok,resolved,True,E_state_hartree,-3.141442439513753e-09,-2.9153724139114553e-09,-1,-1,False,same_sign,2.2607002560229774e-10,2.2607002560229774e-10,True,state,-3.1384728786803738e-09,False,2.969560833379241e-12,0.0,2.985058436465816e-12,unsafe,2.231004647689185e-10,unsafe,-1.5497603086575092e-14,conservative
262,B,H4,current_m3,controlled_q0.010_phi3.141592653590,controlled,0.01,3.14159265359,1,0.125,fit_ok,resolved,True,E_state_hartree,-3.141442439513753e-09,-3.7280904130112485e-09,-1,-1,False,same_sign,-5.866479734974955e-10,-5.866479734974955e-10,False,no_positive_component,-3.1422477727485406e-09,False,-8.053332347876001e-13,0.0,-7.89835631701025e-13,conservative,-5.858426402627079e-10,conservative,-1.5497603086575092e-14,conservative
263,B,H4,current_m3,controlled_q0.010_phi4.712388980385,controlled,0.01,4.712388980385,1,0.125,fit_ok,resolved,True,E_state_hartree,-3.141442439513753e-09,-2.9259139472982055e-09,-1,-1,False,same_sign,2.155284922155475e-10,2.155284922155475e-10,True,state,-3.1445163226661735e-09,False,-3.073883152420456e-12,0.0,-3.058385549333881e-12,conservative,2.1860237536796797e-10,unsafe,-1.5497603086575092e-14,conservative
264,B,H4,current_m3,controlled_q0.050_phi0.000000000000,controlled,0.05,0.0,1,0.125,fit_ok,marginal,False,E_state_hartree,-3.141442439513753e-09,-2.6866792517476095e-10,-1,-1,False,same_sign,2.872774514338992e-09,2.872774514338992e-09,True,state,-3.139931108141588e-09,False,1.5113313721651036e-12,0.0,1.5268289752518338e-12,unsafe,2.8712631829668268e-09,unsafe,-1.5497603086575092e-14,conservative
265,B,H4,current_m3,controlled_q0.050_phi1.570796326795,controlled,0.05,1.570796326795,1,0.125,fit_ok,resolved,True,E_state_hartree,-3.141442439513753e-09,-2.025778628117877e-09,-1,-1,False,same_sign,1.115663811395876e-09,1.115663811395876e-09,True,state,-3.1349619943835163e-09,False,6.480445130236671e-12,0.0,6.495942733323246e-12,unsafe,1.1091833662656394e-09,unsafe,-1.5497603086575092e-14,conservative
266,B,H4,current_m3,controlled_q0.050_phi3.141592653590,controlled,0.05,3.14159265359,1,0.125,fit_ok,resolved,True,E_state_hartree,-3.141442439513753e-09,-3.8059798114947835e-09,-1,-1,False,same_sign,-6.645373719810305e-10,-6.645373719810305e-10,False,no_positive_component,-3.143230711890282e-09,False,-1.7882723765289817e-12,0.0,-1.7727747734424066e-12,conservative,-6.627490996045015e-10,conservative,-1.5497603086575092e-14,conservative
267,B,H4,current_m3,controlled_q0.050_phi4.712388980385,controlled,0.05,4.712388980385,1,0.125,fit_ok,resolved,True,E_state_hartree,-3.141442439513753e-09,-2.048869110773118e-09,-1,-1,False,same_sign,1.0925733287406351e-09,1.0925733287406351e-09,True,state,-3.1481997889289335e-09,False,-6.7573494151804826e-12,0.0,-6.7418518120939075e-12,conservative,1.0993306781558156e-09,unsafe,-1.5497603086575092e-14,conservative
268,B,H4,current_m3,rhf,rhf,,,1,0.175,fit_ok,resolved,True,E_state_hartree,-1.206210353821291e-08,-4.587080938323208e-08,-1,-1,False,same_sign,-3.380870584501917e-08,-3.380870584501917e-08,False,fit,-1.2059072856517723e-08,False,3.0306816951861747e-12,-6.617444900424222e-24,3.0264578605346592e-12,unsafe,-3.3811736526714356e-08,conservative,4.223834648206738e-15,unsafe
269,B,H4,current_m3,cisd,cisd,,,1,0.175,fit_ok,resolved,True,E_state_hartree,-1.206210353821291e-08,-1.2743792823434905e-08,-1,-1,False,same_sign,-6.816892852219958e-10,-6.816892852219958e-10,False,proxy,-1.2062441048762983e-08,False,-3.3751055007334256e-13,0.0,-3.417343847215493e-13,conservative,-6.813517746719225e-10,conservative,4.223834648206738e-15,unsafe
270,B,H4,current_m3,controlled_q0.001_phi0.000000000000,controlled,0.001,0.0,1,0.175,fit_ok,resolved,True,E_state_hartree,-1.206210353821291e-08,-1.098276101627949e-08,-1,-1,False,same_sign,1.0793425219334195e-09,1.0793425219334195e-09,True,state,-1.2061697150135882e-08,False,4.0638807702743094e-13,0.0,4.021642423792242e-13,unsafe,1.078936133856392e-09,unsafe,4.223834648206738e-15,unsafe
271,B,H4,current_m3,controlled_q0.001_phi1.570796326795,controlled,0.001,1.570796326795,1,0.175,fit_ok,resolved,True,E_state_hartree,-1.206210353821291e-08,-1.1973989707200775e-08,-1,-1,False,same_sign,8.81138310121348e-11,8.81138310121348e-11,True,state,-1.2060617513041086e-08,False,1.4860251718229252e-12,0.0,1.4818013371747185e-12,unsafe,8.662780584031188e-11,unsafe,4.223834648206738e-15,unsafe
272,B,H4,current_m3,controlled_q0.001_phi3.141592653590,controlled,0.001,3.14159265359,1,0.175,fit_ok,resolved,True,E_state_hartree,-1.206210353821291e-08,-1.2972686814670046e-08,-1,-1,False,same_sign,-9.105832764571363e-10,-9.105832764571363e-10,False,proxy,-1.2062559079360746e-08,False,-4.555411478361445e-13,0.0,-4.597649824843513e-13,conservative,-9.101277353093002e-10,conservative,4.223834648206738e-15,unsafe
273,B,H4,current_m3,controlled_q0.001_phi4.712388980385,controlled,0.001,4.712388980385,1,0.175,fit_ok,resolved,True,E_state_hartree,-1.206210353821291e-08,-1.1981458123298278e-08,-1,-1,False,same_sign,8.06454149146309e-11,8.06454149146309e-11,True,state,-1.206363872016846e-08,False,-1.5351819555509323e-12,0.0,-1.539405790199139e-12,conservative,8.218059687018183e-11,unsafe,4.223834648206738e-15,unsafe
274,B,H4,current_m3,controlled_q0.010_phi0.000000000000,controlled,0.01,0.0,1,0.175,fit_ok,resolved,True,E_state_hartree,-1.206210353821291e-08,-8.085977030563764e-09,-1,-1,False,same_sign,3.976126507649145e-09,3.976126507649145e-09,True,state,-1.2060806509977882e-08,False,1.2970282350275527e-12,0.0,1.292804400379346e-12,unsafe,3.974829479414118e-09,unsafe,4.223834648206738e-15,unsafe
275,B,H4,current_m3,controlled_q0.010_phi1.570796326795,controlled,0.01,1.570796326795,1,0.175,fit_ok,resolved,True,E_state_hartree,-1.206210353821291e-08,-1.120636588086067e-08,-1,-1,False,same_sign,8.557376573522388e-10,8.557376573522388e-10,True,state,-1.2057407790393115e-08,False,4.6957478197939425e-12,0.0,4.691523985145736e-12,unsafe,8.510419095324449e-10,unsafe,4.223834648206738e-15,unsafe
276,B,H4,current_m3,controlled_q0.010_phi3.141592653590,controlled,0.01,3.14159265359,1,0.175,fit_ok,resolved,True,E_state_hartree,-1.206210353821291e-08,-1.435026531179437e-08,-1,-1,False,same_sign,-2.28816177358146e-09,-2.28816177358146e-09,False,proxy,-1.2063519863986807e-08,False,-1.416325773897203e-12,0.0,-1.4205496085454097e-12,conservative,-2.2867454478075627e-09,conservative,4.223834648206738e-15,unsafe
277,B,H4,current_m3,controlled_q0.010_phi4.712388980385,controlled,0.01,4.712388980385,1,0.175,fit_ok,resolved,True,E_state_hartree,-1.206210353821291e-08,-1.1229876461312863e-08,-1,-1,False,same_sign,8.322270769000467e-10,8.322270769000467e-10,True,state,-1.2066918567544545e-08,False,-4.8150293316355604e-12,0.0,-4.819253166283767e-12,conservative,8.370421062316823e-10,unsafe,4.223834648206738e-15,unsafe
278,B,H4,current_m3,controlled_q0.050_phi0.000000000000,controlled,0.05,0.0,1,0.175,fit_ok,resolved,True,E_state_hartree,-1.206210353821291e-08,-9.8136919188221e-10,-1,-1,False,same_sign,1.1080734346330699e-08,1.1080734346330699e-08,True,state,-1.205934735873989e-08,False,2.756179473018577e-12,1.6543612251060553e-24,2.7519556383701635e-12,unsafe,1.1077978166857682e-08,unsafe,4.223834648206738e-15,unsafe
279,B,H4,current_m3,controlled_q0.050_phi1.570796326795,controlled,0.05,1.570796326795,1,0.175,fit_ok,resolved,True,E_state_hartree,-1.206210353821291e-08,-7.816359846261167e-09,-1,-1,False,same_sign,4.2457436919517425e-09,4.2457436919517425e-09,True,state,-1.2051902714055712e-08,False,1.0200824157196924e-11,0.0,1.0196600322548717e-11,unsafe,4.235542867794546e-09,unsafe,4.223834648206738e-15,unsafe
280,B,H4,current_m3,controlled_q0.050_phi3.141592653590,controlled,0.05,3.14159265359,1,0.175,fit_ok,resolved,True,E_state_hartree,-1.206210353821291e-08,-1.470284875673641e-08,-1,-1,False,same_sign,-2.6407452185235006e-09,-2.6407452185235006e-09,False,proxy,-1.2065290768416185e-08,False,-3.18723020327605e-12,0.0,-3.191454037924257e-12,conservative,-2.6375579883202246e-09,conservative,4.223834648206738e-15,unsafe
281,B,H4,current_m3,controlled_q0.050_phi4.712388980385,controlled,0.05,4.712388980385,1,0.175,fit_ok,resolved,True,E_state_hartree,-1.206210353821291e-08,-7.867858109248621e-09,-1,-1,False,same_sign,4.194245428964288e-09,4.194245428964288e-09,True,state,-1.2072735378014823e-08,False,-1.0631839801913736e-11,0.0,-1.0636063636561943e-11,conservative,4.204877268766202e-09,unsafe,4.223834648206738e-15,unsafe
282,B,H4,current_m3,rhf,rhf,,,1,0.225,fit_ok,resolved,True,E_state_hartree,-3.2938743732557896e-08,-1.2438163669652293e-07,-1,-1,False,same_sign,-9.144289296396504e-08,-9.144289296396504e-08,False,fit,-3.293824378825231e-08,False,4.999443055858166e-13,0.0,4.1364186797780984e-13,unsafe,-9.144339290827062e-08,conservative,8.630243760800679e-14,unsafe
283,B,H4,current_m3,cisd,cisd,,,1,0.225,fit_ok,resolved,True,E_state_hartree,-3.2938743732557896e-08,-3.482781219898965e-08,-1,-1,False,same_sign,-1.889068466431755e-09,-1.889068466431755e-09,False,proxy,-3.293870278753936e-08,False,4.0945018538671807e-14,0.0,-4.535741906933498e-14,conservative,-1.8891094114502937e-09,conservative,8.630243760800679e-14,unsafe
284,B,H4,current_m3,controlled_q0.001_phi0.000000000000,controlled,0.001,0.0,1,0.225,fit_ok,resolved,True,E_state_hartree,-3.2938743732557896e-08,-2.995574302417375e-08,-1,-1,False,same_sign,2.9830007083841434e-09,2.9830007083841434e-09,True,state,-3.293860221837975e-08,False,1.4151417814414406e-13,0.0,5.5211740536137274e-14,unsafe,2.9828591942059993e-09,unsafe,8.630243760800679e-14,unsafe
285,B,H4,current_m3,controlled_q0.001_phi1.570796326795,controlled,0.001,1.570796326795,1,0.225,fit_ok,resolved,True,E_state_hartree,-3.2938743732557896e-08,-3.270923231403775e-08,-1,-1,False,same_sign,2.2951141852014626e-10,2.2951141852014626e-10,True,state,-3.293857560767773e-08,False,1.6812488016575775e-13,0.0,8.182244255775096e-14,unsafe,2.293432936399805e-10,unsafe,8.630243760800679e-14,unsafe
286,B,H4,current_m3,controlled_q0.001_phi3.141592653590,controlled,0.001,3.14159265359,1,0.225,fit_ok,resolved,True,E_state_hartree,-3.2938743732557896e-08,-3.5463470626233404e-08,-1,-1,False,same_sign,-2.524726893675508e-09,-2.524726893675508e-09,False,proxy,-3.293871874839096e-08,False,2.4984166933938237e-14,0.0,-6.131827067406855e-14,conservative,-2.5247518778424417e-09,conservative,8.630243760800679e-14,unsafe
287,B,H4,current_m3,controlled_q0.001_phi4.712388980385,controlled,0.001,4.712388980385,1,0.225,fit_ok,resolved,True,E_state_hartree,-3.2938743732557896e-08,-3.2709981335665376e-08,-1,-1,False,same_sign,2.287623968925193e-10,2.287623968925193e-10,True,state,-3.2938745358877433e-08,False,-1.6263195376427117e-15,0.0,-8.79287571456495e-14,conservative,2.2876402321205695e-10,unsafe,8.630243760800679e-14,unsafe
288,B,H4,current_m3,controlled_q0.010_phi0.000000000000,controlled,0.01,0.0,1,0.225,fit_ok,resolved,True,E_state_hartree,-3.2938743732557896e-08,-2.1978962874167633e-08,-1,-1,False,same_sign,1.0959780858390262e-08,1.0959780858390262e-08,True,state,-3.293848187423754e-08,False,2.618583203565894e-13,0.0,1.7555588274858263e-13,unsafe,1.0959519000069906e-08,unsafe,8.630243760800679e-14,unsafe
289,B,H4,current_m3,controlled_q0.010_phi1.570796326795,controlled,0.01,1.570796326795,1,0.225,fit_ok,resolved,True,E_state_hartree,-3.2938743732557896e-08,-3.0646949745192406e-08,-1,-1,False,same_sign,2.29179398736549e-09,2.29179398736549e-09,True,state,-3.29383981030831e-08,False,3.4562947479870644e-13,0.0,2.5932703719069965e-13,unsafe,2.2914483578906912e-09,unsafe,8.630243760800679e-14,unsafe
290,B,H4,current_m3,controlled_q0.010_phi3.141592653590,controlled,0.01,3.14159265359,1,0.225,fit_ok,resolved,True,E_state_hartree,-3.2938743732557896e-08,-3.931729453542741e-08,-1,-1,False,same_sign,-6.378550802869512e-09,-6.378550802869512e-09,False,proxy,-3.2938848710822194e-08,False,-1.0497826429785043e-13,0.0,-1.9128070190585722e-13,conservative,-6.378445824605214e-09,conservative,8.630243760800679e-14,unsafe
291,B,H4,current_m3,controlled_q0.010_phi4.712388980385,controlled,0.01,4.712388980385,1,0.225,fit_ok,resolved,True,E_state_hartree,-3.2938743732557896e-08,-3.064930766505484e-08,-1,-1,False,same_sign,2.2894360675030548e-09,2.2894360675030548e-09,True,state,-3.2938932481627585e-08,False,-1.887490696896013e-13,0.0,-2.750515072976081e-13,conservative,2.2896248165727444e-09,unsafe,8.630243760800679e-14,unsafe
292,B,H4,current_m3,controlled_q0.050_phi0.000000000000,controlled,0.05,0.0,1,0.225,fit_ok,resolved,True,E_state_hartree,-3.2938743732557896e-08,-2.496810308664324e-09,-1,-1,False,same_sign,3.044193342389357e-08,3.044193342389357e-08,True,state,-3.2938284901733956e-08,False,4.588308239399006e-13,0.0,3.725283863339618e-13,unsafe,3.044147459306963e-08,unsafe,8.630243760800679e-14,unsafe
293,B,H4,current_m3,controlled_q0.050_phi1.570796326795,controlled,0.05,1.570796326795,1,0.225,fit_ok,resolved,True,E_state_hartree,-3.2938743732557896e-08,-2.148342130079694e-08,-1,-1,False,same_sign,1.1455322431760955e-08,1.1455322431760955e-08,True,state,-3.2938101386864705e-08,False,6.423456931902913e-13,0.0,5.560432555789758e-13,unsafe,1.1454680086067768e-08,unsafe,8.630243760800679e-14,unsafe
294,B,H4,current_m3,controlled_q0.050_phi3.141592653590,controlled,0.05,3.14159265359,1,0.225,fit_ok,resolved,True,E_state_hartree,-3.2938743732557896e-08,-4.047519714176582e-08,-1,-1,False,same_sign,-7.536453409207927e-09,-7.536453409207927e-09,False,proxy,-3.2939088431276986e-08,False,-3.446987190900074e-13,0.0,-4.3100115669801417e-13,conservative,-7.536108710488837e-09,conservative,8.630243760800679e-14,unsafe
295,B,H4,current_m3,controlled_q0.050_phi4.712388980385,controlled,0.05,4.712388980385,1,0.225,fit_ok,resolved,True,E_state_hartree,-3.2938743732557896e-08,-2.1488586162478755e-08,-1,-1,False,same_sign,1.145015757007914e-08,1.145015757007914e-08,True,state,-3.2939271959079437e-08,False,-5.282265215408859e-13,0.0,-6.145289591522014e-13,conservative,1.1450685796600685e-08,unsafe,8.630243760800679e-14,unsafe
296,B,H4,current_m3,rhf,rhf,,,1,0.275,fit_ok,resolved,True,E_state_hartree,-7.344115759977399e-08,-2.748670033439766e-07,-1,-1,False,same_sign,-2.014258457442026e-07,-2.014258457442026e-07,False,proxy,-7.344530208249939e-08,False,-4.144482725397628e-12,0.0,-4.587889667308155e-12,conservative,-2.014217012614772e-07,conservative,4.434069419237618e-13,unsafe
297,B,H4,current_m3,cisd,cisd,,,1,0.275,fit_ok,resolved,True,E_state_hartree,-7.344115759977399e-08,-7.77300426617153e-08,-1,-1,False,same_sign,-4.2888850619413085e-09,-4.2888850619413085e-09,False,fit,-7.344019594686911e-08,False,9.616529048726852e-13,0.0,5.182459629489234e-13,unsafe,-4.289846714846181e-09,conservative,4.434069419237618e-13,unsafe
298,B,H4,current_m3,controlled_q0.001_phi0.000000000000,controlled,0.001,0.0,1,0.275,fit_ok,resolved,True,E_state_hartree,-7.344115759977399e-08,-6.669096938215906e-08,-1,-1,False,same_sign,6.750188217614925e-09,6.750188217614925e-09,True,state,-7.3441321358645e-08,False,-1.6375887101419332e-13,0.0,-6.071658129379551e-13,conservative,6.750351976485939e-09,unsafe,4.434069419237618e-13,unsafe
299,B,H4,current_m3,controlled_q0.001_phi1.570796326795,controlled,0.001,1.570796326795,1,0.275,fit_ok,resolved,True,E_state_hartree,-7.344115759977399e-08,-7.296052934533988e-08,-1,-1,False,same_sign,4.806282544341026e-10,4.806282544341026e-10,True,state,-7.344267455393169e-08,False,-1.5169541577005857e-12,0.0,-1.9603610996243475e-12,conservative,4.821452085918032e-10,unsafe,4.434069419237618e-13,unsafe
300,B,H4,current_m3,controlled_q0.001_phi3.141592653590,controlled,0.001,3.14159265359,1,0.275,fit_ok,resolved,True,E_state_hartree,-7.344115759977399e-08,-7.917692324256814e-08,-1,-1,False,same_sign,-5.735765642794153e-09,-5.735765642794153e-09,False,fit,-7.344001737563498e-08,False,1.1402241390058235e-12,0.0,6.968171970820617e-13,unsafe,-5.736905866933159e-09,conservative,4.434069419237618e-13,unsafe
301,B,H4,current_m3,controlled_q0.001_phi4.712388980385,controlled,0.001,4.712388980385,1,0.275,fit_ok,resolved,True,E_state_hartree,-7.344115759977399e-08,-7.290736327928619e-08,-1,-1,False,same_sign,5.33794320487797e-10,5.33794320487797e-10,True,state,-7.343866417765542e-08,False,2.493422118568774e-12,0.0,2.050015176645012e-12,unsafe,5.313008983692282e-10,unsafe,4.434069419237618e-13,unsafe
302,B,H4,current_m3,controlled_q0.010_phi0.000000000000,controlled,0.01,0.0,1,0.275,fit_ok,resolved,True,E_state_hartree,-7.344115759977399e-08,-4.8720488345369385e-08,-1,-1,False,same_sign,2.4720669254404603e-08,2.4720669254404603e-08,True,state,-7.344266864611621e-08,False,-1.5110463422199992e-12,0.0,-1.954453284143761e-12,conservative,2.4722180300746823e-08,unsafe,4.434069419237618e-13,unsafe
303,B,H4,current_m3,controlled_q0.010_phi1.570796326795,controlled,0.01,1.570796326795,1,0.275,fit_ok,resolved,True,E_state_hartree,-7.344115759977399e-08,-6.845706899772279e-08,-1,-1,False,same_sign,4.984088602051195e-09,4.984088602051195e-09,True,state,-7.344692850599669e-08,False,-5.770906222702679e-12,0.0,-6.214313164626441e-12,conservative,4.9898595082738975e-09,unsafe,4.434069419237618e-13,unsafe
304,B,H4,current_m3,controlled_q0.010_phi3.141592653590,controlled,0.01,3.14159265359,1,0.275,fit_ok,resolved,True,E_state_hartree,-7.344115759977399e-08,-8.802628281821211e-08,-1,-1,False,same_sign,-1.4585125218438122e-08,-1.4585125218438122e-08,False,fit,-7.343856370637638e-08,False,2.5938933976078126e-12,0.0,2.1504864556840508e-12,unsafe,-1.458771911183573e-08,conservative,4.434069419237618e-13,unsafe
305,B,H4,current_m3,controlled_q0.010_phi4.712388980385,controlled,0.01,4.712388980385,1,0.275,fit_ok,resolved,True,E_state_hartree,-7.344115759977399e-08,-6.828970217054041e-08,-1,-1,False,same_sign,5.151455429233576e-09,5.151455429233576e-09,True,state,-7.343430385117291e-08,False,6.85374860107896e-12,0.0,6.410341659155198e-12,unsafe,5.144601680632497e-09,unsafe,4.434069419237618e-13,unsafe
306,B,H4,current_m3,controlled_q0.050_phi0.000000000000,controlled,0.05,0.0,1,0.275,fit_ok,resolved,True,E_state_hartree,-7.344115759977399e-08,-5.055948074108245e-09,-1,-1,False,same_sign,6.838520952566574e-08,6.838520952566574e-08,True,state,-7.344487556207725e-08,False,-3.7179623032625726e-12,0.0,-4.161369245183026e-12,conservative,6.8388927487969e-08,unsafe,4.434069419237618e-13,unsafe
307,B,H4,current_m3,controlled_q0.050_phi1.570796326795,controlled,0.05,1.570796326795,1,0.275,fit_ok,resolved,True,E_state_hartree,-7.344115759977399e-08,-4.8287529368976235e-08,-1,-1,False,same_sign,2.5153628230797753e-08,2.5153628230797753e-08,True,state,-7.345420647715007e-08,False,-1.3048877376079747e-11,0.0,-1.3492284317996891e-11,conservative,2.5166677108173826e-08,unsafe,4.434069419237618e-13,unsafe
308,B,H4,current_m3,controlled_q0.050_phi3.141592653590,controlled,0.05,3.14159265359,1,0.275,fit_ok,resolved,True,E_state_hartree,-7.344115759977399e-08,-9.115250548438106e-08,-1,-1,False,same_sign,-1.771134788460707e-08,-1.771134788460707e-08,False,fit,-7.343588398247125e-08,False,5.2736173027393015e-12,0.0,4.83021036081554e-12,unsafe,-1.771662150190981e-08,conservative,4.434069419237618e-13,unsafe
309,B,H4,current_m3,controlled_q0.050_phi4.712388980385,controlled,0.05,4.712388980385,1,0.275,fit_ok,resolved,True,E_state_hartree,-7.344115759977399e-08,-4.792092420148266e-08,-1,-1,False,same_sign,2.5520233398291327e-08,2.5520233398291327e-08,True,state,-7.342655308665584e-08,False,1.4604513118143306e-11,0.0,1.4161106176212927e-11,unsafe,2.550562888517319e-08,unsafe,4.434069419237618e-13,unsafe
310,B,H4,current_m3,rhf,rhf,,,1,0.35,fit_ok,resolved,True,E_state_hartree,-1.923927537283987e-07,-7.079646231777413e-07,-1,-1,False,same_sign,-5.155718694493426e-07,-5.155718694493426e-07,False,fit,-1.9230088186739304e-07,False,9.187186100566264e-11,0.0,8.883728852913349e-11,unsafe,-5.156637413103483e-07,conservative,3.034572476529152e-12,unsafe
311,B,H4,current_m3,cisd,cisd,,,1,0.35,fit_ok,resolved,True,E_state_hartree,-1.923927537283987e-07,-2.0400769623706834e-07,-1,-1,False,same_sign,-1.1614942508669639e-08,-1.1614942508669639e-08,False,proxy,-1.9239970200937288e-07,False,-6.948280974173969e-12,0.0,-9.982853450703121e-12,conservative,-1.1607994227695465e-08,conservative,3.034572476529152e-12,unsafe
312,B,H4,current_m3,controlled_q0.001_phi0.000000000000,controlled,0.001,0.0,1,0.35,fit_ok,resolved,True,E_state_hartree,-1.923927537283987e-07,-1.7422128524271698e-07,-1,-1,False,same_sign,1.817146848568172e-08,1.817146848568172e-08,True,state,-1.9237799329409056e-07,False,1.4760434308143274e-11,0.0,1.1725861831614123e-11,unsafe,1.8156708051373575e-08,unsafe,3.034572476529152e-12,unsafe
313,B,H4,current_m3,controlled_q0.001_phi1.570796326795,controlled,0.001,1.570796326795,1,0.35,fit_ok,resolved,True,E_state_hartree,-1.923927537283987e-07,-1.9128719506280194e-07,-1,-1,False,same_sign,1.1055586655967643e-09,1.1055586655967643e-09,True,state,-1.923570464126666e-07,False,3.570731573209724e-11,0.0,3.267274325556809e-11,unsafe,1.069851349864667e-09,unsafe,3.034572476529152e-12,unsafe
314,B,H4,current_m3,controlled_q0.001_phi3.141592653590,controlled,0.001,3.14159265359,1,0.35,fit_ok,resolved,True,E_state_hartree,-1.923927537283987e-07,-2.0794381764566587e-07,-1,-1,False,same_sign,-1.5551063917267167e-08,-1.5551063917267167e-08,False,proxy,-1.9240314688061818e-07,False,-1.0393152219477964e-11,0.0,-1.3427724696007116e-11,conservative,-1.554067076504769e-08,conservative,3.034572476529152e-12,unsafe
315,B,H4,current_m3,controlled_q0.001_phi4.712388980385,controlled,0.001,4.712388980385,1,0.35,fit_ok,resolved,True,E_state_hartree,-1.923927537283987e-07,-1.9087790783254723e-07,-1,-1,False,same_sign,1.5148458958514704e-09,1.5148458958514704e-09,True,state,-1.9242409376802634e-07,False,-3.1340039627640294e-11,0.0,-3.4374612104169446e-11,conservative,1.5461859354791107e-09,unsafe,3.034572476529152e-12,unsafe
316,B,H4,current_m3,controlled_q0.010_phi0.000000000000,controlled,0.01,0.0,1,0.35,fit_ok,resolved,True,E_state_hartree,-1.923927537283987e-07,-1.2623213308436392e-07,-1,-1,False,same_sign,6.616062064403478e-08,6.616062064403478e-08,True,state,-1.9235200949669774e-07,False,4.074423170095717e-11,0.0,3.7709659224428015e-11,unsafe,6.611987641233382e-08,unsafe,3.034572476529152e-12,unsafe
317,B,H4,current_m3,controlled_q0.010_phi1.570796326795,controlled,0.01,1.570796326795,1,0.35,fit_ok,resolved,True,E_state_hartree,-1.923927537283987e-07,-1.7995563322045662e-07,-1,-1,False,same_sign,1.243712050794208e-08,1.243712050794208e-08,True,state,-1.9228606869531774e-07,False,1.0668503308096215e-10,0.0,1.03650460604433e-10,unsafe,1.2330435474861118e-08,unsafe,3.034572476529152e-12,unsafe
318,B,H4,current_m3,controlled_q0.010_phi3.141592653590,controlled,0.01,3.14159265359,1,0.35,fit_ok,resolved,True,E_state_hartree,-1.923927537283987e-07,-2.323906967434054e-07,-1,-1,False,same_sign,-3.999794301500669e-08,-3.999794301500669e-08,False,proxy,-1.9243119301069794e-07,False,-3.843928229924097e-11,0.0,-4.1473854775770124e-11,conservative,-3.995950373270745e-08,conservative,3.034572476529152e-12,unsafe
319,B,H4,current_m3,controlled_q0.010_phi4.712388980385,controlled,0.01,4.712388980385,1,0.35,fit_ok,resolved,True,E_state_hartree,-1.923927537283987e-07,-1.786671966354696e-07,-1,-1,False,same_sign,1.3725557092929104e-08,1.3725557092929104e-08,True,state,-1.9249713383351754e-07,False,-1.04380105118841e-10,0.0,-1.0741467759537015e-10,conservative,1.3829937198047945e-08,unsafe,3.034572476529152e-12,unsafe
320,B,H4,current_m3,controlled_q0.050_phi0.000000000000,controlled,0.05,0.0,1,0.35,fit_ok,resolved,True,E_state_hartree,-1.923927537283987e-07,-1.0728847142138505e-08,-1,-1,False,same_sign,1.816639065862602e-07,1.816639065862602e-07,True,state,-1.9230946127716213e-07,False,8.329245123656841e-11,-2.6469779601696886e-23,8.025787876002272e-11,unsafe,1.8158061413502364e-07,unsafe,3.034572476529152e-12,unsafe
321,B,H4,current_m3,controlled_q0.050_phi1.570796326795,controlled,0.05,1.570796326795,1,0.35,fit_ok,resolved,True,E_state_hartree,-1.923927537283987e-07,-1.2840636705156475e-07,-1,-1,False,same_sign,6.398638667683396e-08,6.398638667683396e-08,True,state,-1.9216502258446925e-07,False,2.2773114392945048e-10,0.0,2.2469657145292132e-10,unsafe,6.375865553290451e-08,unsafe,3.034572476529152e-12,unsafe
322,B,H4,current_m3,controlled_q0.050_phi3.141592653590,controlled,0.05,3.14159265359,1,0.35,fit_ok,resolved,True,E_state_hartree,-1.923927537283987e-07,-2.432616579717915e-07,-1,-1,False,same_sign,-5.086890424339277e-08,-5.086890424339277e-08,False,proxy,-1.9248290715328506e-07,False,-9.015342488635945e-11,0.0,-9.31879973628886e-11,conservative,-5.0778750818506413e-08,conservative,3.034572476529152e-12,unsafe
323,B,H4,current_m3,controlled_q0.050_phi4.712388980385,controlled,0.05,4.712388980385,1,0.35,fit_ok,resolved,True,E_state_hartree,-1.923927537283987e-07,-1.2558413801163418e-07,-1,-1,False,same_sign,6.680861571676453e-08,6.680861571676453e-08,True,state,-1.9262734578782177e-07,False,-2.345920594230711e-10,0.0,-2.3762663189960023e-10,conservative,6.70432077761876e-08,unsafe,3.034572476529152e-12,unsafe
324,B,H4,current_m3,rhf,rhf,,,1,0.4,fit_ok,resolved,True,E_state_hartree,-3.2779398639881663e-07,-1.1896744246546597e-06,-1,-1,False,same_sign,-8.618804382558431e-07,-8.618804382558431e-07,False,fit,-3.272928030994521e-07,False,5.011832993645131e-10,0.0,4.925197878570074e-10,unsafe,-8.623816215552076e-07,conservative,8.663511507558557e-12,unsafe
325,B,H4,current_m3,cisd,cisd,,,1,0.4,fit_ok,resolved,True,E_state_hartree,-3.2779398639881663e-07,-3.481026359065748e-07,-1,-1,False,same_sign,-2.030864950775816e-08,-2.030864950775816e-08,False,proxy,-3.2784049179677804e-07,False,-4.650539796141489e-11,0.0,-5.5168909468973446e-11,conservative,-2.0262144109796744e-08,conservative,8.663511507558557e-12,unsafe
326,B,H4,current_m3,controlled_q0.001_phi0.000000000000,controlled,0.001,0.0,1,0.4,fit_ok,resolved,True,E_state_hartree,-3.2779398639881663e-07,-2.961673452488317e-07,-1,-1,False,same_sign,3.1626641149984935e-08,3.1626641149984935e-08,True,state,-3.27720494040673e-07,False,7.349235814362358e-11,0.0,6.482884663606502e-11,unsafe,3.155314879184131e-08,unsafe,8.663511507558557e-12,unsafe
327,B,H4,current_m3,controlled_q0.001_phi1.570796326795,controlled,0.001,1.570796326795,1,0.4,fit_ok,resolved,True,E_state_hartree,-3.2779398639881663e-07,-3.261209566456761e-07,-1,-1,False,same_sign,1.6730297531405267e-09,1.6730297531405267e-09,True,state,-3.276203978570854e-07,False,1.735885417312238e-10,0.0,1.6492503022366525e-10,unsafe,1.499441211409303e-09,unsafe,8.663511507558557e-12,unsafe
328,B,H4,current_m3,controlled_q0.001_phi3.141592653590,controlled,0.001,3.14159265359,1,0.4,fit_ok,resolved,True,E_state_hartree,-3.2779398639881663e-07,-3.550081467463758e-07,-1,-1,False,same_sign,-2.7214160347559157e-08,-2.7214160347559157e-08,False,proxy,-3.278595351032276e-07,False,-6.554870441099236e-11,0.0,-7.421221591855092e-11,conservative,-2.7148611643148165e-08,conservative,8.663511507558557e-12,unsafe
329,B,H4,current_m3,controlled_q0.001_phi4.712388980385,controlled,0.001,4.712388980385,1,0.4,fit_ok,resolved,True,E_state_hartree,-3.2779398639881663e-07,-3.250545353712851e-07,-1,-1,False,same_sign,2.739451027531539e-09,2.739451027531539e-09,True,state,-3.279596313067145e-07,False,-1.6564490789788468e-10,0.0,-1.7430841940544324e-10,conservative,2.905095935429424e-09,unsafe,8.663511507558557e-12,unsafe
330,B,H4,current_m3,controlled_q0.010_phi0.000000000000,controlled,0.01,0.0,1,0.4,fit_ok,resolved,True,E_state_hartree,-3.2779398639881663e-07,-2.1315760072193337e-07,-1,-1,False,same_sign,1.1463638567688326e-07,1.1463638567688326e-07,True,state,-3.2757688598368483e-07,False,2.1710041513180037e-10,0.0,2.084369036242418e-10,unsafe,1.1441928526175146e-07,unsafe,8.663511507558557e-12,unsafe
331,B,H4,current_m3,controlled_q0.010_phi1.570796326795,controlled,0.01,1.570796326795,1,0.4,fit_ok,resolved,True,E_state_hartree,-3.2779398639881663e-07,-3.074515975141025e-07,-1,-1,False,same_sign,2.0342388884714123e-08,2.0342388884714123e-08,True,state,-3.2726178309917055e-07,False,5.322032996460739e-10,0.0,5.235397881385154e-10,unsafe,1.981018558506805e-08,unsafe,8.663511507558557e-12,unsafe
332,B,H4,current_m3,controlled_q0.010_phi3.141592653590,controlled,0.01,3.14159265359,1,0.4,fit_ok,resolved,True,E_state_hartree,-3.2779398639881663e-07,-3.983884990686968e-07,-1,-1,False,same_sign,-7.05945126698802e-08,-7.05945126698802e-08,False,proxy,-3.280145873791212e-07,False,-2.2060098030457252e-10,0.0,-2.2926449181213108e-10,conservative,-7.037391168957562e-08,conservative,8.663511507558557e-12,unsafe
333,B,H4,current_m3,controlled_q0.010_phi4.712388980385,controlled,0.01,4.712388980385,1,0.4,fit_ok,resolved,True,E_state_hartree,-3.2779398639881663e-07,-3.040945023462246e-07,-1,-1,False,same_sign,2.3699484052592026e-08,2.3699484052592026e-08,True,state,-3.2832969033138207e-07,False,-5.357039325654412e-10,0.0,-5.443674440729997e-10,conservative,2.4235187985157467e-08,unsafe,8.663511507558557e-12,unsafe
334,B,H4,current_m3,controlled_q0.050_phi0.000000000000,controlled,0.05,0.0,1,0.4,fit_ok,resolved,True,E_state_hartree,-3.2779398639881663e-07,-1.4840155611317585e-08,-1,-1,False,same_sign,3.1295383078749905e-07,3.1295383078749905e-07,True,state,-3.273417913343463e-07,False,4.521950644703269e-10,0.0,4.435315529627733e-10,unsafe,3.1250163572302873e-07,unsafe,8.663511507558557e-12,unsafe
335,B,H4,current_m3,controlled_q0.050_phi1.570796326795,controlled,0.05,1.570796326795,1,0.4,fit_ok,resolved,True,E_state_hartree,-3.2779398639881663e-07,-2.2138447333925497e-07,-1,-1,False,same_sign,1.0640951305956165e-07,1.0640951305956165e-07,True,state,-3.2665158065430467e-07,False,1.1424057445119551e-09,0.0,1.1337422330043966e-09,unsafe,1.052671073150497e-07,unsafe,8.663511507558557e-12,unsafe
336,B,H4,current_m3,controlled_q0.050_phi3.141592653590,controlled,0.05,3.14159265359,1,0.4,fit_ok,resolved,True,E_state_hartree,-3.2779398639881663e-07,-4.2057531215896496e-07,-1,-1,False,same_sign,-9.278132576014833e-08,-9.278132576014833e-08,False,proxy,-3.2830054522359146e-07,False,-5.065588247748311e-10,0.0,-5.152223362823896e-10,conservative,-9.22747669353735e-08,conservative,8.663511507558557e-12,unsafe
337,B,H4,current_m3,controlled_q0.050_phi4.712388980385,controlled,0.05,4.712388980385,1,0.4,fit_ok,resolved,True,E_state_hartree,-3.2779398639881663e-07,-2.140309942323841e-07,-1,-1,False,same_sign,1.1376299216643253e-07,1.1376299216643253e-07,True,state,-3.2899075570935846e-07,False,-1.1967693105418296e-09,0.0,-1.2054328220493881e-09,conservative,1.1495976147697436e-07,unsafe,8.663511507558557e-12,unsafe
338,B,H4,two_term_center,rhf,rhf,,,-1,0.125,fit_ok,resolved,True,E_state_hartree,-5.341890263466098e-09,-1.1628802531551937e-08,-1,-1,False,same_sign,-6.286912268085839e-09,-6.286912268085839e-09,False,fit,-5.3405693500424274e-09,False,1.3209134236706447e-12,0.0,1.3249961433850547e-12,unsafe,-6.2882331815095095e-09,conservative,-4.082719714410071e-15,conservative
339,B,H4,two_term_center,cisd,cisd,,,-1,0.125,fit_ok,resolved,True,E_state_hartree,-5.341890263466098e-09,-5.4524483445886105e-09,-1,-1,False,same_sign,-1.1055808112251243e-10,-1.1055808112251243e-10,False,no_positive_component,-5.3420385740778e-09,False,-1.4831061170167958e-13,0.0,-1.442278919872695e-13,conservative,-1.1040977051081075e-10,conservative,-4.082719714410071e-15,conservative
340,B,H4,two_term_center,controlled_q0.001_phi0.000000000000,controlled,0.001,0.0,-1,0.125,fit_ok,resolved,True,E_state_hartree,-5.341890263466098e-09,-5.154063870243491e-09,-1,-1,False,same_sign,1.8782639322260717e-10,1.8782639322260717e-10,True,state,-5.341710593885961e-09,False,1.7966958013705044e-13,0.0,1.837522998514605e-13,unsafe,1.8764672364247012e-10,unsafe,-4.082719714410071e-15,conservative
341,B,H4,two_term_center,controlled_q0.001_phi1.570796326795,controlled,0.001,1.570796326795,-1,0.125,fit_ok,resolved,True,mixed,-5.341890263466098e-09,-5.315663855942198e-09,-1,-1,False,same_sign,2.622640752389993e-11,2.622640752389993e-11,True,state,-5.333153916605289e-09,False,8.736346860808824e-12,0.0,8.740429580523234e-12,unsafe,1.7490060663091106e-11,unsafe,-4.082719714410071e-15,conservative
342,B,H4,two_term_center,controlled_q0.001_phi3.141592653590,controlled,0.001,3.14159265359,-1,0.125,fit_ok,resolved,True,E_state_hartree,-5.341890263466098e-09,-5.4875732877679125e-09,-1,-1,False,same_sign,-1.4568302430181447e-10,-1.4568302430181447e-10,False,no_positive_component,-5.3420905776007074e-09,False,-2.0031413460934702e-13,0.0,-1.9623141489493695e-13,conservative,-1.4548271016720512e-10,conservative,-4.082719714410071e-15,conservative
343,B,H4,two_term_center,controlled_q0.001_phi4.712388980385,controlled,0.001,4.712388980385,-1,0.125,fit_ok,resolved,True,mixed,-5.341890263466098e-09,-5.3259733016034935e-09,-1,-1,False,same_sign,1.591696186260455e-11,1.591696186260455e-11,True,state,-5.350647247697557e-09,False,-8.756984231459037e-12,0.0,-8.752901511744627e-12,conservative,2.4673946094063587e-11,unsafe,-4.082719714410071e-15,conservative
344,B,H4,two_term_center,controlled_q0.010_phi0.000000000000,controlled,0.01,0.0,-1,0.125,fit_ok,resolved,True,E_state_hartree,-5.341890263466098e-09,-4.60615330669901e-09,-1,-1,False,same_sign,7.357369567670881e-10,7.357369567670881e-10,True,state,-5.3413173635504095e-09,False,5.72899915688606e-13,0.0,5.769826354030161e-13,unsafe,7.351640568513995e-10,unsafe,-4.082719714410071e-15,conservative
345,B,H4,two_term_center,controlled_q0.010_phi1.570796326795,controlled,0.01,1.570796326795,-1,0.125,fit_ok,resolved,True,E_state_hartree,-5.341890263466098e-09,-5.114870214782522e-09,-1,-1,False,same_sign,2.270200486835759e-10,2.270200486835759e-10,True,state,-5.314380944815955e-09,False,2.7509318650142892e-11,0.0,2.7513401369857302e-11,unsafe,1.99510730033433e-10,unsafe,-4.082719714410071e-15,conservative
346,B,H4,two_term_center,controlled_q0.010_phi3.141592653590,controlled,0.01,3.14159265359,-1,0.125,fit_ok,resolved,True,E_state_hartree,-5.341890263466098e-09,-5.656041266123452e-09,-1,-1,False,same_sign,-3.141510026573538e-10,-3.141510026573538e-10,False,no_positive_component,-5.3425135526411404e-09,False,-6.232891750423508e-13,0.0,-6.192064553279407e-13,conservative,-3.1352771348231146e-10,conservative,-4.082719714410071e-15,conservative
347,B,H4,two_term_center,controlled_q0.010_phi4.712388980385,controlled,0.01,4.712388980385,-1,0.125,fit_ok,resolved,True,E_state_hartree,-5.341890263466098e-09,-5.147324358838487e-09,-1,-1,False,same_sign,1.9456590462761067e-10,1.9456590462761067e-10,True,state,-5.369449957183264e-09,False,-2.7559693717165956e-11,0.0,-2.7555610997451546e-11,conservative,2.2212559834477663e-10,unsafe,-4.082719714410071e-15,conservative
348,B,H4,two_term_center,controlled_q0.050_phi0.000000000000,controlled,0.05,0.0,-1,0.125,fit_ok,resolved,True,E_state_hartree,-5.341890263466098e-09,-3.1380389538401282e-09,-1,-1,False,same_sign,2.20385130962597e-09,2.20385130962597e-09,True,state,-5.340671473721984e-09,False,1.2187897441140648e-12,0.0,1.222872463828475e-12,unsafe,2.2026325198818558e-09,unsafe,-4.082719714410071e-15,conservative
349,B,H4,two_term_center,controlled_q0.050_phi1.570796326795,controlled,0.05,1.570796326795,-1,0.125,fit_ok,resolved,True,E_state_hartree,-5.341890263466098e-09,-4.252347289536722e-09,-1,-1,False,same_sign,1.0895429739293765e-09,1.0895429739293765e-09,True,state,-5.281669156041447e-09,False,6.022110742465113e-11,0.0,6.022519014436554e-11,unsafe,1.0293218665047253e-09,unsafe,-4.082719714410071e-15,conservative
350,B,H4,two_term_center,controlled_q0.050_phi3.141592653590,controlled,0.05,3.14159265359,-1,0.125,fit_ok,resolved,True,E_state_hartree,-5.341890263466098e-09,-5.437744129253753e-09,-1,-1,False,same_sign,-9.58538657876546e-11,-9.58538657876546e-11,False,no_positive_component,-5.3432916411579775e-09,False,-1.4013776918794323e-12,0.0,-1.3972949721650223e-12,conservative,-9.445248809577517e-11,conservative,-4.082719714410071e-15,conservative
351,B,H4,two_term_center,controlled_q0.050_phi4.712388980385,controlled,0.05,4.712388980385,-1,0.125,fit_ok,resolved,True,E_state_hartree,-5.341890263466098e-09,-4.32343579527454e-09,-1,-1,False,same_sign,1.0184544681915584e-09,1.0184544681915584e-09,True,state,-5.402293953514473e-09,False,-6.040369004837519e-11,0.0,-6.039960732866078e-11,conservative,1.0788581582399336e-09,unsafe,-4.082719714410071e-15,conservative
352,B,H4,two_term_center,rhf,rhf,,,-1,0.175,fit_ok,resolved,True,E_state_hartree,-2.0513067688909814e-08,-4.4470503293708203e-08,-1,-1,False,same_sign,-2.395743560479839e-08,-2.395743560479839e-08,False,fit,-2.0510675546957903e-08,False,2.3921419519105496e-12,0.0,2.388424770387011e-12,unsafe,-2.39598277467503e-08,conservative,3.7171815235383866e-15,unsafe
353,B,H4,two_term_center,cisd,cisd,,,-1,0.175,fit_ok,resolved,True,E_state_hartree,-2.0513067688909814e-08,-2.0943800214778308e-08,-1,-1,False,same_sign,-4.3073252586849353e-10,-4.3073252586849353e-10,False,proxy,-2.0513325402902253e-08,False,-2.577139924394331e-13,0.0,-2.614311739629715e-13,conservative,-4.304748118760541e-10,conservative,3.7171815235383866e-15,unsafe
354,B,H4,two_term_center,controlled_q0.001_phi0.000000000000,controlled,0.001,0.0,-1,0.175,fit_ok,resolved,True,E_state_hartree,-2.0513067688909814e-08,-1.9783788468262497e-08,-1,-1,False,same_sign,7.292792206473172e-10,7.292792206473172e-10,True,state,-2.0512734363481324e-08,False,3.333254284902724e-13,0.0,3.29608246966734e-13,unsafe,7.28945895218827e-10,unsafe,3.7171815235383866e-15,unsafe
355,B,H4,two_term_center,controlled_q0.001_phi1.570796326795,controlled,0.001,1.570796326795,-1,0.175,fit_ok,resolved,True,mixed,-2.0513067688909814e-08,-2.0412112410750877e-08,-1,-1,False,same_sign,1.0095527815893718e-10,1.0095527815893718e-10,True,state,-2.0474746480143976e-08,False,3.8321208765837987e-11,0.0,3.831749158431445e-11,unsafe,6.263406939309919e-11,unsafe,3.7171815235383866e-15,unsafe
356,B,H4,two_term_center,controlled_q0.001_phi3.141592653590,controlled,0.001,3.14159265359,-1,0.175,fit_ok,resolved,True,E_state_hartree,-2.0513067688909814e-08,-2.108105481574625e-08,-1,-1,False,same_sign,-5.679871268364354e-10,-5.679871268364354e-10,False,proxy,-2.0513419118050887e-08,False,-3.514291410728828e-13,0.0,-3.551463225964212e-13,conservative,-5.676356976953625e-10,conservative,3.7171815235383866e-15,unsafe
357,B,H4,two_term_center,controlled_q0.001_phi4.712388980385,controlled,0.001,4.712388980385,-1,0.175,fit_ok,resolved,True,mixed,-2.0513067688909814e-08,-2.045273087185718e-08,-1,-1,False,same_sign,6.033681705263277e-11,6.033681705263277e-11,True,state,-2.05514070022031e-08,False,-3.8339313293286145e-11,0.0,-3.834303047480968e-11,conservative,9.867613034591891e-11,unsafe,3.7171815235383866e-15,unsafe
358,B,H4,two_term_center,controlled_q0.010_phi0.000000000000,controlled,0.01,0.0,-1,0.175,fit_ok,resolved,True,E_state_hartree,-2.0513067688909814e-08,-1.7664654728616363e-08,-1,-1,False,same_sign,2.8484129602934506e-09,2.8484129602934506e-09,True,state,-2.0512025767111623e-08,False,1.0419217981906667e-12,0.0,1.0382046166671283e-12,unsafe,2.84737103849526e-09,unsafe,3.7171815235383866e-15,unsafe
359,B,H4,two_term_center,controlled_q0.010_phi1.570796326795,controlled,0.01,1.570796326795,-1,0.175,fit_ok,resolved,True,E_state_hartree,-2.0513067688909814e-08,-1.9642619093682053e-08,-1,-1,False,same_sign,8.704485952277614e-10,8.704485952277614e-10,True,state,-2.039243985083684e-08,False,1.2062783807297494e-10,0.0,1.206241208914514e-10,unsafe,7.498207571547864e-10,unsafe,3.7171815235383866e-15,unsafe
360,B,H4,two_term_center,controlled_q0.010_phi3.141592653590,controlled,0.01,3.14159265359,-1,0.175,fit_ok,resolved,True,E_state_hartree,-2.0513067688909814e-08,-2.1748450408209055e-08,-1,-1,False,same_sign,-1.2353827192992408e-09,-1.2353827192992408e-09,False,proxy,-2.0514181375139394e-08,False,-1.1136862295795636e-12,0.0,-1.117403411103102e-12,conservative,-1.2342690330696612e-09,conservative,3.7171815235383866e-15,unsafe
361,B,H4,two_term_center,controlled_q0.010_phi4.712388980385,controlled,0.01,4.712388980385,-1,0.175,fit_ok,resolved,True,E_state_hartree,-2.0513067688909814e-08,-1.9770486045599956e-08,-1,-1,False,same_sign,7.425816433098578e-10,7.425816433098578e-10,True,state,-2.0633767278888155e-08,False,-1.2069958997834135e-10,0.0,-1.207033071598649e-10,conservative,8.632812332881991e-10,unsafe,3.7171815235383866e-15,unsafe
362,B,H4,two_term_center,controlled_q0.050_phi0.000000000000,controlled,0.05,0.0,-1,0.175,fit_ok,resolved,True,E_state_hartree,-2.0513067688909814e-08,-1.200783527673486e-08,-1,-1,False,same_sign,8.505232412174954e-09,8.505232412174954e-09,True,state,-2.0510861963852948e-08,False,2.2057250568657902e-12,0.0,2.202007875342252e-12,unsafe,8.503026687118088e-09,unsafe,3.7171815235383866e-15,unsafe
363,B,H4,two_term_center,controlled_q0.050_phi1.570796326795,controlled,0.05,1.570796326795,-1,0.175,fit_ok,resolved,True,E_state_hartree,-2.0513067688909814e-08,-1.6340426046606422e-08,-1,-1,False,same_sign,4.1726416423033916e-09,4.1726416423033916e-09,True,state,-2.024891751962018e-08,False,2.641501692896325e-10,0.0,2.6414645210810895e-10,unsafe,3.908491473013759e-09,unsafe,3.7171815235383866e-15,unsafe
364,B,H4,two_term_center,controlled_q0.050_phi3.141592653590,controlled,0.05,3.14159265359,-1,0.175,fit_ok,resolved,True,E_state_hartree,-2.0513067688909814e-08,-2.0953100317053665e-08,-1,-1,False,same_sign,-4.4003262814385066e-10,-4.4003262814385066e-10,False,proxy,-2.0515583670481856e-08,False,-2.5159815720418527e-12,0.0,-2.519698753565391e-12,conservative,-4.375166465718088e-10,conservative,3.7171815235383866e-15,unsafe
365,B,H4,two_term_center,controlled_q0.050_phi4.712388980385,controlled,0.05,4.712388980385,-1,0.175,fit_ok,resolved,True,E_state_hartree,-2.0513067688909814e-08,-1.6620509552696574e-08,-1,-1,False,same_sign,3.8925581362132396e-09,3.8925581362132396e-09,True,state,-2.077752813729915e-08,False,-2.6446044838933736e-10,0.0,-2.644641655708609e-10,conservative,4.157018584602577e-09,unsafe,3.7171815235383866e-15,unsafe
366,B,H4,two_term_center,rhf,rhf,,,-1,0.225,fit_ok,resolved,True,E_state_hartree,-5.6023833350238306e-08,-1.2078205457867662e-07,-1,-1,False,same_sign,-6.475822122843831e-08,-6.475822122843831e-08,False,fit,-5.602345708218369e-08,False,3.762680546148007e-13,0.0,3.263083102962841e-13,unsafe,-6.475859749649293e-08,conservative,4.9959744318516605e-14,unsafe
367,B,H4,two_term_center,cisd,cisd,,,-1,0.225,fit_ok,resolved,True,E_state_hartree,-5.6023833350238306e-08,-5.722279512043349e-08,-1,-1,False,same_sign,-1.1989617701951811e-09,-1.1989617701951811e-09,False,proxy,-5.6023818004466717e-08,False,1.5345771589123485e-14,0.0,-3.461397272939312e-14,conservative,-1.1989771159667702e-09,conservative,4.9959744318516605e-14,unsafe
368,B,H4,two_term_center,controlled_q0.001_phi0.000000000000,controlled,0.001,0.0,-1,0.225,fit_ok,resolved,True,E_state_hartree,-5.6023833350238306e-08,-5.4002879812492196e-08,-1,-1,False,same_sign,2.0209535377461096e-09,2.0209535377461096e-09,True,state,-5.6023738238628704e-08,False,9.51116096012022e-14,0.0,4.515186528268559e-14,unsafe,2.0208584261365084e-09,unsafe,4.9959744318516605e-14,unsafe
369,B,H4,two_term_center,controlled_q0.001_phi1.570796326795,controlled,0.001,1.570796326795,-1,0.225,fit_ok,resolved,True,mixed,-5.6023833350238306e-08,-5.574724920911377e-08,-1,-1,False,same_sign,2.7658414112453273e-10,2.7658414112453273e-10,True,state,-5.5909142910011435e-08,False,1.1469044022687045e-10,0.0,1.1464048048255194e-10,unsafe,1.6189370089766228e-10,unsafe,4.9959744318516605e-14,unsafe
370,B,H4,two_term_center,controlled_q0.001_phi3.141592653590,controlled,0.001,3.14159265359,-1,0.225,fit_ok,resolved,True,E_state_hartree,-5.6023833350238306e-08,-5.760630645660698e-08,-1,-1,False,same_sign,-1.5824731063686728e-09,-1.5824731063686728e-09,False,proxy,-5.602383065520265e-08,False,2.695035658216472e-15,0.0,-4.726470866030013e-14,conservative,-1.582475801404331e-09,conservative,4.9959744318516605e-14,unsafe
371,B,H4,two_term_center,controlled_q0.001_phi4.712388980385,controlled,0.001,4.712388980385,-1,0.225,fit_ok,resolved,True,mixed,-5.6023833350238306e-08,-5.586193705757297e-08,-1,-1,False,same_sign,1.6189629266533335e-10,1.6189629266533335e-10,True,state,-5.6138425984140446e-08,False,-1.1459263390214021e-10,0.0,-1.1464259364645873e-10,conservative,2.7648892656747357e-10,unsafe,4.9959744318516605e-14,unsafe
372,B,H4,two_term_center,controlled_q0.010_phi0.000000000000,controlled,0.01,0.0,-1,0.225,fit_ok,resolved,True,E_state_hartree,-5.6023833350238306e-08,-4.816007996088855e-08,-1,-1,False,same_sign,7.863753389349753e-09,7.863753389349753e-09,True,state,-5.602364265542698e-08,False,1.9069481132720634e-13,0.0,1.4073506700868974e-13,unsafe,7.863562694538426e-09,unsafe,4.9959744318516605e-14,unsafe
373,B,H4,two_term_center,controlled_q0.010_phi1.570796326795,controlled,0.01,1.570796326795,-1,0.225,fit_ok,resolved,True,E_state_hartree,-5.6023833350238306e-08,-5.3651356466602726e-08,-1,-1,False,same_sign,2.3724768836355794e-09,2.3724768836355794e-09,True,state,-5.566289646011062e-08,False,3.6093689012768587e-10,0.0,3.6088693038336736e-10,unsafe,2.0115399935078935e-09,unsafe,4.9959744318516605e-14,unsafe
374,B,H4,two_term_center,controlled_q0.010_phi3.141592653590,controlled,0.01,3.14159265359,-1,0.225,fit_ok,resolved,True,E_state_hartree,-5.6023833350238306e-08,-5.950367041901483e-08,-1,-1,False,same_sign,-3.4798370687765273e-09,-3.4798370687765273e-09,False,proxy,-5.602393358288854e-08,False,-1.0023265023707306e-13,0.0,-1.5019239455558966e-13,conservative,-3.4797368361262902e-09,conservative,4.9959744318516605e-14,unsafe
375,B,H4,two_term_center,controlled_q0.010_phi4.712388980385,controlled,0.01,4.712388980385,-1,0.225,fit_ok,resolved,True,E_state_hartree,-5.6023833350238306e-08,-5.401239391778706e-08,-1,-1,False,same_sign,2.0114394324512434e-09,2.0114394324512434e-09,True,state,-5.6384679781199553e-08,False,-3.6084643096124764e-10,0.0,-3.6089639070556615e-10,conservative,2.372285863412491e-09,unsafe,4.9959744318516605e-14,unsafe
376,B,H4,two_term_center,controlled_q0.050_phi0.000000000000,controlled,0.05,0.0,-1,0.225,fit_ok,resolved,True,E_state_hartree,-5.6023833350238306e-08,-3.264057435986759e-08,-1,-1,False,same_sign,2.3383258990370716e-08,2.3383258990370716e-08,True,state,-5.602348581223982e-08,False,3.475379984835885e-13,0.0,2.975782541650719e-13,unsafe,2.3382911452372232e-08,unsafe,4.9959744318516605e-14,unsafe
377,B,H4,two_term_center,controlled_q0.050_phi1.570796326795,controlled,0.05,1.570796326795,-1,0.225,fit_ok,resolved,True,E_state_hartree,-5.6023833350238306e-08,-4.466882640220967e-08,-1,-1,False,same_sign,1.1355006948028636e-08,1.1355006948028636e-08,True,state,-5.523329681209231e-08,False,7.905365381459929e-10,0.0,7.904865784016744e-10,unsafe,1.0564470409882643e-08,unsafe,4.9959744318516605e-14,unsafe
378,B,H4,two_term_center,controlled_q0.050_phi3.141592653590,controlled,0.05,3.14159265359,-1,0.225,fit_ok,resolved,True,E_state_hartree,-5.6023833350238306e-08,-5.748790540138811e-08,-1,-1,False,same_sign,-1.4640720511498072e-09,-1.4640720511498072e-09,False,proxy,-5.602412306822797e-08,False,-2.897179896642863e-13,0.0,-3.396777339828029e-13,conservative,-1.463782333160143e-09,conservative,4.9959744318516605e-14,unsafe
379,B,H4,two_term_center,controlled_q0.050_phi4.712388980385,controlled,0.05,4.712388980385,-1,0.225,fit_ok,resolved,True,E_state_hartree,-5.6023833350238306e-08,-4.545965337016901e-08,-1,-1,False,same_sign,1.0564179980069294e-08,1.0564179980069294e-08,True,state,-5.6814312088356305e-08,False,-7.904787381179992e-10,0.0,-7.905286978623177e-10,conservative,1.1354658718187293e-08,unsafe,4.9959744318516605e-14,unsafe
380,B,H4,two_term_center,rhf,rhf,,,-1,0.275,fit_ok,resolved,True,E_state_hartree,-1.2493343626296394e-07,-2.674674087732163e-07,-1,-1,False,same_sign,-1.4253397251025238e-07,-1.4253397251025238e-07,False,proxy,-1.2493679948083476e-07,False,-3.3632178708203007e-12,0.0,-3.6214936685954958e-12,conservative,-1.4253060929238156e-07,conservative,2.5827579777519514e-13,unsafe
381,B,H4,two_term_center,cisd,cisd,,,-1,0.275,fit_ok,resolved,True,E_state_hartree,-1.2493343626296394e-07,-1.2767015526084574e-07,-1,-1,False,same_sign,-2.736718997881802e-09,-2.736718997881802e-09,False,fit,-1.2493278242740158e-07,False,6.538355623606163e-13,0.0,3.955597645854211e-13,unsafe,-2.7373728334441625e-09,conservative,2.5827579777519514e-13,unsafe
382,B,H4,two_term_center,controlled_q0.001_phi0.000000000000,controlled,0.001,0.0,-1,0.275,fit_ok,resolved,True,E_state_hartree,-1.2493343626296394e-07,-1.2034523066569852e-07,-1,-1,False,same_sign,4.588205597265421e-09,4.588205597265421e-09,True,state,-1.2493367652795864e-07,False,-2.4026499470463053e-13,0.0,-4.985407924798257e-13,conservative,4.588445862260125e-09,unsafe,2.5827579777519514e-13,unsafe
383,B,H4,two_term_center,controlled_q0.001_phi1.570796326795,controlled,0.001,1.570796326795,-1,0.275,fit_ok,resolved,True,mixed,-1.2493343626296394e-07,-1.2431426645834009e-07,-1,-1,False,same_sign,6.191698046238519e-10,6.191698046238519e-10,True,state,-1.2466405956972467e-07,False,2.693766932392675e-10,0.0,2.691184174414923e-10,unsafe,3.497931113845844e-10,unsafe,2.5827579777519514e-13,unsafe
384,B,H4,two_term_center,controlled_q0.001_phi3.141592653590,controlled,0.001,3.14159265359,-1,0.275,fit_ok,resolved,True,E_state_hartree,-1.2493343626296394e-07,-1.2854953273943964e-07,-1,-1,False,same_sign,-3.6160964764757014e-09,-3.6160964764757014e-09,False,fit,-1.2493264065166338e-07,False,7.95611300553251e-13,0.0,5.373355027780558e-13,unsafe,-3.6168920877762547e-09,conservative,2.5827579777519514e-13,unsafe
385,B,H4,two_term_center,controlled_q0.001_phi4.712388980385,controlled,0.001,4.712388980385,-1,0.275,fit_ok,resolved,True,mixed,-1.2493343626296394e-07,-1.2458049694536195e-07,-1,-1,False,same_sign,3.529393176019853e-10,3.529393176019853e-10,True,state,-1.252022576101803e-07,False,-2.6882134721635435e-10,0.0,-2.6907962301412955e-10,conservative,6.217606648183397e-10,unsafe,2.5827579777519514e-13,unsafe
386,B,H4,two_term_center,controlled_q0.010_phi0.000000000000,controlled,0.01,0.0,-1,0.275,fit_ok,resolved,True,E_state_hartree,-1.2493343626296394e-07,-1.0716177364508313e-07,-1,-1,False,same_sign,1.777166261788081e-08,1.777166261788081e-08,True,state,-1.2493474835081845e-07,False,-1.3120878545166985e-12,0.0,-1.5703636522918936e-12,conservative,1.7772974705735326e-08,unsafe,2.5827579777519514e-13,unsafe
387,B,H4,two_term_center,controlled_q0.010_phi1.570796326795,controlled,0.01,1.570796326795,-1,0.275,fit_ok,resolved,True,E_state_hartree,-1.2493343626296394e-07,-1.1965630205195245e-07,-1,-1,False,same_sign,5.2771342110114825e-09,5.2771342110114825e-09,True,state,-1.2408599391014915e-07,False,8.474423528147886e-10,0.0,8.471840770170134e-10,unsafe,4.429691858196694e-09,unsafe,2.5827579777519514e-13,unsafe
388,B,H4,two_term_center,controlled_q0.010_phi3.141592653590,controlled,0.01,3.14159265359,-1,0.275,fit_ok,resolved,True,E_state_hartree,-1.2493343626296394e-07,-1.329889242744078e-07,-1,-1,False,same_sign,-8.055488011443863e-09,-8.055488011443863e-09,False,fit,-1.2493148741126863e-07,False,1.94885169530669e-12,0.0,1.690575897531495e-12,unsafe,-8.05743686313917e-09,conservative,2.5827579777519514e-13,unsafe
389,B,H4,two_term_center,controlled_q0.010_phi4.712388980385,controlled,0.01,4.712388980385,-1,0.275,fit_ok,resolved,True,E_state_hartree,-1.2493343626296394e-07,-1.2049439587133927e-07,-1,-1,False,same_sign,4.439040391624668e-09,4.439040391624668e-09,True,state,-1.257802418512499e-07,False,-8.468055882859696e-10,0.0,-8.470638640837448e-10,conservative,5.285845979910637e-09,unsafe,2.5827579777519514e-13,unsafe
390,B,H4,two_term_center,controlled_q0.050_phi0.000000000000,controlled,0.05,0.0,-1,0.275,fit_ok,resolved,True,E_state_hartree,-1.2493343626296394e-07,-7.23578207112839e-08,-1,-1,False,same_sign,5.2575615551680036e-08,5.2575615551680036e-08,True,state,-1.249365083816878e-07,False,-3.0721187238700096e-12,0.0,-3.3303945216584396e-12,conservative,5.257868767040392e-08,unsafe,2.5827579777519514e-13,unsafe
391,B,H4,two_term_center,controlled_q0.050_phi1.570796326795,controlled,0.05,1.570796326795,-1,0.275,fit_ok,resolved,True,E_state_hartree,-1.2493343626296394e-07,-9.972619976672523e-08,-1,-1,False,same_sign,2.5207236496238703e-08,2.5207236496238703e-08,True,state,-1.2307737193552635e-07,False,1.8560643274375867e-09,0.0,1.8558060516397983e-09,unsafe,2.335117216880113e-08,unsafe,2.5827579777519514e-13,unsafe
392,B,H4,two_term_center,controlled_q0.050_phi3.141592653590,controlled,0.05,3.14159265359,-1,0.275,fit_ok,resolved,True,E_state_hartree,-1.2493343626296394e-07,-1.289303639386639e-07,-1,-1,False,same_sign,-3.9969276756999725e-09,-3.9969276756999725e-09,False,fit,-1.2492936552468828e-07,False,4.070738275657595e-12,0.0,3.8124624778824e-12,unsafe,-4.00099841397563e-09,conservative,2.5827579777519514e-13,unsafe
393,B,H4,two_term_center,controlled_q0.050_phi4.712388980385,controlled,0.05,4.712388980385,-1,0.275,fit_ok,resolved,True,E_state_hartree,-1.2493343626296394e-07,-1.0156198489703694e-07,-1,-1,False,same_sign,2.3371451365926994e-08,2.3371451365926994e-08,True,state,-1.2678850200199818e-07,False,-1.8550657390342446e-09,0.0,-1.8553240148320198e-09,conservative,2.522651710496124e-08,unsafe,2.5827579777519514e-13,unsafe
394,B,H4,two_term_center,rhf,rhf,,,-1,0.35,fit_ok,resolved,True,E_state_hartree,-3.273909208179049e-07,-6.916630105721634e-07,-1,-1,False,same_sign,-3.642720897542585e-07,-3.642720897542585e-07,False,fit,-3.273190812036278e-07,False,7.183961427710833e-11,0.0,7.013289151803472e-11,unsafe,-3.643439293685356e-07,conservative,1.7067227590736057e-12,unsafe
395,B,H4,two_term_center,cisd,cisd,,,-1,0.35,fit_ok,resolved,True,E_state_hartree,-3.273909208179049e-07,-3.348729195487104e-07,-1,-1,False,same_sign,-7.481998730805528e-09,-7.481998730805528e-09,False,proxy,-3.2739681502636593e-07,False,-5.894208461048053e-12,0.0,-7.600931220121659e-12,conservative,-7.47610452234448e-09,conservative,1.7067227590736057e-12,unsafe
396,B,H4,two_term_center,controlled_q0.001_phi0.000000000000,controlled,0.001,0.0,-1,0.35,fit_ok,resolved,True,E_state_hartree,-3.273909208179049e-07,-3.1496641251704016e-07,-1,-1,False,same_sign,1.2424508300864722e-08,1.2424508300864722e-08,True,state,-3.2737956891539844e-07,False,1.1351902506447163e-11,0.0,9.645179747373558e-12,unsafe,1.2413156398358275e-08,unsafe,1.7067227590736057e-12,unsafe
397,B,H4,two_term_center,controlled_q0.001_phi1.570796326795,controlled,0.001,1.570796326795,-1,0.35,fit_ok,resolved,True,mixed,-3.273909208179049e-07,-3.2575669646482056e-07,-1,-1,False,same_sign,1.634224353084326e-09,1.634224353084326e-09,True,state,-3.2668568230723947e-07,False,7.052385106654123e-10,0.0,7.035317879063387e-10,unsafe,9.289858424189137e-10,unsafe,1.7067227590736057e-12,unsafe
398,B,H4,two_term_center,controlled_q0.001_phi3.141592653590,controlled,0.001,3.14159265359,-1,0.35,fit_ok,resolved,True,E_state_hartree,-3.273909208179049e-07,-3.3729621785072995e-07,-1,-1,False,same_sign,-9.905297032825068e-09,-9.905297032825068e-09,False,proxy,-3.273995499461768e-07,False,-8.629128271931039e-12,0.0,-1.0335851031004645e-11,conservative,-9.896667904553137e-09,conservative,1.7067227590736057e-12,unsafe
399,B,H4,two_term_center,controlled_q0.001_phi4.712388980385,controlled,0.001,4.712388980385,-1,0.35,fit_ok,resolved,True,mixed,-3.273909208179049e-07,-3.2650593391860103e-07,-1,-1,False,same_sign,8.849868993038532e-10,8.849868993038532e-10,True,state,-3.2809343657104986e-07,False,-7.025157531449738e-10,0.0,-7.042224759040474e-10,conservative,1.587502652448827e-09,unsafe,1.7067227590736057e-12,unsafe
400,B,H4,two_term_center,controlled_q0.010_phi0.000000000000,controlled,0.01,0.0,-1,0.35,fit_ok,resolved,True,E_state_hartree,-3.273909208179049e-07,-2.7966078184680354e-07,-1,-1,False,same_sign,4.7730138971101346e-08,4.7730138971101346e-08,True,state,-3.2735889847894675e-07,False,3.2022338958137626e-11,0.0,3.031561619906402e-11,unsafe,4.769811663214321e-08,unsafe,1.7067227590736057e-12,unsafe
401,B,H4,two_term_center,controlled_q0.010_phi1.570796326795,controlled,0.01,1.570796326795,-1,0.35,fit_ok,resolved,True,E_state_hartree,-3.273909208179049e-07,-3.136286058031179e-07,-1,-1,False,same_sign,1.376231501478699e-08,1.376231501478699e-08,True,state,-3.251745427485298e-07,False,2.2163780693750882e-09,0.0,2.2146713466160146e-09,unsafe,1.1545936945411902e-08,unsafe,1.7067227590736057e-12,unsafe
402,B,H4,two_term_center,controlled_q0.010_phi3.141592653590,controlled,0.01,3.14159265359,-1,0.35,fit_ok,resolved,True,E_state_hartree,-3.273909208179049e-07,-3.4995502999772684e-07,-1,-1,False,same_sign,-2.256410917982196e-08,-2.256410917982196e-08,False,proxy,-3.2742179878259085e-07,False,-3.087796468596846e-11,0.0,-3.258468744504207e-11,conservative,-2.253323121513599e-08,conservative,1.7067227590736057e-12,unsafe
403,B,H4,two_term_center,controlled_q0.010_phi4.712388980385,controlled,0.01,4.712388980385,-1,0.35,fit_ok,resolved,True,E_state_hartree,-3.273909208179049e-07,-3.1598720602083017e-07,-1,-1,False,same_sign,1.1403714797074715e-08,1.1403714797074715e-08,True,state,-3.2960615449306447e-07,False,-2.2152336751595813e-09,0.0,-2.216940397918655e-09,conservative,1.3618948472234296e-08,unsafe,1.7067227590736057e-12,unsafe
404,B,H4,two_term_center,controlled_q0.050_phi0.000000000000,controlled,0.05,0.0,-1,0.35,fit_ok,resolved,True,E_state_hartree,-3.273909208179049e-07,-1.8749435793069502e-07,-1,-1,False,same_sign,1.3989656288720986e-07,1.3989656288720986e-07,True,state,-3.273249668573708e-07,False,6.595396053410186e-11,0.0,6.424723777502826e-11,unsafe,1.3983060892667576e-07,unsafe,1.7067227590736057e-12,unsafe
405,B,H4,two_term_center,controlled_q0.050_phi1.570796326795,controlled,0.05,1.570796326795,-1,0.35,fit_ok,resolved,True,E_state_hartree,-3.273909208179049e-07,-2.618984692596742e-07,-1,-1,False,same_sign,6.54924515582307e-08,6.54924515582307e-08,True,state,-3.2254029049020245e-07,False,4.850630327702439e-09,0.0,4.848923604943365e-09,unsafe,6.064182123052826e-08,unsafe,1.7067227590736057e-12,unsafe
406,B,H4,two_term_center,controlled_q0.050_phi3.141592653590,controlled,0.05,3.14159265359,-1,0.35,fit_ok,resolved,True,E_state_hartree,-3.273909208179049e-07,-3.4146892714387895e-07,-1,-1,False,same_sign,-1.4078006325974063e-08,-1.4078006325974063e-08,False,proxy,-3.2746274551510895e-07,False,-7.182469720406761e-11,0.0,-7.353141996314122e-11,conservative,-1.4006181628769995e-08,conservative,1.7067227590736057e-12,unsafe
407,B,H4,two_term_center,controlled_q0.050_phi4.712388980385,controlled,0.05,4.712388980385,-1,0.35,fit_ok,resolved,True,E_state_hartree,-3.273909208179049e-07,-2.6706481579699607e-07,-1,-1,False,same_sign,6.032610502090881e-08,6.032610502090881e-08,True,state,-3.322474218738683e-07,False,-4.856501055963432e-09,0.0,-4.8582077787225055e-09,conservative,6.518260607687225e-08,unsafe,1.7067227590736057e-12,unsafe
408,B,H4,two_term_center,rhf,rhf,,,-1,0.4,fit_ok,resolved,True,E_state_hartree,-5.579446760162199e-07,-1.1661143624069728e-06,-1,-1,False,same_sign,-6.081696863907529e-07,-6.081696863907529e-07,False,fit,-5.575510249371641e-07,False,3.936510790557833e-10,0.0,3.887707084201915e-10,unsafe,-6.085633374698087e-07,conservative,4.880370635591812e-12,unsafe
409,B,H4,two_term_center,cisd,cisd,,,-1,0.4,fit_ok,resolved,True,E_state_hartree,-5.579446760162199e-07,-5.711197391989777e-07,-1,-1,False,same_sign,-1.3175063182757841e-08,-1.3175063182757841e-08,False,proxy,-5.579818061040807e-07,False,-3.71300878608324e-11,0.0,-4.201045849642421e-11,conservative,-1.3137933094897009e-08,conservative,4.880370635591812e-12,unsafe
410,B,H4,two_term_center,controlled_q0.001_phi0.000000000000,controlled,0.001,0.0,-1,0.4,fit_ok,resolved,True,E_state_hartree,-5.579446760162199e-07,-5.362226636018578e-07,-1,-1,False,same_sign,2.1722012414362117e-08,2.1722012414362117e-08,True,state,-5.578864792906514e-07,False,5.819672556851116e-11,0.0,5.331635493291935e-11,unsafe,2.1663815688793606e-08,unsafe,4.880370635591812e-12,unsafe
411,B,H4,two_term_center,controlled_q0.001_phi1.570796326795,controlled,0.001,1.570796326795,-1,0.4,fit_ok,resolved,True,mixed,-5.579446760162199e-07,-5.55143661252149e-07,-1,-1,False,same_sign,2.8010147640709116e-09,2.8010147640709116e-09,True,state,-5.568168662155056e-07,False,1.127809800714278e-09,0.0,1.122929430078686e-09,unsafe,1.6732049633566337e-09,unsafe,4.880370635591812e-12,unsafe
412,B,H4,two_term_center,controlled_q0.001_phi3.141592653590,controlled,0.001,3.14159265359,-1,0.4,fit_ok,resolved,True,E_state_hartree,-5.579446760162199e-07,-5.754119976009128e-07,-1,-1,False,same_sign,-1.7467321584692953e-08,-1.7467321584692953e-08,False,proxy,-5.579969242007709e-07,False,-5.224818455101482e-11,0.0,-5.7128555186606634e-11,conservative,-1.741507340014194e-08,conservative,4.880370635591812e-12,unsafe
413,B,H4,two_term_center,controlled_q0.001_phi4.712388980385,controlled,0.001,4.712388980385,-1,0.4,fit_ok,resolved,True,mixed,-5.579446760162199e-07,-5.564910000038256e-07,-1,-1,False,same_sign,1.4536760123943124e-09,1.4536760123943124e-09,True,state,-5.590665373307413e-07,False,-1.1218613145214126e-09,0.0,-1.1267416851570044e-09,conservative,2.575537326915725e-09,unsafe,4.880370635591812e-12,unsafe
414,B,H4,two_term_center,controlled_q0.010_phi0.000000000000,controlled,0.01,0.0,-1,0.4,fit_ok,resolved,True,E_state_hartree,-5.579446760162199e-07,-4.7501833898102814e-07,-1,-1,False,same_sign,8.292633703519175e-08,8.292633703519175e-08,True,state,-5.577722402771897e-07,False,1.7243573903018442e-10,0.0,1.6755536839453967e-10,unsafe,8.275390129616161e-08,unsafe,4.880370635591812e-12,unsafe
415,B,H4,two_term_center,controlled_q0.010_phi1.570796326795,controlled,0.01,1.570796326795,-1,0.4,fit_ok,resolved,True,E_state_hartree,-5.579446760162199e-07,-5.345816572009068e-07,-1,-1,False,same_sign,2.3363018815313107e-08,2.3363018815313107e-08,True,state,-5.544050971679125e-07,False,3.5395788483073564e-09,0.0,3.5346984776717646e-09,unsafe,1.982343996700575e-08,unsafe,4.880370635591812e-12,unsafe
416,B,H4,two_term_center,controlled_q0.010_phi3.141592653590,controlled,0.01,3.14159265359,-1,0.4,fit_ok,resolved,True,E_state_hartree,-5.579446760162199e-07,-5.983863991961665e-07,-1,-1,False,same_sign,-4.044172317994666e-08,-4.044172317994666e-08,False,proxy,-5.581199209579137e-07,False,-1.752449416938537e-10,0.0,-1.8012531232944552e-10,conservative,-4.0266478238252804e-08,conservative,4.880370635591812e-12,unsafe
417,B,H4,two_term_center,controlled_q0.010_phi4.712388980385,controlled,0.01,4.712388980385,-1,0.4,fit_ok,resolved,True,E_state_hartree,-5.579446760162199e-07,-5.388230808994752e-07,-1,-1,False,same_sign,1.912159511674469e-08,1.912159511674469e-08,True,state,-5.614870639862112e-07,False,-3.5423879699912878e-09,0.0,-3.5472683406268796e-09,conservative,2.2663983086735977e-08,unsafe,4.880370635591812e-12,unsafe
418,B,H4,two_term_center,controlled_q0.050_phi0.000000000000,controlled,0.05,0.0,-1,0.4,fit_ok,resolved,True,E_state_hartree,-5.579446760162199e-07,-3.166324878399549e-07,-1,-1,False,same_sign,2.41312188176265e-07,2.41312188176265e-07,True,state,-5.575847573237079e-07,False,3.599186925120138e-10,0.0,3.55038321876422e-10,unsafe,2.40952269483753e-07,unsafe,4.880370635591812e-12,unsafe
419,B,H4,two_term_center,controlled_q0.050_phi1.570796326795,controlled,0.05,1.570796326795,-1,0.4,fit_ok,resolved,True,E_state_hartree,-5.579446760162199e-07,-4.47101715681716e-07,-1,-1,False,same_sign,1.108429603345039e-07,1.108429603345039e-07,True,state,-5.502092691454541e-07,False,7.735406870765804e-09,0.0,7.730526500130266e-09,unsafe,1.0310755346373804e-07,unsafe,4.880370635591812e-12,unsafe
420,B,H4,two_term_center,controlled_q0.050_phi3.141592653590,controlled,0.05,3.14159265359,-1,0.4,fit_ok,resolved,True,E_state_hartree,-5.579446760162199e-07,-5.868614813346743e-07,-1,-1,False,same_sign,-2.8916805318454452e-08,-2.8916805318454452e-08,False,proxy,-5.583463272166409e-07,False,-4.016512004210024e-10,0.0,-4.065315710565942e-10,conservative,-2.851515411803345e-08,conservative,4.880370635591812e-12,unsafe
421,B,H4,two_term_center,controlled_q0.050_phi4.712388980385,controlled,0.05,4.712388980385,-1,0.4,fit_ok,resolved,True,E_state_hartree,-5.579446760162199e-07,-4.563922533884673e-07,-1,-1,False,same_sign,1.0155242262775259e-07,1.0155242262775259e-07,True,state,-5.657218152771816e-07,False,-7.777139260961671e-09,0.0,-7.78201963159721e-09,conservative,1.093295618887142e-07,unsafe,4.880370635591812e-12,unsafe
422,B,H4,two_term_center,rhf,rhf,,,1,0.125,fit_ok,resolved,True,E_state_hartree,-5.341890263466098e-09,-1.1628802531551937e-08,-1,-1,False,same_sign,-6.286912268085839e-09,-6.286912268085839e-09,False,fit,-5.3405693500424274e-09,False,1.3209134236706447e-12,0.0,1.3249961433850547e-12,unsafe,-6.2882331815095095e-09,conservative,-4.082719714410071e-15,conservative
423,B,H4,two_term_center,cisd,cisd,,,1,0.125,fit_ok,resolved,True,E_state_hartree,-5.341890263466098e-09,-5.4524483445886105e-09,-1,-1,False,same_sign,-1.1055808112251243e-10,-1.1055808112251243e-10,False,no_positive_component,-5.3420385740778e-09,False,-1.4831061170167958e-13,0.0,-1.442278919872695e-13,conservative,-1.1040977051081075e-10,conservative,-4.082719714410071e-15,conservative
424,B,H4,two_term_center,controlled_q0.001_phi0.000000000000,controlled,0.001,0.0,1,0.125,fit_ok,resolved,True,E_state_hartree,-5.341890263466098e-09,-5.154063870243491e-09,-1,-1,False,same_sign,1.8782639322260717e-10,1.8782639322260717e-10,True,state,-5.341710593885959e-09,False,1.796695801387048e-13,0.0,1.8375229985311487e-13,unsafe,1.8764672364246846e-10,unsafe,-4.082719714410071e-15,conservative
425,B,H4,two_term_center,controlled_q0.001_phi1.570796326795,controlled,0.001,1.570796326795,1,0.125,fit_ok,resolved,True,mixed,-5.341890263466098e-09,-5.315663855942198e-09,-1,-1,False,same_sign,2.622640752389993e-11,2.622640752389993e-11,True,state,-5.340337802036262e-09,False,1.552461429836343e-12,0.0,1.556544149550753e-12,unsafe,2.4673946094063587e-11,unsafe,-4.082719714410071e-15,conservative
426,B,H4,two_term_center,controlled_q0.001_phi3.141592653590,controlled,0.001,3.14159265359,1,0.125,fit_ok,resolved,True,E_state_hartree,-5.341890263466098e-09,-5.4875732877679125e-09,-1,-1,False,same_sign,-1.4568302430181447e-10,-1.4568302430181447e-10,False,no_positive_component,-5.3420905776007074e-09,False,-2.0031413460934702e-13,0.0,-1.9623141489493695e-13,conservative,-1.4548271016720512e-10,conservative,-4.082719714410071e-15,conservative
427,B,H4,two_term_center,controlled_q0.001_phi4.712388980385,controlled,0.001,4.712388980385,1,0.125,fit_ok,resolved,True,mixed,-5.341890263466098e-09,-5.3259733016034935e-09,-1,-1,False,same_sign,1.591696186260455e-11,1.591696186260455e-11,True,state,-5.343463362266585e-09,False,-1.5730988004865562e-12,0.0,-1.5690160807721462e-12,conservative,1.7490060663091106e-11,unsafe,-4.082719714410071e-15,conservative
428,B,H4,two_term_center,controlled_q0.010_phi0.000000000000,controlled,0.01,0.0,1,0.125,fit_ok,resolved,True,E_state_hartree,-5.341890263466098e-09,-4.60615330669901e-09,-1,-1,False,same_sign,7.357369567670881e-10,7.357369567670881e-10,True,state,-5.341317363550412e-09,False,5.728999156861245e-13,0.0,5.769826354005346e-13,unsafe,7.35164056851402e-10,unsafe,-4.082719714410071e-15,conservative
429,B,H4,two_term_center,controlled_q0.010_phi1.570796326795,controlled,0.01,1.570796326795,1,0.125,fit_ok,resolved,True,E_state_hartree,-5.341890263466098e-09,-5.114870214782522e-09,-1,-1,False,same_sign,2.270200486835759e-10,2.270200486835759e-10,True,state,-5.336995813127299e-09,False,4.894450338799264e-12,0.0,4.898533058513674e-12,unsafe,2.2212559834477663e-10,unsafe,-4.082719714410071e-15,conservative
430,B,H4,two_term_center,controlled_q0.010_phi3.141592653590,controlled,0.01,3.14159265359,1,0.125,fit_ok,resolved,True,E_state_hartree,-5.341890263466098e-09,-5.656041266123452e-09,-1,-1,False,same_sign,-3.141510026573538e-10,-3.141510026573538e-10,False,no_positive_component,-5.3425135526411404e-09,False,-6.232891750423508e-13,0.0,-6.192064553279407e-13,conservative,-3.1352771348231146e-10,conservative,-4.082719714410071e-15,conservative
431,B,H4,two_term_center,controlled_q0.010_phi4.712388980385,controlled,0.01,4.712388980385,1,0.125,fit_ok,resolved,True,E_state_hartree,-5.341890263466098e-09,-5.147324358838487e-09,-1,-1,False,same_sign,1.9456590462761067e-10,1.9456590462761067e-10,True,state,-5.34683508887192e-09,False,-4.944825405822329e-12,0.0,-4.9407426861079186e-12,conservative,1.99510730033433e-10,unsafe,-4.082719714410071e-15,conservative
432,B,H4,two_term_center,controlled_q0.050_phi0.000000000000,controlled,0.05,0.0,1,0.125,fit_ok,resolved,True,E_state_hartree,-5.341890263466098e-09,-3.1380389538401282e-09,-1,-1,False,same_sign,2.20385130962597e-09,2.20385130962597e-09,True,state,-5.340671473721984e-09,False,1.2187897441140648e-12,0.0,1.222872463828475e-12,unsafe,2.2026325198818558e-09,unsafe,-4.082719714410071e-15,conservative
433,B,H4,two_term_center,controlled_q0.050_phi1.570796326795,controlled,0.05,1.570796326795,1,0.125,fit_ok,resolved,True,E_state_hartree,-5.341890263466098e-09,-4.252347289536722e-09,-1,-1,False,same_sign,1.0895429739293765e-09,1.0895429739293765e-09,True,state,-5.331205447776655e-09,False,1.0684815689442894e-11,0.0,1.0688898409157304e-11,unsafe,1.0788581582399336e-09,unsafe,-4.082719714410071e-15,conservative
434,B,H4,two_term_center,controlled_q0.050_phi3.141592653590,controlled,0.05,3.14159265359,1,0.125,fit_ok,resolved,True,E_state_hartree,-5.341890263466098e-09,-5.437744129253753e-09,-1,-1,False,same_sign,-9.58538657876546e-11,-9.58538657876546e-11,False,no_positive_component,-5.3432916411579775e-09,False,-1.4013776918794323e-12,0.0,-1.3972949721650223e-12,conservative,-9.445248809577517e-11,conservative,-4.082719714410071e-15,conservative
435,B,H4,two_term_center,controlled_q0.050_phi4.712388980385,controlled,0.05,4.712388980385,1,0.125,fit_ok,resolved,True,E_state_hartree,-5.341890263466098e-09,-4.32343579527454e-09,-1,-1,False,same_sign,1.0184544681915584e-09,1.0184544681915584e-09,True,state,-5.352757661779265e-09,False,-1.0867398313166955e-11,0.0,-1.0863315593452545e-11,conservative,1.0293218665047253e-09,unsafe,-4.082719714410071e-15,conservative
436,B,H4,two_term_center,rhf,rhf,,,1,0.175,fit_ok,resolved,True,E_state_hartree,-2.0513067688909814e-08,-4.4470503293708203e-08,-1,-1,False,same_sign,-2.395743560479839e-08,-2.395743560479839e-08,False,fit,-2.0510675546957903e-08,False,2.3921419519105496e-12,0.0,2.388424770387011e-12,unsafe,-2.39598277467503e-08,conservative,3.7171815235383866e-15,unsafe
437,B,H4,two_term_center,cisd,cisd,,,1,0.175,fit_ok,resolved,True,E_state_hartree,-2.0513067688909814e-08,-2.0943800214778308e-08,-1,-1,False,same_sign,-4.3073252586849353e-10,-4.3073252586849353e-10,False,proxy,-2.0513325402902253e-08,False,-2.577139924394331e-13,0.0,-2.614311739629715e-13,conservative,-4.304748118760541e-10,conservative,3.7171815235383866e-15,unsafe
438,B,H4,two_term_center,controlled_q0.001_phi0.000000000000,controlled,0.001,0.0,1,0.175,fit_ok,resolved,True,E_state_hartree,-2.0513067688909814e-08,-1.9783788468262497e-08,-1,-1,False,same_sign,7.292792206473172e-10,7.292792206473172e-10,True,state,-2.0512734363481327e-08,False,3.3332542848696365e-13,0.0,3.2960824696342527e-13,unsafe,7.289458952188303e-10,unsafe,3.7171815235383866e-15,unsafe
439,B,H4,two_term_center,controlled_q0.001_phi1.570796326795,controlled,0.001,1.570796326795,1,0.175,fit_ok,resolved,True,mixed,-2.0513067688909814e-08,-2.0412112410750877e-08,-1,-1,False,same_sign,1.0095527815893718e-10,1.0095527815893718e-10,True,state,-2.0510788541096796e-08,False,2.2791478130182686e-12,0.0,2.2754306314947302e-12,unsafe,9.867613034591891e-11,unsafe,3.7171815235383866e-15,unsafe
440,B,H4,two_term_center,controlled_q0.001_phi3.141592653590,controlled,0.001,3.14159265359,1,0.175,fit_ok,resolved,True,E_state_hartree,-2.0513067688909814e-08,-2.108105481574625e-08,-1,-1,False,same_sign,-5.679871268364354e-10,-5.679871268364354e-10,False,proxy,-2.0513419118050887e-08,False,-3.514291410728828e-13,0.0,-3.551463225964212e-13,conservative,-5.676356976953625e-10,conservative,3.7171815235383866e-15,unsafe
441,B,H4,two_term_center,controlled_q0.001_phi4.712388980385,controlled,0.001,4.712388980385,1,0.175,fit_ok,resolved,True,mixed,-2.0513067688909814e-08,-2.045273087185718e-08,-1,-1,False,same_sign,6.033681705263277e-11,6.033681705263277e-11,True,state,-2.051536494125028e-08,False,-2.2972523404664267e-12,0.0,-2.300969521989965e-12,conservative,6.263406939309919e-11,unsafe,3.7171815235383866e-15,unsafe
442,B,H4,two_term_center,controlled_q0.010_phi0.000000000000,controlled,0.01,0.0,1,0.175,fit_ok,resolved,True,E_state_hartree,-2.0513067688909814e-08,-1.7664654728616363e-08,-1,-1,False,same_sign,2.8484129602934506e-09,2.8484129602934506e-09,True,state,-2.0512025767111627e-08,False,1.041921798187358e-12,0.0,1.0382046166638196e-12,unsafe,2.8473710384952633e-09,unsafe,3.7171815235383866e-15,unsafe
443,B,H4,two_term_center,controlled_q0.010_phi1.570796326795,controlled,0.01,1.570796326795,1,0.175,fit_ok,resolved,True,E_state_hartree,-2.0513067688909814e-08,-1.9642619093682053e-08,-1,-1,False,same_sign,8.704485952277614e-10,8.704485952277614e-10,True,state,-2.0505900326970252e-08,False,7.167361939562257e-12,0.0,7.163644758038719e-12,unsafe,8.632812332881991e-10,unsafe,3.7171815235383866e-15,unsafe
444,B,H4,two_term_center,controlled_q0.010_phi3.141592653590,controlled,0.01,3.14159265359,1,0.175,fit_ok,resolved,True,E_state_hartree,-2.0513067688909814e-08,-2.1748450408209055e-08,-1,-1,False,same_sign,-1.2353827192992408e-09,-1.2353827192992408e-09,False,proxy,-2.0514181375139394e-08,False,-1.1136862295795636e-12,0.0,-1.117403411103102e-12,conservative,-1.2342690330696612e-09,conservative,3.7171815235383866e-15,unsafe
445,B,H4,two_term_center,controlled_q0.010_phi4.712388980385,controlled,0.01,4.712388980385,1,0.175,fit_ok,resolved,True,E_state_hartree,-2.0513067688909814e-08,-1.9770486045599956e-08,-1,-1,False,same_sign,7.425816433098578e-10,7.425816433098578e-10,True,state,-2.0520306802754743e-08,False,-7.239113844928668e-12,0.0,-7.242831026452207e-12,conservative,7.498207571547864e-10,unsafe,3.7171815235383866e-15,unsafe
446,B,H4,two_term_center,controlled_q0.050_phi0.000000000000,controlled,0.05,0.0,1,0.175,fit_ok,resolved,True,E_state_hartree,-2.0513067688909814e-08,-1.200783527673486e-08,-1,-1,False,same_sign,8.505232412174954e-09,8.505232412174954e-09,True,state,-2.051086196385295e-08,False,2.2057250568624815e-12,0.0,2.202007875338943e-12,unsafe,8.503026687118092e-09,unsafe,3.7171815235383866e-15,unsafe
447,B,H4,two_term_center,controlled_q0.050_phi1.570796326795,controlled,0.05,1.570796326795,1,0.175,fit_ok,resolved,True,E_state_hartree,-2.0513067688909814e-08,-1.6340426046606422e-08,-1,-1,False,same_sign,4.1726416423033916e-09,4.1726416423033916e-09,True,state,-2.0497444631209e-08,False,1.5623057700814654e-11,0.0,1.5619340519291116e-11,unsafe,4.157018584602577e-09,unsafe,3.7171815235383866e-15,unsafe
448,B,H4,two_term_center,controlled_q0.050_phi3.141592653590,controlled,0.05,3.14159265359,1,0.175,fit_ok,resolved,True,E_state_hartree,-2.0513067688909814e-08,-2.0953100317053665e-08,-1,-1,False,same_sign,-4.4003262814385066e-10,-4.4003262814385066e-10,False,proxy,-2.0515583670481856e-08,False,-2.5159815720418527e-12,0.0,-2.519698753565391e-12,conservative,-4.375166465718088e-10,conservative,3.7171815235383866e-15,unsafe
449,B,H4,two_term_center,controlled_q0.050_phi4.712388980385,controlled,0.05,4.712388980385,1,0.175,fit_ok,resolved,True,E_state_hartree,-2.0513067688909814e-08,-1.6620509552696574e-08,-1,-1,False,same_sign,3.8925581362132396e-09,3.8925581362132396e-09,True,state,-2.0529001025710334e-08,False,-1.5933336800519525e-11,0.0,-1.5937053982043063e-11,conservative,3.908491473013759e-09,unsafe,3.7171815235383866e-15,unsafe
450,B,H4,two_term_center,rhf,rhf,,,1,0.225,fit_ok,resolved,True,E_state_hartree,-5.6023833350238306e-08,-1.2078205457867662e-07,-1,-1,False,same_sign,-6.475822122843831e-08,-6.475822122843831e-08,False,fit,-5.602345708218369e-08,False,3.762680546148007e-13,0.0,3.263083102962841e-13,unsafe,-6.475859749649293e-08,conservative,4.9959744318516605e-14,unsafe
451,B,H4,two_term_center,cisd,cisd,,,1,0.225,fit_ok,resolved,True,E_state_hartree,-5.6023833350238306e-08,-5.722279512043349e-08,-1,-1,False,same_sign,-1.1989617701951811e-09,-1.1989617701951811e-09,False,proxy,-5.6023818004466717e-08,False,1.5345771589123485e-14,0.0,-3.461397272939312e-14,conservative,-1.1989771159667702e-09,conservative,4.9959744318516605e-14,unsafe
452,B,H4,two_term_center,controlled_q0.001_phi0.000000000000,controlled,0.001,0.0,1,0.225,fit_ok,resolved,True,E_state_hartree,-5.6023833350238306e-08,-5.4002879812492196e-08,-1,-1,False,same_sign,2.0209535377461096e-09,2.0209535377461096e-09,True,state,-5.602373823862869e-08,False,9.511160961443709e-14,0.0,4.515186529592048e-14,unsafe,2.020858426136495e-09,unsafe,4.9959744318516605e-14,unsafe
453,B,H4,two_term_center,controlled_q0.001_phi1.570796326795,controlled,0.001,1.570796326795,1,0.225,fit_ok,resolved,True,mixed,-5.6023833350238306e-08,-5.574724920911377e-08,-1,-1,False,same_sign,2.7658414112453273e-10,2.7658414112453273e-10,True,state,-5.6023738135681247e-08,False,9.52145570591692e-14,0.0,4.5254812740652594e-14,unsafe,2.7648892656747357e-10,unsafe,4.9959744318516605e-14,unsafe
454,B,H4,two_term_center,controlled_q0.001_phi3.141592653590,controlled,0.001,3.14159265359,1,0.225,fit_ok,resolved,True,E_state_hartree,-5.6023833350238306e-08,-5.760630645660698e-08,-1,-1,False,same_sign,-1.5824731063686728e-09,-1.5824731063686728e-09,False,proxy,-5.602383065520265e-08,False,2.695035658216472e-15,0.0,-4.726470866030013e-14,conservative,-1.582475801404331e-09,conservative,4.9959744318516605e-14,unsafe
455,B,H4,two_term_center,controlled_q0.001_phi4.712388980385,controlled,0.001,4.712388980385,1,0.225,fit_ok,resolved,True,mixed,-5.6023833350238306e-08,-5.586193705757297e-08,-1,-1,False,same_sign,1.6189629266533335e-10,1.6189629266533335e-10,True,state,-5.6023830758470635e-08,False,2.5917676710708285e-15,0.0,-4.7367976647445776e-14,conservative,1.6189370089766228e-10,unsafe,4.9959744318516605e-14,unsafe
456,B,H4,two_term_center,controlled_q0.010_phi0.000000000000,controlled,0.01,0.0,1,0.225,fit_ok,resolved,True,E_state_hartree,-5.6023833350238306e-08,-4.816007996088855e-08,-1,-1,False,same_sign,7.863753389349753e-09,7.863753389349753e-09,True,state,-5.6023642655426965e-08,False,1.9069481134044123e-13,0.0,1.4073506702192463e-13,unsafe,7.863562694538412e-09,unsafe,4.9959744318516605e-14,unsafe
457,B,H4,two_term_center,controlled_q0.010_phi1.570796326795,controlled,0.01,1.570796326795,1,0.225,fit_ok,resolved,True,E_state_hartree,-5.6023833350238306e-08,-5.3651356466602726e-08,-1,-1,False,same_sign,2.3724768836355794e-09,2.3724768836355794e-09,True,state,-5.602364233001522e-08,False,1.910202230883063e-13,0.0,1.410604787697897e-13,unsafe,2.372285863412491e-09,unsafe,4.9959744318516605e-14,unsafe
458,B,H4,two_term_center,controlled_q0.010_phi3.141592653590,controlled,0.01,3.14159265359,1,0.225,fit_ok,resolved,True,E_state_hartree,-5.6023833350238306e-08,-5.950367041901483e-08,-1,-1,False,same_sign,-3.4798370687765273e-09,-3.4798370687765273e-09,False,proxy,-5.602393358288854e-08,False,-1.0023265023707306e-13,0.0,-1.5019239455558966e-13,conservative,-3.4797368361262902e-09,conservative,4.9959744318516605e-14,unsafe
459,B,H4,two_term_center,controlled_q0.010_phi4.712388980385,controlled,0.01,4.712388980385,1,0.225,fit_ok,resolved,True,E_state_hartree,-5.6023833350238306e-08,-5.401239391778706e-08,-1,-1,False,same_sign,2.0114394324512434e-09,2.0114394324512434e-09,True,state,-5.6023933911294956e-08,False,-1.005610566500708e-13,0.0,-1.505208009685874e-13,conservative,2.0115399935078935e-09,unsafe,4.9959744318516605e-14,unsafe
460,B,H4,two_term_center,controlled_q0.050_phi0.000000000000,controlled,0.05,0.0,1,0.225,fit_ok,resolved,True,E_state_hartree,-5.6023833350238306e-08,-3.264057435986759e-08,-1,-1,False,same_sign,2.3383258990370716e-08,2.3383258990370716e-08,True,state,-5.6023485812239815e-08,False,3.4753799849020596e-13,0.0,2.9757825417168936e-13,unsafe,2.3382911452372226e-08,unsafe,4.9959744318516605e-14,unsafe
461,B,H4,two_term_center,controlled_q0.050_phi1.570796326795,controlled,0.05,1.570796326795,1,0.225,fit_ok,resolved,True,E_state_hartree,-5.6023833350238306e-08,-4.466882640220967e-08,-1,-1,False,same_sign,1.1355006948028636e-08,1.1355006948028636e-08,True,state,-5.602348512039696e-08,False,3.48229841343117e-13,0.0,2.982700970246004e-13,unsafe,1.1354658718187293e-08,unsafe,4.9959744318516605e-14,unsafe
462,B,H4,two_term_center,controlled_q0.050_phi3.141592653590,controlled,0.05,3.14159265359,1,0.225,fit_ok,resolved,True,E_state_hartree,-5.6023833350238306e-08,-5.748790540138811e-08,-1,-1,False,same_sign,-1.4640720511498072e-09,-1.4640720511498072e-09,False,proxy,-5.602412306822797e-08,False,-2.897179896642863e-13,0.0,-3.396777339828029e-13,conservative,-1.463782333160143e-09,conservative,4.9959744318516605e-14,unsafe
463,B,H4,two_term_center,controlled_q0.050_phi4.712388980385,controlled,0.05,4.712388980385,1,0.225,fit_ok,resolved,True,E_state_hartree,-5.6023833350238306e-08,-4.545965337016901e-08,-1,-1,False,same_sign,1.0564179980069294e-08,1.0564179980069294e-08,True,state,-5.6024123780051655e-08,False,-2.904298133494437e-13,0.0,-3.403895576679603e-13,conservative,1.0564470409882643e-08,unsafe,4.9959744318516605e-14,unsafe
464,B,H4,two_term_center,rhf,rhf,,,1,0.275,fit_ok,resolved,True,E_state_hartree,-1.2493343626296394e-07,-2.674674087732163e-07,-1,-1,False,same_sign,-1.4253397251025238e-07,-1.4253397251025238e-07,False,proxy,-1.2493679948083476e-07,False,-3.3632178708203007e-12,0.0,-3.6214936685954958e-12,conservative,-1.4253060929238156e-07,conservative,2.5827579777519514e-13,unsafe
465,B,H4,two_term_center,cisd,cisd,,,1,0.275,fit_ok,resolved,True,E_state_hartree,-1.2493343626296394e-07,-1.2767015526084574e-07,-1,-1,False,same_sign,-2.736718997881802e-09,-2.736718997881802e-09,False,fit,-1.2493278242740158e-07,False,6.538355623606163e-13,0.0,3.955597645854211e-13,unsafe,-2.7373728334441625e-09,conservative,2.5827579777519514e-13,unsafe
466,B,H4,two_term_center,controlled_q0.001_phi0.000000000000,controlled,0.001,0.0,1,0.275,fit_ok,resolved,True,E_state_hartree,-1.2493343626296394e-07,-1.2034523066569852e-07,-1,-1,False,same_sign,4.588205597265421e-09,4.588205597265421e-09,True,state,-1.2493367652795864e-07,False,-2.4026499470463053e-13,0.0,-4.985407924798257e-13,conservative,4.588445862260125e-09,unsafe,2.5827579777519514e-13,unsafe
467,B,H4,two_term_center,controlled_q0.001_phi1.570796326795,controlled,0.001,1.570796326795,1,0.275,fit_ok,resolved,True,mixed,-1.2493343626296394e-07,-1.2431426645834009e-07,-1,-1,False,same_sign,6.191698046238519e-10,6.191698046238519e-10,True,state,-1.2493602712315842e-07,False,-2.590860194487733e-12,0.0,-2.849135992262928e-12,conservative,6.217606648183397e-10,unsafe,2.5827579777519514e-13,unsafe
468,B,H4,two_term_center,controlled_q0.001_phi3.141592653590,controlled,0.001,3.14159265359,1,0.275,fit_ok,resolved,True,E_state_hartree,-1.2493343626296394e-07,-1.2854953273943964e-07,-1,-1,False,same_sign,-3.6160964764757014e-09,-3.6160964764757014e-09,False,fit,-1.2493264065166338e-07,False,7.95611300553251e-13,0.0,5.373355027780558e-13,unsafe,-3.6168920877762547e-09,conservative,2.5827579777519514e-13,unsafe
469,B,H4,two_term_center,controlled_q0.001_phi4.712388980385,controlled,0.001,4.712388980385,1,0.275,fit_ok,resolved,True,mixed,-1.2493343626296394e-07,-1.2458049694536195e-07,-1,-1,False,same_sign,3.529393176019853e-10,3.529393176019853e-10,True,state,-1.2493029005674654e-07,False,3.146206217400879e-12,0.0,2.887930419625684e-12,unsafe,3.497931113845844e-10,unsafe,2.5827579777519514e-13,unsafe
470,B,H4,two_term_center,controlled_q0.010_phi0.000000000000,controlled,0.01,0.0,1,0.275,fit_ok,resolved,True,E_state_hartree,-1.2493343626296394e-07,-1.0716177364508313e-07,-1,-1,False,same_sign,1.777166261788081e-08,1.777166261788081e-08,True,state,-1.2493474835081845e-07,False,-1.3120878545166985e-12,0.0,-1.5703636522918936e-12,conservative,1.7772974705735326e-08,unsafe,2.5827579777519514e-13,unsafe
471,B,H4,two_term_center,controlled_q0.010_phi1.570796326795,controlled,0.01,1.570796326795,1,0.275,fit_ok,resolved,True,E_state_hartree,-1.2493343626296394e-07,-1.1965630205195245e-07,-1,-1,False,same_sign,5.2771342110114825e-09,5.2771342110114825e-09,True,state,-1.249421480318631e-07,False,-8.71176889915484e-12,0.0,-8.970044696930035e-12,conservative,5.285845979910637e-09,unsafe,2.5827579777519514e-13,unsafe
472,B,H4,two_term_center,controlled_q0.010_phi3.141592653590,controlled,0.01,3.14159265359,1,0.275,fit_ok,resolved,True,E_state_hartree,-1.2493343626296394e-07,-1.329889242744078e-07,-1,-1,False,same_sign,-8.055488011443863e-09,-8.055488011443863e-09,False,fit,-1.2493148741126863e-07,False,1.94885169530669e-12,0.0,1.690575897531495e-12,unsafe,-8.05743686313917e-09,conservative,2.5827579777519514e-13,unsafe
473,B,H4,two_term_center,controlled_q0.010_phi4.712388980385,controlled,0.01,4.712388980385,1,0.275,fit_ok,resolved,True,E_state_hartree,-1.2493343626296394e-07,-1.2049439587133927e-07,-1,-1,False,same_sign,4.439040391624668e-09,4.439040391624668e-09,True,state,-1.2492408772953596e-07,False,9.348533427973812e-12,0.0,9.090257630198617e-12,unsafe,4.429691858196694e-09,unsafe,2.5827579777519514e-13,unsafe
474,B,H4,two_term_center,controlled_q0.050_phi0.000000000000,controlled,0.05,0.0,1,0.275,fit_ok,resolved,True,E_state_hartree,-1.2493343626296394e-07,-7.23578207112839e-08,-1,-1,False,same_sign,5.2575615551680036e-08,5.2575615551680036e-08,True,state,-1.2493650838168786e-07,False,-3.072118723922949e-12,0.0,-3.3303945216849094e-12,conservative,5.2578687670403946e-08,unsafe,2.5827579777519514e-13,unsafe
475,B,H4,two_term_center,controlled_q0.050_phi1.570796326795,controlled,0.05,1.570796326795,1,0.275,fit_ok,resolved,True,E_state_hartree,-1.2493343626296394e-07,-9.972619976672523e-08,-1,-1,False,same_sign,2.5207236496238703e-08,2.5207236496238703e-08,True,state,-1.2495271687168647e-07,False,-1.9280608722535336e-11,0.0,-1.953888452031053e-11,conservative,2.522651710496124e-08,unsafe,2.5827579777519514e-13,unsafe
476,B,H4,two_term_center,controlled_q0.050_phi3.141592653590,controlled,0.05,3.14159265359,1,0.275,fit_ok,resolved,True,E_state_hartree,-1.2493343626296394e-07,-1.289303639386639e-07,-1,-1,False,same_sign,-3.9969276756999725e-09,-3.9969276756999725e-09,False,fit,-1.2492936552468828e-07,False,4.070738275657595e-12,0.0,3.8124624778824e-12,unsafe,-4.00099841397563e-09,conservative,2.5827579777519514e-13,unsafe
477,B,H4,two_term_center,controlled_q0.050_phi4.712388980385,controlled,0.05,4.712388980385,1,0.275,fit_ok,resolved,True,E_state_hartree,-1.2493343626296394e-07,-1.0156198489703694e-07,-1,-1,False,same_sign,2.3371451365926994e-08,2.3371451365926994e-08,True,state,-1.2491315706583806e-07,False,2.0279197125877426e-11,0.0,2.0020921328088996e-11,unsafe,2.335117216880113e-08,unsafe,2.5827579777519514e-13,unsafe
478,B,H4,two_term_center,rhf,rhf,,,1,0.35,fit_ok,resolved,True,E_state_hartree,-3.273909208179049e-07,-6.916630105721634e-07,-1,-1,False,same_sign,-3.642720897542585e-07,-3.642720897542585e-07,False,fit,-3.273190812036278e-07,False,7.183961427710833e-11,0.0,7.013289151803472e-11,unsafe,-3.643439293685356e-07,conservative,1.7067227590736057e-12,unsafe
479,B,H4,two_term_center,cisd,cisd,,,1,0.35,fit_ok,resolved,True,E_state_hartree,-3.273909208179049e-07,-3.348729195487104e-07,-1,-1,False,same_sign,-7.481998730805528e-09,-7.481998730805528e-09,False,proxy,-3.2739681502636593e-07,False,-5.894208461048053e-12,0.0,-7.600931220121659e-12,conservative,-7.47610452234448e-09,conservative,1.7067227590736057e-12,unsafe
480,B,H4,two_term_center,controlled_q0.001_phi0.000000000000,controlled,0.001,0.0,1,0.35,fit_ok,resolved,True,E_state_hartree,-3.273909208179049e-07,-3.1496641251704016e-07,-1,-1,False,same_sign,1.2424508300864722e-08,1.2424508300864722e-08,True,state,-3.273795689153985e-07,False,1.1351902506394224e-11,0.0,9.645179747320618e-12,unsafe,1.2413156398358328e-08,unsafe,1.7067227590736057e-12,unsafe
481,B,H4,two_term_center,controlled_q0.001_phi1.570796326795,controlled,0.001,1.570796326795,1,0.35,fit_ok,resolved,True,mixed,-3.273909208179049e-07,-3.2575669646482056e-07,-1,-1,False,same_sign,1.634224353084326e-09,1.634224353084326e-09,True,state,-3.273441991172694e-07,False,4.6721700635499025e-11,0.0,4.501497787642542e-11,unsafe,1.587502652448827e-09,unsafe,1.7067227590736057e-12,unsafe
482,B,H4,two_term_center,controlled_q0.001_phi3.141592653590,controlled,0.001,3.14159265359,1,0.35,fit_ok,resolved,True,E_state_hartree,-3.273909208179049e-07,-3.3729621785072995e-07,-1,-1,False,same_sign,-9.905297032825068e-09,-9.905297032825068e-09,False,proxy,-3.273995499461768e-07,False,-8.629128271931039e-12,0.0,-1.0335851031004645e-11,conservative,-9.896667904553137e-09,conservative,1.7067227590736057e-12,unsafe
483,B,H4,two_term_center,controlled_q0.001_phi4.712388980385,controlled,0.001,4.712388980385,1,0.35,fit_ok,resolved,True,mixed,-3.273909208179049e-07,-3.2650593391860103e-07,-1,-1,False,same_sign,8.849868993038532e-10,8.849868993038532e-10,True,state,-3.2743491976101995e-07,False,-4.399894311506053e-11,0.0,-4.570566587413414e-11,conservative,9.289858424189137e-10,unsafe,1.7067227590736057e-12,unsafe
484,B,H4,two_term_center,controlled_q0.010_phi0.000000000000,controlled,0.01,0.0,1,0.35,fit_ok,resolved,True,E_state_hartree,-3.273909208179049e-07,-2.7966078184680354e-07,-1,-1,False,same_sign,4.7730138971101346e-08,4.7730138971101346e-08,True,state,-3.273588984789468e-07,False,3.2022338958084686e-11,0.0,3.031561619901108e-11,unsafe,4.769811663214326e-08,unsafe,1.7067227590736057e-12,unsafe
485,B,H4,two_term_center,controlled_q0.010_phi1.570796326795,controlled,0.01,1.570796326795,1,0.35,fit_ok,resolved,True,E_state_hartree,-3.273909208179049e-07,-3.136286058031179e-07,-1,-1,False,same_sign,1.376231501478699e-08,1.376231501478699e-08,True,state,-3.272475542753522e-07,False,1.4336654255269466e-10,0.0,1.4165981979362105e-10,unsafe,1.3618948472234296e-08,unsafe,1.7067227590736057e-12,unsafe
486,B,H4,two_term_center,controlled_q0.010_phi3.141592653590,controlled,0.01,3.14159265359,1,0.35,fit_ok,resolved,True,E_state_hartree,-3.273909208179049e-07,-3.4995502999772684e-07,-1,-1,False,same_sign,-2.256410917982196e-08,-2.256410917982196e-08,False,proxy,-3.2742179878259085e-07,False,-3.087796468596846e-11,0.0,-3.258468744504207e-11,conservative,-2.253323121513599e-08,conservative,1.7067227590736057e-12,unsafe
487,B,H4,two_term_center,controlled_q0.010_phi4.712388980385,controlled,0.01,4.712388980385,1,0.35,fit_ok,resolved,True,E_state_hartree,-3.273909208179049e-07,-3.1598720602083017e-07,-1,-1,False,same_sign,1.1403714797074715e-08,1.1403714797074715e-08,True,state,-3.2753314296624207e-07,False,-1.422221483371877e-10,0.0,-1.439288710962613e-10,conservative,1.1545936945411902e-08,unsafe,1.7067227590736057e-12,unsafe
488,B,H4,two_term_center,controlled_q0.050_phi0.000000000000,controlled,0.05,0.0,1,0.35,fit_ok,resolved,True,E_state_hartree,-3.273909208179049e-07,-1.8749435793069502e-07,-1,-1,False,same_sign,1.3989656288720986e-07,1.3989656288720986e-07,True,state,-3.2732496685737084e-07,False,6.595396053404892e-11,0.0,6.424723777494885e-11,unsafe,1.3983060892667584e-07,unsafe,1.7067227590736057e-12,unsafe
489,B,H4,two_term_center,controlled_q0.050_phi1.570796326795,controlled,0.05,1.570796326795,1,0.35,fit_ok,resolved,True,E_state_hartree,-3.273909208179049e-07,-2.618984692596742e-07,-1,-1,False,same_sign,6.54924515582307e-08,6.54924515582307e-08,True,state,-3.2708107533654644e-07,False,3.098454813584488e-10,0.0,3.081387585993752e-10,unsafe,6.518260607687225e-08,unsafe,1.7067227590736057e-12,unsafe
490,B,H4,two_term_center,controlled_q0.050_phi3.141592653590,controlled,0.05,3.14159265359,1,0.35,fit_ok,resolved,True,E_state_hartree,-3.273909208179049e-07,-3.4146892714387895e-07,-1,-1,False,same_sign,-1.4078006325974063e-08,-1.4078006325974063e-08,False,proxy,-3.2746274551510895e-07,False,-7.182469720406761e-11,0.0,-7.353141996314122e-11,conservative,-1.4006181628769995e-08,conservative,1.7067227590736057e-12,unsafe
491,B,H4,two_term_center,controlled_q0.050_phi4.712388980385,controlled,0.05,4.712388980385,1,0.35,fit_ok,resolved,True,E_state_hartree,-3.273909208179049e-07,-2.6706481579699607e-07,-1,-1,False,same_sign,6.032610502090881e-08,6.032610502090881e-08,True,state,-3.2770663702752433e-07,False,-3.15716209619442e-10,0.0,-3.174229323785156e-10,conservative,6.064182123052826e-08,unsafe,1.7067227590736057e-12,unsafe
492,B,H4,two_term_center,rhf,rhf,,,1,0.4,fit_ok,resolved,True,E_state_hartree,-5.579446760162199e-07,-1.1661143624069728e-06,-1,-1,False,same_sign,-6.081696863907529e-07,-6.081696863907529e-07,False,fit,-5.575510249371641e-07,False,3.936510790557833e-10,0.0,3.887707084201915e-10,unsafe,-6.085633374698087e-07,conservative,4.880370635591812e-12,unsafe
493,B,H4,two_term_center,cisd,cisd,,,1,0.4,fit_ok,resolved,True,E_state_hartree,-5.579446760162199e-07,-5.711197391989777e-07,-1,-1,False,same_sign,-1.3175063182757841e-08,-1.3175063182757841e-08,False,proxy,-5.579818061040807e-07,False,-3.71300878608324e-11,0.0,-4.201045849642421e-11,conservative,-1.3137933094897009e-08,conservative,4.880370635591812e-12,unsafe
494,B,H4,two_term_center,controlled_q0.001_phi0.000000000000,controlled,0.001,0.0,1,0.4,fit_ok,resolved,True,E_state_hartree,-5.579446760162199e-07,-5.362226636018578e-07,-1,-1,False,same_sign,2.1722012414362117e-08,2.1722012414362117e-08,True,state,-5.578864792906513e-07,False,5.819672556861704e-11,0.0,5.331635493302523e-11,unsafe,2.16638156887935e-08,unsafe,4.880370635591812e-12,unsafe
495,B,H4,two_term_center,controlled_q0.001_phi1.570796326795,controlled,0.001,1.570796326795,1,0.4,fit_ok,resolved,True,mixed,-5.579446760162199e-07,-5.55143661252149e-07,-1,-1,False,same_sign,2.8010147640709116e-09,2.8010147640709116e-09,True,state,-5.577191985790647e-07,False,2.254774371551866e-10,0.0,2.2059706651959479e-10,unsafe,2.575537326915725e-09,unsafe,4.880370635591812e-12,unsafe
496,B,H4,two_term_center,controlled_q0.001_phi3.141592653590,controlled,0.001,3.14159265359,1,0.4,fit_ok,resolved,True,E_state_hartree,-5.579446760162199e-07,-5.754119976009128e-07,-1,-1,False,same_sign,-1.7467321584692953e-08,-1.7467321584692953e-08,False,proxy,-5.579969242007709e-07,False,-5.224818455101482e-11,0.0,-5.7128555186606634e-11,conservative,-1.741507340014194e-08,conservative,4.880370635591812e-12,unsafe
497,B,H4,two_term_center,controlled_q0.001_phi4.712388980385,controlled,0.001,4.712388980385,1,0.4,fit_ok,resolved,True,mixed,-5.579446760162199e-07,-5.564910000038256e-07,-1,-1,False,same_sign,1.4536760123943124e-09,1.4536760123943124e-09,True,state,-5.581642049671822e-07,False,-2.195289509623213e-10,0.0,-2.244093215979131e-10,conservative,1.6732049633566337e-09,unsafe,4.880370635591812e-12,unsafe
498,B,H4,two_term_center,controlled_q0.010_phi0.000000000000,controlled,0.01,0.0,1,0.4,fit_ok,resolved,True,E_state_hartree,-5.579446760162199e-07,-4.7501833898102814e-07,-1,-1,False,same_sign,8.292633703519175e-08,8.292633703519175e-08,True,state,-5.577722402771897e-07,False,1.7243573903018442e-10,0.0,1.6755536839464555e-10,unsafe,8.275390129616151e-08,unsafe,4.880370635591812e-12,unsafe
499,B,H4,two_term_center,controlled_q0.010_phi1.570796326795,controlled,0.01,1.570796326795,1,0.4,fit_ok,resolved,True,E_state_hartree,-5.579446760162199e-07,-5.345816572009068e-07,-1,-1,False,same_sign,2.3363018815313107e-08,2.3363018815313107e-08,True,state,-5.572456402876428e-07,False,6.990357285771297e-10,0.0,6.941553579415379e-10,unsafe,2.2663983086735977e-08,unsafe,4.880370635591812e-12,unsafe
500,B,H4,two_term_center,controlled_q0.010_phi3.141592653590,controlled,0.01,3.14159265359,1,0.4,fit_ok,resolved,True,E_state_hartree,-5.579446760162199e-07,-5.983863991961665e-07,-1,-1,False,same_sign,-4.044172317994666e-08,-4.044172317994666e-08,False,proxy,-5.581199209579137e-07,False,-1.752449416938537e-10,0.0,-1.8012531232944552e-10,conservative,-4.0266478238252804e-08,conservative,4.880370635591812e-12,unsafe
501,B,H4,two_term_center,controlled_q0.010_phi4.712388980385,controlled,0.01,4.712388980385,1,0.4,fit_ok,resolved,True,E_state_hartree,-5.579446760162199e-07,-5.388230808994752e-07,-1,-1,False,same_sign,1.912159511674469e-08,1.912159511674469e-08,True,state,-5.58646520866481e-07,False,-7.018448502610611e-10,0.0,-7.067252208966529e-10,conservative,1.982343996700575e-08,unsafe,4.880370635591812e-12,unsafe
502,B,H4,two_term_center,controlled_q0.050_phi0.000000000000,controlled,0.05,0.0,1,0.4,fit_ok,resolved,True,E_state_hartree,-5.579446760162199e-07,-3.166324878399549e-07,-1,-1,False,same_sign,2.41312188176265e-07,2.41312188176265e-07,True,state,-5.575847573237077e-07,False,3.599186925122256e-10,0.0,3.550383218765808e-10,unsafe,2.409522694837528e-07,unsafe,4.880370635591812e-12,unsafe
503,B,H4,two_term_center,controlled_q0.050_phi1.570796326795,controlled,0.05,1.570796326795,1,0.4,fit_ok,resolved,True,E_state_hartree,-5.579446760162199e-07,-4.47101715681716e-07,-1,-1,False,same_sign,1.108429603345039e-07,1.108429603345039e-07,True,state,-5.564312775704302e-07,False,1.513398445789638e-09,0.0,1.508518075154099e-09,unsafe,1.093295618887142e-07,unsafe,4.880370635591812e-12,unsafe
504,B,H4,two_term_center,controlled_q0.050_phi3.141592653590,controlled,0.05,3.14159265359,1,0.4,fit_ok,resolved,True,E_state_hartree,-5.579446760162199e-07,-5.868614813346743e-07,-1,-1,False,same_sign,-2.8916805318454452e-08,-2.8916805318454452e-08,False,proxy,-5.583463272166409e-07,False,-4.016512004210024e-10,0.0,-4.065315710565942e-10,conservative,-2.851515411803345e-08,conservative,4.880370635591812e-12,unsafe
505,B,H4,two_term_center,controlled_q0.050_phi4.712388980385,controlled,0.05,4.712388980385,1,0.4,fit_ok,resolved,True,E_state_hartree,-5.579446760162199e-07,-4.563922533884673e-07,-1,-1,False,same_sign,1.0155242262775259e-07,1.0155242262775259e-07,True,state,-5.594998068522054e-07,False,-1.555130835985505e-09,0.0,-1.5600112066210438e-09,conservative,1.0310755346373804e-07,unsafe,4.880370635591812e-12,unsafe
506,B,H4,m5_best,rhf,rhf,,,-1,0.125,fit_ok,resolved,True,E_state_hartree,-2.7581736894433106e-10,-4.367948856403394e-09,-1,-1,False,same_sign,-4.092131487459063e-09,-4.092131487459063e-09,False,fit,-2.7507576713221095e-10,False,7.416018121201115e-13,0.0,7.436624490190687e-13,unsafe,-4.092873089271183e-09,conservative,-2.0606368990606134e-15,conservative
507,B,H4,m5_best,cisd,cisd,,,-1,0.125,fit_ok,marginal,False,E_state_hartree,-2.7581736894433106e-10,-3.6208177458593236e-10,-1,-1,False,same_sign,-8.62644056416013e-11,-8.62644056416013e-11,False,no_positive_component,-2.7589932452318103e-10,False,-8.195557884996682e-14,0.0,-7.98949419509062e-14,conservative,-8.618245006275133e-11,conservative,-2.0606368990606134e-15,conservative
508,B,H4,m5_best,controlled_q0.001_phi0.000000000000,controlled,0.001,0.0,-1,0.125,not_identifiable,marginal,False,E_state_hartree,-2.7581736894433106e-10,-1.4362310538379337e-10,-1,-1,False,same_sign,1.321942635605377e-10,1.321942635605377e-10,True,state,-2.75718848448524e-10,False,9.852049580704788e-14,0.0,1.005811327061085e-13,unsafe,1.3209574306473065e-10,unsafe,-2.0606368990606134e-15,conservative
509,B,H4,m5_best,controlled_q0.001_phi1.570796326795,controlled,0.001,1.570796326795,-1,0.125,fit_ok,marginal,False,E_state_hartree,-2.7581736894433106e-10,-2.683983593156954e-10,-1,-1,False,same_sign,7.419009628635657e-12,7.419009628635657e-12,True,state,-2.773790034542787e-10,False,-1.5616345099476375e-12,0.0,-1.559573873048577e-12,conservative,8.980644138583295e-12,unsafe,-2.0606368990606134e-15,conservative
510,B,H4,m5_best,controlled_q0.001_phi3.141592653590,controlled,0.001,3.14159265359,-1,0.125,fit_ok,marginal,False,E_state_hartree,-2.7581736894433106e-10,-3.917305245695535e-10,-1,-1,False,same_sign,-1.1591315562522246e-10,-1.1591315562522246e-10,False,no_positive_component,-2.7592797512163833e-10,False,-1.1060617730726389e-13,0.0,-1.0854554040820328e-13,conservative,-1.158025494479152e-10,conservative,-2.0606368990606134e-15,conservative
511,B,H4,m5_best,controlled_q0.001_phi4.712388980385,controlled,0.001,4.712388980385,-1,0.125,fit_ok,marginal,False,mixed,-2.7581736894433106e-10,-2.669552704452878e-10,-1,-1,False,same_sign,8.862098499043251e-12,8.862098499043251e-12,True,state,-2.742678253060535e-10,False,1.5495436382775425e-12,0.0,1.551604275176603e-12,unsafe,7.312554860765709e-12,unsafe,-2.0606368990606134e-15,conservative
512,B,H4,m5_best,controlled_q0.010_phi0.000000000000,controlled,0.01,0.0,-1,0.125,not_identifiable,marginal,False,E_state_hartree,-2.7581736894433106e-10,1.9615689087294673e-10,1,-1,True,sign_crossing,4.719742598172778e-10,7.966047807138433e-11,True,not_attributed_sign_crossing,-2.7550301166438396e-10,False,3.143572799471014e-13,,,not_attributed_sign_crossing,,not_attributed_sign_crossing,,not_attributed_sign_crossing
513,B,H4,m5_best,controlled_q0.010_phi1.570796326795,controlled,0.01,1.570796326795,-1,0.125,not_identifiable,marginal,False,E_state_hartree,-2.7581736894433106e-10,-1.9663572634884753e-10,-1,-1,False,same_sign,7.918164259548353e-11,7.918164259548353e-11,True,state,-2.807291528008554e-10,False,-4.911783856524316e-12,0.0,-4.909723219625255e-12,conservative,8.409342645200785e-11,unsafe,-2.0606368990606134e-15,conservative
514,B,H4,m5_best,controlled_q0.010_phi3.141592653590,controlled,0.01,3.14159265359,-1,0.125,fit_ok,marginal,False,E_state_hartree,-2.7581736894433106e-10,-5.848854976165049e-10,-1,-1,False,same_sign,-3.090681286721738e-10,-3.090681286721738e-10,False,no_positive_component,-2.7616134262765397e-10,False,-3.439736833229002e-13,0.0,-3.4191304642383956e-13,conservative,-3.087241549888509e-10,conservative,-2.0606368990606134e-15,conservative
515,B,H4,m5_best,controlled_q0.010_phi4.712388980385,controlled,0.01,4.712388980385,-1,0.125,not_identifiable,marginal,False,E_state_hartree,-2.7581736894433106e-10,-1.9209288156272982e-10,-1,-1,False,same_sign,8.372448738160125e-11,8.372448738160125e-11,True,state,-2.709351890306534e-10,False,4.882179913677685e-12,0.0,4.88424055057672e-12,unsafe,7.884230746792359e-11,unsafe,-2.0606368990606134e-15,conservative
516,B,H4,m5_best,controlled_q0.050_phi0.000000000000,controlled,0.05,0.0,-1,0.125,fit_ok,resolved,True,E_state_hartree,-2.7581736894433106e-10,9.868780834724061e-10,1,-1,True,sign_crossing,1.2626954524167372e-09,-7.110607145280751e-10,False,not_attributed_sign_crossing,-2.7515012064434055e-10,False,6.672482999905139e-13,,,not_attributed_sign_crossing,,not_attributed_sign_crossing,,not_attributed_sign_crossing
517,B,H4,m5_best,controlled_q0.050_phi1.570796326795,controlled,0.05,1.570796326795,-1,0.125,not_identifiable,marginal,False,E_state_hartree,-2.7581736894433106e-10,1.2649368928271345e-10,1,-1,True,sign_crossing,4.0231105822704454e-10,1.4932367966161761e-10,True,not_attributed_sign_crossing,-2.865976424771206e-10,False,-1.078027353278955e-11,,,not_attributed_sign_crossing,,not_attributed_sign_crossing,,not_attributed_sign_crossing
518,B,H4,m5_best,controlled_q0.050_phi3.141592653590,controlled,0.05,3.14159265359,-1,0.125,fit_ok,resolved,True,E_state_hartree,-2.7581736894433106e-10,-7.239399203946808e-10,-1,-1,False,same_sign,-4.4812255145034973e-10,-4.4812255145034973e-10,False,no_positive_component,-2.7659214796713916e-10,False,-7.747790228080969e-13,0.0,-7.727183859090363e-13,conservative,-4.4734777242754163e-10,conservative,-2.0606368990606134e-15,conservative
519,B,H4,m5_best,controlled_q0.050_phi4.712388980385,controlled,0.05,4.712388980385,-1,0.125,not_identifiable,marginal,False,E_state_hartree,-2.7581736894433106e-10,1.364444724595717e-10,1,-1,True,sign_crossing,4.1226184140390273e-10,1.3937289648475937e-10,True,not_attributed_sign_crossing,-2.651446156982384e-10,False,1.067275324609265e-11,,,not_attributed_sign_crossing,,not_attributed_sign_crossing,,not_attributed_sign_crossing
520,B,H4,m5_best,rhf,rhf,,,-1,0.175,fit_ok,resolved,True,E_state_hartree,-1.0587783982884957e-09,-1.666336488546529e-08,-1,-1,False,same_sign,-1.5604586487176793e-08,-1.5604586487176793e-08,False,fit,-1.0574407049492936e-09,False,1.3376933392021588e-12,0.0,1.3421891394967811e-12,unsafe,-1.5605924180515995e-08,conservative,-4.4958002940019515e-15,conservative
521,B,H4,m5_best,cisd,cisd,,,-1,0.175,fit_ok,resolved,True,E_state_hartree,-1.0587783982884957e-09,-1.3931742730375444e-09,-1,-1,False,same_sign,-3.3439587474904863e-10,-3.3439587474904863e-10,False,no_positive_component,-1.05892625394723e-09,False,-1.478556587342797e-13,0.0,-1.4335985844027776e-13,conservative,-3.3424801909031435e-10,conservative,-4.4958002940019515e-15,conservative
522,B,H4,m5_best,controlled_q0.001_phi0.000000000000,controlled,0.001,0.0,-1,0.175,not_identifiable,resolved,False,E_state_hartree,-1.0587783982884957e-09,-5.471355287107883e-10,-1,-1,False,same_sign,5.116428695777074e-10,5.116428695777074e-10,True,state,-1.0586009776852811e-09,False,1.774206032146147e-13,0.0,1.8191640350861666e-13,unsafe,5.114654489744928e-10,unsafe,-4.4958002940019515e-15,conservative
523,B,H4,m5_best,controlled_q0.001_phi1.570796326795,controlled,0.001,1.570796326795,-1,0.175,fit_ok,resolved,True,E_state_hartree,-1.0587783982884957e-09,-1.0326299145535637e-09,-1,-1,False,same_sign,2.6148483734932026e-11,2.6148483734932026e-11,True,state,-1.0689189816835372e-09,False,-1.0140583395041463e-11,0.0,-1.0136087594747461e-11,conservative,3.628906712997349e-11,unsafe,-4.4958002940019515e-15,conservative
524,B,H4,m5_best,controlled_q0.001_phi3.141592653590,controlled,0.001,3.14159265359,-1,0.175,fit_ok,resolved,True,E_state_hartree,-1.0587783982884957e-09,-1.5082373277542949e-09,-1,-1,False,same_sign,-4.494589294657991e-10,-4.494589294657991e-10,False,no_positive_component,-1.0589778927600456e-09,False,-1.994944715498585e-13,0.0,-1.9499867125585654e-13,conservative,-4.4925943499424926e-10,conservative,-4.4958002940019515e-15,conservative
525,B,H4,m5_best,controlled_q0.001_phi4.712388980385,controlled,0.001,4.712388980385,-1,0.175,fit_ok,resolved,True,mixed,-1.0587783982884957e-09,-1.0227429413950047e-09,-1,-1,False,same_sign,3.6035456893491003e-11,3.6035456893491003e-11,True,state,-1.0486598837389429e-09,False,1.0118514549552867e-11,0.0,1.0123010349846869e-11,unsafe,2.5916942343938136e-11,unsafe,-4.4958002940019515e-15,conservative
526,B,H4,m5_best,controlled_q0.010_phi0.000000000000,controlled,0.01,0.0,-1,0.175,not_identifiable,resolved,False,E_state_hartree,-1.0587783982884957e-09,7.649995990893202e-10,1,-1,True,sign_crossing,1.8237779973778158e-09,2.9377879919917556e-10,True,not_attributed_sign_crossing,-1.0582119882031046e-09,False,5.664100853911598e-13,,,not_attributed_sign_crossing,,not_attributed_sign_crossing,,not_attributed_sign_crossing
527,B,H4,m5_best,controlled_q0.010_phi1.570796326795,controlled,0.01,1.570796326795,-1,0.175,not_identifiable,resolved,False,E_state_hartree,-1.0587783982884957e-09,-7.633371851940762e-10,-1,-1,False,same_sign,2.954412130944196e-10,2.954412130944196e-10,True,state,-1.090693096809831e-09,False,-3.191469852133524e-11,0.0,-3.191020272104134e-11,conservative,3.273559116157549e-10,unsafe,-4.4958002940019515e-15,conservative
528,B,H4,m5_best,controlled_q0.010_phi3.141592653590,controlled,0.01,3.14159265359,-1,0.175,fit_ok,resolved,True,E_state_hartree,-1.0587783982884957e-09,-2.2605497664635978e-09,-1,-1,False,same_sign,-1.201771368175102e-09,-1.201771368175102e-09,False,no_positive_component,-1.0593985172122703e-09,False,-6.201189237746e-13,0.0,-6.15623123480598e-13,conservative,-1.2011512492513274e-09,conservative,-4.4958002940019515e-15,conservative
529,B,H4,m5_best,controlled_q0.010_phi4.712388980385,controlled,0.01,4.712388980385,-1,0.175,not_identifiable,resolved,False,E_state_hartree,-1.0587783982884957e-09,-7.322129857341246e-10,-1,-1,False,same_sign,3.265654125543711e-10,3.265654125543711e-10,True,state,-1.0269174265370596e-09,False,3.1860971751436154e-11,0.0,3.186546755173005e-11,unsafe,2.947044408029351e-10,unsafe,-4.4958002940019515e-15,conservative
530,B,H4,m5_best,controlled_q0.050_phi0.000000000000,controlled,0.05,0.0,-1,0.175,fit_ok,resolved,True,E_state_hartree,-1.0587783982884957e-09,3.809901077229796e-09,1,-1,True,sign_crossing,4.868679475518292e-09,-2.7511226789413005e-09,False,not_attributed_sign_crossing,-1.0575760487851686e-09,False,1.2023495033271358e-12,,,not_attributed_sign_crossing,,not_attributed_sign_crossing,,not_attributed_sign_crossing
531,B,H4,m5_best,controlled_q0.050_phi1.570796326795,controlled,0.05,1.570796326795,-1,0.175,not_identifiable,resolved,False,E_state_hartree,-1.0587783982884957e-09,4.6218765245170586e-10,1,-1,True,sign_crossing,1.5209660507402017e-09,5.965907458367899e-10,True,not_attributed_sign_crossing,-1.1287236107832627e-09,False,-6.994521249476692e-11,,,not_attributed_sign_crossing,,not_attributed_sign_crossing,,not_attributed_sign_crossing
532,B,H4,m5_best,controlled_q0.050_phi3.141592653590,controlled,0.05,3.14159265359,-1,0.175,fit_ok,resolved,True,E_state_hartree,-1.0587783982884957e-09,-2.817350404200498e-09,-1,-1,False,same_sign,-1.7585720059120024e-09,-1.7585720059120024e-09,False,no_positive_component,-1.0601750564970593e-09,False,-1.3966582085636001e-12,0.0,-1.3921624082695982e-12,conservative,-1.7571753477034388e-09,conservative,-4.4958002940019515e-15,conservative
533,B,H4,m5_best,controlled_q0.050_phi4.712388980385,controlled,0.05,4.712388980385,-1,0.175,not_identifiable,marginal,False,E_state_hartree,-1.0587783982884957e-09,5.303630165914696e-10,1,-1,True,sign_crossing,1.5891414148799653e-09,5.284153816970262e-10,True,not_attributed_sign_crossing,-9.89027500968446e-10,False,6.975089732004976e-11,,,not_attributed_sign_crossing,,not_attributed_sign_crossing,,not_attributed_sign_crossing
534,B,H4,m5_best,rhf,rhf,,,-1,0.225,fit_ok,resolved,True,E_state_hartree,-2.8903066606744687e-09,-4.5109862556059144e-08,-1,-1,False,same_sign,-4.2219555895384676e-08,-4.2219555895384676e-08,False,fit,-2.890110724530354e-09,False,1.9593614411470513e-13,0.0,1.8425301234694924e-13,unsafe,-4.221975183152879e-08,conservative,1.1683131765274348e-14,unsafe
535,B,H4,m5_best,cisd,cisd,,,-1,0.225,fit_ok,resolved,True,E_state_hartree,-2.8903066606744687e-09,-3.815022957805388e-09,-1,-1,False,same_sign,-9.247162971309196e-10,-9.247162971309196e-10,False,proxy,-2.890313365185685e-09,False,-6.704511216067602e-15,0.0,-1.838764298134195e-14,conservative,-9.247095926197036e-10,conservative,1.1683131765274348e-14,unsafe
536,B,H4,m5_best,controlled_q0.001_phi0.000000000000,controlled,0.001,0.0,-1,0.225,not_identifiable,resolved,False,E_state_hartree,-2.8903066606744687e-09,-1.4783232943381569e-09,-1,-1,False,same_sign,1.4119833663363118e-09,1.4119833663363118e-09,True,state,-2.8902693431951834e-09,False,3.7317479285355215e-14,0.0,2.5634347520287663e-14,unsafe,1.4119460488570263e-09,unsafe,1.1683131765274348e-14,unsafe
537,B,H4,m5_best,controlled_q0.001_phi1.570796326795,controlled,0.001,1.570796326795,-1,0.225,fit_ok,resolved,True,E_state_hartree,-2.8903066606744687e-09,-2.827426518174519e-09,-1,-1,False,same_sign,6.288014249994981e-11,6.288014249994981e-11,True,state,-2.9331812459114088e-09,False,-4.2874585236940025e-11,0.0,-4.28862683687053e-11,conservative,1.0575472773688983e-10,unsafe,1.1683131765274348e-14,unsafe
538,B,H4,m5_best,controlled_q0.001_phi3.141592653590,controlled,0.001,3.14159265359,-1,0.225,fit_ok,resolved,True,E_state_hartree,-2.8903066606744687e-09,-4.1336881056542715e-09,-1,-1,False,same_sign,-1.2433814449798028e-09,-1.2433814449798028e-09,False,proxy,-2.890320355707156e-09,False,-1.3695032687181473e-14,0.0,-2.537816445245582e-14,conservative,-1.2433677499471156e-09,conservative,1.1683131765274348e-14,unsafe
539,B,H4,m5_best,controlled_q0.001_phi4.712388980385,controlled,0.001,4.712388980385,-1,0.225,fit_ok,resolved,True,mixed,-2.8903066606744687e-09,-2.784584881217039e-09,-1,-1,False,same_sign,1.057217794574299e-10,1.057217794574299e-10,True,state,-2.8474084497476083e-09,False,4.289821092686044e-11,0.0,4.288652779509517e-11,unsafe,6.282356853056945e-11,unsafe,1.1683131765274348e-14,unsafe
540,B,H4,m5_best,controlled_q0.010_phi0.000000000000,controlled,0.01,0.0,-1,0.225,not_identifiable,resolved,False,E_state_hartree,-2.8903066606744687e-09,2.132140043848034e-09,1,-1,True,sign_crossing,5.022446704522503e-09,7.581666168264346e-10,True,not_attributed_sign_crossing,-2.8902167275720418e-09,False,8.993310242696082e-14,,,not_attributed_sign_crossing,,not_attributed_sign_crossing,,not_attributed_sign_crossing
541,B,H4,m5_best,controlled_q0.010_phi1.570796326795,controlled,0.01,1.570796326795,-1,0.225,not_identifiable,resolved,False,E_state_hartree,-2.8903066606744687e-09,-2.114838173368862e-09,-1,-1,False,same_sign,7.754684873056069e-10,7.754684873056069e-10,True,state,-3.0253034363884508e-09,False,-1.3499677571398204e-10,0.0,-1.350084588457473e-10,conservative,9.10465263019589e-10,unsafe,1.1683131765274348e-14,unsafe
542,B,H4,m5_best,controlled_q0.010_phi3.141592653590,controlled,0.01,3.14159265359,-1,0.225,fit_ok,resolved,True,E_state_hartree,-2.8903066606744687e-09,-6.2269508747044225e-09,-1,-1,False,same_sign,-3.3366442140299537e-09,-3.3366442140299537e-09,False,proxy,-2.8903773150076752e-09,False,-7.065433320650569e-14,0.0,-8.233746497178004e-14,conservative,-3.3365735596967472e-09,conservative,1.1683131765274348e-14,unsafe
543,B,H4,m5_best,controlled_q0.010_phi4.712388980385,controlled,0.01,4.712388980385,-1,0.225,not_identifiable,resolved,False,E_state_hartree,-2.8903066606744687e-09,-1.9799726637991417e-09,-1,-1,False,same_sign,9.10333996875327e-10,9.10333996875327e-10,True,state,-2.7552906090991064e-09,False,1.3501605157536237e-10,0.0,1.350043684435971e-10,unsafe,7.753179452999647e-10,unsafe,1.1683131765274348e-14,unsafe
544,B,H4,m5_best,controlled_q0.050_phi0.000000000000,controlled,0.05,0.0,-1,0.225,fit_ok,resolved,True,E_state_hartree,-2.8903066606744687e-09,1.0479149552336712e-08,1,-1,True,sign_crossing,1.336945621301118e-08,-7.588842891662243e-09,False,not_attributed_sign_crossing,-2.8901307962073455e-09,False,1.7586446712319622e-13,,,not_attributed_sign_crossing,,not_attributed_sign_crossing,,not_attributed_sign_crossing
545,B,H4,m5_best,controlled_q0.050_phi1.570796326795,controlled,0.05,1.570796326795,-1,0.225,not_identifiable,resolved,False,E_state_hartree,-2.8903066606744687e-09,1.176444721427544e-09,1,-1,True,sign_crossing,4.066751382102013e-09,1.7138619392469247e-09,True,not_attributed_sign_crossing,-3.186028669241301e-09,False,-2.957220085668322e-10,,,not_attributed_sign_crossing,,not_attributed_sign_crossing,,not_attributed_sign_crossing
546,B,H4,m5_best,controlled_q0.050_phi3.141592653590,controlled,0.05,3.14159265359,-1,0.225,fit_ok,resolved,True,E_state_hartree,-2.8903066606744687e-09,-7.83084674258851e-09,-1,-1,False,same_sign,-4.940540081914042e-09,-4.940540081914042e-09,False,proxy,-2.8904825516051735e-09,False,-1.758909307047336e-13,0.0,-1.8757406247000794e-13,conservative,-4.940364190983337e-09,conservative,1.1683131765274348e-14,unsafe
547,B,H4,m5_best,controlled_q0.050_phi4.712388980385,controlled,0.05,4.712388980385,-1,0.225,not_identifiable,resolved,False,E_state_hartree,-2.8903066606744687e-09,1.471858081596655e-09,1,-1,True,sign_crossing,4.362164742271124e-09,1.4184485790778136e-09,True,not_attributed_sign_crossing,-2.594584678507809e-09,False,2.9572198216665984e-10,,,not_attributed_sign_crossing,,not_attributed_sign_crossing,,not_attributed_sign_crossing
548,B,H4,m5_best,rhf,rhf,,,-1,0.275,fit_ok,resolved,True,E_state_hartree,-6.441586819505574e-09,-9.947905540364086e-08,-1,-1,False,same_sign,-9.303746858413529e-08,-9.303746858413529e-08,False,proxy,-6.443532784099244e-09,False,-1.9459645936703693e-12,0.0,-2.0326228995980196e-12,conservative,-9.303552261954162e-08,conservative,8.665830593178627e-14,unsafe
549,B,H4,m5_best,cisd,cisd,,,-1,0.275,fit_ok,resolved,True,E_state_hartree,-6.441586819505574e-09,-8.53566675667846e-09,-1,-1,False,same_sign,-2.0940799371728857e-09,-2.0940799371728857e-09,False,fit,-6.441280955412274e-09,False,3.0586409329967913e-13,0.0,2.1920578736789286e-13,unsafe,-2.0943858012661854e-09,conservative,8.665830593178627e-14,unsafe
550,B,H4,m5_best,controlled_q0.001_phi0.000000000000,controlled,0.001,0.0,-1,0.275,not_identifiable,resolved,False,E_state_hartree,-6.441586819505574e-09,-3.2520859330780226e-09,-1,-1,False,same_sign,3.189500886427551e-09,3.189500886427551e-09,True,state,-6.441772683648254e-09,False,-1.858641426805051e-13,0.0,-2.7252244861229137e-13,conservative,3.1896867505702316e-09,unsafe,8.665830593178627e-14,unsafe
551,B,H4,m5_best,controlled_q0.001_phi1.570796326795,controlled,0.001,1.570796326795,-1,0.275,fit_ok,resolved,True,E_state_hartree,-6.441586819505574e-09,-6.325218398583729e-09,-1,-1,False,same_sign,1.1636842092184448e-10,1.1636842092184448e-10,True,state,-6.5808450733618285e-09,False,-1.3925825385625486e-10,0.0,-1.3934491216218665e-10,conservative,2.5562667477809934e-10,unsafe,8.665830593178627e-14,unsafe
552,B,H4,m5_best,controlled_q0.001_phi3.141592653590,controlled,0.001,3.14159265359,-1,0.275,fit_ok,resolved,True,E_state_hartree,-6.441586819505574e-09,-9.258608390298392e-09,-1,-1,False,same_sign,-2.8170215707928183e-09,-2.8170215707928183e-09,False,fit,-6.441202887167274e-09,False,3.83932338299265e-13,0.0,2.972740323674787e-13,unsafe,-2.8174055031311176e-09,conservative,8.665830593178627e-14,unsafe
553,B,H4,m5_best,controlled_q0.001_phi4.712388980385,controlled,0.001,4.712388980385,-1,0.275,fit_ok,resolved,True,mixed,-6.441586819505574e-09,-6.185475925712817e-09,-1,-1,False,same_sign,2.56110893792757e-10,2.56110893792757e-10,True,fit,-6.302130496464316e-09,False,1.3945632304125773e-10,0.0,1.3936966473532595e-10,unsafe,1.1665457075149927e-10,unsafe,8.665830593178627e-14,unsafe
554,B,H4,m5_best,controlled_q0.010_phi0.000000000000,controlled,0.01,0.0,-1,0.275,not_identifiable,resolved,False,E_state_hartree,-6.441586819505574e-09,4.874211840932401e-09,1,-1,True,sign_crossing,1.1315798660437973e-08,1.567374978573173e-09,True,not_attributed_sign_crossing,-6.442360657525363e-09,False,-7.738380197895141e-13,,,not_attributed_sign_crossing,,not_attributed_sign_crossing,,not_attributed_sign_crossing
555,B,H4,m5_best,controlled_q0.010_phi1.570796326795,controlled,0.01,1.570796326795,-1,0.275,not_identifiable,resolved,False,E_state_hartree,-6.441586819505574e-09,-4.800012041548507e-09,-1,-1,False,same_sign,1.641574777957067e-09,1.641574777957067e-09,True,state,-6.880160676608438e-09,False,-4.3857385710286473e-10,0.0,-4.386605154087965e-10,conservative,2.0801486350599316e-09,unsafe,8.665830593178627e-14,unsafe
556,B,H4,m5_best,controlled_q0.010_phi3.141592653590,controlled,0.01,3.14159265359,-1,0.275,fit_ok,resolved,True,E_state_hartree,-6.441586819505574e-09,-1.4034326492580537e-08,-1,-1,False,same_sign,-7.592739673074964e-09,-7.592739673074964e-09,False,fit,-6.4405669376683746e-09,False,1.0198818371991035e-12,-1.6543612251060553e-24,9.3322353126649e-13,unsafe,-7.593759554912163e-09,conservative,8.665830593178627e-14,unsafe
557,B,H4,m5_best,controlled_q0.010_phi4.712388980385,controlled,0.01,4.712388980385,-1,0.275,not_identifiable,resolved,False,E_state_hartree,-6.441586819505574e-09,-4.360102614700508e-09,-1,-1,False,same_sign,2.081484204805066e-09,2.081484204805066e-09,True,state,-6.002766930156219e-09,False,4.388198893493543e-10,0.0,4.387332310434225e-10,unsafe,1.6426643154557117e-09,unsafe,8.665830593178627e-14,unsafe
558,B,H4,m5_best,controlled_q0.050_phi0.000000000000,controlled,0.05,0.0,-1,0.275,fit_ok,resolved,True,E_state_hartree,-6.441586819505574e-09,2.3574581916456763e-08,1,-1,True,sign_crossing,3.0016168735962334e-08,-1.713299509695119e-08,False,not_attributed_sign_crossing,-6.443321693221958e-09,False,-1.7348737163844922e-12,,,not_attributed_sign_crossing,,not_attributed_sign_crossing,,not_attributed_sign_crossing
559,B,H4,m5_best,controlled_q0.050_phi1.570796326795,controlled,0.05,1.570796326795,-1,0.275,not_identifiable,resolved,False,E_state_hartree,-6.441586819505574e-09,2.3838800580252276e-09,1,-1,True,sign_crossing,8.825466877530801e-09,4.057706761480346e-09,True,not_attributed_sign_crossing,-7.402291593700298e-09,False,-9.60704774194724e-10,,,not_attributed_sign_crossing,,not_attributed_sign_crossing,,not_attributed_sign_crossing
560,B,H4,m5_best,controlled_q0.050_phi3.141592653590,controlled,0.05,3.14159265359,-1,0.275,fit_ok,resolved,True,E_state_hartree,-6.441586819505574e-09,-1.7843231360423766e-08,-1,-1,False,same_sign,-1.1401644540918192e-08,-1.1401644540918192e-08,False,fit,-6.439392676986158e-09,False,2.194142519415756e-12,0.0,2.1074842134847967e-12,unsafe,-1.1403838683437608e-08,conservative,8.665830593178627e-14,unsafe
561,B,H4,m5_best,controlled_q0.050_phi4.712388980385,controlled,0.05,4.712388980385,-1,0.275,not_identifiable,resolved,False,E_state_hartree,-6.441586819505574e-09,3.347470494630696e-09,1,-1,True,sign_crossing,9.78905731413627e-09,3.0941163248748775e-09,True,not_attributed_sign_crossing,-5.480422769897299e-09,False,9.61164049608275e-10,,,not_attributed_sign_crossing,,not_attributed_sign_crossing,,not_attributed_sign_crossing
562,B,H4,m5_best,rhf,rhf,,,-1,0.35,fit_ok,resolved,True,E_state_hartree,-1.686141271051156e-08,-2.551921889206341e-07,-1,-1,False,same_sign,-2.3833077621012256e-07,-2.3833077621012256e-07,False,fit,-1.6821428835663574e-08,False,3.9983874847984154e-11,0.0,3.937569268094071e-11,unsafe,-2.3837076008497055e-07,conservative,6.081821670467553e-13,unsafe
563,B,H4,m5_best,cisd,cisd,,,-1,0.35,fit_ok,resolved,True,E_state_hartree,-1.686141271051156e-08,-2.2506479291846936e-08,-1,-1,False,same_sign,-5.6450665813353775e-09,-5.6450665813353775e-09,False,proxy,-1.6865010177096768e-08,False,-3.597466585208974e-12,0.0,-4.205648752255729e-12,conservative,-5.6414691147501685e-09,conservative,6.081821670467553e-13,unsafe
564,B,H4,m5_best,controlled_q0.001_phi0.000000000000,controlled,0.001,0.0,-1,0.35,not_identifiable,resolved,False,E_state_hartree,-1.686141271051156e-08,-8.302683152076581e-09,-1,-1,False,same_sign,8.558729558434977e-09,8.558729558434977e-09,True,state,-1.6855522779173702e-08,False,5.8899313378564515e-12,0.0,5.281749170809696e-12,unsafe,8.55283962709712e-09,unsafe,6.081821670467553e-13,unsafe
565,B,H4,m5_best,controlled_q0.001_phi1.570796326795,controlled,0.001,1.570796326795,-1,0.35,fit_ok,resolved,True,E_state_hartree,-1.686141271051156e-08,-1.667405481868309e-08,-1,-1,False,same_sign,1.8735789182846824e-10,1.8735789182846824e-10,True,state,-1.745226727284665e-08,False,-5.908545623350903e-10,0.0,-5.91462744502137e-10,conservative,7.782124541635585e-10,unsafe,6.081821670467553e-13,unsafe
566,B,H4,m5_best,controlled_q0.001_phi3.141592653590,controlled,0.001,3.14159265359,-1,0.35,fit_ok,resolved,True,E_state_hartree,-1.686141271051156e-08,-2.4461601011722757e-08,-1,-1,False,same_sign,-7.600188301211198e-09,-7.600188301211198e-09,False,proxy,-1.686651655260445e-08,False,-5.103842092891086e-12,0.0,-5.712024259937841e-12,conservative,-7.595084459118307e-09,conservative,6.081821670467553e-13,unsafe
567,B,H4,m5_best,controlled_q0.001_phi4.712388980385,controlled,0.001,4.712388980385,-1,0.35,fit_ok,resolved,True,mixed,-1.686141271051156e-08,-1.609022935865402e-08,-1,-1,False,same_sign,7.711833518575388e-10,7.711833518575388e-10,True,fit,-1.626977207118492e-08,False,5.916406393266388e-10,0.0,5.91032457159592e-10,unsafe,1.7954271253089997e-10,unsafe,6.081821670467553e-13,unsafe
568,B,H4,m5_best,controlled_q0.010_phi0.000000000000,controlled,0.01,0.0,-1,0.35,not_identifiable,resolved,False,E_state_hartree,-1.686141271051156e-08,1.3361435722386324e-08,1,-1,True,sign_crossing,3.022284843289788e-08,3.499976988125234e-09,True,not_attributed_sign_crossing,-1.6844180414215357e-08,False,1.7232296296201883e-11,,,not_attributed_sign_crossing,,not_attributed_sign_crossing,,not_attributed_sign_crossing
569,B,H4,m5_best,controlled_q0.010_phi1.570796326795,controlled,0.01,1.570796326795,-1,0.35,not_identifiable,resolved,False,E_state_hartree,-1.686141271051156e-08,-1.2991650090634897e-08,-1,-1,False,same_sign,3.869762619876662e-09,3.869762619876662e-09,True,state,-1.8722732596511206e-08,False,-1.8613198859996475e-09,0.0,-1.8619280681666943e-09,conservative,5.731082505876309e-09,unsafe,6.081821670467553e-13,unsafe
570,B,H4,m5_best,controlled_q0.010_phi3.141592653590,controlled,0.01,3.14159265359,-1,0.35,fit_ok,resolved,True,E_state_hartree,-1.686141271051156e-08,-3.750685286778081e-08,-1,-1,False,same_sign,-2.0645440157269254e-08,-2.0645440157269254e-08,False,proxy,-1.6878788823294575e-08,False,-1.7376112783016122e-11,0.0,-1.7984294950062877e-11,conservative,-2.0628064044486238e-08,conservative,6.081821670467553e-13,unsafe
571,B,H4,m5_best,controlled_q0.010_phi4.712388980385,controlled,0.01,4.712388980385,-1,0.35,not_identifiable,resolved,False,E_state_hartree,-1.686141271051156e-08,-1.1153767020174706e-08,-1,-1,False,same_sign,5.707645690336853e-09,5.707645690336853e-09,True,state,-1.5000236606459336e-08,False,1.861176104052223e-09,0.0,1.8605679218851779e-09,unsafe,3.8464695862846284e-09,unsafe,6.081821670467553e-13,unsafe
572,B,H4,m5_best,controlled_q0.050_phi0.000000000000,controlled,0.05,0.0,-1,0.35,fit_ok,resolved,True,E_state_hartree,-1.686141271051156e-08,6.279201994837255e-08,1,-1,True,sign_crossing,7.965343265888411e-08,-4.593060723786099e-08,False,not_attributed_sign_crossing,-1.6825647442145426e-08,False,3.576526836613258e-11,,,not_attributed_sign_crossing,,not_attributed_sign_crossing,,not_attributed_sign_crossing
573,B,H4,m5_best,controlled_q0.050_phi1.570796326795,controlled,0.05,1.570796326795,-1,0.35,not_identifiable,resolved,False,E_state_hartree,-1.686141271051156e-08,5.067453018144219e-09,1,-1,True,sign_crossing,2.1928865728655776e-08,1.179395969236734e-08,True,not_attributed_sign_crossing,-2.0940482826478603e-08,False,-4.079070115967045e-09,,,not_attributed_sign_crossing,,not_attributed_sign_crossing,,not_attributed_sign_crossing
574,B,H4,m5_best,controlled_q0.050_phi3.141592653590,controlled,0.05,3.14159265359,-1,0.35,fit_ok,resolved,True,E_state_hartree,-1.686141271051156e-08,-4.86313614564127e-08,-1,-1,False,same_sign,-3.176994874590114e-08,-3.176994874590114e-08,False,proxy,-1.690145470972849e-08,False,-4.0041999216930463e-11,0.0,-4.065018138397391e-11,conservative,-3.172990674668421e-08,conservative,6.081821670467553e-13,unsafe
575,B,H4,m5_best,controlled_q0.050_phi4.712388980385,controlled,0.05,4.712388980385,-1,0.35,not_identifiable,resolved,False,E_state_hartree,-1.686141271051156e-08,9.093205522159864e-09,1,-1,True,sign_crossing,2.595461823267142e-08,7.768207188351694e-09,True,not_attributed_sign_crossing,-1.2786619284934512e-08,False,4.074793425577047e-09,,,not_attributed_sign_crossing,,not_attributed_sign_crossing,,not_attributed_sign_crossing
576,B,H4,m5_best,rhf,rhf,,,-1,0.4,fit_ok,resolved,True,E_state_hartree,-2.8709438160134937e-08,-4.2739361642536915e-07,-1,-1,False,same_sign,-3.986841782652342e-07,-3.986841782652342e-07,False,fit,-2.8489422886507363e-08,False,2.2001527362757416e-10,-5.293955920339377e-23,2.1829015288216994e-10,unsafe,-3.989041935388618e-07,conservative,1.725120745377753e-12,unsafe
577,B,H4,m5_best,cisd,cisd,,,-1,0.4,fit_ok,resolved,True,E_state_hartree,-2.8709438160134937e-08,-3.854524747531369e-08,-1,-1,False,same_sign,-9.835809315178754e-09,-9.835809315178754e-09,False,proxy,-2.8730958641338137e-08,False,-2.152048120320018e-11,0.0,-2.3245601948577934e-11,conservative,-9.814288833975554e-09,conservative,1.725120745377753e-12,unsafe
578,B,H4,m5_best,controlled_q0.001_phi0.000000000000,controlled,0.001,0.0,-1,0.4,not_identifiable,resolved,False,E_state_hartree,-2.8709438160134937e-08,-1.3849637846311381e-08,-1,-1,False,same_sign,1.4859800313823556e-08,1.4859800313823556e-08,True,state,-2.867852134313402e-08,False,3.09168170009161e-11,0.0,2.919169625553835e-11,unsafe,1.482888349682264e-08,unsafe,1.725120745377753e-12,unsafe
579,B,H4,m5_best,controlled_q0.001_phi1.570796326795,controlled,0.001,1.570796326795,-1,0.4,fit_ok,resolved,True,E_state_hartree,-2.8709438160134937e-08,-2.8551023701619598e-08,-1,-1,False,same_sign,1.584144585153391e-10,1.584144585153391e-10,True,state,-3.004143838668575e-08,False,-1.3320002265508152e-09,0.0,-1.333725347296193e-09,conservative,1.4904146850661543e-09,unsafe,1.725120745377753e-12,unsafe
580,B,H4,m5_best,controlled_q0.001_phi3.141592653590,controlled,0.001,3.14159265359,-1,0.4,fit_ok,resolved,True,E_state_hartree,-2.8709438160134937e-08,-4.196005655894249e-08,-1,-1,False,same_sign,-1.3250618398807551e-08,-1.3250618398807551e-08,False,proxy,-2.873928506418187e-08,False,-2.984690404693162e-11,0.0,-3.157202479230937e-11,conservative,-1.322077149476062e-08,conservative,1.725120745377753e-12,unsafe
581,B,H4,m5_best,controlled_q0.001_phi4.712388980385,controlled,0.001,4.712388980385,-1,0.4,fit_ok,resolved,True,mixed,-2.8709438160134937e-08,-2.7258670741910034e-08,-1,-1,False,same_sign,1.4507674182249027e-09,1.4507674182249027e-09,True,fit,-2.737636805805636e-08,False,1.3330701020785761e-09,0.0,1.3313449813331984e-09,unsafe,1.176973161463266e-10,unsafe,1.725120745377753e-12,unsafe
582,B,H4,m5_best,controlled_q0.010_phi0.000000000000,controlled,0.01,0.0,-1,0.4,not_identifiable,resolved,False,E_state_hartree,-2.8709438160134937e-08,2.357488916255438e-08,1,-1,True,sign_crossing,5.228432732268931e-08,5.134548997580557e-09,True,not_attributed_sign_crossing,-2.8615841135439137e-08,False,9.359702469579942e-11,,,not_attributed_sign_crossing,,not_attributed_sign_crossing,,not_attributed_sign_crossing
583,B,H4,m5_best,controlled_q0.010_phi1.570796326795,controlled,0.01,1.570796326795,-1,0.4,not_identifiable,resolved,False,E_state_hartree,-2.8709438160134937e-08,-2.270508716468494e-08,-1,-1,False,same_sign,6.0043509954499985e-09,6.0043509954499985e-09,True,state,-3.290630512418969e-08,False,-4.196866964054756e-09,0.0,-4.1985920848001335e-09,conservative,1.0201217959504754e-08,unsafe,1.725120745377753e-12,unsafe
584,B,H4,m5_best,controlled_q0.010_phi3.141592653590,controlled,0.01,3.14159265359,-1,0.4,fit_ok,resolved,True,E_state_hartree,-2.8709438160134937e-08,-6.491673533140547e-08,-1,-1,False,same_sign,-3.620729717127053e-08,-3.620729717127053e-08,False,proxy,-2.880712538633459e-08,False,-9.768722619965368e-11,0.0,-9.941234694503143e-11,conservative,-3.610960994507088e-08,conservative,1.725120745377753e-12,unsafe
585,B,H4,m5_best,controlled_q0.010_phi4.712388980385,controlled,0.01,4.712388980385,-1,0.4,not_identifiable,resolved,False,E_state_hartree,-2.8709438160134937e-08,-1.8636758881490068e-08,-1,-1,False,same_sign,1.0072679278644869e-08,1.0072679278644869e-08,True,state,-2.451666127866698e-08,False,4.192776881467958e-09,0.0,4.19105176072258e-09,unsafe,5.879902397176911e-09,unsafe,1.725120745377753e-12,unsafe
586,B,H4,m5_best,controlled_q0.050_phi0.000000000000,controlled,0.05,0.0,-1,0.4,fit_ok,resolved,True,E_state_hartree,-2.8709438160134937e-08,1.0839716704725253e-07,1,-1,True,sign_crossing,1.3710660520738745e-07,-7.968772888711759e-08,False,not_attributed_sign_crossing,-2.8513452883736047e-08,False,1.9598527639889022e-10,,,not_attributed_sign_crossing,,not_attributed_sign_crossing,,not_attributed_sign_crossing
587,B,H4,m5_best,controlled_q0.050_phi1.570796326795,controlled,0.05,1.570796326795,-1,0.4,not_identifiable,resolved,False,E_state_hartree,-2.8709438160134937e-08,7.024158658199321e-09,1,-1,True,sign_crossing,3.573359681833426e-08,2.1685279501935616e-08,True,not_attributed_sign_crossing,-3.7911410059344173e-08,False,-9.201971899209236e-09,,,not_attributed_sign_crossing,,not_attributed_sign_crossing,,not_attributed_sign_crossing
588,B,H4,m5_best,controlled_q0.050_phi3.141592653590,controlled,0.05,3.14159265359,-1,0.4,fit_ok,resolved,True,E_state_hartree,-2.8709438160134937e-08,-8.54374654987591e-08,-1,-1,False,same_sign,-5.672802733862417e-08,-5.672802733862417e-08,False,proxy,-2.893244748007406e-08,False,-2.230093199391219e-10,0.0,-2.2473444068449965e-10,conservative,-5.6505018018685045e-08,conservative,1.725120745377753e-12,unsafe
589,B,H4,m5_best,controlled_q0.050_phi4.712388980385,controlled,0.05,4.712388980385,-1,0.4,not_identifiable,resolved,False,E_state_hartree,-2.8709438160134937e-08,1.5935543050838846e-08,1,-1,True,sign_crossing,4.464498121097378e-08,1.2773895109296091e-08,True,not_attributed_sign_crossing,-1.9534490154188205e-08,False,9.174948005946732e-09,,,not_attributed_sign_crossing,,not_attributed_sign_crossing,,not_attributed_sign_crossing
590,B,H4,m5_best,rhf,rhf,,,1,0.125,fit_ok,resolved,True,E_state_hartree,-2.7581736894433106e-10,-4.367948856403394e-09,-1,-1,False,same_sign,-4.092131487459063e-09,-4.092131487459063e-09,False,fit,-2.7507576713221095e-10,False,7.416018121201115e-13,0.0,7.436624490190687e-13,unsafe,-4.092873089271183e-09,conservative,-2.0606368990606134e-15,conservative
591,B,H4,m5_best,cisd,cisd,,,1,0.125,fit_ok,marginal,False,E_state_hartree,-2.7581736894433106e-10,-3.6208177458593236e-10,-1,-1,False,same_sign,-8.62644056416013e-11,-8.62644056416013e-11,False,no_positive_component,-2.7589932452318103e-10,False,-8.195557884996682e-14,0.0,-7.98949419509062e-14,conservative,-8.618245006275133e-11,conservative,-2.0606368990606134e-15,conservative
592,B,H4,m5_best,controlled_q0.001_phi0.000000000000,controlled,0.001,0.0,1,0.125,not_identifiable,marginal,False,E_state_hartree,-2.7581736894433106e-10,-1.4362310538379337e-10,-1,-1,False,same_sign,1.321942635605377e-10,1.321942635605377e-10,True,state,-2.7571884844852324e-10,False,9.852049580782337e-14,0.0,1.0058113270688398e-13,unsafe,1.3209574306472987e-10,unsafe,-2.0606368990606134e-15,conservative
593,B,H4,m5_best,controlled_q0.001_phi1.570796326795,controlled,0.001,1.570796326795,1,0.125,fit_ok,marginal,False,E_state_hartree,-2.7581736894433106e-10,-2.683983593156954e-10,-1,-1,False,same_sign,7.419009628635657e-12,7.419009628635657e-12,True,state,-2.757109141764611e-10,False,1.0645476786994843e-13,0.0,1.0851540476900905e-13,unsafe,7.312554860765709e-12,unsafe,-2.0606368990606134e-15,conservative
594,B,H4,m5_best,controlled_q0.001_phi3.141592653590,controlled,0.001,3.14159265359,1,0.125,fit_ok,marginal,False,E_state_hartree,-2.7581736894433106e-10,-3.917305245695535e-10,-1,-1,False,same_sign,-1.1591315562522246e-10,-1.1591315562522246e-10,False,no_positive_component,-2.7592797512163833e-10,False,-1.1060617730726389e-13,0.0,-1.0854554040820328e-13,conservative,-1.158025494479152e-10,conservative,-2.0606368990606134e-15,conservative
595,B,H4,m5_best,controlled_q0.001_phi4.712388980385,controlled,0.001,4.712388980385,1,0.125,fit_ok,marginal,False,mixed,-2.7581736894433106e-10,-2.669552704452878e-10,-1,-1,False,same_sign,8.862098499043251e-12,8.862098499043251e-12,True,state,-2.759359145838711e-10,False,-1.1854563954004352e-13,0.0,-1.164850026409829e-13,conservative,8.980644138583295e-12,unsafe,-2.0606368990606134e-15,conservative
596,B,H4,m5_best,controlled_q0.010_phi0.000000000000,controlled,0.01,0.0,1,0.125,not_identifiable,marginal,False,E_state_hartree,-2.7581736894433106e-10,1.9615689087294673e-10,1,-1,True,sign_crossing,4.719742598172778e-10,7.966047807138433e-11,True,not_attributed_sign_crossing,-2.7550301166438417e-10,False,3.143572799468946e-13,,,not_attributed_sign_crossing,,not_attributed_sign_crossing,,not_attributed_sign_crossing
597,B,H4,m5_best,controlled_q0.010_phi1.570796326795,controlled,0.01,1.570796326795,1,0.125,not_identifiable,marginal,False,E_state_hartree,-2.7581736894433106e-10,-1.9663572634884753e-10,-1,-1,False,same_sign,7.918164259548353e-11,7.918164259548353e-11,True,state,-2.754780338167711e-10,False,3.393351275599419e-13,0.0,3.413957644590025e-13,unsafe,7.884230746792359e-11,unsafe,-2.0606368990606134e-15,conservative
598,B,H4,m5_best,controlled_q0.010_phi3.141592653590,controlled,0.01,3.14159265359,1,0.125,fit_ok,marginal,False,E_state_hartree,-2.7581736894433106e-10,-5.848854976165049e-10,-1,-1,False,same_sign,-3.090681286721738e-10,-3.090681286721738e-10,False,no_positive_component,-2.7616134262765397e-10,False,-3.439736833229002e-13,0.0,-3.4191304642383956e-13,conservative,-3.087241549888509e-10,conservative,-2.0606368990606134e-15,conservative
599,B,H4,m5_best,controlled_q0.010_phi4.712388980385,controlled,0.01,4.712388980385,1,0.125,not_identifiable,marginal,False,E_state_hartree,-2.7581736894433106e-10,-1.9209288156272982e-10,-1,-1,False,same_sign,8.372448738160125e-11,8.372448738160125e-11,True,state,-2.7618630801473764e-10,False,-3.6893907040657247e-13,0.0,-3.668784335075377e-13,conservative,8.409342645200785e-11,unsafe,-2.0606368990606134e-15,conservative
600,B,H4,m5_best,controlled_q0.050_phi0.000000000000,controlled,0.05,0.0,1,0.125,fit_ok,resolved,True,E_state_hartree,-2.7581736894433106e-10,9.868780834724061e-10,1,-1,True,sign_crossing,1.2626954524167372e-09,-7.110607145280751e-10,False,not_attributed_sign_crossing,-2.7515012064434014e-10,False,6.672482999909275e-13,,,not_attributed_sign_crossing,,not_attributed_sign_crossing,,not_attributed_sign_crossing
601,B,H4,m5_best,controlled_q0.050_phi1.570796326795,controlled,0.05,1.570796326795,1,0.125,not_identifiable,marginal,False,E_state_hartree,-2.7581736894433106e-10,1.2649368928271345e-10,1,-1,True,sign_crossing,4.0231105822704454e-10,1.4932367966161761e-10,True,not_attributed_sign_crossing,-2.750953988750966e-10,False,7.219700692344599e-13,,,not_attributed_sign_crossing,,not_attributed_sign_crossing,,not_attributed_sign_crossing
602,B,H4,m5_best,controlled_q0.050_phi3.141592653590,controlled,0.05,3.14159265359,1,0.125,fit_ok,resolved,True,E_state_hartree,-2.7581736894433106e-10,-7.239399203946808e-10,-1,-1,False,same_sign,-4.4812255145034973e-10,-4.4812255145034973e-10,False,no_positive_component,-2.7659214796713916e-10,False,-7.747790228080969e-13,0.0,-7.727183859090363e-13,conservative,-4.4734777242754163e-10,conservative,-2.0606368990606134e-15,conservative
603,B,H4,m5_best,controlled_q0.050_phi4.712388980385,controlled,0.05,4.712388980385,1,0.125,not_identifiable,marginal,False,E_state_hartree,-2.7581736894433106e-10,1.364444724595717e-10,1,-1,True,sign_crossing,4.1226184140390273e-10,1.3937289648475937e-10,True,not_attributed_sign_crossing,-2.766468593002624e-10,False,-8.294903559313601e-13,,,not_attributed_sign_crossing,,not_attributed_sign_crossing,,not_attributed_sign_crossing
604,B,H4,m5_best,rhf,rhf,,,1,0.175,fit_ok,resolved,True,E_state_hartree,-1.0587783982884957e-09,-1.666336488546529e-08,-1,-1,False,same_sign,-1.5604586487176793e-08,-1.5604586487176793e-08,False,fit,-1.0574407049492936e-09,False,1.3376933392021588e-12,0.0,1.3421891394967811e-12,unsafe,-1.5605924180515995e-08,conservative,-4.4958002940019515e-15,conservative
605,B,H4,m5_best,cisd,cisd,,,1,0.175,fit_ok,resolved,True,E_state_hartree,-1.0587783982884957e-09,-1.3931742730375444e-09,-1,-1,False,same_sign,-3.3439587474904863e-10,-3.3439587474904863e-10,False,no_positive_component,-1.05892625394723e-09,False,-1.478556587342797e-13,0.0,-1.4335985844027776e-13,conservative,-3.3424801909031435e-10,conservative,-4.4958002940019515e-15,conservative
606,B,H4,m5_best,controlled_q0.001_phi0.000000000000,controlled,0.001,0.0,1,0.175,not_identifiable,resolved,False,E_state_hartree,-1.0587783982884957e-09,-5.471355287107883e-10,-1,-1,False,same_sign,5.116428695777074e-10,5.116428695777074e-10,True,state,-1.0586009776852834e-09,False,1.7742060321233996e-13,0.0,1.8191640350623852e-13,unsafe,5.114654489744952e-10,unsafe,-4.4958002940019515e-15,conservative
607,B,H4,m5_best,controlled_q0.001_phi1.570796326795,controlled,0.001,1.570796326795,1,0.175,fit_ok,resolved,True,E_state_hartree,-1.0587783982884957e-09,-1.0326299145535637e-09,-1,-1,False,same_sign,2.6148483734932026e-11,2.6148483734932026e-11,True,state,-1.0585468568975018e-09,False,2.315413909938902e-13,0.0,2.3603719128789213e-13,unsafe,2.5916942343938136e-11,unsafe,-4.4958002940019515e-15,conservative
608,B,H4,m5_best,controlled_q0.001_phi3.141592653590,controlled,0.001,3.14159265359,1,0.175,fit_ok,resolved,True,E_state_hartree,-1.0587783982884957e-09,-1.5082373277542949e-09,-1,-1,False,same_sign,-4.494589294657991e-10,-4.494589294657991e-10,False,no_positive_component,-1.0589778927600456e-09,False,-1.994944715498585e-13,0.0,-1.9499867125585654e-13,conservative,-4.4925943499424926e-10,conservative,-4.4958002940019515e-15,conservative
609,B,H4,m5_best,controlled_q0.001_phi4.712388980385,controlled,0.001,4.712388980385,1,0.175,fit_ok,resolved,True,mixed,-1.0587783982884957e-09,-1.0227429413950047e-09,-1,-1,False,same_sign,3.6035456893491003e-11,3.6035456893491003e-11,True,state,-1.0590320085249782e-09,False,-2.5361023648248656e-13,0.0,-2.491144361884846e-13,conservative,3.628906712997349e-11,unsafe,-4.4958002940019515e-15,conservative
610,B,H4,m5_best,controlled_q0.010_phi0.000000000000,controlled,0.01,0.0,1,0.175,not_identifiable,resolved,False,E_state_hartree,-1.0587783982884957e-09,7.649995990893202e-10,1,-1,True,sign_crossing,1.8237779973778158e-09,2.9377879919917556e-10,True,not_attributed_sign_crossing,-1.058211988203105e-09,False,5.664100853907462e-13,,,not_attributed_sign_crossing,,not_attributed_sign_crossing,,not_attributed_sign_crossing
611,B,H4,m5_best,controlled_q0.010_phi1.570796326795,controlled,0.01,1.570796326795,1,0.175,not_identifiable,resolved,False,E_state_hartree,-1.0587783982884957e-09,-7.633371851940762e-10,-1,-1,False,same_sign,2.954412130944196e-10,2.954412130944196e-10,True,state,-1.0580416259970112e-09,False,7.36772291484502e-13,0.0,7.412680917785039e-13,unsafe,2.947044408029351e-10,unsafe,-4.4958002940019515e-15,conservative
612,B,H4,m5_best,controlled_q0.010_phi3.141592653590,controlled,0.01,3.14159265359,1,0.175,fit_ok,resolved,True,E_state_hartree,-1.0587783982884957e-09,-2.2605497664635978e-09,-1,-1,False,same_sign,-1.201771368175102e-09,-1.201771368175102e-09,False,no_positive_component,-1.0593985172122703e-09,False,-6.201189237746e-13,0.0,-6.15623123480598e-13,conservative,-1.2011512492513274e-09,conservative,-4.4958002940019515e-15,conservative
613,B,H4,m5_best,controlled_q0.010_phi4.712388980385,controlled,0.01,4.712388980385,1,0.175,not_identifiable,resolved,False,E_state_hartree,-1.0587783982884957e-09,-7.322129857341246e-10,-1,-1,False,same_sign,3.265654125543711e-10,3.265654125543711e-10,True,state,-1.0595688973498795e-09,False,-7.904990613837955e-13,0.0,-7.860032610897935e-13,conservative,3.273559116157549e-10,unsafe,-4.4958002940019515e-15,conservative
614,B,H4,m5_best,controlled_q0.050_phi0.000000000000,controlled,0.05,0.0,1,0.175,fit_ok,resolved,True,E_state_hartree,-1.0587783982884957e-09,3.809901077229796e-09,1,-1,True,sign_crossing,4.868679475518292e-09,-2.7511226789413005e-09,False,not_attributed_sign_crossing,-1.0575760487851678e-09,False,1.202349503327963e-12,,,not_attributed_sign_crossing,,not_attributed_sign_crossing,,not_attributed_sign_crossing
615,B,H4,m5_best,controlled_q0.050_phi1.570796326795,controlled,0.05,1.570796326795,1,0.175,not_identifiable,marginal,False,E_state_hartree,-1.0587783982884957e-09,4.6218765245170586e-10,1,-1,True,sign_crossing,1.5209660507402017e-09,5.965907458367899e-10,True,not_attributed_sign_crossing,-1.0572028651082096e-09,False,1.5755331802861689e-12,,,not_attributed_sign_crossing,,not_attributed_sign_crossing,,not_attributed_sign_crossing
616,B,H4,m5_best,controlled_q0.050_phi3.141592653590,controlled,0.05,3.14159265359,1,0.175,fit_ok,resolved,True,E_state_hartree,-1.0587783982884957e-09,-2.817350404200498e-09,-1,-1,False,same_sign,-1.7585720059120024e-09,-1.7585720059120024e-09,False,no_positive_component,-1.0601750564970593e-09,False,-1.3966582085636001e-12,0.0,-1.3921624082695982e-12,conservative,-1.7571753477034388e-09,conservative,-4.4958002940019515e-15,conservative
617,B,H4,m5_best,controlled_q0.050_phi4.712388980385,controlled,0.05,4.712388980385,1,0.175,not_identifiable,resolved,False,E_state_hartree,-1.0587783982884957e-09,5.303630165914696e-10,1,-1,True,sign_crossing,1.5891414148799653e-09,5.284153816970262e-10,True,not_attributed_sign_crossing,-1.0605482466434989e-09,False,-1.76984835500312e-12,,,not_attributed_sign_crossing,,not_attributed_sign_crossing,,not_attributed_sign_crossing
618,B,H4,m5_best,rhf,rhf,,,1,0.225,fit_ok,resolved,True,E_state_hartree,-2.8903066606744687e-09,-4.5109862556059144e-08,-1,-1,False,same_sign,-4.2219555895384676e-08,-4.2219555895384676e-08,False,fit,-2.890110724530354e-09,False,1.9593614411470513e-13,0.0,1.8425301234694924e-13,unsafe,-4.221975183152879e-08,conservative,1.1683131765274348e-14,unsafe
619,B,H4,m5_best,cisd,cisd,,,1,0.225,fit_ok,resolved,True,E_state_hartree,-2.8903066606744687e-09,-3.815022957805388e-09,-1,-1,False,same_sign,-9.247162971309196e-10,-9.247162971309196e-10,False,proxy,-2.890313365185685e-09,False,-6.704511216067602e-15,0.0,-1.838764298134195e-14,conservative,-9.247095926197036e-10,conservative,1.1683131765274348e-14,unsafe
620,B,H4,m5_best,controlled_q0.001_phi0.000000000000,controlled,0.001,0.0,1,0.225,not_identifiable,resolved,False,E_state_hartree,-2.8903066606744687e-09,-1.4783232943381569e-09,-1,-1,False,same_sign,1.4119833663363118e-09,1.4119833663363118e-09,True,state,-2.8902693431951792e-09,False,3.731747928949112e-14,0.0,2.5634347524423566e-14,unsafe,1.4119460488570221e-09,unsafe,1.1683131765274348e-14,unsafe
621,B,H4,m5_best,controlled_q0.001_phi1.570796326795,controlled,0.001,1.570796326795,1,0.225,fit_ok,resolved,True,E_state_hartree,-2.8903066606744687e-09,-2.827426518174519e-09,-1,-1,False,same_sign,6.288014249994981e-11,6.288014249994981e-11,True,state,-2.8902500867050884e-09,False,5.6573969380356156e-14,0.0,4.489083761508181e-14,unsafe,6.282356853056945e-11,unsafe,1.1683131765274348e-14,unsafe
622,B,H4,m5_best,controlled_q0.001_phi3.141592653590,controlled,0.001,3.14159265359,1,0.225,fit_ok,resolved,True,E_state_hartree,-2.8903066606744687e-09,-4.1336881056542715e-09,-1,-1,False,same_sign,-1.2433814449798028e-09,-1.2433814449798028e-09,False,proxy,-2.890320355707156e-09,False,-1.3695032687181473e-14,0.0,-2.537816445245582e-14,conservative,-1.2433677499471156e-09,conservative,1.1683131765274348e-14,unsafe
623,B,H4,m5_best,controlled_q0.001_phi4.712388980385,controlled,0.001,4.712388980385,1,0.225,fit_ok,resolved,True,mixed,-2.8903066606744687e-09,-2.784584881217039e-09,-1,-1,False,same_sign,1.057217794574299e-10,1.057217794574299e-10,True,state,-2.8903396089539287e-09,False,-3.294827945994015e-14,0.0,-4.46314112252145e-14,conservative,1.0575472773688983e-10,unsafe,1.1683131765274348e-14,unsafe
624,B,H4,m5_best,controlled_q0.010_phi0.000000000000,controlled,0.01,0.0,1,0.225,not_identifiable,resolved,False,E_state_hartree,-2.8903066606744687e-09,2.132140043848034e-09,1,-1,True,sign_crossing,5.022446704522503e-09,7.581666168264346e-10,True,not_attributed_sign_crossing,-2.890216727572046e-09,False,8.993310242282491e-14,,,not_attributed_sign_crossing,,not_attributed_sign_crossing,,not_attributed_sign_crossing
625,B,H4,m5_best,controlled_q0.010_phi1.570796326795,controlled,0.01,1.570796326795,1,0.225,not_identifiable,resolved,False,E_state_hartree,-2.8903066606744687e-09,-2.114838173368862e-09,-1,-1,False,same_sign,7.754684873056069e-10,7.754684873056069e-10,True,state,-2.8901561186688265e-09,False,1.5054200564226058e-13,0.0,1.3885887387698623e-13,unsafe,7.753179452999647e-10,unsafe,1.1683131765274348e-14,unsafe
626,B,H4,m5_best,controlled_q0.010_phi3.141592653590,controlled,0.01,3.14159265359,1,0.225,fit_ok,resolved,True,E_state_hartree,-2.8903066606744687e-09,-6.2269508747044225e-09,-1,-1,False,same_sign,-3.3366442140299537e-09,-3.3366442140299537e-09,False,proxy,-2.8903773150076752e-09,False,-7.065433320650569e-14,0.0,-8.233746497178004e-14,conservative,-3.3365735596967472e-09,conservative,1.1683131765274348e-14,unsafe
627,B,H4,m5_best,controlled_q0.010_phi4.712388980385,controlled,0.01,4.712388980385,1,0.225,not_identifiable,resolved,False,E_state_hartree,-2.8903066606744687e-09,-1.9799726637991417e-09,-1,-1,False,same_sign,9.10333996875327e-10,9.10333996875327e-10,True,state,-2.8904379268187307e-09,False,-1.3126614426192514e-13,0.0,-1.4294927602719949e-13,conservative,9.10465263019589e-10,unsafe,1.1683131765274348e-14,unsafe
628,B,H4,m5_best,controlled_q0.050_phi0.000000000000,controlled,0.05,0.0,1,0.225,fit_ok,resolved,True,E_state_hartree,-2.8903066606744687e-09,1.0479149552336712e-08,1,-1,True,sign_crossing,1.336945621301118e-08,-7.588842891662243e-09,False,not_attributed_sign_crossing,-2.8901307962073455e-09,False,1.7586446712319622e-13,,,not_attributed_sign_crossing,,not_attributed_sign_crossing,,not_attributed_sign_crossing
629,B,H4,m5_best,controlled_q0.050_phi1.570796326795,controlled,0.05,1.570796326795,1,0.225,not_identifiable,resolved,False,E_state_hartree,-2.8903066606744687e-09,1.176444721427544e-09,1,-1,True,sign_crossing,4.066751382102013e-09,1.7138619392469247e-09,True,not_attributed_sign_crossing,-2.8899980386769198e-09,False,3.086219975489761e-13,,,not_attributed_sign_crossing,,not_attributed_sign_crossing,,not_attributed_sign_crossing
630,B,H4,m5_best,controlled_q0.050_phi3.141592653590,controlled,0.05,3.14159265359,1,0.225,fit_ok,resolved,True,E_state_hartree,-2.8903066606744687e-09,-7.83084674258851e-09,-1,-1,False,same_sign,-4.940540081914042e-09,-4.940540081914042e-09,False,proxy,-2.8904825516051735e-09,False,-1.758909307047336e-13,0.0,-1.8757406247000794e-13,conservative,-4.940364190983337e-09,conservative,1.1683131765274348e-14,unsafe
631,B,H4,m5_best,controlled_q0.050_phi4.712388980385,controlled,0.05,4.712388980385,1,0.225,not_identifiable,resolved,False,E_state_hartree,-2.8903066606744687e-09,1.471858081596655e-09,1,-1,True,sign_crossing,4.362164742271124e-09,1.4184485790778136e-09,True,not_attributed_sign_crossing,-2.89061530907219e-09,False,-3.0864839772132924e-13,,,not_attributed_sign_crossing,,not_attributed_sign_crossing,,not_attributed_sign_crossing
632,B,H4,m5_best,rhf,rhf,,,1,0.275,fit_ok,resolved,True,E_state_hartree,-6.441586819505574e-09,-9.947905540364086e-08,-1,-1,False,same_sign,-9.303746858413529e-08,-9.303746858413529e-08,False,proxy,-6.443532784099244e-09,False,-1.9459645936703693e-12,0.0,-2.0326228995980196e-12,conservative,-9.303552261954162e-08,conservative,8.665830593178627e-14,unsafe
633,B,H4,m5_best,cisd,cisd,,,1,0.275,fit_ok,resolved,True,E_state_hartree,-6.441586819505574e-09,-8.53566675667846e-09,-1,-1,False,same_sign,-2.0940799371728857e-09,-2.0940799371728857e-09,False,fit,-6.441280955412274e-09,False,3.0586409329967913e-13,0.0,2.1920578736789286e-13,unsafe,-2.0943858012661854e-09,conservative,8.665830593178627e-14,unsafe
634,B,H4,m5_best,controlled_q0.001_phi0.000000000000,controlled,0.001,0.0,1,0.275,not_identifiable,resolved,False,E_state_hartree,-6.441586819505574e-09,-3.2520859330780226e-09,-1,-1,False,same_sign,3.189500886427551e-09,3.189500886427551e-09,True,state,-6.441772683648262e-09,False,-1.8586414268794972e-13,0.0,-2.72522448619736e-13,conservative,3.189686750570239e-09,unsafe,8.665830593178627e-14,unsafe
635,B,H4,m5_best,controlled_q0.001_phi1.570796326795,controlled,0.001,1.570796326795,1,0.275,fit_ok,resolved,True,E_state_hartree,-6.441586819505574e-09,-6.325218398583729e-09,-1,-1,False,same_sign,1.1636842092184448e-10,1.1636842092184448e-10,True,state,-6.4418729693352284e-09,False,-2.861498296547871e-13,0.0,-3.7280813558657336e-13,conservative,1.1665457075149927e-10,unsafe,8.665830593178627e-14,unsafe
636,B,H4,m5_best,controlled_q0.001_phi3.141592653590,controlled,0.001,3.14159265359,1,0.275,fit_ok,resolved,True,E_state_hartree,-6.441586819505574e-09,-9.258608390298392e-09,-1,-1,False,same_sign,-2.8170215707928183e-09,-2.8170215707928183e-09,False,fit,-6.441202887167274e-09,False,3.83932338299265e-13,0.0,2.972740323674787e-13,unsafe,-2.8174055031311176e-09,conservative,8.665830593178627e-14,unsafe
637,B,H4,m5_best,controlled_q0.001_phi4.712388980385,controlled,0.001,4.712388980385,1,0.275,fit_ok,resolved,True,mixed,-6.441586819505574e-09,-6.185475925712817e-09,-1,-1,False,same_sign,2.56110893792757e-10,2.56110893792757e-10,True,state,-6.441102600490916e-09,False,4.842190146576602e-13,0.0,3.9756070872587393e-13,unsafe,2.5562667477809934e-10,unsafe,8.665830593178627e-14,unsafe
638,B,H4,m5_best,controlled_q0.010_phi0.000000000000,controlled,0.01,0.0,1,0.275,not_identifiable,resolved,False,E_state_hartree,-6.441586819505574e-09,4.874211840932401e-09,1,-1,True,sign_crossing,1.1315798660437973e-08,1.567374978573173e-09,True,not_attributed_sign_crossing,-6.442360657525363e-09,False,-7.738380197895141e-13,,,not_attributed_sign_crossing,,not_attributed_sign_crossing,,not_attributed_sign_crossing
639,B,H4,m5_best,controlled_q0.010_phi1.570796326795,controlled,0.01,1.570796326795,1,0.275,not_identifiable,resolved,False,E_state_hartree,-6.441586819505574e-09,-4.800012041548507e-09,-1,-1,False,same_sign,1.641574777957067e-09,1.641574777957067e-09,True,state,-6.4426763570042184e-09,False,-1.0895374986447688e-12,0.0,-1.176195804576555e-12,conservative,1.6426643154557117e-09,unsafe,8.665830593178627e-14,unsafe
640,B,H4,m5_best,controlled_q0.010_phi3.141592653590,controlled,0.01,3.14159265359,1,0.275,fit_ok,resolved,True,E_state_hartree,-6.441586819505574e-09,-1.4034326492580537e-08,-1,-1,False,same_sign,-7.592739673074964e-09,-7.592739673074964e-09,False,fit,-6.4405669376683746e-09,False,1.0198818371991035e-12,-1.6543612251060553e-24,9.3322353126649e-13,unsafe,-7.593759554912163e-09,conservative,8.665830593178627e-14,unsafe
641,B,H4,m5_best,controlled_q0.010_phi4.712388980385,controlled,0.01,4.712388980385,1,0.275,not_identifiable,resolved,False,E_state_hartree,-6.441586819505574e-09,-4.360102614700508e-09,-1,-1,False,same_sign,2.081484204805066e-09,2.081484204805066e-09,True,state,-6.440251249760439e-09,False,1.3355697451343124e-12,0.0,1.2489114392025261e-12,unsafe,2.0801486350599316e-09,unsafe,8.665830593178627e-14,unsafe
642,B,H4,m5_best,controlled_q0.050_phi0.000000000000,controlled,0.05,0.0,1,0.275,fit_ok,resolved,True,E_state_hartree,-6.441586819505574e-09,2.3574581916456763e-08,1,-1,True,sign_crossing,3.0016168735962334e-08,-1.713299509695119e-08,False,not_attributed_sign_crossing,-6.4433216932219515e-09,False,-1.7348737163778748e-12,,,not_attributed_sign_crossing,,not_attributed_sign_crossing,,not_attributed_sign_crossing
643,B,H4,m5_best,controlled_q0.050_phi1.570796326795,controlled,0.05,1.570796326795,1,0.275,not_identifiable,resolved,False,E_state_hartree,-6.441586819505574e-09,2.3838800580252276e-09,1,-1,True,sign_crossing,8.825466877530801e-09,4.057706761480346e-09,True,not_attributed_sign_crossing,-6.444013206502767e-09,False,-2.4263869971931435e-12,,,not_attributed_sign_crossing,,not_attributed_sign_crossing,,not_attributed_sign_crossing
644,B,H4,m5_best,controlled_q0.050_phi3.141592653590,controlled,0.05,3.14159265359,1,0.275,fit_ok,resolved,True,E_state_hartree,-6.441586819505574e-09,-1.7843231360423766e-08,-1,-1,False,same_sign,-1.1401644540918192e-08,-1.1401644540918192e-08,False,fit,-6.439392676986158e-09,False,2.194142519415756e-12,0.0,2.1074842134847967e-12,unsafe,-1.1403838683437608e-08,conservative,8.665830593178627e-14,unsafe
645,B,H4,m5_best,controlled_q0.050_phi4.712388980385,controlled,0.05,4.712388980385,1,0.275,not_identifiable,resolved,False,E_state_hartree,-6.441586819505574e-09,3.347470494630696e-09,1,-1,True,sign_crossing,9.78905731413627e-09,3.0941163248748775e-09,True,not_attributed_sign_crossing,-6.4387011570948295e-09,False,2.8856624107441515e-12,,,not_attributed_sign_crossing,,not_attributed_sign_crossing,,not_attributed_sign_crossing
646,B,H4,m5_best,rhf,rhf,,,1,0.35,fit_ok,resolved,True,E_state_hartree,-1.686141271051156e-08,-2.551921889206341e-07,-1,-1,False,same_sign,-2.3833077621012256e-07,-2.3833077621012256e-07,False,fit,-1.6821428835663574e-08,False,3.9983874847984154e-11,0.0,3.937569268094071e-11,unsafe,-2.3837076008497055e-07,conservative,6.081821670467553e-13,unsafe
647,B,H4,m5_best,cisd,cisd,,,1,0.35,fit_ok,resolved,True,E_state_hartree,-1.686141271051156e-08,-2.2506479291846936e-08,-1,-1,False,same_sign,-5.6450665813353775e-09,-5.6450665813353775e-09,False,proxy,-1.6865010177096768e-08,False,-3.597466585208974e-12,0.0,-4.205648752255729e-12,conservative,-5.6414691147501685e-09,conservative,6.081821670467553e-13,unsafe
648,B,H4,m5_best,controlled_q0.001_phi0.000000000000,controlled,0.001,0.0,1,0.35,not_identifiable,resolved,False,E_state_hartree,-1.686141271051156e-08,-8.302683152076581e-09,-1,-1,False,same_sign,8.558729558434977e-09,8.558729558434977e-09,True,state,-1.6855522779173732e-08,False,5.889931337826673e-12,0.0,5.281749170778263e-12,unsafe,8.552839627097152e-09,unsafe,6.081821670467553e-13,unsafe
649,B,H4,m5_best,controlled_q0.001_phi1.570796326795,controlled,0.001,1.570796326795,1,0.35,fit_ok,resolved,True,E_state_hartree,-1.686141271051156e-08,-1.667405481868309e-08,-1,-1,False,same_sign,1.8735789182846824e-10,1.8735789182846824e-10,True,state,-1.685359753121399e-08,False,7.815179297568268e-12,0.0,7.2069971305215124e-12,unsafe,1.7954271253089997e-10,unsafe,6.081821670467553e-13,unsafe
650,B,H4,m5_best,controlled_q0.001_phi3.141592653590,controlled,0.001,3.14159265359,1,0.35,fit_ok,resolved,True,E_state_hartree,-1.686141271051156e-08,-2.4461601011722757e-08,-1,-1,False,same_sign,-7.600188301211198e-09,-7.600188301211198e-09,False,proxy,-1.686651655260445e-08,False,-5.103842092891086e-12,0.0,-5.712024259937841e-12,conservative,-7.595084459118307e-09,conservative,6.081821670467553e-13,unsafe
651,B,H4,m5_best,controlled_q0.001_phi4.712388980385,controlled,0.001,4.712388980385,1,0.35,fit_ok,resolved,True,mixed,-1.686141271051156e-08,-1.609022935865402e-08,-1,-1,False,same_sign,7.711833518575388e-10,7.711833518575388e-10,True,state,-1.6868441812817578e-08,False,-7.029102306019745e-12,0.0,-7.6372844730665e-12,conservative,7.782124541635585e-10,unsafe,6.081821670467553e-13,unsafe
652,B,H4,m5_best,controlled_q0.010_phi0.000000000000,controlled,0.01,0.0,1,0.35,not_identifiable,resolved,False,E_state_hartree,-1.686141271051156e-08,1.3361435722386324e-08,1,-1,True,sign_crossing,3.022284843289788e-08,3.499976988125234e-09,True,not_attributed_sign_crossing,-1.6844180414215403e-08,False,1.723229629615556e-11,,,not_attributed_sign_crossing,,not_attributed_sign_crossing,,not_attributed_sign_crossing
653,B,H4,m5_best,controlled_q0.010_phi1.570796326795,controlled,0.01,1.570796326795,1,0.35,not_identifiable,resolved,False,E_state_hartree,-1.686141271051156e-08,-1.2991650090634897e-08,-1,-1,False,same_sign,3.869762619876662e-09,3.869762619876662e-09,True,state,-1.6838119676919525e-08,False,2.3293033592033344e-11,0.0,2.268485142498659e-11,unsafe,3.8464695862846284e-09,unsafe,6.081821670467553e-13,unsafe
654,B,H4,m5_best,controlled_q0.010_phi3.141592653590,controlled,0.01,3.14159265359,1,0.35,fit_ok,resolved,True,E_state_hartree,-1.686141271051156e-08,-3.750685286778081e-08,-1,-1,False,same_sign,-2.0645440157269254e-08,-2.0645440157269254e-08,False,proxy,-1.6878788823294575e-08,False,-1.7376112783016122e-11,0.0,-1.7984294950062877e-11,conservative,-2.0628064044486238e-08,conservative,6.081821670467553e-13,unsafe
655,B,H4,m5_best,controlled_q0.010_phi4.712388980385,controlled,0.01,4.712388980385,1,0.35,not_identifiable,resolved,False,E_state_hartree,-1.686141271051156e-08,-1.1153767020174706e-08,-1,-1,False,same_sign,5.707645690336853e-09,5.707645690336853e-09,True,state,-1.6884849526051013e-08,False,-2.3436815539454575e-11,0.0,-2.4044997706502985e-11,conservative,5.731082505876309e-09,unsafe,6.081821670467553e-13,unsafe
656,B,H4,m5_best,controlled_q0.050_phi0.000000000000,controlled,0.05,0.0,1,0.35,fit_ok,resolved,True,E_state_hartree,-1.686141271051156e-08,6.279201994837255e-08,1,-1,True,sign_crossing,7.965343265888411e-08,-4.593060723786099e-08,False,not_attributed_sign_crossing,-1.682564744214544e-08,False,3.5765268366119346e-11,,,not_attributed_sign_crossing,,not_attributed_sign_crossing,,not_attributed_sign_crossing
657,B,H4,m5_best,controlled_q0.050_phi1.570796326795,controlled,0.05,1.570796326795,1,0.35,not_identifiable,resolved,False,E_state_hartree,-1.686141271051156e-08,5.067453018144219e-09,1,-1,True,sign_crossing,2.1928865728655776e-08,1.179395969236734e-08,True,not_attributed_sign_crossing,-1.681237178895016e-08,False,4.9040921561399806e-11,,,not_attributed_sign_crossing,,not_attributed_sign_crossing,,not_attributed_sign_crossing
658,B,H4,m5_best,controlled_q0.050_phi3.141592653590,controlled,0.05,3.14159265359,1,0.35,fit_ok,resolved,True,E_state_hartree,-1.686141271051156e-08,-4.86313614564127e-08,-1,-1,False,same_sign,-3.176994874590114e-08,-3.176994874590114e-08,False,proxy,-1.690145470972849e-08,False,-4.0041999216930463e-11,0.0,-4.065018138397391e-11,conservative,-3.172990674668421e-08,conservative,6.081821670467553e-13,unsafe
659,B,H4,m5_best,controlled_q0.050_phi4.712388980385,controlled,0.05,4.712388980385,1,0.35,not_identifiable,resolved,False,E_state_hartree,-1.686141271051156e-08,9.093205522159864e-09,1,-1,True,sign_crossing,2.595461823267142e-08,7.768207188351694e-09,True,not_attributed_sign_crossing,-1.6914730322462958e-08,False,-5.331761195139918e-11,,,not_attributed_sign_crossing,,not_attributed_sign_crossing,,not_attributed_sign_crossing
660,B,H4,m5_best,rhf,rhf,,,1,0.4,fit_ok,resolved,True,E_state_hartree,-2.8709438160134937e-08,-4.2739361642536915e-07,-1,-1,False,same_sign,-3.986841782652342e-07,-3.986841782652342e-07,False,fit,-2.8489422886507363e-08,False,2.2001527362757416e-10,-5.293955920339377e-23,2.1829015288216994e-10,unsafe,-3.989041935388618e-07,conservative,1.725120745377753e-12,unsafe
661,B,H4,m5_best,cisd,cisd,,,1,0.4,fit_ok,resolved,True,E_state_hartree,-2.8709438160134937e-08,-3.854524747531369e-08,-1,-1,False,same_sign,-9.835809315178754e-09,-9.835809315178754e-09,False,proxy,-2.8730958641338137e-08,False,-2.152048120320018e-11,0.0,-2.3245601948577934e-11,conservative,-9.814288833975554e-09,conservative,1.725120745377753e-12,unsafe
662,B,H4,m5_best,controlled_q0.001_phi0.000000000000,controlled,0.001,0.0,1,0.4,not_identifiable,resolved,False,E_state_hartree,-2.8709438160134937e-08,-1.3849637846311381e-08,-1,-1,False,same_sign,1.4859800313823556e-08,1.4859800313823556e-08,True,state,-2.8678521343134034e-08,False,3.091681700090287e-11,0.0,2.9191696255525114e-11,unsafe,1.4828883496822653e-08,unsafe,1.725120745377753e-12,unsafe
663,B,H4,m5_best,controlled_q0.001_phi1.570796326795,controlled,0.001,1.570796326795,1,0.4,fit_ok,resolved,True,E_state_hartree,-2.8709438160134937e-08,-2.8551023701619598e-08,-1,-1,False,same_sign,1.584144585153391e-10,1.584144585153391e-10,True,state,-2.8668721017765924e-08,False,4.0717142369012516e-11,0.0,3.8992021623634763e-11,unsafe,1.176973161463266e-10,unsafe,1.725120745377753e-12,unsafe
664,B,H4,m5_best,controlled_q0.001_phi3.141592653590,controlled,0.001,3.14159265359,1,0.4,fit_ok,resolved,True,E_state_hartree,-2.8709438160134937e-08,-4.196005655894249e-08,-1,-1,False,same_sign,-1.3250618398807551e-08,-1.3250618398807551e-08,False,proxy,-2.873928506418187e-08,False,-2.984690404693162e-11,0.0,-3.157202479230937e-11,conservative,-1.322077149476062e-08,conservative,1.725120745377753e-12,unsafe
665,B,H4,m5_best,controlled_q0.001_phi4.712388980385,controlled,0.001,4.712388980385,1,0.4,fit_ok,resolved,True,mixed,-2.8709438160134937e-08,-2.7258670741910034e-08,-1,-1,False,same_sign,1.4507674182249027e-09,1.4507674182249027e-09,True,state,-2.874908542697619e-08,False,-3.96472668412516e-11,0.0,-4.137238758662935e-11,conservative,1.4904146850661543e-09,unsafe,1.725120745377753e-12,unsafe
666,B,H4,m5_best,controlled_q0.010_phi0.000000000000,controlled,0.01,0.0,1,0.4,not_identifiable,resolved,False,E_state_hartree,-2.8709438160134937e-08,2.357488916255438e-08,1,-1,True,sign_crossing,5.228432732268931e-08,5.134548997580557e-09,True,not_attributed_sign_crossing,-2.861584113543903e-08,False,9.35970246959053e-11,,,not_attributed_sign_crossing,,not_attributed_sign_crossing,,not_attributed_sign_crossing
667,B,H4,m5_best,controlled_q0.010_phi1.570796326795,controlled,0.01,1.570796326795,1,0.4,not_identifiable,resolved,False,E_state_hartree,-2.8709438160134937e-08,-2.270508716468494e-08,-1,-1,False,same_sign,6.0043509954499985e-09,6.0043509954499985e-09,True,state,-2.858498956186185e-08,False,1.2444859827308747e-10,0.0,1.2272347752770972e-10,unsafe,5.879902397176911e-09,unsafe,1.725120745377753e-12,unsafe
668,B,H4,m5_best,controlled_q0.010_phi3.141592653590,controlled,0.01,3.14159265359,1,0.4,fit_ok,resolved,True,E_state_hartree,-2.8709438160134937e-08,-6.491673533140547e-08,-1,-1,False,same_sign,-3.620729717127053e-08,-3.620729717127053e-08,False,proxy,-2.880712538633459e-08,False,-9.768722619965368e-11,0.0,-9.941234694503143e-11,conservative,-3.610960994507088e-08,conservative,1.725120745377753e-12,unsafe
669,B,H4,m5_best,controlled_q0.010_phi4.712388980385,controlled,0.01,4.712388980385,1,0.4,not_identifiable,resolved,False,E_state_hartree,-2.8709438160134937e-08,-1.8636758881490068e-08,-1,-1,False,same_sign,1.0072679278644869e-08,1.0072679278644869e-08,True,state,-2.8837976840994822e-08,False,-1.2853868085988523e-10,0.0,-1.3026380160526298e-10,conservative,1.0201217959504754e-08,unsafe,1.725120745377753e-12,unsafe
670,B,H4,m5_best,controlled_q0.050_phi0.000000000000,controlled,0.05,0.0,1,0.4,fit_ok,resolved,True,E_state_hartree,-2.8709438160134937e-08,1.0839716704725253e-07,1,-1,True,sign_crossing,1.3710660520738745e-07,-7.968772888711759e-08,False,not_attributed_sign_crossing,-2.85134528837361e-08,False,1.9598527639883728e-10,,,not_attributed_sign_crossing,,not_attributed_sign_crossing,,not_attributed_sign_crossing
671,B,H4,m5_best,controlled_q0.050_phi1.570796326795,controlled,0.05,1.570796326795,1,0.4,not_identifiable,resolved,False,E_state_hartree,-2.8709438160134937e-08,7.024158658199321e-09,1,-1,True,sign_crossing,3.573359681833426e-08,2.1685279501935616e-08,True,not_attributed_sign_crossing,-2.844587454682773e-08,False,2.6356361330720666e-10,,,not_attributed_sign_crossing,,not_attributed_sign_crossing,,not_attributed_sign_crossing
672,B,H4,m5_best,controlled_q0.050_phi3.141592653590,controlled,0.05,3.14159265359,1,0.4,fit_ok,resolved,True,E_state_hartree,-2.8709438160134937e-08,-8.54374654987591e-08,-1,-1,False,same_sign,-5.672802733862417e-08,-5.672802733862417e-08,False,proxy,-2.893244748007406e-08,False,-2.230093199391219e-10,0.0,-2.2473444068449965e-10,conservative,-5.6505018018685045e-08,conservative,1.725120745377753e-12,unsafe
673,B,H4,m5_best,controlled_q0.050_phi4.712388980385,controlled,0.05,4.712388980385,1,0.4,not_identifiable,resolved,False,E_state_hartree,-2.8709438160134937e-08,1.5935543050838846e-08,1,-1,True,sign_crossing,4.464498121097378e-08,1.2773895109296091e-08,True,not_attributed_sign_crossing,-2.900002566670465e-08,False,-2.9058750656971157e-10,,,not_attributed_sign_crossing,,not_attributed_sign_crossing,,not_attributed_sign_crossing
674,C,lambda_1,yoshida4,controlled_q0.001_phi0.000000000000,controlled,0.001,0.0,-1,0.05,not_identifiable,unresolved,False,mixed,4.440892098500626e-16,3.3377767574484735e-19,1,1,False,same_sign,-4.4375543217431776e-16,4.4375543217431776e-16,True,proxy,3.036862708530054e-17,False,4.1372058276476207e-16,0.0,-5.210225204239803e-16,conservative,3.003484940955569e-17,unsafe,9.347431031887423e-16,unsafe
675,C,lambda_1,yoshida4,controlled_q0.001_phi1.570796326795,controlled,0.001,1.570796326795,-1,0.05,not_identifiable,unresolved,False,mixed,4.440892098500626e-16,2.905623122245731e-19,1,1,False,same_sign,-4.4379864753783804e-16,4.4379864753783804e-16,True,proxy,-1.4341863583109373e-16,True,3.006705740189689e-16,0.0,-3.47235257507586e-16,conservative,-1.437091981433183e-16,conservative,9.347431031887423e-16,unsafe
676,C,lambda_1,yoshida4,controlled_q0.001_phi3.141592653590,controlled,0.001,3.14159265359,-1,0.05,not_identifiable,unresolved,False,mixed,4.440892098500626e-16,2.9548145036467816e-19,1,1,False,same_sign,-4.4379372839969796e-16,4.4379372839969796e-16,True,proxy,-3.1701983532545527e-17,True,4.123872263175171e-16,-4.930380657631324e-32,-4.589519098061342e-16,conservative,-3.1997464982910206e-17,conservative,9.347431031887423e-16,unsafe
677,C,lambda_1,yoshida4,controlled_q0.001_phi4.712388980385,controlled,0.001,4.712388980385,-1,0.05,not_identifiable,unresolved,False,mixed,4.440892098500626e-16,3.3612291045513897e-19,1,1,False,same_sign,-4.4375308693960746e-16,4.4375308693960746e-16,True,proxy,9.948821140388983e-17,False,3.4460099844617277e-16,4.930380657631324e-32,-5.901421047425695e-16,conservative,9.915208849343469e-17,unsafe,9.347431031887423e-16,unsafe
678,C,lambda_1,yoshida4,controlled_q0.010_phi0.000000000000,controlled,0.01,0.0,-1,0.05,not_identifiable,unresolved,False,mixed,4.440892098500626e-16,3.6923315827905624e-19,1,1,False,same_sign,-4.4371997669178355e-16,4.4371997669178355e-16,True,proxy,8.819504725939311e-17,False,3.558941625906695e-16,0.0,-5.788489405980728e-16,conservative,8.782581410111405e-17,unsafe,9.347431031887423e-16,unsafe
679,C,lambda_1,yoshida4,controlled_q0.010_phi1.570796326795,controlled,0.01,1.570796326795,-1,0.05,not_identifiable,unresolved,False,mixed,4.440892098500626e-16,2.328515760952209e-19,1,1,False,same_sign,-4.438563582739674e-16,4.438563582739674e-16,True,proxy,-3.5164316368443994e-16,True,9.244604616562267e-17,0.0,-1.3901072965423978e-16,conservative,-3.5187601526053516e-16,conservative,9.347431031887423e-16,unsafe
680,C,lambda_1,yoshida4,controlled_q0.010_phi3.141592653590,controlled,0.01,3.14159265359,-1,0.05,not_identifiable,unresolved,False,mixed,4.440892098500626e-16,2.4867660483450624e-19,1,1,False,same_sign,-4.438405332452281e-16,4.438405332452281e-16,True,proxy,-1.0720329322982654e-16,True,3.3688591662023607e-16,0.0,-3.834506001088532e-16,conservative,-1.0745196983466106e-16,conservative,9.347431031887423e-16,unsafe
681,C,lambda_1,yoshida4,controlled_q0.010_phi4.712388980385,controlled,0.01,4.712388980385,-1,0.05,not_identifiable,unresolved,False,mixed,4.440892098500626e-16,3.9316479304778097e-19,1,1,False,same_sign,-4.4369604505701484e-16,4.4369604505701484e-16,True,proxy,3.4240653992323546e-16,False,1.0168266992682716e-16,0.0,-8.330604332619152e-16,conservative,3.420133751301877e-16,unsafe,9.347431031887423e-16,unsafe
682,C,lambda_1,yoshida4,controlled_q0.050_phi0.000000000000,controlled,0.05,0.0,-1,0.05,not_identifiable,unresolved,False,mixed,4.440892098500626e-16,4.157693684738624e-19,1,1,False,same_sign,-4.436734404815888e-16,4.436734404815888e-16,True,proxy,1.6522145376641482e-16,False,2.788677560836478e-16,0.0,-6.558753471050945e-16,conservative,1.6480568439794096e-16,unsafe,9.347431031887423e-16,unsafe
683,C,lambda_1,yoshida4,controlled_q0.050_phi1.570796326795,controlled,0.05,1.570796326795,-1,0.05,not_identifiable,unresolved,False,mixed,4.440892098500626e-16,1.4379605918755693e-19,1,1,False,same_sign,-4.4394541379087506e-16,4.4394541379087506e-16,True,proxy,-1.0456216095920705e-15,True,-6.015323997420079e-16,4.930380657631324e-32,5.549677162533908e-16,unsafe,-1.045765405651258e-15,conservative,9.347431031887423e-16,unsafe
684,C,lambda_1,yoshida4,controlled_q0.050_phi3.141592653590,controlled,0.05,3.14159265359,-1,0.05,not_identifiable,unresolved,False,mixed,4.440892098500626e-16,1.5169878132430664e-19,1,1,False,same_sign,-4.4393751106873833e-16,4.4393751106873833e-16,True,proxy,-2.627847642843528e-16,True,1.813044455657098e-16,0.0,-2.278691290543269e-16,conservative,-2.629364630656771e-16,conservative,9.347431031887423e-16,unsafe
685,C,lambda_1,yoshida4,controlled_q0.050_phi4.712388980385,controlled,0.05,4.712388980385,-1,0.05,not_identifiable,unresolved,False,mixed,4.440892098500626e-16,3.8813978329286164e-19,1,1,False,same_sign,-4.4370107006676977e-16,4.4370107006676977e-16,True,proxy,6.199572710697697e-16,False,-1.7586806121970704e-16,-9.860761315262648e-32,-1.1106111644084495e-15,conservative,6.195691312864768e-16,unsafe,9.347431031887423e-16,unsafe
686,C,lambda_1,yoshida4,controlled_q0.001_phi0.000000000000,controlled,0.001,0.0,-1,0.08,not_identifiable,unresolved,False,mixed,0.0,2.1182069516237445e-18,1,0,True,sign_crossing,2.1182069516237445e-18,-2.1182069516237445e-18,False,not_attributed_sign_crossing,2.6088608449622506e-18,True,-2.6088608449622506e-18,,,not_attributed_sign_crossing,,not_attributed_sign_crossing,,not_attributed_sign_crossing
687,C,lambda_1,yoshida4,controlled_q0.001_phi1.570796326795,controlled,0.001,1.570796326795,-1,0.08,not_identifiable,unresolved,False,mixed,0.0,1.8422236035160715e-18,1,0,True,sign_crossing,1.8422236035160715e-18,-1.8422236035160715e-18,False,not_attributed_sign_crossing,7.369682267517518e-17,True,-7.369682267517518e-17,,,not_attributed_sign_crossing,,not_attributed_sign_crossing,,not_attributed_sign_crossing
688,C,lambda_1,yoshida4,controlled_q0.001_phi3.141592653590,controlled,0.001,3.14159265359,-1,0.08,not_identifiable,unresolved,False,mixed,0.0,1.8734432756691645e-18,1,0,True,sign_crossing,1.8734432756691645e-18,-1.8734432756691645e-18,False,not_attributed_sign_crossing,2.364097169007868e-18,True,-2.364097169007868e-18,,,not_attributed_sign_crossing,,not_attributed_sign_crossing,,not_attributed_sign_crossing
689,C,lambda_1,yoshida4,controlled_q0.001_phi4.712388980385,controlled,0.001,4.712388980385,-1,0.08,not_identifiable,unresolved,False,mixed,0.0,2.1327432106664765e-18,1,0,True,sign_crossing,2.1327432106664765e-18,-2.1327432106664765e-18,False,not_attributed_sign_crossing,-5.611691841593495e-17,True,-5.611691841593495e-17,,,not_attributed_sign_crossing,,not_attributed_sign_crossing,,not_attributed_sign_crossing
690,C,lambda_1,yoshida4,controlled_q0.010_phi0.000000000000,controlled,0.01,0.0,-1,0.08,not_identifiable,unresolved,False,mixed,0.0,2.3450864087388435e-18,1,0,True,sign_crossing,2.3450864087388435e-18,-2.3450864087388435e-18,False,not_attributed_sign_crossing,7.25162534212563e-18,True,-7.25162534212563e-18,,,not_attributed_sign_crossing,,not_attributed_sign_crossing,,not_attributed_sign_crossing
691,C,lambda_1,yoshida4,controlled_q0.010_phi1.570796326795,controlled,0.01,1.570796326795,-1,0.08,not_identifiable,unresolved,False,mixed,0.0,1.4735711599942529e-18,1,0,True,sign_crossing,1.4735711599942529e-18,-1.4735711599942529e-18,False,not_attributed_sign_crossing,1.600643440304937e-16,True,-1.600643440304937e-16,,,not_attributed_sign_crossing,,not_attributed_sign_crossing,,not_attributed_sign_crossing
692,C,lambda_1,yoshida4,controlled_q0.010_phi3.141592653590,controlled,0.01,3.14159265359,-1,0.08,not_identifiable,unresolved,False,mixed,0.0,1.5745701270798474e-18,1,0,True,sign_crossing,1.5745701270798474e-18,-1.5745701270798474e-18,False,not_attributed_sign_crossing,6.481109060466536e-18,True,-6.481109060466536e-18,,,not_attributed_sign_crossing,,not_attributed_sign_crossing,,not_attributed_sign_crossing
693,C,lambda_1,yoshida4,controlled_q0.010_phi4.712388980385,controlled,0.01,4.712388980385,-1,0.08,not_identifiable,unresolved,False,mixed,0.0,2.4974968642606292e-18,1,0,True,sign_crossing,2.4974968642606292e-18,-2.4974968642606292e-18,False,not_attributed_sign_crossing,-2.7259259925944167e-16,True,-2.7259259925944167e-16,,,not_attributed_sign_crossing,,not_attributed_sign_crossing,,not_attributed_sign_crossing
694,C,lambda_1,yoshida4,controlled_q0.050_phi0.000000000000,controlled,0.05,0.0,-1,0.08,not_identifiable,unresolved,False,mixed,0.0,2.643722943246256e-18,1,0,True,sign_crossing,2.643722943246256e-18,-2.643722943246256e-18,False,not_attributed_sign_crossing,2.7176417610180267e-17,True,-2.7176417610180267e-17,,,not_attributed_sign_crossing,,not_attributed_sign_crossing,,not_attributed_sign_crossing
695,C,lambda_1,yoshida4,controlled_q0.050_phi1.570796326795,controlled,0.05,1.570796326795,-1,0.08,not_identifiable,unresolved,False,mixed,0.0,9.085969737854685e-19,1,0,True,sign_crossing,9.085969737854685e-19,-9.085969737854685e-19,False,not_attributed_sign_crossing,5.931802388384868e-16,True,-5.931802388384868e-16,,,not_attributed_sign_crossing,,not_attributed_sign_crossing,,not_attributed_sign_crossing
696,C,lambda_1,yoshida4,controlled_q0.050_phi3.141592653590,controlled,0.05,3.14159265359,-1,0.08,not_identifiable,unresolved,False,mixed,0.0,9.559616304647825e-19,1,0,True,sign_crossing,9.559616304647825e-19,-9.559616304647825e-19,False,not_attributed_sign_crossing,2.548865629739882e-17,True,-2.548865629739882e-17,,,not_attributed_sign_crossing,,not_attributed_sign_crossing,,not_attributed_sign_crossing
697,C,lambda_1,yoshida4,controlled_q0.050_phi4.712388980385,controlled,0.05,4.712388980385,-1,0.08,not_identifiable,unresolved,False,mixed,0.0,2.4644999660451697e-18,1,0,True,sign_crossing,2.4644999660451697e-18,-2.4644999660451697e-18,False,not_attributed_sign_crossing,-2.7262559615765713e-16,True,-2.7262559615765713e-16,,,not_attributed_sign_crossing,,not_attributed_sign_crossing,,not_attributed_sign_crossing
698,C,lambda_1,yoshida4,controlled_q0.001_phi0.000000000000,controlled,0.001,0.0,-1,0.12,not_identifiable,unresolved,False,mixed,2.220446049250313e-16,1.0004408288088462e-17,1,1,False,same_sign,-2.1204019663694284e-16,2.1204019663694284e-16,True,fit,3.1989441379552025e-19,False,2.2172471051123578e-16,0.0,3.2678270114532424e-16,unsafe,-9.684513874292941e-18,conservative,-1.0505799063408846e-16,conservative
699,C,lambda_1,yoshida4,controlled_q0.001_phi1.570796326795,controlled,0.001,1.570796326795,-1,0.12,not_identifiable,unresolved,False,mixed,2.220446049250313e-16,8.6823530394424e-18,1,1,False,same_sign,-2.133622518855889e-16,2.133622518855889e-16,True,fit,-2.561577556327266e-17,True,1.9642882936175866e-16,0.0,3.527183711223924e-16,unsafe,-3.429812860271506e-17,conservative,-1.0505799063408846e-16,conservative
700,C,lambda_1,yoshida4,controlled_q0.001_phi3.141592653590,controlled,0.001,3.14159265359,-1,0.12,not_identifiable,unresolved,False,mixed,2.220446049250313e-16,8.829827025036174e-18,1,1,False,same_sign,-2.1321477789999512e-16,2.1321477789999512e-16,True,fit,1.9822751281565263e-17,False,2.0222185364346603e-16,0.0,3.072798442775545e-16,unsafe,1.099292425652909e-17,unsafe,-1.0505799063408846e-16,conservative
701,C,lambda_1,yoshida4,controlled_q0.001_phi4.712388980385,controlled,0.001,4.712388980385,-1,0.12,not_identifiable,unresolved,False,mixed,2.220446049250313e-16,1.0069342822117234e-17,1,1,False,same_sign,-2.1197526210291408e-16,2.1197526210291408e-16,True,fit,1.9139301118822352e-17,False,2.0290530380620896e-16,-2.465190328815662e-32,3.079632944402974e-16,unsafe,9.069958296705116e-18,unsafe,-1.0505799063408846e-16,conservative
702,C,lambda_1,yoshida4,controlled_q0.010_phi0.000000000000,controlled,0.01,0.0,-1,0.12,not_identifiable,unresolved,False,mixed,2.220446049250313e-16,1.1096061302437687e-17,1,1,False,same_sign,-2.109485436225936e-16,2.109485436225936e-16,True,fit,-1.490818410900909e-17,True,2.0713642081602223e-16,0.0,3.4201077966812885e-16,unsafe,-2.6004245411446777e-17,conservative,-1.0505799063408846e-16,conservative
703,C,lambda_1,yoshida4,controlled_q0.010_phi1.570796326795,controlled,0.01,1.570796326795,-1,0.12,not_identifiable,unresolved,False,mixed,2.220446049250313e-16,6.915333579858816e-18,1,1,False,same_sign,-2.1512927134517248e-16,2.1512927134517248e-16,True,fit,-1.2857499778817e-16,True,9.346960713686131e-17,-2.465190328815662e-32,4.556775933472897e-16,unsafe,-1.3549033136802882e-16,conservative,-1.0505799063408846e-16,conservative
704,C,lambda_1,yoshida4,controlled_q0.010_phi3.141592653590,controlled,0.01,3.14159265359,-1,0.12,not_identifiable,unresolved,False,mixed,2.220446049250313e-16,7.398478383796934e-18,1,1,False,same_sign,-2.1464612654123439e-16,2.1464612654123439e-16,True,fit,4.64868276176083e-17,False,1.7555777730742302e-16,0.0,2.806157679415115e-16,unsafe,3.908834923381136e-17,unsafe,-1.0505799063408846e-16,conservative
705,C,lambda_1,yoshida4,controlled_q0.010_phi4.712388980385,controlled,0.01,4.712388980385,-1,0.12,not_identifiable,unresolved,False,mixed,2.220446049250313e-16,1.1821657131724316e-17,1,1,False,same_sign,-2.10222947793307e-16,2.10222947793307e-16,True,fit,1.6545190509316337e-16,False,5.659269983186794e-17,0.0,1.616506904659564e-16,unsafe,1.5363024796143906e-16,unsafe,-1.0505799063408846e-16,conservative
706,C,lambda_1,yoshida4,controlled_q0.050_phi0.000000000000,controlled,0.05,0.0,-1,0.12,not_identifiable,unresolved,False,mixed,2.220446049250313e-16,1.2542037350349829e-17,1,1,False,same_sign,-2.0950256757468147e-16,2.0950256757468147e-16,True,fit,-2.6038061004341184e-17,True,1.9600654392069013e-16,2.465190328815662e-32,3.5314065656346097e-16,unsafe,-3.858009835469101e-17,conservative,-1.0505799063408846e-16,conservative
707,C,lambda_1,yoshida4,controlled_q0.050_phi1.570796326795,controlled,0.05,1.570796326795,-1,0.12,not_identifiable,unresolved,False,mixed,2.220446049250313e-16,4.24892919822554e-18,1,1,False,same_sign,-2.1779567572680578e-16,2.1779567572680578e-16,True,fit,-2.4688963390159044e-16,True,-2.4845028976559133e-17,-2.465190328815662e-32,5.739922294607102e-16,unsafe,-2.51138563099816e-16,conservative,-1.0505799063408846e-16,conservative
708,C,lambda_1,yoshida4,controlled_q0.050_phi3.141592653590,controlled,0.05,3.14159265359,-1,0.12,not_identifiable,unresolved,False,mixed,2.220446049250313e-16,4.442743994151338e-18,1,1,False,same_sign,-2.1760186093087996e-16,2.1760186093087996e-16,True,fit,1.0844336146066622e-16,False,1.1360124346436509e-16,0.0,2.1865923409845355e-16,unsafe,1.0400061746651488e-16,unsafe,-1.0505799063408846e-16,conservative
709,C,lambda_1,yoshida4,controlled_q0.050_phi4.712388980385,controlled,0.05,4.712388980385,-1,0.12,not_identifiable,unresolved,False,mixed,2.220446049250313e-16,1.1653935393850188e-17,1,1,False,same_sign,-2.1039066953118113e-16,2.1039066953118113e-16,True,state,2.231082992211828e-16,False,-1.0636942961515154e-18,0.0,1.0399429633793696e-16,unsafe,2.1145436382733262e-16,unsafe,-1.0505799063408846e-16,conservative
710,C,lambda_1,yoshida4,controlled_q0.001_phi0.000000000000,controlled,0.001,0.0,-1,0.18,not_identifiable,unresolved,False,mixed,-4.440892098500626e-16,4.2457293507113195e-17,1,-1,True,sign_crossing,4.865465033571758e-16,4.0163191634294944e-16,True,not_attributed_sign_crossing,4.114888312487695e-17,True,4.029403267251857e-16,,,not_attributed_sign_crossing,,not_attributed_sign_crossing,,not_attributed_sign_crossing
711,C,lambda_1,yoshida4,controlled_q0.001_phi1.570796326795,controlled,0.001,1.570796326795,-1,0.18,not_identifiable,unresolved,False,mixed,-4.440892098500626e-16,3.6619943793462004e-17,1,-1,True,sign_crossing,4.807091536435246e-16,4.074692660566006e-16,True,not_attributed_sign_crossing,4.739208513299859e-17,True,3.9669712471706403e-16,,,not_attributed_sign_crossing,,not_attributed_sign_crossing,,not_attributed_sign_crossing
712,C,lambda_1,yoshida4,controlled_q0.001_phi3.141592653590,controlled,0.001,3.14159265359,-1,0.18,not_identifiable,unresolved,False,mixed,-4.440892098500626e-16,3.7246068098457974e-17,1,-1,True,sign_crossing,4.813352779485206e-16,4.0684314175160465e-16,True,not_attributed_sign_crossing,3.593765771622153e-17,True,4.081515521338411e-16,,,not_attributed_sign_crossing,,not_attributed_sign_crossing,,not_attributed_sign_crossing
713,C,lambda_1,yoshida4,controlled_q0.001_phi4.712388980385,controlled,0.001,4.712388980385,-1,0.18,not_identifiable,unresolved,False,mixed,-4.440892098500626e-16,4.268743556678359e-17,1,-1,True,sign_crossing,4.867766454168462e-16,4.0140177428327904e-16,True,not_attributed_sign_crossing,3.418487161768893e-17,True,4.099043382323737e-16,,,not_attributed_sign_crossing,,not_attributed_sign_crossing,,not_attributed_sign_crossing
714,C,lambda_1,yoshida4,controlled_q0.010_phi0.000000000000,controlled,0.01,0.0,-1,0.18,not_identifiable,unresolved,False,mixed,-4.440892098500626e-16,4.7335384251806854e-17,1,-1,True,sign_crossing,4.914245941018695e-16,3.967538255982558e-16,True,not_attributed_sign_crossing,3.425128042944202e-17,True,4.098379294206206e-16,,,not_attributed_sign_crossing,,not_attributed_sign_crossing,,not_attributed_sign_crossing
715,C,lambda_1,yoshida4,controlled_q0.010_phi1.570796326795,controlled,0.01,1.570796326795,-1,0.18,not_identifiable,unresolved,False,mixed,-4.440892098500626e-16,2.8805309303672565e-17,1,-1,True,sign_crossing,4.728945191537352e-16,4.1528390054639006e-16,True,not_attributed_sign_crossing,6.848950857615587e-17,True,3.7559970127390676e-16,,,not_attributed_sign_crossing,,not_attributed_sign_crossing,,not_attributed_sign_crossing
716,C,lambda_1,yoshida4,controlled_q0.010_phi3.141592653590,controlled,0.01,3.14159265359,-1,0.18,not_identifiable,unresolved,False,mixed,-4.440892098500626e-16,3.093044177370396e-17,1,-1,True,sign_crossing,4.750196516237666e-16,4.1315876807635866e-16,True,not_attributed_sign_crossing,1.7846337951339522e-17,True,4.262428718987231e-16,,,not_attributed_sign_crossing,,not_attributed_sign_crossing,,not_attributed_sign_crossing
717,C,lambda_1,yoshida4,controlled_q0.010_phi4.712388980385,controlled,0.01,4.712388980385,-1,0.18,not_identifiable,unresolved,False,mixed,-4.440892098500626e-16,5.048494825934122e-17,1,-1,True,sign_crossing,4.945741581094038e-16,3.936042615907214e-16,True,not_attributed_sign_crossing,5.161973695456213e-17,True,3.924694728955005e-16,,,not_attributed_sign_crossing,,not_attributed_sign_crossing,,not_attributed_sign_crossing
718,C,lambda_1,yoshida4,controlled_q0.050_phi0.000000000000,controlled,0.05,0.0,-1,0.18,not_identifiable,unresolved,False,mixed,-4.440892098500626e-16,5.3905321487251694e-17,1,-1,True,sign_crossing,4.979945313373143e-16,3.9018388836281095e-16,True,not_attributed_sign_crossing,-1.151519762457227e-17,False,4.325740122254903e-16,,,not_attributed_sign_crossing,,not_attributed_sign_crossing,,not_attributed_sign_crossing
719,C,lambda_1,yoshida4,controlled_q0.050_phi1.570796326795,controlled,0.05,1.570796326795,-1,0.18,not_identifiable,unresolved,False,mixed,-4.440892098500626e-16,1.751388322914627e-17,1,-1,True,sign_crossing,4.616030930792089e-16,4.2657532662091636e-16,True,not_attributed_sign_crossing,-9.699955980741989e-17,False,3.470896500426427e-16,,,not_attributed_sign_crossing,,not_attributed_sign_crossing,,not_attributed_sign_crossing
720,C,lambda_1,yoshida4,controlled_q0.050_phi3.141592653590,controlled,0.05,3.14159265359,-1,0.18,not_identifiable,unresolved,False,mixed,-4.440892098500626e-16,1.797145751576837e-17,1,-1,True,sign_crossing,4.62060667365831e-16,4.2611775233429426e-16,True,not_attributed_sign_crossing,-4.7449061596055495e-17,False,3.966401482540071e-16,,,not_attributed_sign_crossing,,not_attributed_sign_crossing,,not_attributed_sign_crossing
721,C,lambda_1,yoshida4,controlled_q0.050_phi4.712388980385,controlled,0.05,4.712388980385,-1,0.18,not_identifiable,unresolved,False,mixed,-4.440892098500626e-16,4.9628168965416776e-17,1,-1,True,sign_crossing,4.937173788154793e-16,3.9446104088464584e-16,True,not_attributed_sign_crossing,2.4351001054694964e-16,True,2.0057919930311297e-16,,,not_attributed_sign_crossing,,not_attributed_sign_crossing,,not_attributed_sign_crossing
722,C,lambda_1,yoshida4,controlled_q0.001_phi0.000000000000,controlled,0.001,0.0,-1,0.27,not_identifiable,unresolved,False,mixed,0.0,1.2165056250440188e-16,1,0,True,sign_crossing,1.2165056250440188e-16,-1.2165056250440188e-16,False,not_attributed_sign_crossing,1.1304210572725264e-16,True,-1.1304210572725264e-16,,,not_attributed_sign_crossing,,not_attributed_sign_crossing,,not_attributed_sign_crossing
723,C,lambda_1,yoshida4,controlled_q0.001_phi1.570796326795,controlled,0.001,1.570796326795,-1,0.27,not_identifiable,unresolved,False,mixed,0.0,1.0184428555294284e-16,1,0,True,sign_crossing,1.0184428555294284e-16,-1.0184428555294284e-16,False,not_attributed_sign_crossing,9.063176541693841e-17,True,-9.063176541693841e-17,,,not_attributed_sign_crossing,,not_attributed_sign_crossing,,not_attributed_sign_crossing
724,C,lambda_1,yoshida4,controlled_q0.001_phi3.141592653590,controlled,0.001,3.14159265359,-1,0.27,not_identifiable,unresolved,False,mixed,0.0,1.0364189386861224e-16,1,0,True,sign_crossing,1.0364189386861224e-16,-1.0364189386861224e-16,False,not_attributed_sign_crossing,1.1341338209663815e-16,True,-1.1341338209663815e-16,,,not_attributed_sign_crossing,,not_attributed_sign_crossing,,not_attributed_sign_crossing
725,C,lambda_1,yoshida4,controlled_q0.001_phi4.712388980385,controlled,0.001,4.712388980385,-1,0.27,not_identifiable,unresolved,False,mixed,0.0,1.2169266613864195e-16,1,0,True,sign_crossing,1.2169266613864195e-16,-1.2169266613864195e-16,False,not_attributed_sign_crossing,1.3617975305414582e-16,True,-1.3617975305414582e-16,,,not_attributed_sign_crossing,,not_attributed_sign_crossing,,not_attributed_sign_crossing
726,C,lambda_1,yoshida4,controlled_q0.010_phi0.000000000000,controlled,0.01,0.0,-1,0.27,not_identifiable,unresolved,False,mixed,0.0,1.3896018557304575e-16,1,0,True,sign_crossing,1.3896018557304575e-16,-1.3896018557304575e-16,False,not_attributed_sign_crossing,1.1584530076287078e-16,True,-1.1584530076287078e-16,,,not_attributed_sign_crossing,,not_attributed_sign_crossing,,not_attributed_sign_crossing
727,C,lambda_1,yoshida4,controlled_q0.010_phi1.570796326795,controlled,0.01,1.570796326795,-1,0.27,not_identifiable,unresolved,False,mixed,0.0,7.516437362421105e-17,1,0,True,sign_crossing,7.516437362421105e-17,-7.516437362421105e-17,False,not_attributed_sign_crossing,3.1827344673821326e-17,True,-3.1827344673821326e-17,,,not_attributed_sign_crossing,,not_attributed_sign_crossing,,not_attributed_sign_crossing
728,C,lambda_1,yoshida4,controlled_q0.010_phi3.141592653590,controlled,0.01,3.14159265359,-1,0.27,not_identifiable,unresolved,False,mixed,0.0,8.226887980326093e-17,1,0,True,sign_crossing,8.226887980326093e-17,-8.226887980326093e-17,False,not_attributed_sign_crossing,1.1701407912220438e-16,True,-1.1701407912220438e-16,,,not_attributed_sign_crossing,,not_attributed_sign_crossing,,not_attributed_sign_crossing
729,C,lambda_1,yoshida4,controlled_q0.010_phi4.712388980385,controlled,0.01,4.712388980385,-1,0.27,not_identifiable,unresolved,False,mixed,0.0,1.4893884404510916e-16,1,0,True,sign_crossing,1.4893884404510916e-16,-1.4893884404510916e-16,False,not_attributed_sign_crossing,1.8270063624924417e-16,True,-1.8270063624924417e-16,,,not_attributed_sign_crossing,,not_attributed_sign_crossing,,not_attributed_sign_crossing
730,C,lambda_1,yoshida4,controlled_q0.050_phi0.000000000000,controlled,0.05,0.0,-1,0.27,not_identifiable,unresolved,False,mixed,0.0,1.6367391886368123e-16,1,0,True,sign_crossing,1.6367391886368123e-16,-1.6367391886368123e-16,False,not_attributed_sign_crossing,1.2938049810395588e-16,True,-1.2938049810395588e-16,,,not_attributed_sign_crossing,,not_attributed_sign_crossing,,not_attributed_sign_crossing
731,C,lambda_1,yoshida4,controlled_q0.050_phi1.570796326795,controlled,0.05,1.570796326795,-1,0.27,not_identifiable,unresolved,False,mixed,0.0,4.3143441815074643e-17,1,0,True,sign_crossing,4.3143441815074643e-17,-4.3143441815074643e-17,False,not_attributed_sign_crossing,7.690523401920965e-17,True,-7.690523401920965e-17,,,not_attributed_sign_crossing,,not_attributed_sign_crossing,,not_attributed_sign_crossing
732,C,lambda_1,yoshida4,controlled_q0.050_phi3.141592653590,controlled,0.05,3.14159265359,-1,0.27,not_identifiable,unresolved,False,mixed,0.0,3.9495630971702234e-17,1,0,True,sign_crossing,3.9495630971702234e-17,-3.9495630971702234e-17,False,not_attributed_sign_crossing,1.3194062427527109e-16,True,-1.3194062427527109e-16,,,not_attributed_sign_crossing,,not_attributed_sign_crossing,,not_attributed_sign_crossing
733,C,lambda_1,yoshida4,controlled_q0.050_phi4.712388980385,controlled,0.05,4.712388980385,-1,0.27,not_identifiable,unresolved,False,mixed,0.0,1.445138277909004e-16,1,0,True,sign_crossing,1.445138277909004e-16,-1.445138277909004e-16,False,not_attributed_sign_crossing,1.782756199950354e-16,True,-1.782756199950354e-16,,,not_attributed_sign_crossing,,not_attributed_sign_crossing,,not_attributed_sign_crossing
734,C,lambda_1,yoshida4,controlled_q0.001_phi0.000000000000,controlled,0.001,0.0,-1,0.4,not_identifiable,unresolved,False,mixed,-6.661338147750939e-16,-3.804510955474447e-16,-1,-1,False,same_sign,2.856827192276492e-16,2.856827192276492e-16,True,proxy,-3.812361417767864e-16,False,2.8489767299830754e-16,0.0,1.1286972894157344e-17,unsafe,7.85046229341669e-19,unsafe,2.736107001041502e-16,unsafe
735,C,lambda_1,yoshida4,controlled_q0.001_phi1.570796326795,controlled,0.001,1.570796326795,-1,0.4,not_identifiable,unresolved,False,mixed,-6.661338147750939e-16,-3.749011002059148e-16,-1,-1,False,same_sign,2.912327145691791e-16,2.912327145691791e-16,True,proxy,-3.641010067122509e-16,False,3.02032808062843e-16,0.0,2.842210795869283e-17,unsafe,-1.080009349366392e-17,conservative,2.736107001041502e-16,unsafe
736,C,lambda_1,yoshida4,controlled_q0.001_phi3.141592653590,controlled,0.001,3.14159265359,-1,0.4,not_identifiable,unresolved,False,mixed,-6.661338147750939e-16,-3.804569050954447e-16,-1,-1,False,same_sign,2.856769096796492e-16,2.856769096796492e-16,True,proxy,-3.8124195132478663e-16,False,2.848918634503073e-16,0.0,1.1281163346157101e-17,unsafe,7.850462293419156e-19,unsafe,2.736107001041502e-16,unsafe
737,C,lambda_1,yoshida4,controlled_q0.001_phi4.712388980385,controlled,0.001,4.712388980385,-1,0.4,not_identifiable,unresolved,False,mixed,-6.661338147750939e-16,-3.9188214668291087e-16,-1,-1,False,same_sign,2.7425166809218306e-16,2.7425166809218306e-16,True,proxy,-3.98429287949015e-16,False,2.677045268260789e-16,0.0,-5.90617327807129e-18,conservative,6.5471412661041515e-18,unsafe,2.736107001041502e-16,unsafe
738,C,lambda_1,yoshida4,controlled_q0.010_phi0.000000000000,controlled,0.01,0.0,-1,0.4,not_identifiable,unresolved,False,mixed,-6.661338147750939e-16,-3.7358296029278485e-16,-1,-1,False,same_sign,2.925508544823091e-16,2.925508544823091e-16,True,proxy,-3.8143342258620366e-16,False,2.8470039218889027e-16,0.0,1.1089692084740074e-17,unsafe,7.85046229341881e-18,unsafe,2.736107001041502e-16,unsafe
739,C,lambda_1,yoshida4,controlled_q0.010_phi1.570796326795,controlled,0.01,1.570796326795,-1,0.4,not_identifiable,unresolved,False,mixed,-6.661338147750939e-16,-3.6997012601002393e-16,-1,-1,False,same_sign,2.9616368876507e-16,2.9616368876507e-16,True,proxy,-3.6350684120630203e-16,False,3.026269735687919e-16,0.0,2.90162734646417e-17,unsafe,-6.463284803721902e-18,conservative,2.736107001041502e-16,unsafe
740,C,lambda_1,yoshida4,controlled_q0.010_phi3.141592653590,controlled,0.01,3.14159265359,-1,0.4,not_identifiable,unresolved,False,mixed,-6.661338147750939e-16,-3.736012487553429e-16,-1,-1,False,same_sign,2.92532566019751e-16,2.92532566019751e-16,True,proxy,-3.814517110487616e-16,False,2.8468210372633234e-16,0.0,1.1071403622182144e-17,unsafe,7.850462293418663e-18,unsafe,2.736107001041502e-16,unsafe
741,C,lambda_1,yoshida4,controlled_q0.010_phi4.712388980385,controlled,0.01,4.712388980385,-1,0.4,not_identifiable,unresolved,False,mixed,-6.661338147750939e-16,-3.8732103724775557e-16,-1,-1,False,same_sign,2.7881277752733835e-16,2.7881277752733835e-16,True,proxy,-3.9820498720380174e-16,False,2.679288275712922e-16,0.0,-5.681872532858013e-18,conservative,1.088394995604617e-17,unsafe,2.736107001041502e-16,unsafe
742,C,lambda_1,yoshida4,controlled_q0.050_phi0.000000000000,controlled,0.05,0.0,-1,0.4,not_identifiable,unresolved,False,mixed,-6.661338147750939e-16,-3.4307476007842145e-16,-1,-1,False,same_sign,3.2305905469667247e-16,3.2305905469667247e-16,True,proxy,-3.823270715455159e-16,False,2.83806743229578e-16,0.0,1.019604312542783e-17,unsafe,3.925231146709445e-17,unsafe,2.736107001041502e-16,unsafe
743,C,lambda_1,yoshida4,controlled_q0.050_phi1.570796326795,controlled,0.05,1.570796326795,-1,0.4,not_identifiable,unresolved,False,mixed,-6.661338147750939e-16,-2.6375469953434836e-16,-1,-1,False,same_sign,4.0237911524074556e-16,4.0237911524074556e-16,True,proxy,-2.399441799708584e-16,False,4.2618963480423553e-16,0.0,1.5257893470008534e-16,unsafe,-2.3810519563489973e-17,conservative,2.736107001041502e-16,unsafe
744,C,lambda_1,yoshida4,controlled_q0.050_phi3.141592653590,controlled,0.05,3.14159265359,-1,0.4,not_identifiable,unresolved,False,mixed,-6.661338147750939e-16,-3.4311481965965423e-16,-1,-1,False,same_sign,3.230189951154397e-16,3.230189951154397e-16,True,proxy,-3.8236713112674863e-16,False,2.837666836483453e-16,0.0,1.0155983544195099e-17,unsafe,3.92523114670944e-17,unsafe,2.736107001041502e-16,unsafe
745,C,lambda_1,yoshida4,controlled_q0.050_phi4.712388980385,controlled,0.05,4.712388980385,-1,0.4,not_identifiable,unresolved,False,mixed,-6.661338147750939e-16,-4.0954395797076184e-16,-1,-1,False,same_sign,2.565898568043321e-16,2.565898568043321e-16,True,proxy,-5.245113164854165e-16,False,1.4162249828967744e-16,0.0,-1.319882018144727e-16,conservative,1.149673585146546e-16,unsafe,2.736107001041502e-16,unsafe
746,C,lambda_1,yoshida4,controlled_q0.001_phi0.000000000000,controlled,0.001,0.0,1,0.05,not_identifiable,unresolved,False,mixed,4.440892098500626e-16,3.3377767574484735e-19,1,1,False,same_sign,-4.4375543217431776e-16,4.4375543217431776e-16,True,proxy,3.036862708530054e-17,False,4.1372058276476207e-16,0.0,-5.210225204239803e-16,conservative,3.003484940955569e-17,unsafe,9.347431031887423e-16,unsafe
747,C,lambda_1,yoshida4,controlled_q0.001_phi1.570796326795,controlled,0.001,1.570796326795,1,0.05,not_identifiable,unresolved,False,mixed,4.440892098500626e-16,2.905623122245731e-19,1,1,False,same_sign,-4.4379864753783804e-16,4.4379864753783804e-16,True,proxy,9.944265080565927e-17,False,3.4464655904440335e-16,4.930380657631324e-32,-5.900965441443389e-16,conservative,9.915208849343469e-17,unsafe,9.347431031887423e-16,unsafe
748,C,lambda_1,yoshida4,controlled_q0.001_phi3.141592653590,controlled,0.001,3.14159265359,1,0.05,not_identifiable,unresolved,False,mixed,4.440892098500626e-16,2.9548145036467816e-19,1,1,False,same_sign,-4.4379372839969796e-16,4.4379372839969796e-16,True,proxy,-3.1701983532545527e-17,True,4.123872263175171e-16,-4.930380657631324e-32,-4.589519098061342e-16,conservative,-3.1997464982910206e-17,conservative,9.347431031887423e-16,unsafe
749,C,lambda_1,yoshida4,controlled_q0.001_phi4.712388980385,controlled,0.001,4.712388980385,1,0.05,not_identifiable,unresolved,False,mixed,4.440892098500626e-16,3.3612291045513897e-19,1,1,False,same_sign,-4.4375308693960746e-16,4.4375308693960746e-16,True,proxy,-1.4337307523286317e-16,True,3.007161346171994e-16,0.0,-3.4728081810581657e-16,conservative,-1.437091981433183e-16,conservative,9.347431031887423e-16,unsafe
750,C,lambda_1,yoshida4,controlled_q0.010_phi0.000000000000,controlled,0.01,0.0,1,0.05,not_identifiable,unresolved,False,mixed,4.440892098500626e-16,3.6923315827905624e-19,1,1,False,same_sign,-4.4371997669178355e-16,4.4371997669178355e-16,True,proxy,8.819504725939301e-17,False,3.558941625906696e-16,0.0,-5.788489405980727e-16,conservative,8.782581410111396e-17,unsafe,9.347431031887423e-16,unsafe
751,C,lambda_1,yoshida4,controlled_q0.010_phi1.570796326795,controlled,0.01,1.570796326795,1,0.05,not_identifiable,unresolved,False,mixed,4.440892098500626e-16,2.328515760952209e-19,1,1,False,same_sign,-4.438563582739674e-16,4.438563582739674e-16,True,proxy,3.422462267062829e-16,False,1.0184298314377972e-16,-4.930380657631324e-32,-8.329001200449627e-16,conservative,3.420133751301877e-16,unsafe,9.347431031887423e-16,unsafe
752,C,lambda_1,yoshida4,controlled_q0.010_phi3.141592653590,controlled,0.01,3.14159265359,1,0.05,not_identifiable,unresolved,False,mixed,4.440892098500626e-16,2.4867660483450624e-19,1,1,False,same_sign,-4.438405332452281e-16,4.438405332452281e-16,True,proxy,-1.072032932298265e-16,True,3.368859166202361e-16,0.0,-3.8345060010885323e-16,conservative,-1.0745196983466101e-16,conservative,9.347431031887423e-16,unsafe
753,C,lambda_1,yoshida4,controlled_q0.010_phi4.712388980385,controlled,0.01,4.712388980385,1,0.05,not_identifiable,unresolved,False,mixed,4.440892098500626e-16,3.9316479304778097e-19,1,1,False,same_sign,-4.4369604505701484e-16,4.4369604505701484e-16,True,proxy,-3.514828504674874e-16,True,9.260635938257524e-17,0.0,-1.3917104287119235e-16,conservative,-3.5187601526053516e-16,conservative,9.347431031887423e-16,unsafe
754,C,lambda_1,yoshida4,controlled_q0.050_phi0.000000000000,controlled,0.05,0.0,1,0.05,not_identifiable,unresolved,False,mixed,4.440892098500626e-16,4.157693684738624e-19,1,1,False,same_sign,-4.436734404815888e-16,4.436734404815888e-16,True,proxy,1.6522145376641473e-16,False,2.788677560836479e-16,0.0,-6.558753471050944e-16,conservative,1.6480568439794086e-16,unsafe,9.347431031887423e-16,unsafe
755,C,lambda_1,yoshida4,controlled_q0.050_phi1.570796326795,controlled,0.05,1.570796326795,1,0.05,not_identifiable,unresolved,False,mixed,4.440892098500626e-16,1.4379605918755693e-19,1,1,False,same_sign,-4.4394541379087506e-16,4.4394541379087506e-16,True,proxy,6.197129273456643e-16,False,-1.756237174956017e-16,4.930380657631324e-32,-1.110366820684344e-15,conservative,6.195691312864768e-16,unsafe,9.347431031887423e-16,unsafe
756,C,lambda_1,yoshida4,controlled_q0.050_phi3.141592653590,controlled,0.05,3.14159265359,1,0.05,not_identifiable,unresolved,False,mixed,4.440892098500626e-16,1.5169878132430664e-19,1,1,False,same_sign,-4.4393751106873833e-16,4.4393751106873833e-16,True,proxy,-2.627847642843526e-16,True,1.8130444556571e-16,0.0,-2.278691290543271e-16,conservative,-2.629364630656769e-16,conservative,9.347431031887423e-16,unsafe
757,C,lambda_1,yoshida4,controlled_q0.050_phi4.712388980385,controlled,0.05,4.712388980385,1,0.05,not_identifiable,unresolved,False,mixed,4.440892098500626e-16,3.8813978329286164e-19,1,1,False,same_sign,-4.4370107006676977e-16,4.4370107006676977e-16,True,proxy,-1.045377265867965e-15,True,-6.012880560179024e-16,0.0,5.547233725292854e-16,unsafe,-1.045765405651258e-15,conservative,9.347431031887423e-16,unsafe
758,C,lambda_1,yoshida4,controlled_q0.001_phi0.000000000000,controlled,0.001,0.0,1,0.08,not_identifiable,unresolved,False,mixed,0.0,2.1182069516237445e-18,1,0,True,sign_crossing,2.1182069516237445e-18,-2.1182069516237445e-18,False,not_attributed_sign_crossing,2.6088608449622506e-18,True,-2.6088608449622506e-18,,,not_attributed_sign_crossing,,not_attributed_sign_crossing,,not_attributed_sign_crossing
759,C,lambda_1,yoshida4,controlled_q0.001_phi1.570796326795,controlled,0.001,1.570796326795,1,0.08,not_identifiable,unresolved,False,mixed,0.0,1.8422236035160715e-18,1,0,True,sign_crossing,1.8422236035160715e-18,-1.8422236035160715e-18,False,not_attributed_sign_crossing,-5.640743802308535e-17,True,-5.640743802308535e-17,,,not_attributed_sign_crossing,,not_attributed_sign_crossing,,not_attributed_sign_crossing
760,C,lambda_1,yoshida4,controlled_q0.001_phi3.141592653590,controlled,0.001,3.14159265359,1,0.08,not_identifiable,unresolved,False,mixed,0.0,1.8734432756691645e-18,1,0,True,sign_crossing,1.8734432756691645e-18,-1.8734432756691645e-18,False,not_attributed_sign_crossing,2.3640971690078186e-18,True,-2.3640971690078186e-18,,,not_attributed_sign_crossing,,not_attributed_sign_crossing,,not_attributed_sign_crossing
761,C,lambda_1,yoshida4,controlled_q0.001_phi4.712388980385,controlled,0.001,4.712388980385,1,0.08,not_identifiable,unresolved,False,mixed,0.0,2.1327432106664765e-18,1,0,True,sign_crossing,2.1327432106664765e-18,-2.1327432106664765e-18,False,not_attributed_sign_crossing,7.398734228232559e-17,True,-7.398734228232559e-17,,,not_attributed_sign_crossing,,not_attributed_sign_crossing,,not_attributed_sign_crossing
762,C,lambda_1,yoshida4,controlled_q0.010_phi0.000000000000,controlled,0.01,0.0,1,0.08,not_identifiable,unresolved,False,mixed,0.0,2.3450864087388435e-18,1,0,True,sign_crossing,2.3450864087388435e-18,-2.3450864087388435e-18,False,not_attributed_sign_crossing,7.25162534212563e-18,True,-7.25162534212563e-18,,,not_attributed_sign_crossing,,not_attributed_sign_crossing,,not_attributed_sign_crossing
763,C,lambda_1,yoshida4,controlled_q0.010_phi1.570796326795,controlled,0.01,1.570796326795,1,0.08,not_identifiable,unresolved,False,mixed,0.0,1.4735711599942529e-18,1,0,True,sign_crossing,1.4735711599942529e-18,-1.4735711599942529e-18,False,not_attributed_sign_crossing,-2.7361652496370804e-16,True,-2.7361652496370804e-16,,,not_attributed_sign_crossing,,not_attributed_sign_crossing,,not_attributed_sign_crossing
764,C,lambda_1,yoshida4,controlled_q0.010_phi3.141592653590,controlled,0.01,3.14159265359,1,0.08,not_identifiable,unresolved,False,mixed,0.0,1.5745701270798474e-18,1,0,True,sign_crossing,1.5745701270798474e-18,-1.5745701270798474e-18,False,not_attributed_sign_crossing,6.481109060466536e-18,True,-6.481109060466536e-18,,,not_attributed_sign_crossing,,not_attributed_sign_crossing,,not_attributed_sign_crossing
765,C,lambda_1,yoshida4,controlled_q0.010_phi4.712388980385,controlled,0.01,4.712388980385,1,0.08,not_identifiable,unresolved,False,mixed,0.0,2.4974968642606292e-18,1,0,True,sign_crossing,2.4974968642606292e-18,-2.4974968642606292e-18,False,not_attributed_sign_crossing,1.6108826973476008e-16,True,-1.6108826973476008e-16,,,not_attributed_sign_crossing,,not_attributed_sign_crossing,,not_attributed_sign_crossing
766,C,lambda_1,yoshida4,controlled_q0.050_phi0.000000000000,controlled,0.05,0.0,1,0.08,not_identifiable,unresolved,False,mixed,0.0,2.643722943246256e-18,1,0,True,sign_crossing,2.643722943246256e-18,-2.643722943246256e-18,False,not_attributed_sign_crossing,2.7176417610180218e-17,True,-2.7176417610180218e-17,,,not_attributed_sign_crossing,,not_attributed_sign_crossing,,not_attributed_sign_crossing
767,C,lambda_1,yoshida4,controlled_q0.050_phi1.570796326795,controlled,0.05,1.570796326795,1,0.08,not_identifiable,unresolved,False,mixed,0.0,9.085969737854685e-19,1,0,True,sign_crossing,9.085969737854685e-19,-9.085969737854685e-19,False,not_attributed_sign_crossing,-4.476538467475975e-16,True,-4.476538467475975e-16,,,not_attributed_sign_crossing,,not_attributed_sign_crossing,,not_attributed_sign_crossing
768,C,lambda_1,yoshida4,controlled_q0.050_phi3.141592653590,controlled,0.05,3.14159265359,1,0.08,not_identifiable,unresolved,False,mixed,0.0,9.559616304647825e-19,1,0,True,sign_crossing,9.559616304647825e-19,-9.559616304647825e-19,False,not_attributed_sign_crossing,2.5488656297398696e-17,True,-2.5488656297398696e-17,,,not_attributed_sign_crossing,,not_attributed_sign_crossing,,not_attributed_sign_crossing
769,C,lambda_1,yoshida4,controlled_q0.050_phi4.712388980385,controlled,0.05,4.712388980385,1,0.08,not_identifiable,unresolved,False,mixed,0.0,2.4644999660451697e-18,1,0,True,sign_crossing,2.4644999660451697e-18,-2.4644999660451697e-18,False,not_attributed_sign_crossing,4.212637942330657e-16,True,-4.212637942330657e-16,,,not_attributed_sign_crossing,,not_attributed_sign_crossing,,not_attributed_sign_crossing
770,C,lambda_1,yoshida4,controlled_q0.001_phi0.000000000000,controlled,0.001,0.0,1,0.12,not_identifiable,unresolved,False,mixed,2.220446049250313e-16,1.0004408288088462e-17,1,1,False,same_sign,-2.1204019663694284e-16,2.1204019663694284e-16,True,fit,3.1989441379552025e-19,False,2.2172471051123578e-16,0.0,3.2678270114532424e-16,unsafe,-9.684513874292941e-18,conservative,-1.0505799063408846e-16,conservative
771,C,lambda_1,yoshida4,controlled_q0.001_phi1.570796326795,controlled,0.001,1.570796326795,1,0.12,not_identifiable,unresolved,False,mixed,2.220446049250313e-16,8.6823530394424e-18,1,1,False,same_sign,-2.133622518855889e-16,2.133622518855889e-16,True,fit,1.7752311336147517e-17,False,2.0429229358888378e-16,0.0,3.0935028422297224e-16,unsafe,9.069958296705116e-18,unsafe,-1.0505799063408846e-16,conservative
772,C,lambda_1,yoshida4,controlled_q0.001_phi3.141592653590,controlled,0.001,3.14159265359,1,0.12,not_identifiable,unresolved,False,mixed,2.220446049250313e-16,8.829827025036174e-18,1,1,False,same_sign,-2.1321477789999512e-16,2.1321477789999512e-16,True,fit,1.9822751281565312e-17,False,2.0222185364346598e-16,0.0,3.0727984427755444e-16,unsafe,1.0992924256529139e-17,unsafe,-1.0505799063408846e-16,conservative
773,C,lambda_1,yoshida4,controlled_q0.001_phi4.712388980385,controlled,0.001,4.712388980385,1,0.12,not_identifiable,unresolved,False,mixed,2.220446049250313e-16,1.0069342822117234e-17,1,1,False,same_sign,-2.1197526210291408e-16,2.1197526210291408e-16,True,fit,-2.4228785780597826e-17,True,1.9781581914443348e-16,-2.465190328815662e-32,3.5133138133971757e-16,unsafe,-3.429812860271506e-17,conservative,-1.0505799063408846e-16,conservative
774,C,lambda_1,yoshida4,controlled_q0.010_phi0.000000000000,controlled,0.01,0.0,1,0.12,not_identifiable,unresolved,False,mixed,2.220446049250313e-16,1.1096061302437687e-17,1,1,False,same_sign,-2.109485436225936e-16,2.109485436225936e-16,True,fit,-1.490818410900914e-17,True,2.0713642081602218e-16,0.0,3.420107796681289e-16,unsafe,-2.6004245411446827e-17,conservative,-1.0505799063408846e-16,conservative
775,C,lambda_1,yoshida4,controlled_q0.010_phi1.570796326795,controlled,0.01,1.570796326795,1,0.12,not_identifiable,unresolved,False,mixed,2.220446049250313e-16,6.915333579858816e-18,1,1,False,same_sign,-2.1512927134517248e-16,2.1512927134517248e-16,True,fit,1.6054558154129788e-16,False,6.149902338373343e-17,0.0,1.6655701401782189e-16,unsafe,1.5363024796143906e-16,unsafe,-1.0505799063408846e-16,conservative
776,C,lambda_1,yoshida4,controlled_q0.010_phi3.141592653590,controlled,0.01,3.14159265359,1,0.12,not_identifiable,unresolved,False,mixed,2.220446049250313e-16,7.398478383796934e-18,1,1,False,same_sign,-2.1464612654123439e-16,2.1464612654123439e-16,True,fit,4.6486827617608397e-17,False,1.7555777730742292e-16,0.0,2.806157679415114e-16,unsafe,3.908834923381146e-17,unsafe,-1.0505799063408846e-16,conservative
777,C,lambda_1,yoshida4,controlled_q0.010_phi4.712388980385,controlled,0.01,4.712388980385,1,0.12,not_identifiable,unresolved,False,mixed,2.220446049250313e-16,1.1821657131724316e-17,1,1,False,same_sign,-2.10222947793307e-16,2.10222947793307e-16,True,fit,-1.236686742363045e-16,True,9.83759306887268e-17,2.465190328815662e-32,4.507712697954243e-16,unsafe,-1.3549033136802882e-16,conservative,-1.0505799063408846e-16,conservative
778,C,lambda_1,yoshida4,controlled_q0.050_phi0.000000000000,controlled,0.05,0.0,1,0.12,not_identifiable,unresolved,False,mixed,2.220446049250313e-16,1.2542037350349829e-17,1,1,False,same_sign,-2.0950256757468147e-16,2.0950256757468147e-16,True,fit,-2.6038061004341184e-17,True,1.9600654392069013e-16,2.465190328815662e-32,3.5314065656346097e-16,unsafe,-3.858009835469101e-17,conservative,-1.0505799063408846e-16,conservative
779,C,lambda_1,yoshida4,controlled_q0.050_phi1.570796326795,controlled,0.05,1.570796326795,1,0.12,not_identifiable,unresolved,False,mixed,2.220446049250313e-16,4.24892919822554e-18,1,1,False,same_sign,-2.1779567572680578e-16,2.1779567572680578e-16,True,state,2.1570329302555815e-16,False,6.341311899473158e-18,0.0,1.1139930253356162e-16,unsafe,2.1145436382733262e-16,unsafe,-1.0505799063408846e-16,conservative
780,C,lambda_1,yoshida4,controlled_q0.050_phi3.141592653590,controlled,0.05,3.14159265359,1,0.12,not_identifiable,unresolved,False,mixed,2.220446049250313e-16,4.442743994151338e-18,1,1,False,same_sign,-2.1760186093087996e-16,2.1760186093087996e-16,True,fit,1.0844336146066632e-16,False,1.13601243464365e-16,0.0,2.1865923409845345e-16,unsafe,1.0400061746651498e-16,unsafe,-1.0505799063408846e-16,conservative
781,C,lambda_1,yoshida4,controlled_q0.050_phi4.712388980385,controlled,0.05,4.712388980385,1,0.12,not_identifiable,unresolved,False,mixed,2.220446049250313e-16,1.1653935393850188e-17,1,1,False,same_sign,-2.1039066953118113e-16,2.1039066953118113e-16,True,fit,-2.394846277059658e-16,True,-1.744002278093451e-17,-4.930380657631324e-32,5.665872232650855e-16,unsafe,-2.51138563099816e-16,conservative,-1.0505799063408846e-16,conservative
782,C,lambda_1,yoshida4,controlled_q0.001_phi0.000000000000,controlled,0.001,0.0,1,0.18,not_identifiable,unresolved,False,mixed,-4.440892098500626e-16,4.2457293507113195e-17,1,-1,True,sign_crossing,4.865465033571758e-16,4.0163191634294944e-16,True,not_attributed_sign_crossing,4.114888312487695e-17,True,4.029403267251857e-16,,,not_attributed_sign_crossing,,not_attributed_sign_crossing,,not_attributed_sign_crossing
783,C,lambda_1,yoshida4,controlled_q0.001_phi1.570796326795,controlled,0.001,1.570796326795,1,0.18,not_identifiable,unresolved,False,mixed,-4.440892098500626e-16,3.6619943793462004e-17,1,-1,True,sign_crossing,4.807091536435246e-16,4.074692660566006e-16,True,not_attributed_sign_crossing,2.8117379844367344e-17,True,4.159718300056953e-16,,,not_attributed_sign_crossing,,not_attributed_sign_crossing,,not_attributed_sign_crossing
784,C,lambda_1,yoshida4,controlled_q0.001_phi3.141592653590,controlled,0.001,3.14159265359,1,0.18,not_identifiable,unresolved,False,mixed,-4.440892098500626e-16,3.7246068098457974e-17,1,-1,True,sign_crossing,4.813352779485206e-16,4.0684314175160465e-16,True,not_attributed_sign_crossing,3.593765771622163e-17,True,4.08151552133841e-16,,,not_attributed_sign_crossing,,not_attributed_sign_crossing,,not_attributed_sign_crossing
785,C,lambda_1,yoshida4,controlled_q0.001_phi4.712388980385,controlled,0.001,4.712388980385,1,0.18,not_identifiable,unresolved,False,mixed,-4.440892098500626e-16,4.268743556678359e-17,1,-1,True,sign_crossing,4.867766454168462e-16,4.0140177428327904e-16,True,not_attributed_sign_crossing,5.3459576906320175e-17,True,3.9062963294374246e-16,,,not_attributed_sign_crossing,,not_attributed_sign_crossing,,not_attributed_sign_crossing
786,C,lambda_1,yoshida4,controlled_q0.010_phi0.000000000000,controlled,0.01,0.0,1,0.18,not_identifiable,unresolved,False,mixed,-4.440892098500626e-16,4.7335384251806854e-17,1,-1,True,sign_crossing,4.914245941018695e-16,3.967538255982558e-16,True,not_attributed_sign_crossing,3.425128042944202e-17,True,4.098379294206206e-16,,,not_attributed_sign_crossing,,not_attributed_sign_crossing,,not_attributed_sign_crossing
787,C,lambda_1,yoshida4,controlled_q0.010_phi1.570796326795,controlled,0.01,1.570796326795,1,0.18,not_identifiable,unresolved,False,mixed,-4.440892098500626e-16,2.8805309303672565e-17,1,-1,True,sign_crossing,4.728945191537352e-16,4.1528390054639006e-16,True,not_attributed_sign_crossing,2.994009799889348e-17,True,4.1414911185116915e-16,,,not_attributed_sign_crossing,,not_attributed_sign_crossing,,not_attributed_sign_crossing
788,C,lambda_1,yoshida4,controlled_q0.010_phi3.141592653590,controlled,0.01,3.14159265359,1,0.18,not_identifiable,unresolved,False,mixed,-4.440892098500626e-16,3.093044177370396e-17,1,-1,True,sign_crossing,4.750196516237666e-16,4.1315876807635866e-16,True,not_attributed_sign_crossing,1.7846337951339423e-17,True,4.262428718987232e-16,,,not_attributed_sign_crossing,,not_attributed_sign_crossing,,not_attributed_sign_crossing
789,C,lambda_1,yoshida4,controlled_q0.010_phi4.712388980385,controlled,0.01,4.712388980385,1,0.18,not_identifiable,unresolved,False,mixed,-4.440892098500626e-16,5.048494825934122e-17,1,-1,True,sign_crossing,4.945741581094038e-16,3.936042615907214e-16,True,not_attributed_sign_crossing,9.016914753182452e-17,True,3.539200623182381e-16,,,not_attributed_sign_crossing,,not_attributed_sign_crossing,,not_attributed_sign_crossing
790,C,lambda_1,yoshida4,controlled_q0.050_phi0.000000000000,controlled,0.05,0.0,1,0.18,not_identifiable,unresolved,False,mixed,-4.440892098500626e-16,5.3905321487251694e-17,1,-1,True,sign_crossing,4.979945313373143e-16,3.9018388836281095e-16,True,not_attributed_sign_crossing,-1.1515197624572171e-17,False,4.325740122254904e-16,,,not_attributed_sign_crossing,,not_attributed_sign_crossing,,not_attributed_sign_crossing
791,C,lambda_1,yoshida4,controlled_q0.050_phi1.570796326795,controlled,0.05,1.570796326795,1,0.18,not_identifiable,unresolved,False,mixed,-4.440892098500626e-16,1.751388322914627e-17,1,-1,True,sign_crossing,4.616030930792089e-16,4.2657532662091636e-16,True,not_attributed_sign_crossing,1.3429690365615434e-16,True,3.0979230619390827e-16,,,not_attributed_sign_crossing,,not_attributed_sign_crossing,,not_attributed_sign_crossing
792,C,lambda_1,yoshida4,controlled_q0.050_phi3.141592653590,controlled,0.05,3.14159265359,1,0.18,not_identifiable,unresolved,False,mixed,-4.440892098500626e-16,1.797145751576837e-17,1,-1,True,sign_crossing,4.62060667365831e-16,4.2611775233429426e-16,True,not_attributed_sign_crossing,-4.7449061596055495e-17,False,3.966401482540071e-16,,,not_attributed_sign_crossing,,not_attributed_sign_crossing,,not_attributed_sign_crossing
793,C,lambda_1,yoshida4,controlled_q0.050_phi4.712388980385,controlled,0.05,4.712388980385,1,0.18,not_identifiable,unresolved,False,mixed,-4.440892098500626e-16,4.9628168965416776e-17,1,-1,True,sign_crossing,4.937173788154793e-16,3.9446104088464584e-16,True,not_attributed_sign_crossing,-1.4198409522567417e-16,False,3.0210511462438845e-16,,,not_attributed_sign_crossing,,not_attributed_sign_crossing,,not_attributed_sign_crossing
794,C,lambda_1,yoshida4,controlled_q0.001_phi0.000000000000,controlled,0.001,0.0,1,0.27,not_identifiable,unresolved,False,mixed,0.0,1.2165056250440188e-16,1,0,True,sign_crossing,1.2165056250440188e-16,-1.2165056250440188e-16,False,not_attributed_sign_crossing,1.1304210572725264e-16,True,-1.1304210572725264e-16,,,not_attributed_sign_crossing,,not_attributed_sign_crossing,,not_attributed_sign_crossing
795,C,lambda_1,yoshida4,controlled_q0.001_phi1.570796326795,controlled,0.001,1.570796326795,1,0.27,not_identifiable,unresolved,False,mixed,0.0,1.0184428555294284e-16,1,0,True,sign_crossing,1.0184428555294284e-16,-1.0184428555294284e-16,False,not_attributed_sign_crossing,1.163313724684467e-16,True,-1.163313724684467e-16,,,not_attributed_sign_crossing,,not_attributed_sign_crossing,,not_attributed_sign_crossing
796,C,lambda_1,yoshida4,controlled_q0.001_phi3.141592653590,controlled,0.001,3.14159265359,1,0.27,not_identifiable,unresolved,False,mixed,0.0,1.0364189386861224e-16,1,0,True,sign_crossing,1.0364189386861224e-16,-1.0364189386861224e-16,False,not_attributed_sign_crossing,1.1341338209663815e-16,True,-1.1341338209663815e-16,,,not_attributed_sign_crossing,,not_attributed_sign_crossing,,not_attributed_sign_crossing
797,C,lambda_1,yoshida4,controlled_q0.001_phi4.712388980385,controlled,0.001,4.712388980385,1,0.27,not_identifiable,unresolved,False,mixed,0.0,1.2169266613864195e-16,1,0,True,sign_crossing,1.2169266613864195e-16,-1.2169266613864195e-16,False,not_attributed_sign_crossing,1.1048014600263752e-16,True,-1.1048014600263752e-16,,,not_attributed_sign_crossing,,not_attributed_sign_crossing,,not_attributed_sign_crossing
798,C,lambda_1,yoshida4,controlled_q0.010_phi0.000000000000,controlled,0.01,0.0,1,0.27,not_identifiable,unresolved,False,mixed,0.0,1.3896018557304575e-16,1,0,True,sign_crossing,1.3896018557304575e-16,-1.3896018557304575e-16,False,not_attributed_sign_crossing,1.1584530076287078e-16,True,-1.1584530076287078e-16,,,not_attributed_sign_crossing,,not_attributed_sign_crossing,,not_attributed_sign_crossing
799,C,lambda_1,yoshida4,controlled_q0.010_phi1.570796326795,controlled,0.01,1.570796326795,1,0.27,not_identifiable,unresolved,False,mixed,0.0,7.516437362421105e-17,1,0,True,sign_crossing,7.516437362421105e-17,-7.516437362421105e-17,False,not_attributed_sign_crossing,1.0892616582834606e-16,True,-1.0892616582834606e-16,,,not_attributed_sign_crossing,,not_attributed_sign_crossing,,not_attributed_sign_crossing
800,C,lambda_1,yoshida4,controlled_q0.010_phi3.141592653590,controlled,0.01,3.14159265359,1,0.27,not_identifiable,unresolved,False,mixed,0.0,8.226887980326093e-17,1,0,True,sign_crossing,8.226887980326093e-17,-8.226887980326093e-17,False,not_attributed_sign_crossing,1.1701407912220443e-16,True,-1.1701407912220443e-16,,,not_attributed_sign_crossing,,not_attributed_sign_crossing,,not_attributed_sign_crossing
801,C,lambda_1,yoshida4,controlled_q0.010_phi4.712388980385,controlled,0.01,4.712388980385,1,0.27,not_identifiable,unresolved,False,mixed,0.0,1.4893884404510916e-16,1,0,True,sign_crossing,1.4893884404510916e-16,-1.4893884404510916e-16,False,not_attributed_sign_crossing,1.0560181509471944e-16,True,-1.0560181509471944e-16,,,not_attributed_sign_crossing,,not_attributed_sign_crossing,,not_attributed_sign_crossing
802,C,lambda_1,yoshida4,controlled_q0.050_phi0.000000000000,controlled,0.05,0.0,1,0.27,not_identifiable,unresolved,False,mixed,0.0,1.6367391886368123e-16,1,0,True,sign_crossing,1.6367391886368123e-16,-1.6367391886368123e-16,False,not_attributed_sign_crossing,1.2938049810395588e-16,True,-1.2938049810395588e-16,,,not_attributed_sign_crossing,,not_attributed_sign_crossing,,not_attributed_sign_crossing
803,C,lambda_1,yoshida4,controlled_q0.050_phi1.570796326795,controlled,0.05,1.570796326795,1,0.27,not_identifiable,unresolved,False,mixed,0.0,4.3143441815074643e-17,1,0,True,sign_crossing,4.3143441815074643e-17,-4.3143441815074643e-17,False,not_attributed_sign_crossing,7.690523401920965e-17,True,-7.690523401920965e-17,,,not_attributed_sign_crossing,,not_attributed_sign_crossing,,not_attributed_sign_crossing
804,C,lambda_1,yoshida4,controlled_q0.050_phi3.141592653590,controlled,0.05,3.14159265359,1,0.27,not_identifiable,unresolved,False,mixed,0.0,3.9495630971702234e-17,1,0,True,sign_crossing,3.9495630971702234e-17,-3.9495630971702234e-17,False,not_attributed_sign_crossing,1.3194062427527109e-16,True,-1.3194062427527109e-16,,,not_attributed_sign_crossing,,not_attributed_sign_crossing,,not_attributed_sign_crossing
805,C,lambda_1,yoshida4,controlled_q0.050_phi4.712388980385,controlled,0.05,4.712388980385,1,0.27,not_identifiable,unresolved,False,mixed,0.0,1.445138277909004e-16,1,0,True,sign_crossing,1.445138277909004e-16,-1.445138277909004e-16,False,not_attributed_sign_crossing,1.782756199950354e-16,True,-1.782756199950354e-16,,,not_attributed_sign_crossing,,not_attributed_sign_crossing,,not_attributed_sign_crossing
806,C,lambda_1,yoshida4,controlled_q0.001_phi0.000000000000,controlled,0.001,0.0,1,0.4,not_identifiable,unresolved,False,mixed,-6.661338147750939e-16,-3.804510955474447e-16,-1,-1,False,same_sign,2.856827192276492e-16,2.856827192276492e-16,True,proxy,-3.812361417767864e-16,False,2.8489767299830754e-16,0.0,1.1286972894157344e-17,unsafe,7.85046229341669e-19,unsafe,2.736107001041502e-16,unsafe
807,C,lambda_1,yoshida4,controlled_q0.001_phi1.570796326795,controlled,0.001,1.570796326795,1,0.4,not_identifiable,unresolved,False,mixed,-6.661338147750939e-16,-3.749011002059148e-16,-1,-1,False,same_sign,2.912327145691791e-16,2.912327145691791e-16,True,proxy,-3.8144824147201897e-16,False,2.8468557330307495e-16,0.0,1.1074873198924758e-17,unsafe,6.5471412661041515e-18,unsafe,2.736107001041502e-16,unsafe
808,C,lambda_1,yoshida4,controlled_q0.001_phi3.141592653590,controlled,0.001,3.14159265359,1,0.4,not_identifiable,unresolved,False,mixed,-6.661338147750939e-16,-3.804569050954447e-16,-1,-1,False,same_sign,2.856769096796492e-16,2.856769096796492e-16,True,proxy,-3.812419513247866e-16,False,2.8489186345030734e-16,0.0,1.128116334615715e-17,unsafe,7.850462293418663e-19,unsafe,2.736107001041502e-16,unsafe
809,C,lambda_1,yoshida4,controlled_q0.001_phi4.712388980385,controlled,0.001,4.712388980385,1,0.4,not_identifiable,unresolved,False,mixed,-6.661338147750939e-16,-3.9188214668291087e-16,-1,-1,False,same_sign,2.7425166809218306e-16,2.7425166809218306e-16,True,proxy,-3.8108205318924695e-16,False,2.8505176158584698e-16,0.0,1.1441061481696781e-17,unsafe,-1.080009349366392e-17,conservative,2.736107001041502e-16,unsafe
810,C,lambda_1,yoshida4,controlled_q0.010_phi0.000000000000,controlled,0.01,0.0,1,0.4,not_identifiable,unresolved,False,mixed,-6.661338147750939e-16,-3.7358296029278485e-16,-1,-1,False,same_sign,2.925508544823091e-16,2.925508544823091e-16,True,proxy,-3.8143342258620366e-16,False,2.8470039218889027e-16,0.0,1.1089692084740074e-17,unsafe,7.85046229341881e-18,unsafe,2.736107001041502e-16,unsafe
811,C,lambda_1,yoshida4,controlled_q0.010_phi1.570796326795,controlled,0.01,1.570796326795,1,0.4,not_identifiable,unresolved,False,mixed,-6.661338147750939e-16,-3.6997012601002393e-16,-1,-1,False,same_sign,2.9616368876507e-16,2.9616368876507e-16,True,proxy,-3.808540759660701e-16,False,2.8527973880902383e-16,0.0,1.1669038704873632e-17,unsafe,1.088394995604617e-17,unsafe,2.736107001041502e-16,unsafe
812,C,lambda_1,yoshida4,controlled_q0.010_phi3.141592653590,controlled,0.01,3.14159265359,1,0.4,not_identifiable,unresolved,False,mixed,-6.661338147750939e-16,-3.736012487553429e-16,-1,-1,False,same_sign,2.92532566019751e-16,2.92532566019751e-16,True,proxy,-3.814517110487617e-16,False,2.8468210372633224e-16,0.0,1.1071403622182045e-17,unsafe,7.850462293418761e-18,unsafe,2.736107001041502e-16,unsafe
813,C,lambda_1,yoshida4,controlled_q0.010_phi4.712388980385,controlled,0.01,4.712388980385,1,0.4,not_identifiable,unresolved,False,mixed,-6.661338147750939e-16,-3.8732103724775557e-16,-1,-1,False,same_sign,2.7881277752733835e-16,2.7881277752733835e-16,True,proxy,-3.8085775244403367e-16,False,2.8527606233106025e-16,0.0,1.1665362226910058e-17,unsafe,-6.463284803721902e-18,conservative,2.736107001041502e-16,unsafe
814,C,lambda_1,yoshida4,controlled_q0.050_phi0.000000000000,controlled,0.05,0.0,1,0.4,not_identifiable,unresolved,False,mixed,-6.661338147750939e-16,-3.4307476007842145e-16,-1,-1,False,same_sign,3.2305905469667247e-16,3.2305905469667247e-16,True,proxy,-3.8232707154551575e-16,False,2.8380674322957817e-16,0.0,1.0196043125427977e-17,unsafe,3.92523114670943e-17,unsafe,2.736107001041502e-16,unsafe
815,C,lambda_1,yoshida4,controlled_q0.050_phi1.570796326795,controlled,0.05,1.570796326795,1,0.4,not_identifiable,unresolved,False,mixed,-6.661338147750939e-16,-2.6375469953434836e-16,-1,-1,False,same_sign,4.0237911524074556e-16,4.0237911524074556e-16,True,proxy,-3.7872205804900296e-16,False,2.8741175672609097e-16,0.0,1.3801056621940772e-17,unsafe,1.149673585146546e-16,unsafe,2.736107001041502e-16,unsafe
816,C,lambda_1,yoshida4,controlled_q0.050_phi3.141592653590,controlled,0.05,3.14159265359,1,0.4,not_identifiable,unresolved,False,mixed,-6.661338147750939e-16,-3.4311481965965423e-16,-1,-1,False,same_sign,3.230189951154397e-16,3.230189951154397e-16,True,proxy,-3.823671311267487e-16,False,2.8376668364834524e-16,0.0,1.015598354419505e-17,unsafe,3.925231146709445e-17,unsafe,2.736107001041502e-16,unsafe
817,C,lambda_1,yoshida4,controlled_q0.050_phi4.712388980385,controlled,0.05,4.712388980385,1,0.4,not_identifiable,unresolved,False,mixed,-6.661338147750939e-16,-4.0954395797076184e-16,-1,-1,False,same_sign,2.565898568043321e-16,2.565898568043321e-16,True,proxy,-3.8573343840727187e-16,False,2.8040037636782206e-16,0.0,6.789676263671864e-18,unsafe,-2.3810519563489973e-17,conservative,2.736107001041502e-16,unsafe
818,C,lambda_1.772983346207417,yoshida4,controlled_q0.001_phi0.000000000000,controlled,0.001,0.0,-1,0.05,fit_ok,resolved,True,E_state_hartree,-8.797657224945965e-08,-1.225583156309695e-07,-1,-1,False,same_sign,-3.458174338150984e-08,-3.458174338150984e-08,False,fit,-8.525830910747247e-08,False,2.7182631419871794e-09,0.0,2.718138083572462e-09,unsafe,-3.730000652349702e-08,conservative,1.2505841471745046e-13,unsafe
819,C,lambda_1.772983346207417,yoshida4,controlled_q0.001_phi1.570796326795,controlled,0.001,1.570796326795,-1,0.05,fit_ok,resolved,True,mixed,-8.797657224945965e-08,-7.607654973055675e-08,-1,-1,False,same_sign,1.19000225189029e-08,1.19000225189029e-08,True,fit,-7.359812673027621e-08,False,1.4378445519183443e-08,0.0,1.4378320460768725e-08,unsafe,-2.478423000280543e-09,conservative,1.2505841471745046e-13,unsafe
820,C,lambda_1.772983346207417,yoshida4,controlled_q0.001_phi3.141592653590,controlled,0.001,3.14159265359,-1,0.05,fit_ok,resolved,True,E_state_hartree,-8.797657224945965e-08,-4.8014714055309324e-08,-1,-1,False,same_sign,3.9961858194150326e-08,3.9961858194150326e-08,True,state,-8.566662636757044e-08,False,2.309945881889211e-09,0.0,2.3098208234745003e-09,unsafe,3.765191231226111e-08,unsafe,1.2505841471745046e-13,unsafe
821,C,lambda_1.772983346207417,yoshida4,controlled_q0.001_phi4.712388980385,controlled,0.001,4.712388980385,-1,0.05,fit_ok,resolved,True,mixed,-8.797657224945965e-08,-9.44964799556973e-08,-1,-1,False,same_sign,-6.51990770623765e-09,-6.51990770623765e-09,False,state,-9.732680872693233e-08,False,-9.350236477472681e-09,0.0,-9.350361535887398e-09,conservative,2.830328771235031e-09,unsafe,1.2505841471745046e-13,unsafe
822,C,lambda_1.772983346207417,yoshida4,controlled_q0.010_phi0.000000000000,controlled,0.01,0.0,-1,0.05,fit_ok,resolved,True,E_state_hartree,-8.797657224945965e-08,-2.0107994497475668e-07,-1,-1,False,same_sign,-1.1310337272529703e-07,-1.1310337272529703e-07,False,fit,-8.486511849328134e-08,False,3.11145375617831e-09,0.0,3.1113286977635926e-09,unsafe,-1.1621482648147534e-07,conservative,1.2505841471745046e-13,unsafe
823,C,lambda_1.772983346207417,yoshida4,controlled_q0.010_phi1.570796326795,controlled,0.01,1.570796326795,-1,0.05,fit_ok,resolved,True,mixed,-8.797657224945965e-08,-5.4755302288963463e-08,-1,-1,False,same_sign,3.322126996049619e-08,3.322126996049619e-08,True,fit,-4.81588535765864e-08,False,3.981771867287325e-08,0.0,3.981759361445853e-08,unsafe,-6.596448712377061e-09,conservative,1.2505841471745046e-13,unsafe
824,C,lambda_1.772983346207417,yoshida4,controlled_q0.010_phi3.141592653590,controlled,0.01,3.14159265359,-1,0.05,fit_ok,resolved,True,E_state_hartree,-8.797657224945965e-08,3.358338275776936e-08,1,-1,True,sign_crossing,1.21559955007229e-07,5.439318949169029e-08,True,not_attributed_sign_crossing,-8.61505016113477e-08,False,1.8260706381119483e-09,,,not_attributed_sign_crossing,,not_attributed_sign_crossing,,not_attributed_sign_crossing
825,C,lambda_1.772983346207417,yoshida4,controlled_q0.010_phi4.712388980385,controlled,0.01,4.712388980385,-1,0.05,fit_ok,resolved,True,mixed,-8.797657224945965e-08,-1.1274125992802964e-07,-1,-1,False,same_sign,-2.4764687678569992e-08,-2.4764687678569992e-08,False,state,-1.2285676636872292e-07,False,-3.4880194119263266e-08,0.0,-3.488031917767798e-08,conservative,1.0115506440693274e-08,unsafe,1.2505841471745046e-13,unsafe
826,C,lambda_1.772983346207417,yoshida4,controlled_q0.050_phi0.000000000000,controlled,0.05,0.0,-1,0.05,fit_ok,resolved,True,E_state_hartree,-8.797657224945965e-08,-3.339183817905508e-07,-1,-1,False,same_sign,-2.4594180954109115e-07,-2.4594180954109115e-07,False,fit,-8.430156113529946e-08,False,3.6750111141601873e-09,0.0,3.674886055745483e-09,unsafe,-2.4961682065525133e-07,conservative,1.2505841471745046e-13,unsafe
827,C,lambda_1.772983346207417,yoshida4,controlled_q0.050_phi1.570796326795,controlled,0.05,1.570796326795,-1,0.05,fit_ok,resolved,True,mixed,-8.797657224945965e-08,-1.3404621198905246e-08,-1,-1,False,same_sign,7.45719510505544e-08,7.45719510505544e-08,True,fit,-3.8990889569051384e-09,False,8.407748329255451e-08,0.0,8.407735823413979e-08,unsafe,-9.505532242000108e-09,conservative,1.2505841471745046e-13,unsafe
828,C,lambda_1.772983346207417,yoshida4,controlled_q0.050_phi3.141592653590,controlled,0.05,3.14159265359,-1,0.05,fit_ok,resolved,True,E_state_hartree,-8.797657224945965e-08,1.8009500832597084e-07,1,-1,True,sign_crossing,2.680715805754305e-07,-9.211843607651119e-08,False,not_attributed_sign_crossing,-8.711710176748951e-08,False,8.594704819701434e-10,,,not_attributed_sign_crossing,,not_attributed_sign_crossing,,not_attributed_sign_crossing
829,C,lambda_1.772983346207417,yoshida4,controlled_q0.050_phi4.712388980385,controlled,0.05,4.712388980385,-1,0.05,fit_ok,resolved,True,mixed,-8.797657224945965e-08,-1.404187522657484e-07,-1,-1,False,same_sign,-5.244218001628874e-08,-5.244218001628874e-08,False,state,-1.6751957380530249e-07,False,-7.954300155584284e-08,0.0,-7.954312661425754e-08,conservative,2.7100821539554083e-08,unsafe,1.2505841471745046e-13,unsafe
830,C,lambda_1.772983346207417,yoshida4,controlled_q0.001_phi0.000000000000,controlled,0.001,0.0,-1,0.08,fit_ok,resolved,True,E_state_hartree,-5.658492956417405e-07,-7.925941297669415e-07,-1,-1,False,same_sign,-2.26744834125201e-07,-2.26744834125201e-07,False,fit,-5.494957603527719e-07,False,1.6353535288968542e-08,0.0,1.6348212112529e-08,unsafe,-2.4309836941416953e-07,conservative,5.3231764395431615e-12,unsafe
831,C,lambda_1.772983346207417,yoshida4,controlled_q0.001_phi1.570796326795,controlled,0.001,1.570796326795,-1,0.08,fit_ok,resolved,True,mixed,-5.658492956417405e-07,-4.876931518266632e-07,-1,-1,False,same_sign,7.815614381507724e-08,7.815614381507724e-08,True,fit,-4.610748618390417e-07,False,1.0477443380269876e-07,0.0,1.0476911062625921e-07,unsafe,-2.6618289987621514e-08,conservative,5.3231764395431615e-12,unsafe
832,C,lambda_1.772983346207417,yoshida4,controlled_q0.001_phi3.141592653590,controlled,0.001,3.14159265359,-1,0.08,fit_ok,resolved,True,E_state_hartree,-5.658492956417405e-07,-3.065946781936678e-07,-1,-1,False,same_sign,2.5925461744807266e-07,2.5925461744807266e-07,True,state,-5.519564234976983e-07,False,1.3892872144042151e-08,0.0,1.3887548967602661e-08,unsafe,2.4536174530403046e-07,unsafe,5.3231764395431615e-12,unsafe
833,C,lambda_1.772983346207417,yoshida4,controlled_q0.001_phi4.712388980385,controlled,0.001,4.712388980385,-1,0.08,fit_ok,resolved,True,mixed,-5.658492956417405e-07,-6.114956561337877e-07,-1,-1,False,same_sign,-4.564636049204723e-08,-4.564636049204723e-08,False,state,-6.403773220358952e-07,False,-7.452802639415472e-08,0.0,-7.453334957059426e-08,conservative,2.888166590210749e-08,unsafe,5.3231764395431615e-12,unsafe
834,C,lambda_1.772983346207417,yoshida4,controlled_q0.010_phi0.000000000000,controlled,0.01,0.0,-1,0.08,fit_ok,resolved,True,E_state_hartree,-5.658492956417405e-07,-1.3046452445345515e-06,-1,-1,False,same_sign,-7.38795948892811e-07,-7.38795948892811e-07,False,fit,-5.471256741643264e-07,False,1.8723621477414084e-08,0.0,1.871829830097454e-08,unsafe,-7.575195703702251e-07,conservative,5.3231764395431615e-12,unsafe
835,C,lambda_1.772983346207417,yoshida4,controlled_q0.010_phi1.570796326795,controlled,0.01,1.570796326795,-1,0.08,fit_ok,resolved,True,mixed,-5.658492956417405e-07,-3.4481667977547244e-07,-1,-1,False,same_sign,2.2103261586626803e-07,2.2103261586626803e-07,True,fit,-2.687766025089066e-07,False,2.9707269313283385e-07,0.0,2.970673699563943e-07,unsafe,-7.604007726656582e-08,conservative,5.3231764395431615e-12,unsafe
836,C,lambda_1.772983346207417,yoshida4,controlled_q0.010_phi3.141592653590,controlled,0.01,3.14159265359,-1,0.08,fit_ok,resolved,True,E_state_hartree,-5.658492956417405e-07,2.2528148521451374e-07,1,-1,True,sign_crossing,7.911307808562542e-07,3.405678104272267e-07,True,not_attributed_sign_crossing,-5.548718440543229e-07,False,1.0977451587417588e-08,,,not_attributed_sign_crossing,,not_attributed_sign_crossing,,not_attributed_sign_crossing
837,C,lambda_1.772983346207417,yoshida4,controlled_q0.010_phi4.712388980385,controlled,0.01,4.712388980385,-1,0.08,fit_ok,resolved,True,mixed,-5.658492956417405e-07,-7.345470795446018e-07,-1,-1,False,same_sign,-1.6869778390286129e-07,-1.6869778390286129e-07,False,state,-8.332209157536019e-07,False,-2.6737162011186144e-07,0.0,-2.67376943288301e-07,conservative,9.867383620900015e-08,unsafe,5.3231764395431615e-12,unsafe
838,C,lambda_1.772983346207417,yoshida4,controlled_q0.050_phi0.000000000000,controlled,0.05,0.0,-1,0.08,fit_ok,resolved,True,E_state_hartree,-5.658492956417405e-07,-2.1712242580836587e-06,-1,-1,False,same_sign,-1.6053749624419182e-06,-1.6053749624419182e-06,False,fit,-5.437268951527487e-07,False,2.2122400488991816e-08,0.0,2.211707731255238e-08,unsafe,-1.62749736293091e-06,conservative,5.3231764395431615e-12,unsafe
839,C,lambda_1.772983346207417,yoshida4,controlled_q0.050_phi1.570796326795,controlled,0.05,1.570796326795,-1,0.08,fit_ok,resolved,True,mixed,-5.658492956417405e-07,-6.87878046776852e-08,-1,-1,False,same_sign,4.970614909640552e-07,4.970614909640552e-07,True,fit,6.597702126384598e-08,True,4.998722743778945e-07,0.0,6.318209937291469e-07,unsafe,-1.3476482594153118e-07,conservative,5.3231764395431615e-12,unsafe
840,C,lambda_1.772983346207417,yoshida4,controlled_q0.050_phi3.141592653590,controlled,0.05,3.14159265359,-1,0.08,fit_ok,resolved,True,E_state_hartree,-5.658492956417405e-07,1.1799718260550535e-06,1,-1,True,sign_crossing,1.745821121696794e-06,-6.141225304133131e-07,False,not_attributed_sign_crossing,-5.606943313689179e-07,False,5.154964272822613e-09,,,not_attributed_sign_crossing,,not_attributed_sign_crossing,,not_attributed_sign_crossing
841,C,lambda_1.772983346207417,yoshida4,controlled_q0.050_phi4.712388980385,controlled,0.05,4.712388980385,-1,0.08,fit_ok,resolved,True,mixed,-5.658492956417405e-07,-9.22464627351392e-07,-1,-1,False,same_sign,-3.5661533170965154e-07,-3.5661533170965154e-07,False,state,-1.170398247780205e-06,False,-6.045489521384645e-07,0.0,-6.045542753149041e-07,conservative,2.4793362042881305e-07,unsafe,5.3231764395431615e-12,unsafe
842,C,lambda_1.772983346207417,yoshida4,controlled_q0.001_phi0.000000000000,controlled,0.001,0.0,-1,0.12,fit_ok,resolved,True,E_state_hartree,-2.754205393307174e-06,-3.902388826595578e-06,-1,-1,False,same_sign,-1.1481834332884035e-06,-1.1481834332884035e-06,False,fit,-2.6856768378347134e-06,False,6.852855547246078e-08,0.0,6.839381429943786e-08,unsafe,-1.2167119887608643e-06,conservative,1.3474117302292486e-10,unsafe
843,C,lambda_1.772983346207417,yoshida4,controlled_q0.001_phi1.570796326795,controlled,0.001,1.570796326795,-1,0.12,fit_ok,resolved,True,mixed,-2.754205393307174e-06,-2.355939903752151e-06,-1,-1,False,same_sign,3.9826548955502313e-07,3.9826548955502313e-07,True,fit,-2.1520159924319486e-06,False,6.021894008752256e-07,0.0,6.020546597022027e-07,unsafe,-2.0392391132020248e-07,conservative,1.3474117302292486e-10,unsafe
844,C,lambda_1.772983346207417,yoshida4,controlled_q0.001_phi3.141592653590,controlled,0.001,3.14159265359,-1,0.12,fit_ok,resolved,True,E_state_hartree,-2.754205393307174e-06,-1.4682844431021365e-06,-1,-1,False,same_sign,1.2859209502050377e-06,1.2859209502050377e-06,True,state,-2.6960127144715317e-06,False,5.819267883564252e-08,0.0,5.805793766261938e-08,unsafe,1.2277282713693954e-06,unsafe,1.3474117302292486e-10,unsafe
845,C,lambda_1.772983346207417,yoshida4,controlled_q0.001_phi4.712388980385,controlled,0.001,4.712388980385,-1,0.12,fit_ok,resolved,True,mixed,-2.754205393307174e-06,-3.0147333659448025e-06,-1,-1,False,same_sign,-2.605279726376283e-07,-2.605279726376283e-07,False,state,-3.229673559874053e-06,False,-4.754681665668788e-07,0.0,-4.756029077399017e-07,conservative,2.1494019392925047e-07,unsafe,1.3474117302292486e-10,unsafe
846,C,lambda_1.772983346207417,yoshida4,controlled_q0.010_phi0.000000000000,controlled,0.01,0.0,-1,0.12,fit_ok,resolved,True,E_state_hartree,-2.754205393307174e-06,-6.4681851516083325e-06,-1,-1,False,same_sign,-3.7139797583011583e-06,-3.7139797583011583e-06,False,fit,-2.675716447936334e-06,False,7.848894537084012e-08,0.0,7.83542041978172e-08,unsafe,-3.7924687036719984e-06,conservative,1.3474117302292486e-10,unsafe
847,C,lambda_1.772983346207417,yoshida4,controlled_q0.010_phi1.570796326795,controlled,0.01,1.570796326795,-1,0.12,fit_ok,resolved,True,mixed,-2.754205393307174e-06,-1.5999624908833599e-06,-1,-1,False,same_sign,1.1542429024238143e-06,1.1542429024238143e-06,True,fit,-9.957516056110955e-07,False,1.7584537876960787e-06,0.0,1.7583190465230558e-06,unsafe,-6.042108852722644e-07,conservative,1.3474117302292486e-10,unsafe
848,C,lambda_1.772983346207417,yoshida4,controlled_q0.010_phi3.141592653590,controlled,0.01,3.14159265359,-1,0.12,fit_ok,resolved,True,E_state_hartree,-2.754205393307174e-06,1.1943777324662851e-06,1,-1,True,sign_crossing,3.948583125773459e-06,1.559827660840889e-06,True,not_attributed_sign_crossing,-2.7082537972910752e-06,False,4.595159601609895e-08,,,not_attributed_sign_crossing,,not_attributed_sign_crossing,,not_attributed_sign_crossing
849,C,lambda_1.772983346207417,yoshida4,controlled_q0.010_phi4.712388980385,controlled,0.01,4.712388980385,-1,0.12,fit_ok,resolved,True,mixed,-2.754205393307174e-06,-3.6738449282588543e-06,-1,-1,False,same_sign,-9.196395349516802e-07,-9.196395349516802e-07,False,state,-4.388218639647174e-06,False,-1.6340132463399998e-06,0.0,-1.6341479875130227e-06,conservative,7.143737113883196e-07,unsafe,1.3474117302292486e-10,unsafe
850,C,lambda_1.772983346207417,yoshida4,controlled_q0.050_phi0.000000000000,controlled,0.05,0.0,-1,0.12,fit_ok,resolved,True,E_state_hartree,-2.754205393307174e-06,-1.0813796761121532e-05,-1,-1,False,same_sign,-8.059591367814357e-06,-8.059591367814357e-06,False,fit,-2.6614179500946455e-06,False,9.278744321252868e-08,0.0,9.265270203950618e-08,unsafe,-8.152378811026886e-06,conservative,1.3474117302292486e-10,unsafe
851,C,lambda_1.772983346207417,yoshida4,controlled_q0.050_phi1.570796326795,controlled,0.05,1.570796326795,-1,0.12,fit_ok,resolved,True,mixed,-2.754205393307174e-06,-1.50300006600233e-07,-1,-1,False,same_sign,2.6039053867069413e-06,2.6039053867069413e-06,True,fit,1.018425986884255e-06,True,1.7357794064229191e-06,0.0,3.7724966390184065e-06,unsafe,-1.1687259934844881e-06,conservative,1.3474117302292486e-10,unsafe
852,C,lambda_1.772983346207417,yoshida4,controlled_q0.050_phi3.141592653590,controlled,0.05,3.14159265359,-1,0.12,fit_ok,resolved,True,E_state_hartree,-2.754205393307174e-06,5.970504233338025e-06,1,-1,True,sign_crossing,8.724709626645199e-06,-3.2162988400308507e-06,False,not_attributed_sign_crossing,-2.7326887081156922e-06,False,2.151668519148195e-08,,,not_attributed_sign_crossing,,not_attributed_sign_crossing,,not_attributed_sign_crossing
853,C,lambda_1.772983346207417,yoshida4,controlled_q0.050_phi4.712388980385,controlled,0.05,4.712388980385,-1,0.12,fit_ok,resolved,True,mixed,-2.754205393307174e-06,-4.692992521185557e-06,-1,-1,False,same_sign,-1.938787127878383e-06,-1.938787127878383e-06,False,state,-6.412532645178163e-06,False,-3.6583272518709888e-06,0.0,-3.6584619930440113e-06,conservative,1.7195401239926057e-06,unsafe,1.3474117302292486e-10,unsafe
854,C,lambda_1.772983346207417,yoshida4,controlled_q0.001_phi0.000000000000,controlled,0.001,0.0,-1,0.18,fit_ok,resolved,True,E_state_hartree,-1.2706602934509093e-05,-1.8501519708861505e-05,-1,-1,False,same_sign,-5.7949167743524126e-06,-5.7949167743524126e-06,False,fit,-1.2499680986827734e-05,False,2.0692194768135814e-07,0.0,2.0356465082533486e-07,unsafe,-6.001838722033771e-06,conservative,3.3572968560232854e-09,unsafe
855,C,lambda_1.772983346207417,yoshida4,controlled_q0.001_phi1.570796326795,controlled,0.001,1.570796326795,-1,0.18,fit_ok,resolved,True,mixed,-1.2706602934509093e-05,-1.0639729078323834e-05,-1,-1,False,same_sign,2.0668738561852585e-06,2.0668738561852585e-06,True,fit,-9.096826700528845e-06,False,3.6097762339802477e-06,0.0,3.6064189371242245e-06,unsafe,-1.5429023777949893e-06,conservative,3.3572968560232854e-09,unsafe
856,C,lambda_1.772983346207417,yoshida4,controlled_q0.001_phi3.141592653590,controlled,0.001,3.14159265359,-1,0.18,fit_ok,resolved,True,E_state_hartree,-1.2706602934509093e-05,-6.478073383522371e-06,-1,-1,False,same_sign,6.228529550986722e-06,6.228529550986722e-06,True,state,-1.253072508810675e-05,False,1.7587784640234296e-07,0.0,1.7252054954631967e-07,unsafe,6.052651704584379e-06,unsafe,3.3572968560232854e-09,unsafe
857,C,lambda_1.772983346207417,yoshida4,controlled_q0.001_phi4.712388980385,controlled,0.001,4.712388980385,-1,0.18,fit_ok,resolved,True,mixed,-1.2706602934509093e-05,-1.4339864014056657e-05,-1,-1,False,same_sign,-1.6332610795475645e-06,-1.6332610795475645e-06,False,state,-1.5933579374392414e-05,False,-3.226976439883321e-06,0.0,-3.2303337367393427e-06,conservative,1.5937153603357549e-06,unsafe,3.3572968560232854e-09,unsafe
858,C,lambda_1.772983346207417,yoshida4,controlled_q0.010_phi0.000000000000,controlled,0.01,0.0,-1,0.18,fit_ok,resolved,True,E_state_hartree,-1.2706602934509093e-05,-3.118943983376608e-05,-1,-1,False,same_sign,-1.8482836899256984e-05,-1.8482836899256984e-05,False,fit,-1.2469731157387034e-05,False,2.368717771220581e-07,0.0,2.335144802660365e-07,unsafe,-1.8719708676379042e-05,conservative,3.3572968560232854e-09,unsafe
859,C,lambda_1.772983346207417,yoshida4,controlled_q0.010_phi1.570796326795,controlled,0.01,1.570796326795,-1,0.18,fit_ok,resolved,True,mixed,-1.2706602934509093e-05,-6.440515549161112e-06,-1,-1,False,same_sign,6.26608738534798e-06,6.26608738534798e-06,True,fit,-1.7575426700057307e-06,False,1.0949060264503362e-05,0.0,1.0945702967647339e-05,unsafe,-4.682972879155382e-06,conservative,3.3572968560232854e-09,unsafe
860,C,lambda_1.772983346207417,yoshida4,controlled_q0.010_phi3.141592653590,controlled,0.01,3.14159265359,-1,0.18,fit_ok,resolved,True,E_state_hartree,-1.2706602934509093e-05,6.660380484531399e-06,1,-1,True,sign_crossing,1.9366983419040494e-05,6.046222449977693e-06,True,not_attributed_sign_crossing,-1.2567458017353765e-05,False,1.3914491715532748e-07,,,not_attributed_sign_crossing,,not_attributed_sign_crossing,,not_attributed_sign_crossing
861,C,lambda_1.772983346207417,yoshida4,controlled_q0.010_phi4.712388980385,controlled,0.01,4.712388980385,-1,0.18,fit_ok,resolved,True,mixed,-1.2706602934509093e-05,-1.8088543800074222e-05,-1,-1,False,same_sign,-5.38194086556513e-06,-5.38194086556513e-06,False,state,-2.3279646504826025e-05,False,-1.0573043570316932e-05,0.0,-1.0576400867172954e-05,conservative,5.191102704751801e-06,unsafe,3.3572968560232854e-09,unsafe
862,C,lambda_1.772983346207417,yoshida4,controlled_q0.050_phi0.000000000000,controlled,0.05,0.0,-1,0.18,fit_ok,resolved,True,E_state_hartree,-1.2706602934509093e-05,-5.2717018179485976e-05,-1,-1,False,same_sign,-4.0010415244976884e-05,-4.0010415244976884e-05,False,fit,-1.2426636261795765e-05,False,2.799666727133272e-07,0.0,2.766093758573056e-07,unsafe,-4.029038191769021e-05,conservative,3.3572968560232854e-09,unsafe
863,C,lambda_1.772983346207417,yoshida4,controlled_q0.050_phi1.570796326795,controlled,0.05,1.570796326795,-1,0.18,fit_ok,resolved,True,mixed,-1.2706602934509093e-05,1.4937466476678775e-06,1,-1,True,sign_crossing,1.420034958217697e-05,1.1212856286841215e-05,True,not_attributed_sign_crossing,1.1037653506847803e-05,True,1.6689494276612897e-06,,,not_attributed_sign_crossing,,not_attributed_sign_crossing,,not_attributed_sign_crossing
864,C,lambda_1.772983346207417,yoshida4,controlled_q0.050_phi3.141592653590,controlled,0.05,3.14159265359,-1,0.18,fit_ok,resolved,True,E_state_hartree,-1.2706602934509093e-05,3.0190331022025587e-05,1,-1,True,sign_crossing,4.289693395653468e-05,-1.7483728087516494e-05,False,not_attributed_sign_crossing,-1.264070002319524e-05,False,6.59029113138517e-08,,,not_attributed_sign_crossing,,not_attributed_sign_crossing,,not_attributed_sign_crossing
865,C,lambda_1.772983346207417,yoshida4,controlled_q0.050_phi4.712388980385,controlled,0.05,4.712388980385,-1,0.18,fit_ok,resolved,True,mixed,-1.2706602934509093e-05,-2.4020433805138608e-05,-1,-1,False,same_sign,-1.1313830870629515e-05,-1.1313830870629515e-05,False,state,-3.610498979189195e-05,False,-2.3398386857382854e-05,0.0,-2.340174415423888e-05,conservative,1.208455598675334e-05,unsafe,3.3572968560232854e-09,unsafe
866,C,lambda_1.772983346207417,yoshida4,controlled_q0.001_phi0.000000000000,controlled,0.001,0.0,-1,0.27,fit_ok,resolved,True,E_state_hartree,-5.0769383585391736e-05,-7.937641233716446e-05,-1,-1,False,same_sign,-2.8607028751772724e-05,-2.8607028751772724e-05,False,proxy,-5.075236538764141e-05,False,1.701819775032365e-08,0.0,-6.35963584842312e-08,conservative,-2.8624046949523048e-05,conservative,8.061455623455485e-08,unsafe
867,C,lambda_1.772983346207417,yoshida4,controlled_q0.001_phi1.570796326795,controlled,0.001,1.570796326795,-1,0.27,fit_ok,resolved,True,mixed,-5.0769383585391736e-05,-3.9201425913026574e-05,-1,-1,False,same_sign,1.1567957672365162e-05,1.1567957672365162e-05,True,fit,-2.776824960076456e-05,False,2.3001133984627177e-05,0.0,2.2920519428392623e-05,unsafe,-1.1433176312262015e-05,conservative,8.061455623455485e-08,unsafe
868,C,lambda_1.772983346207417,yoshida4,controlled_q0.001_phi3.141592653590,controlled,0.001,3.14159265359,-1,0.27,fit_ok,resolved,True,E_state_hartree,-5.0769383585391736e-05,-2.191587137192075e-05,-1,-1,False,same_sign,2.8853512213470985e-05,2.8853512213470985e-05,True,state,-5.074267339756042e-05,False,2.671018783131614e-08,0.0,-5.3904368403242094e-08,conservative,2.8826802025639672e-05,unsafe,8.061455623455485e-08,unsafe
869,C,lambda_1.772983346207417,yoshida4,controlled_q0.001_phi4.712388980385,controlled,0.001,4.712388980385,-1,0.27,fit_ok,resolved,True,mixed,-5.0769383585391736e-05,-6.20908577960468e-05,-1,-1,False,same_sign,-1.132147421065506e-05,-1.132147421065506e-05,False,state,-7.372678918444084e-05,False,-2.2957405599049102e-05,0.0,-2.303802015528365e-05,conservative,1.1635931388394035e-05,unsafe,8.061455623455485e-08,unsafe
870,C,lambda_1.772983346207417,yoshida4,controlled_q0.010_phi0.000000000000,controlled,0.01,0.0,-1,0.27,fit_ok,resolved,True,E_state_hartree,-5.0769383585391736e-05,-0.0001401756028339556,-1,-1,False,same_sign,-8.940621924856387e-05,-8.940621924856387e-05,False,proxy,-5.076171496374367e-05,False,7.668621648066962e-09,0.0,-7.294593458648788e-08,conservative,-8.941388787021194e-05,conservative,8.061455623455485e-08,unsafe
871,C,lambda_1.772983346207417,yoshida4,controlled_q0.010_phi1.570796326795,controlled,0.01,1.570796326795,-1,0.27,fit_ok,resolved,True,mixed,-5.0769383585391736e-05,-1.3704707859467686e-05,-1,-1,False,same_sign,3.706467572592405e-05,3.706467572592405e-05,True,fit,2.159230310800142e-05,True,2.9177080477390318e-05,0.0,7.22810721371586e-05,unsafe,-3.5297010967469104e-05,conservative,8.061455623455485e-08,unsafe
872,C,lambda_1.772983346207417,yoshida4,controlled_q0.010_phi3.141592653590,controlled,0.01,3.14159265359,-1,0.27,fit_ok,resolved,True,E_state_hartree,-5.0769383585391736e-05,4.071023406150718e-05,1,-1,True,sign_crossing,9.147961764689891e-05,1.005914952388456e-05,True,not_attributed_sign_crossing,-5.073120456987105e-05,False,3.81790155206844e-08,,,not_attributed_sign_crossing,,not_attributed_sign_crossing,,not_attributed_sign_crossing
873,C,lambda_1.772983346207417,yoshida4,controlled_q0.010_phi4.712388980385,controlled,0.01,4.712388980385,-1,0.27,fit_ok,resolved,True,mixed,-5.0769383585391736e-05,-8.576066091298183e-05,-1,-1,False,same_sign,-3.4991277327590096e-05,-3.4991277327590096e-05,False,state,-0.00012308522264158753,False,-7.23158390561958e-05,0.0,-7.239645361243035e-05,conservative,3.73245617286057e-05,unsafe,8.061455623455485e-08,unsafe
874,C,lambda_1.772983346207417,yoshida4,controlled_q0.050_phi0.000000000000,controlled,0.05,0.0,-1,0.27,fit_ok,resolved,True,E_state_hartree,-5.0769383585391736e-05,-0.00024378167709034624,-1,-1,False,same_sign,-0.0001930122935049545,-0.0001930122935049545,False,proxy,-5.077516574667417e-05,False,-5.7821612824355065e-09,0.0,-8.639671751699035e-08,conservative,-0.00019300651134367206,conservative,8.061455623455485e-08,unsafe
875,C,lambda_1.772983346207417,yoshida4,controlled_q0.050_phi1.570796326795,controlled,0.05,1.570796326795,-1,0.27,fit_ok,resolved,True,mixed,-5.0769383585391736e-05,3.324385606410702e-05,1,-1,True,sign_crossing,8.401323964949876e-05,1.7525527521284717e-05,True,not_attributed_sign_crossing,0.00010771118351364186,True,-5.694179992825013e-05,,,not_attributed_sign_crossing,,not_attributed_sign_crossing,,not_attributed_sign_crossing
876,C,lambda_1.772983346207417,yoshida4,controlled_q0.050_phi3.141592653590,controlled,0.05,3.14159265359,-1,0.27,fit_ok,resolved,True,E_state_hartree,-5.0769383585391736e-05,0.00015243593025850594,1,-1,True,sign_crossing,0.00020320531384389768,-0.0001016665466731142,False,not_attributed_sign_crossing,-5.070833489099764e-05,False,6.104869439409622e-08,,,not_attributed_sign_crossing,,not_attributed_sign_crossing,,not_attributed_sign_crossing
877,C,lambda_1.772983346207417,yoshida4,controlled_q0.050_phi4.712388980385,controlled,0.05,4.712388980385,-1,0.27,fit_ok,resolved,True,mixed,-5.0769383585391736e-05,-0.00012458960289598567,-1,-1,False,same_sign,-7.382021931059393e-05,-7.382021931059393e-05,False,state,-0.00020919468415134463,False,-0.0001584253005659529,0.0,-0.00015850591512218745,conservative,8.460508125535896e-05,unsafe,8.061455623455485e-08,unsafe
878,C,lambda_1.772983346207417,yoshida4,controlled_q0.001_phi0.000000000000,controlled,0.001,0.0,-1,0.4,fit_ok,resolved,True,E_state_hartree,-0.00011545009773294979,-0.0002343486221275983,-1,-1,False,same_sign,-0.00011889852439464851,-0.00011889852439464851,False,proxy,-0.00011383339816375605,False,1.6166995691937314e-06,0.0,4.2739977804194355e-09,unsafe,-0.00012051522396384224,conservative,1.612425571413312e-06,unsafe
879,C,lambda_1.772983346207417,yoshida4,controlled_q0.001_phi1.570796326795,controlled,0.001,1.570796326795,-1,0.4,fit_ok,resolved,True,mixed,-0.00011545009773294979,-3.694054019902734e-05,-1,-1,False,same_sign,7.850955753392245e-05,7.850955753392245e-05,True,fit,3.9491224693951886e-05,True,7.59588730389979e-05,0.0,0.00015332889685548836,unsafe,-7.643176489297922e-05,conservative,1.612425571413312e-06,unsafe
880,C,lambda_1.772983346207417,yoshida4,controlled_q0.001_phi3.141592653590,controlled,0.001,3.14159265359,-1,0.4,fit_ok,resolved,True,E_state_hartree,-0.00011545009773294979,7.136525247906645e-06,1,-1,True,sign_crossing,0.00012258662298085643,0.00010831357248504314,True,not_attributed_sign_crossing,-0.00011383404940458114,False,1.6160483283686434e-06,,,not_attributed_sign_crossing,,not_attributed_sign_crossing,,not_attributed_sign_crossing
881,C,lambda_1.772983346207417,yoshida4,controlled_q0.001_phi4.712388980385,controlled,0.001,4.712388980385,-1,0.4,fit_ok,resolved,True,mixed,-0.00011545009773294979,-0.00019027155668066223,-1,-1,False,same_sign,-7.482145894771244e-05,-7.482145894771244e-05,False,state,-0.00026715867226228895,False,-0.00015170857452933916,0.0,-0.00015332100010075246,conservative,7.68871155816267e-05,unsafe,1.612425571413312e-06,unsafe
882,C,lambda_1.772983346207417,yoshida4,controlled_q0.010_phi0.000000000000,controlled,0.01,0.0,-1,0.4,fit_ok,resolved,True,E_state_hartree,-0.00011545009773294979,-0.0004916547768614523,-1,-1,False,same_sign,-0.00037620467912850256,-0.00037620467912850256,False,proxy,-0.00011383276994402338,False,1.6173277889264086e-06,0.0,4.902217513110159e-09,unsafe,-0.00037782200691742897,conservative,1.612425571413312e-06,unsafe
883,C,lambda_1.772983346207417,yoshida4,controlled_q0.010_phi1.570796326795,controlled,0.01,1.570796326795,-1,0.4,fit_ok,resolved,True,mixed,-0.00011545009773294979,0.0001297860503521083,1,-1,True,sign_crossing,0.00024523614808505807,-1.43359526191585e-05,False,not_attributed_sign_crossing,0.0003688332867343653,True,-0.0002533831890014155,,,not_attributed_sign_crossing,,not_attributed_sign_crossing,,not_attributed_sign_crossing
884,C,lambda_1.772983346207417,yoshida4,controlled_q0.010_phi3.141592653590,controlled,0.01,3.14159265359,-1,0.4,fit_ok,resolved,True,E_state_hartree,-0.00011545009773294979,0.00026854069375313816,1,-1,True,sign_crossing,0.00038399079148608795,-0.00015309059602018838,False,not_attributed_sign_crossing,-0.00011383482005075191,False,1.6152776821978776e-06,,,not_attributed_sign_crossing,,not_attributed_sign_crossing,,not_attributed_sign_crossing
885,C,lambda_1.772983346207417,yoshida4,controlled_q0.010_phi4.712388980385,controlled,0.01,4.712388980385,-1,0.4,fit_ok,resolved,True,mixed,-0.00011545009773294979,-0.0003529001334604047,-1,-1,False,same_sign,-0.0002374500357274549,-0.0002374500357274549,False,state,-0.0005965008767291427,False,-0.00048105077899619287,0.0,-0.00048266320456760616,conservative,0.00024360074326873796,unsafe,1.612425571413312e-06,unsafe
886,C,lambda_1.772983346207417,yoshida4,controlled_q0.050_phi0.000000000000,controlled,0.05,0.0,-1,0.4,fit_ok,resolved,True,E_state_hartree,-0.00011545009773294979,-0.0009350274980679464,-1,-1,False,same_sign,-0.0008195774003349966,-0.0008195774003349966,False,proxy,-0.00011383186619382847,False,1.6182315391213148e-06,0.0,5.80596770801637e-09,unsafe,-0.000821195631874118,conservative,1.612425571413312e-06,unsafe
887,C,lambda_1.772983346207417,yoshida4,controlled_q0.050_phi1.570796326795,controlled,0.05,1.570796326795,-1,0.4,fit_ok,resolved,True,mixed,-0.00011545009773294979,0.00042619459589700586,1,-1,True,sign_crossing,0.0005416446936299556,-0.00031074449816405607,False,not_attributed_sign_crossing,0.0009434139271080467,True,-0.000827963829375097,,,not_attributed_sign_crossing,,not_attributed_sign_crossing,,not_attributed_sign_crossing
888,C,lambda_1.772983346207417,yoshida4,controlled_q0.050_phi3.141592653590,controlled,0.05,3.14159265359,-1,0.4,fit_ok,resolved,True,E_state_hartree,-0.00011545009773294979,0.0007301268094990868,1,-1,True,sign_crossing,0.0008455769072320366,-0.000614676711766137,False,not_attributed_sign_crossing,-0.00011383635680733853,False,1.6137409256112558e-06,,,not_attributed_sign_crossing,,not_attributed_sign_crossing,,not_attributed_sign_crossing
889,C,lambda_1.772983346207417,yoshida4,controlled_q0.050_phi4.712388980385,controlled,0.05,4.712388980385,-1,0.4,fit_ok,resolved,True,mixed,-0.00011545009773294979,-0.0006310952844659057,-1,-1,False,same_sign,-0.0005156451867329559,-0.0005156451867329559,False,state,-0.0011710821501092498,False,-0.0010556320523763,1.0842021724855044e-19,-0.0010572444779477132,conservative,0.0005399868656433441,unsafe,1.612425571413312e-06,unsafe
890,C,lambda_1.772983346207417,yoshida4,controlled_q0.001_phi0.000000000000,controlled,0.001,0.0,1,0.05,fit_ok,resolved,True,E_state_hartree,-8.797657224945965e-08,-1.225583156309695e-07,-1,-1,False,same_sign,-3.458174338150984e-08,-3.458174338150984e-08,False,fit,-8.525830910747247e-08,False,2.7182631419871794e-09,0.0,2.718138083572462e-09,unsafe,-3.730000652349702e-08,conservative,1.2505841471745046e-13,unsafe
891,C,lambda_1.772983346207417,yoshida4,controlled_q0.001_phi1.570796326795,controlled,0.001,1.570796326795,1,0.05,fit_ok,resolved,True,mixed,-8.797657224945965e-08,-7.607654973055675e-08,-1,-1,False,same_sign,1.19000225189029e-08,1.19000225189029e-08,True,fit,-7.890687850179178e-08,False,9.069693747667869e-09,0.0,9.069568689253151e-09,unsafe,2.830328771235031e-09,unsafe,1.2505841471745046e-13,unsafe
892,C,lambda_1.772983346207417,yoshida4,controlled_q0.001_phi3.141592653590,controlled,0.001,3.14159265359,1,0.05,fit_ok,resolved,True,E_state_hartree,-8.797657224945965e-08,-4.8014714055309324e-08,-1,-1,False,same_sign,3.9961858194150326e-08,3.9961858194150326e-08,True,state,-8.566662636757041e-08,False,2.3099458818892376e-09,0.0,2.3098208234745136e-09,unsafe,3.7651912312261095e-08,unsafe,1.2505841471745046e-13,unsafe
893,C,lambda_1.772983346207417,yoshida4,controlled_q0.001_phi4.712388980385,controlled,0.001,4.712388980385,1,0.05,fit_ok,resolved,True,mixed,-8.797657224945965e-08,-9.44964799556973e-08,-1,-1,False,same_sign,-6.51990770623765e-09,-6.51990770623765e-09,False,proxy,-9.201805695541676e-08,False,-4.041484705957107e-09,0.0,-4.041609764371824e-09,conservative,-2.478423000280543e-09,conservative,1.2505841471745046e-13,unsafe
894,C,lambda_1.772983346207417,yoshida4,controlled_q0.010_phi0.000000000000,controlled,0.01,0.0,1,0.05,fit_ok,resolved,True,E_state_hartree,-8.797657224945965e-08,-2.0107994497475668e-07,-1,-1,False,same_sign,-1.1310337272529703e-07,-1.1310337272529703e-07,False,fit,-8.486511849328134e-08,False,3.11145375617831e-09,0.0,3.1113286977635926e-09,unsafe,-1.1621482648147534e-07,conservative,1.2505841471745046e-13,unsafe
895,C,lambda_1.772983346207417,yoshida4,controlled_q0.010_phi1.570796326795,controlled,0.01,1.570796326795,1,0.05,fit_ok,resolved,True,mixed,-8.797657224945965e-08,-5.4755302288963463e-08,-1,-1,False,same_sign,3.322126996049619e-08,3.322126996049619e-08,True,fit,-6.487080872965674e-08,False,2.3105763519802913e-08,0.0,2.3105638461388196e-08,unsafe,1.0115506440693274e-08,unsafe,1.2505841471745046e-13,unsafe
896,C,lambda_1.772983346207417,yoshida4,controlled_q0.010_phi3.141592653590,controlled,0.01,3.14159265359,1,0.05,fit_ok,resolved,True,E_state_hartree,-8.797657224945965e-08,3.358338275776936e-08,1,-1,True,sign_crossing,1.21559955007229e-07,5.439318949169029e-08,True,not_attributed_sign_crossing,-8.61505016113477e-08,False,1.8260706381119483e-09,,,not_attributed_sign_crossing,,not_attributed_sign_crossing,,not_attributed_sign_crossing
897,C,lambda_1.772983346207417,yoshida4,controlled_q0.010_phi4.712388980385,controlled,0.01,4.712388980385,1,0.05,fit_ok,resolved,True,mixed,-8.797657224945965e-08,-1.1274125992802964e-07,-1,-1,False,same_sign,-2.4764687678569992e-08,-2.4764687678569992e-08,False,proxy,-1.0614481121565258e-07,False,-1.816823896619293e-08,0.0,-1.8168364024607648e-08,conservative,-6.596448712377061e-09,conservative,1.2505841471745046e-13,unsafe
898,C,lambda_1.772983346207417,yoshida4,controlled_q0.050_phi0.000000000000,controlled,0.05,0.0,1,0.05,fit_ok,resolved,True,E_state_hartree,-8.797657224945965e-08,-3.339183817905508e-07,-1,-1,False,same_sign,-2.4594180954109115e-07,-2.4594180954109115e-07,False,fit,-8.430156113529946e-08,False,3.6750111141601873e-09,0.0,3.674886055745483e-09,unsafe,-2.4961682065525133e-07,conservative,1.2505841471745046e-13,unsafe
899,C,lambda_1.772983346207417,yoshida4,controlled_q0.050_phi1.570796326795,controlled,0.05,1.570796326795,1,0.05,fit_ok,resolved,True,mixed,-8.797657224945965e-08,-1.3404621198905246e-08,-1,-1,False,same_sign,7.45719510505544e-08,7.45719510505544e-08,True,fit,-4.050544273845933e-08,False,4.747112951100032e-08,0.0,4.74710044525856e-08,unsafe,2.7100821539554083e-08,unsafe,1.2505841471745046e-13,unsafe
900,C,lambda_1.772983346207417,yoshida4,controlled_q0.050_phi3.141592653590,controlled,0.05,3.14159265359,1,0.05,fit_ok,resolved,True,E_state_hartree,-8.797657224945965e-08,1.8009500832597084e-07,1,-1,True,sign_crossing,2.680715805754305e-07,-9.211843607651119e-08,False,not_attributed_sign_crossing,-8.711710176748956e-08,False,8.594704819700905e-10,,,not_attributed_sign_crossing,,not_attributed_sign_crossing,,not_attributed_sign_crossing
901,C,lambda_1.772983346207417,yoshida4,controlled_q0.050_phi4.712388980385,controlled,0.05,4.712388980385,1,0.05,fit_ok,resolved,True,mixed,-8.797657224945965e-08,-1.404187522657484e-07,-1,-1,False,same_sign,-5.244218001628874e-08,-5.244218001628874e-08,False,proxy,-1.309132200237483e-07,False,-4.2936647774288645e-08,0.0,-4.293677283270335e-08,conservative,-9.505532242000108e-09,conservative,1.2505841471745046e-13,unsafe
902,C,lambda_1.772983346207417,yoshida4,controlled_q0.001_phi0.000000000000,controlled,0.001,0.0,1,0.08,fit_ok,resolved,True,E_state_hartree,-5.658492956417405e-07,-7.925941297669415e-07,-1,-1,False,same_sign,-2.26744834125201e-07,-2.26744834125201e-07,False,fit,-5.494957603527719e-07,False,1.6353535288968542e-08,0.0,1.6348212112529e-08,unsafe,-2.4309836941416953e-07,conservative,5.3231764395431615e-12,unsafe
903,C,lambda_1.772983346207417,yoshida4,controlled_q0.001_phi1.570796326795,controlled,0.001,1.570796326795,1,0.08,fit_ok,resolved,True,mixed,-5.658492956417405e-07,-4.876931518266632e-07,-1,-1,False,same_sign,7.815614381507724e-08,7.815614381507724e-08,True,fit,-5.165748177287707e-07,False,4.9274477912969755e-08,0.0,4.926915473653021e-08,unsafe,2.888166590210749e-08,unsafe,5.3231764395431615e-12,unsafe
904,C,lambda_1.772983346207417,yoshida4,controlled_q0.001_phi3.141592653590,controlled,0.001,3.14159265359,1,0.08,fit_ok,resolved,True,E_state_hartree,-5.658492956417405e-07,-3.065946781936678e-07,-1,-1,False,same_sign,2.5925461744807266e-07,2.5925461744807266e-07,True,state,-5.519564234976983e-07,False,1.3892872144042151e-08,0.0,1.3887548967602555e-08,unsafe,2.4536174530403056e-07,unsafe,5.3231764395431615e-12,unsafe
905,C,lambda_1.772983346207417,yoshida4,controlled_q0.001_phi4.712388980385,controlled,0.001,4.712388980385,1,0.08,fit_ok,resolved,True,mixed,-5.658492956417405e-07,-6.114956561337877e-07,-1,-1,False,same_sign,-4.564636049204723e-08,-4.564636049204723e-08,False,proxy,-5.848773661461662e-07,False,-1.9028070504425715e-08,0.0,-1.9033393680865258e-08,conservative,-2.6618289987621514e-08,conservative,5.3231764395431615e-12,unsafe
906,C,lambda_1.772983346207417,yoshida4,controlled_q0.010_phi0.000000000000,controlled,0.01,0.0,1,0.08,fit_ok,resolved,True,E_state_hartree,-5.658492956417405e-07,-1.3046452445345515e-06,-1,-1,False,same_sign,-7.38795948892811e-07,-7.38795948892811e-07,False,fit,-5.471256741643264e-07,False,1.8723621477414084e-08,0.0,1.871829830097454e-08,unsafe,-7.575195703702251e-07,conservative,5.3231764395431615e-12,unsafe
907,C,lambda_1.772983346207417,yoshida4,controlled_q0.010_phi1.570796326795,controlled,0.01,1.570796326795,1,0.08,fit_ok,resolved,True,mixed,-5.658492956417405e-07,-3.4481667977547244e-07,-1,-1,False,same_sign,2.2103261586626803e-07,2.2103261586626803e-07,True,fit,-4.434905159844726e-07,False,1.2235877965726788e-07,0.0,1.2235345648082833e-07,unsafe,9.867383620900015e-08,unsafe,5.3231764395431615e-12,unsafe
908,C,lambda_1.772983346207417,yoshida4,controlled_q0.010_phi3.141592653590,controlled,0.01,3.14159265359,1,0.08,fit_ok,resolved,True,E_state_hartree,-5.658492956417405e-07,2.2528148521451374e-07,1,-1,True,sign_crossing,7.911307808562542e-07,3.405678104272267e-07,True,not_attributed_sign_crossing,-5.548718440543231e-07,False,1.0977451587417377e-08,,,not_attributed_sign_crossing,,not_attributed_sign_crossing,,not_attributed_sign_crossing
909,C,lambda_1.772983346207417,yoshida4,controlled_q0.010_phi4.712388980385,controlled,0.01,4.712388980385,1,0.08,fit_ok,resolved,True,mixed,-5.658492956417405e-07,-7.345470795446018e-07,-1,-1,False,same_sign,-1.6869778390286129e-07,-1.6869778390286129e-07,False,proxy,-6.585070022780359e-07,False,-9.265770663629547e-08,0.0,-9.266302981273501e-08,conservative,-7.604007726656582e-08,conservative,5.3231764395431615e-12,unsafe
910,C,lambda_1.772983346207417,yoshida4,controlled_q0.050_phi0.000000000000,controlled,0.05,0.0,1,0.08,fit_ok,resolved,True,E_state_hartree,-5.658492956417405e-07,-2.1712242580836587e-06,-1,-1,False,same_sign,-1.6053749624419182e-06,-1.6053749624419182e-06,False,fit,-5.437268951527487e-07,False,2.2122400488991816e-08,0.0,2.211707731255238e-08,unsafe,-1.62749736293091e-06,conservative,5.3231764395431615e-12,unsafe
911,C,lambda_1.772983346207417,yoshida4,controlled_q0.050_phi1.570796326795,controlled,0.05,1.570796326795,1,0.08,fit_ok,resolved,True,mixed,-5.658492956417405e-07,-6.87878046776852e-08,-1,-1,False,same_sign,4.970614909640552e-07,4.970614909640552e-07,True,fit,-3.167214251064983e-07,False,2.491278705352422e-07,0.0,2.4912254735880265e-07,unsafe,2.4793362042881305e-07,unsafe,5.3231764395431615e-12,unsafe
912,C,lambda_1.772983346207417,yoshida4,controlled_q0.050_phi3.141592653590,controlled,0.05,3.14159265359,1,0.08,fit_ok,resolved,True,E_state_hartree,-5.658492956417405e-07,1.1799718260550535e-06,1,-1,True,sign_crossing,1.745821121696794e-06,-6.141225304133131e-07,False,not_attributed_sign_crossing,-5.606943313689179e-07,False,5.154964272822613e-09,,,not_attributed_sign_crossing,,not_attributed_sign_crossing,,not_attributed_sign_crossing
913,C,lambda_1.772983346207417,yoshida4,controlled_q0.050_phi4.712388980385,controlled,0.05,4.712388980385,1,0.08,fit_ok,resolved,True,mixed,-5.658492956417405e-07,-9.22464627351392e-07,-1,-1,False,same_sign,-3.5661533170965154e-07,-3.5661533170965154e-07,False,proxy,-7.876998014098608e-07,False,-2.2185050576812036e-07,0.0,-2.218558289445599e-07,conservative,-1.3476482594153118e-07,conservative,5.3231764395431615e-12,unsafe
914,C,lambda_1.772983346207417,yoshida4,controlled_q0.001_phi0.000000000000,controlled,0.001,0.0,1,0.12,fit_ok,resolved,True,E_state_hartree,-2.754205393307174e-06,-3.902388826595578e-06,-1,-1,False,same_sign,-1.1481834332884035e-06,-1.1481834332884035e-06,False,fit,-2.6856768378347134e-06,False,6.852855547246078e-08,0.0,6.839381429943786e-08,unsafe,-1.2167119887608643e-06,conservative,1.3474117302292486e-10,unsafe
915,C,lambda_1.772983346207417,yoshida4,controlled_q0.001_phi1.570796326795,controlled,0.001,1.570796326795,1,0.12,fit_ok,resolved,True,mixed,-2.754205393307174e-06,-2.355939903752151e-06,-1,-1,False,same_sign,3.9826548955502313e-07,3.9826548955502313e-07,True,state,-2.5708800976814015e-06,False,1.8332529562577266e-07,0.0,1.8319055445274974e-07,unsafe,2.1494019392925047e-07,unsafe,1.3474117302292486e-10,unsafe
916,C,lambda_1.772983346207417,yoshida4,controlled_q0.001_phi3.141592653590,controlled,0.001,3.14159265359,1,0.12,fit_ok,resolved,True,E_state_hartree,-2.754205393307174e-06,-1.4682844431021365e-06,-1,-1,False,same_sign,1.2859209502050377e-06,1.2859209502050377e-06,True,state,-2.6960127144715317e-06,False,5.819267883564252e-08,0.0,5.8057937662619805e-08,unsafe,1.227728271369395e-06,unsafe,1.3474117302292486e-10,unsafe
917,C,lambda_1.772983346207417,yoshida4,controlled_q0.001_phi4.712388980385,controlled,0.001,4.712388980385,1,0.12,fit_ok,resolved,True,mixed,-2.754205393307174e-06,-3.0147333659448025e-06,-1,-1,False,same_sign,-2.605279726376283e-07,-2.605279726376283e-07,False,proxy,-2.8108094546246e-06,False,-5.660406131742584e-08,0.0,-5.6738802490448765e-08,conservative,-2.0392391132020248e-07,conservative,1.3474117302292486e-10,unsafe
918,C,lambda_1.772983346207417,yoshida4,controlled_q0.010_phi0.000000000000,controlled,0.01,0.0,1,0.12,fit_ok,resolved,True,E_state_hartree,-2.754205393307174e-06,-6.4681851516083325e-06,-1,-1,False,same_sign,-3.7139797583011583e-06,-3.7139797583011583e-06,False,fit,-2.675716447936334e-06,False,7.848894537084012e-08,0.0,7.83542041978172e-08,unsafe,-3.7924687036719984e-06,conservative,1.3474117302292486e-10,unsafe
919,C,lambda_1.772983346207417,yoshida4,controlled_q0.010_phi1.570796326795,controlled,0.01,1.570796326795,1,0.12,fit_ok,resolved,True,mixed,-2.754205393307174e-06,-1.5999624908833599e-06,-1,-1,False,same_sign,1.1542429024238143e-06,1.1542429024238143e-06,True,state,-2.3143362022716797e-06,False,4.3986919103549445e-07,0.0,4.3973444986247174e-07,unsafe,7.143737113883196e-07,unsafe,1.3474117302292486e-10,unsafe
920,C,lambda_1.772983346207417,yoshida4,controlled_q0.010_phi3.141592653590,controlled,0.01,3.14159265359,1,0.12,fit_ok,resolved,True,E_state_hartree,-2.754205393307174e-06,1.1943777324662851e-06,1,-1,True,sign_crossing,3.948583125773459e-06,1.559827660840889e-06,True,not_attributed_sign_crossing,-2.7082537972910752e-06,False,4.595159601609895e-08,,,not_attributed_sign_crossing,,not_attributed_sign_crossing,,not_attributed_sign_crossing
921,C,lambda_1.772983346207417,yoshida4,controlled_q0.010_phi4.712388980385,controlled,0.01,4.712388980385,1,0.12,fit_ok,resolved,True,mixed,-2.754205393307174e-06,-3.6738449282588543e-06,-1,-1,False,same_sign,-9.196395349516802e-07,-9.196395349516802e-07,False,proxy,-3.06963404298659e-06,False,-3.1542864967941575e-07,0.0,-3.155633908524387e-07,conservative,-6.042108852722644e-07,conservative,1.3474117302292486e-10,unsafe
922,C,lambda_1.772983346207417,yoshida4,controlled_q0.050_phi0.000000000000,controlled,0.05,0.0,1,0.12,fit_ok,resolved,True,E_state_hartree,-2.754205393307174e-06,-1.0813796761121532e-05,-1,-1,False,same_sign,-8.059591367814357e-06,-8.059591367814357e-06,False,fit,-2.6614179500946455e-06,False,9.278744321252868e-08,0.0,9.265270203950618e-08,unsafe,-8.152378811026886e-06,conservative,1.3474117302292486e-10,unsafe
923,C,lambda_1.772983346207417,yoshida4,controlled_q0.050_phi1.570796326795,controlled,0.05,1.570796326795,1,0.12,fit_ok,resolved,True,mixed,-2.754205393307174e-06,-1.50300006600233e-07,-1,-1,False,same_sign,2.6039053867069413e-06,2.6039053867069413e-06,True,state,-1.8698401305928387e-06,False,8.843652627143354e-07,-4.235164736271502e-22,8.842305215413125e-07,unsafe,1.7195401239926057e-06,unsafe,1.3474117302292486e-10,unsafe
924,C,lambda_1.772983346207417,yoshida4,controlled_q0.050_phi3.141592653590,controlled,0.05,3.14159265359,1,0.12,fit_ok,resolved,True,E_state_hartree,-2.754205393307174e-06,5.970504233338025e-06,1,-1,True,sign_crossing,8.724709626645199e-06,-3.2162988400308507e-06,False,not_attributed_sign_crossing,-2.7326887081156922e-06,False,2.151668519148195e-08,,,not_attributed_sign_crossing,,not_attributed_sign_crossing,,not_attributed_sign_crossing
925,C,lambda_1.772983346207417,yoshida4,controlled_q0.050_phi4.712388980385,controlled,0.05,4.712388980385,1,0.12,fit_ok,resolved,True,mixed,-2.754205393307174e-06,-4.692992521185557e-06,-1,-1,False,same_sign,-1.938787127878383e-06,-1.938787127878383e-06,False,proxy,-3.524266527701069e-06,False,-7.700611343938948e-07,0.0,-7.701958755669177e-07,conservative,-1.1687259934844881e-06,conservative,1.3474117302292486e-10,unsafe
926,C,lambda_1.772983346207417,yoshida4,controlled_q0.001_phi0.000000000000,controlled,0.001,0.0,1,0.18,fit_ok,resolved,True,E_state_hartree,-1.2706602934509093e-05,-1.8501519708861505e-05,-1,-1,False,same_sign,-5.7949167743524126e-06,-5.7949167743524126e-06,False,fit,-1.2499680986827734e-05,False,2.0692194768135814e-07,0.0,2.0356465082533486e-07,unsafe,-6.001838722033771e-06,conservative,3.3572968560232854e-09,unsafe
927,C,lambda_1.772983346207417,yoshida4,controlled_q0.001_phi1.570796326795,controlled,0.001,1.570796326795,1,0.18,fit_ok,resolved,True,mixed,-1.2706602934509093e-05,-1.0639729078323834e-05,-1,-1,False,same_sign,2.0668738561852585e-06,2.0668738561852585e-06,True,state,-1.2233444438659589e-05,False,4.731584958495036e-07,0.0,4.6980119899348033e-07,unsafe,1.5937153603357549e-06,unsafe,3.3572968560232854e-09,unsafe
928,C,lambda_1.772983346207417,yoshida4,controlled_q0.001_phi3.141592653590,controlled,0.001,3.14159265359,1,0.18,fit_ok,resolved,True,E_state_hartree,-1.2706602934509093e-05,-6.478073383522371e-06,-1,-1,False,same_sign,6.228529550986722e-06,6.228529550986722e-06,True,state,-1.253072508810675e-05,False,1.7587784640234296e-07,0.0,1.7252054954631967e-07,unsafe,6.052651704584379e-06,unsafe,3.3572968560232854e-09,unsafe
929,C,lambda_1.772983346207417,yoshida4,controlled_q0.001_phi4.712388980385,controlled,0.001,4.712388980385,1,0.18,fit_ok,resolved,True,mixed,-1.2706602934509093e-05,-1.4339864014056657e-05,-1,-1,False,same_sign,-1.6332610795475645e-06,-1.6332610795475645e-06,False,proxy,-1.2796961636261668e-05,False,-9.035870175257524e-08,0.0,-9.371599860859853e-08,conservative,-1.5429023777949893e-06,conservative,3.3572968560232854e-09,unsafe
930,C,lambda_1.772983346207417,yoshida4,controlled_q0.010_phi0.000000000000,controlled,0.01,0.0,1,0.18,fit_ok,resolved,True,E_state_hartree,-1.2706602934509093e-05,-3.118943983376608e-05,-1,-1,False,same_sign,-1.8482836899256984e-05,-1.8482836899256984e-05,False,fit,-1.2469731157387034e-05,False,2.368717771220581e-07,0.0,2.335144802660365e-07,unsafe,-1.8719708676379042e-05,conservative,3.3572968560232854e-09,unsafe
931,C,lambda_1.772983346207417,yoshida4,controlled_q0.010_phi1.570796326795,controlled,0.01,1.570796326795,1,0.18,fit_ok,resolved,True,mixed,-1.2706602934509093e-05,-6.440515549161112e-06,-1,-1,False,same_sign,6.26608738534798e-06,6.26608738534798e-06,True,state,-1.1631618253912913e-05,False,1.0749846805961793e-06,0.0,1.071627383740156e-06,unsafe,5.191102704751801e-06,unsafe,3.3572968560232854e-09,unsafe
932,C,lambda_1.772983346207417,yoshida4,controlled_q0.010_phi3.141592653590,controlled,0.01,3.14159265359,1,0.18,fit_ok,resolved,True,E_state_hartree,-1.2706602934509093e-05,6.660380484531399e-06,1,-1,True,sign_crossing,1.9366983419040494e-05,6.046222449977693e-06,True,not_attributed_sign_crossing,-1.2567458017353758e-05,False,1.3914491715533426e-07,,,not_attributed_sign_crossing,,not_attributed_sign_crossing,,not_attributed_sign_crossing
933,C,lambda_1.772983346207417,yoshida4,controlled_q0.010_phi4.712388980385,controlled,0.01,4.712388980385,1,0.18,fit_ok,resolved,True,mixed,-1.2706602934509093e-05,-1.8088543800074222e-05,-1,-1,False,same_sign,-5.38194086556513e-06,-5.38194086556513e-06,False,proxy,-1.340557092091884e-05,False,-6.989679864097481e-07,0.0,-7.023252832657714e-07,conservative,-4.682972879155382e-06,conservative,3.3572968560232854e-09,unsafe
934,C,lambda_1.772983346207417,yoshida4,controlled_q0.050_phi0.000000000000,controlled,0.05,0.0,1,0.18,fit_ok,resolved,True,E_state_hartree,-1.2706602934509093e-05,-5.2717018179485976e-05,-1,-1,False,same_sign,-4.0010415244976884e-05,-4.0010415244976884e-05,False,fit,-1.2426636261795765e-05,False,2.799666727133272e-07,0.0,2.766093758573056e-07,unsafe,-4.029038191769021e-05,conservative,3.3572968560232854e-09,unsafe
935,C,lambda_1.772983346207417,yoshida4,controlled_q0.050_phi1.570796326795,controlled,0.05,1.570796326795,1,0.18,fit_ok,resolved,True,mixed,-1.2706602934509093e-05,1.4937466476678775e-06,1,-1,True,sign_crossing,1.420034958217697e-05,1.1212856286841215e-05,True,not_attributed_sign_crossing,-1.0590809339085463e-05,False,2.11579359542363e-06,,,not_attributed_sign_crossing,,not_attributed_sign_crossing,,not_attributed_sign_crossing
936,C,lambda_1.772983346207417,yoshida4,controlled_q0.050_phi3.141592653590,controlled,0.05,3.14159265359,1,0.18,fit_ok,resolved,True,E_state_hartree,-1.2706602934509093e-05,3.0190331022025587e-05,1,-1,True,sign_crossing,4.289693395653468e-05,-1.7483728087516494e-05,False,not_attributed_sign_crossing,-1.264070002319524e-05,False,6.59029113138517e-08,,,not_attributed_sign_crossing,,not_attributed_sign_crossing,,not_attributed_sign_crossing
937,C,lambda_1.772983346207417,yoshida4,controlled_q0.050_phi4.712388980385,controlled,0.05,4.712388980385,1,0.18,fit_ok,resolved,True,mixed,-1.2706602934509093e-05,-2.4020433805138608e-05,-1,-1,False,same_sign,-1.1313830870629515e-05,-1.1313830870629515e-05,False,proxy,-1.4476526945958683e-05,False,-1.7699240114495904e-06,0.0,-1.7732813083056137e-06,conservative,-9.543906859179925e-06,conservative,3.3572968560232854e-09,unsafe
938,C,lambda_1.772983346207417,yoshida4,controlled_q0.001_phi0.000000000000,controlled,0.001,0.0,1,0.27,fit_ok,resolved,True,E_state_hartree,-5.0769383585391736e-05,-7.937641233716446e-05,-1,-1,False,same_sign,-2.8607028751772724e-05,-2.8607028751772724e-05,False,proxy,-5.075236538764141e-05,False,1.701819775032365e-08,0.0,-6.35963584842312e-08,conservative,-2.8624046949523048e-05,conservative,8.061455623455485e-08,unsafe
939,C,lambda_1.772983346207417,yoshida4,controlled_q0.001_phi1.570796326795,controlled,0.001,1.570796326795,1,0.27,fit_ok,resolved,True,mixed,-5.0769383585391736e-05,-3.9201425913026574e-05,-1,-1,False,same_sign,1.1567957672365162e-05,1.1567957672365162e-05,True,state,-5.083735730142061e-05,False,-6.797371602887278e-08,0.0,-1.4858827226342763e-07,conservative,1.1635931388394035e-05,unsafe,8.061455623455485e-08,unsafe
940,C,lambda_1.772983346207417,yoshida4,controlled_q0.001_phi3.141592653590,controlled,0.001,3.14159265359,1,0.27,fit_ok,resolved,True,E_state_hartree,-5.0769383585391736e-05,-2.191587137192075e-05,-1,-1,False,same_sign,2.8853512213470985e-05,2.8853512213470985e-05,True,state,-5.074267339756043e-05,False,2.6710187831309364e-08,0.0,-5.390436840324548e-08,conservative,2.8826802025639676e-05,unsafe,8.061455623455485e-08,unsafe
941,C,lambda_1.772983346207417,yoshida4,controlled_q0.001_phi4.712388980385,controlled,0.001,4.712388980385,1,0.27,fit_ok,resolved,True,mixed,-5.0769383585391736e-05,-6.20908577960468e-05,-1,-1,False,same_sign,-1.132147421065506e-05,-1.132147421065506e-05,False,proxy,-5.065768148378478e-05,False,1.1170210160695504e-07,0.0,3.108754537240019e-08,unsafe,-1.1433176312262015e-05,conservative,8.061455623455485e-08,unsafe
942,C,lambda_1.772983346207417,yoshida4,controlled_q0.010_phi0.000000000000,controlled,0.01,0.0,1,0.27,fit_ok,resolved,True,E_state_hartree,-5.0769383585391736e-05,-0.0001401756028339556,-1,-1,False,same_sign,-8.940621924856387e-05,-8.940621924856387e-05,False,proxy,-5.076171496374367e-05,False,7.668621648066962e-09,0.0,-7.294593458648788e-08,conservative,-8.941388787021194e-05,conservative,8.061455623455485e-08,unsafe
943,C,lambda_1.772983346207417,yoshida4,controlled_q0.010_phi1.570796326795,controlled,0.01,1.570796326795,1,0.27,fit_ok,resolved,True,mixed,-5.0769383585391736e-05,-1.3704707859467686e-05,-1,-1,False,same_sign,3.706467572592405e-05,3.706467572592405e-05,True,state,-5.1029269588073384e-05,False,-2.5988600268164774e-07,0.0,-3.405005589161992e-07,conservative,3.73245617286057e-05,unsafe,8.061455623455485e-08,unsafe
944,C,lambda_1.772983346207417,yoshida4,controlled_q0.010_phi3.141592653590,controlled,0.01,3.14159265359,1,0.27,fit_ok,resolved,True,E_state_hartree,-5.0769383585391736e-05,4.071023406150718e-05,1,-1,True,sign_crossing,9.147961764689891e-05,1.005914952388456e-05,True,not_attributed_sign_crossing,-5.0731204569871025e-05,False,3.817901552071151e-08,,,not_attributed_sign_crossing,,not_attributed_sign_crossing,,not_attributed_sign_crossing
945,C,lambda_1.772983346207417,yoshida4,controlled_q0.010_phi4.712388980385,controlled,0.01,4.712388980385,1,0.27,fit_ok,resolved,True,mixed,-5.0769383585391736e-05,-8.576066091298183e-05,-1,-1,False,same_sign,-3.4991277327590096e-05,-3.4991277327590096e-05,False,fit,-5.046364994551273e-05,False,3.057336398790085e-07,0.0,2.2511908364445364e-07,unsafe,-3.5297010967469104e-05,conservative,8.061455623455485e-08,unsafe
946,C,lambda_1.772983346207417,yoshida4,controlled_q0.050_phi0.000000000000,controlled,0.05,0.0,1,0.27,fit_ok,resolved,True,E_state_hartree,-5.0769383585391736e-05,-0.00024378167709034624,-1,-1,False,same_sign,-0.0001930122935049545,-0.0001930122935049545,False,proxy,-5.077516574667417e-05,False,-5.7821612824355065e-09,0.0,-8.639671751699035e-08,conservative,-0.00019300651134367206,conservative,8.061455623455485e-08,unsafe
947,C,lambda_1.772983346207417,yoshida4,controlled_q0.050_phi1.570796326795,controlled,0.05,1.570796326795,1,0.27,fit_ok,resolved,True,mixed,-5.0769383585391736e-05,3.324385606410702e-05,1,-1,True,sign_crossing,8.401323964949876e-05,1.7525527521284717e-05,True,not_attributed_sign_crossing,-5.1361225191200524e-05,False,-5.918416058087878e-07,,,not_attributed_sign_crossing,,not_attributed_sign_crossing,,not_attributed_sign_crossing
948,C,lambda_1.772983346207417,yoshida4,controlled_q0.050_phi3.141592653590,controlled,0.05,3.14159265359,1,0.27,fit_ok,resolved,True,E_state_hartree,-5.0769383585391736e-05,0.00015243593025850594,1,-1,True,sign_crossing,0.00020320531384389768,-0.0001016665466731142,False,not_attributed_sign_crossing,-5.070833489099767e-05,False,6.104869439406912e-08,,,not_attributed_sign_crossing,,not_attributed_sign_crossing,,not_attributed_sign_crossing
949,C,lambda_1.772983346207417,yoshida4,controlled_q0.050_phi4.712388980385,controlled,0.05,4.712388980385,1,0.27,fit_ok,resolved,True,mixed,-5.0769383585391736e-05,-0.00012458960289598567,-1,-1,False,same_sign,-7.382021931059393e-05,-7.382021931059393e-05,False,fit,-5.0122275446450824e-05,False,6.471081389409128e-07,0.0,5.664935827063579e-07,unsafe,-7.446732744953484e-05,conservative,8.061455623455485e-08,unsafe
950,C,lambda_1.772983346207417,yoshida4,controlled_q0.001_phi0.000000000000,controlled,0.001,0.0,1,0.4,fit_ok,resolved,True,E_state_hartree,-0.00011545009773294979,-0.0002343486221275983,-1,-1,False,same_sign,-0.00011889852439464851,-0.00011889852439464851,False,proxy,-0.00011383339816375605,False,1.6166995691937314e-06,0.0,4.2739977804194355e-09,unsafe,-0.00012051522396384224,conservative,1.612425571413312e-06,unsafe
951,C,lambda_1.772983346207417,yoshida4,controlled_q0.001_phi1.570796326795,controlled,0.001,1.570796326795,1,0.4,fit_ok,resolved,True,mixed,-0.00011545009773294979,-3.694054019902734e-05,-1,-1,False,same_sign,7.850955753392245e-05,7.850955753392245e-05,True,state,-0.00011382765578065404,False,1.6224419522957429e-06,0.0,1.0016380882430908e-08,unsafe,7.68871155816267e-05,unsafe,1.612425571413312e-06,unsafe
952,C,lambda_1.772983346207417,yoshida4,controlled_q0.001_phi3.141592653590,controlled,0.001,3.14159265359,1,0.4,fit_ok,resolved,True,E_state_hartree,-0.00011545009773294979,7.136525247906645e-06,1,-1,True,sign_crossing,0.00012258662298085643,0.00010831357248504314,True,not_attributed_sign_crossing,-0.00011383404940458122,False,1.616048328368562e-06,,,not_attributed_sign_crossing,,not_attributed_sign_crossing,,not_attributed_sign_crossing
953,C,lambda_1.772983346207417,yoshida4,controlled_q0.001_phi4.712388980385,controlled,0.001,4.712388980385,1,0.4,fit_ok,resolved,True,mixed,-0.00011545009773294979,-0.00019027155668066223,-1,-1,False,same_sign,-7.482145894771244e-05,-7.482145894771244e-05,False,proxy,-0.000113839791787683,False,1.610305945266781e-06,0.0,-2.119626146530971e-09,conservative,-7.643176489297922e-05,conservative,1.612425571413312e-06,unsafe
954,C,lambda_1.772983346207417,yoshida4,controlled_q0.010_phi0.000000000000,controlled,0.01,0.0,1,0.4,fit_ok,resolved,True,E_state_hartree,-0.00011545009773294979,-0.0004916547768614523,-1,-1,False,same_sign,-0.00037620467912850256,-0.00037620467912850256,False,proxy,-0.00011383276994402338,False,1.6173277889264086e-06,0.0,4.902217513110159e-09,unsafe,-0.00037782200691742897,conservative,1.612425571413312e-06,unsafe
955,C,lambda_1.772983346207417,yoshida4,controlled_q0.010_phi1.570796326795,controlled,0.01,1.570796326795,1,0.4,fit_ok,resolved,True,mixed,-0.00011545009773294979,0.0001297860503521083,1,-1,True,sign_crossing,0.00024523614808505807,-1.43359526191585e-05,False,not_attributed_sign_crossing,-0.00011381469291662968,False,1.6354048163201075e-06,,,not_attributed_sign_crossing,,not_attributed_sign_crossing,,not_attributed_sign_crossing
956,C,lambda_1.772983346207417,yoshida4,controlled_q0.010_phi3.141592653590,controlled,0.01,3.14159265359,1,0.4,fit_ok,resolved,True,E_state_hartree,-0.00011545009773294979,0.00026854069375313816,1,-1,True,sign_crossing,0.00038399079148608795,-0.00015309059602018838,False,not_attributed_sign_crossing,-0.00011383482005075212,False,1.6152776821976608e-06,,,not_attributed_sign_crossing,,not_attributed_sign_crossing,,not_attributed_sign_crossing
957,C,lambda_1.772983346207417,yoshida4,controlled_q0.010_phi4.712388980385,controlled,0.01,4.712388980385,1,0.4,fit_ok,resolved,True,mixed,-0.00011545009773294979,-0.0003529001334604047,-1,-1,False,same_sign,-0.0002374500357274549,-0.0002374500357274549,False,proxy,-0.00011385289707814767,False,1.5972006548021188e-06,0.0,-1.5224916611179633e-08,conservative,-0.00023904723638225702,conservative,1.612425571413312e-06,unsafe
958,C,lambda_1.772983346207417,yoshida4,controlled_q0.050_phi0.000000000000,controlled,0.05,0.0,1,0.4,fit_ok,resolved,True,E_state_hartree,-0.00011545009773294979,-0.0009350274980679464,-1,-1,False,same_sign,-0.0008195774003349966,-0.0008195774003349966,False,proxy,-0.00011383186619382847,False,1.6182315391213148e-06,0.0,5.80596770801637e-09,unsafe,-0.000821195631874118,conservative,1.612425571413312e-06,unsafe
959,C,lambda_1.772983346207417,yoshida4,controlled_q0.050_phi1.570796326795,controlled,0.05,1.570796326795,1,0.4,fit_ok,resolved,True,mixed,-0.00011545009773294979,0.00042619459589700586,1,-1,True,sign_crossing,0.0005416446936299556,-0.00031074449816405607,False,not_attributed_sign_crossing,-0.00011379226974633826,False,1.6578279866115257e-06,,,not_attributed_sign_crossing,,not_attributed_sign_crossing,,not_attributed_sign_crossing
960,C,lambda_1.772983346207417,yoshida4,controlled_q0.050_phi3.141592653590,controlled,0.05,3.14159265359,1,0.4,fit_ok,resolved,True,E_state_hartree,-0.00011545009773294979,0.0007301268094990868,1,-1,True,sign_crossing,0.0008455769072320366,-0.000614676711766137,False,not_attributed_sign_crossing,-0.00011383635680733853,False,1.6137409256112558e-06,,,not_attributed_sign_crossing,,not_attributed_sign_crossing,,not_attributed_sign_crossing
961,C,lambda_1.772983346207417,yoshida4,controlled_q0.050_phi4.712388980385,controlled,0.05,4.712388980385,1,0.4,fit_ok,resolved,True,mixed,-0.00011545009773294979,-0.0006310952844659057,-1,-1,False,same_sign,-0.0005156451867329559,-0.0005156451867329559,False,proxy,-0.00011387595325483015,False,1.5741444781196354e-06,0.0,-3.828109329366298e-08,conservative,-0.0005172193312110756,conservative,1.612425571413312e-06,unsafe
962,C,lambda_1.842983346207417,yoshida4,controlled_q0.001_phi0.000000000000,controlled,0.001,0.0,-1,0.05,fit_ok,resolved,True,E_state_hartree,-3.0647617776935476e-08,-7.527659396080681e-08,-1,-1,False,same_sign,-4.462897618387133e-08,-4.462897618387133e-08,False,fit,-2.631954508098898e-08,False,4.3280726959464965e-09,0.0,4.327858965364415e-09,unsafe,-4.895704887981783e-08,conservative,2.1373058208183984e-13,unsafe
963,C,lambda_1.842983346207417,yoshida4,controlled_q0.001_phi1.570796326795,controlled,0.001,1.570796326795,-1,0.05,fit_ok,resolved,True,mixed,-3.0647617776935476e-08,-1.4448577389404716e-08,-1,-1,False,same_sign,1.619904038753076e-08,1.619904038753076e-08,True,fit,-1.1037963398016667e-08,False,1.960965437891881e-08,0.0,1.9609440648336728e-08,unsafe,-3.41061399138805e-09,conservative,2.1373058208183984e-13,unsafe
964,C,lambda_1.842983346207417,yoshida4,controlled_q0.001_phi3.141592653590,controlled,0.001,3.14159265359,-1,0.05,fit_ok,resolved,True,E_state_hartree,-3.0647617776935476e-08,2.209422509997286e-08,1,-1,True,sign_crossing,5.2741842876908335e-08,8.553392676962618e-09,True,not_attributed_sign_crossing,-2.6985413396030416e-08,False,3.6622043809050606e-09,,,not_attributed_sign_crossing,,not_attributed_sign_crossing,,not_attributed_sign_crossing
965,C,lambda_1.842983346207417,yoshida4,controlled_q0.001_phi4.712388980385,controlled,0.001,4.712388980385,-1,0.05,fit_ok,resolved,True,mixed,-3.0647617776935476e-08,-3.873379147145495e-08,-1,-1,False,same_sign,-8.086173694519473e-09,-8.086173694519473e-09,False,state,-4.226699504961599e-08,False,-1.1619377272680517e-08,0.0,-1.1619591003262598e-08,conservative,3.5332035781610435e-09,unsafe,2.1373058208183984e-13,unsafe
966,C,lambda_1.842983346207417,yoshida4,controlled_q0.010_phi0.000000000000,controlled,0.01,0.0,-1,0.05,fit_ok,resolved,True,E_state_hartree,-3.0647617776935476e-08,-1.7937329881115895e-07,-1,-1,False,same_sign,-1.4872568103422348e-07,-1.4872568103422348e-07,False,fit,-2.5676454950162574e-08,False,4.9711628267729025e-09,-2.6469779601696886e-23,4.9709490961908074e-09,unsafe,-1.5369684386099638e-07,conservative,2.1373058208183984e-13,unsafe
967,C,lambda_1.842983346207417,yoshida4,controlled_q0.010_phi1.570796326795,controlled,0.01,1.570796326795,-1,0.05,fit_ok,resolved,True,mixed,-3.0647617776935476e-08,1.2113354453455815e-08,1,-1,True,sign_crossing,4.276097223039129e-08,1.853426332347966e-08,True,not_attributed_sign_crossing,2.2429978410123436e-08,True,8.21763936681204e-09,,,not_attributed_sign_crossing,,not_attributed_sign_crossing,,not_attributed_sign_crossing
968,C,lambda_1.842983346207417,yoshida4,controlled_q0.010_phi3.141592653590,controlled,0.01,3.14159265359,-1,0.05,fit_ok,resolved,True,E_state_hartree,-3.0647617776935476e-08,1.2715013099190302e-07,1,-1,True,sign_crossing,1.577977487688385e-07,-9.650251321496755e-08,False,not_attributed_sign_crossing,-2.7772609030947438e-08,False,2.875008745988038e-09,,,not_attributed_sign_crossing,,not_attributed_sign_crossing,,not_attributed_sign_crossing
969,C,lambda_1.842983346207417,yoshida4,controlled_q0.010_phi4.712388980385,controlled,0.01,4.712388980385,-1,0.05,fit_ok,resolved,True,mixed,-3.0647617776935476e-08,-6.43365222728214e-08,-1,-1,False,same_sign,-3.3688904495885924e-08,-3.3688904495885924e-08,False,state,-7.58790426718608e-08,False,-4.523142489492532e-08,0.0,-4.52316386255074e-08,conservative,1.1542520399039397e-08,unsafe,2.1373058208183984e-13,unsafe
970,C,lambda_1.842983346207417,yoshida4,controlled_q0.050_phi0.000000000000,controlled,0.05,0.0,-1,0.05,fit_ok,resolved,True,E_state_hartree,-3.0647617776935476e-08,-3.59688951728095e-07,-1,-1,False,same_sign,-3.290413339511595e-07,-3.290413339511595e-07,False,fit,-2.4749027958485566e-08,False,5.89858981844991e-09,0.0,5.898376087867815e-09,unsafe,-3.349399237696094e-07,conservative,2.1373058208183984e-13,unsafe
971,C,lambda_1.842983346207417,yoshida4,controlled_q0.050_phi1.570796326795,controlled,0.05,1.570796326795,-1,0.05,fit_ok,resolved,True,mixed,-3.0647617776935476e-08,5.97489926568859e-08,1,-1,True,sign_crossing,9.039661043382137e-08,-2.9101374879950418e-08,False,not_attributed_sign_crossing,8.062470493947674e-08,True,-4.9977087162541264e-08,,,not_attributed_sign_crossing,,not_attributed_sign_crossing,,not_attributed_sign_crossing
972,C,lambda_1.842983346207417,yoshida4,controlled_q0.050_phi3.141592653590,controlled,0.05,3.14159265359,-1,0.05,fit_ok,resolved,True,E_state_hartree,-3.0647617776935476e-08,3.1172889964918694e-07,1,-1,True,sign_crossing,3.423765174261224e-07,-2.8108128187225146e-07,False,not_attributed_sign_crossing,-2.934050492969325e-08,False,1.3071128472422263e-09,,,not_attributed_sign_crossing,,not_attributed_sign_crossing,,not_attributed_sign_crossing
973,C,lambda_1.842983346207417,yoshida4,controlled_q0.050_phi4.712388980385,controlled,0.05,4.712388980385,-1,0.05,fit_ok,resolved,True,mixed,-3.0647617776935476e-08,-1.0770904473580478e-07,-1,-1,False,same_sign,-7.70614269588693e-08,-7.70614269588693e-08,False,state,-1.347142383600081e-07,False,-1.0406662058307263e-07,0.0,-1.0406683431365471e-07,conservative,2.7005193624203323e-08,unsafe,2.1373058208183984e-13,unsafe
974,C,lambda_1.842983346207417,yoshida4,controlled_q0.001_phi0.000000000000,controlled,0.001,0.0,-1,0.08,fit_ok,resolved,True,E_state_hartree,-1.8652632949311965e-07,-4.79436998953844e-07,-1,-1,False,same_sign,-2.9291066946072434e-07,-2.9291066946072434e-07,False,fit,-1.6049316662192417e-07,False,2.6033162871195473e-08,0.0,2.602406474227042e-08,unsafe,-3.189438323319198e-07,conservative,9.09812892502714e-12,unsafe
975,C,lambda_1.842983346207417,yoshida4,controlled_q0.001_phi1.570796326795,controlled,0.001,1.570796326795,-1,0.08,fit_ok,resolved,True,mixed,-1.8652632949311965e-07,-8.0615534581566e-08,-1,-1,False,same_sign,1.0591079491155365e-07,1.0591079491155365e-07,True,fit,-4.4707056194213097e-08,False,1.4181927329890654e-07,1.3234889800848443e-23,1.4181017516998154e-07,unsafe,-3.59084783873529e-08,conservative,9.09812892502714e-12,unsafe
976,C,lambda_1.842983346207417,yoshida4,controlled_q0.001_phi3.141592653590,controlled,0.001,3.14159265359,-1,0.08,fit_ok,resolved,True,E_state_hartree,-1.8652632949311965e-07,1.5518518794469165e-07,1,-1,True,sign_crossing,3.417115174378113e-07,3.1341141548427997e-08,True,not_attributed_sign_crossing,-1.6450471331268485e-07,False,2.2021616180434793e-08,,,not_attributed_sign_crossing,,not_attributed_sign_crossing,,not_attributed_sign_crossing
977,C,lambda_1.842983346207417,yoshida4,controlled_q0.001_phi4.712388980385,controlled,0.001,4.712388980385,-1,0.08,fit_ok,resolved,True,mixed,-1.8652632949311965e-07,-2.436362764277506e-07,-1,-1,False,same_sign,-5.710994693463095e-08,-5.710994693463095e-08,False,state,-2.802908237240312e-07,False,-9.376449423091157e-08,0.0,-9.377359235983657e-08,conservative,3.665454729628059e-08,unsafe,9.09812892502714e-12,unsafe
978,C,lambda_1.842983346207417,yoshida4,controlled_q0.010_phi0.000000000000,controlled,0.01,0.0,-1,0.08,fit_ok,resolved,True,E_state_hartree,-1.8652632949311965e-07,-1.1580974110072908e-06,-1,-1,False,same_sign,-9.715710815141712e-07,-9.715710815141712e-07,False,fit,-1.566179592296922e-07,False,2.9908370263427456e-08,0.0,2.989927213450251e-08,unsafe,-1.0014794517775987e-06,conservative,9.09812892502714e-12,unsafe
979,C,lambda_1.842983346207417,yoshida4,controlled_q0.010_phi1.570796326795,controlled,0.01,1.570796326795,-1,0.08,fit_ok,resolved,True,mixed,-1.8652632949311965e-07,9.739293320105167e-08,1,-1,True,sign_crossing,2.8391926269417133e-07,8.913339629206797e-08,True,not_attributed_sign_crossing,2.078768251845969e-07,True,-2.1350495691477264e-08,,,not_attributed_sign_crossing,,not_attributed_sign_crossing,,not_attributed_sign_crossing
980,C,lambda_1.842983346207417,yoshida4,controlled_q0.010_phi3.141592653590,controlled,0.01,3.14159265359,-1,0.08,fit_ok,resolved,True,E_state_hartree,-1.8652632949311965e-07,8.396938290544148e-07,1,-1,True,sign_crossing,1.0262201585475345e-06,-6.531674995612952e-07,False,not_attributed_sign_crossing,-1.6924631197775128e-07,False,1.728001751536837e-08,,,not_attributed_sign_crossing,,not_attributed_sign_crossing,,not_attributed_sign_crossing
981,C,lambda_1.842983346207417,yoshida4,controlled_q0.010_phi4.712388980385,controlled,0.01,4.712388980385,-1,0.08,fit_ok,resolved,True,mixed,-1.8652632949311965e-07,-4.157965151546294e-07,-1,-1,False,same_sign,-2.2927018566150973e-07,-2.2927018566150973e-07,False,state,-5.33741096269786e-07,False,-3.4721476677666635e-07,0.0,-3.4722386490559135e-07,conservative,1.179445811151566e-07,unsafe,9.09812892502714e-12,unsafe
982,C,lambda_1.842983346207417,yoshida4,controlled_q0.050_phi0.000000000000,controlled,0.05,0.0,-1,0.08,fit_ok,resolved,True,E_state_hartree,-1.8652632949311965e-07,-2.334215795921668e-06,-1,-1,False,same_sign,-2.147689466428548e-06,-2.147689466428548e-06,False,fit,-1.510266936465128e-07,False,3.5499635846606856e-08,0.0,3.549053771768191e-08,unsafe,-2.183189102275155e-06,conservative,9.09812892502714e-12,unsafe
983,C,lambda_1.842983346207417,yoshida4,controlled_q0.050_phi1.570796326795,controlled,0.05,1.570796326795,-1,0.08,fit_ok,resolved,True,mixed,-1.8652632949311965e-07,4.1584683346808947e-07,1,-1,True,sign_crossing,6.023731629612092e-07,-2.2932050397496983e-07,False,not_attributed_sign_crossing,6.473733017609284e-07,True,-4.6084697226780876e-07,,,not_attributed_sign_crossing,,not_attributed_sign_crossing,,not_attributed_sign_crossing
984,C,lambda_1.842983346207417,yoshida4,controlled_q0.050_phi3.141592653590,controlled,0.05,3.14159265359,-1,0.08,fit_ok,resolved,True,E_state_hartree,-1.8652632949311965e-07,2.0418043431078047e-06,1,-1,True,sign_crossing,2.2283306726009243e-06,-1.855278013614685e-06,False,not_attributed_sign_crossing,-1.7868820544018986e-07,False,7.838124052929785e-09,,,not_attributed_sign_crossing,,not_attributed_sign_crossing,,not_attributed_sign_crossing
985,C,lambda_1.842983346207417,yoshida4,controlled_q0.050_phi4.712388980385,controlled,0.05,4.712388980385,-1,0.08,fit_ok,resolved,True,mixed,-1.8652632949311965e-07,-7.082582862820206e-07,-1,-1,False,same_sign,-5.21731956788901e-07,-5.21731956788901e-07,False,state,-9.770882008781596e-07,False,-7.9056187138504e-07,0.0,-7.905709695139649e-07,conservative,2.688299145961389e-07,unsafe,9.09812892502714e-12,unsafe
986,C,lambda_1.842983346207417,yoshida4,controlled_q0.001_phi0.000000000000,controlled,0.001,0.0,-1,0.12,fit_ok,resolved,True,E_state_hartree,-7.968982971284788e-07,-2.282848439839264e-06,-1,-1,False,same_sign,-1.4859501427107852e-06,-1.4859501427107852e-06,False,fit,-6.878449811927436e-07,False,1.0905331593573519e-07,0.0,1.0882338875475405e-07,unsafe,-1.5950034586465204e-06,conservative,2.2992718098102597e-10,unsafe
987,C,lambda_1.842983346207417,yoshida4,controlled_q0.001_phi1.570796326795,controlled,0.001,1.570796326795,-1,0.12,fit_ok,resolved,True,mixed,-7.968982971284788e-07,-2.619561902283348e-07,-1,-1,False,same_sign,5.34942106900144e-07,5.34942106900144e-07,True,fit,1.0033386536228758e-08,True,7.868649105922501e-07,0.0,8.067017564837266e-07,unsafe,-2.719895767645636e-07,conservative,2.2992718098102597e-10,unsafe
988,C,lambda_1.842983346207417,yoshida4,controlled_q0.001_phi3.141592653590,controlled,0.001,3.14159265359,-1,0.12,fit_ok,resolved,True,E_state_hartree,-7.968982971284788e-07,8.935053243149082e-07,1,-1,True,sign_crossing,1.6904036214433869e-06,-9.660702718642934e-08,False,not_attributed_sign_crossing,-7.04684807811395e-07,False,9.221348931708377e-08,,,not_attributed_sign_crossing,,not_attributed_sign_crossing,,not_attributed_sign_crossing
989,C,lambda_1.842983346207417,yoshida4,controlled_q0.001_phi4.712388980385,controlled,0.001,4.712388980385,-1,0.12,fit_ok,resolved,True,mixed,-7.968982971284788e-07,-1.1273869252968077e-06,-1,-1,False,same_sign,-3.3048862816832884e-07,-3.3048862816832884e-07,False,state,-1.4025631755314148e-06,False,-6.05664878402936e-07,0.0,-6.058948055839169e-07,conservative,2.75176250234607e-07,unsafe,2.2992718098102597e-10,unsafe
990,C,lambda_1.842983346207417,yoshida4,controlled_q0.010_phi0.000000000000,controlled,0.01,0.0,-1,0.12,fit_ok,resolved,True,E_state_hartree,-7.968982971284788e-07,-5.681724726993236e-06,-1,-1,False,same_sign,-4.884826429864757e-06,-4.884826429864757e-06,False,fit,-6.715698838274146e-07,False,1.2532841330106424e-07,0.0,1.2509848612008353e-07,unsafe,-5.010154843165822e-06,conservative,2.2992718098102597e-10,unsafe
991,C,lambda_1.842983346207417,yoshida4,controlled_q0.010_phi1.570796326795,controlled,0.01,1.570796326795,-1,0.12,fit_ok,resolved,True,mixed,-7.968982971284788e-07,6.800459717464235e-07,1,-1,True,sign_crossing,1.4769442688749023e-06,1.1685232538205533e-07,True,not_attributed_sign_crossing,1.5253518729894121e-06,True,-7.284535758609333e-07,,,not_attributed_sign_crossing,,not_attributed_sign_crossing,,not_attributed_sign_crossing
992,C,lambda_1.842983346207417,yoshida4,controlled_q0.010_phi3.141592653590,controlled,0.01,3.14159265359,-1,0.12,fit_ok,resolved,True,E_state_hartree,-7.968982971284788e-07,4.317439904133644e-06,1,-1,True,sign_crossing,5.114338201262123e-06,-3.5205416070051655e-06,False,not_attributed_sign_crossing,-7.2458167383007e-07,False,7.231662329840884e-08,,,not_attributed_sign_crossing,,not_attributed_sign_crossing,,not_attributed_sign_crossing
993,C,lambda_1.842983346207417,yoshida4,controlled_q0.010_phi4.712388980385,controlled,0.01,4.712388980385,-1,0.12,fit_ok,resolved,True,mixed,-7.968982971284788e-07,-2.0443307946093925e-06,-1,-1,False,same_sign,-1.2474324974809137e-06,-1.2474324974809137e-06,False,state,-2.921503430599689e-06,False,-2.12460513347121e-06,0.0,-2.1248350606521913e-06,conservative,8.771726359902965e-07,unsafe,2.2992718098102597e-10,unsafe
994,C,lambda_1.842983346207417,yoshida4,controlled_q0.050_phi0.000000000000,controlled,0.05,0.0,-1,0.12,fit_ok,resolved,True,E_state_hartree,-7.968982971284788e-07,-1.1577688086339388e-05,-1,-1,False,same_sign,-1.0780789789210909e-05,-1.0780789789210909e-05,False,fit,-6.480648689385149e-07,False,1.4883342818996396e-07,0.0,1.486035010089824e-07,unsafe,-1.0929623217400873e-05,conservative,2.2992718098102597e-10,unsafe
995,C,lambda_1.842983346207417,yoshida4,controlled_q0.050_phi1.570796326795,controlled,0.05,1.570796326795,-1,0.12,fit_ok,resolved,True,mixed,-7.968982971284788e-07,2.357319806040625e-06,1,-1,True,sign_crossing,3.1542181031691037e-06,-1.560421508912146e-06,False,not_attributed_sign_crossing,4.164136555828348e-06,True,-3.367238258699869e-06,,,not_attributed_sign_crossing,,not_attributed_sign_crossing,,not_attributed_sign_crossing
996,C,lambda_1.842983346207417,yoshida4,controlled_q0.050_phi3.141592653590,controlled,0.05,3.14159265359,-1,0.12,fit_ok,resolved,True,E_state_hartree,-7.968982971284788e-07,1.0324773453101001e-05,1,-1,True,sign_crossing,1.112167175022948e-05,-9.527875155972522e-06,False,not_attributed_sign_crossing,-7.641834382893656e-07,False,3.2714858839113216e-08,,,not_attributed_sign_crossing,,not_attributed_sign_crossing,,not_attributed_sign_crossing
997,C,lambda_1.842983346207417,yoshida4,controlled_q0.050_phi4.712388980385,controlled,0.05,4.712388980385,-1,0.12,fit_ok,resolved,True,mixed,-7.968982971284788e-07,-3.6102344392793306e-06,-1,-1,False,same_sign,-2.8133361421508517e-06,-2.8133361421508517e-06,False,state,-5.576384862901523e-06,False,-4.779486565773044e-06,0.0,-4.7797164929540245e-06,conservative,1.9661504236221916e-06,unsafe,2.2992718098102597e-10,unsafe
998,C,lambda_1.842983346207417,yoshida4,controlled_q0.001_phi0.000000000000,controlled,0.001,0.0,-1,0.18,fit_ok,resolved,True,E_state_hartree,-2.3892961860116912e-06,-9.913237464049209e-06,-1,-1,False,same_sign,-7.523941278037518e-06,-7.523941278037518e-06,False,fit,-2.060035002405065e-06,False,3.2926118360662623e-07,-8.470329472543003e-22,3.235546052237371e-07,unsafe,-7.853202461644144e-06,conservative,5.706578382888264e-09,unsafe
999,C,lambda_1.842983346207417,yoshida4,controlled_q0.001_phi1.570796326795,controlled,0.001,1.570796326795,-1,0.18,fit_ok,resolved,True,mixed,-2.3892961860116912e-06,3.3870000833975154e-07,1,-1,True,sign_crossing,2.727996194351443e-06,2.0505961776719397e-06,True,not_attributed_sign_crossing,2.378602167149018e-06,True,1.0694018862673267e-08,,,not_attributed_sign_crossing,,not_attributed_sign_crossing,,not_attributed_sign_crossing
1000,C,lambda_1.842983346207417,yoshida4,controlled_q0.001_phi3.141592653590,controlled,0.001,3.14159265359,-1,0.18,fit_ok,resolved,True,E_state_hartree,-2.3892961860116912e-06,5.752194864366678e-06,1,-1,True,sign_crossing,8.141491050378369e-06,-3.3628986783549865e-06,False,not_attributed_sign_crossing,-2.1105419557079503e-06,False,2.787542303037409e-07,,,not_attributed_sign_crossing,,not_attributed_sign_crossing,,not_attributed_sign_crossing
1001,C,lambda_1.842983346207417,yoshida4,controlled_q0.001_phi4.712388980385,controlled,0.001,4.712388980385,-1,0.18,fit_ok,resolved,True,mixed,-2.3892961860116912e-06,-4.499742608025756e-06,-1,-1,False,same_sign,-2.1104464220140643e-06,-2.1104464220140643e-06,False,state,-6.549179125252338e-06,False,-4.159882939240647e-06,0.0,-4.165589517623535e-06,conservative,2.0494365172265826e-06,unsafe,5.706578382888264e-09,unsafe
1002,C,lambda_1.842983346207417,yoshida4,controlled_q0.010_phi0.000000000000,controlled,0.01,0.0,-1,0.18,fit_ok,resolved,True,E_state_hartree,-2.3892961860116912e-06,-2.6700394704895052e-05,-1,-1,False,same_sign,-2.431109851888336e-05,-2.431109851888336e-05,False,fit,-2.0111706915286214e-06,False,3.7812549448306985e-07,0.0,3.7241891610018243e-07,unsafe,-2.468922401336643e-05,conservative,5.706578382888264e-09,unsafe
1003,C,lambda_1.842983346207417,yoshida4,controlled_q0.010_phi1.570796326795,controlled,0.01,1.570796326795,-1,0.18,fit_ok,resolved,True,mixed,-2.3892961860116912e-06,5.572714081440277e-06,1,-1,True,sign_crossing,7.962010267451968e-06,-3.183417895428586e-06,False,not_attributed_sign_crossing,1.1961663284657207e-05,True,-9.572367098645516e-06,,,not_attributed_sign_crossing,,not_attributed_sign_crossing,,not_attributed_sign_crossing
1004,C,lambda_1.842983346207417,yoshida4,controlled_q0.010_phi3.141592653590,controlled,0.01,3.14159265359,-1,0.18,fit_ok,resolved,True,E_state_hartree,-2.3892961860116912e-06,2.2614400969735836e-05,1,-1,True,sign_crossing,2.5003697155747527e-05,-2.0225104783724144e-05,False,not_attributed_sign_crossing,-2.170166627935714e-06,False,2.1912955807597718e-07,,,not_attributed_sign_crossing,,not_attributed_sign_crossing,,not_attributed_sign_crossing
1005,C,lambda_1.842983346207417,yoshida4,controlled_q0.010_phi4.712388980385,controlled,0.01,4.712388980385,-1,0.18,fit_ok,resolved,True,mixed,-2.3892961860116912e-06,-9.658707816614593e-06,-1,-1,False,same_sign,-7.269411630602902e-06,-7.269411630602902e-06,False,state,-1.6143000604080992e-05,False,-1.37537044180693e-05,-8.470329472543003e-22,-1.3759410996452192e-05,conservative,6.4842927874664e-06,unsafe,5.706578382888264e-09,unsafe
1006,C,lambda_1.842983346207417,yoshida4,controlled_q0.050_phi0.000000000000,controlled,0.05,0.0,-1,0.18,fit_ok,resolved,True,E_state_hartree,-2.3892961860116912e-06,-5.5886504243425274e-05,-1,-1,False,same_sign,-5.349720805741358e-05,-5.349720805741358e-05,False,fit,-1.940445908074013e-06,False,4.488502779376782e-07,0.0,4.4314369955478737e-07,unsafe,-5.394605833535126e-05,conservative,5.706578382888264e-09,unsafe
1007,C,lambda_1.842983346207417,yoshida4,controlled_q0.050_phi1.570796326795,controlled,0.05,1.570796326795,-1,0.18,fit_ok,resolved,True,mixed,-2.3892961860116912e-06,1.4805453537807844e-05,1,-1,True,sign_crossing,1.7194749723819537e-05,-1.2416157351796153e-05,False,not_attributed_sign_crossing,2.8666056739961206e-05,True,-2.6276760553949515e-05,,,not_attributed_sign_crossing,,not_attributed_sign_crossing,,not_attributed_sign_crossing
1008,C,lambda_1.842983346207417,yoshida4,controlled_q0.050_phi3.141592653590,controlled,0.05,3.14159265359,-1,0.18,fit_ok,resolved,True,E_state_hartree,-2.3892961860116912e-06,5.213406101725871e-05,1,-1,True,sign_crossing,5.45233572032704e-05,-4.974476483124702e-05,False,not_attributed_sign_crossing,-2.2887152396183007e-06,False,1.0058094639339054e-07,,,not_attributed_sign_crossing,,not_attributed_sign_crossing,,not_attributed_sign_crossing
1009,C,lambda_1.842983346207417,yoshida4,controlled_q0.050_phi4.712388980385,controlled,0.05,4.712388980385,-1,0.18,fit_ok,resolved,True,mixed,-2.3892961860116912e-06,-1.855789676397572e-05,-1,-1,False,same_sign,-1.6168600577964027e-05,-1.6168600577964027e-05,False,state,-3.289521788765878e-05,False,-3.0505921701647087e-05,0.0,-3.051162828002997e-05,conservative,1.4337321123683056e-05,unsafe,5.706578382888264e-09,unsafe
1010,C,lambda_1.842983346207417,yoshida4,controlled_q0.001_phi0.000000000000,controlled,0.001,0.0,-1,0.27,fit_ok,resolved,True,E_state_hartree,5.796453703910132e-06,-3.146319069358631e-05,-1,1,True,sign_crossing,-3.725964439749644e-05,-2.5666736989676177e-05,False,not_attributed_sign_crossing,5.831165022830808e-06,False,-3.471131892067615e-08,,,not_attributed_sign_crossing,,not_attributed_sign_crossing,,not_attributed_sign_crossing
1011,C,lambda_1.842983346207417,yoshida4,controlled_q0.001_phi1.570796326795,controlled,0.001,1.570796326795,-1,0.27,fit_ok,resolved,True,mixed,5.796453703910132e-06,2.0678387516895594e-05,1,1,False,same_sign,1.4881933812985463e-05,-1.4881933812985463e-05,False,state,3.5660854209441185e-05,False,-2.9864400505531054e-05,0.0,-2.972859826832595e-05,conservative,1.4982466692545594e-05,unsafe,-1.3580223720510818e-07,conservative
1012,C,lambda_1.842983346207417,yoshida4,controlled_q0.001_phi3.141592653590,controlled,0.001,3.14159265359,-1,0.27,fit_ok,resolved,True,E_state_hartree,5.796453703910132e-06,4.31175616986121e-05,1,1,False,same_sign,3.732110799470197e-05,-3.732110799470197e-05,False,fit,5.846935005959475e-06,False,-5.048130204934382e-08,0.0,8.53209351557669e-08,unsafe,-3.727062669265263e-05,conservative,-1.3580223720510818e-07,conservative
1013,C,lambda_1.842983346207417,yoshida4,controlled_q0.001_phi4.712388980385,controlled,0.001,4.712388980385,-1,0.27,fit_ok,resolved,True,mixed,5.796453703910132e-06,-9.024016511881577e-06,-1,1,True,sign_crossing,-1.4820470215791709e-05,-3.2275628079714457e-06,False,not_attributed_sign_crossing,-2.3982754180654636e-05,True,-1.8186300476744504e-05,,,not_attributed_sign_crossing,,not_attributed_sign_crossing,,not_attributed_sign_crossing
1014,C,lambda_1.842983346207417,yoshida4,controlled_q0.010_phi0.000000000000,controlled,0.01,0.0,-1,0.27,fit_ok,resolved,True,E_state_hartree,5.796453703910132e-06,-0.00011166805330453933,-1,1,True,sign_crossing,-0.00011746450700844946,-0.0001058715996006292,False,not_attributed_sign_crossing,5.815909122367785e-06,False,-1.9455418457653005e-08,,,not_attributed_sign_crossing,,not_attributed_sign_crossing,,not_attributed_sign_crossing
1015,C,lambda_1.842983346207417,yoshida4,controlled_q0.010_phi1.570796326795,controlled,0.01,1.570796326795,-1,0.27,fit_ok,resolved,True,mixed,5.796453703910132e-06,5.247368384614381e-05,1,1,False,same_sign,4.667723014223368e-05,-4.667723014223368e-05,False,state,9.97197986822611e-05,False,-9.392334497835097e-05,0.0,-9.378754274114586e-05,conservative,4.7246114836117294e-05,unsafe,-1.3580223720510818e-07,conservative
1016,C,lambda_1.842983346207417,yoshida4,controlled_q0.010_phi3.141592653590,controlled,0.01,3.14159265359,-1,0.27,fit_ok,resolved,True,E_state_hartree,5.796453703910132e-06,0.00012311222523332216,1,1,False,same_sign,0.00011731577152941202,-0.00011731577152941202,False,fit,5.865553044059671e-06,False,-6.909934014953905e-08,0.0,6.67028970555649e-08,unsafe,-0.00011724667218926249,conservative,-1.3580223720510818e-07,conservative
1017,C,lambda_1.842983346207417,yoshida4,controlled_q0.010_phi4.712388980385,controlled,0.01,4.712388980385,-1,0.27,fit_ok,resolved,True,mixed,5.796453703910132e-06,-4.1029511917414684e-05,-1,1,True,sign_crossing,-4.6825965621324816e-05,-3.523305821350455e-05,False,not_attributed_sign_crossing,-8.803833651584954e-05,True,-8.224188281193941e-05,,,not_attributed_sign_crossing,,not_attributed_sign_crossing,,not_attributed_sign_crossing
1018,C,lambda_1.842983346207417,yoshida4,controlled_q0.050_phi0.000000000000,controlled,0.05,0.0,-1,0.27,fit_ok,resolved,True,E_state_hartree,5.796453703910132e-06,-0.0002518798043779049,-1,1,True,sign_crossing,-0.000257676258081815,-0.00024608335067399475,False,not_attributed_sign_crossing,5.793831753946239e-06,False,2.6219499638926655e-09,,,not_attributed_sign_crossing,,not_attributed_sign_crossing,,not_attributed_sign_crossing
1019,C,lambda_1.842983346207417,yoshida4,controlled_q0.050_phi1.570796326795,controlled,0.05,1.570796326795,-1,0.27,fit_ok,resolved,True,mixed,5.796453703910132e-06,0.00010766103904110719,1,1,False,same_sign,0.00010186458533719706,-0.00010186458533719706,False,state,0.00021148364738990123,False,-0.0002056871936859911,0.0,-0.000205551391448786,conservative,0.00010382260834879405,unsafe,-1.3580223720510818e-07,conservative
1020,C,lambda_1.842983346207417,yoshida4,controlled_q0.050_phi3.141592653590,controlled,0.05,3.14159265359,-1,0.27,fit_ok,resolved,True,E_state_hartree,5.796453703910132e-06,0.0002623897581900526,1,1,False,same_sign,0.00025659330448614246,-0.00025659330448614246,False,fit,5.902573246424462e-06,False,-1.0611954251433077e-07,0.0,2.9682694690786725e-08,unsafe,-0.00025648718494362813,conservative,-1.3580223720510818e-07,conservative
1021,C,lambda_1.842983346207417,yoshida4,controlled_q0.050_phi4.712388980385,controlled,0.05,4.712388980385,-1,0.27,fit_ok,resolved,True,mixed,5.796453703910132e-06,-9.715108522896263e-05,-1,1,True,sign_crossing,-0.00010294753893287276,-9.13546315250525e-05,False,not_attributed_sign_crossing,-0.00019978724238956918,True,-0.00019399078868565905,,,not_attributed_sign_crossing,,not_attributed_sign_crossing,,not_attributed_sign_crossing
1022,C,lambda_1.842983346207417,yoshida4,controlled_q0.001_phi0.000000000000,controlled,0.001,0.0,-1,0.4,fit_ok,resolved,True,E_state_hartree,0.00019527993183765524,4.239956125875636e-05,1,1,False,same_sign,-0.00015288037057889888,0.00015288037057889888,True,state,0.00019794971313025794,False,-2.669781292602701e-06,0.0,-6.7939567171431715e-09,conservative,0.00015555015187150158,unsafe,-2.6629873358855578e-06,conservative
1023,C,lambda_1.842983346207417,yoshida4,controlled_q0.001_phi1.570796326795,controlled,0.001,1.570796326795,-1,0.4,fit_ok,resolved,True,mixed,0.00019527993183765524,0.00029606851421296417,1,1,False,same_sign,0.00010078858237530893,-0.00010078858237530893,False,state,0.0003949715524609533,False,-0.00019969162062329808,0.0,-0.0001970286332874125,conservative,9.890303824798912e-05,unsafe,-2.6629873358855578e-06,conservative
1024,C,lambda_1.842983346207417,yoshida4,controlled_q0.001_phi3.141592653590,controlled,0.001,3.14159265359,-1,0.4,fit_ok,resolved,True,E_state_hartree,0.00019527993183765524,0.0003527070336533598,1,1,False,same_sign,0.00015742710181570454,-0.00015742710181570454,False,no_positive_component,0.00019794865345855252,False,-2.668721620897283e-06,0.0,-5.734285011725019e-09,conservative,-0.00015475838019480726,conservative,-2.6629873358855578e-06,conservative
1025,C,lambda_1.842983346207417,yoshida4,controlled_q0.001_phi4.712388980385,controlled,0.001,4.712388980385,-1,0.4,fit_ok,resolved,True,mixed,0.00019527993183765524,9.90380806991555e-05,1,1,False,same_sign,-9.624185113849974e-05,9.624185113849974e-05,True,fit,9.268141278570596e-07,False,0.00019435311770979818,0.0,0.00019701610504568374,unsafe,-9.811126657129844e-05,conservative,-2.6629873358855578e-06,conservative
1026,C,lambda_1.842983346207417,yoshida4,controlled_q0.010_phi0.000000000000,controlled,0.01,0.0,-1,0.4,fit_ok,resolved,True,E_state_hartree,0.00019527993183765524,-0.00029443389525751697,-1,1,True,sign_crossing,-0.0004897138270951722,-9.915396341986173e-05,False,not_attributed_sign_crossing,0.00019795073823803127,False,-2.670806400376026e-06,,,not_attributed_sign_crossing,,not_attributed_sign_crossing,,not_attributed_sign_crossing
1027,C,lambda_1.842983346207417,yoshida4,controlled_q0.010_phi1.570796326795,controlled,0.01,1.570796326795,-1,0.4,fit_ok,resolved,True,mixed,0.00019527993183765524,0.0005041162067554861,1,1,False,same_sign,0.00030883627491783085,-0.00030883627491783085,False,state,0.0008181756733909216,False,-0.0006228957415532663,0.0,-0.0006202327542173808,conservative,0.0003140594666354355,unsafe,-2.6629873358855578e-06,conservative
1028,C,lambda_1.842983346207417,yoshida4,controlled_q0.010_phi3.141592653590,controlled,0.01,3.14159265359,-1,0.4,fit_ok,resolved,True,E_state_hartree,0.00019527993183765524,0.0006824143191191146,1,1,False,same_sign,0.00048713438728145936,-0.00048713438728145936,False,no_positive_component,0.0001979474023905076,False,-2.6674705528523593e-06,0.0,-4.483216966828622e-09,conservative,-0.000484466916728607,conservative,-2.6629873358855578e-06,conservative
1029,C,lambda_1.842983346207417,yoshida4,controlled_q0.010_phi4.712388980385,controlled,0.01,4.712388980385,-1,0.4,fit_ok,resolved,True,mixed,0.00019527993183765524,-0.0001161357828939115,-1,1,True,sign_crossing,-0.00031141571473156674,7.914414894374375e-05,True,not_attributed_sign_crossing,-0.0004222775327623819,True,-0.00022699760092472664,,,not_attributed_sign_crossing,,not_attributed_sign_crossing,,not_attributed_sign_crossing
1030,C,lambda_1.842983346207417,yoshida4,controlled_q0.050_phi0.000000000000,controlled,0.05,0.0,-1,0.4,fit_ok,resolved,True,E_state_hartree,0.00019527993183765524,-0.0008917041186399554,-1,1,True,sign_crossing,-0.0010869840504776106,-0.0006964241868023001,False,not_attributed_sign_crossing,0.00019795222164913648,False,-2.672289811481241e-06,,,not_attributed_sign_crossing,,not_attributed_sign_crossing,,not_attributed_sign_crossing
1031,C,lambda_1.842983346207417,yoshida4,controlled_q0.050_phi1.570796326795,controlled,0.05,1.570796326795,-1,0.4,fit_ok,resolved,True,mixed,0.00019527993183765524,0.0008574632910264085,1,1,False,same_sign,0.0006621833591887533,-0.0006621833591887533,False,state,0.0015565109902185776,False,-0.0013612310583809223,1.0842021724855044e-19,-0.0013585680710450367,conservative,0.0006990476991921691,unsafe,-2.6629873358855578e-06,conservative
1032,C,lambda_1.842983346207417,yoshida4,controlled_q0.050_phi3.141592653590,controlled,0.05,3.14159265359,-1,0.4,fit_ok,resolved,True,E_state_hartree,0.00019527993183765524,0.0012480126711659127,1,1,False,same_sign,0.0010527327393282575,-0.0010527327393282575,False,no_positive_component,0.00019794491471152812,False,-2.66498287387288e-06,0.0,-1.995537987240989e-09,conservative,-0.0010500677564543846,conservative,-2.6629873358855578e-06,conservative
1033,C,lambda_1.842983346207417,yoshida4,controlled_q0.050_phi4.712388980385,controlled,0.05,4.712388980385,-1,0.4,fit_ok,resolved,True,mixed,0.00019527993183765524,-0.0005011547385004305,-1,1,True,sign_crossing,-0.0006964346703380857,-0.00030587480666277524,False,not_attributed_sign_crossing,-0.0011606138538579136,True,-0.0009653339220202584,,,not_attributed_sign_crossing,,not_attributed_sign_crossing,,not_attributed_sign_crossing
1034,C,lambda_1.842983346207417,yoshida4,controlled_q0.001_phi0.000000000000,controlled,0.001,0.0,1,0.05,fit_ok,resolved,True,E_state_hartree,-3.0647617776935476e-08,-7.527659396080681e-08,-1,-1,False,same_sign,-4.462897618387133e-08,-4.462897618387133e-08,False,fit,-2.631954508098898e-08,False,4.3280726959464965e-09,0.0,4.327858965364415e-09,unsafe,-4.895704887981783e-08,conservative,2.1373058208183984e-13,unsafe
1035,C,lambda_1.842983346207417,yoshida4,controlled_q0.001_phi1.570796326795,controlled,0.001,1.570796326795,1,0.05,fit_ok,resolved,True,mixed,-3.0647617776935476e-08,-1.4448577389404716e-08,-1,-1,False,same_sign,1.619904038753076e-08,1.619904038753076e-08,True,fit,-1.798178096756576e-08,False,1.2665836809369716e-08,0.0,1.2665623078787634e-08,unsafe,3.5332035781610435e-09,unsafe,2.1373058208183984e-13,unsafe
1036,C,lambda_1.842983346207417,yoshida4,controlled_q0.001_phi3.141592653590,controlled,0.001,3.14159265359,1,0.05,fit_ok,resolved,True,E_state_hartree,-3.0647617776935476e-08,2.209422509997286e-08,1,-1,True,sign_crossing,5.2741842876908335e-08,8.553392676962618e-09,True,not_attributed_sign_crossing,-2.6985413396030336e-08,False,3.66220438090514e-09,,,not_attributed_sign_crossing,,not_attributed_sign_crossing,,not_attributed_sign_crossing
1037,C,lambda_1.842983346207417,yoshida4,controlled_q0.001_phi4.712388980385,controlled,0.001,4.712388980385,1,0.05,fit_ok,resolved,True,mixed,-3.0647617776935476e-08,-3.873379147145495e-08,-1,-1,False,same_sign,-8.086173694519473e-09,-8.086173694519473e-09,False,proxy,-3.53231774800669e-08,False,-4.675559703131423e-09,0.0,-4.675773433713505e-09,conservative,-3.41061399138805e-09,conservative,2.1373058208183984e-13,unsafe
1038,C,lambda_1.842983346207417,yoshida4,controlled_q0.010_phi0.000000000000,controlled,0.01,0.0,1,0.05,fit_ok,resolved,True,E_state_hartree,-3.0647617776935476e-08,-1.7937329881115895e-07,-1,-1,False,same_sign,-1.4872568103422348e-07,-1.4872568103422348e-07,False,fit,-2.5676454950162574e-08,False,4.9711628267729025e-09,-2.6469779601696886e-23,4.9709490961908074e-09,unsafe,-1.5369684386099638e-07,conservative,2.1373058208183984e-13,unsafe
1039,C,lambda_1.842983346207417,yoshida4,controlled_q0.010_phi1.570796326795,controlled,0.01,1.570796326795,1,0.05,fit_ok,resolved,True,mixed,-3.0647617776935476e-08,1.2113354453455815e-08,1,-1,True,sign_crossing,4.276097223039129e-08,1.853426332347966e-08,True,not_attributed_sign_crossing,5.70834054416418e-10,True,3.0076783722519057e-08,,,not_attributed_sign_crossing,,not_attributed_sign_crossing,,not_attributed_sign_crossing
1040,C,lambda_1.842983346207417,yoshida4,controlled_q0.010_phi3.141592653590,controlled,0.01,3.14159265359,1,0.05,fit_ok,resolved,True,E_state_hartree,-3.0647617776935476e-08,1.2715013099190302e-07,1,-1,True,sign_crossing,1.577977487688385e-07,-9.650251321496755e-08,False,not_attributed_sign_crossing,-2.777260903094749e-08,False,2.875008745987985e-09,,,not_attributed_sign_crossing,,not_attributed_sign_crossing,,not_attributed_sign_crossing
1041,C,lambda_1.842983346207417,yoshida4,controlled_q0.010_phi4.712388980385,controlled,0.01,4.712388980385,1,0.05,fit_ok,resolved,True,mixed,-3.0647617776935476e-08,-6.43365222728214e-08,-1,-1,False,same_sign,-3.3688904495885924e-08,-3.3688904495885924e-08,False,proxy,-5.401989831615378e-08,False,-2.3372280539218305e-08,0.0,-2.3372494269800386e-08,conservative,-1.0316623956667619e-08,conservative,2.1373058208183984e-13,unsafe
1042,C,lambda_1.842983346207417,yoshida4,controlled_q0.050_phi0.000000000000,controlled,0.05,0.0,1,0.05,fit_ok,resolved,True,E_state_hartree,-3.0647617776935476e-08,-3.59688951728095e-07,-1,-1,False,same_sign,-3.290413339511595e-07,-3.290413339511595e-07,False,fit,-2.4749027958485566e-08,False,5.89858981844991e-09,0.0,5.898376087867815e-09,unsafe,-3.349399237696094e-07,conservative,2.1373058208183984e-13,unsafe
1043,C,lambda_1.842983346207417,yoshida4,controlled_q0.050_phi1.570796326795,controlled,0.05,1.570796326795,1,0.05,fit_ok,resolved,True,mixed,-3.0647617776935476e-08,5.97489926568859e-08,1,-1,True,sign_crossing,9.039661043382137e-08,-2.9101374879950418e-08,False,not_attributed_sign_crossing,3.274379903268257e-08,True,-2.0961812557470955e-09,,,not_attributed_sign_crossing,,not_attributed_sign_crossing,,not_attributed_sign_crossing
1044,C,lambda_1.842983346207417,yoshida4,controlled_q0.050_phi3.141592653590,controlled,0.05,3.14159265359,1,0.05,fit_ok,resolved,True,E_state_hartree,-3.0647617776935476e-08,3.1172889964918694e-07,1,-1,True,sign_crossing,3.423765174261224e-07,-2.8108128187225146e-07,False,not_attributed_sign_crossing,-2.9340504929693197e-08,False,1.3071128472422792e-09,,,not_attributed_sign_crossing,,not_attributed_sign_crossing,,not_attributed_sign_crossing
1045,C,lambda_1.842983346207417,yoshida4,controlled_q0.050_phi4.712388980385,controlled,0.05,4.712388980385,1,0.05,fit_ok,resolved,True,mixed,-3.0647617776935476e-08,-1.0770904473580478e-07,-1,-1,False,same_sign,-7.70614269588693e-08,-7.70614269588693e-08,False,proxy,-8.683333245321393e-08,False,-5.6185714676278456e-08,0.0,-5.618592840686054e-08,conservative,-2.0875712282590846e-08,conservative,2.1373058208183984e-13,unsafe
1046,C,lambda_1.842983346207417,yoshida4,controlled_q0.001_phi0.000000000000,controlled,0.001,0.0,1,0.08,fit_ok,resolved,True,E_state_hartree,-1.8652632949311965e-07,-4.79436998953844e-07,-1,-1,False,same_sign,-2.9291066946072434e-07,-2.9291066946072434e-07,False,fit,-1.6049316662192417e-07,False,2.6033162871195473e-08,0.0,2.602406474227042e-08,unsafe,-3.189438323319198e-07,conservative,9.09812892502714e-12,unsafe
1047,C,lambda_1.842983346207417,yoshida4,controlled_q0.001_phi1.570796326795,controlled,0.001,1.570796326795,1,0.08,fit_ok,resolved,True,mixed,-1.8652632949311965e-07,-8.0615534581566e-08,-1,-1,False,same_sign,1.0591079491155365e-07,1.0591079491155365e-07,True,fit,-1.1727008187784658e-07,False,6.925624761527306e-08,0.0,6.924714948634804e-08,unsafe,3.665454729628059e-08,unsafe,9.09812892502714e-12,unsafe
1048,C,lambda_1.842983346207417,yoshida4,controlled_q0.001_phi3.141592653590,controlled,0.001,3.14159265359,1,0.08,fit_ok,resolved,True,E_state_hartree,-1.8652632949311965e-07,1.5518518794469165e-07,1,-1,True,sign_crossing,3.417115174378113e-07,3.1341141548427997e-08,True,not_attributed_sign_crossing,-1.6450471331268427e-07,False,2.2021616180435376e-08,,,not_attributed_sign_crossing,,not_attributed_sign_crossing,,not_attributed_sign_crossing
1049,C,lambda_1.842983346207417,yoshida4,controlled_q0.001_phi4.712388980385,controlled,0.001,4.712388980385,1,0.08,fit_ok,resolved,True,mixed,-1.8652632949311965e-07,-2.436362764277506e-07,-1,-1,False,same_sign,-5.710994693463095e-08,-5.710994693463095e-08,False,proxy,-2.077277980403977e-07,False,-2.1201468547278055e-08,0.0,-2.1210566676203082e-08,conservative,-3.59084783873529e-08,conservative,9.09812892502714e-12,unsafe
1050,C,lambda_1.842983346207417,yoshida4,controlled_q0.010_phi0.000000000000,controlled,0.01,0.0,1,0.08,fit_ok,resolved,True,E_state_hartree,-1.8652632949311965e-07,-1.1580974110072908e-06,-1,-1,False,same_sign,-9.715710815141712e-07,-9.715710815141712e-07,False,fit,-1.566179592296922e-07,False,2.9908370263427456e-08,0.0,2.989927213450251e-08,unsafe,-1.0014794517775987e-06,conservative,9.09812892502714e-12,unsafe
1051,C,lambda_1.842983346207417,yoshida4,controlled_q0.010_phi1.570796326795,controlled,0.01,1.570796326795,1,0.08,fit_ok,resolved,True,mixed,-1.8652632949311965e-07,9.739293320105167e-08,1,-1,True,sign_crossing,2.8391926269417133e-07,8.913339629206797e-08,True,not_attributed_sign_crossing,-2.055164791410492e-08,False,1.659746815790147e-07,,,not_attributed_sign_crossing,,not_attributed_sign_crossing,,not_attributed_sign_crossing
1052,C,lambda_1.842983346207417,yoshida4,controlled_q0.010_phi3.141592653590,controlled,0.01,3.14159265359,1,0.08,fit_ok,resolved,True,E_state_hartree,-1.8652632949311965e-07,8.396938290544148e-07,1,-1,True,sign_crossing,1.0262201585475345e-06,-6.531674995612952e-07,False,not_attributed_sign_crossing,-1.6924631197775128e-07,False,1.728001751536837e-08,,,not_attributed_sign_crossing,,not_attributed_sign_crossing,,not_attributed_sign_crossing
1053,C,lambda_1.842983346207417,yoshida4,controlled_q0.010_phi4.712388980385,controlled,0.01,4.712388980385,1,0.08,fit_ok,resolved,True,mixed,-1.8652632949311965e-07,-4.157965151546294e-07,-1,-1,False,same_sign,-2.2927018566150973e-07,-2.2927018566150973e-07,False,proxy,-3.0531262317108415e-07,False,-1.187862936779645e-07,0.0,-1.187953918068895e-07,conservative,-1.1048389198354525e-07,conservative,9.09812892502714e-12,unsafe
1054,C,lambda_1.842983346207417,yoshida4,controlled_q0.050_phi0.000000000000,controlled,0.05,0.0,1,0.08,fit_ok,resolved,True,E_state_hartree,-1.8652632949311965e-07,-2.334215795921668e-06,-1,-1,False,same_sign,-2.147689466428548e-06,-2.147689466428548e-06,False,fit,-1.510266936465128e-07,False,3.5499635846606856e-08,0.0,3.549053771768191e-08,unsafe,-2.183189102275155e-06,conservative,9.09812892502714e-12,unsafe
1055,C,lambda_1.842983346207417,yoshida4,controlled_q0.050_phi1.570796326795,controlled,0.05,1.570796326795,1,0.08,fit_ok,resolved,True,mixed,-1.8652632949311965e-07,4.1584683346808947e-07,1,-1,True,sign_crossing,6.023731629612092e-07,-2.2932050397496983e-07,False,not_attributed_sign_crossing,1.4701691904542293e-07,True,3.9509410447696715e-08,,,not_attributed_sign_crossing,,not_attributed_sign_crossing,,not_attributed_sign_crossing
1056,C,lambda_1.842983346207417,yoshida4,controlled_q0.050_phi3.141592653590,controlled,0.05,3.14159265359,1,0.08,fit_ok,resolved,True,E_state_hartree,-1.8652632949311965e-07,2.0418043431078047e-06,1,-1,True,sign_crossing,2.2283306726009243e-06,-1.855278013614685e-06,False,not_attributed_sign_crossing,-1.7868820544018986e-07,False,7.838124052929785e-09,,,not_attributed_sign_crossing,,not_attributed_sign_crossing,,not_attributed_sign_crossing
1057,C,lambda_1.842983346207417,yoshida4,controlled_q0.050_phi4.712388980385,controlled,0.05,4.712388980385,1,0.08,fit_ok,resolved,True,mixed,-1.8652632949311965e-07,-7.082582862820206e-07,-1,-1,False,same_sign,-5.21731956788901e-07,-5.21731956788901e-07,False,proxy,-4.7673181798918163e-07,False,-2.90205488496062e-07,0.0,-2.9021458662498703e-07,conservative,-2.3152646829283897e-07,conservative,9.09812892502714e-12,unsafe
1058,C,lambda_1.842983346207417,yoshida4,controlled_q0.001_phi0.000000000000,controlled,0.001,0.0,1,0.12,fit_ok,resolved,True,E_state_hartree,-7.968982971284788e-07,-2.282848439839264e-06,-1,-1,False,same_sign,-1.4859501427107852e-06,-1.4859501427107852e-06,False,fit,-6.878449811927436e-07,False,1.0905331593573519e-07,0.0,1.0882338875475405e-07,unsafe,-1.5950034586465204e-06,conservative,2.2992718098102597e-10,unsafe
1059,C,lambda_1.842983346207417,yoshida4,controlled_q0.001_phi1.570796326795,controlled,0.001,1.570796326795,1,0.12,fit_ok,resolved,True,mixed,-7.968982971284788e-07,-2.619561902283348e-07,-1,-1,False,same_sign,5.34942106900144e-07,5.34942106900144e-07,True,state,-5.371324404629419e-07,False,2.597658566655369e-07,0.0,2.5953592948455595e-07,unsafe,2.75176250234607e-07,unsafe,2.2992718098102597e-10,unsafe
1060,C,lambda_1.842983346207417,yoshida4,controlled_q0.001_phi3.141592653590,controlled,0.001,3.14159265359,1,0.12,fit_ok,resolved,True,E_state_hartree,-7.968982971284788e-07,8.935053243149082e-07,1,-1,True,sign_crossing,1.6904036214433869e-06,-9.660702718642934e-08,False,not_attributed_sign_crossing,-7.046848078113927e-07,False,9.22134893170861e-08,,,not_attributed_sign_crossing,,not_attributed_sign_crossing,,not_attributed_sign_crossing
1061,C,lambda_1.842983346207417,yoshida4,controlled_q0.001_phi4.712388980385,controlled,0.001,4.712388980385,1,0.12,fit_ok,resolved,True,mixed,-7.968982971284788e-07,-1.1273869252968077e-06,-1,-1,False,same_sign,-3.3048862816832884e-07,-3.3048862816832884e-07,False,proxy,-8.553973485322441e-07,False,-5.849905140376525e-08,0.0,-5.872897858474628e-08,conservative,-2.719895767645636e-07,conservative,2.2992718098102597e-10,unsafe
1062,C,lambda_1.842983346207417,yoshida4,controlled_q0.010_phi0.000000000000,controlled,0.01,0.0,1,0.12,fit_ok,resolved,True,E_state_hartree,-7.968982971284788e-07,-5.681724726993236e-06,-1,-1,False,same_sign,-4.884826429864757e-06,-4.884826429864757e-06,False,fit,-6.715698838274146e-07,False,1.2532841330106424e-07,0.0,1.2509848612008353e-07,unsafe,-5.010154843165822e-06,conservative,2.2992718098102597e-10,unsafe
1063,C,lambda_1.842983346207417,yoshida4,controlled_q0.010_phi1.570796326795,controlled,0.01,1.570796326795,1,0.12,fit_ok,resolved,True,mixed,-7.968982971284788e-07,6.800459717464235e-07,1,-1,True,sign_crossing,1.4769442688749023e-06,1.1685232538205533e-07,True,not_attributed_sign_crossing,-1.97126664243873e-07,False,5.997716328846058e-07,,,not_attributed_sign_crossing,,not_attributed_sign_crossing,,not_attributed_sign_crossing
1064,C,lambda_1.842983346207417,yoshida4,controlled_q0.010_phi3.141592653590,controlled,0.01,3.14159265359,1,0.12,fit_ok,resolved,True,E_state_hartree,-7.968982971284788e-07,4.317439904133644e-06,1,-1,True,sign_crossing,5.114338201262123e-06,-3.5205416070051655e-06,False,not_attributed_sign_crossing,-7.245816738300734e-07,False,7.231662329840545e-08,,,not_attributed_sign_crossing,,not_attributed_sign_crossing,,not_attributed_sign_crossing
1065,C,lambda_1.842983346207417,yoshida4,controlled_q0.010_phi4.712388980385,controlled,0.01,4.712388980385,1,0.12,fit_ok,resolved,True,mixed,-7.968982971284788e-07,-2.0443307946093925e-06,-1,-1,False,same_sign,-1.2474324974809137e-06,-1.2474324974809137e-06,False,proxy,-1.1990248933664039e-06,False,-4.0212659623792505e-07,0.0,-4.0235652341890597e-07,conservative,-8.453059012429888e-07,conservative,2.2992718098102597e-10,unsafe
1066,C,lambda_1.842983346207417,yoshida4,controlled_q0.050_phi0.000000000000,controlled,0.05,0.0,1,0.12,fit_ok,resolved,True,E_state_hartree,-7.968982971284788e-07,-1.1577688086339388e-05,-1,-1,False,same_sign,-1.0780789789210909e-05,-1.0780789789210909e-05,False,fit,-6.480648689385149e-07,False,1.4883342818996396e-07,0.0,1.486035010089824e-07,unsafe,-1.0929623217400873e-05,conservative,2.2992718098102597e-10,unsafe
1067,C,lambda_1.842983346207417,yoshida4,controlled_q0.050_phi1.570796326795,controlled,0.05,1.570796326795,1,0.12,fit_ok,resolved,True,mixed,-7.968982971284788e-07,2.357319806040625e-06,1,-1,True,sign_crossing,3.1542181031691037e-06,-1.560421508912146e-06,False,not_attributed_sign_crossing,3.911693824184333e-07,True,4.0572891471004554e-07,,,not_attributed_sign_crossing,,not_attributed_sign_crossing,,not_attributed_sign_crossing
1068,C,lambda_1.842983346207417,yoshida4,controlled_q0.050_phi3.141592653590,controlled,0.05,3.14159265359,1,0.12,fit_ok,resolved,True,E_state_hartree,-7.968982971284788e-07,1.0324773453101001e-05,1,-1,True,sign_crossing,1.112167175022948e-05,-9.527875155972522e-06,False,not_attributed_sign_crossing,-7.641834382893673e-07,False,3.271485883911152e-08,,,not_attributed_sign_crossing,,not_attributed_sign_crossing,,not_attributed_sign_crossing
1069,C,lambda_1.842983346207417,yoshida4,controlled_q0.050_phi4.712388980385,controlled,0.05,4.712388980385,1,0.12,fit_ok,resolved,True,mixed,-7.968982971284788e-07,-3.6102344392793306e-06,-1,-1,False,same_sign,-2.8133361421508517e-06,-2.8133361421508517e-06,False,proxy,-1.8034176894916083e-06,False,-1.0065193923631294e-06,0.0,-1.0067493195441106e-06,conservative,-1.8068167497877223e-06,conservative,2.2992718098102597e-10,unsafe
1070,C,lambda_1.842983346207417,yoshida4,controlled_q0.001_phi0.000000000000,controlled,0.001,0.0,1,0.18,fit_ok,resolved,True,E_state_hartree,-2.3892961860116912e-06,-9.913237464049209e-06,-1,-1,False,same_sign,-7.523941278037518e-06,-7.523941278037518e-06,False,fit,-2.060035002405065e-06,False,3.2926118360662623e-07,-8.470329472543003e-22,3.235546052237371e-07,unsafe,-7.853202461644144e-06,conservative,5.706578382888264e-09,unsafe
1071,C,lambda_1.842983346207417,yoshida4,controlled_q0.001_phi1.570796326795,controlled,0.001,1.570796326795,1,0.18,fit_ok,resolved,True,mixed,-2.3892961860116912e-06,3.3870000833975154e-07,1,-1,True,sign_crossing,2.727996194351443e-06,2.0505961776719397e-06,True,not_attributed_sign_crossing,-1.710736508886831e-06,False,6.785596771248602e-07,,,not_attributed_sign_crossing,,not_attributed_sign_crossing,,not_attributed_sign_crossing
1072,C,lambda_1.842983346207417,yoshida4,controlled_q0.001_phi3.141592653590,controlled,0.001,3.14159265359,1,0.18,fit_ok,resolved,True,E_state_hartree,-2.3892961860116912e-06,5.752194864366678e-06,1,-1,True,sign_crossing,8.141491050378369e-06,-3.3628986783549865e-06,False,not_attributed_sign_crossing,-2.1105419557079453e-06,False,2.78754230303746e-07,,,not_attributed_sign_crossing,,not_attributed_sign_crossing,,not_attributed_sign_crossing
1073,C,lambda_1.842983346207417,yoshida4,controlled_q0.001_phi4.712388980385,controlled,0.001,4.712388980385,1,0.18,fit_ok,resolved,True,mixed,-2.3892961860116912e-06,-4.499742608025756e-06,-1,-1,False,same_sign,-2.1104464220140643e-06,-2.1104464220140643e-06,False,proxy,-2.459840449216489e-06,False,-7.05442632047979e-08,0.0,-7.625084158768617e-08,conservative,-2.0399021588092664e-06,conservative,5.706578382888264e-09,unsafe
1074,C,lambda_1.842983346207417,yoshida4,controlled_q0.010_phi0.000000000000,controlled,0.01,0.0,1,0.18,fit_ok,resolved,True,E_state_hartree,-2.3892961860116912e-06,-2.6700394704895052e-05,-1,-1,False,same_sign,-2.431109851888336e-05,-2.431109851888336e-05,False,fit,-2.0111706915286214e-06,False,3.7812549448306985e-07,0.0,3.7241891610018243e-07,unsafe,-2.468922401336643e-05,conservative,5.706578382888264e-09,unsafe
1075,C,lambda_1.842983346207417,yoshida4,controlled_q0.010_phi1.570796326795,controlled,0.01,1.570796326795,1,0.18,fit_ok,resolved,True,mixed,-2.3892961860116912e-06,5.572714081440277e-06,1,-1,True,sign_crossing,7.962010267451968e-06,-3.183417895428586e-06,False,not_attributed_sign_crossing,-9.115787060261228e-07,False,1.4777174799855684e-06,,,not_attributed_sign_crossing,,not_attributed_sign_crossing,,not_attributed_sign_crossing
1076,C,lambda_1.842983346207417,yoshida4,controlled_q0.010_phi3.141592653590,controlled,0.01,3.14159265359,1,0.18,fit_ok,resolved,True,E_state_hartree,-2.3892961860116912e-06,2.2614400969735836e-05,1,-1,True,sign_crossing,2.5003697155747527e-05,-2.0225104783724144e-05,False,not_attributed_sign_crossing,-2.1701666279357175e-06,False,2.191295580759738e-07,,,not_attributed_sign_crossing,,not_attributed_sign_crossing,,not_attributed_sign_crossing
1077,C,lambda_1.842983346207417,yoshida4,controlled_q0.010_phi4.712388980385,controlled,0.01,4.712388980385,1,0.18,fit_ok,resolved,True,mixed,-2.3892961860116912e-06,-9.658707816614593e-06,-1,-1,False,same_sign,-7.269411630602902e-06,-7.269411630602902e-06,False,proxy,-3.2697586133976635e-06,False,-8.804624273859722e-07,0.0,-8.861690057688605e-07,conservative,-6.38894920321693e-06,conservative,5.706578382888264e-09,unsafe
1078,C,lambda_1.842983346207417,yoshida4,controlled_q0.050_phi0.000000000000,controlled,0.05,0.0,1,0.18,fit_ok,resolved,True,E_state_hartree,-2.3892961860116912e-06,-5.5886504243425274e-05,-1,-1,False,same_sign,-5.349720805741358e-05,-5.349720805741358e-05,False,fit,-1.940445908074013e-06,False,4.488502779376782e-07,0.0,4.4314369955478737e-07,unsafe,-5.394605833535126e-05,conservative,5.706578382888264e-09,unsafe
1079,C,lambda_1.842983346207417,yoshida4,controlled_q0.050_phi1.570796326795,controlled,0.05,1.570796326795,1,0.18,fit_ok,resolved,True,mixed,-2.3892961860116912e-06,1.4805453537807844e-05,1,-1,True,sign_crossing,1.7194749723819537e-05,-1.2416157351796153e-05,False,not_attributed_sign_crossing,4.681324140476878e-07,True,1.9211637719640034e-06,,,not_attributed_sign_crossing,,not_attributed_sign_crossing,,not_attributed_sign_crossing
1080,C,lambda_1.842983346207417,yoshida4,controlled_q0.050_phi3.141592653590,controlled,0.05,3.14159265359,1,0.18,fit_ok,resolved,True,E_state_hartree,-2.3892961860116912e-06,5.213406101725871e-05,1,-1,True,sign_crossing,5.45233572032704e-05,-4.974476483124702e-05,False,not_attributed_sign_crossing,-2.2887152396183007e-06,False,1.0058094639339054e-07,,,not_attributed_sign_crossing,,not_attributed_sign_crossing,,not_attributed_sign_crossing
1081,C,lambda_1.842983346207417,yoshida4,controlled_q0.050_phi4.712388980385,controlled,0.05,4.712388980385,1,0.18,fit_ok,resolved,True,mixed,-2.3892961860116912e-06,-1.855789676397572e-05,-1,-1,False,same_sign,-1.6168600577964027e-05,-1.6168600577964027e-05,False,proxy,-4.697293561822359e-06,False,-2.3079973758106674e-06,0.0,-2.3137039541935548e-06,conservative,-1.386060320215336e-05,conservative,5.706578382888264e-09,unsafe
1082,C,lambda_1.842983346207417,yoshida4,controlled_q0.001_phi0.000000000000,controlled,0.001,0.0,1,0.27,fit_ok,resolved,True,E_state_hartree,5.796453703910132e-06,-3.146319069358631e-05,-1,1,True,sign_crossing,-3.725964439749644e-05,-2.5666736989676177e-05,False,not_attributed_sign_crossing,5.831165022830808e-06,False,-3.471131892067615e-08,,,not_attributed_sign_crossing,,not_attributed_sign_crossing,,not_attributed_sign_crossing
1083,C,lambda_1.842983346207417,yoshida4,controlled_q0.001_phi1.570796326795,controlled,0.001,1.570796326795,1,0.27,fit_ok,resolved,True,mixed,5.796453703910132e-06,2.0678387516895594e-05,1,1,False,same_sign,1.4881933812985463e-05,-1.4881933812985463e-05,False,fit,5.719649848122536e-06,False,7.680385578759575e-08,0.0,2.126060929927031e-07,unsafe,-1.4958737668773058e-05,conservative,-1.3580223720510818e-07,conservative
1084,C,lambda_1.842983346207417,yoshida4,controlled_q0.001_phi3.141592653590,controlled,0.001,3.14159265359,1,0.27,fit_ok,resolved,True,E_state_hartree,5.796453703910132e-06,4.31175616986121e-05,1,1,False,same_sign,3.732110799470197e-05,-3.732110799470197e-05,False,fit,5.846935005959448e-06,False,-5.048130204931672e-08,0.0,8.5320935155794e-08,unsafe,-3.7270626692652654e-05,conservative,-1.3580223720510818e-07,conservative
1085,C,lambda_1.842983346207417,yoshida4,controlled_q0.001_phi4.712388980385,controlled,0.001,4.712388980385,1,0.27,fit_ok,resolved,True,mixed,5.796453703910132e-06,-9.024016511881577e-06,-1,1,True,sign_crossing,-1.4820470215791709e-05,-3.2275628079714457e-06,False,not_attributed_sign_crossing,5.958450180664017e-06,False,-1.619964767538854e-07,,,not_attributed_sign_crossing,,not_attributed_sign_crossing,,not_attributed_sign_crossing
1086,C,lambda_1.842983346207417,yoshida4,controlled_q0.010_phi0.000000000000,controlled,0.01,0.0,1,0.27,fit_ok,resolved,True,E_state_hartree,5.796453703910132e-06,-0.00011166805330453933,-1,1,True,sign_crossing,-0.00011746450700844946,-0.0001058715996006292,False,not_attributed_sign_crossing,5.815909122367785e-06,False,-1.9455418457653005e-08,,,not_attributed_sign_crossing,,not_attributed_sign_crossing,,not_attributed_sign_crossing
1087,C,lambda_1.842983346207417,yoshida4,controlled_q0.010_phi1.570796326795,controlled,0.01,1.570796326795,1,0.27,fit_ok,resolved,True,mixed,5.796453703910132e-06,5.247368384614381e-05,1,1,False,same_sign,4.667723014223368e-05,-4.667723014223368e-05,False,fit,5.464859247708955e-06,False,3.315944562011768e-07,0.0,4.6739669340628754e-07,unsafe,-4.700882459843486e-05,conservative,-1.3580223720510818e-07,conservative
1088,C,lambda_1.842983346207417,yoshida4,controlled_q0.010_phi3.141592653590,controlled,0.01,3.14159265359,1,0.27,fit_ok,resolved,True,E_state_hartree,5.796453703910132e-06,0.00012311222523332216,1,1,False,same_sign,0.00011731577152941202,-0.00011731577152941202,False,fit,5.865553044059671e-06,False,-6.909934014953905e-08,0.0,6.67028970555649e-08,unsafe,-0.00011724667218926249,conservative,-1.3580223720510818e-07,conservative
1089,C,lambda_1.842983346207417,yoshida4,controlled_q0.010_phi4.712388980385,controlled,0.01,4.712388980385,1,0.27,fit_ok,resolved,True,mixed,5.796453703910132e-06,-4.1029511917414684e-05,-1,1,True,sign_crossing,-4.6825965621324816e-05,-3.523305821350455e-05,False,not_attributed_sign_crossing,6.21660291870261e-06,False,-4.2014921479247854e-07,,,not_attributed_sign_crossing,,not_attributed_sign_crossing,,not_attributed_sign_crossing
1090,C,lambda_1.842983346207417,yoshida4,controlled_q0.050_phi0.000000000000,controlled,0.05,0.0,1,0.27,fit_ok,resolved,True,E_state_hartree,5.796453703910132e-06,-0.0002518798043779049,-1,1,True,sign_crossing,-0.000257676258081815,-0.00024608335067399475,False,not_attributed_sign_crossing,5.793831753946239e-06,False,2.6219499638926655e-09,,,not_attributed_sign_crossing,,not_attributed_sign_crossing,,not_attributed_sign_crossing
1091,C,lambda_1.842983346207417,yoshida4,controlled_q0.050_phi1.570796326795,controlled,0.05,1.570796326795,1,0.27,fit_ok,resolved,True,mixed,5.796453703910132e-06,0.00010766103904110719,1,1,False,same_sign,0.00010186458533719706,-0.00010186458533719706,False,fit,5.02488188050063e-06,False,7.715718234095018e-07,0.0,9.073740606146057e-07,unsafe,-0.00010263615716060656,conservative,-1.3580223720510818e-07,conservative
1092,C,lambda_1.842983346207417,yoshida4,controlled_q0.050_phi3.141592653590,controlled,0.05,3.14159265359,1,0.27,fit_ok,resolved,True,E_state_hartree,5.796453703910132e-06,0.0002623897581900526,1,1,False,same_sign,0.00025659330448614246,-0.00025659330448614246,False,fit,5.902573246424408e-06,False,-1.0611954251427656e-07,0.0,2.9682694690840936e-08,unsafe,-0.0002564871849436282,conservative,-1.3580223720510818e-07,conservative
1093,C,lambda_1.842983346207417,yoshida4,controlled_q0.050_phi4.712388980385,controlled,0.05,4.712388980385,1,0.27,fit_ok,resolved,True,mixed,5.796453703910132e-06,-9.715108522896263e-05,-1,1,True,sign_crossing,-0.00010294753893287276,-9.13546315250525e-05,False,not_attributed_sign_crossing,6.6715231198828244e-06,False,-8.750694159726928e-07,,,not_attributed_sign_crossing,,not_attributed_sign_crossing,,not_attributed_sign_crossing
1094,C,lambda_1.842983346207417,yoshida4,controlled_q0.001_phi0.000000000000,controlled,0.001,0.0,1,0.4,fit_ok,resolved,True,E_state_hartree,0.00019527993183765524,4.239956125875636e-05,1,1,False,same_sign,-0.00015288037057889888,0.00015288037057889888,True,state,0.00019794971313025794,False,-2.669781292602701e-06,0.0,-6.7939567171431715e-09,conservative,0.00015555015187150158,unsafe,-2.6629873358855578e-06,conservative
1095,C,lambda_1.842983346207417,yoshida4,controlled_q0.001_phi1.570796326795,controlled,0.001,1.570796326795,1,0.4,fit_ok,resolved,True,mixed,0.00019527993183765524,0.00029606851421296417,1,1,False,same_sign,0.00010078858237530893,-0.00010078858237530893,False,no_positive_component,0.00019795724764166573,False,-2.677315804010494e-06,0.0,-1.4328468124936034e-08,conservative,-9.811126657129844e-05,conservative,-2.6629873358855578e-06,conservative
1096,C,lambda_1.842983346207417,yoshida4,controlled_q0.001_phi3.141592653590,controlled,0.001,3.14159265359,1,0.4,fit_ok,resolved,True,E_state_hartree,0.00019527993183765524,0.0003527070336533598,1,1,False,same_sign,0.00015742710181570454,-0.00015742710181570454,False,no_positive_component,0.00019794865345855225,False,-2.6687216208970117e-06,0.0,-5.734285011453968e-09,conservative,-0.00015475838019480753,conservative,-2.6629873358855578e-06,conservative
1097,C,lambda_1.842983346207417,yoshida4,controlled_q0.001_phi4.712388980385,controlled,0.001,4.712388980385,1,0.4,fit_ok,resolved,True,mixed,0.00019527993183765524,9.90380806991555e-05,1,1,False,same_sign,-9.624185113849974e-05,9.624185113849974e-05,True,state,0.00019794111894714462,False,-2.6611871094893815e-06,0.0,1.800226396176264e-09,unsafe,9.890303824798912e-05,unsafe,-2.6629873358855578e-06,conservative
1098,C,lambda_1.842983346207417,yoshida4,controlled_q0.010_phi0.000000000000,controlled,0.01,0.0,1,0.4,fit_ok,resolved,True,E_state_hartree,0.00019527993183765524,-0.00029443389525751697,-1,1,True,sign_crossing,-0.0004897138270951722,-9.915396341986173e-05,False,not_attributed_sign_crossing,0.00019795073823803127,False,-2.670806400376026e-06,,,not_attributed_sign_crossing,,not_attributed_sign_crossing,,not_attributed_sign_crossing
1099,C,lambda_1.842983346207417,yoshida4,controlled_q0.010_phi1.570796326795,controlled,0.01,1.570796326795,1,0.4,fit_ok,resolved,True,mixed,0.00019527993183765524,0.0005041162067554861,1,1,False,same_sign,0.00030883627491783085,-0.00030883627491783085,False,no_positive_component,0.0001979744568870157,False,-2.69452504936046e-06,0.0,-3.1537713474929195e-08,conservative,-0.0003061417498684704,conservative,-2.6629873358855578e-06,conservative
1100,C,lambda_1.842983346207417,yoshida4,controlled_q0.010_phi3.141592653590,controlled,0.01,3.14159265359,1,0.4,fit_ok,resolved,True,E_state_hartree,0.00019527993183765524,0.0006824143191191146,1,1,False,same_sign,0.00048713438728145936,-0.00048713438728145936,False,no_positive_component,0.00019794740239050738,False,-2.6674705528521424e-06,0.0,-4.483216966611782e-09,conservative,-0.0004844669167286072,conservative,-2.6629873358855578e-06,conservative
1101,C,lambda_1.842983346207417,yoshida4,controlled_q0.010_phi4.712388980385,controlled,0.01,4.712388980385,1,0.4,fit_ok,resolved,True,mixed,0.00019527993183765524,-0.0001161357828939115,-1,1,True,sign_crossing,-0.00031141571473156674,7.914414894374375e-05,True,not_attributed_sign_crossing,0.00019792368374152398,False,-2.6437519038687387e-06,,,not_attributed_sign_crossing,,not_attributed_sign_crossing,,not_attributed_sign_crossing
1102,C,lambda_1.842983346207417,yoshida4,controlled_q0.050_phi0.000000000000,controlled,0.05,0.0,1,0.4,fit_ok,resolved,True,E_state_hartree,0.00019527993183765524,-0.0008917041186399554,-1,1,True,sign_crossing,-0.0010869840504776106,-0.0006964241868023001,False,not_attributed_sign_crossing,0.00019795222164913648,False,-2.672289811481241e-06,,,not_attributed_sign_crossing,,not_attributed_sign_crossing,,not_attributed_sign_crossing
1103,C,lambda_1.842983346207417,yoshida4,controlled_q0.050_phi1.570796326795,controlled,0.05,1.570796326795,1,0.4,fit_ok,resolved,True,mixed,0.00019527993183765524,0.0008574632910264085,1,1,False,same_sign,0.0006621833591887533,-0.0006621833591887533,False,no_positive_component,0.00019800417566892526,False,-2.7242438312700176e-06,0.0,-6.125649538448689e-08,conservative,-0.0006594591153574833,conservative,-2.6629873358855578e-06,conservative
1104,C,lambda_1.842983346207417,yoshida4,controlled_q0.050_phi3.141592653590,controlled,0.05,3.14159265359,1,0.4,fit_ok,resolved,True,E_state_hartree,0.00019527993183765524,0.0012480126711659127,1,1,False,same_sign,0.0010527327393282575,-0.0010527327393282575,False,no_positive_component,0.00019794491471152834,False,-2.664982873873097e-06,0.0,-1.9955379874578294e-09,conservative,-0.0010500677564543844,conservative,-2.6629873358855578e-06,conservative
1105,C,lambda_1.842983346207417,yoshida4,controlled_q0.050_phi4.712388980385,controlled,0.05,4.712388980385,1,0.4,fit_ok,resolved,True,mixed,0.00019527993183765524,-0.0005011547385004305,-1,1,True,sign_crossing,-0.0006964346703380857,-0.00030587480666277524,False,not_attributed_sign_crossing,0.00019789296069173859,False,-2.6130288540833447e-06,,,not_attributed_sign_crossing,,not_attributed_sign_crossing,,not_attributed_sign_crossing
1106,C,lambda_1.872983346207417,yoshida4,controlled_q0.001_phi0.000000000000,controlled,0.001,0.0,-1,0.05,fit_ok,resolved,True,E_state_hartree,1.5819359155955226e-09,-4.775702789819817e-08,-1,1,True,sign_crossing,-4.9338963813793694e-08,-4.617509198260265e-08,False,not_attributed_sign_crossing,6.8009598631624854e-09,False,-5.219023947566963e-09,,,not_attributed_sign_crossing,,not_attributed_sign_crossing,,not_attributed_sign_crossing
1107,C,lambda_1.872983346207417,yoshida4,controlled_q0.001_phi1.570796326795,controlled,0.001,1.570796326795,-1,0.05,fit_ok,resolved,True,mixed,1.5819359155955226e-09,1.9953935363399932e-08,1,1,False,same_sign,1.837199944780441e-08,-1.837199944780441e-08,False,state,2.3821150501570967e-08,False,-2.2239214585975444e-08,0.0,-2.2238951844984566e-08,conservative,3.867215138171035e-09,unsafe,-2.627409908783756e-13,conservative
1108,C,lambda_1.872983346207417,yoshida4,controlled_q0.001_phi3.141592653590,controlled,0.001,3.14159265359,-1,0.05,fit_ok,resolved,True,E_state_hartree,1.5819359155955226e-09,6.054385963081031e-08,1,1,False,same_sign,5.896192371521479e-08,-5.896192371521479e-08,False,no_positive_component,5.9922006640759905e-09,False,-4.410264748480468e-09,0.0,-4.4100020074895895e-09,conservative,-5.455165896673432e-08,conservative,-2.627409908783756e-13,conservative
1109,C,lambda_1.872983346207417,yoshida4,controlled_q0.001_phi4.712388980385,controlled,0.001,4.712388980385,-1,0.05,fit_ok,resolved,True,mixed,1.5819359155955226e-09,-7.167103630764415e-09,-1,1,True,sign_crossing,-8.749039546359938e-09,-5.585167715168892e-09,False,not_attributed_sign_crossing,-1.1027989880587116e-08,True,-9.446053964991594e-09,,,not_attributed_sign_crossing,,not_attributed_sign_crossing,,not_attributed_sign_crossing
1110,C,lambda_1.872983346207417,yoshida4,controlled_q0.010_phi0.000000000000,controlled,0.01,0.0,-1,0.05,fit_ok,resolved,True,E_state_hartree,1.5819359155955226e-09,-1.641875440439308e-07,-1,1,True,sign_crossing,-1.6576947995952633e-07,-1.6260560812833529e-07,False,not_attributed_sign_crossing,7.582735088568479e-09,False,-6.000799172972956e-09,,,not_attributed_sign_crossing,,not_attributed_sign_crossing,,not_attributed_sign_crossing
1111,C,lambda_1.872983346207417,yoshida4,controlled_q0.010_phi1.570796326795,controlled,0.01,1.570796326795,-1,0.05,fit_ok,resolved,True,mixed,1.5819359155955226e-09,4.8966631862240725e-08,1,1,False,same_sign,4.73846959466452e-08,-4.73846959466452e-08,False,state,6.116231116872854e-08,False,-5.958037525313302e-08,0.0,-5.9580112512142144e-08,conservative,1.219567930648782e-08,unsafe,-2.627409908783756e-13,conservative
1112,C,lambda_1.872983346207417,yoshida4,controlled_q0.010_phi3.141592653590,controlled,0.01,3.14159265359,-1,0.05,fit_ok,resolved,True,E_state_hartree,1.5819359155955226e-09,1.7674375155691655e-07,1,1,False,same_sign,1.7516181564132102e-07,-1.7516181564132102e-07,False,no_positive_component,5.0367603706806465e-09,False,-3.454824455085124e-09,0.0,-3.4545617140942455e-09,conservative,-1.717069911862359e-07,conservative,-2.627409908783756e-13,conservative
1113,C,lambda_1.872983346207417,yoshida4,controlled_q0.010_phi4.712388980385,controlled,0.01,4.712388980385,-1,0.05,fit_ok,resolved,True,mixed,1.5819359155955226e-09,-3.6410424349344296e-08,-1,1,True,sign_crossing,-3.799236026493982e-08,-3.482848843374877e-08,False,not_attributed_sign_crossing,-4.854281543440031e-08,True,-4.6960879518804786e-08,,,not_attributed_sign_crossing,,not_attributed_sign_crossing,,not_attributed_sign_crossing
1114,C,lambda_1.872983346207417,yoshida4,controlled_q0.050_phi0.000000000000,controlled,0.05,0.0,-1,0.05,fit_ok,resolved,True,E_state_hartree,1.5819359155955226e-09,-3.676273160662115e-07,-1,1,True,sign_crossing,-3.69209251981807e-07,-3.6604538015061595e-07,False,not_attributed_sign_crossing,8.712213956565806e-09,False,-7.130278040970283e-09,,,not_attributed_sign_crossing,,not_attributed_sign_crossing,,not_attributed_sign_crossing
1115,C,lambda_1.872983346207417,yoshida4,controlled_q0.050_phi1.570796326795,controlled,0.05,1.570796326795,-1,0.05,fit_ok,resolved,True,mixed,1.5819359155955226e-09,9.927180120827236e-08,1,1,False,same_sign,9.768986529267684e-08,-9.768986529267684e-08,False,state,1.2607447834827079e-07,False,-1.2449254243267526e-07,0.0,-1.2449227969168439e-07,conservative,2.6802677139998424e-08,unsafe,-2.627409908783756e-13,conservative
1116,C,lambda_1.872983346207417,yoshida4,controlled_q0.050_phi3.141592653590,controlled,0.05,3.14159265359,-1,0.05,fit_ok,resolved,True,E_state_hartree,1.5819359155955226e-09,3.7915852704752534e-07,1,1,False,same_sign,3.775765911319298e-07,-3.775765911319298e-07,False,no_positive_component,3.1354367560651305e-09,False,-1.5535008404696079e-09,0.0,-1.5532380994787295e-09,conservative,-3.760230902914602e-07,conservative,-2.627409908783756e-13,conservative
1117,C,lambda_1.872983346207417,yoshida4,controlled_q0.050_phi4.712388980385,controlled,0.05,4.712388980385,-1,0.05,fit_ok,resolved,True,mixed,1.5819359155955226e-09,-8.774059022703602e-08,-1,1,True,sign_crossing,-8.932252614263155e-08,-8.61586543114405e-08,False,not_attributed_sign_crossing,-1.1422682775686215e-07,True,-1.1264489184126663e-07,,,not_attributed_sign_crossing,,not_attributed_sign_crossing,,not_attributed_sign_crossing
1118,C,lambda_1.872983346207417,yoshida4,controlled_q0.001_phi0.000000000000,controlled,0.001,0.0,-1,0.08,fit_ok,resolved,True,E_state_hartree,2.6453393919823043e-08,-2.975263731073983e-07,-1,1,True,sign_crossing,-3.2397976702722133e-07,-2.7107297918757525e-07,False,not_attributed_sign_crossing,5.7842741535742394e-08,False,-3.138934761591935e-08,,,not_attributed_sign_crossing,,not_attributed_sign_crossing,,not_attributed_sign_crossing
1119,C,lambda_1.872983346207417,yoshida4,controlled_q0.001_phi1.570796326795,controlled,0.001,1.570796326795,-1,0.08,fit_ok,resolved,True,mixed,2.6453393919823043e-08,1.4633320470239068e-07,1,1,False,same_sign,1.1987981078256764e-07,-1.1987981078256764e-07,False,state,1.8675797193407353e-07,False,-1.603045780142505e-07,0.0,-1.602933118611937e-07,conservative,4.0424767231682855e-08,unsafe,-1.126615305678693e-11,conservative
1120,C,lambda_1.872983346207417,yoshida4,controlled_q0.001_phi3.141592653590,controlled,0.001,3.14159265359,-1,0.08,fit_ok,resolved,True,E_state_hartree,2.6453393919823043e-08,4.082341413901801e-07,1,1,False,same_sign,3.8178074747035706e-07,-3.8178074747035706e-07,False,no_positive_component,5.297088538733134e-08,False,-2.65174914675083e-08,0.0,-2.6506225314451514e-08,conservative,-3.5526325600284876e-07,conservative,-1.126615305678693e-11,conservative
1121,C,lambda_1.872983346207417,yoshida4,controlled_q0.001_phi4.712388980385,controlled,0.001,4.712388980385,-1,0.08,fit_ok,resolved,True,mixed,2.6453393919823043e-08,-3.5625436419459606e-08,-1,1,True,sign_crossing,-6.207883033928265e-08,-9.172042499636563e-09,False,not_attributed_sign_crossing,-7.594434503910422e-08,True,-4.9490951119281175e-08,,,not_attributed_sign_crossing,,not_attributed_sign_crossing,,not_attributed_sign_crossing
1122,C,lambda_1.872983346207417,yoshida4,controlled_q0.010_phi0.000000000000,controlled,0.01,0.0,-1,0.08,fit_ok,resolved,True,E_state_hartree,2.6453393919823043e-08,-1.056511863566143e-06,-1,1,True,sign_crossing,-1.082965257485966e-06,-1.03005846964632e-06,False,not_attributed_sign_crossing,6.255311455915631e-08,False,-3.609972063933327e-08,,,not_attributed_sign_crossing,,not_attributed_sign_crossing,,not_attributed_sign_crossing
1123,C,lambda_1.872983346207417,yoshida4,controlled_q0.010_phi1.570796326795,controlled,0.01,1.570796326795,-1,0.08,fit_ok,resolved,True,mixed,2.6453393919823043e-08,3.4075850401944207e-07,1,1,False,same_sign,3.14305110099619e-07,-3.14305110099619e-07,False,state,4.683783809340526e-07,False,-4.4192498701422953e-07,0.0,-4.4191372086117275e-07,conservative,1.276198769146105e-07,unsafe,-1.126615305678693e-11,conservative
1124,C,lambda_1.872983346207417,yoshida4,controlled_q0.010_phi3.141592653590,controlled,0.01,3.14159265359,-1,0.08,fit_ok,resolved,True,E_state_hartree,2.6453393919823043e-08,1.1652228985532427e-06,1,1,False,same_sign,1.1387695046334196e-06,-1.1387695046334196e-06,False,no_positive_component,4.7216506830859806e-08,False,-2.0763112911036763e-08,0.0,-2.075184675798003e-08,conservative,-1.1180063917223829e-06,conservative,-1.126615305678693e-11,conservative
1125,C,lambda_1.872983346207417,yoshida4,controlled_q0.010_phi4.712388980385,controlled,0.01,4.712388980385,-1,0.08,fit_ok,resolved,True,mixed,2.6453393919823043e-08,-2.320474690329122e-07,-1,1,True,sign_crossing,-2.5850086295273524e-07,-2.0559407511308916e-07,False,not_attributed_sign_crossing,-3.586087596384028e-07,True,-3.3215536571857976e-07,,,not_attributed_sign_crossing,,not_attributed_sign_crossing,,not_attributed_sign_crossing
1126,C,lambda_1.872983346207417,yoshida4,controlled_q0.050_phi0.000000000000,controlled,0.05,0.0,-1,0.08,fit_ok,resolved,True,E_state_hartree,2.6453393919823043e-08,-2.3833579448420137e-06,-1,1,True,sign_crossing,-2.4098113387618367e-06,-2.3569045509221906e-06,False,not_attributed_sign_crossing,6.936167460380301e-08,False,-4.2908280683979965e-08,,,not_attributed_sign_crossing,,not_attributed_sign_crossing,,not_attributed_sign_crossing
1127,C,lambda_1.872983346207417,yoshida4,controlled_q0.050_phi1.570796326795,controlled,0.05,1.570796326795,-1,0.08,fit_ok,resolved,True,mixed,2.6453393919823043e-08,6.772637785938869e-07,1,1,False,same_sign,6.508103846740639e-07,-6.508103846740639e-07,False,state,9.582931623077599e-07,False,-9.318397683879368e-07,0.0,-9.318285022348801e-07,conservative,2.8102938371387297e-07,unsafe,-1.126615305678693e-11,conservative
1128,C,lambda_1.872983346207417,yoshida4,controlled_q0.050_phi3.141592653590,controlled,0.05,3.14159265359,-1,0.08,fit_ok,resolved,True,E_state_hartree,2.6453393919823043e-08,2.4831946096260874e-06,1,1,False,same_sign,2.4567412157062644e-06,-2.4567412157062644e-06,False,no_positive_component,3.576792219484642e-08,False,-9.314528275023375e-09,0.0,-9.303262121966641e-09,conservative,-2.447426687431241e-06,conservative,-1.126615305678693e-11,conservative
1129,C,lambda_1.872983346207417,yoshida4,controlled_q0.050_phi4.712388980385,controlled,0.05,4.712388980385,-1,0.08,fit_ok,resolved,True,mixed,2.6453393919823043e-08,-5.77427113810311e-07,-1,1,True,sign_crossing,-6.03880507730134e-07,-5.509737198904879e-07,False,not_attributed_sign_crossing,-8.531635652682731e-07,True,-8.267101713484501e-07,,,not_attributed_sign_crossing,,not_attributed_sign_crossing,,not_attributed_sign_crossing
1130,C,lambda_1.872983346207417,yoshida4,controlled_q0.001_phi0.000000000000,controlled,0.001,0.0,-1,0.12,fit_ok,resolved,True,E_state_hartree,2.992964982517776e-07,-1.3457425357760892e-06,-1,1,True,sign_crossing,-1.6450390340278668e-06,-1.0464460375243116e-06,False,not_attributed_sign_crossing,4.307660389253585e-07,False,-1.314695406735809e-07,,,not_attributed_sign_crossing,,not_attributed_sign_crossing,,not_attributed_sign_crossing
1131,C,lambda_1.872983346207417,yoshida4,controlled_q0.001_phi1.570796326795,controlled,0.001,1.570796326795,-1,0.12,fit_ok,resolved,True,mixed,2.992964982517776e-07,9.024285932019868e-07,1,1,False,same_sign,6.031320949502091e-07,-6.031320949502091e-07,False,state,1.207336565423735e-06,False,-9.080400671719574e-07,0.0,-9.077555927928459e-07,conservative,3.0490797222174835e-07,unsafe,-2.8447437911164816e-10,conservative
1132,C,lambda_1.872983346207417,yoshida4,controlled_q0.001_phi3.141592653590,controlled,0.001,3.14159265359,-1,0.12,fit_ok,resolved,True,E_state_hartree,2.992964982517776e-07,2.185629717199304e-06,1,1,False,same_sign,1.8863332189475263e-06,-1.8863332189475263e-06,False,no_positive_component,4.103194663883809e-07,False,-1.110229681366033e-07,0.0,-1.1073849375749165e-07,conservative,-1.775310250810923e-06,conservative,-2.8447437911164816e-10,conservative
1133,C,lambda_1.872983346207417,yoshida4,controlled_q0.001_phi4.712388980385,controlled,0.001,4.712388980385,-1,0.12,fit_ok,resolved,True,mixed,2.992964982517776e-07,-6.254141177805761e-08,-1,1,True,sign_crossing,-3.618379100298352e-07,2.3675508647372e-07,True,not_attributed_sign_crossing,-3.662510600790639e-07,True,-6.695456182728626e-08,,,not_attributed_sign_crossing,,not_attributed_sign_crossing,,not_attributed_sign_crossing
1134,C,lambda_1.872983346207417,yoshida4,controlled_q0.010_phi0.000000000000,controlled,0.01,0.0,-1,0.12,fit_ok,resolved,True,E_state_hartree,2.992964982517776e-07,-5.14601212577884e-06,-1,1,True,sign_crossing,-5.445308624030618e-06,-4.846715627527063e-06,False,not_attributed_sign_crossing,4.5054399203518626e-07,False,-1.5124749378340864e-07,,,not_attributed_sign_crossing,,not_attributed_sign_crossing,,not_attributed_sign_crossing
1135,C,lambda_1.872983346207417,yoshida4,controlled_q0.010_phi1.570796326795,controlled,0.01,1.570796326795,-1,0.12,fit_ok,resolved,True,mixed,2.992964982517776e-07,1.931232698548677e-06,1,1,False,same_sign,1.6319362002968995e-06,-1.6319362002968995e-06,False,state,2.895188738466737e-06,False,-2.5958922402149594e-06,0.0,-2.5956077658358478e-06,conservative,9.6395603991806e-07,unsafe,-2.8447437911164816e-10,conservative
1136,C,lambda_1.872983346207417,yoshida4,controlled_q0.010_phi3.141592653590,controlled,0.01,3.14159265359,-1,0.12,fit_ok,resolved,True,E_state_hartree,2.992964982517776e-07,5.97075104140484e-06,1,1,False,same_sign,5.671454543153062e-06,-5.671454543153062e-06,False,no_positive_component,3.8617816249605043e-07,False,-8.688166424427281e-08,0.0,-8.659718986516116e-08,conservative,-5.584572878908789e-06,conservative,-2.8447437911164816e-10,conservative
1137,C,lambda_1.872983346207417,yoshida4,controlled_q0.010_phi4.712388980385,controlled,0.01,4.712388980385,-1,0.12,fit_ok,resolved,True,mixed,2.992964982517776e-07,-1.1064937829254002e-06,-1,1,True,sign_crossing,-1.4057902811771779e-06,-8.071972846736226e-07,False,not_attributed_sign_crossing,-2.0584665839332917e-06,True,-1.759170085681514e-06,,,not_attributed_sign_crossing,,not_attributed_sign_crossing,,not_attributed_sign_crossing
1138,C,lambda_1.872983346207417,yoshida4,controlled_q0.050_phi0.000000000000,controlled,0.05,0.0,-1,0.12,fit_ok,resolved,True,E_state_hartree,2.992964982517776e-07,-1.1796534322417783e-05,-1,1,True,sign_crossing,-1.209583082066956e-05,-1.1497237824166006e-05,False,not_attributed_sign_crossing,4.791591363724146e-07,False,-1.7986263812063693e-07,,,not_attributed_sign_crossing,,not_attributed_sign_crossing,,not_attributed_sign_crossing
1139,C,lambda_1.872983346207417,yoshida4,controlled_q0.050_phi1.570796326795,controlled,0.05,1.570796326795,-1,0.12,fit_ok,resolved,True,mixed,2.992964982517776e-07,3.7056689403909908e-06,1,1,False,same_sign,3.406372442139213e-06,-3.406372442139213e-06,False,state,5.833980215049081e-06,False,-5.534683716797303e-06,-4.235164736271502e-22,-5.5343992424181915e-06,conservative,2.1283112746580896e-06,unsafe,-2.8447437911164816e-10,conservative
1140,C,lambda_1.872983346207417,yoshida4,controlled_q0.050_phi3.141592653590,controlled,0.05,3.14159265359,-1,0.12,fit_ok,resolved,True,E_state_hartree,2.992964982517776e-07,1.2553947612278407e-05,1,1,False,same_sign,1.2254651114026629e-05,-1.2254651114026629e-05,False,no_positive_component,3.381703480143784e-07,False,-3.887384976260077e-08,0.0,-3.8589375383489124e-08,conservative,-1.2215777264264028e-05,conservative,-2.8447437911164816e-10,conservative
1141,C,lambda_1.872983346207417,yoshida4,controlled_q0.050_phi4.712388980385,controlled,0.05,4.712388980385,-1,0.12,fit_ok,resolved,True,mixed,2.992964982517776e-07,-2.9482556505327795e-06,-1,1,True,sign_crossing,-3.247552148784557e-06,-2.648959152281002e-06,False,not_attributed_sign_crossing,-5.016650730527992e-06,True,-4.717354232276214e-06,,,not_attributed_sign_crossing,,not_attributed_sign_crossing,,not_attributed_sign_crossing
1142,C,lambda_1.872983346207417,yoshida4,controlled_q0.001_phi0.000000000000,controlled,0.001,0.0,-1,0.18,fit_ok,resolved,True,E_state_hartree,3.3578724145666428e-06,-4.984800231578899e-06,-1,1,True,sign_crossing,-8.342672646145542e-06,-1.6269278170122566e-06,False,not_attributed_sign_crossing,3.7547763813009184e-06,False,-3.9690396673427566e-07,,,not_attributed_sign_crossing,,not_attributed_sign_crossing,,not_attributed_sign_crossing
1143,C,lambda_1.872983346207417,yoshida4,controlled_q0.001_phi1.570796326795,controlled,0.001,1.570796326795,-1,0.18,fit_ok,resolved,True,mixed,3.3578724145666428e-06,6.409460482222271e-06,1,1,False,same_sign,3.0515880676556286e-06,-3.0515880676556286e-06,False,state,8.688505545026593e-06,False,-5.33063313045995e-06,4.235164736271502e-22,-5.323585087479645e-06,conservative,2.2790450628043204e-06,unsafe,-7.0480429803035145e-09,conservative
1144,C,lambda_1.872983346207417,yoshida4,controlled_q0.001_phi3.141592653590,controlled,0.001,3.14159265359,-1,0.18,fit_ok,resolved,True,E_state_hartree,3.3578724145666428e-06,1.2419601230883917e-05,1,1,False,same_sign,9.061728816317274e-06,-9.061728816317274e-06,False,no_positive_component,3.6934842998343107e-06,False,-3.3561188526766795e-07,0.0,-3.2856384228736486e-07,conservative,-8.726116931049606e-06,conservative,-7.0480429803035145e-09,conservative
1145,C,lambda_1.872983346207417,yoshida4,controlled_q0.001_phi4.712388980385,controlled,0.001,4.712388980385,-1,0.18,fit_ok,resolved,True,mixed,3.3578724145666428e-06,1.0253405170858937e-06,1,1,False,same_sign,-2.332531897480749e-06,2.332531897480749e-06,True,fit,-1.2402448638874457e-06,True,2.117627550679197e-06,0.0,4.605165321434392e-06,unsafe,-2.2655853809733394e-06,conservative,-7.0480429803035145e-09,conservative
1146,C,lambda_1.872983346207417,yoshida4,controlled_q0.010_phi0.000000000000,controlled,0.01,0.0,-1,0.18,fit_ok,resolved,True,E_state_hartree,3.3578724145666428e-06,-2.3744182874418698e-05,-1,1,True,sign_crossing,-2.710205528898534e-05,-2.0386310459852055e-05,False,not_attributed_sign_crossing,3.814125370197694e-06,False,-4.562529556310513e-07,,,not_attributed_sign_crossing,,not_attributed_sign_crossing,,not_attributed_sign_crossing
1147,C,lambda_1.872983346207417,yoshida4,controlled_q0.010_phi1.570796326795,controlled,0.01,1.570796326795,-1,0.18,fit_ok,resolved,True,mixed,3.3578724145666428e-06,1.212496054814852e-05,1,1,False,same_sign,8.767088133581876e-06,-8.767088133581876e-06,False,state,1.9345509408779802e-05,False,-1.598763699421316e-05,1.6940658945086007e-21,-1.5980588951232855e-05,conservative,7.220548860631283e-06,unsafe,-7.0480429803035145e-09,conservative
1148,C,lambda_1.872983346207417,yoshida4,controlled_q0.010_phi3.141592653590,controlled,0.01,3.14159265359,-1,0.18,fit_ok,resolved,True,E_state_hartree,3.3578724145666428e-06,3.104488926652181e-05,1,1,False,same_sign,2.768701685195517e-05,-2.768701685195517e-05,False,no_positive_component,3.6211778402073243e-06,False,-2.633054256406815e-07,0.0,-2.562573826603767e-07,conservative,-2.7423711426314488e-05,conservative,-7.0480429803035145e-09,conservative
1149,C,lambda_1.872983346207417,yoshida4,controlled_q0.010_phi4.712388980385,controlled,0.01,4.712388980385,-1,0.18,fit_ok,resolved,True,mixed,3.3578724145666428e-06,-4.824254156057341e-06,-1,1,True,sign_crossing,-8.182126570623984e-06,-1.4663817414906978e-06,False,not_attributed_sign_crossing,-1.1910206198434368e-05,True,-8.552333783867725e-06,,,not_attributed_sign_crossing,,not_attributed_sign_crossing,,not_attributed_sign_crossing
1150,C,lambda_1.872983346207417,yoshida4,controlled_q0.050_phi0.000000000000,controlled,0.05,0.0,-1,0.18,fit_ok,resolved,True,E_state_hartree,3.3578724145666428e-06,-5.665342478429568e-05,-1,1,True,sign_crossing,-6.001129719886232e-05,-5.3295552369729035e-05,False,not_attributed_sign_crossing,3.900176171466216e-06,False,-5.423037568995731e-07,,,not_attributed_sign_crossing,,not_attributed_sign_crossing,,not_attributed_sign_crossing
1151,C,lambda_1.872983346207417,yoshida4,controlled_q0.050_phi1.570796326795,controlled,0.05,1.570796326795,-1,0.18,fit_ok,resolved,True,mixed,3.3578724145666428e-06,2.1915392036637683e-05,1,1,False,same_sign,1.855751962207104e-05,-1.855751962207104e-05,False,state,3.792057228543999e-05,False,-3.4562699870873344e-05,-3.3881317890172014e-21,-3.455565182789304e-05,conservative,1.6005180248802304e-05,unsafe,-7.0480429803035145e-09,conservative
1152,C,lambda_1.872983346207417,yoshida4,controlled_q0.050_phi3.141592653590,controlled,0.05,3.14159265359,-1,0.18,fit_ok,resolved,True,E_state_hartree,3.3578724145666428e-06,6.335815514439043e-05,1,1,False,same_sign,6.000028272982379e-05,-6.000028272982379e-05,False,no_positive_component,3.4775382801379115e-06,False,-1.196658655712687e-07,0.0,-1.1261782259096732e-07,conservative,-5.988061686425252e-05,conservative,-7.0480429803035145e-09,conservative
1153,C,lambda_1.872983346207417,yoshida4,controlled_q0.050_phi4.712388980385,controlled,0.05,4.712388980385,-1,0.18,fit_ok,resolved,True,mixed,3.3578724145666428e-06,-1.5210661676553934e-05,-1,1,True,sign_crossing,-1.8568534091120575e-05,-1.1852789261987292e-05,False,not_attributed_sign_crossing,-3.054285783383551e-05,True,-2.7184985419268865e-05,,,not_attributed_sign_crossing,,not_attributed_sign_crossing,,not_attributed_sign_crossing
1154,C,lambda_1.872983346207417,yoshida4,controlled_q0.001_phi0.000000000000,controlled,0.001,0.0,-1,0.27,fit_ok,resolved,True,E_state_hartree,3.696624146454219e-05,-4.413245416600589e-06,-1,1,True,sign_crossing,-4.137948688114278e-05,3.2552996047941605e-05,True,not_attributed_sign_crossing,3.701148902082421e-05,False,-4.524755628201638e-08,,,not_attributed_sign_crossing,,not_attributed_sign_crossing,,not_attributed_sign_crossing
1155,C,lambda_1.872983346207417,yoshida4,controlled_q0.001_phi1.570796326795,controlled,0.001,1.570796326795,-1,0.27,fit_ok,resolved,True,mixed,3.696624146454219e-05,5.3417074418453855e-05,1,1,False,same_sign,1.6450832953911662e-05,-1.6450832953911662e-05,False,state,7.009541933912442e-05,False,-3.3129177874582225e-05,-3.3881317890172014e-21,-3.2962119967177875e-05,conservative,1.667834492067056e-05,unsafe,-1.6705790740434933e-07,conservative
1156,C,lambda_1.872983346207417,yoshida4,controlled_q0.001_phi3.141592653590,controlled,0.001,3.14159265359,-1,0.27,fit_ok,resolved,True,E_state_hartree,3.696624146454219e-05,7.830682848342828e-05,1,1,False,same_sign,4.134058701888609e-05,-4.134058701888609e-05,False,fit,3.703062724349147e-05,False,-6.438577894927707e-08,0.0,1.0267212845507226e-07,unsafe,-4.127620123993681e-05,conservative,-1.6705790740434933e-07,conservative
1157,C,lambda_1.872983346207417,yoshida4,controlled_q0.001_phi4.712388980385,controlled,0.001,4.712388980385,-1,0.27,fit_ok,resolved,True,mixed,3.696624146454219e-05,2.0476508648384454e-05,1,1,False,same_sign,-1.648973281615774e-05,1.648973281615774e-05,True,fit,3.946696925188311e-06,False,3.301954453935388e-05,-3.3881317890172014e-21,3.318660244675823e-05,unsafe,-1.6529811723196143e-05,conservative,-1.6705790740434933e-07,conservative
1158,C,lambda_1.872983346207417,yoshida4,controlled_q0.010_phi0.000000000000,controlled,0.01,0.0,-1,0.27,fit_ok,resolved,True,E_state_hartree,3.696624146454219e-05,-9.392101860653465e-05,-1,1,True,sign_crossing,-0.00013088726007107684,-5.695477714199245e-05,False,not_attributed_sign_crossing,3.699295895179567e-05,False,-2.6717487253477687e-08,,,not_attributed_sign_crossing,,not_attributed_sign_crossing,,not_attributed_sign_crossing
1159,C,lambda_1.872983346207417,yoshida4,controlled_q0.010_phi1.570796326795,controlled,0.01,1.570796326795,-1,0.27,fit_ok,resolved,True,mixed,3.696624146454219e-05,8.812888251816939e-05,1,1,False,same_sign,5.11626410536272e-05,-5.11626410536272e-05,False,state,0.00014114120264894118,False,-0.00010417496118439898,-6.776263578034403e-21,-0.00010400790327699463,conservative,5.301232013077178e-05,unsafe,-1.6705790740434933e-07,conservative
1160,C,lambda_1.872983346207417,yoshida4,controlled_q0.010_phi3.141592653590,controlled,0.01,3.14159265359,-1,0.27,fit_ok,resolved,True,E_state_hartree,3.696624146454219e-05,0.00016648185167816905,1,1,False,same_sign,0.00012951561021362686,-0.00012951561021362686,False,fit,3.7053206094716704e-05,False,-8.69646301745108e-08,0.0,8.009327722983853e-08,unsafe,-0.00012942864558345235,conservative,-1.6705790740434933e-07,conservative
1161,C,lambda_1.872983346207417,yoshida4,controlled_q0.010_phi4.712388980385,controlled,0.01,4.712388980385,-1,0.27,fit_ok,resolved,True,mixed,3.696624146454219e-05,-1.556804944657432e-05,-1,1,True,sign_crossing,-5.2534290911116515e-05,2.1398192017967872e-05,True,not_attributed_sign_crossing,-6.709503760241091e-05,True,-3.0128796137868718e-05,,,not_attributed_sign_crossing,,not_attributed_sign_crossing,,not_attributed_sign_crossing
1162,C,lambda_1.872983346207417,yoshida4,controlled_q0.050_phi0.000000000000,controlled,0.05,0.0,-1,0.27,fit_ok,resolved,True,E_state_hartree,3.696624146454219e-05,-0.00025187826714977146,-1,1,True,sign_crossing,-0.00028884450861431366,-0.00021491202568522927,False,not_attributed_sign_crossing,3.696609626843207e-05,False,1.451961101264082e-10,,,not_attributed_sign_crossing,,not_attributed_sign_crossing,,not_attributed_sign_crossing
1163,C,lambda_1.872983346207417,yoshida4,controlled_q0.050_phi1.570796326795,controlled,0.05,1.570796326795,-1,0.27,fit_ok,resolved,True,mixed,3.696624146454219e-05,0.00014688914040246497,1,1,False,same_sign,0.00010992289893792278,-0.00010992289893792278,False,state,0.00026509544368157566,False,-0.00022812920221703347,0.0,-0.0002279621443096291,conservative,0.00011820630327911066,unsafe,-1.6705790740434933e-07,conservative
1164,C,lambda_1.872983346207417,yoshida4,controlled_q0.050_phi3.141592653590,controlled,0.05,3.14159265359,-1,0.27,fit_ok,resolved,True,E_state_hartree,3.696624146454219e-05,0.000318515766909436,1,1,False,same_sign,0.0002815495254448938,-0.0002815495254448938,False,fit,3.709806336562178e-05,False,-1.318219010795871e-07,5.421010862427522e-20,3.523600632478934e-08,unsafe,-0.0002814177035438142,conservative,-1.6705790740434933e-07,conservative
1165,C,lambda_1.872983346207417,yoshida4,controlled_q0.050_phi4.712388980385,controlled,0.05,4.712388980385,-1,0.27,fit_ok,resolved,True,mixed,3.696624146454219e-05,-8.025164064284238e-05,-1,1,True,sign_crossing,-0.00011721788210738457,-4.3285399178300186e-05,False,not_attributed_sign_crossing,-0.000191031284047552,True,-0.00015406504258300981,,,not_attributed_sign_crossing,,not_attributed_sign_crossing,,not_attributed_sign_crossing
1166,C,lambda_1.872983346207417,yoshida4,controlled_q0.001_phi0.000000000000,controlled,0.001,0.0,-1,0.4,fit_ok,resolved,True,E_state_hartree,0.00036324978603330393,0.00019445426114592503,1,1,False,same_sign,-0.0001687955248873789,0.0001687955248873789,True,state,0.00036650504927435536,False,-3.2552632410514292e-06,0.0,-8.18650760798633e-09,conservative,0.00017205078812843034,unsafe,-3.247076733443443e-06,conservative
1167,C,lambda_1.872983346207417,yoshida4,controlled_q0.001_phi1.570796326795,controlled,0.001,1.570796326795,-1,0.4,fit_ok,resolved,True,mixed,0.00036324978603330393,0.00047454979521131205,1,1,False,same_sign,0.00011130000917800812,-0.00011130000917800812,False,state,0.0005840521351830291,False,-0.00022080234914972517,0.0,-0.00021755527241628173,conservative,0.00010950233997171705,unsafe,-3.247076733443443e-06,conservative
1168,C,lambda_1.872983346207417,yoshida4,controlled_q0.001_phi3.141592653590,controlled,0.001,3.14159265359,-1,0.4,fit_ok,resolved,True,E_state_hartree,0.00036324978603330393,0.000537088563936904,1,1,False,same_sign,0.0001738387779036001,-0.0001738387779036001,False,no_positive_component,0.0003665037632595414,False,-3.2539772262374757e-06,0.0,-6.900492794032799e-09,conservative,-0.00017058480067736262,conservative,-3.247076733443443e-06,conservative
1169,C,lambda_1.872983346207417,yoshida4,controlled_q0.001_phi4.712388980385,controlled,0.001,4.712388980385,-1,0.4,fit_ok,resolved,True,mixed,0.00036324978603330393,0.0002569930298715129,1,1,False,same_sign,-0.00010625675616179105,0.00010625675616179105,True,fit,0.0001489566773508681,False,0.00021429310868243583,0.0,0.00021754018541587927,unsafe,-0.00010803635252064478,conservative,-3.247076733443443e-06,conservative
1170,C,lambda_1.872983346207417,yoshida4,controlled_q0.010_phi0.000000000000,controlled,0.01,0.0,-1,0.4,fit_ok,resolved,True,E_state_hartree,0.00036324978603330393,-0.00018013222044793405,-1,1,True,sign_crossing,-0.000543382006481238,0.00018311756558536988,True,not_attributed_sign_crossing,0.00036650629439975496,False,-3.256508366451024e-06,,,not_attributed_sign_crossing,,not_attributed_sign_crossing,,not_attributed_sign_crossing
1171,C,lambda_1.872983346207417,yoshida4,controlled_q0.010_phi1.570796326795,controlled,0.01,1.570796326795,-1,0.4,fit_ok,resolved,True,mixed,0.00036324978603330393,0.0007016087837090456,1,1,False,same_sign,0.0003383589976757417,-0.0003383589976757417,False,state,0.00105134472504655,False,-0.0006880949390132461,0.0,-0.0006848478622798026,conservative,0.00034973594133750436,unsafe,-3.247076733443443e-06,conservative
1172,C,lambda_1.872983346207417,yoshida4,controlled_q0.010_phi3.141592653590,controlled,0.01,3.14159265359,-1,0.4,fit_ok,resolved,True,E_state_hartree,0.00036324978603330393,0.0008984808863609329,1,1,False,same_sign,0.000535231100327629,-0.000535231100327629,False,no_positive_component,0.00036650224602391434,False,-3.2524599906104098e-06,0.0,-5.383257166966839e-09,conservative,-0.0005319786403370186,conservative,-3.247076733443443e-06,conservative
1173,C,lambda_1.872983346207417,yoshida4,controlled_q0.010_phi4.712388980385,controlled,0.01,4.712388980385,-1,0.4,fit_ok,resolved,True,mixed,0.00036324978603330393,1.6739882203982193e-05,1,1,False,same_sign,-0.00034650990382932177,0.00034650990382932177,True,fit,-0.0003183361846228819,True,4.4913601410422055e-05,0.0,0.0006848330473896293,unsafe,-0.00033507606682686404,conservative,-3.247076733443443e-06,conservative
1174,C,lambda_1.872983346207417,yoshida4,controlled_q0.050_phi0.000000000000,controlled,0.05,0.0,-1,0.4,fit_ok,resolved,True,E_state_hartree,0.00036324978603330393,-0.0008514588083383268,-1,1,True,sign_crossing,-0.0012147085943716306,-0.0004882090223050228,False,not_attributed_sign_crossing,0.0003665080993626367,False,-3.258313329332764e-06,,,not_attributed_sign_crossing,,not_attributed_sign_crossing,,not_attributed_sign_crossing
1175,C,lambda_1.872983346207417,yoshida4,controlled_q0.050_phi1.570796326795,controlled,0.05,1.570796326795,-1,0.4,fit_ok,resolved,True,mixed,0.00036324978603330393,0.0010799323771991081,1,1,False,same_sign,0.0007166825911658042,-0.0007166825911658042,False,state,0.0018665981510136121,False,-0.0015033483649803082,0.0,-0.0015001012882468647,conservative,0.000786665773814504,unsafe,-3.247076733443443e-06,conservative
1176,C,lambda_1.872983346207417,yoshida4,controlled_q0.050_phi3.141592653590,controlled,0.05,3.14159265359,-1,0.4,fit_ok,resolved,True,E_state_hartree,0.00036324978603330393,0.0015111667668298572,1,1,False,same_sign,0.0011479169807965533,-0.0011479169807965533,False,no_positive_component,0.00036649923168224343,False,-3.2494456489394995e-06,0.0,-2.368915496056556e-09,conservative,-0.0011446675351476138,conservative,-3.247076733443443e-06,conservative
1177,C,lambda_1.872983346207417,yoshida4,controlled_q0.050_phi4.712388980385,controlled,0.05,4.712388980385,-1,0.4,fit_ok,resolved,True,mixed,0.00036324978603330393,-0.00042022441870763667,-1,1,True,sign_crossing,-0.0007834742047409406,-5.697463267433274e-05,False,not_attributed_sign_crossing,-0.0011335908199688002,True,-0.0007703410339354962,,,not_attributed_sign_crossing,,not_attributed_sign_crossing,,not_attributed_sign_crossing
1178,C,lambda_1.872983346207417,yoshida4,controlled_q0.001_phi0.000000000000,controlled,0.001,0.0,1,0.05,fit_ok,resolved,True,E_state_hartree,1.5819359155955226e-09,-4.775702789819817e-08,-1,1,True,sign_crossing,-4.9338963813793694e-08,-4.617509198260265e-08,False,not_attributed_sign_crossing,6.8009598631624854e-09,False,-5.219023947566963e-09,,,not_attributed_sign_crossing,,not_attributed_sign_crossing,,not_attributed_sign_crossing
1179,C,lambda_1.872983346207417,yoshida4,controlled_q0.001_phi1.570796326795,controlled,0.001,1.570796326795,1,0.05,fit_ok,resolved,True,mixed,1.5819359155955226e-09,1.9953935363399932e-08,1,1,False,same_sign,1.837199944780441e-08,-1.837199944780441e-08,False,no_positive_component,1.609304911357723e-08,False,-1.4511113197981709e-08,0.0,-1.451085045699083e-08,conservative,-3.8608862498227e-09,conservative,-2.627409908783756e-13,conservative
1180,C,lambda_1.872983346207417,yoshida4,controlled_q0.001_phi3.141592653590,controlled,0.001,3.14159265359,1,0.05,fit_ok,resolved,True,E_state_hartree,1.5819359155955226e-09,6.054385963081031e-08,1,1,False,same_sign,5.896192371521479e-08,-5.896192371521479e-08,False,no_positive_component,5.992200664076037e-09,False,-4.410264748480514e-09,0.0,-4.410002007489636e-09,conservative,-5.4551658966734275e-08,conservative,-2.627409908783756e-13,conservative
1181,C,lambda_1.872983346207417,yoshida4,controlled_q0.001_phi4.712388980385,controlled,0.001,4.712388980385,1,0.05,fit_ok,resolved,True,mixed,1.5819359155955226e-09,-7.167103630764415e-09,-1,1,True,sign_crossing,-8.749039546359938e-09,-5.585167715168892e-09,False,not_attributed_sign_crossing,-3.29988849259338e-09,True,-1.7179525769978573e-09,,,not_attributed_sign_crossing,,not_attributed_sign_crossing,,not_attributed_sign_crossing
1182,C,lambda_1.872983346207417,yoshida4,controlled_q0.010_phi0.000000000000,controlled,0.01,0.0,1,0.05,fit_ok,resolved,True,E_state_hartree,1.5819359155955226e-09,-1.641875440439308e-07,-1,1,True,sign_crossing,-1.6576947995952633e-07,-1.6260560812833529e-07,False,not_attributed_sign_crossing,7.582735088568479e-09,False,-6.000799172972956e-09,,,not_attributed_sign_crossing,,not_attributed_sign_crossing,,not_attributed_sign_crossing
1183,C,lambda_1.872983346207417,yoshida4,controlled_q0.010_phi1.570796326795,controlled,0.01,1.570796326795,1,0.05,fit_ok,resolved,True,mixed,1.5819359155955226e-09,4.8966631862240725e-08,1,1,False,same_sign,4.73846959466452e-08,-4.73846959466452e-08,False,no_positive_component,3.683424077718471e-08,False,-3.525230486158919e-08,0.0,-3.525204212059831e-08,conservative,-1.2132391085056012e-08,conservative,-2.627409908783756e-13,conservative
1184,C,lambda_1.872983346207417,yoshida4,controlled_q0.010_phi3.141592653590,controlled,0.01,3.14159265359,1,0.05,fit_ok,resolved,True,E_state_hartree,1.5819359155955226e-09,1.7674375155691655e-07,1,1,False,same_sign,1.7516181564132102e-07,-1.7516181564132102e-07,False,no_positive_component,5.0367603706806465e-09,False,-3.454824455085124e-09,0.0,-3.4545617140942455e-09,conservative,-1.717069911862359e-07,conservative,-2.627409908783756e-13,conservative
1185,C,lambda_1.872983346207417,yoshida4,controlled_q0.010_phi4.712388980385,controlled,0.01,4.712388980385,1,0.05,fit_ok,resolved,True,mixed,1.5819359155955226e-09,-3.6410424349344296e-08,-1,1,True,sign_crossing,-3.799236026493982e-08,-3.482848843374877e-08,False,not_attributed_sign_crossing,-2.4214745042856476e-08,True,-2.2632809127260953e-08,,,not_attributed_sign_crossing,,not_attributed_sign_crossing,,not_attributed_sign_crossing
1186,C,lambda_1.872983346207417,yoshida4,controlled_q0.050_phi0.000000000000,controlled,0.05,0.0,1,0.05,fit_ok,resolved,True,E_state_hartree,1.5819359155955226e-09,-3.676273160662115e-07,-1,1,True,sign_crossing,-3.69209251981807e-07,-3.6604538015061595e-07,False,not_attributed_sign_crossing,8.712213956565806e-09,False,-7.130278040970283e-09,,,not_attributed_sign_crossing,,not_attributed_sign_crossing,,not_attributed_sign_crossing
1187,C,lambda_1.872983346207417,yoshida4,controlled_q0.050_phi1.570796326795,controlled,0.05,1.570796326795,1,0.05,fit_ok,resolved,True,mixed,1.5819359155955226e-09,9.927180120827236e-08,1,1,False,same_sign,9.768986529267684e-08,-9.768986529267684e-08,False,no_positive_component,7.278556395600199e-08,False,-7.120362804040647e-08,0.0,-7.120336529941559e-08,conservative,-2.648623725227037e-08,conservative,-2.627409908783756e-13,conservative
1188,C,lambda_1.872983346207417,yoshida4,controlled_q0.050_phi3.141592653590,controlled,0.05,3.14159265359,1,0.05,fit_ok,resolved,True,E_state_hartree,1.5819359155955226e-09,3.7915852704752534e-07,1,1,False,same_sign,3.775765911319298e-07,-3.775765911319298e-07,False,no_positive_component,3.1354367560651305e-09,False,-1.5535008404696079e-09,0.0,-1.5532380994787295e-09,conservative,-3.760230902914602e-07,conservative,-2.627409908783756e-13,conservative
1189,C,lambda_1.872983346207417,yoshida4,controlled_q0.050_phi4.712388980385,controlled,0.05,4.712388980385,1,0.05,fit_ok,resolved,True,mixed,1.5819359155955226e-09,-8.774059022703602e-08,-1,1,True,sign_crossing,-8.932252614263155e-08,-8.61586543114405e-08,False,not_attributed_sign_crossing,-6.09379130870376e-08,True,-5.935597717144208e-08,,,not_attributed_sign_crossing,,not_attributed_sign_crossing,,not_attributed_sign_crossing
1190,C,lambda_1.872983346207417,yoshida4,controlled_q0.001_phi0.000000000000,controlled,0.001,0.0,1,0.08,fit_ok,resolved,True,E_state_hartree,2.6453393919823043e-08,-2.975263731073983e-07,-1,1,True,sign_crossing,-3.2397976702722133e-07,-2.7107297918757525e-07,False,not_attributed_sign_crossing,5.7842741535742394e-08,False,-3.138934761591935e-08,,,not_attributed_sign_crossing,,not_attributed_sign_crossing,,not_attributed_sign_crossing
1191,C,lambda_1.872983346207417,yoshida4,controlled_q0.001_phi1.570796326795,controlled,0.001,1.570796326795,1,0.08,fit_ok,resolved,True,mixed,2.6453393919823043e-08,1.4633320470239068e-07,1,1,False,same_sign,1.1987981078256764e-07,-1.1987981078256764e-07,False,no_positive_component,1.0601429608274607e-07,False,-7.956090216292302e-08,0.0,-7.954963600986624e-08,conservative,-4.031890861964461e-08,conservative,-1.126615305678693e-11,conservative
1192,C,lambda_1.872983346207417,yoshida4,controlled_q0.001_phi3.141592653590,controlled,0.001,3.14159265359,1,0.08,fit_ok,resolved,True,E_state_hartree,2.6453393919823043e-08,4.082341413901801e-07,1,1,False,same_sign,3.8178074747035706e-07,-3.8178074747035706e-07,False,no_positive_component,5.297088538733166e-08,False,-2.6517491467508618e-08,0.0,-2.650622531445183e-08,conservative,-3.5526325600284844e-07,conservative,-1.126615305678693e-11,conservative
1193,C,lambda_1.872983346207417,yoshida4,controlled_q0.001_phi4.712388980385,controlled,0.001,4.712388980385,1,0.08,fit_ok,resolved,True,mixed,2.6453393919823043e-08,-3.5625436419459606e-08,-1,1,True,sign_crossing,-6.207883033928265e-08,-9.172042499636563e-09,False,not_attributed_sign_crossing,4.79933081222325e-09,False,2.1654063107599793e-08,,,not_attributed_sign_crossing,,not_attributed_sign_crossing,,not_attributed_sign_crossing
1194,C,lambda_1.872983346207417,yoshida4,controlled_q0.010_phi0.000000000000,controlled,0.01,0.0,1,0.08,fit_ok,resolved,True,E_state_hartree,2.6453393919823043e-08,-1.056511863566143e-06,-1,1,True,sign_crossing,-1.082965257485966e-06,-1.03005846964632e-06,False,not_attributed_sign_crossing,6.255311455915631e-08,False,-3.609972063933327e-08,,,not_attributed_sign_crossing,,not_attributed_sign_crossing,,not_attributed_sign_crossing
1195,C,lambda_1.872983346207417,yoshida4,controlled_q0.010_phi1.570796326795,controlled,0.01,1.570796326795,1,0.08,fit_ok,resolved,True,mixed,2.6453393919823043e-08,3.4075850401944207e-07,1,1,False,same_sign,3.14305110099619e-07,-3.14305110099619e-07,False,no_positive_component,2.1419721341395146e-07,False,-1.8774381949412842e-07,0.0,-1.8773255334107163e-07,conservative,-1.265612906054906e-07,conservative,-1.126615305678693e-11,conservative
1196,C,lambda_1.872983346207417,yoshida4,controlled_q0.010_phi3.141592653590,controlled,0.01,3.14159265359,1,0.08,fit_ok,resolved,True,E_state_hartree,2.6453393919823043e-08,1.1652228985532427e-06,1,1,False,same_sign,1.1387695046334196e-06,-1.1387695046334196e-06,False,no_positive_component,4.721650683086023e-08,False,-2.0763112911037187e-08,0.0,-2.0751846757980453e-08,conservative,-1.1180063917223824e-06,conservative,-1.126615305678693e-11,conservative
1197,C,lambda_1.872983346207417,yoshida4,controlled_q0.010_phi4.712388980385,controlled,0.01,4.712388980385,1,0.08,fit_ok,resolved,True,mixed,2.6453393919823043e-08,-2.320474690329122e-07,-1,1,True,sign_crossing,-2.5850086295273524e-07,-2.0559407511308916e-07,False,not_attributed_sign_crossing,-1.0442759211830169e-07,True,-7.797419819847865e-08,,,not_attributed_sign_crossing,,not_attributed_sign_crossing,,not_attributed_sign_crossing
1198,C,lambda_1.872983346207417,yoshida4,controlled_q0.050_phi0.000000000000,controlled,0.05,0.0,1,0.08,fit_ok,resolved,True,E_state_hartree,2.6453393919823043e-08,-2.3833579448420137e-06,-1,1,True,sign_crossing,-2.4098113387618367e-06,-2.3569045509221906e-06,False,not_attributed_sign_crossing,6.936167460380301e-08,False,-4.2908280683979965e-08,,,not_attributed_sign_crossing,,not_attributed_sign_crossing,,not_attributed_sign_crossing
1199,C,lambda_1.872983346207417,yoshida4,controlled_q0.050_phi1.570796326795,controlled,0.05,1.570796326795,1,0.08,fit_ok,resolved,True,mixed,2.6453393919823043e-08,6.772637785938869e-07,1,1,False,same_sign,6.508103846740639e-07,-6.508103846740639e-07,False,no_positive_component,4.0152732696245237e-07,False,-3.750739330426293e-07,0.0,-3.7506266688957254e-07,conservative,-2.757364516314346e-07,conservative,-1.126615305678693e-11,conservative
1200,C,lambda_1.872983346207417,yoshida4,controlled_q0.050_phi3.141592653590,controlled,0.05,3.14159265359,1,0.08,fit_ok,resolved,True,E_state_hartree,2.6453393919823043e-08,2.4831946096260874e-06,1,1,False,same_sign,2.4567412157062644e-06,-2.4567412157062644e-06,False,no_positive_component,3.576792219484642e-08,False,-9.314528275023375e-09,0.0,-9.303262121966641e-09,conservative,-2.447426687431241e-06,conservative,-1.126615305678693e-11,conservative
1201,C,lambda_1.872983346207417,yoshida4,controlled_q0.050_phi4.712388980385,controlled,0.05,4.712388980385,1,0.08,fit_ok,resolved,True,mixed,2.6453393919823043e-08,-5.77427113810311e-07,-1,1,True,sign_crossing,-6.03880507730134e-07,-5.509737198904879e-07,False,not_attributed_sign_crossing,-2.9639773026991034e-07,True,-2.699443363500873e-07,,,not_attributed_sign_crossing,,not_attributed_sign_crossing,,not_attributed_sign_crossing
1202,C,lambda_1.872983346207417,yoshida4,controlled_q0.001_phi0.000000000000,controlled,0.001,0.0,1,0.12,fit_ok,resolved,True,E_state_hartree,2.992964982517776e-07,-1.3457425357760892e-06,-1,1,True,sign_crossing,-1.6450390340278668e-06,-1.0464460375243116e-06,False,not_attributed_sign_crossing,4.307660389253585e-07,False,-1.314695406735809e-07,,,not_attributed_sign_crossing,,not_attributed_sign_crossing,,not_attributed_sign_crossing
1203,C,lambda_1.872983346207417,yoshida4,controlled_q0.001_phi1.570796326795,controlled,0.001,1.570796326795,1,0.12,fit_ok,resolved,True,mixed,2.992964982517776e-07,9.024285932019868e-07,1,1,False,same_sign,6.031320949502091e-07,-6.031320949502091e-07,False,no_positive_component,5.987189449009805e-07,False,-2.9942244664920284e-07,0.0,-2.991379722700912e-07,conservative,-3.037096483010063e-07,conservative,-2.8447437911164816e-10,conservative
1204,C,lambda_1.872983346207417,yoshida4,controlled_q0.001_phi3.141592653590,controlled,0.001,3.14159265359,1,0.12,fit_ok,resolved,True,E_state_hartree,2.992964982517776e-07,2.185629717199304e-06,1,1,False,same_sign,1.8863332189475263e-06,-1.8863332189475263e-06,False,no_positive_component,4.1031946638838176e-07,False,-1.1102296813660414e-07,0.0,-1.107384937574925e-07,conservative,-1.7753102508109221e-06,conservative,-2.8447437911164816e-10,conservative
1205,C,lambda_1.872983346207417,yoshida4,controlled_q0.001_phi4.712388980385,controlled,0.001,4.712388980385,1,0.12,fit_ok,resolved,True,mixed,2.992964982517776e-07,-6.254141177805761e-08,-1,1,True,sign_crossing,-3.618379100298352e-07,2.3675508647372e-07,True,not_attributed_sign_crossing,2.423665604436907e-07,False,5.6929937808086906e-08,,,not_attributed_sign_crossing,,not_attributed_sign_crossing,,not_attributed_sign_crossing
1206,C,lambda_1.872983346207417,yoshida4,controlled_q0.010_phi0.000000000000,controlled,0.01,0.0,1,0.12,fit_ok,resolved,True,E_state_hartree,2.992964982517776e-07,-5.14601212577884e-06,-1,1,True,sign_crossing,-5.445308624030618e-06,-4.846715627527063e-06,False,not_attributed_sign_crossing,4.5054399203518626e-07,False,-1.5124749378340864e-07,,,not_attributed_sign_crossing,,not_attributed_sign_crossing,,not_attributed_sign_crossing
1207,C,lambda_1.872983346207417,yoshida4,controlled_q0.010_phi1.570796326795,controlled,0.01,1.570796326795,1,0.12,fit_ok,resolved,True,mixed,2.992964982517776e-07,1.931232698548677e-06,1,1,False,same_sign,1.6319362002968995e-06,-1.6319362002968995e-06,False,no_positive_component,9.792598975407858e-07,False,-6.799633992890082e-07,0.0,-6.796789249098966e-07,conservative,-9.519728010078912e-07,conservative,-2.8447437911164816e-10,conservative
1208,C,lambda_1.872983346207417,yoshida4,controlled_q0.010_phi3.141592653590,controlled,0.01,3.14159265359,1,0.12,fit_ok,resolved,True,E_state_hartree,2.992964982517776e-07,5.97075104140484e-06,1,1,False,same_sign,5.671454543153062e-06,-5.671454543153062e-06,False,no_positive_component,3.861781624960462e-07,False,-8.688166424426857e-08,0.0,-8.659718986515693e-08,conservative,-5.5845728789087935e-06,conservative,-2.8447437911164816e-10,conservative
1209,C,lambda_1.872983346207417,yoshida4,controlled_q0.010_phi4.712388980385,controlled,0.01,4.712388980385,1,0.12,fit_ok,resolved,True,mixed,2.992964982517776e-07,-1.1064937829254002e-06,-1,1,True,sign_crossing,-1.4057902811771779e-06,-8.071972846736226e-07,False,not_attributed_sign_crossing,-1.425377430073403e-07,True,1.5675875524443732e-07,,,not_attributed_sign_crossing,,not_attributed_sign_crossing,,not_attributed_sign_crossing
1210,C,lambda_1.872983346207417,yoshida4,controlled_q0.050_phi0.000000000000,controlled,0.05,0.0,1,0.12,fit_ok,resolved,True,E_state_hartree,2.992964982517776e-07,-1.1796534322417783e-05,-1,1,True,sign_crossing,-1.209583082066956e-05,-1.1497237824166006e-05,False,not_attributed_sign_crossing,4.791591363724146e-07,False,-1.7986263812063693e-07,,,not_attributed_sign_crossing,,not_attributed_sign_crossing,,not_attributed_sign_crossing
1211,C,lambda_1.872983346207417,yoshida4,controlled_q0.050_phi1.570796326795,controlled,0.05,1.570796326795,1,0.12,fit_ok,resolved,True,mixed,2.992964982517776e-07,3.7056689403909908e-06,1,1,False,same_sign,3.406372442139213e-06,-3.406372442139213e-06,False,no_positive_component,1.6372738603957787e-06,False,-1.337977362144001e-06,0.0,-1.3376928877648894e-06,conservative,-2.068395079995212e-06,conservative,-2.8447437911164816e-10,conservative
1212,C,lambda_1.872983346207417,yoshida4,controlled_q0.050_phi3.141592653590,controlled,0.05,3.14159265359,1,0.12,fit_ok,resolved,True,E_state_hartree,2.992964982517776e-07,1.2553947612278407e-05,1,1,False,same_sign,1.2254651114026629e-05,-1.2254651114026629e-05,False,no_positive_component,3.381703480143801e-07,False,-3.8873849762602466e-08,0.0,-3.858937538349082e-08,conservative,-1.2215777264264027e-05,conservative,-2.8447437911164816e-10,conservative
1213,C,lambda_1.872983346207417,yoshida4,controlled_q0.050_phi4.712388980385,controlled,0.05,4.712388980385,1,0.12,fit_ok,resolved,True,mixed,2.992964982517776e-07,-2.9482556505327795e-06,-1,1,True,sign_crossing,-3.247552148784557e-06,-2.648959152281002e-06,False,not_attributed_sign_crossing,-8.1994437587469e-07,True,-5.206478776229123e-07,,,not_attributed_sign_crossing,,not_attributed_sign_crossing,,not_attributed_sign_crossing
1214,C,lambda_1.872983346207417,yoshida4,controlled_q0.001_phi0.000000000000,controlled,0.001,0.0,1,0.18,fit_ok,resolved,True,E_state_hartree,3.3578724145666428e-06,-4.984800231578899e-06,-1,1,True,sign_crossing,-8.342672646145542e-06,-1.6269278170122566e-06,False,not_attributed_sign_crossing,3.7547763813009184e-06,False,-3.9690396673427566e-07,,,not_attributed_sign_crossing,,not_attributed_sign_crossing,,not_attributed_sign_crossing
1215,C,lambda_1.872983346207417,yoshida4,controlled_q0.001_phi1.570796326795,controlled,0.001,1.570796326795,1,0.18,fit_ok,resolved,True,mixed,3.3578724145666428e-06,6.409460482222271e-06,1,1,False,same_sign,3.0515880676556286e-06,-3.0515880676556286e-06,False,no_positive_component,4.1438751012489324e-06,False,-7.860026866822897e-07,0.0,-7.789546437019857e-07,conservative,-2.2655853809733394e-06,conservative,-7.0480429803035145e-09,conservative
1216,C,lambda_1.872983346207417,yoshida4,controlled_q0.001_phi3.141592653590,controlled,0.001,3.14159265359,1,0.18,fit_ok,resolved,True,E_state_hartree,3.3578724145666428e-06,1.2419601230883917e-05,1,1,False,same_sign,9.061728816317274e-06,-9.061728816317274e-06,False,no_positive_component,3.693484299834316e-06,False,-3.3561188526767303e-07,0.0,-3.2856384228736994e-07,conservative,-8.726116931049601e-06,conservative,-7.0480429803035145e-09,conservative
1217,C,lambda_1.872983346207417,yoshida4,controlled_q0.001_phi4.712388980385,controlled,0.001,4.712388980385,1,0.18,fit_ok,resolved,True,mixed,3.3578724145666428e-06,1.0253405170858937e-06,1,1,False,same_sign,-2.332531897480749e-06,2.332531897480749e-06,True,state,3.3043855798902142e-06,False,5.3486834676428535e-08,0.0,6.053487765673226e-08,unsafe,2.2790450628043204e-06,unsafe,-7.0480429803035145e-09,conservative
1218,C,lambda_1.872983346207417,yoshida4,controlled_q0.010_phi0.000000000000,controlled,0.01,0.0,1,0.18,fit_ok,resolved,True,E_state_hartree,3.3578724145666428e-06,-2.3744182874418698e-05,-1,1,True,sign_crossing,-2.710205528898534e-05,-2.0386310459852055e-05,False,not_attributed_sign_crossing,3.814125370197694e-06,False,-4.562529556310513e-07,,,not_attributed_sign_crossing,,not_attributed_sign_crossing,,not_attributed_sign_crossing
1219,C,lambda_1.872983346207417,yoshida4,controlled_q0.010_phi1.570796326795,controlled,0.01,1.570796326795,1,0.18,fit_ok,resolved,True,mixed,3.3578724145666428e-06,1.212496054814852e-05,1,1,False,same_sign,8.767088133581876e-06,-8.767088133581876e-06,False,no_positive_component,5.039008505771491e-06,False,-1.6811360912048486e-06,0.0,-1.6740880482245455e-06,conservative,-7.085952042377028e-06,conservative,-7.0480429803035145e-09,conservative
1220,C,lambda_1.872983346207417,yoshida4,controlled_q0.010_phi3.141592653590,controlled,0.01,3.14159265359,1,0.18,fit_ok,resolved,True,E_state_hartree,3.3578724145666428e-06,3.104488926652181e-05,1,1,False,same_sign,2.768701685195517e-05,-2.768701685195517e-05,False,no_positive_component,3.6211778402073175e-06,False,-2.633054256406747e-07,0.0,-2.5625738266036994e-07,conservative,-2.7423711426314494e-05,conservative,-7.0480429803035145e-09,conservative
1221,C,lambda_1.872983346207417,yoshida4,controlled_q0.010_phi4.712388980385,controlled,0.01,4.712388980385,1,0.18,fit_ok,resolved,True,mixed,3.3578724145666428e-06,-4.824254156057341e-06,-1,1,True,sign_crossing,-8.182126570623984e-06,-1.4663817414906978e-06,False,not_attributed_sign_crossing,2.3962947045739424e-06,False,9.615777099927003e-07,,,not_attributed_sign_crossing,,not_attributed_sign_crossing,,not_attributed_sign_crossing
1222,C,lambda_1.872983346207417,yoshida4,controlled_q0.050_phi0.000000000000,controlled,0.05,0.0,1,0.18,fit_ok,resolved,True,E_state_hartree,3.3578724145666428e-06,-5.665342478429568e-05,-1,1,True,sign_crossing,-6.001129719886232e-05,-5.3295552369729035e-05,False,not_attributed_sign_crossing,3.900176171466216e-06,False,-5.423037568995731e-07,,,not_attributed_sign_crossing,,not_attributed_sign_crossing,,not_attributed_sign_crossing
1223,C,lambda_1.872983346207417,yoshida4,controlled_q0.050_phi1.570796326795,controlled,0.05,1.570796326795,1,0.18,fit_ok,resolved,True,mixed,3.3578724145666428e-06,2.1915392036637683e-05,1,1,False,same_sign,1.855751962207104e-05,-1.855751962207104e-05,False,no_positive_component,6.583195879356109e-06,False,-3.225323464789466e-06,0.0,-3.218275421809161e-06,conservative,-1.5332196157281575e-05,conservative,-7.0480429803035145e-09,conservative
1224,C,lambda_1.872983346207417,yoshida4,controlled_q0.050_phi3.141592653590,controlled,0.05,3.14159265359,1,0.18,fit_ok,resolved,True,E_state_hartree,3.3578724145666428e-06,6.335815514439043e-05,1,1,False,same_sign,6.000028272982379e-05,-6.000028272982379e-05,False,no_positive_component,3.4775382801379115e-06,False,-1.196658655712687e-07,0.0,-1.1261782259096732e-07,conservative,-5.988061686425252e-05,conservative,-7.0480429803035145e-09,conservative
1225,C,lambda_1.872983346207417,yoshida4,controlled_q0.050_phi4.712388980385,controlled,0.05,4.712388980385,1,0.18,fit_ok,resolved,True,mixed,3.3578724145666428e-06,-1.5210661676553934e-05,-1,1,True,sign_crossing,-1.8568534091120575e-05,-1.1852789261987292e-05,False,not_attributed_sign_crossing,7.945185723254697e-07,False,2.563353842241173e-06,,,not_attributed_sign_crossing,,not_attributed_sign_crossing,,not_attributed_sign_crossing
1226,C,lambda_1.872983346207417,yoshida4,controlled_q0.001_phi0.000000000000,controlled,0.001,0.0,1,0.27,fit_ok,resolved,True,E_state_hartree,3.696624146454219e-05,-4.413245416600589e-06,-1,1,True,sign_crossing,-4.137948688114278e-05,3.2552996047941605e-05,True,not_attributed_sign_crossing,3.701148902082421e-05,False,-4.524755628201638e-08,,,not_attributed_sign_crossing,,not_attributed_sign_crossing,,not_attributed_sign_crossing
1227,C,lambda_1.872983346207417,yoshida4,controlled_q0.001_phi1.570796326795,controlled,0.001,1.570796326795,1,0.27,fit_ok,resolved,True,mixed,3.696624146454219e-05,5.3417074418453855e-05,1,1,False,same_sign,1.6450832953911662e-05,-1.6450832953911662e-05,False,fit,3.688726269525771e-05,False,7.897876928448106e-08,0.0,2.460366766888304e-07,unsafe,-1.6529811723196143e-05,conservative,-1.6705790740434933e-07,conservative
1228,C,lambda_1.872983346207417,yoshida4,controlled_q0.001_phi3.141592653590,controlled,0.001,3.14159265359,1,0.27,fit_ok,resolved,True,E_state_hartree,3.696624146454219e-05,7.830682848342828e-05,1,1,False,same_sign,4.134058701888609e-05,-4.134058701888609e-05,False,fit,3.703062724349146e-05,False,-6.438577894926352e-08,0.0,1.0267212845508581e-07,unsafe,-4.1276201239936826e-05,conservative,-1.6705790740434933e-07,conservative
1229,C,lambda_1.872983346207417,yoshida4,controlled_q0.001_phi4.712388980385,controlled,0.001,4.712388980385,1,0.27,fit_ok,resolved,True,mixed,3.696624146454219e-05,2.0476508648384454e-05,1,1,False,same_sign,-1.648973281615774e-05,1.648973281615774e-05,True,state,3.715485356905501e-05,False,-1.8861210451282006e-07,0.0,-2.155419710847073e-08,conservative,1.667834492067056e-05,unsafe,-1.6705790740434933e-07,conservative
1230,C,lambda_1.872983346207417,yoshida4,controlled_q0.010_phi0.000000000000,controlled,0.01,0.0,1,0.27,fit_ok,resolved,True,E_state_hartree,3.696624146454219e-05,-9.392101860653465e-05,-1,1,True,sign_crossing,-0.00013088726007107684,-5.695477714199245e-05,False,not_attributed_sign_crossing,3.699295895179567e-05,False,-2.6717487253477687e-08,,,not_attributed_sign_crossing,,not_attributed_sign_crossing,,not_attributed_sign_crossing
1231,C,lambda_1.872983346207417,yoshida4,controlled_q0.010_phi1.570796326795,controlled,0.01,1.570796326795,1,0.27,fit_ok,resolved,True,mixed,3.696624146454219e-05,8.812888251816939e-05,1,1,False,same_sign,5.11626410536272e-05,-5.11626410536272e-05,False,fit,3.660189436233279e-05,False,3.643471022094001e-07,0.0,5.314050096137495e-07,unsafe,-5.15269881558366e-05,conservative,-1.6705790740434933e-07,conservative
1232,C,lambda_1.872983346207417,yoshida4,controlled_q0.010_phi3.141592653590,controlled,0.01,3.14159265359,1,0.27,fit_ok,resolved,True,E_state_hartree,3.696624146454219e-05,0.00016648185167816905,1,1,False,same_sign,0.00012951561021362686,-0.00012951561021362686,False,fit,3.705320609471676e-05,False,-8.696463017456501e-08,0.0,8.009327722978432e-08,unsafe,-0.0001294286455834523,conservative,-1.6705790740434933e-07,conservative
1233,C,lambda_1.872983346207417,yoshida4,controlled_q0.010_phi4.712388980385,controlled,0.01,4.712388980385,1,0.27,fit_ok,resolved,True,mixed,3.696624146454219e-05,-1.556804944657432e-05,-1,1,True,sign_crossing,-5.2534290911116515e-05,2.1398192017967872e-05,True,not_attributed_sign_crossing,3.744427068419746e-05,False,-4.780292196552644e-07,,,not_attributed_sign_crossing,,not_attributed_sign_crossing,,not_attributed_sign_crossing
1234,C,lambda_1.872983346207417,yoshida4,controlled_q0.050_phi0.000000000000,controlled,0.05,0.0,1,0.27,fit_ok,resolved,True,E_state_hartree,3.696624146454219e-05,-0.00025187826714977146,-1,1,True,sign_crossing,-0.00028884450861431366,-0.00021491202568522927,False,not_attributed_sign_crossing,3.696609626843207e-05,False,1.451961101264082e-10,,,not_attributed_sign_crossing,,not_attributed_sign_crossing,,not_attributed_sign_crossing
1235,C,lambda_1.872983346207417,yoshida4,controlled_q0.050_phi1.570796326795,controlled,0.05,1.570796326795,1,0.27,fit_ok,resolved,True,mixed,3.696624146454219e-05,0.00014688914040246497,1,1,False,same_sign,0.00010992289893792278,-0.00010992289893792278,False,fit,3.610949699775536e-05,False,8.567444667868351e-07,0.0,1.0238023741911844e-06,unsafe,-0.00011077964340470961,conservative,-1.6705790740434933e-07,conservative
1236,C,lambda_1.872983346207417,yoshida4,controlled_q0.050_phi3.141592653590,controlled,0.05,3.14159265359,1,0.27,fit_ok,resolved,True,E_state_hartree,3.696624146454219e-05,0.000318515766909436,1,1,False,same_sign,0.0002815495254448938,-0.0002815495254448938,False,fit,3.709806336562167e-05,False,-1.3182190107947868e-07,-5.421010862427522e-20,3.523600632484355e-08,unsafe,-0.0002814177035438143,conservative,-1.6705790740434933e-07,conservative
1237,C,lambda_1.872983346207417,yoshida4,controlled_q0.050_phi4.712388980385,controlled,0.05,4.712388980385,1,0.27,fit_ok,resolved,True,mixed,3.696624146454219e-05,-8.025164064284238e-05,-1,1,True,sign_crossing,-0.00011721788210738457,-4.3285399178300186e-05,False,not_attributed_sign_crossing,3.795466263626828e-05,False,-9.884211717260872e-07,,,not_attributed_sign_crossing,,not_attributed_sign_crossing,,not_attributed_sign_crossing
1238,C,lambda_1.872983346207417,yoshida4,controlled_q0.001_phi0.000000000000,controlled,0.001,0.0,1,0.4,fit_ok,resolved,True,E_state_hartree,0.00036324978603330393,0.00019445426114592503,1,1,False,same_sign,-0.0001687955248873789,0.0001687955248873789,True,state,0.00036650504927435536,False,-3.2552632410514292e-06,0.0,-8.18650760798633e-09,conservative,0.00017205078812843034,unsafe,-3.247076733443443e-06,conservative
1239,C,lambda_1.872983346207417,yoshida4,controlled_q0.001_phi1.570796326795,controlled,0.001,1.570796326795,1,0.4,fit_ok,resolved,True,mixed,0.00036324978603330393,0.00047454979521131205,1,1,False,same_sign,0.00011130000917800812,-0.00011130000917800812,False,no_positive_component,0.0003665134426906673,False,-3.2636566573633445e-06,0.0,-1.6579923919901596e-08,conservative,-0.00010803635252064478,conservative,-3.247076733443443e-06,conservative
1240,C,lambda_1.872983346207417,yoshida4,controlled_q0.001_phi3.141592653590,controlled,0.001,3.14159265359,1,0.4,fit_ok,resolved,True,E_state_hartree,0.00036324978603330393,0.000537088563936904,1,1,False,same_sign,0.0001738387779036001,-0.0001738387779036001,False,no_positive_component,0.0003665037632595416,False,-3.2539772262376926e-06,0.0,-6.900492794249639e-09,conservative,-0.0001705848006773624,conservative,-3.247076733443443e-06,conservative
1241,C,lambda_1.872983346207417,yoshida4,controlled_q0.001_phi4.712388980385,controlled,0.001,4.712388980385,1,0.4,fit_ok,resolved,True,mixed,0.00036324978603330393,0.0002569930298715129,1,1,False,same_sign,-0.00010625675616179105,0.00010625675616179105,True,state,0.00036649536984322993,False,-3.245583809925994e-06,0.0,1.4929235174487854e-09,unsafe,0.00010950233997171705,unsafe,-3.247076733443443e-06,conservative
1242,C,lambda_1.872983346207417,yoshida4,controlled_q0.010_phi0.000000000000,controlled,0.01,0.0,1,0.4,fit_ok,resolved,True,E_state_hartree,0.00036324978603330393,-0.00018013222044793405,-1,1,True,sign_crossing,-0.000543382006481238,0.00018311756558536988,True,not_attributed_sign_crossing,0.00036650629439975496,False,-3.256508366451024e-06,,,not_attributed_sign_crossing,,not_attributed_sign_crossing,,not_attributed_sign_crossing
1243,C,lambda_1.872983346207417,yoshida4,controlled_q0.010_phi1.570796326795,controlled,0.01,1.570796326795,1,0.4,fit_ok,resolved,True,mixed,0.00036324978603330393,0.0007016087837090456,1,1,False,same_sign,0.0003383589976757417,-0.0003383589976757417,False,no_positive_component,0.0003665327168821816,False,-3.282930848877647e-06,0.0,-3.5854115434203956e-08,conservative,-0.00033507606682686404,conservative,-3.247076733443443e-06,conservative
1244,C,lambda_1.872983346207417,yoshida4,controlled_q0.010_phi3.141592653590,controlled,0.01,3.14159265359,1,0.4,fit_ok,resolved,True,E_state_hartree,0.00036324978603330393,0.0008984808863609329,1,1,False,same_sign,0.000535231100327629,-0.000535231100327629,False,no_positive_component,0.0003665022460239141,False,-3.252459990610193e-06,0.0,-5.383257166749998e-09,conservative,-0.0005319786403370188,conservative,-3.247076733443443e-06,conservative
1245,C,lambda_1.872983346207417,yoshida4,controlled_q0.010_phi4.712388980385,controlled,0.01,4.712388980385,1,0.4,fit_ok,resolved,True,mixed,0.00036324978603330393,1.6739882203982193e-05,1,1,False,same_sign,-0.00034650990382932177,0.00034650990382932177,True,state,0.00036647582354148653,False,-3.2260375081825943e-06,0.0,2.1039225260821538e-08,unsafe,0.00034973594133750436,unsafe,-3.247076733443443e-06,conservative
1246,C,lambda_1.872983346207417,yoshida4,controlled_q0.050_phi0.000000000000,controlled,0.05,0.0,1,0.4,fit_ok,resolved,True,E_state_hartree,0.00036324978603330393,-0.0008514588083383268,-1,1,True,sign_crossing,-0.0012147085943716306,-0.0004882090223050228,False,not_attributed_sign_crossing,0.0003665080993626367,False,-3.258313329332764e-06,,,not_attributed_sign_crossing,,not_attributed_sign_crossing,,not_attributed_sign_crossing
1247,C,lambda_1.872983346207417,yoshida4,controlled_q0.050_phi1.570796326795,controlled,0.05,1.570796326795,1,0.4,fit_ok,resolved,True,mixed,0.00036324978603330393,0.0010799323771991081,1,1,False,same_sign,0.0007166825911658042,-0.0007166825911658042,False,no_positive_component,0.0003665659759379792,False,-3.316189904675271e-06,0.0,-6.911317123182818e-08,conservative,-0.0007133664012611289,conservative,-3.247076733443443e-06,conservative
1248,C,lambda_1.872983346207417,yoshida4,controlled_q0.050_phi3.141592653590,controlled,0.05,3.14159265359,1,0.4,fit_ok,resolved,True,E_state_hartree,0.00036324978603330393,0.0015111667668298572,1,1,False,same_sign,0.0011479169807965533,-0.0011479169807965533,False,no_positive_component,0.000366499231682243,False,-3.249445648939066e-06,0.0,-2.3689154956228753e-09,conservative,-0.0011446675351476142,conservative,-3.247076733443443e-06,conservative
1249,C,lambda_1.872983346207417,yoshida4,controlled_q0.050_phi4.712388980385,controlled,0.05,4.712388980385,1,0.4,fit_ok,resolved,True,mixed,0.00036324978603330393,-0.00042022441870763667,-1,1,True,sign_crossing,-0.0007834742047409406,-5.697463267433274e-05,False,not_attributed_sign_crossing,0.000366441355106902,False,-3.1915690735980764e-06,,,not_attributed_sign_crossing,,not_attributed_sign_crossing,,not_attributed_sign_crossing
1250,C,lambda_1.902983346207417,yoshida4,controlled_q0.001_phi0.000000000000,controlled,0.001,0.0,-1,0.05,fit_ok,resolved,True,E_state_hartree,3.8836077909110145e-08,-1.5447708710862928e-08,-1,1,True,sign_crossing,-5.4283786619973076e-08,2.3388369198247217e-08,True,not_attributed_sign_crossing,4.508808911767779e-08,False,-6.2520112085676446e-09,,,not_attributed_sign_crossing,,not_attributed_sign_crossing,,not_attributed_sign_crossing
1251,C,lambda_1.902983346207417,yoshida4,controlled_q0.001_phi1.570796326795,controlled,0.001,1.570796326795,-1,0.05,fit_ok,resolved,True,mixed,3.8836077909110145e-08,5.960276908322448e-08,1,1,False,same_sign,2.0766691174114333e-08,-2.0766691174114333e-08,False,state,6.396261619805778e-08,False,-2.5126538288947637e-08,0.0,-2.5126212508321694e-08,conservative,4.359847114833297e-09,unsafe,-3.2578062593579675e-13,conservative
1252,C,lambda_1.902983346207417,yoshida4,controlled_q0.001_phi3.141592653590,controlled,0.001,3.14159265359,-1,0.05,fit_ok,resolved,True,E_state_hartree,3.8836077909110145e-08,1.0449373650718225e-07,1,1,False,same_sign,6.56576585980721e-08,-6.56576585980721e-08,False,no_positive_component,4.41132842934004e-08,False,-5.277206384290253e-09,0.0,-5.276880603664317e-09,conservative,-6.038045221378185e-08,conservative,-3.2578062593579675e-13,conservative
1253,C,lambda_1.902983346207417,yoshida4,controlled_q0.001_phi4.712388980385,controlled,0.001,4.712388980385,-1,0.05,fit_ok,resolved,True,mixed,3.8836077909110145e-08,2.9443258713120076e-08,1,1,False,same_sign,-9.392819195990069e-09,9.392819195990069e-09,True,fit,2.5238757187958928e-08,False,1.3597320721151217e-08,0.0,1.3597646501777153e-08,unsafe,-4.204501525161149e-09,conservative,-3.2578062593579675e-13,conservative
1254,C,lambda_1.902983346207417,yoshida4,controlled_q0.010_phi0.000000000000,controlled,0.01,0.0,-1,0.05,fit_ok,resolved,True,E_state_hartree,3.8836077909110145e-08,-1.4506789745891674e-07,-1,1,True,sign_crossing,-1.839039753680269e-07,-1.062318195498066e-07,False,not_attributed_sign_crossing,4.603106493213217e-08,False,-7.194987023022023e-09,,,not_attributed_sign_crossing,,not_attributed_sign_crossing,,not_attributed_sign_crossing
1255,C,lambda_1.902983346207417,yoshida4,controlled_q0.010_phi1.570796326795,controlled,0.01,1.570796326795,-1,0.05,fit_ok,resolved,True,mixed,3.8836077909110145e-08,9.119107708496889e-08,1,1,False,same_sign,5.235499917585875e-08,-5.235499917585875e-08,False,state,1.0544809377674672e-07,False,-6.661201586763658e-08,0.0,-6.661169008701064e-08,conservative,1.4257016691777828e-08,unsafe,-3.2578062593579675e-13,conservative
1256,C,lambda_1.902983346207417,yoshida4,controlled_q0.010_phi3.141592653590,controlled,0.01,3.14159265359,-1,0.05,fit_ok,resolved,True,E_state_hartree,3.8836077909110145e-08,2.3250788467373939e-07,1,1,False,same_sign,1.9367180676462924e-07,-1.9367180676462924e-07,False,no_positive_component,4.296237843027993e-08,False,-4.126300521169787e-09,0.0,-4.125974740543864e-09,conservative,-1.8954550624345945e-07,conservative,-3.2578062593579675e-13,conservative
1257,C,lambda_1.902983346207417,yoshida4,controlled_q0.010_phi4.712388980385,controlled,0.01,4.712388980385,-1,0.05,fit_ok,resolved,True,mixed,3.8836077909110145e-08,-3.751089870183038e-09,-1,1,True,sign_crossing,-4.258716777929318e-08,3.508498803892711e-08,True,not_attributed_sign_crossing,-1.6454650698901395e-08,True,2.238142721020875e-08,,,not_attributed_sign_crossing,,not_attributed_sign_crossing,,not_attributed_sign_crossing
1258,C,lambda_1.902983346207417,yoshida4,controlled_q0.050_phi0.000000000000,controlled,0.05,0.0,-1,0.05,fit_ok,resolved,True,E_state_hartree,3.8836077909110145e-08,-3.733754824981959e-07,-1,1,True,sign_crossing,-4.1221156040730607e-07,-3.345394045890858e-07,False,not_attributed_sign_crossing,4.739552506719505e-08,False,-8.559447158084906e-09,,,not_attributed_sign_crossing,,not_attributed_sign_crossing,,not_attributed_sign_crossing
1259,C,lambda_1.902983346207417,yoshida4,controlled_q0.050_phi1.570796326795,controlled,0.05,1.570796326795,-1,0.05,fit_ok,resolved,True,mixed,3.8836077909110145e-08,1.441330588840025e-07,1,1,False,same_sign,1.0529698097489236e-07,-1.0529698097489236e-07,False,state,1.7754431668565583e-07,False,-1.387082387765457e-07,0.0,-1.3870791299591977e-07,conservative,3.341125780165334e-08,unsafe,-3.2578062593579675e-13,conservative
1260,C,lambda_1.902983346207417,yoshida4,controlled_q0.050_phi3.141592653590,controlled,0.05,3.14159265359,-1,0.05,fit_ok,resolved,True,E_state_hartree,3.8836077909110145e-08,4.536775115730334e-07,1,1,False,same_sign,4.1484143366392326e-07,-4.1484143366392326e-07,False,no_positive_component,4.06737847455896e-08,False,-1.837706836479458e-09,0.0,-1.837381055853509e-09,conservative,-4.130037268274438e-07,conservative,-3.2578062593579675e-13,conservative
1261,C,lambda_1.902983346207417,yoshida4,controlled_q0.050_phi4.712388980385,controlled,0.05,4.712388980385,-1,0.05,fit_ok,resolved,True,mixed,3.8836077909110145e-08,-6.383102980921679e-08,-1,1,True,sign_crossing,-1.0266710771832693e-07,-2.4994951900106643e-08,False,not_attributed_sign_crossing,-8.94750068764956e-08,True,-5.063892896738546e-08,,,not_attributed_sign_crossing,,not_attributed_sign_crossing,,not_attributed_sign_crossing
1262,C,lambda_1.902983346207417,yoshida4,controlled_q0.001_phi0.000000000000,controlled,0.001,0.0,-1,0.08,fit_ok,resolved,True,E_state_hartree,2.724923728880668e-07,-8.414303287804413e-08,-1,1,True,sign_crossing,-3.5663540576611097e-07,1.8834934001002268e-07,True,not_attributed_sign_crossing,3.1009096215200513e-07,False,-3.759858926393831e-08,,,not_attributed_sign_crossing,,not_attributed_sign_crossing,,not_attributed_sign_crossing
1263,C,lambda_1.902983346207417,yoshida4,controlled_q0.001_phi1.570796326795,controlled,0.001,1.570796326795,-1,0.08,fit_ok,resolved,True,mixed,2.724923728880668e-07,4.0772723901225186e-07,1,1,False,same_sign,1.3523486612418503e-07,-1.3523486612418503e-07,False,state,4.5300409429678766e-07,False,-1.8051172140872084e-07,0.0,-1.8049788965655925e-07,conservative,4.52768552845358e-08,unsafe,-1.3831752161589496e-11,conservative
1264,C,lambda_1.902983346207417,yoshida4,controlled_q0.001_phi3.141592653590,controlled,0.001,3.14159265359,-1,0.08,fit_ok,resolved,True,E_state_hartree,2.724923728880668e-07,6.973634514978972e-07,1,1,False,same_sign,4.2487107860983033e-07,-4.2487107860983033e-07,False,no_positive_component,3.042194812864081e-07,False,-3.172710839834125e-08,0.0,-3.171327664617966e-08,conservative,-3.931439702114891e-07,conservative,-1.3831752161589496e-11,conservative
1265,C,lambda_1.902983346207417,yoshida4,controlled_q0.001_phi4.712388980385,controlled,0.001,4.712388980385,-1,0.08,fit_ok,resolved,True,mixed,2.724923728880668e-07,2.0549317960776206e-07,1,1,False,same_sign,-6.699919328030476e-08,6.699919328030476e-08,True,fit,1.6130634910549062e-07,False,1.111860237825762e-07,0.0,1.111998555347378e-07,unsafe,-4.418683050227144e-08,conservative,-1.3831752161589496e-11,conservative
1266,C,lambda_1.902983346207417,yoshida4,controlled_q0.010_phi0.000000000000,controlled,0.01,0.0,-1,0.08,fit_ok,resolved,True,E_state_hartree,2.724923728880668e-07,-9.290114077440902e-07,-1,1,True,sign_crossing,-1.201503780632157e-06,-6.565190348560233e-07,False,not_attributed_sign_crossing,3.1577200318560375e-07,False,-4.327963029753693e-08,,,not_attributed_sign_crossing,,not_attributed_sign_crossing,,not_attributed_sign_crossing
1267,C,lambda_1.902983346207417,yoshida4,controlled_q0.010_phi1.570796326795,controlled,0.01,1.570796326795,-1,0.08,fit_ok,resolved,True,mixed,2.724923728880668e-07,6.193966698734949e-07,1,1,False,same_sign,3.469042969854281e-07,-3.469042969854281e-07,False,state,7.656626773117189e-07,False,-4.931703044236521e-07,0.0,-4.931564726714905e-07,conservative,1.46266007438224e-07,unsafe,-1.3831752161589496e-11,conservative
1268,C,lambda_1.902983346207417,yoshida4,controlled_q0.010_phi3.141592653590,controlled,0.01,3.14159265359,-1,0.08,fit_ok,resolved,True,E_state_hartree,2.724923728880668e-07,1.531171738653365e-06,1,1,False,same_sign,1.2586793657652982e-06,-1.2586793657652982e-06,False,no_positive_component,2.972885759092806e-07,False,-2.4796203021213782e-08,0.0,-2.4782371269052246e-08,conservative,-1.2338831627440844e-06,conservative,-1.3831752161589496e-11,conservative
1269,C,lambda_1.902983346207417,yoshida4,controlled_q0.010_phi4.712388980385,controlled,0.01,4.712388980385,-1,0.08,fit_ok,resolved,True,mixed,2.724923728880668e-07,-1.7236338964454135e-08,-1,1,True,sign_crossing,-2.8972871185252095e-07,2.552560339236127e-07,True,not_attributed_sign_crossing,-1.5260209795834675e-07,True,1.1989027492972008e-07,,,not_attributed_sign_crossing,,not_attributed_sign_crossing,,not_attributed_sign_crossing
1270,C,lambda_1.902983346207417,yoshida4,controlled_q0.050_phi0.000000000000,controlled,0.05,0.0,-1,0.08,fit_ok,resolved,True,E_state_hartree,2.724923728880668e-07,-2.4179262285964273e-06,-1,1,True,sign_crossing,-2.690418601484494e-06,-2.1454338557083604e-06,False,not_attributed_sign_crossing,3.2399613204416444e-07,False,-5.150375915609762e-08,,,not_attributed_sign_crossing,,not_attributed_sign_crossing,,not_attributed_sign_crossing
1271,C,lambda_1.902983346207417,yoshida4,controlled_q0.050_phi1.570796326795,controlled,0.05,1.570796326795,-1,0.08,fit_ok,resolved,True,mixed,2.724923728880668e-07,9.737519383781138e-07,1,1,False,same_sign,7.01259565490047e-07,-7.01259565490047e-07,False,state,1.3094497725515635e-06,False,-1.0369573996634967e-06,0.0,-1.0369435679113352e-06,conservative,3.3569783417344974e-07,unsafe,-1.3831752161589496e-11,conservative
1272,C,lambda_1.902983346207417,yoshida4,controlled_q0.050_phi3.141592653590,controlled,0.05,3.14159265359,-1,0.08,fit_ok,resolved,True,E_state_hartree,2.724923728880668e-07,2.9709306141253555e-06,1,1,False,same_sign,2.6984382412372886e-06,-2.6984382412372886e-06,False,no_positive_component,2.8350949441280854e-07,False,-1.1017121524741716e-08,0.0,-1.1003289772579968e-08,conservative,-2.687421119712547e-06,conservative,-1.3831752161589496e-11,conservative
1273,C,lambda_1.902983346207417,yoshida4,controlled_q0.050_phi4.712388980385,controlled,0.05,4.712388980385,-1,0.08,fit_ok,resolved,True,mixed,2.724923728880668e-07,-4.2074755284951747e-07,-1,1,True,sign_crossing,-6.932399257375843e-07,-1.4825517996145065e-07,False,not_attributed_sign_crossing,-7.019441460573438e-07,True,-4.2945177316927694e-07,,,not_attributed_sign_crossing,,not_attributed_sign_crossing,,not_attributed_sign_crossing
1274,C,lambda_1.902983346207417,yoshida4,controlled_q0.001_phi0.000000000000,controlled,0.001,0.0,-1,0.12,fit_ok,resolved,True,E_state_hartree,1.5641552539857884e-06,-2.4844836736986274e-07,-1,1,True,sign_crossing,-1.812603621355651e-06,1.3157068866159257e-06,True,not_attributed_sign_crossing,1.721604943013442e-06,False,-1.5744968902765362e-07,,,not_attributed_sign_crossing,,not_attributed_sign_crossing,,not_attributed_sign_crossing
1275,C,lambda_1.902983346207417,yoshida4,controlled_q0.001_phi1.570796326795,controlled,0.001,1.570796326795,-1,0.12,fit_ok,resolved,True,mixed,1.5641552539857884e-06,2.2418469751178567e-06,1,1,False,same_sign,6.776917211320683e-07,-6.776917211320683e-07,False,state,2.5820159192121553e-06,False,-1.017860665226367e-06,0.0,-1.0175117047405227e-06,conservative,3.4016894409429884e-07,unsafe,-3.489604858445055e-10,conservative
1276,C,lambda_1.902983346207417,yoshida4,controlled_q0.001_phi3.141592653590,controlled,0.001,3.14159265359,-1,0.12,fit_ok,resolved,True,E_state_hartree,1.5641552539857884e-06,3.6607636647310056e-06,1,1,False,same_sign,2.0966084107452172e-06,-2.0966084107452172e-06,False,no_positive_component,1.6969683712055895e-06,False,-1.328131172198011e-07,0.0,-1.324641567339566e-07,conservative,-1.963795293525416e-06,conservative,-3.489604858445055e-10,conservative
1277,C,lambda_1.902983346207417,yoshida4,controlled_q0.001_phi4.712388980385,controlled,0.001,4.712388980385,-1,0.12,fit_ok,resolved,True,mixed,1.5641552539857884e-06,1.170468322244055e-06,1,1,False,same_sign,-3.9368693174173326e-07,3.9368693174173326e-07,True,fit,8.365573950190283e-07,False,7.275978589667601e-07,0.0,7.279468194526046e-07,unsafe,-3.3391092722502683e-07,conservative,-3.489604858445055e-10,conservative
1278,C,lambda_1.902983346207417,yoshida4,controlled_q0.010_phi0.000000000000,controlled,0.01,0.0,-1,0.12,fit_ok,resolved,True,E_state_hartree,1.5641552539857884e-06,-4.477716307030614e-06,-1,1,True,sign_crossing,-6.041871561016402e-06,-2.9135610530448254e-06,False,not_attributed_sign_crossing,1.745453326117314e-06,False,-1.8129807213152564e-07,,,not_attributed_sign_crossing,,not_attributed_sign_crossing,,not_attributed_sign_crossing
1279,C,lambda_1.902983346207417,yoshida4,controlled_q0.010_phi1.570796326795,controlled,0.01,1.570796326795,-1,0.12,fit_ok,resolved,True,mixed,1.5641552539857884e-06,3.3617357687018584e-06,1,1,False,same_sign,1.79758051471607e-06,-1.79758051471607e-06,False,state,4.454027886838579e-06,False,-2.889872632852791e-06,0.0,-2.8895236723669465e-06,conservative,1.092292118136721e-06,unsafe,-3.489604858445055e-10,conservative
1280,C,lambda_1.902983346207417,yoshida4,controlled_q0.010_phi3.141592653590,controlled,0.01,3.14159265359,-1,0.12,fit_ok,resolved,True,E_state_hartree,1.5641552539857884e-06,7.828486839509494e-06,1,1,False,same_sign,6.264331585523705e-06,-6.264331585523705e-06,False,no_positive_component,1.667897374940435e-06,False,-1.0374212095464665e-07,0.0,-1.0339316046880172e-07,conservative,-6.160589464569059e-06,conservative,-3.489604858445055e-10,conservative
1281,C,lambda_1.902983346207417,yoshida4,controlled_q0.010_phi4.712388980385,controlled,0.01,4.712388980385,-1,0.12,fit_ok,resolved,True,mixed,1.5641552539857884e-06,-1.0965236224091276e-08,-1,1,True,sign_crossing,-1.5751204902098797e-06,1.553190017761697e-06,True,not_attributed_sign_crossing,-1.0406771856880283e-06,True,5.2347806829776e-07,,,not_attributed_sign_crossing,,not_attributed_sign_crossing,,not_attributed_sign_crossing
1282,C,lambda_1.902983346207417,yoshida4,controlled_q0.050_phi0.000000000000,controlled,0.05,0.0,-1,0.12,fit_ok,resolved,True,E_state_hartree,1.5641552539857884e-06,-1.1939313838192017e-05,-1,1,True,sign_crossing,-1.3503469092177805e-05,-1.0375158584206229e-05,False,not_attributed_sign_crossing,1.7800099510513642e-06,False,-2.1585469706557582e-07,,,not_attributed_sign_crossing,,not_attributed_sign_crossing,,not_attributed_sign_crossing
1283,C,lambda_1.902983346207417,yoshida4,controlled_q0.050_phi1.570796326795,controlled,0.05,1.570796326795,-1,0.12,fit_ok,resolved,True,mixed,1.5641552539857884e-06,5.232450395442935e-06,1,1,False,same_sign,3.6682951414571464e-06,-3.6682951414571464e-06,False,state,7.712950584587153e-06,False,-6.148795330601365e-06,4.235164736271502e-22,-6.148446370115521e-06,conservative,2.480500189144219e-06,unsafe,-3.489604858445055e-10,conservative
1284,C,lambda_1.902983346207417,yoshida4,controlled_q0.050_phi3.141592653590,controlled,0.05,3.14159265359,-1,0.12,fit_ok,resolved,True,E_state_hartree,1.5641552539857884e-06,1.5016552082305285e-05,1,1,False,same_sign,1.3452396828319497e-05,-1.3452396828319497e-05,False,no_positive_component,1.610129135956226e-06,False,-4.5973881970437684e-08,0.0,-4.5624921484592755e-08,conservative,-1.3406422946349059e-05,conservative,-3.489604858445055e-10,conservative
1285,C,lambda_1.902983346207417,yoshida4,controlled_q0.050_phi4.712388980385,controlled,0.05,4.712388980385,-1,0.12,fit_ok,resolved,True,mixed,1.5641552539857884e-06,-2.15521215133127e-06,-1,1,True,sign_crossing,-3.7193674053170586e-06,-5.910568973454818e-07,False,not_attributed_sign_crossing,-4.3228114974288265e-06,True,-2.758656243443038e-06,,,not_attributed_sign_crossing,,not_attributed_sign_crossing,,not_attributed_sign_crossing
1286,C,lambda_1.902983346207417,yoshida4,controlled_q0.001_phi0.000000000000,controlled,0.001,0.0,-1,0.18,fit_ok,resolved,True,E_state_hartree,9.972530176760586e-06,7.643592333673625e-07,1,1,False,same_sign,-9.208170943393224e-06,9.208170943393224e-06,True,state,1.0447805508092833e-05,False,-4.752753313322469e-07,0.0,-4.6664502290331395e-07,conservative,9.68344627472547e-06,unsafe,-8.630308428933723e-09,conservative
1287,C,lambda_1.902983346207417,yoshida4,controlled_q0.001_phi1.570796326795,controlled,0.001,1.570796326795,-1,0.18,fit_ok,resolved,True,mixed,9.972530176760586e-06,1.3373781347999213e-05,1,1,False,same_sign,3.401251171238627e-06,-3.401251171238627e-06,False,state,1.590821372189865e-05,False,-5.9356835451380635e-06,0.0,-5.927053236709129e-06,conservative,2.5344323738994357e-06,unsafe,-8.630308428933723e-09,conservative
1288,C,lambda_1.902983346207417,yoshida4,controlled_q0.001_phi3.141592653590,controlled,0.001,3.14159265359,-1,0.18,fit_ok,resolved,True,E_state_hartree,9.972530176760586e-06,2.0017511499891272e-05,1,1,False,same_sign,1.0044981323130687e-05,-1.0044981323130687e-05,False,no_positive_component,1.0373989867106579e-05,False,-4.0145969034599304e-07,0.0,-3.928293819170593e-07,conservative,-9.643521632784694e-06,conservative,-8.630308428933723e-09,conservative
1289,C,lambda_1.902983346207417,yoshida4,controlled_q0.001_phi4.712388980385,controlled,0.001,4.712388980385,-1,0.18,fit_ok,resolved,True,mixed,9.972530176760586e-06,7.408089385262794e-06,1,1,False,same_sign,-2.5644407914977918e-06,2.5644407914977918e-06,True,fit,4.913581653286082e-06,False,5.0589485234745035e-06,0.0,5.067578831903437e-06,unsafe,-2.4945077319767118e-06,conservative,-8.630308428933723e-09,conservative
1290,C,lambda_1.902983346207417,yoshida4,controlled_q0.010_phi0.000000000000,controlled,0.01,0.0,-1,0.18,fit_ok,resolved,True,E_state_hartree,9.972530176760586e-06,-2.0100946997041996e-05,-1,1,True,sign_crossing,-3.0073477173802582e-05,-1.012841682028141e-05,False,not_attributed_sign_crossing,1.0519332769970784e-05,False,-5.468025932101988e-07,,,not_attributed_sign_crossing,,not_attributed_sign_crossing,,not_attributed_sign_crossing
1291,C,lambda_1.902983346207417,yoshida4,controlled_q0.010_phi1.570796326795,controlled,0.01,1.570796326795,-1,0.18,fit_ok,resolved,True,mixed,9.972530176760586e-06,1.959352565598527e-05,1,1,False,same_sign,9.620995479224683e-06,-9.620995479224683e-06,False,state,2.7708702952608147e-05,False,-1.773617277584756e-05,-1.6940658945086007e-21,-1.772754246741863e-05,conservative,8.115177296622878e-06,unsafe,-8.630308428933723e-09,conservative
1292,C,lambda_1.902983346207417,yoshida4,controlled_q0.010_phi3.141592653590,controlled,0.01,3.14159265359,-1,0.18,fit_ok,resolved,True,E_state_hartree,9.972530176760586e-06,4.050799441046231e-05,1,1,False,same_sign,3.0535464233701724e-05,-3.0535464233701724e-05,False,no_positive_component,1.0286961062857127e-05,False,-3.1443088609654177e-07,0.0,-3.0580057766760636e-07,conservative,-3.0221033347605182e-05,conservative,-8.630308428933723e-09,conservative
1293,C,lambda_1.902983346207417,yoshida4,controlled_q0.010_phi4.712388980385,controlled,0.01,4.712388980385,-1,0.18,fit_ok,resolved,True,mixed,9.972530176760586e-06,8.135217574302367e-07,1,1,False,same_sign,-9.159008419330349e-06,9.159008419330349e-06,True,fit,-6.90240911982579e-06,True,3.0701210569347955e-06,0.0,1.688356960501531e-05,unsafe,-7.715930877256027e-06,conservative,-8.630308428933723e-09,conservative
1294,C,lambda_1.902983346207417,yoshida4,controlled_q0.050_phi0.000000000000,controlled,0.05,0.0,-1,0.18,fit_ok,resolved,True,E_state_hartree,9.972530176760586e-06,-5.7009212571746754e-05,-1,1,True,sign_crossing,-6.698174274850734e-05,-4.703668239498617e-05,False,not_attributed_sign_crossing,1.0623195923249937e-05,False,-6.506657464893517e-07,,,not_attributed_sign_crossing,,not_attributed_sign_crossing,,not_attributed_sign_crossing
1295,C,lambda_1.902983346207417,yoshida4,controlled_q0.050_phi1.570796326795,controlled,0.05,1.570796326795,-1,0.18,fit_ok,resolved,True,mixed,9.972530176760586e-06,2.9938716848763018e-05,1,1,False,same_sign,1.9966186672002432e-05,-1.9966186672002432e-05,False,state,4.827529319353389e-05,False,-3.8302763016773306e-05,0.0,-3.829413270834437e-05,conservative,1.8336576344770874e-05,unsafe,-8.630308428933723e-09,conservative
1296,C,lambda_1.902983346207417,yoshida4,controlled_q0.050_phi3.141592653590,controlled,0.05,3.14159265359,-1,0.18,fit_ok,resolved,True,E_state_hartree,9.972530176760586e-06,7.575037856366342e-05,1,1,False,same_sign,6.577784838690283e-05,-6.577784838690283e-05,False,no_positive_component,1.0114202165704633e-05,False,-1.4167198894404732e-07,0.0,-1.330416805151119e-07,conservative,-6.563617639795879e-05,conservative,-8.630308428933723e-09,conservative
1297,C,lambda_1.902983346207417,yoshida4,controlled_q0.050_phi4.712388980385,controlled,0.05,4.712388980385,-1,0.18,fit_ok,resolved,True,mixed,9.972530176760586e-06,-1.11975508568536e-05,-1,1,True,sign_crossing,-2.1170081033614188e-05,-1.225020680093015e-06,False,not_attributed_sign_crossing,-2.7537895104415492e-05,True,-1.7565364927654906e-05,,,not_attributed_sign_crossing,,not_attributed_sign_crossing,,not_attributed_sign_crossing
1298,C,lambda_1.902983346207417,yoshida4,controlled_q0.001_phi0.000000000000,controlled,0.001,0.0,-1,0.27,fit_ok,resolved,True,E_state_hartree,7.265398183919913e-05,2.6902882820894893e-05,1,1,False,same_sign,-4.575109901830424e-05,4.575109901830424e-05,True,state,7.271190165946014e-05,False,-5.791982026100411e-08,0.0,1.458084301006197e-07,unsafe,4.5809018838565244e-05,unsafe,-2.0372825036162382e-07,conservative
1299,C,lambda_1.902983346207417,yoshida4,controlled_q0.001_phi1.570796326795,controlled,0.001,1.570796326795,-1,0.27,fit_ok,resolved,True,mixed,7.265398183919913e-05,9.07643028489809e-05,1,1,False,same_sign,1.8110321009781773e-05,-1.8110321009781773e-05,False,state,0.00010924589464557467,False,-3.659191280637553e-05,0.0,-3.638818455601391e-05,conservative,1.848159179659376e-05,unsafe,-2.0372825036162382e-07,conservative
1300,C,lambda_1.902983346207417,yoshida4,controlled_q0.001_phi3.141592653590,controlled,0.001,3.14159265359,-1,0.27,fit_ok,resolved,True,E_state_hartree,7.265398183919913e-05,0.00011825253917135454,1,1,False,same_sign,4.559855733215541e-05,-4.559855733215541e-05,False,fit,7.273495117314765e-05,False,-8.096933394851616e-08,0.0,1.2275891641310766e-07,unsafe,-4.551758799820689e-05,conservative,-2.0372825036162382e-07,conservative
1301,C,lambda_1.902983346207417,yoshida4,controlled_q0.001_phi4.712388980385,controlled,0.001,4.712388980385,-1,0.27,fit_ok,resolved,True,mixed,7.265398183919913e-05,5.439111914327966e-05,1,1,False,same_sign,-1.826286269591947e-05,1.826286269591947e-05,True,fit,3.620095818703708e-05,False,3.6453023652162055e-05,0.0,3.665675190252368e-05,unsafe,-1.8190160956242584e-05,conservative,-2.0372825036162382e-07,conservative
1302,C,lambda_1.902983346207417,yoshida4,controlled_q0.010_phi0.000000000000,controlled,0.01,0.0,-1,0.27,fit_ok,resolved,True,E_state_hartree,7.265398183919913e-05,-7.251570780499304e-05,-1,1,True,sign_crossing,-0.00014516968964419218,1.38274034206098e-07,True,not_attributed_sign_crossing,7.268956842096037e-05,False,-3.5586581761240846e-08,,,not_attributed_sign_crossing,,not_attributed_sign_crossing,,not_attributed_sign_crossing
1303,C,lambda_1.902983346207417,yoshida4,controlled_q0.010_phi1.570796326795,controlled,0.01,1.570796326795,-1,0.27,fit_ok,resolved,True,mixed,7.265398183919913e-05,0.00012852010238863657,1,1,False,same_sign,5.586612054943744e-05,-5.586612054943744e-05,False,state,0.0001876986126348713,False,-0.00011504463079567217,0.0,-0.00011484090254531055,conservative,5.917851024623473e-05,unsafe,-2.0372825036162382e-07,conservative
1304,C,lambda_1.902983346207417,yoshida4,controlled_q0.010_phi3.141592653590,controlled,0.01,3.14159265359,-1,0.27,fit_ok,resolved,True,E_state_hartree,7.265398183919913e-05,0.00021505309613405562,1,1,False,same_sign,0.0001423991142948565,-0.0001423991142948565,False,fit,7.27621283116846e-05,False,-1.0814647248547343e-07,0.0,9.558177787615039e-08,unsafe,-0.00014229096782237101,conservative,-2.0372825036162382e-07,conservative
1305,C,lambda_1.902983346207417,yoshida4,controlled_q0.010_phi4.712388980385,controlled,0.01,4.712388980385,-1,0.27,fit_ok,resolved,True,mixed,7.265398183919913e-05,1.4017285940411136e-05,1,1,False,same_sign,-5.8636695898787995e-05,5.8636695898787995e-05,True,fit,-4.224691590222201e-05,True,3.0407065936977126e-05,6.776263578034403e-21,0.00011510462599178277,unsafe,-5.6264201842633145e-05,conservative,-2.0372825036162382e-07,conservative
1306,C,lambda_1.902983346207417,yoshida4,controlled_q0.050_phi0.000000000000,controlled,0.05,0.0,-1,0.27,fit_ok,resolved,True,E_state_hartree,7.265398183919913e-05,-0.0002494987017357316,-1,1,True,sign_crossing,-0.00032215268357493074,-0.00017684471989653247,False,not_attributed_sign_crossing,7.265714393926931e-05,False,-3.162100070176234e-09,,,not_attributed_sign_crossing,,not_attributed_sign_crossing,,not_attributed_sign_crossing
1307,C,lambda_1.902983346207417,yoshida4,controlled_q0.050_phi1.570796326795,controlled,0.05,1.570796326795,-1,0.27,fit_ok,resolved,True,mixed,7.265398183919913e-05,0.00019085599420649374,1,1,False,same_sign,0.00011820201236729461,-0.00011820201236729461,False,state,0.0003245763052401525,False,-0.0002519223234009534,0.0,-0.00025171859515059174,conservative,0.00013372031103365875,unsafe,-2.0372825036162382e-07,conservative
1308,C,lambda_1.902983346207417,yoshida4,controlled_q0.050_phi3.141592653590,controlled,0.05,3.14159265359,-1,0.27,fit_ok,resolved,True,E_state_hartree,7.265398183919913e-05,0.00038040038489507504,1,1,False,same_sign,0.0003077464030558759,-0.0003077464030558759,False,fit,7.281608123798613e-05,False,-1.6209939878700143e-07,0.0,4.162885157464949e-08,unsafe,-0.0003075843036570889,conservative,-2.0372825036162382e-07,conservative
1309,C,lambda_1.902983346207417,yoshida4,controlled_q0.050_phi4.712388980385,controlled,0.05,4.712388980385,-1,0.27,fit_ok,resolved,True,mixed,7.265398183919913e-05,-5.9954311047177065e-05,-1,1,True,sign_crossing,-0.0001326082928863762,1.2699670792022068e-05,True,not_attributed_sign_crossing,-0.00017910308006287352,True,-0.00010644909822367439,,,not_attributed_sign_crossing,,not_attributed_sign_crossing,,not_attributed_sign_crossing
1310,C,lambda_1.902983346207417,yoshida4,controlled_q0.001_phi0.000000000000,controlled,0.001,0.0,-1,0.4,fit_ok,resolved,True,E_state_hartree,0.0005537165140623301,0.00036821235040733664,1,1,False,same_sign,-0.0001855041636549935,0.0001855041636549935,True,state,0.0005576504624652363,False,-3.93394840290614e-06,0.0,-9.799435468540573e-09,conservative,0.00018943811205789958,unsafe,-3.9241489674375456e-06,conservative
1311,C,lambda_1.902983346207417,yoshida4,controlled_q0.001_phi1.570796326795,controlled,0.001,1.570796326795,-1,0.4,fit_ok,resolved,True,mixed,0.0005537165140623301,0.0006761103009594447,1,1,False,same_sign,0.00012239378689711457,-0.00012239378689711457,False,state,0.0007967913941926919,False,-0.00024307488013036174,0.0,-0.0002391507311629242,conservative,0.00012068109323324716,unsafe,-3.9241489674375456e-06,conservative
1312,C,lambda_1.902983346207417,yoshida4,controlled_q0.001_phi3.141592653590,controlled,0.001,3.14159265359,-1,0.4,fit_ok,resolved,True,E_state_hartree,0.0005537165140623301,0.0007448564630182502,1,1,False,same_sign,0.00019113994895592003,-0.00019113994895592003,False,no_positive_component,0.0005576489136124691,False,-3.932399550138962e-06,0.0,-8.25058270141621e-09,conservative,-0.00018720754940578107,conservative,-3.9241489674375456e-06,conservative
1313,C,lambda_1.902983346207417,yoshida4,controlled_q0.001_phi4.712388980385,controlled,0.001,4.712388980385,-1,0.4,fit_ok,resolved,True,mixed,0.0005537165140623301,0.0004369585124661342,1,1,False,same_sign,-0.00011675800159619595,0.00011675800159619595,True,fit,0.00031850798188501307,False,0.00023520853217731707,0.0,0.0002391326811447546,unsafe,-0.00011845053058112112,conservative,-3.9241489674375456e-06,conservative
1314,C,lambda_1.902983346207417,yoshida4,controlled_q0.010_phi0.000000000000,controlled,0.01,0.0,-1,0.4,fit_ok,resolved,True,E_state_hartree,0.0005537165140623301,-4.634129802057825e-05,-1,1,True,sign_crossing,-0.0006000578120829084,0.0005073752160417519,True,not_attributed_sign_crossing,0.0005576519631581199,False,-3.935449095789794e-06,,,not_attributed_sign_crossing,,not_attributed_sign_crossing,,not_attributed_sign_crossing
1315,C,lambda_1.902983346207417,yoshida4,controlled_q0.010_phi1.570796326795,controlled,0.01,1.570796326795,-1,0.4,fit_ok,resolved,True,mixed,0.0005537165140623301,0.0009229217393341431,1,1,False,same_sign,0.000369205225271813,-0.000369205225271813,False,state,0.0013104678407121935,False,-0.0007567513266498634,0.0,-0.0007528271776824258,conservative,0.0003875461013780504,unsafe,-3.9241489674375456e-06,conservative
1316,C,lambda_1.902983346207417,yoshida4,controlled_q0.010_phi3.141592653590,controlled,0.01,3.14159265359,-1,0.4,fit_ok,resolved,True,E_state_hartree,0.0005537165140623301,0.0011393347220256633,1,1,False,same_sign,0.0005856182079633332,-0.0005856182079633332,False,no_positive_component,0.0005576470873681553,False,-3.930573305825202e-06,0.0,-6.424338387656103e-09,conservative,-0.000581687634657508,conservative,-3.9241489674375456e-06,conservative
1317,C,lambda_1.902983346207417,yoshida4,controlled_q0.010_phi4.712388980385,controlled,0.01,4.712388980385,-1,0.4,fit_ok,resolved,True,mixed,0.0005537165140623301,0.00017007168467096805,1,1,False,same_sign,-0.00038364482939136206,0.00038364482939136206,True,fit,-0.00019516879018591815,True,0.000358547723876412,0.0,0.0007528094532156858,unsafe,-0.0003652404748568862,conservative,-3.9241489674375456e-06,conservative
1318,C,lambda_1.902983346207417,yoshida4,controlled_q0.050_phi0.000000000000,controlled,0.05,0.0,-1,0.4,fit_ok,resolved,True,E_state_hartree,0.0005537165140623301,-0.0007966849143189431,-1,1,True,sign_crossing,-0.0013504014283812734,-0.000242968400256613,False,not_attributed_sign_crossing,0.0005576541418517146,False,-3.937627789384469e-06,,,not_attributed_sign_crossing,,not_attributed_sign_crossing,,not_attributed_sign_crossing
1319,C,lambda_1.902983346207417,yoshida4,controlled_q0.050_phi1.570796326795,controlled,0.05,1.570796326795,-1,0.4,fit_ok,resolved,True,mixed,0.0005537165140623301,0.0013264170827396178,1,1,False,same_sign,0.0007727005686772876,-0.0007727005686772876,False,state,0.0022066439737703503,False,-0.0016529274597080201,0.0,-0.0016490033107405828,conservative,0.0008802268910307327,unsafe,-3.9241489674375456e-06,conservative
1320,C,lambda_1.902983346207417,yoshida4,controlled_q0.050_phi3.141592653590,controlled,0.05,3.14159265359,-1,0.4,fit_ok,resolved,True,E_state_hartree,0.0005537165140623301,0.0018004543853440218,1,1,False,same_sign,0.0012467378712816917,-0.0012467378712816917,False,no_positive_component,0.0005576434617793173,False,-3.926947716987152e-06,0.0,-2.798749549606447e-09,conservative,-0.0012428109235647045,conservative,-3.9241489674375456e-06,conservative
1321,C,lambda_1.902983346207417,yoshida4,controlled_q0.050_phi4.712388980385,controlled,0.05,4.712388980385,-1,0.4,fit_ok,resolved,True,mixed,0.0005537165140623301,-0.00032264761171456536,-1,1,True,sign_crossing,-0.0008763641257768955,0.00023106890234776478,True,not_attributed_sign_crossing,-0.0010913463701393176,True,-0.0005376298560769875,,,not_attributed_sign_crossing,,not_attributed_sign_crossing,,not_attributed_sign_crossing
1322,C,lambda_1.902983346207417,yoshida4,controlled_q0.001_phi0.000000000000,controlled,0.001,0.0,1,0.05,fit_ok,resolved,True,E_state_hartree,3.8836077909110145e-08,-1.5447708710862928e-08,-1,1,True,sign_crossing,-5.4283786619973076e-08,2.3388369198247217e-08,True,not_attributed_sign_crossing,4.508808911767779e-08,False,-6.2520112085676446e-09,,,not_attributed_sign_crossing,,not_attributed_sign_crossing,,not_attributed_sign_crossing
1323,C,lambda_1.902983346207417,yoshida4,controlled_q0.001_phi1.570796326795,controlled,0.001,1.570796326795,1,0.05,fit_ok,resolved,True,mixed,3.8836077909110145e-08,5.960276908322448e-08,1,1,False,same_sign,2.0766691174114333e-08,-2.0766691174114333e-08,False,no_positive_component,5.539826755806333e-08,False,-1.6562189648953184e-08,0.0,-1.656186386832725e-08,conservative,-4.204501525161149e-09,conservative,-3.2578062593579675e-13,conservative
1324,C,lambda_1.902983346207417,yoshida4,controlled_q0.001_phi3.141592653590,controlled,0.001,3.14159265359,1,0.05,fit_ok,resolved,True,E_state_hartree,3.8836077909110145e-08,1.0449373650718225e-07,1,1,False,same_sign,6.56576585980721e-08,-6.56576585980721e-08,False,no_positive_component,4.411328429340044e-08,False,-5.277206384290293e-09,0.0,-5.276880603664357e-09,conservative,-6.038045221378181e-08,conservative,-3.2578062593579675e-13,conservative
1325,C,lambda_1.902983346207417,yoshida4,controlled_q0.001_phi4.712388980385,controlled,0.001,4.712388980385,1,0.05,fit_ok,resolved,True,mixed,3.8836077909110145e-08,2.9443258713120076e-08,1,1,False,same_sign,-9.392819195990069e-09,9.392819195990069e-09,True,fit,3.380310582795337e-08,False,5.032972081156775e-09,0.0,5.033297861782707e-09,unsafe,4.359847114833297e-09,unsafe,-3.2578062593579675e-13,conservative
1326,C,lambda_1.902983346207417,yoshida4,controlled_q0.010_phi0.000000000000,controlled,0.01,0.0,1,0.05,fit_ok,resolved,True,E_state_hartree,3.8836077909110145e-08,-1.4506789745891674e-07,-1,1,True,sign_crossing,-1.839039753680269e-07,-1.062318195498066e-07,False,not_attributed_sign_crossing,4.603106493213217e-08,False,-7.194987023022023e-09,,,not_attributed_sign_crossing,,not_attributed_sign_crossing,,not_attributed_sign_crossing
1327,C,lambda_1.902983346207417,yoshida4,controlled_q0.010_phi1.570796326795,controlled,0.01,1.570796326795,1,0.05,fit_ok,resolved,True,mixed,3.8836077909110145e-08,9.119107708496889e-08,1,1,False,same_sign,5.235499917585875e-08,-5.235499917585875e-08,False,no_positive_component,7.848751625625053e-08,False,-3.965143834714039e-08,0.0,-3.965111256651445e-08,conservative,-1.2703560828718359e-08,conservative,-3.2578062593579675e-13,conservative
1328,C,lambda_1.902983346207417,yoshida4,controlled_q0.010_phi3.141592653590,controlled,0.01,3.14159265359,1,0.05,fit_ok,resolved,True,E_state_hartree,3.8836077909110145e-08,2.3250788467373939e-07,1,1,False,same_sign,1.9367180676462924e-07,-1.9367180676462924e-07,False,no_positive_component,4.296237843027993e-08,False,-4.126300521169787e-09,0.0,-4.125974740543864e-09,conservative,-1.8954550624345945e-07,conservative,-3.2578062593579675e-13,conservative
1329,C,lambda_1.902983346207417,yoshida4,controlled_q0.010_phi4.712388980385,controlled,0.01,4.712388980385,1,0.05,fit_ok,resolved,True,mixed,3.8836077909110145e-08,-3.751089870183038e-09,-1,1,True,sign_crossing,-4.258716777929318e-08,3.508498803892711e-08,True,not_attributed_sign_crossing,1.050592682159479e-08,False,2.8330151087515353e-08,,,not_attributed_sign_crossing,,not_attributed_sign_crossing,,not_attributed_sign_crossing
1330,C,lambda_1.902983346207417,yoshida4,controlled_q0.050_phi0.000000000000,controlled,0.05,0.0,1,0.05,fit_ok,resolved,True,E_state_hartree,3.8836077909110145e-08,-3.733754824981959e-07,-1,1,True,sign_crossing,-4.1221156040730607e-07,-3.345394045890858e-07,False,not_attributed_sign_crossing,4.739552506719505e-08,False,-8.559447158084906e-09,,,not_attributed_sign_crossing,,not_attributed_sign_crossing,,not_attributed_sign_crossing
1331,C,lambda_1.902983346207417,yoshida4,controlled_q0.050_phi1.570796326795,controlled,0.05,1.570796326795,1,0.05,fit_ok,resolved,True,mixed,3.8836077909110145e-08,1.441330588840025e-07,1,1,False,same_sign,1.0529698097489236e-07,-1.0529698097489236e-07,False,no_positive_component,1.1848908181672369e-07,False,-7.965300390761354e-08,0.0,-7.96526781269876e-08,conservative,-2.5643977067278818e-08,conservative,-3.2578062593579675e-13,conservative
1332,C,lambda_1.902983346207417,yoshida4,controlled_q0.050_phi3.141592653590,controlled,0.05,3.14159265359,1,0.05,fit_ok,resolved,True,E_state_hartree,3.8836077909110145e-08,4.536775115730334e-07,1,1,False,same_sign,4.1484143366392326e-07,-4.1484143366392326e-07,False,no_positive_component,4.06737847455896e-08,False,-1.837706836479458e-09,0.0,-1.837381055853509e-09,conservative,-4.130037268274438e-07,conservative,-3.2578062593579675e-13,conservative
1333,C,lambda_1.902983346207417,yoshida4,controlled_q0.050_phi4.712388980385,controlled,0.05,4.712388980385,1,0.05,fit_ok,resolved,True,mixed,3.8836077909110145e-08,-6.383102980921679e-08,-1,1,True,sign_crossing,-1.0266710771832693e-07,-2.4994951900106643e-08,False,not_attributed_sign_crossing,-3.0419772007563446e-08,True,8.4163059015467e-09,,,not_attributed_sign_crossing,,not_attributed_sign_crossing,,not_attributed_sign_crossing
1334,C,lambda_1.902983346207417,yoshida4,controlled_q0.001_phi0.000000000000,controlled,0.001,0.0,1,0.08,fit_ok,resolved,True,E_state_hartree,2.724923728880668e-07,-8.414303287804413e-08,-1,1,True,sign_crossing,-3.5663540576611097e-07,1.8834934001002268e-07,True,not_attributed_sign_crossing,3.1009096215200513e-07,False,-3.759858926393831e-08,,,not_attributed_sign_crossing,,not_attributed_sign_crossing,,not_attributed_sign_crossing
1335,C,lambda_1.902983346207417,yoshida4,controlled_q0.001_phi1.570796326795,controlled,0.001,1.570796326795,1,0.08,fit_ok,resolved,True,mixed,2.724923728880668e-07,4.0772723901225186e-07,1,1,False,same_sign,1.3523486612418503e-07,-1.3523486612418503e-07,False,no_positive_component,3.635404085099804e-07,False,-9.104803562191359e-08,0.0,-9.1034203869752e-08,conservative,-4.418683050227144e-08,conservative,-1.3831752161589496e-11,conservative
1336,C,lambda_1.902983346207417,yoshida4,controlled_q0.001_phi3.141592653590,controlled,0.001,3.14159265359,1,0.08,fit_ok,resolved,True,E_state_hartree,2.724923728880668e-07,6.973634514978972e-07,1,1,False,same_sign,4.2487107860983033e-07,-4.2487107860983033e-07,False,no_positive_component,3.042194812864084e-07,False,-3.172710839834157e-08,0.0,-3.171327664617998e-08,conservative,-3.9314397021148876e-07,conservative,-1.3831752161589496e-11,conservative
1337,C,lambda_1.902983346207417,yoshida4,controlled_q0.001_phi4.712388980385,controlled,0.001,4.712388980385,1,0.08,fit_ok,resolved,True,mixed,2.724923728880668e-07,2.0549317960776206e-07,1,1,False,same_sign,-6.699919328030476e-08,6.699919328030476e-08,True,state,2.507700348922979e-07,False,2.1722337995768934e-08,0.0,2.173616974793055e-08,unsafe,4.52768552845358e-08,unsafe,-1.3831752161589496e-11,conservative
1338,C,lambda_1.902983346207417,yoshida4,controlled_q0.010_phi0.000000000000,controlled,0.01,0.0,1,0.08,fit_ok,resolved,True,E_state_hartree,2.724923728880668e-07,-9.290114077440902e-07,-1,1,True,sign_crossing,-1.201503780632157e-06,-6.565190348560233e-07,False,not_attributed_sign_crossing,3.1577200318560375e-07,False,-4.327963029753693e-08,,,not_attributed_sign_crossing,,not_attributed_sign_crossing,,not_attributed_sign_crossing
1339,C,lambda_1.902983346207417,yoshida4,controlled_q0.010_phi1.570796326795,controlled,0.01,1.570796326795,1,0.08,fit_ok,resolved,True,mixed,2.724923728880668e-07,6.193966698734949e-07,1,1,False,same_sign,3.469042969854281e-07,-3.469042969854281e-07,False,no_positive_component,4.840309108796023e-07,False,-2.1153853799153543e-07,0.0,-2.115247062393739e-07,conservative,-1.3536575899389262e-07,conservative,-1.3831752161589496e-11,conservative
1340,C,lambda_1.902983346207417,yoshida4,controlled_q0.010_phi3.141592653590,controlled,0.01,3.14159265359,1,0.08,fit_ok,resolved,True,E_state_hartree,2.724923728880668e-07,1.531171738653365e-06,1,1,False,same_sign,1.2586793657652982e-06,-1.2586793657652982e-06,False,no_positive_component,2.972885759092806e-07,False,-2.4796203021213782e-08,0.0,-2.4782371269052246e-08,conservative,-1.2338831627440844e-06,conservative,-1.3831752161589496e-11,conservative
1341,C,lambda_1.902983346207417,yoshida4,controlled_q0.010_phi4.712388980385,controlled,0.01,4.712388980385,1,0.08,fit_ok,resolved,True,mixed,2.724923728880668e-07,-1.7236338964454135e-08,-1,1,True,sign_crossing,-2.8972871185252095e-07,2.552560339236127e-07,True,not_attributed_sign_crossing,1.2902966847376988e-07,False,1.4346270441429695e-07,,,not_attributed_sign_crossing,,not_attributed_sign_crossing,,not_attributed_sign_crossing
1342,C,lambda_1.902983346207417,yoshida4,controlled_q0.050_phi0.000000000000,controlled,0.05,0.0,1,0.08,fit_ok,resolved,True,E_state_hartree,2.724923728880668e-07,-2.4179262285964273e-06,-1,1,True,sign_crossing,-2.690418601484494e-06,-2.1454338557083604e-06,False,not_attributed_sign_crossing,3.2399613204416444e-07,False,-5.150375915609762e-08,,,not_attributed_sign_crossing,,not_attributed_sign_crossing,,not_attributed_sign_crossing
1343,C,lambda_1.902983346207417,yoshida4,controlled_q0.050_phi1.570796326795,controlled,0.05,1.570796326795,1,0.08,fit_ok,resolved,True,mixed,2.724923728880668e-07,9.737519383781138e-07,1,1,False,same_sign,7.01259565490047e-07,-7.01259565490047e-07,False,no_positive_component,6.925553451702876e-07,False,-4.2006297228222074e-07,0.0,-4.200491405300592e-07,conservative,-2.8119659320782624e-07,conservative,-1.3831752161589496e-11,conservative
1344,C,lambda_1.902983346207417,yoshida4,controlled_q0.050_phi3.141592653590,controlled,0.05,3.14159265359,1,0.08,fit_ok,resolved,True,E_state_hartree,2.724923728880668e-07,2.9709306141253555e-06,1,1,False,same_sign,2.6984382412372886e-06,-2.6984382412372886e-06,False,no_positive_component,2.8350949441280896e-07,False,-1.101712152474214e-08,0.0,-1.1003289772580391e-08,conservative,-2.6874211197125465e-06,conservative,-1.3831752161589496e-11,conservative
1345,C,lambda_1.902983346207417,yoshida4,controlled_q0.050_phi4.712388980385,controlled,0.05,4.712388980385,1,0.08,fit_ok,resolved,True,mixed,2.724923728880668e-07,-4.2074755284951747e-07,-1,1,True,sign_crossing,-6.932399257375843e-07,-1.4825517996145065e-07,False,not_attributed_sign_crossing,-8.504971867606773e-08,True,1.874426542119991e-07,,,not_attributed_sign_crossing,,not_attributed_sign_crossing,,not_attributed_sign_crossing
1346,C,lambda_1.902983346207417,yoshida4,controlled_q0.001_phi0.000000000000,controlled,0.001,0.0,1,0.12,fit_ok,resolved,True,E_state_hartree,1.5641552539857884e-06,-2.4844836736986274e-07,-1,1,True,sign_crossing,-1.812603621355651e-06,1.3157068866159257e-06,True,not_attributed_sign_crossing,1.721604943013442e-06,False,-1.5744968902765362e-07,,,not_attributed_sign_crossing,,not_attributed_sign_crossing,,not_attributed_sign_crossing
1347,C,lambda_1.902983346207417,yoshida4,controlled_q0.001_phi1.570796326795,controlled,0.001,1.570796326795,1,0.12,fit_ok,resolved,True,mixed,1.5641552539857884e-06,2.2418469751178567e-06,1,1,False,same_sign,6.776917211320683e-07,-6.776917211320683e-07,False,no_positive_component,1.90793604789283e-06,False,-3.437807939070415e-07,0.0,-3.43431833421197e-07,conservative,-3.3391092722502683e-07,conservative,-3.489604858445055e-10,conservative
1348,C,lambda_1.902983346207417,yoshida4,controlled_q0.001_phi3.141592653590,controlled,0.001,3.14159265359,1,0.12,fit_ok,resolved,True,E_state_hartree,1.5641552539857884e-06,3.6607636647310056e-06,1,1,False,same_sign,2.0966084107452172e-06,-2.0966084107452172e-06,False,no_positive_component,1.696968371205592e-06,False,-1.3281311721980363e-07,0.0,-1.3246415673395913e-07,conservative,-1.9637952935254136e-06,conservative,-3.489604858445055e-10,conservative
1349,C,lambda_1.902983346207417,yoshida4,controlled_q0.001_phi4.712388980385,controlled,0.001,4.712388980385,1,0.12,fit_ok,resolved,True,mixed,1.5641552539857884e-06,1.170468322244055e-06,1,1,False,same_sign,-3.9368693174173326e-07,3.9368693174173326e-07,True,state,1.510637266338354e-06,False,5.351798764743442e-08,0.0,5.3866948133278925e-08,unsafe,3.4016894409429884e-07,unsafe,-3.489604858445055e-10,conservative
1350,C,lambda_1.902983346207417,yoshida4,controlled_q0.010_phi0.000000000000,controlled,0.01,0.0,1,0.12,fit_ok,resolved,True,E_state_hartree,1.5641552539857884e-06,-4.477716307030614e-06,-1,1,True,sign_crossing,-6.041871561016402e-06,-2.9135610530448254e-06,False,not_attributed_sign_crossing,1.745453326117314e-06,False,-1.8129807213152564e-07,,,not_attributed_sign_crossing,,not_attributed_sign_crossing,,not_attributed_sign_crossing
1351,C,lambda_1.902983346207417,yoshida4,controlled_q0.010_phi1.570796326795,controlled,0.01,1.570796326795,1,0.12,fit_ok,resolved,True,mixed,1.5641552539857884e-06,3.3617357687018584e-06,1,1,False,same_sign,1.79758051471607e-06,-1.79758051471607e-06,False,no_positive_component,2.3320238192379214e-06,False,-7.67868565252133e-07,0.0,-7.675196047662885e-07,conservative,-1.029711949463937e-06,conservative,-3.489604858445055e-10,conservative
1352,C,lambda_1.902983346207417,yoshida4,controlled_q0.010_phi3.141592653590,controlled,0.01,3.14159265359,1,0.12,fit_ok,resolved,True,E_state_hartree,1.5641552539857884e-06,7.828486839509494e-06,1,1,False,same_sign,6.264331585523705e-06,-6.264331585523705e-06,False,no_positive_component,1.6678973749404367e-06,False,-1.0374212095464834e-07,0.0,-1.0339316046880341e-07,conservative,-6.160589464569057e-06,conservative,-3.489604858445055e-10,conservative
1353,C,lambda_1.902983346207417,yoshida4,controlled_q0.010_phi4.712388980385,controlled,0.01,4.712388980385,1,0.12,fit_ok,resolved,True,mixed,1.5641552539857884e-06,-1.0965236224091276e-08,-1,1,True,sign_crossing,-1.5751204902098797e-06,1.553190017761697e-06,True,not_attributed_sign_crossing,1.0813268819126296e-06,False,4.828283720731587e-07,,,not_attributed_sign_crossing,,not_attributed_sign_crossing,,not_attributed_sign_crossing
1354,C,lambda_1.902983346207417,yoshida4,controlled_q0.050_phi0.000000000000,controlled,0.05,0.0,1,0.12,fit_ok,resolved,True,E_state_hartree,1.5641552539857884e-06,-1.1939313838192017e-05,-1,1,True,sign_crossing,-1.3503469092177805e-05,-1.0375158584206229e-05,False,not_attributed_sign_crossing,1.7800099510513642e-06,False,-2.1585469706557582e-07,,,not_attributed_sign_crossing,,not_attributed_sign_crossing,,not_attributed_sign_crossing
1355,C,lambda_1.902983346207417,yoshida4,controlled_q0.050_phi1.570796326795,controlled,0.05,1.570796326795,1,0.12,fit_ok,resolved,True,mixed,1.5641552539857884e-06,5.232450395442935e-06,1,1,False,same_sign,3.6682951414571464e-06,-3.6682951414571464e-06,False,no_positive_component,3.0648510492297304e-06,False,-1.500695795243942e-06,0.0,-1.5003468347580976e-06,conservative,-2.1675993462132043e-06,conservative,-3.489604858445055e-10,conservative
1356,C,lambda_1.902983346207417,yoshida4,controlled_q0.050_phi3.141592653590,controlled,0.05,3.14159265359,1,0.12,fit_ok,resolved,True,E_state_hartree,1.5641552539857884e-06,1.5016552082305285e-05,1,1,False,same_sign,1.3452396828319497e-05,-1.3452396828319497e-05,False,no_positive_component,1.610129135956226e-06,False,-4.5973881970437684e-08,0.0,-4.5624921484592755e-08,conservative,-1.3406422946349059e-05,conservative,-3.489604858445055e-10,conservative
1357,C,lambda_1.902983346207417,yoshida4,controlled_q0.050_phi4.712388980385,controlled,0.05,4.712388980385,1,0.12,fit_ok,resolved,True,mixed,1.5641552539857884e-06,-2.15521215133127e-06,-1,1,True,sign_crossing,-3.7193674053170586e-06,-5.910568973454818e-07,False,not_attributed_sign_crossing,3.2528803781294897e-07,False,1.2388672161728394e-06,,,not_attributed_sign_crossing,,not_attributed_sign_crossing,,not_attributed_sign_crossing
1358,C,lambda_1.902983346207417,yoshida4,controlled_q0.001_phi0.000000000000,controlled,0.001,0.0,1,0.18,fit_ok,resolved,True,E_state_hartree,9.972530176760586e-06,7.643592333673625e-07,1,1,False,same_sign,-9.208170943393224e-06,9.208170943393224e-06,True,state,1.0447805508092833e-05,False,-4.752753313322469e-07,0.0,-4.6664502290331395e-07,conservative,9.68344627472547e-06,unsafe,-8.630308428933723e-09,conservative
1359,C,lambda_1.902983346207417,yoshida4,controlled_q0.001_phi1.570796326795,controlled,0.001,1.570796326795,1,0.18,fit_ok,resolved,True,mixed,9.972530176760586e-06,1.3373781347999213e-05,1,1,False,same_sign,3.401251171238627e-06,-3.401251171238627e-06,False,no_positive_component,1.08792736160225e-05,False,-9.067434392619151e-07,0.0,-8.981131308329814e-07,conservative,-2.4945077319767118e-06,conservative,-8.630308428933723e-09,conservative
1360,C,lambda_1.902983346207417,yoshida4,controlled_q0.001_phi3.141592653590,controlled,0.001,3.14159265359,1,0.18,fit_ok,resolved,True,E_state_hartree,9.972530176760586e-06,2.0017511499891272e-05,1,1,False,same_sign,1.0044981323130687e-05,-1.0044981323130687e-05,False,no_positive_component,1.0373989867106592e-05,False,-4.014596903460066e-07,0.0,-3.9282938191707287e-07,conservative,-9.64352163278468e-06,conservative,-8.630308428933723e-09,conservative
1361,C,lambda_1.902983346207417,yoshida4,controlled_q0.001_phi4.712388980385,controlled,0.001,4.712388980385,1,0.18,fit_ok,resolved,True,mixed,9.972530176760586e-06,7.408089385262794e-06,1,1,False,same_sign,-2.5644407914977918e-06,2.5644407914977918e-06,True,state,9.94252175916223e-06,False,3.0008417598356e-08,0.0,3.8638726027289725e-08,unsafe,2.5344323738994357e-06,unsafe,-8.630308428933723e-09,conservative
1362,C,lambda_1.902983346207417,yoshida4,controlled_q0.010_phi0.000000000000,controlled,0.01,0.0,1,0.18,fit_ok,resolved,True,E_state_hartree,9.972530176760586e-06,-2.0100946997041996e-05,-1,1,True,sign_crossing,-3.0073477173802582e-05,-1.012841682028141e-05,False,not_attributed_sign_crossing,1.0519332769970784e-05,False,-5.468025932101988e-07,,,not_attributed_sign_crossing,,not_attributed_sign_crossing,,not_attributed_sign_crossing
1363,C,lambda_1.902983346207417,yoshida4,controlled_q0.010_phi1.570796326795,controlled,0.01,1.570796326795,1,0.18,fit_ok,resolved,True,mixed,9.972530176760586e-06,1.959352565598527e-05,1,1,False,same_sign,9.620995479224683e-06,-9.620995479224683e-06,False,no_positive_component,1.1877594778729242e-05,False,-1.9050646019686563e-06,0.0,-1.8964342935397226e-06,conservative,-7.715930877256027e-06,conservative,-8.630308428933723e-09,conservative
1364,C,lambda_1.902983346207417,yoshida4,controlled_q0.010_phi3.141592653590,controlled,0.01,3.14159265359,1,0.18,fit_ok,resolved,True,E_state_hartree,9.972530176760586e-06,4.050799441046231e-05,1,1,False,same_sign,3.0535464233701724e-05,-3.0535464233701724e-05,False,no_positive_component,1.028696106285712e-05,False,-3.14430886096535e-07,0.0,-3.058005776675996e-07,conservative,-3.022103334760519e-05,conservative,-8.630308428933723e-09,conservative
1365,C,lambda_1.902983346207417,yoshida4,controlled_q0.010_phi4.712388980385,controlled,0.01,4.712388980385,1,0.18,fit_ok,resolved,True,mixed,9.972530176760586e-06,8.135217574302367e-07,1,1,False,same_sign,-9.159008419330349e-06,9.159008419330349e-06,True,state,8.928699054053115e-06,False,1.0438311227074708e-06,0.0,1.0524614311364041e-06,unsafe,8.115177296622878e-06,unsafe,-8.630308428933723e-09,conservative
1366,C,lambda_1.902983346207417,yoshida4,controlled_q0.050_phi0.000000000000,controlled,0.05,0.0,1,0.18,fit_ok,resolved,True,E_state_hartree,9.972530176760586e-06,-5.7009212571746754e-05,-1,1,True,sign_crossing,-6.698174274850734e-05,-4.703668239498617e-05,False,not_attributed_sign_crossing,1.0623195923249937e-05,False,-6.506657464893517e-07,,,not_attributed_sign_crossing,,not_attributed_sign_crossing,,not_attributed_sign_crossing
1367,C,lambda_1.902983346207417,yoshida4,controlled_q0.050_phi1.570796326795,controlled,0.05,1.570796326795,1,0.18,fit_ok,resolved,True,mixed,9.972530176760586e-06,2.9938716848763018e-05,1,1,False,same_sign,1.9966186672002432e-05,-1.9966186672002432e-05,False,no_positive_component,1.3598372601201128e-05,False,-3.6258424244405425e-06,0.0,-3.617212116011607e-06,conservative,-1.634034424756189e-05,conservative,-8.630308428933723e-09,conservative
1368,C,lambda_1.902983346207417,yoshida4,controlled_q0.050_phi3.141592653590,controlled,0.05,3.14159265359,1,0.18,fit_ok,resolved,True,E_state_hartree,9.972530176760586e-06,7.575037856366342e-05,1,1,False,same_sign,6.577784838690283e-05,-6.577784838690283e-05,False,no_positive_component,1.0114202165704606e-05,False,-1.4167198894402021e-07,0.0,-1.330416805150848e-07,conservative,-6.563617639795881e-05,conservative,-8.630308428933723e-09,conservative
1369,C,lambda_1.902983346207417,yoshida4,controlled_q0.050_phi4.712388980385,controlled,0.05,4.712388980385,1,0.18,fit_ok,resolved,True,mixed,9.972530176760586e-06,-1.11975508568536e-05,-1,1,True,sign_crossing,-2.1170081033614188e-05,-1.225020680093015e-06,False,not_attributed_sign_crossing,7.139025487840173e-06,False,2.8335046889204124e-06,,,not_attributed_sign_crossing,,not_attributed_sign_crossing,,not_attributed_sign_crossing
1370,C,lambda_1.902983346207417,yoshida4,controlled_q0.001_phi0.000000000000,controlled,0.001,0.0,1,0.27,fit_ok,resolved,True,E_state_hartree,7.265398183919913e-05,2.6902882820894893e-05,1,1,False,same_sign,-4.575109901830424e-05,4.575109901830424e-05,True,state,7.271190165946014e-05,False,-5.791982026100411e-08,0.0,1.458084301006197e-07,unsafe,4.5809018838565244e-05,unsafe,-2.0372825036162382e-07,conservative
1371,C,lambda_1.902983346207417,yoshida4,controlled_q0.001_phi1.570796326795,controlled,0.001,1.570796326795,1,0.27,fit_ok,resolved,True,mixed,7.265398183919913e-05,9.07643028489809e-05,1,1,False,same_sign,1.8110321009781773e-05,-1.8110321009781773e-05,False,fit,7.257414189273832e-05,False,7.983994646081083e-08,0.0,2.8356819682243465e-07,unsafe,-1.8190160956242584e-05,conservative,-2.0372825036162382e-07,conservative
1372,C,lambda_1.902983346207417,yoshida4,controlled_q0.001_phi3.141592653590,controlled,0.001,3.14159265359,1,0.27,fit_ok,resolved,True,E_state_hartree,7.265398183919913e-05,0.00011825253917135454,1,1,False,same_sign,4.559855733215541e-05,-4.559855733215541e-05,False,fit,7.273495117314762e-05,False,-8.096933394848905e-08,0.0,1.2275891641313477e-07,unsafe,-4.551758799820692e-05,conservative,-2.0372825036162382e-07,conservative
1373,C,lambda_1.902983346207417,yoshida4,controlled_q0.001_phi4.712388980385,controlled,0.001,4.712388980385,1,0.27,fit_ok,resolved,True,mixed,7.265398183919913e-05,5.439111914327966e-05,1,1,False,same_sign,-1.826286269591947e-05,1.826286269591947e-05,True,state,7.287271093987342e-05,False,-2.1872910067428843e-07,0.0,-1.5000850312664612e-08,conservative,1.848159179659376e-05,unsafe,-2.0372825036162382e-07,conservative
1374,C,lambda_1.902983346207417,yoshida4,controlled_q0.010_phi0.000000000000,controlled,0.01,0.0,1,0.27,fit_ok,resolved,True,E_state_hartree,7.265398183919913e-05,-7.251570780499304e-05,-1,1,True,sign_crossing,-0.00014516968964419218,1.38274034206098e-07,True,not_attributed_sign_crossing,7.268956842096037e-05,False,-3.5586581761240846e-08,,,not_attributed_sign_crossing,,not_attributed_sign_crossing,,not_attributed_sign_crossing
1375,C,lambda_1.902983346207417,yoshida4,controlled_q0.010_phi1.570796326795,controlled,0.01,1.570796326795,1,0.27,fit_ok,resolved,True,mixed,7.265398183919913e-05,0.00012852010238863657,1,1,False,same_sign,5.586612054943744e-05,-5.586612054943744e-05,False,fit,7.225590054600343e-05,False,3.980812931957047e-07,0.0,6.018095435573285e-07,unsafe,-5.6264201842633145e-05,conservative,-2.0372825036162382e-07,conservative
1376,C,lambda_1.902983346207417,yoshida4,controlled_q0.010_phi3.141592653590,controlled,0.01,3.14159265359,1,0.27,fit_ok,resolved,True,E_state_hartree,7.265398183919913e-05,0.00021505309613405562,1,1,False,same_sign,0.0001423991142948565,-0.0001423991142948565,False,fit,7.27621283116846e-05,False,-1.0814647248547343e-07,0.0,9.558177787615039e-08,unsafe,-0.00014229096782237101,conservative,-2.0372825036162382e-07,conservative
1377,C,lambda_1.902983346207417,yoshida4,controlled_q0.010_phi4.712388980385,controlled,0.01,4.712388980385,1,0.27,fit_ok,resolved,True,mixed,7.265398183919913e-05,1.4017285940411136e-05,1,1,False,same_sign,-5.8636695898787995e-05,5.8636695898787995e-05,True,state,7.319579618664586e-05,False,-5.418143474467287e-07,0.0,-3.380860970851133e-07,conservative,5.917851024623473e-05,unsafe,-2.0372825036162382e-07,conservative
1378,C,lambda_1.902983346207417,yoshida4,controlled_q0.050_phi0.000000000000,controlled,0.05,0.0,1,0.27,fit_ok,resolved,True,E_state_hartree,7.265398183919913e-05,-0.0002494987017357316,-1,1,True,sign_crossing,-0.00032215268357493074,-0.00017684471989653247,False,not_attributed_sign_crossing,7.265714393926931e-05,False,-3.162100070176234e-09,,,not_attributed_sign_crossing,,not_attributed_sign_crossing,,not_attributed_sign_crossing
1379,C,lambda_1.902983346207417,yoshida4,controlled_q0.050_phi1.570796326795,controlled,0.05,1.570796326795,1,0.27,fit_ok,resolved,True,mixed,7.265398183919913e-05,0.00019085599420649374,1,1,False,same_sign,0.00011820201236729461,-0.00011820201236729461,False,fit,7.170722519074589e-05,False,9.467566484532442e-07,0.0,1.150484898814868e-06,unsafe,-0.00011914876901574786,conservative,-2.0372825036162382e-07,conservative
1380,C,lambda_1.902983346207417,yoshida4,controlled_q0.050_phi3.141592653590,controlled,0.05,3.14159265359,1,0.27,fit_ok,resolved,True,E_state_hartree,7.265398183919913e-05,0.00038040038489507504,1,1,False,same_sign,0.0003077464030558759,-0.0003077464030558759,False,fit,7.281608123798613e-05,False,-1.6209939878700143e-07,0.0,4.162885157464949e-08,unsafe,-0.0003075843036570889,conservative,-2.0372825036162382e-07,conservative
1381,C,lambda_1.902983346207417,yoshida4,controlled_q0.050_phi4.712388980385,controlled,0.05,4.712388980385,1,0.27,fit_ok,resolved,True,mixed,7.265398183919913e-05,-5.9954311047177065e-05,-1,1,True,sign_crossing,-0.0001326082928863762,1.2699670792022068e-05,True,not_attributed_sign_crossing,7.376599998648169e-05,False,-1.1120181472825579e-06,,,not_attributed_sign_crossing,,not_attributed_sign_crossing,,not_attributed_sign_crossing
1382,C,lambda_1.902983346207417,yoshida4,controlled_q0.001_phi0.000000000000,controlled,0.001,0.0,1,0.4,fit_ok,resolved,True,E_state_hartree,0.0005537165140623301,0.00036821235040733664,1,1,False,same_sign,-0.0001855041636549935,0.0001855041636549935,True,state,0.0005576504624652363,False,-3.93394840290614e-06,0.0,-9.799435468540573e-09,conservative,0.00018943811205789958,unsafe,-3.9241489674375456e-06,conservative
1383,C,lambda_1.902983346207417,yoshida4,controlled_q0.001_phi1.570796326795,controlled,0.001,1.570796326795,1,0.4,fit_ok,resolved,True,mixed,0.0005537165140623301,0.0006761103009594447,1,1,False,same_sign,0.00012239378689711457,-0.00012239378689711457,False,no_positive_component,0.0005576597703783236,False,-3.943256315993454e-06,0.0,-1.9107348555908073e-08,conservative,-0.00011845053058112112,conservative,-3.9241489674375456e-06,conservative
1384,C,lambda_1.902983346207417,yoshida4,controlled_q0.001_phi3.141592653590,controlled,0.001,3.14159265359,1,0.4,fit_ok,resolved,True,E_state_hartree,0.0005537165140623301,0.0007448564630182502,1,1,False,same_sign,0.00019113994895592003,-0.00019113994895592003,False,no_positive_component,0.0005576489136124691,False,-3.932399550138962e-06,0.0,-8.25058270141621e-09,conservative,-0.00018720754940578107,conservative,-3.9241489674375456e-06,conservative
1385,C,lambda_1.902983346207417,yoshida4,controlled_q0.001_phi4.712388980385,controlled,0.001,4.712388980385,1,0.4,fit_ok,resolved,True,mixed,0.0005537165140623301,0.0004369585124661342,1,1,False,same_sign,-0.00011675800159619595,0.00011675800159619595,True,state,0.0005576396056993813,False,-3.923091637051215e-06,0.0,1.0573303863307612e-09,unsafe,0.00012068109323324716,unsafe,-3.9241489674375456e-06,conservative
1386,C,lambda_1.902983346207417,yoshida4,controlled_q0.010_phi0.000000000000,controlled,0.01,0.0,1,0.4,fit_ok,resolved,True,E_state_hartree,0.0005537165140623301,-4.634129802057825e-05,-1,1,True,sign_crossing,-0.0006000578120829084,0.0005073752160417519,True,not_attributed_sign_crossing,0.0005576519631581199,False,-3.935449095789794e-06,,,not_attributed_sign_crossing,,not_attributed_sign_crossing,,not_attributed_sign_crossing
1387,C,lambda_1.902983346207417,yoshida4,controlled_q0.010_phi1.570796326795,controlled,0.01,1.570796326795,1,0.4,fit_ok,resolved,True,mixed,0.0005537165140623301,0.0009229217393341431,1,1,False,same_sign,0.000369205225271813,-0.000369205225271813,False,no_positive_component,0.0005576812644772569,False,-3.9647504149267765e-06,0.0,-4.060144748923092e-08,conservative,-0.0003652404748568862,conservative,-3.9241489674375456e-06,conservative
1388,C,lambda_1.902983346207417,yoshida4,controlled_q0.010_phi3.141592653590,controlled,0.01,3.14159265359,1,0.4,fit_ok,resolved,True,E_state_hartree,0.0005537165140623301,0.0011393347220256633,1,1,False,same_sign,0.0005856182079633332,-0.0005856182079633332,False,no_positive_component,0.0005576470873681551,False,-3.930573305824985e-06,0.0,-6.424338387439263e-09,conservative,-0.0005816876346575082,conservative,-3.9241489674375456e-06,conservative
1389,C,lambda_1.902983346207417,yoshida4,controlled_q0.010_phi4.712388980385,controlled,0.01,4.712388980385,1,0.4,fit_ok,resolved,True,mixed,0.0005537165140623301,0.00017007168467096805,1,1,False,same_sign,-0.00038364482939136206,0.00038364482939136206,True,state,0.0005576177860490185,False,-3.901271986688328e-06,0.0,2.2876980749244854e-08,unsafe,0.0003875461013780504,unsafe,-3.9241489674375456e-06,conservative
1390,C,lambda_1.902983346207417,yoshida4,controlled_q0.050_phi0.000000000000,controlled,0.05,0.0,1,0.4,fit_ok,resolved,True,E_state_hartree,0.0005537165140623301,-0.0007966849143189431,-1,1,True,sign_crossing,-0.0013504014283812734,-0.000242968400256613,False,not_attributed_sign_crossing,0.0005576541418517146,False,-3.937627789384469e-06,,,not_attributed_sign_crossing,,not_attributed_sign_crossing,,not_attributed_sign_crossing
1391,C,lambda_1.902983346207417,yoshida4,controlled_q0.050_phi1.570796326795,controlled,0.05,1.570796326795,1,0.4,fit_ok,resolved,True,mixed,0.0005537165140623301,0.0013264170827396178,1,1,False,same_sign,0.0007727005686772876,-0.0007727005686772876,False,no_positive_component,0.0005577183243148656,False,-4.001810252535426e-06,0.0,-7.766128509788077e-08,conservative,-0.0007686987584247522,conservative,-3.9241489674375456e-06,conservative
1392,C,lambda_1.902983346207417,yoshida4,controlled_q0.050_phi3.141592653590,controlled,0.05,3.14159265359,1,0.4,fit_ok,resolved,True,E_state_hartree,0.0005537165140623301,0.0018004543853440218,1,1,False,same_sign,0.0012467378712816917,-0.0012467378712816917,False,no_positive_component,0.0005576434617793166,False,-3.9269477169865015e-06,0.0,-2.7987495489559255e-09,conservative,-0.0012428109235647052,conservative,-3.9241489674375456e-06,conservative
1393,C,lambda_1.902983346207417,yoshida4,controlled_q0.050_phi4.712388980385,controlled,0.05,4.712388980385,1,0.4,fit_ok,resolved,True,mixed,0.0005537165140623301,-0.00032264761171456536,-1,1,True,sign_crossing,-0.0008763641257768955,0.00023106890234776478,True,not_attributed_sign_crossing,0.0005575792793161673,False,-3.862765253837171e-06,,,not_attributed_sign_crossing,,not_attributed_sign_crossing,,not_attributed_sign_crossing
1394,C,lambda_1.972983346207417,yoshida4,controlled_q0.001_phi0.000000000000,controlled,0.001,0.0,-1,0.05,fit_ok,resolved,True,E_state_hartree,1.4700405381873338e-07,8.031099049964081e-08,1,1,False,same_sign,-6.669306331909257e-08,6.669306331909257e-08,True,state,1.5631214231005047e-07,False,-9.308088491317088e-09,0.0,-9.307580149119017e-09,conservative,7.600115181040966e-08,unsafe,-5.083421980712599e-13,conservative
1395,C,lambda_1.972983346207417,yoshida4,controlled_q0.001_phi1.570796326795,controlled,0.001,1.570796326795,-1,0.05,fit_ok,resolved,True,mixed,1.4700405381873338e-07,1.743203467545997e-07,1,1,False,same_sign,2.7316292935866327e-08,-2.7316292935866327e-08,False,state,1.7997659946963223e-07,False,-3.2972545650898846e-08,0.0,-3.2972037308700775e-08,conservative,5.656252715032519e-09,unsafe,-5.083421980712599e-13,conservative
1396,C,lambda_1.972983346207417,yoshida4,controlled_q0.001_phi3.141592653590,controlled,0.001,3.14159265359,-1,0.05,fit_ok,resolved,True,E_state_hartree,1.4700405381873338e-07,2.3025652612445238e-07,1,1,False,same_sign,8.3252472305719e-08,-8.3252472305719e-08,False,no_positive_component,1.5484339256268618e-07,False,-7.8393387439528e-09,0.0,-7.838830401754728e-09,conservative,-7.54131335617662e-08,conservative,-5.083421980712599e-13,conservative
1397,C,lambda_1.972983346207417,yoshida4,controlled_q0.001_phi4.712388980385,controlled,0.001,4.712388980385,-1,0.05,fit_ok,resolved,True,mixed,1.4700405381873338e-07,1.3624716986950353e-07,1,1,False,same_sign,-1.0756883949229849e-08,1.0756883949229849e-08,True,fit,1.3117893545285022e-07,False,1.5825118365883163e-08,0.0,1.5825626708081234e-08,unsafe,-5.068234416653314e-09,conservative,-5.083421980712599e-13,conservative
1398,C,lambda_1.972983346207417,yoshida4,controlled_q0.010_phi0.000000000000,controlled,0.01,0.0,-1,0.05,fit_ok,resolved,True,E_state_hartree,1.4700405381873338e-07,-8.353129420435538e-08,-1,1,True,sign_crossing,-2.3053534802308875e-07,6.3472759614378e-08,True,not_attributed_sign_crossing,1.5773495327920508e-07,False,-1.0730899460471697e-08,,,not_attributed_sign_crossing,,not_attributed_sign_crossing,,not_attributed_sign_crossing
1399,C,lambda_1.972983346207417,yoshida4,controlled_q0.010_phi1.570796326795,controlled,0.01,1.570796326795,-1,0.05,fit_ok,resolved,True,mixed,1.4700405381873338e-07,2.124102475306315e-07,1,1,False,same_sign,6.540619371189811e-08,-6.540619371189811e-08,False,state,2.322306867360259e-07,False,-8.522663291729252e-08,0.0,-8.522612457509445e-08,conservative,1.9820439205394405e-08,unsafe,-5.083421980712599e-13,conservative
1400,C,lambda_1.972983346207417,yoshida4,controlled_q0.010_phi3.141592653590,controlled,0.01,3.14159265359,-1,0.05,fit_ok,resolved,True,E_state_hartree,1.4700405381873338e-07,3.884973926929446e-07,1,1,False,same_sign,2.4149333887421123e-07,-2.4149333887421123e-07,False,no_positive_component,1.5311132769582134e-07,False,-6.107273877087953e-09,0.0,-6.106765534889882e-09,conservative,-2.3538606499712328e-07,conservative,-5.083421980712599e-13,conservative
1401,C,lambda_1.972983346207417,yoshida4,controlled_q0.010_phi4.712388980385,controlled,0.01,4.712388980385,-1,0.05,fit_ok,resolved,True,mixed,1.4700405381873338e-07,9.255585095793861e-08,1,1,False,same_sign,-5.4448202860794775e-08,5.4448202860794775e-08,True,fit,7.861559439656169e-08,False,6.838845942217169e-08,0.0,6.838896776436976e-08,unsafe,-1.3940256561376916e-08,conservative,-5.083421980712599e-13,conservative
1402,C,lambda_1.972983346207417,yoshida4,controlled_q0.050_phi0.000000000000,controlled,0.05,0.0,-1,0.05,fit_ok,resolved,True,E_state_hartree,1.4700405381873338e-07,-3.76937240916123e-07,-1,1,True,sign_crossing,-5.239412947348564e-07,-2.2993318709738964e-07,False,not_attributed_sign_crossing,1.5979977169862944e-07,False,-1.2795717879896062e-08,,,not_attributed_sign_crossing,,not_attributed_sign_crossing,,not_attributed_sign_crossing
1403,C,lambda_1.972983346207417,yoshida4,controlled_q0.050_phi1.570796326795,controlled,0.05,1.570796326795,-1,0.05,fit_ok,resolved,True,mixed,1.4700405381873338e-07,2.7130173452737943e-07,1,1,False,same_sign,1.2429768070864605e-07,-1.2429768070864605e-07,False,state,3.2297739608160493e-07,False,-1.7597334226287155e-07,0.0,-1.7597283392067348e-07,conservative,5.1675661554225496e-08,unsafe,-5.083421980712599e-13,conservative
1404,C,lambda_1.972983346207417,yoshida4,controlled_q0.050_phi3.141592653590,controlled,0.05,3.14159265359,-1,0.05,fit_ok,resolved,True,E_state_hartree,1.4700405381873338e-07,6.570081476913573e-07,1,1,False,same_sign,5.100040938726239e-07,-5.100040938726239e-07,False,no_positive_component,1.4967204750879083e-07,False,-2.6679936900574486e-09,0.0,-2.6674853478593774e-09,conservative,-5.073361001825665e-07,conservative,-5.083421980712599e-13,conservative
1405,C,lambda_1.972983346207417,yoshida4,controlled_q0.050_phi4.712388980385,controlled,0.05,4.712388980385,-1,0.05,fit_ok,resolved,True,mixed,1.4700405381873338e-07,8.76917224789879e-09,1,1,False,same_sign,-1.382348815708346e-07,1.382348815708346e-07,True,fit,-1.3505576992818626e-08,True,1.3349847682591475e-07,0.0,1.6051013915375009e-07,unsafe,-2.2274749240717415e-08,conservative,-5.083421980712599e-13,conservative
1406,C,lambda_1.972983346207417,yoshida4,controlled_q0.001_phi0.000000000000,controlled,0.001,0.0,-1,0.08,fit_ok,resolved,True,E_state_hartree,9.86302067795819e-07,5.475358013107406e-07,1,1,False,same_sign,-4.3876626648507836e-07,4.3876626648507836e-07,True,state,1.0422663636910734e-06,False,-5.5964295895254475e-08,0.0,-5.594262814995915e-08,conservative,4.947305623803328e-07,unsafe,-2.1667745295325165e-11,conservative
1407,C,lambda_1.972983346207417,yoshida4,controlled_q0.001_phi1.570796326795,controlled,0.001,1.570796326795,-1,0.08,fit_ok,resolved,True,mixed,9.86302067795819e-07,1.163356922938661e-06,1,1,False,same_sign,1.7705485514284194e-07,-1.7705485514284194e-07,False,state,1.2213178519936661e-06,False,-2.3501578419784715e-07,0.0,-2.3499411645255183e-07,conservative,5.7960929055005214e-08,unsafe,-2.1667745295325165e-11,conservative
1408,C,lambda_1.972983346207417,yoshida4,controlled_q0.001_phi3.141592653590,controlled,0.001,3.14159265359,-1,0.08,fit_ok,resolved,True,E_state_hartree,9.86302067795819e-07,1.5242069858786489e-06,1,1,False,same_sign,5.379049180828299e-07,-5.379049180828299e-07,False,no_positive_component,1.0334217184404816e-06,False,-4.7119650644662657e-08,0.0,-4.709798289936733e-08,conservative,-4.907852674381672e-07,conservative,-2.1667745295325165e-11,conservative
1409,C,lambda_1.972983346207417,yoshida4,controlled_q0.001_phi4.712388980385,controlled,0.001,4.712388980385,-1,0.08,fit_ok,resolved,True,mixed,9.86302067795819e-07,9.083858642507927e-07,1,1,False,same_sign,-7.791620354502625e-08,7.791620354502625e-08,True,fit,8.543702301710649e-07,False,1.3193183762475407e-07,0.0,1.319535053700494e-07,unsafe,-5.401563407972782e-08,conservative,-2.1667745295325165e-11,conservative
1410,C,lambda_1.972983346207417,yoshida4,controlled_q0.010_phi0.000000000000,controlled,0.01,0.0,-1,0.08,fit_ok,resolved,True,E_state_hartree,9.86302067795819e-07,-5.200925604915525e-07,-1,1,True,sign_crossing,-1.5063946282873715e-06,4.6620950730426647e-07,True,not_attributed_sign_crossing,1.0508362928940072e-06,False,-6.45342250981882e-08,,,not_attributed_sign_crossing,,not_attributed_sign_crossing,,not_attributed_sign_crossing
1411,C,lambda_1.972983346207417,yoshida4,controlled_q0.010_phi1.570796326795,controlled,0.01,1.570796326795,-1,0.08,fit_ok,resolved,True,mixed,9.86302067795819e-07,1.418512908449977e-06,1,1,False,same_sign,4.3221084065415805e-07,-4.3221084065415805e-07,False,state,1.6144905461353427e-06,False,-6.281884783395237e-07,0.0,-6.281668105942284e-07,conservative,1.959776376853657e-07,unsafe,-2.1667745295325165e-11,conservative
1412,C,lambda_1.972983346207417,yoshida4,controlled_q0.010_phi3.141592653590,controlled,0.01,3.14159265359,-1,0.08,fit_ok,resolved,True,E_state_hartree,9.86302067795819e-07,2.5544692453067894e-06,1,1,False,same_sign,1.5681671775109704e-06,-1.5681671775109704e-06,False,no_positive_component,1.0229933413428765e-06,False,-3.6691273547057505e-08,0.0,-3.666960580176218e-08,conservative,-1.531475903963913e-06,conservative,-2.1667745295325165e-11,conservative
1413,C,lambda_1.972983346207417,yoshida4,controlled_q0.010_phi4.712388980385,controlled,0.01,4.712388980385,-1,0.08,fit_ok,resolved,True,mixed,9.86302067795819e-07,6.158637763651381e-07,1,1,False,same_sign,-3.7043829143068086e-07,3.7043829143068086e-07,True,fit,4.59339088197377e-07,False,5.26962979598442e-07,0.0,5.269846473437373e-07,unsafe,-1.565246881677611e-07,conservative,-2.1667745295325165e-11,conservative
1414,C,lambda_1.972983346207417,yoshida4,controlled_q0.050_phi0.000000000000,controlled,0.05,0.0,-1,0.08,fit_ok,resolved,True,E_state_hartree,9.86302067795819e-07,-2.433152319920838e-06,-1,1,True,sign_crossing,-3.419454387716657e-06,-1.4468502521250191e-06,False,not_attributed_sign_crossing,1.0632789390570587e-06,False,-7.69768712612397e-08,,,not_attributed_sign_crossing,,not_attributed_sign_crossing,,not_attributed_sign_crossing
1415,C,lambda_1.972983346207417,yoshida4,controlled_q0.050_phi1.570796326795,controlled,0.05,1.570796326795,-1,0.08,fit_ok,resolved,True,mixed,9.86302067795819e-07,1.8132255816350604e-06,1,1,False,same_sign,8.269235138392414e-07,-8.269235138392414e-07,False,state,2.297923637466769e-06,False,-1.3116215696709501e-06,0.0,-1.311599901925655e-06,conservative,4.846980558317089e-07,unsafe,-2.1667745295325165e-11,conservative
1416,C,lambda_1.972983346207417,yoshida4,controlled_q0.050_phi3.141592653590,controlled,0.05,3.14159265359,-1,0.08,fit_ok,resolved,True,E_state_hartree,9.86302067795819e-07,4.3014574386287045e-06,1,1,False,same_sign,3.3151553708328855e-06,-3.3151553708328855e-06,False,no_positive_component,1.002290926759031e-06,False,-1.5988858963211946e-08,0.0,-1.596719121791662e-08,conservative,-3.2991665118696736e-06,conservative,-2.1667745295325165e-11,conservative
1417,C,lambda_1.972983346207417,yoshida4,controlled_q0.050_phi4.712388980385,controlled,0.05,4.712388980385,-1,0.08,fit_ok,resolved,True,mixed,9.86302067795819e-07,5.507953707308706e-08,1,1,False,same_sign,-9.312225307227319e-07,9.312225307227319e-07,True,fit,-2.3235377149677776e-07,True,7.539482962990412e-07,1.0587911840678754e-22,1.2186775070378921e-06,unsafe,-2.874333085698648e-07,conservative,-2.1667745295325165e-11,conservative
1418,C,lambda_1.972983346207417,yoshida4,controlled_q0.001_phi0.000000000000,controlled,0.001,0.0,-1,0.12,fit_ok,resolved,True,E_state_hartree,5.227882281300111e-06,2.9921545084632996e-06,1,1,False,same_sign,-2.2357277728368118e-06,2.2357277728368118e-06,True,state,5.462142121059649e-06,False,-2.3425983975953797e-07,0.0,-2.337141998353383e-07,conservative,2.4699876125963498e-06,unsafe,-5.456399241996583e-10,conservative
1419,C,lambda_1.972983346207417,yoshida4,controlled_q0.001_phi1.570796326795,controlled,0.001,1.570796326795,-1,0.12,fit_ok,resolved,True,mixed,5.227882281300111e-06,6.106855829334022e-06,1,1,False,same_sign,8.789735480339107e-07,-8.789735480339107e-07,False,state,6.538762604261878e-06,False,-1.310880322961767e-06,0.0,-1.3103346830375673e-06,conservative,4.3190677492785625e-07,unsafe,-5.456399241996583e-10,conservative
1420,C,lambda_1.972983346207417,yoshida4,controlled_q0.001_phi3.141592653590,controlled,0.001,3.14159265359,-1,0.12,fit_ok,resolved,True,E_state_hartree,5.227882281300111e-06,7.874121342654823e-06,1,1,False,same_sign,2.6462390613547115e-06,-2.6462390613547115e-06,False,no_positive_component,5.425047441743363e-06,False,-1.9716516044325174e-07,0.0,-1.9661952051905208e-07,conservative,-2.4490739009114597e-06,conservative,-5.456399241996583e-10,conservative
1421,C,lambda_1.972983346207417,yoshida4,controlled_q0.001_phi4.712388980385,controlled,0.001,4.712388980385,-1,0.12,fit_ok,resolved,True,mixed,5.227882281300111e-06,4.7594200217844036e-06,1,1,False,same_sign,-4.684622595157078e-07,4.684622595157078e-07,True,fit,4.348426958532855e-06,False,8.794553227672561e-07,0.0,8.800009626914558e-07,unsafe,-4.1099306325154835e-07,conservative,-5.456399241996583e-10,conservative
1422,C,lambda_1.972983346207417,yoshida4,controlled_q0.010_phi0.000000000000,controlled,0.01,0.0,-1,0.12,fit_ok,resolved,True,E_state_hartree,5.227882281300111e-06,-2.3490726303481027e-06,-1,1,True,sign_crossing,-7.576954911648214e-06,2.8788096509520086e-06,True,not_attributed_sign_crossing,5.4981010590421006e-06,False,-2.702187777419892e-07,,,not_attributed_sign_crossing,,not_attributed_sign_crossing,,not_attributed_sign_crossing
1423,C,lambda_1.972983346207417,yoshida4,controlled_q0.010_phi1.570796326795,controlled,0.01,1.570796326795,-1,0.12,fit_ok,resolved,True,mixed,5.227882281300111e-06,7.456010051450017e-06,1,1,False,same_sign,2.228127770149906e-06,-2.228127770149906e-06,False,state,8.887303350782161e-06,False,-3.65942106948205e-06,0.0,-3.658875429557851e-06,conservative,1.431293299332145e-06,unsafe,-5.456399241996583e-10,conservative
1424,C,lambda_1.972983346207417,yoshida4,controlled_q0.010_phi3.141592653590,controlled,0.01,3.14159265359,-1,0.12,fit_ok,resolved,True,E_state_hartree,5.227882281300111e-06,1.3019363546275739e-05,1,1,False,same_sign,7.791481264975627e-06,-7.791481264975627e-06,False,no_positive_component,5.381326973734505e-06,False,-1.5344469243439407e-07,1.6940658945086007e-21,-1.5289905251019357e-07,conservative,-7.638036572541233e-06,conservative,-5.456399241996583e-10,conservative
1425,C,lambda_1.972983346207417,yoshida4,controlled_q0.010_phi4.712388980385,controlled,0.01,4.712388980385,-1,0.12,fit_ok,resolved,True,mixed,5.227882281300111e-06,3.21428086447704e-06,1,1,False,same_sign,-2.0136014168230714e-06,2.0136014168230714e-06,True,fit,1.9921246819124286e-06,False,3.2357575993876828e-06,0.0,3.2363032393118824e-06,unsafe,-1.2221561825646114e-06,conservative,-5.456399241996583e-10,conservative
1426,C,lambda_1.972983346207417,yoshida4,controlled_q0.050_phi0.000000000000,controlled,0.05,0.0,-1,0.12,fit_ok,resolved,True,E_state_hartree,5.227882281300111e-06,-1.1932111804995104e-05,-1,1,True,sign_crossing,-1.7159994086295217e-05,-6.704229523694993e-06,False,not_attributed_sign_crossing,5.550358851254106e-06,False,-3.224765699539945e-07,,,not_attributed_sign_crossing,,not_attributed_sign_crossing,,not_attributed_sign_crossing
1427,C,lambda_1.972983346207417,yoshida4,controlled_q0.050_phi1.570796326795,controlled,0.05,1.570796326795,-1,0.12,fit_ok,resolved,True,mixed,5.227882281300111e-06,9.545226977944228e-06,1,1,False,same_sign,4.3173446966441165e-06,-4.3173446966441165e-06,False,state,1.297416629763753e-05,False,-7.74628401633742e-06,0.0,-7.74573837641322e-06,conservative,3.4289393196933036e-06,unsafe,-5.456399241996583e-10,conservative
1428,C,lambda_1.972983346207417,yoshida4,controlled_q0.050_phi3.141592653590,controlled,0.05,3.14159265359,-1,0.12,fit_ok,resolved,True,E_state_hartree,5.227882281300111e-06,2.173135856452046e-05,1,1,False,same_sign,1.650347628322035e-05,-1.650347628322035e-05,False,no_positive_component,5.294573492516104e-06,False,-6.669121121599268e-08,0.0,-6.614557129179218e-08,conservative,-1.6436785072004357e-05,conservative,-5.456399241996583e-10,conservative
1429,C,lambda_1.972983346207417,yoshida4,controlled_q0.050_phi4.712388980385,controlled,0.05,4.712388980385,-1,0.12,fit_ok,resolved,True,mixed,5.227882281300111e-06,2.5401978158248555e-07,1,1,False,same_sign,-4.973862499717626e-06,4.973862499717626e-06,True,fit,-2.129233953808577e-06,True,3.0986483274915344e-06,0.0,7.357661875032888e-06,unsafe,-2.3832537353910625e-06,conservative,-5.456399241996583e-10,conservative
1430,C,lambda_1.972983346207417,yoshida4,controlled_q0.001_phi0.000000000000,controlled,0.001,0.0,-1,0.18,fit_ok,resolved,True,E_state_hartree,2.9065378291948107e-05,1.765661877635914e-05,1,1,False,same_sign,-1.1408759515588968e-05,1.1408759515588968e-05,True,state,2.977220223453534e-05,False,-7.068239425872331e-07,0.0,-6.933878248003893e-07,conservative,1.2115583458176201e-05,unsafe,-1.3436117786843834e-08,conservative
1431,C,lambda_1.972983346207417,yoshida4,controlled_q0.001_phi1.570796326795,controlled,0.001,1.570796326795,-1,0.18,fit_ok,resolved,True,mixed,2.9065378291948107e-05,3.339183991212367e-05,1,1,False,same_sign,4.326461620175562e-06,-4.326461620175562e-06,False,state,3.658737908041163e-05,False,-7.522000788463519e-06,0.0,-7.508564670676672e-06,conservative,3.195539168287954e-06,unsafe,-1.3436117786843834e-08,conservative
1432,C,lambda_1.972983346207417,yoshida4,controlled_q0.001_phi3.141592653590,controlled,0.001,3.14159265359,-1,0.18,fit_ok,resolved,True,E_state_hartree,2.9065378291948107e-05,4.166044733583998e-05,1,1,False,same_sign,1.2595069043891871e-05,-1.2595069043891871e-05,False,no_positive_component,2.966117913530277e-05,False,-5.958008433546612e-07,0.0,-5.823647255678174e-07,conservative,-1.199926820053721e-05,conservative,-1.3436117786843834e-08,conservative
1433,C,lambda_1.972983346207417,yoshida4,controlled_q0.001_phi4.712388980385,controlled,0.001,4.712388980385,-1,0.18,fit_ok,resolved,True,mixed,2.9065378291948107e-05,2.5925226200076732e-05,1,1,False,same_sign,-3.140152091871375e-06,3.140152091871375e-06,True,fit,2.2846002289434993e-05,False,6.219376002513114e-06,0.0,6.232812120299958e-06,unsafe,-3.079223910641739e-06,conservative,-1.3436117786843834e-08,conservative
1434,C,lambda_1.972983346207417,yoshida4,controlled_q0.010_phi0.000000000000,controlled,0.01,0.0,-1,0.18,fit_ok,resolved,True,E_state_hartree,2.9065378291948107e-05,-8.658427804335116e-06,-1,1,True,sign_crossing,-3.772380609628322e-05,2.040695048761299e-05,True,not_attributed_sign_crossing,2.9879936312700183e-05,False,-8.145580207520759e-07,,,not_attributed_sign_crossing,,not_attributed_sign_crossing,,not_attributed_sign_crossing
1435,C,lambda_1.972983346207417,yoshida4,controlled_q0.010_phi1.570796326795,controlled,0.01,1.570796326795,-1,0.18,fit_ok,resolved,True,mixed,2.9065378291948107e-05,4.087606310133518e-05,1,1,False,same_sign,1.1810684809387071e-05,-1.1810684809387071e-05,False,state,5.133411942072186e-05,False,-2.2268741128773753e-05,0.0,-2.225530501098691e-05,conservative,1.0458056319386682e-05,unsafe,-1.3436117786843834e-08,conservative
1436,C,lambda_1.972983346207417,yoshida4,controlled_q0.010_phi3.141592653590,controlled,0.01,3.14159265359,-1,0.18,fit_ok,resolved,True,E_state_hartree,2.9065378291948107e-05,6.690564703274716e-05,1,1,False,same_sign,3.7840268740799054e-05,-3.7840268740799054e-05,False,no_positive_component,2.953043549210126e-05,False,-4.6505720015315263e-07,0.0,-4.516210823663088e-07,conservative,-3.73752115406459e-05,conservative,-1.3436117786843834e-08,conservative
1437,C,lambda_1.972983346207417,yoshida4,controlled_q0.010_phi4.712388980385,controlled,0.01,4.712388980385,-1,0.18,fit_ok,resolved,True,mixed,2.9065378291948107e-05,1.737115612707435e-05,1,1,False,same_sign,-1.1694222164873758e-05,1.1694222164873758e-05,True,fit,8.076252384083246e-06,False,2.0989125907864862e-05,0.0,2.1002562025651706e-05,unsafe,-9.294903742991104e-06,conservative,-1.3436117786843834e-08,conservative
1438,C,lambda_1.972983346207417,yoshida4,controlled_q0.050_phi0.000000000000,controlled,0.05,0.0,-1,0.18,fit_ok,resolved,True,E_state_hartree,2.9065378291948107e-05,-5.6012703468312456e-05,-1,1,True,sign_crossing,-8.507808176026056e-05,-2.694732517636435e-05,False,not_attributed_sign_crossing,3.0036831925826305e-05,False,-9.714536338781976e-07,,,not_attributed_sign_crossing,,not_attributed_sign_crossing,,not_attributed_sign_crossing
1439,C,lambda_1.972983346207417,yoshida4,controlled_q0.050_phi1.570796326795,controlled,0.05,1.570796326795,-1,0.18,fit_ok,resolved,True,mixed,2.9065378291948107e-05,5.248908862737863e-05,1,1,False,same_sign,2.342371033543052e-05,-2.342371033543052e-05,False,state,7.703069968558154e-05,False,-4.796532139363343e-05,0.0,-4.795188527584658e-05,conservative,2.4541611058202906e-05,unsafe,-1.3436117786843834e-08,conservative
1440,C,lambda_1.972983346207417,yoshida4,controlled_q0.050_phi3.141592653590,controlled,0.05,3.14159265359,-1,0.18,fit_ok,resolved,True,E_state_hartree,2.9065378291948107e-05,0.00010950504765767035,1,1,False,same_sign,8.043966936572224e-05,-8.043966936572224e-05,False,no_positive_component,2.927127514547857e-05,False,-2.0589685353046235e-07,0.0,-1.9246073574361174e-07,conservative,-8.023377251219178e-05,conservative,-1.3436117786843834e-08,conservative
1441,C,lambda_1.972983346207417,yoshida4,controlled_q0.050_phi4.712388980385,controlled,0.05,4.712388980385,-1,0.18,fit_ok,resolved,True,mixed,2.9065378291948107e-05,1.0032555619853514e-06,1,1,False,same_sign,-2.8062122729962755e-05,2.8062122729962755e-05,True,fit,-1.772259261438919e-05,True,1.1342785677558919e-05,3.3881317890172014e-21,4.6801407024124143e-05,unsafe,-1.872584817637454e-05,conservative,-1.3436117786843834e-08,conservative
1442,C,lambda_1.972983346207417,yoshida4,controlled_q0.001_phi0.000000000000,controlled,0.001,0.0,-1,0.27,fit_ok,resolved,True,E_state_hartree,0.0001749091818983306,0.00011796384919321231,1,1,False,same_sign,-5.694533270511829e-05,5.694533270511829e-05,True,state,0.0001750065521250669,False,-9.737022673629472e-08,0.0,2.166762252285223e-07,unsafe,5.704270293185458e-05,unsafe,-3.1404645196481703e-07,conservative
1443,C,lambda_1.972983346207417,yoshida4,controlled_q0.001_phi1.570796326795,controlled,0.001,1.570796326795,-1,0.27,fit_ok,resolved,True,mixed,0.0001749091818983306,0.0001972480361065576,1,1,False,same_sign,2.2338854208226995e-05,-2.2338854208226995e-05,False,state,0.00022036298115206052,False,-4.545379925372992e-05,0.0,-4.51397528017651e-05,conservative,2.3114945045502923e-05,unsafe,-3.1404645196481703e-07,conservative
1444,C,lambda_1.972983346207417,yoshida4,controlled_q0.001_phi3.141592653590,controlled,0.001,3.14159265359,-1,0.27,fit_ok,resolved,True,E_state_hartree,0.0001749091818983306,0.00023138303276543687,1,1,False,same_sign,5.6473850867106264e-05,-5.6473850867106264e-05,False,fit,0.0001750412227469835,False,-1.32040848652902e-07,0.0,1.8200560331191502e-07,unsafe,-5.634181001845336e-05,conservative,-3.1404645196481703e-07,conservative
1445,C,lambda_1.972983346207417,yoshida4,controlled_q0.001_phi4.712388980385,controlled,0.001,4.712388980385,-1,0.27,fit_ok,resolved,True,mixed,0.0001749091818983306,0.00015209884585209532,1,1,False,same_sign,-2.281033604623528e-05,2.281033604623528e-05,True,fit,0.00012968479371998752,False,4.522438817834308e-05,0.0,4.5538434630307896e-05,unsafe,-2.24140521321078e-05,conservative,-3.1404645196481703e-07,conservative
1446,C,lambda_1.972983346207417,yoshida4,controlled_q0.010_phi0.000000000000,controlled,0.01,0.0,-1,0.27,fit_ok,resolved,True,E_state_hartree,0.0001749091818983306,-6.998829978528196e-06,-1,1,True,sign_crossing,-0.0001819080118768588,0.0001679103519198024,True,not_attributed_sign_crossing,0.00017497291118796733,False,-6.372928963672628e-08,,,not_attributed_sign_crossing,,not_attributed_sign_crossing,,not_attributed_sign_crossing
1447,C,lambda_1.972983346207417,yoshida4,controlled_q0.010_phi1.570796326795,controlled,0.01,1.570796326795,-1,0.27,fit_ok,resolved,True,mixed,0.0001749091818983306,0.00024258786484689755,1,1,False,same_sign,6.767868294856695e-05,-6.767868294856695e-05,False,state,0.00031775499233997984,False,-0.00014284581044164923,-1.3552527156068805e-20,-0.00014253176398968444,conservative,7.51671274930823e-05,unsafe,-3.1404645196481703e-07,conservative
1448,C,lambda_1.972983346207417,yoshida4,controlled_q0.010_phi3.141592653590,controlled,0.01,3.14159265359,-1,0.27,fit_ok,resolved,True,E_state_hartree,0.0001749091818983306,0.0003500448663707892,1,1,False,same_sign,0.00017513568447245862,-0.00017513568447245862,False,fit,0.00017508205433830527,False,-1.728724399746725e-07,0.0,1.4117401199014454e-07,unsafe,-0.00017496281203248395,conservative,-3.1404645196481703e-07,conservative
1449,C,lambda_1.972983346207417,yoshida4,controlled_q0.010_phi4.712388980385,controlled,0.01,4.712388980385,-1,0.27,fit_ok,resolved,True,mixed,0.0001749091818983306,0.00010045817154535547,1,1,False,same_sign,-7.445101035297513e-05,7.445101035297513e-05,True,fit,3.2299973186295476e-05,False,0.00014260920871203512,0.0,0.00014292325516399994,unsafe,-6.815819835905999e-05,conservative,-3.1404645196481703e-07,conservative
1450,C,lambda_1.972983346207417,yoshida4,controlled_q0.050_phi0.000000000000,controlled,0.05,0.0,-1,0.27,fit_ok,resolved,True,E_state_hartree,0.0001749091818983306,-0.00023351831841891845,-1,1,True,sign_crossing,-0.00040842750031724905,-5.860913652058785e-05,False,not_attributed_sign_crossing,0.00017492392682651674,False,-1.4744928186142658e-08,,,not_attributed_sign_crossing,,not_attributed_sign_crossing,,not_attributed_sign_crossing
1451,C,lambda_1.972983346207417,yoshida4,controlled_q0.050_phi1.570796326795,controlled,0.05,1.570796326795,-1,0.27,fit_ok,resolved,True,mixed,0.0001749091818983306,0.00031318364977875627,1,1,False,same_sign,0.00013827446788042567,-0.00013827446788042567,False,state,0.0004876779574199715,False,-0.0003127687755216409,2.710505431213761e-20,-0.00031245472906967604,conservative,0.0001744943076412152,unsafe,-3.1404645196481703e-07,conservative
1452,C,lambda_1.972983346207417,yoshida4,controlled_q0.050_phi3.141592653590,controlled,0.05,3.14159265359,-1,0.27,fit_ok,resolved,True,E_state_hartree,0.0001749091818983306,0.0005485605967383414,1,1,False,same_sign,0.0003736514148400108,-0.0003736514148400108,False,fit,0.00017516299716296502,False,-2.5381526463441953e-07,0.0,6.023118733042461e-08,unsafe,-0.00037339759957537636,conservative,-3.1404645196481703e-07,conservative
1453,C,lambda_1.972983346207417,yoshida4,controlled_q0.050_phi4.712388980385,controlled,0.05,4.712388980385,-1,0.27,fit_ok,resolved,True,mixed,0.0001749091818983306,1.8586285406884837e-06,1,1,False,same_sign,-0.00017305055335764213,0.00017305055335764213,True,fit,-0.00013759103343038352,True,3.731814846794708e-05,-2.710505431213761e-20,0.0003128142617806789,unsafe,-0.000139449661971072,conservative,-3.1404645196481703e-07,conservative
1454,C,lambda_1.972983346207417,yoshida4,controlled_q0.001_phi0.000000000000,controlled,0.001,0.0,-1,0.4,fit_ok,resolved,True,E_state_hartree,0.0010917766492664072,0.0008642946505218522,1,1,False,same_sign,-0.0002274819987445549,0.0002274819987445549,True,state,0.001097708607731362,False,-5.931958464954791e-06,0.0,-1.4562614697130084e-08,conservative,0.0002334139572095096,unsafe,-5.9173958502575525e-06,conservative
1455,C,lambda_1.972983346207417,yoshida4,controlled_q0.001_phi1.570796326795,controlled,0.001,1.570796326795,-1,0.4,fit_ok,resolved,True,mixed,0.0010917766492664072,0.0012423251155496778,1,1,False,same_sign,0.0001505484662832706,-0.0001505484662832706,False,state,0.0013913207393698522,False,-0.000299544090103445,0.0,-0.00029362669425318745,conservative,0.0001489956238201744,unsafe,-5.9173958502575525e-06,conservative
1456,C,lambda_1.972983346207417,yoshida4,controlled_q0.001_phi3.141592653590,controlled,0.001,3.14159265359,-1,0.4,fit_ok,resolved,True,E_state_hartree,0.0010917766492664072,0.001326729458960323,1,1,False,same_sign,0.00023495280969391594,-0.00023495280969391594,False,no_positive_component,0.0010977062779312793,False,-5.929628664872117e-06,0.0,-1.2232814614564214e-08,conservative,-0.00022902318102904383,conservative,-5.9173958502575525e-06,conservative
1457,C,lambda_1.972983346207417,yoshida4,controlled_q0.001_phi4.712388980385,controlled,0.001,4.712388980385,-1,0.4,fit_ok,resolved,True,mixed,0.0010917766492664072,0.0009486989939324867,1,1,False,same_sign,-0.0001430776553339205,0.0001430776553339205,True,fit,0.0008040941462927893,False,0.0002876825029736179,0.0,0.00029359989882387543,unsafe,-0.00014460484763969736,conservative,-5.9173958502575525e-06,conservative
1458,C,lambda_1.972983346207417,yoshida4,controlled_q0.010_phi0.000000000000,controlled,0.01,0.0,-1,0.4,fit_ok,resolved,True,E_state_hartree,0.0010917766492664072,0.0003478807147662764,1,1,False,same_sign,-0.0007438959345001308,0.0007438959345001308,True,state,0.0010977108682955958,False,-5.93421902918864e-06,0.0,-1.682317893103363e-08,conservative,0.0007498301535293194,unsafe,-5.9173958502575525e-06,conservative
1459,C,lambda_1.972983346207417,yoshida4,controlled_q0.010_phi1.570796326795,controlled,0.01,1.570796326795,-1,0.4,fit_ok,resolved,True,mixed,0.0010917766492664072,0.001537920973522298,1,1,False,same_sign,0.0004461443242558909,-0.0004461443242558909,False,state,0.00202200213430042,False,-0.0009302254850340128,0.0,-0.0009243080891837552,conservative,0.00048408116077812186,unsafe,-5.9173958502575525e-06,conservative
1460,C,lambda_1.972983346207417,yoshida4,controlled_q0.010_phi3.141592653590,controlled,0.01,3.14159265359,-1,0.4,fit_ok,resolved,True,E_state_hartree,0.0010917766492664072,0.001803625925807402,1,1,False,same_sign,0.0007118492765409948,-0.0007118492765409948,False,no_positive_component,0.0010977035340827485,False,-5.926884816341354e-06,0.0,-9.488966083801703e-09,conservative,-0.0007059223917246535,conservative,-5.9173958502575525e-06,conservative
1461,C,lambda_1.972983346207417,yoshida4,controlled_q0.010_phi4.712388980385,controlled,0.01,4.712388980385,-1,0.4,fit_ok,resolved,True,mixed,0.0010917766492664072,0.0006135856670513912,1,1,False,same_sign,-0.000478190982215016,0.000478190982215016,True,fit,0.00017341226807792483,False,0.0009183643811884823,0.0,0.0009242817770387399,unsafe,-0.0004401733989734663,conservative,-5.9173958502575525e-06,conservative
1462,C,lambda_1.972983346207417,yoshida4,controlled_q0.050_phi0.000000000000,controlled,0.05,0.0,-1,0.4,fit_ok,resolved,True,E_state_hartree,0.0010917766492664072,-0.0006064166394073825,-1,1,True,sign_crossing,-0.0016981932886737897,0.0004853600098590246,True,not_attributed_sign_crossing,0.001097714159760823,False,-5.93751049441575e-06,,,not_attributed_sign_crossing,,not_attributed_sign_crossing,,not_attributed_sign_crossing
1463,C,lambda_1.972983346207417,yoshida4,controlled_q0.050_phi1.570796326795,controlled,0.05,1.570796326795,-1,0.4,fit_ok,resolved,True,mixed,0.0010917766492664072,0.0020002822158801067,1,1,False,same_sign,0.0009085055666136995,-0.0009085055666136995,False,state,0.003122308678576168,False,-0.002030532029309761,0.0,-0.0020246146334595033,conservative,0.0011220264626960613,unsafe,-5.9173958502575525e-06,conservative
1464,C,lambda_1.972983346207417,yoshida4,controlled_q0.050_phi3.141592653590,controlled,0.05,3.14159265359,-1,0.4,fit_ok,resolved,True,E_state_hartree,0.0010917766492664072,0.0025822900848321883,1,1,False,same_sign,0.001490513435565781,-0.001490513435565781,False,no_positive_component,0.0010976980946873157,False,-5.921445420908585e-06,0.0,-4.049570651032397e-09,conservative,-0.0014845919901448725,conservative,-5.9173958502575525e-06,conservative
1465,C,lambda_1.972983346207417,yoshida4,controlled_q0.050_phi4.712388980385,controlled,0.05,4.712388980385,-1,0.4,fit_ok,resolved,True,mixed,0.0010917766492664072,-2.4408770455288307e-05,-1,1,True,sign_crossing,-0.0011161854197216956,0.0010673678788111188,True,not_attributed_sign_crossing,-0.0009268964241280286,True,0.0001648802251383786,,,not_attributed_sign_crossing,,not_attributed_sign_crossing,,not_attributed_sign_crossing
1466,C,lambda_1.972983346207417,yoshida4,controlled_q0.001_phi0.000000000000,controlled,0.001,0.0,1,0.05,fit_ok,resolved,True,E_state_hartree,1.4700405381873338e-07,8.031099049964081e-08,1,1,False,same_sign,-6.669306331909257e-08,6.669306331909257e-08,True,state,1.5631214231005047e-07,False,-9.308088491317088e-09,0.0,-9.307580149119017e-09,conservative,7.600115181040966e-08,unsafe,-5.083421980712599e-13,conservative
1467,C,lambda_1.972983346207417,yoshida4,controlled_q0.001_phi1.570796326795,controlled,0.001,1.570796326795,1,0.05,fit_ok,resolved,True,mixed,1.4700405381873338e-07,1.743203467545997e-07,1,1,False,same_sign,2.7316292935866327e-08,-2.7316292935866327e-08,False,no_positive_component,1.692521123379464e-07,False,-2.2248058519213012e-08,0.0,-2.224755017701494e-08,conservative,-5.068234416653314e-09,conservative,-5.083421980712599e-13,conservative
1468,C,lambda_1.972983346207417,yoshida4,controlled_q0.001_phi3.141592653590,controlled,0.001,3.14159265359,1,0.05,fit_ok,resolved,True,E_state_hartree,1.4700405381873338e-07,2.3025652612445238e-07,1,1,False,same_sign,8.3252472305719e-08,-8.3252472305719e-08,False,no_positive_component,1.5484339256268637e-07,False,-7.839338743952985e-09,0.0,-7.838830401754914e-09,conservative,-7.541313356176601e-08,conservative,-5.083421980712599e-13,conservative
1469,C,lambda_1.972983346207417,yoshida4,controlled_q0.001_phi4.712388980385,controlled,0.001,4.712388980385,1,0.05,fit_ok,resolved,True,mixed,1.4700405381873338e-07,1.3624716986950353e-07,1,1,False,same_sign,-1.0756883949229849e-08,1.0756883949229849e-08,True,state,1.4190342258453605e-07,False,5.100631234197329e-09,0.0,5.101139576395401e-09,unsafe,5.656252715032519e-09,unsafe,-5.083421980712599e-13,conservative
1470,C,lambda_1.972983346207417,yoshida4,controlled_q0.010_phi0.000000000000,controlled,0.01,0.0,1,0.05,fit_ok,resolved,True,E_state_hartree,1.4700405381873338e-07,-8.353129420435538e-08,-1,1,True,sign_crossing,-2.3053534802308875e-07,6.3472759614378e-08,True,not_attributed_sign_crossing,1.5773495327920508e-07,False,-1.0730899460471697e-08,,,not_attributed_sign_crossing,,not_attributed_sign_crossing,,not_attributed_sign_crossing
1471,C,lambda_1.972983346207417,yoshida4,controlled_q0.010_phi1.570796326795,controlled,0.01,1.570796326795,1,0.05,fit_ok,resolved,True,mixed,1.4700405381873338e-07,2.124102475306315e-07,1,1,False,same_sign,6.540619371189811e-08,-6.540619371189811e-08,False,no_positive_component,1.9846999096925458e-07,False,-5.14659371505212e-08,0.0,-5.146542880832313e-08,conservative,-1.3940256561376916e-08,conservative,-5.083421980712599e-13,conservative
1472,C,lambda_1.972983346207417,yoshida4,controlled_q0.010_phi3.141592653590,controlled,0.01,3.14159265359,1,0.05,fit_ok,resolved,True,E_state_hartree,1.4700405381873338e-07,3.884973926929446e-07,1,1,False,same_sign,2.4149333887421123e-07,-2.4149333887421123e-07,False,no_positive_component,1.5311132769582134e-07,False,-6.107273877087953e-09,0.0,-6.106765534889882e-09,conservative,-2.3538606499712328e-07,conservative,-5.083421980712599e-13,conservative
1473,C,lambda_1.972983346207417,yoshida4,controlled_q0.010_phi4.712388980385,controlled,0.01,4.712388980385,1,0.05,fit_ok,resolved,True,mixed,1.4700405381873338e-07,9.255585095793861e-08,1,1,False,same_sign,-5.4448202860794775e-08,5.4448202860794775e-08,True,fit,1.1237629016333301e-07,False,3.462776365540037e-08,0.0,3.462827199759844e-08,unsafe,1.9820439205394405e-08,unsafe,-5.083421980712599e-13,conservative
1474,C,lambda_1.972983346207417,yoshida4,controlled_q0.050_phi0.000000000000,controlled,0.05,0.0,1,0.05,fit_ok,resolved,True,E_state_hartree,1.4700405381873338e-07,-3.76937240916123e-07,-1,1,True,sign_crossing,-5.239412947348564e-07,-2.2993318709738964e-07,False,not_attributed_sign_crossing,1.5979977169862944e-07,False,-1.2795717879896062e-08,,,not_attributed_sign_crossing,,not_attributed_sign_crossing,,not_attributed_sign_crossing
1475,C,lambda_1.972983346207417,yoshida4,controlled_q0.050_phi1.570796326795,controlled,0.05,1.570796326795,1,0.05,fit_ok,resolved,True,mixed,1.4700405381873338e-07,2.7130173452737943e-07,1,1,False,same_sign,1.2429768070864605e-07,-1.2429768070864605e-07,False,no_positive_component,2.4902698500910626e-07,False,-1.0202293119037288e-07,0.0,-1.0202242284817481e-07,conservative,-2.227474951827317e-08,conservative,-5.083421980712599e-13,conservative
1476,C,lambda_1.972983346207417,yoshida4,controlled_q0.050_phi3.141592653590,controlled,0.05,3.14159265359,1,0.05,fit_ok,resolved,True,E_state_hartree,1.4700405381873338e-07,6.570081476913573e-07,1,1,False,same_sign,5.100040938726239e-07,-5.100040938726239e-07,False,no_positive_component,1.4967204750879083e-07,False,-2.6679936900574486e-09,0.0,-2.6674853478593774e-09,conservative,-5.073361001825665e-07,conservative,-5.083421980712599e-13,conservative
1477,C,lambda_1.972983346207417,yoshida4,controlled_q0.050_phi4.712388980385,controlled,0.05,4.712388980385,1,0.05,fit_ok,resolved,True,mixed,1.4700405381873338e-07,8.76917224789879e-09,1,1,False,same_sign,-1.382348815708346e-07,1.382348815708346e-07,True,fit,6.044483380212428e-08,False,8.65592200166091e-08,0.0,8.655972835880717e-08,unsafe,5.1675661554225496e-08,unsafe,-5.083421980712599e-13,conservative
1478,C,lambda_1.972983346207417,yoshida4,controlled_q0.001_phi0.000000000000,controlled,0.001,0.0,1,0.08,fit_ok,resolved,True,E_state_hartree,9.86302067795819e-07,5.475358013107406e-07,1,1,False,same_sign,-4.3876626648507836e-07,4.3876626648507836e-07,True,state,1.0422663636910734e-06,False,-5.5964295895254475e-08,0.0,-5.594262814995915e-08,conservative,4.947305623803328e-07,unsafe,-2.1667745295325165e-11,conservative
1479,C,lambda_1.972983346207417,yoshida4,controlled_q0.001_phi1.570796326795,controlled,0.001,1.570796326795,1,0.08,fit_ok,resolved,True,mixed,9.86302067795819e-07,1.163356922938661e-06,1,1,False,same_sign,1.7705485514284194e-07,-1.7705485514284194e-07,False,no_positive_component,1.109341288858933e-06,False,-1.2303922106311412e-07,0.0,-1.230175533178188e-07,conservative,-5.401563407972782e-08,conservative,-2.1667745295325165e-11,conservative
1480,C,lambda_1.972983346207417,yoshida4,controlled_q0.001_phi3.141592653590,controlled,0.001,3.14159265359,1,0.08,fit_ok,resolved,True,E_state_hartree,9.86302067795819e-07,1.5242069858786489e-06,1,1,False,same_sign,5.379049180828299e-07,-5.379049180828299e-07,False,no_positive_component,1.0334217184404806e-06,False,-4.71196506446616e-08,0.0,-4.709798289936627e-08,conservative,-4.907852674381683e-07,conservative,-2.1667745295325165e-11,conservative
1481,C,lambda_1.972983346207417,yoshida4,controlled_q0.001_phi4.712388980385,controlled,0.001,4.712388980385,1,0.08,fit_ok,resolved,True,mixed,9.86302067795819e-07,9.083858642507927e-07,1,1,False,same_sign,-7.791620354502625e-08,7.791620354502625e-08,True,state,9.66346793305798e-07,False,1.9955274490021038e-08,0.0,1.9976942235316363e-08,unsafe,5.7960929055005214e-08,unsafe,-2.1667745295325165e-11,conservative
1482,C,lambda_1.972983346207417,yoshida4,controlled_q0.010_phi0.000000000000,controlled,0.01,0.0,1,0.08,fit_ok,resolved,True,E_state_hartree,9.86302067795819e-07,-5.200925604915525e-07,-1,1,True,sign_crossing,-1.5063946282873715e-06,4.6620950730426647e-07,True,not_attributed_sign_crossing,1.0508362928940072e-06,False,-6.45342250981882e-08,,,not_attributed_sign_crossing,,not_attributed_sign_crossing,,not_attributed_sign_crossing
1483,C,lambda_1.972983346207417,yoshida4,controlled_q0.010_phi1.570796326795,controlled,0.01,1.570796326795,1,0.08,fit_ok,resolved,True,mixed,9.86302067795819e-07,1.418512908449977e-06,1,1,False,same_sign,4.3221084065415805e-07,-4.3221084065415805e-07,False,no_positive_component,1.261988220282216e-06,False,-2.7568615248639694e-07,0.0,-2.756644847411016e-07,conservative,-1.565246881677611e-07,conservative,-2.1667745295325165e-11,conservative
1484,C,lambda_1.972983346207417,yoshida4,controlled_q0.010_phi3.141592653590,controlled,0.01,3.14159265359,1,0.08,fit_ok,resolved,True,E_state_hartree,9.86302067795819e-07,2.5544692453067894e-06,1,1,False,same_sign,1.5681671775109704e-06,-1.5681671775109704e-06,False,no_positive_component,1.0229933413428765e-06,False,-3.6691273547057505e-08,0.0,-3.666960580176218e-08,conservative,-1.531475903963913e-06,conservative,-2.1667745295325165e-11,conservative
1485,C,lambda_1.972983346207417,yoshida4,controlled_q0.010_phi4.712388980385,controlled,0.01,4.712388980385,1,0.08,fit_ok,resolved,True,mixed,9.86302067795819e-07,6.158637763651381e-07,1,1,False,same_sign,-3.7043829143068086e-07,3.7043829143068086e-07,True,state,8.118414140505038e-07,False,1.7446065374531517e-07,0.0,1.744823214906105e-07,unsafe,1.959776376853657e-07,unsafe,-2.1667745295325165e-11,conservative
1486,C,lambda_1.972983346207417,yoshida4,controlled_q0.050_phi0.000000000000,controlled,0.05,0.0,1,0.08,fit_ok,resolved,True,E_state_hartree,9.86302067795819e-07,-2.433152319920838e-06,-1,1,True,sign_crossing,-3.419454387716657e-06,-1.4468502521250191e-06,False,not_attributed_sign_crossing,1.0632789390570587e-06,False,-7.69768712612397e-08,,,not_attributed_sign_crossing,,not_attributed_sign_crossing,,not_attributed_sign_crossing
1487,C,lambda_1.972983346207417,yoshida4,controlled_q0.050_phi1.570796326795,controlled,0.05,1.570796326795,1,0.08,fit_ok,resolved,True,mixed,9.86302067795819e-07,1.8132255816350604e-06,1,1,False,same_sign,8.269235138392414e-07,-8.269235138392414e-07,False,no_positive_component,1.5257922730651956e-06,False,-5.394902052693766e-07,0.0,-5.394685375240813e-07,conservative,-2.874333085698648e-07,conservative,-2.1667745295325165e-11,conservative
1488,C,lambda_1.972983346207417,yoshida4,controlled_q0.050_phi3.141592653590,controlled,0.05,3.14159265359,1,0.08,fit_ok,resolved,True,E_state_hartree,9.86302067795819e-07,4.3014574386287045e-06,1,1,False,same_sign,3.3151553708328855e-06,-3.3151553708328855e-06,False,no_positive_component,1.002290926759031e-06,False,-1.5988858963211946e-08,0.0,-1.596719121791662e-08,conservative,-3.2991665118696736e-06,conservative,-2.1667745295325165e-11,conservative
1489,C,lambda_1.972983346207417,yoshida4,controlled_q0.050_phi4.712388980385,controlled,0.05,4.712388980385,1,0.08,fit_ok,resolved,True,mixed,9.86302067795819e-07,5.507953707308706e-08,1,1,False,same_sign,-9.312225307227319e-07,9.312225307227319e-07,True,state,5.397775930782683e-07,False,4.4652447471755065e-07,0.0,4.46546142462846e-07,unsafe,4.846980560051812e-07,unsafe,-2.1667745295325165e-11,conservative
1490,C,lambda_1.972983346207417,yoshida4,controlled_q0.001_phi0.000000000000,controlled,0.001,0.0,1,0.12,fit_ok,resolved,True,E_state_hartree,5.227882281300111e-06,2.9921545084632996e-06,1,1,False,same_sign,-2.2357277728368118e-06,2.2357277728368118e-06,True,state,5.462142121059649e-06,False,-2.3425983975953797e-07,0.0,-2.337141998353383e-07,conservative,2.4699876125963498e-06,unsafe,-5.456399241996583e-10,conservative
1491,C,lambda_1.972983346207417,yoshida4,controlled_q0.001_phi1.570796326795,controlled,0.001,1.570796326795,1,0.12,fit_ok,resolved,True,mixed,5.227882281300111e-06,6.106855829334022e-06,1,1,False,same_sign,8.789735480339107e-07,-8.789735480339107e-07,False,no_positive_component,5.695862766082474e-06,False,-4.6798048478236235e-07,0.0,-4.674348448581627e-07,conservative,-4.1099306325154835e-07,conservative,-5.456399241996583e-10,conservative
1492,C,lambda_1.972983346207417,yoshida4,controlled_q0.001_phi3.141592653590,controlled,0.001,3.14159265359,1,0.12,fit_ok,resolved,True,E_state_hartree,5.227882281300111e-06,7.874121342654823e-06,1,1,False,same_sign,2.6462390613547115e-06,-2.6462390613547115e-06,False,no_positive_component,5.425047441743358e-06,False,-1.9716516044324665e-07,0.0,-1.96619520519047e-07,conservative,-2.449073900911465e-06,conservative,-5.456399241996583e-10,conservative
1493,C,lambda_1.972983346207417,yoshida4,controlled_q0.001_phi4.712388980385,controlled,0.001,4.712388980385,1,0.12,fit_ok,resolved,True,mixed,5.227882281300111e-06,4.7594200217844036e-06,1,1,False,same_sign,-4.684622595157078e-07,4.684622595157078e-07,True,state,5.19132679671226e-06,False,3.655548458785154e-08,0.0,3.71011245120512e-08,unsafe,4.3190677492785625e-07,unsafe,-5.456399241996583e-10,conservative
1494,C,lambda_1.972983346207417,yoshida4,controlled_q0.010_phi0.000000000000,controlled,0.01,0.0,1,0.12,fit_ok,resolved,True,E_state_hartree,5.227882281300111e-06,-2.3490726303481027e-06,-1,1,True,sign_crossing,-7.576954911648214e-06,2.8788096509520086e-06,True,not_attributed_sign_crossing,5.4981010590421006e-06,False,-2.702187777419892e-07,,,not_attributed_sign_crossing,,not_attributed_sign_crossing,,not_attributed_sign_crossing
1495,C,lambda_1.972983346207417,yoshida4,controlled_q0.010_phi1.570796326795,controlled,0.01,1.570796326795,1,0.12,fit_ok,resolved,True,mixed,5.227882281300111e-06,7.456010051450017e-06,1,1,False,same_sign,2.228127770149906e-06,-2.228127770149906e-06,False,no_positive_component,6.233853868885406e-06,False,-1.0059715875852944e-06,0.0,-1.0054259476610947e-06,conservative,-1.2221561825646114e-06,conservative,-5.456399241996583e-10,conservative
1496,C,lambda_1.972983346207417,yoshida4,controlled_q0.010_phi3.141592653590,controlled,0.01,3.14159265359,1,0.12,fit_ok,resolved,True,E_state_hartree,5.227882281300111e-06,1.3019363546275739e-05,1,1,False,same_sign,7.791481264975627e-06,-7.791481264975627e-06,False,no_positive_component,5.381326973734505e-06,False,-1.5344469243439407e-07,-1.6940658945086007e-21,-1.5289905251019526e-07,conservative,-7.638036572541233e-06,conservative,-5.456399241996583e-10,conservative
1497,C,lambda_1.972983346207417,yoshida4,controlled_q0.010_phi4.712388980385,controlled,0.01,4.712388980385,1,0.12,fit_ok,resolved,True,mixed,5.227882281300111e-06,3.21428086447704e-06,1,1,False,same_sign,-2.0136014168230714e-06,2.0136014168230714e-06,True,state,4.6455741638091846e-06,False,5.823081174909268e-07,0.0,5.82853757415126e-07,unsafe,1.431293299332145e-06,unsafe,-5.456399241996583e-10,conservative
1498,C,lambda_1.972983346207417,yoshida4,controlled_q0.050_phi0.000000000000,controlled,0.05,0.0,1,0.12,fit_ok,resolved,True,E_state_hartree,5.227882281300111e-06,-1.1932111804995104e-05,-1,1,True,sign_crossing,-1.7159994086295217e-05,-6.704229523694993e-06,False,not_attributed_sign_crossing,5.550358851254106e-06,False,-3.224765699539945e-07,,,not_attributed_sign_crossing,,not_attributed_sign_crossing,,not_attributed_sign_crossing
1499,C,lambda_1.972983346207417,yoshida4,controlled_q0.050_phi1.570796326795,controlled,0.05,1.570796326795,1,0.12,fit_ok,resolved,True,mixed,5.227882281300111e-06,9.545226977944228e-06,1,1,False,same_sign,4.3173446966441165e-06,-4.3173446966441165e-06,False,no_positive_component,7.161973242553165e-06,False,-1.934090961253054e-06,0.0,-1.9335453213288544e-06,conservative,-2.3832537353910625e-06,conservative,-5.456399241996583e-10,conservative
1500,C,lambda_1.972983346207417,yoshida4,controlled_q0.050_phi3.141592653590,controlled,0.05,3.14159265359,1,0.12,fit_ok,resolved,True,E_state_hartree,5.227882281300111e-06,2.173135856452046e-05,1,1,False,same_sign,1.650347628322035e-05,-1.650347628322035e-05,False,no_positive_component,5.294573492516104e-06,False,-6.669121121599268e-08,0.0,-6.614557129179218e-08,conservative,-1.6436785072004357e-05,conservative,-5.456399241996583e-10,conservative
1501,C,lambda_1.972983346207417,yoshida4,controlled_q0.050_phi4.712388980385,controlled,0.05,4.712388980385,1,0.12,fit_ok,resolved,True,mixed,5.227882281300111e-06,2.5401978158248555e-07,1,1,False,same_sign,-4.973862499717626e-06,4.973862499717626e-06,True,state,3.682959101275789e-06,False,1.5449231800243222e-06,-8.470329472543003e-22,1.5454688199485218e-06,unsafe,3.4289393196933036e-06,unsafe,-5.456399241996583e-10,conservative
1502,C,lambda_1.972983346207417,yoshida4,controlled_q0.001_phi0.000000000000,controlled,0.001,0.0,1,0.18,fit_ok,resolved,True,E_state_hartree,2.9065378291948107e-05,1.765661877635914e-05,1,1,False,same_sign,-1.1408759515588968e-05,1.1408759515588968e-05,True,state,2.977220223453534e-05,False,-7.068239425872331e-07,0.0,-6.933878248003893e-07,conservative,1.2115583458176201e-05,unsafe,-1.3436117786843834e-08,conservative
1503,C,lambda_1.972983346207417,yoshida4,controlled_q0.001_phi1.570796326795,controlled,0.001,1.570796326795,1,0.18,fit_ok,resolved,True,mixed,2.9065378291948107e-05,3.339183991212367e-05,1,1,False,same_sign,4.326461620175562e-06,-4.326461620175562e-06,False,no_positive_component,3.031261600148193e-05,False,-1.247237709533823e-06,0.0,-1.2338015917469792e-06,conservative,-3.079223910641739e-06,conservative,-1.3436117786843834e-08,conservative
1504,C,lambda_1.972983346207417,yoshida4,controlled_q0.001_phi3.141592653590,controlled,0.001,3.14159265359,1,0.18,fit_ok,resolved,True,E_state_hartree,2.9065378291948107e-05,4.166044733583998e-05,1,1,False,same_sign,1.2595069043891871e-05,-1.2595069043891871e-05,False,no_positive_component,2.966117913530274e-05,False,-5.958008433546341e-07,0.0,-5.823647255677903e-07,conservative,-1.1999268200537237e-05,conservative,-1.3436117786843834e-08,conservative
1505,C,lambda_1.972983346207417,yoshida4,controlled_q0.001_phi4.712388980385,controlled,0.001,4.712388980385,1,0.18,fit_ok,resolved,True,mixed,2.9065378291948107e-05,2.5925226200076732e-05,1,1,False,same_sign,-3.140152091871375e-06,3.140152091871375e-06,True,state,2.9120765368364686e-05,False,-5.5387076416578906e-08,0.0,-4.195095862973507e-08,conservative,3.195539168287954e-06,unsafe,-1.3436117786843834e-08,conservative
1506,C,lambda_1.972983346207417,yoshida4,controlled_q0.010_phi0.000000000000,controlled,0.01,0.0,1,0.18,fit_ok,resolved,True,E_state_hartree,2.9065378291948107e-05,-8.658427804335116e-06,-1,1,True,sign_crossing,-3.772380609628322e-05,2.040695048761299e-05,True,not_attributed_sign_crossing,2.9879936312700183e-05,False,-8.145580207520759e-07,,,not_attributed_sign_crossing,,not_attributed_sign_crossing,,not_attributed_sign_crossing
1507,C,lambda_1.972983346207417,yoshida4,controlled_q0.010_phi1.570796326795,controlled,0.01,1.570796326795,1,0.18,fit_ok,resolved,True,mixed,2.9065378291948107e-05,4.087606310133518e-05,1,1,False,same_sign,1.1810684809387071e-05,-1.1810684809387071e-05,False,no_positive_component,3.1581159358344074e-05,False,-2.515781066395967e-06,0.0,-2.502344948609123e-06,conservative,-9.294903742991104e-06,conservative,-1.3436117786843834e-08,conservative
1508,C,lambda_1.972983346207417,yoshida4,controlled_q0.010_phi3.141592653590,controlled,0.01,3.14159265359,1,0.18,fit_ok,resolved,True,E_state_hartree,2.9065378291948107e-05,6.690564703274716e-05,1,1,False,same_sign,3.7840268740799054e-05,-3.7840268740799054e-05,False,no_positive_component,2.953043549210126e-05,False,-4.6505720015315263e-07,0.0,-4.516210823663088e-07,conservative,-3.73752115406459e-05,conservative,-1.3436117786843834e-08,conservative
1509,C,lambda_1.972983346207417,yoshida4,controlled_q0.010_phi4.712388980385,controlled,0.01,4.712388980385,1,0.18,fit_ok,resolved,True,mixed,2.9065378291948107e-05,1.737115612707435e-05,1,1,False,same_sign,-1.1694222164873758e-05,1.1694222164873758e-05,True,state,2.782921244646103e-05,False,1.236165845487076e-06,0.0,1.2496019632739198e-06,unsafe,1.0458056319386682e-05,unsafe,-1.3436117786843834e-08,conservative
1510,C,lambda_1.972983346207417,yoshida4,controlled_q0.050_phi0.000000000000,controlled,0.05,0.0,1,0.18,fit_ok,resolved,True,E_state_hartree,2.9065378291948107e-05,-5.6012703468312456e-05,-1,1,True,sign_crossing,-8.507808176026056e-05,-2.694732517636435e-05,False,not_attributed_sign_crossing,3.0036831925826305e-05,False,-9.714536338781976e-07,,,not_attributed_sign_crossing,,not_attributed_sign_crossing,,not_attributed_sign_crossing
1511,C,lambda_1.972983346207417,yoshida4,controlled_q0.050_phi1.570796326795,controlled,0.05,1.570796326795,1,0.18,fit_ok,resolved,True,mixed,2.9065378291948107e-05,5.248908862737863e-05,1,1,False,same_sign,2.342371033543052e-05,-2.342371033543052e-05,False,no_positive_component,3.376324045100409e-05,False,-4.6978621590559796e-06,0.0,-4.684426041269136e-06,conservative,-1.872584817637454e-05,conservative,-1.3436117786843834e-08,conservative
1512,C,lambda_1.972983346207417,yoshida4,controlled_q0.050_phi3.141592653590,controlled,0.05,3.14159265359,1,0.18,fit_ok,resolved,True,E_state_hartree,2.9065378291948107e-05,0.00010950504765767035,1,1,False,same_sign,8.043966936572224e-05,-8.043966936572224e-05,False,no_positive_component,2.927127514547857e-05,False,-2.0589685353046235e-07,0.0,-1.924607357436253e-07,conservative,-8.023377251219178e-05,conservative,-1.3436117786843834e-08,conservative
1513,C,lambda_1.972983346207417,yoshida4,controlled_q0.050_phi4.712388980385,controlled,0.05,4.712388980385,1,0.18,fit_ok,resolved,True,mixed,2.9065378291948107e-05,1.0032555619853514e-06,1,1,False,same_sign,-2.8062122729962755e-05,2.8062122729962755e-05,True,state,2.5544866620265355e-05,False,3.5205116716827527e-06,0.0,3.5339477894695965e-06,unsafe,2.4541611058280003e-05,unsafe,-1.3436117786843834e-08,conservative
1514,C,lambda_1.972983346207417,yoshida4,controlled_q0.001_phi0.000000000000,controlled,0.001,0.0,1,0.27,fit_ok,resolved,True,E_state_hartree,0.0001749091818983306,0.00011796384919321231,1,1,False,same_sign,-5.694533270511829e-05,5.694533270511829e-05,True,state,0.0001750065521250669,False,-9.737022673629472e-08,0.0,2.166762252285223e-07,unsafe,5.704270293185458e-05,unsafe,-3.1404645196481703e-07,conservative
1515,C,lambda_1.972983346207417,yoshida4,controlled_q0.001_phi1.570796326795,controlled,0.001,1.570796326795,1,0.27,fit_ok,resolved,True,mixed,0.0001749091818983306,0.0001972480361065576,1,1,False,same_sign,2.2338854208226995e-05,-2.2338854208226995e-05,False,fit,0.0001748339839744498,False,7.519792388080491e-08,0.0,3.8924437584562195e-07,unsafe,-2.24140521321078e-05,conservative,-3.1404645196481703e-07,conservative
1516,C,lambda_1.972983346207417,yoshida4,controlled_q0.001_phi3.141592653590,controlled,0.001,3.14159265359,1,0.27,fit_ok,resolved,True,E_state_hartree,0.0001749091818983306,0.00023138303276543687,1,1,False,same_sign,5.6473850867106264e-05,-5.6473850867106264e-05,False,fit,0.00017504122274698356,False,-1.3204084865295622e-07,0.0,1.8200560331186081e-07,unsafe,-5.634181001845331e-05,conservative,-3.1404645196481703e-07,conservative
1517,C,lambda_1.972983346207417,yoshida4,controlled_q0.001_phi4.712388980385,controlled,0.001,4.712388980385,1,0.27,fit_ok,resolved,True,mixed,0.0001749091818983306,0.00015209884585209532,1,1,False,same_sign,-2.281033604623528e-05,2.281033604623528e-05,True,state,0.00017521379089759824,False,-3.046089992676435e-07,0.0,9.437452697173528e-09,unsafe,2.3114945045502923e-05,unsafe,-3.1404645196481703e-07,conservative
1518,C,lambda_1.972983346207417,yoshida4,controlled_q0.010_phi0.000000000000,controlled,0.01,0.0,1,0.27,fit_ok,resolved,True,E_state_hartree,0.0001749091818983306,-6.998829978528196e-06,-1,1,True,sign_crossing,-0.0001819080118768588,0.0001679103519198024,True,not_attributed_sign_crossing,0.00017497291118796733,False,-6.372928963672628e-08,,,not_attributed_sign_crossing,,not_attributed_sign_crossing,,not_attributed_sign_crossing
1519,C,lambda_1.972983346207417,yoshida4,controlled_q0.010_phi1.570796326795,controlled,0.01,1.570796326795,1,0.27,fit_ok,resolved,True,mixed,0.0001749091818983306,0.00024258786484689755,1,1,False,same_sign,6.767868294856695e-05,-6.767868294856695e-05,False,fit,0.00017442966648783756,False,4.79515410493046e-07,0.0,7.935618624578631e-07,unsafe,-6.815819835905999e-05,conservative,-3.1404645196481703e-07,conservative
1520,C,lambda_1.972983346207417,yoshida4,controlled_q0.010_phi3.141592653590,controlled,0.01,3.14159265359,1,0.27,fit_ok,resolved,True,E_state_hartree,0.0001749091818983306,0.0003500448663707892,1,1,False,same_sign,0.00017513568447245862,-0.00017513568447245862,False,fit,0.00017508205433830533,False,-1.728724399747267e-07,0.0,1.4117401199009033e-07,unsafe,-0.0001749628120324839,conservative,-3.1404645196481703e-07,conservative
1521,C,lambda_1.972983346207417,yoshida4,controlled_q0.010_phi4.712388980385,controlled,0.01,4.712388980385,1,0.27,fit_ok,resolved,True,mixed,0.0001749091818983306,0.00010045817154535547,1,1,False,same_sign,-7.445101035297513e-05,7.445101035297513e-05,True,state,0.00017562529903843778,False,-7.161171401071824e-07,0.0,-4.0207068814235184e-07,conservative,7.51671274930823e-05,unsafe,-3.1404645196481703e-07,conservative
1522,C,lambda_1.972983346207417,yoshida4,controlled_q0.050_phi0.000000000000,controlled,0.05,0.0,1,0.27,fit_ok,resolved,True,E_state_hartree,0.0001749091818983306,-0.00023351831841891845,-1,1,True,sign_crossing,-0.00040842750031724905,-5.860913652058785e-05,False,not_attributed_sign_crossing,0.00017492392682651674,False,-1.4744928186142658e-08,,,not_attributed_sign_crossing,,not_attributed_sign_crossing,,not_attributed_sign_crossing
1523,C,lambda_1.972983346207417,yoshida4,controlled_q0.050_phi1.570796326795,controlled,0.05,1.570796326795,1,0.27,fit_ok,resolved,True,mixed,0.0001749091818983306,0.00031318364977875627,1,1,False,same_sign,0.00013827446788042567,-0.00013827446788042567,False,fit,0.00017373398780763284,False,1.175194090697766e-06,0.0,1.489240542662583e-06,unsafe,-0.00013944966197112344,conservative,-3.1404645196481703e-07,conservative
1524,C,lambda_1.972983346207417,yoshida4,controlled_q0.050_phi3.141592653590,controlled,0.05,3.14159265359,1,0.27,fit_ok,resolved,True,E_state_hartree,0.0001749091818983306,0.0005485605967383414,1,1,False,same_sign,0.0003736514148400108,-0.0003736514148400108,False,fit,0.00017516299716296524,False,-2.5381526463463637e-07,0.0,6.023118733020777e-08,unsafe,-0.00037339759957537614,conservative,-3.1404645196481703e-07,conservative
1525,C,lambda_1.972983346207417,yoshida4,controlled_q0.050_phi4.712388980385,controlled,0.05,4.712388980385,1,0.27,fit_ok,resolved,True,mixed,0.0001749091818983306,1.8586285406884837e-06,1,1,False,same_sign,-0.00017305055335764213,0.00017305055335764213,True,state,0.00017635293618185226,False,-1.443754283521662e-06,-2.710505431213761e-20,-1.129707831556869e-06,conservative,0.0001744943076411638,unsafe,-3.1404645196481703e-07,conservative
1526,C,lambda_1.972983346207417,yoshida4,controlled_q0.001_phi0.000000000000,controlled,0.001,0.0,1,0.4,fit_ok,resolved,True,E_state_hartree,0.0010917766492664072,0.0008642946505218522,1,1,False,same_sign,-0.0002274819987445549,0.0002274819987445549,True,state,0.001097708607731362,False,-5.931958464954791e-06,0.0,-1.4562614697130084e-08,conservative,0.0002334139572095096,unsafe,-5.9173958502575525e-06,conservative
1527,C,lambda_1.972983346207417,yoshida4,controlled_q0.001_phi1.570796326795,controlled,0.001,1.570796326795,1,0.4,fit_ok,resolved,True,mixed,0.0010917766492664072,0.0012423251155496778,1,1,False,same_sign,0.0001505484662832706,-0.0001505484662832706,False,no_positive_component,0.0010977202679099804,False,-5.9436186435732254e-06,0.0,-2.6222793315672926e-08,conservative,-0.00014460484763969736,conservative,-5.9173958502575525e-06,conservative
1528,C,lambda_1.972983346207417,yoshida4,controlled_q0.001_phi3.141592653590,controlled,0.001,3.14159265359,1,0.4,fit_ok,resolved,True,E_state_hartree,0.0010917766492664072,0.001326729458960323,1,1,False,same_sign,0.00023495280969391594,-0.00023495280969391594,False,no_positive_component,0.0010977062779312795,False,-5.9296286648723336e-06,0.0,-1.2232814614781054e-08,conservative,-0.0002290231810290436,conservative,-5.9173958502575525e-06,conservative
1529,C,lambda_1.972983346207417,yoshida4,controlled_q0.001_phi4.712388980385,controlled,0.001,4.712388980385,1,0.4,fit_ok,resolved,True,mixed,0.0010917766492664072,0.0009486989939324867,1,1,False,same_sign,-0.0001430776553339205,0.0001430776553339205,True,state,0.001097694617752661,False,-5.917968486253899e-06,0.0,-5.726359963466321e-10,conservative,0.0001489956238201744,unsafe,-5.9173958502575525e-06,conservative
1530,C,lambda_1.972983346207417,yoshida4,controlled_q0.010_phi0.000000000000,controlled,0.01,0.0,1,0.4,fit_ok,resolved,True,E_state_hartree,0.0010917766492664072,0.0003478807147662764,1,1,False,same_sign,-0.0007438959345001308,0.0007438959345001308,True,state,0.0010977108682955958,False,-5.93421902918864e-06,0.0,-1.682317893103363e-08,conservative,0.0007498301535293194,unsafe,-5.9173958502575525e-06,conservative
1531,C,lambda_1.972983346207417,yoshida4,controlled_q0.010_phi1.570796326795,controlled,0.01,1.570796326795,1,0.4,fit_ok,resolved,True,mixed,0.0010917766492664072,0.001537920973522298,1,1,False,same_sign,0.0004461443242558909,-0.0004461443242558909,False,no_positive_component,0.0010977475745488317,False,-5.970925282424572e-06,0.0,-5.352943216701926e-08,conservative,-0.0004401733989734663,conservative,-5.9173958502575525e-06,conservative
1532,C,lambda_1.972983346207417,yoshida4,controlled_q0.010_phi3.141592653590,controlled,0.01,3.14159265359,1,0.4,fit_ok,resolved,True,E_state_hartree,0.0010917766492664072,0.001803625925807402,1,1,False,same_sign,0.0007118492765409948,-0.0007118492765409948,False,no_positive_component,0.0010977035340827492,False,-5.926884816342005e-06,0.0,-9.488966084452224e-09,conservative,-0.0007059223917246528,conservative,-5.9173958502575525e-06,conservative
1533,C,lambda_1.972983346207417,yoshida4,controlled_q0.010_phi4.712388980385,controlled,0.01,4.712388980385,1,0.4,fit_ok,resolved,True,mixed,0.0010917766492664072,0.0006135856670513912,1,1,False,same_sign,-0.000478190982215016,0.000478190982215016,True,state,0.001097666827829513,False,-5.8901785631058565e-06,0.0,2.7217287151696037e-08,unsafe,0.00048408116077812186,unsafe,-5.9173958502575525e-06,conservative
1534,C,lambda_1.972983346207417,yoshida4,controlled_q0.050_phi0.000000000000,controlled,0.05,0.0,1,0.4,fit_ok,resolved,True,E_state_hartree,0.0010917766492664072,-0.0006064166394073825,-1,1,True,sign_crossing,-0.0016981932886737897,0.0004853600098590246,True,not_attributed_sign_crossing,0.001097714159760823,False,-5.93751049441575e-06,,,not_attributed_sign_crossing,,not_attributed_sign_crossing,,not_attributed_sign_crossing
1535,C,lambda_1.972983346207417,yoshida4,controlled_q0.050_phi1.570796326795,controlled,0.05,1.570796326795,1,0.4,fit_ok,resolved,True,mixed,0.0010917766492664072,0.0020002822158801067,1,1,False,same_sign,0.0009085055666136995,-0.0009085055666136995,False,no_positive_component,0.0010977945622073664,False,-6.0179129409592465e-06,0.0,-1.0051709070169404e-07,conservative,-0.0009024876536727403,conservative,-5.9173958502575525e-06,conservative
1536,C,lambda_1.972983346207417,yoshida4,controlled_q0.050_phi3.141592653590,controlled,0.05,3.14159265359,1,0.4,fit_ok,resolved,True,E_state_hartree,0.0010917766492664072,0.0025822900848321883,1,1,False,same_sign,0.001490513435565781,-0.001490513435565781,False,no_positive_component,0.0010976980946873153,False,-5.921445420908151e-06,0.0,-4.049570650598716e-09,conservative,-0.001484591990144873,conservative,-5.9173958502575525e-06,conservative
1537,C,lambda_1.972983346207417,yoshida4,controlled_q0.050_phi4.712388980385,controlled,0.05,4.712388980385,1,0.4,fit_ok,resolved,True,mixed,0.0010917766492664072,-2.4408770455288307e-05,-1,1,True,sign_crossing,-0.0011161854197216956,0.0010673678788111188,True,not_attributed_sign_crossing,0.001097617692240773,False,-5.8410429743657385e-06,,,not_attributed_sign_crossing,,not_attributed_sign_crossing,,not_attributed_sign_crossing
