experiment_id,case_id,formula_id,q,sign,absolute_time,phase_count,all_proxy_resolved,all_models_fit_ok,g_exact_hartree,phase_average_proxy_hartree,phase_average_state_error_hartree,original_state_mean_abs_hartree,original_state_rms_hartree,interference_rms_hartree,mean_abs_retention_ratio,mean_abs_reduction_ratio,interference_squared_error_fraction,averaged_over_q_hartree,interference_rms_over_sqrt_q_one_minus_q_hartree,pythagorean_closure_hartree_squared,mean_interference_hartree
B,H4,current_m3,0.001,-1,0.125,4,True,True,-3.1414579371168396e-09,-3.1193727990225606e-09,2.2085138094278992e-11,1.3917055627687584e-10,1.8254196931166632e-10,1.8120104093392495e-10,0.15869116776641493,0.8413088322335851,0.9853622348393675,2.2085138094278992e-08,5.732947228037024e-09,6.018531076210112e-36,2.0679515313825692e-25
B,H4,current_m3,0.001,1,0.125,4,True,True,-3.1414579371168396e-09,-3.1193727990225598e-09,2.208513809427982e-11,1.3917055627687636e-10,1.825419693116671e-10,1.8120104093392567e-10,0.15869116776642025,0.8413088322335798,0.9853622348393668,2.208513809427982e-08,5.732947228037047e-09,-6.018531076210112e-36,-1.0339757656912846e-25
B,H4,current_m3,0.001,-1,0.175,4,True,True,-1.2062099314378261e-08,-1.1977695114063864e-08,8.440420031439722e-11,5.394680679690469e-10,7.082890834198391e-10,7.032420327746365e-10,0.15645819525918647,0.8435418047408135,0.9857993892722341,8.440420031439722e-08,2.224959327857624e-08,-9.62964972193618e-35,-4.1359030627651384e-25
B,H4,current_m3,0.001,1,0.175,4,True,True,-1.2062099314378261e-08,-1.1977695114063864e-08,8.440420031439722e-11,5.394680679690465e-10,7.082890834198385e-10,7.03242032774636e-10,0.15645819525918658,0.8435418047408134,0.9857993892722343,8.440420031439722e-08,2.2249593278576226e-08,-1.925929944387236e-34,-8.271806125530277e-25
B,H4,current_m3,0.001,-1,0.225,4,True,True,-3.293865743012029e-08,-3.2709603771816384e-08,2.290536583039037e-10,1.491429597225123e-09,1.9606601147178776e-09,1.9472345793620037e-09,0.15357993346120336,0.8464200665387966,0.9863519741448028,2.290536583039037e-07,6.160777568690666e-08,0.0,-1.6543612251060553e-24
B,H4,current_m3,0.001,1,0.225,4,True,True,-3.293865743012029e-08,-3.270960377181639e-08,2.290536583038971e-10,1.4914295972251196e-09,1.960660114717872e-09,1.947234579361999e-09,0.15357993346119928,0.8464200665388008,0.9863519741448034,2.290536583038971e-07,6.160777568690651e-08,7.703719777548943e-34,1.6543612251060553e-24
B,H4,current_m3,0.001,-1,0.275,4,True,True,-7.344071419283206e-08,-7.293399113870361e-08,5.067230541284562e-10,3.3751759875950423e-09,4.443930843838488e-09,4.414946555875143e-09,0.15013233561474762,0.8498676643852524,0.9869981023337406,5.067230541284562e-07,1.3968272747762828e-07,6.162975822039155e-33,6.617444900424222e-24
B,H4,current_m3,0.001,1,0.275,4,True,True,-7.344071419283206e-08,-7.293399113870361e-08,5.067230541284562e-10,3.3751759875950324e-09,4.443930843838473e-09,4.4149465558751285e-09,0.15013233561474806,0.849867664385252,0.986998102333741,5.067230541284562e-07,1.3968272747762783e-07,-3.0814879110195774e-33,-3.308722450212111e-24
B,H4,current_m3,0.001,-1,0.35,4,True,True,-1.9238971915592217e-07,-1.9108170051300475e-07,1.3080186429174225e-09,9.07835402544126e-09,1.1986594261385326e-08,1.1915012766122248e-08,0.14408103487172008,0.8559189651282799,0.9880920704139219,1.3080186429174225e-06,3.7697432121526773e-07,-2.465190328815662e-32,-6.617444900424222e-24
B,H4,current_m3,0.001,1,0.35,4,True,True,-1.9238971915592217e-07,-1.9108170051300475e-07,1.3080186429174225e-09,9.07835402544126e-09,1.1986594261385326e-08,1.1915012766122248e-08,0.14408103487172008,0.8559189651282799,0.9880920704139219,1.3080186429174225e-06,3.7697432121526773e-07,-2.465190328815662e-32,-6.617444900424222e-24
B,H4,current_m3,0.001,-1,0.4,4,True,True,-3.2778532288730907e-07,-3.2558305431342606e-07,2.202268573883008e-09,1.5776574395457077e-08,2.0876638972611735e-08,2.076015577786589e-08,0.1395910492785531,0.860408950721447,0.988871941469056,2.202268573883008e-06,6.56822261654295e-07,-9.860761315262648e-32,-1.3234889800848443e-23
B,H4,current_m3,0.001,1,0.4,4,True,True,-3.2778532288730907e-07,-3.255830543134261e-07,2.202268573882955e-09,1.577657439545705e-08,2.0876638972611696e-08,2.0760155777865853e-08,0.13959104927854998,0.8604089507214501,0.9888719414690563,2.202268573882955e-06,6.568222616542939e-07,0.0,1.3234889800848443e-23
B,H4,current_m3,0.01,-1,0.125,4,True,True,-3.1414579371168396e-09,-2.9206065243437046e-09,2.20851412773135e-10,5.137727329044889e-10,6.116825298645842e-10,5.704210469623717e-10,0.4298620744713433,0.5701379255286567,0.8696388419701789,2.20851412773135e-08,5.732947228169345e-09,0.0,0.0
B,H4,current_m3,0.01,1,0.125,4,True,True,-3.1414579371168396e-09,-2.920606524343704e-09,2.208514127731354e-10,5.137727329044891e-10,6.116825298645846e-10,5.70421046962372e-10,0.42986207447134395,0.570137925528656,0.8696388419701788,2.208514127731354e-08,5.732947228169348e-09,-4.81482486096809e-35,-2.0679515313825692e-25
B,H4,current_m3,0.01,-1,0.175,4,True,True,-1.2062099314378261e-08,-1.1218057302535591e-08,8.440420118426697e-10,1.987414735746452e-09,2.369250195361051e-09,2.2138065792798966e-09,0.4246934455407751,0.5753065544592249,0.8730869510281142,8.440420118426697e-08,2.2249593278459365e-08,1.5407439555097887e-33,8.271806125530277e-25
B,H4,current_m3,0.01,1,0.175,4,True,True,-1.2062099314378261e-08,-1.1218057302535591e-08,8.440420118426697e-10,1.987414735746452e-09,2.369250195361051e-09,2.2138065792798966e-09,0.4246934455407751,0.5753065544592249,0.8730869510281142,8.440420118426697e-08,2.2249593278459365e-08,1.5407439555097887e-33,8.271806125530277e-25
B,H4,current_m3,0.01,-1,0.225,4,True,True,-3.293865743012029e-08,-3.064812084263825e-08,2.290536587482036e-09,5.4797594997846406e-09,6.5438663118194664e-09,6.129896283655366e-09,0.41799947380392444,0.5820005261960756,0.8774803831596892,2.290536587482036e-07,6.160777568690552e-08,-6.162975822039155e-33,-2.481541837659083e-24
B,H4,current_m3,0.01,1,0.225,4,True,True,-3.293865743012029e-08,-3.064812084263826e-08,2.2905365874820293e-09,5.479759499784639e-09,6.543866311819464e-09,6.129896283655364e-09,0.4179994738039233,0.5820005261960767,0.8774803831596892,2.2905365874820293e-07,6.16077756869055e-08,1.8488927466117464e-32,2.481541837659083e-24
B,H4,current_m3,0.01,-1,0.275,4,True,True,-7.344071419283206e-08,-6.83734835983777e-08,5.0672305944543685e-09,1.2361090150372238e-08,1.4793185695389702e-08,1.3898255902123406e-08,0.4099339566989385,0.5900660433010615,0.8826676096006206,5.067230594454368e-07,1.3968272747783557e-07,4.930380657631324e-32,4.963083675318166e-24
B,H4,current_m3,0.01,1,0.275,4,True,True,-7.344071419283206e-08,-6.83734835983777e-08,5.0672305944543685e-09,1.2361090150372237e-08,1.47931856953897e-08,1.3898255902123404e-08,0.40993395669893856,0.5900660433010614,0.8826676096006206,5.067230594454368e-07,1.3968272747783557e-07,2.465190328815662e-32,3.308722450212111e-24
B,H4,current_m3,0.01,-1,0.35,4,True,True,-1.9238971915592217e-07,-1.7930953281778832e-07,1.3080186338133854e-08,3.3059938204487564e-08,3.972375484910828e-08,3.75084713721014e-08,0.39565065903112745,0.6043493409688725,0.8915755380197353,1.3080186338133854e-06,3.769743212152949e-07,-1.9721522630525295e-31,-1.3234889800848443e-23
B,H4,current_m3,0.01,1,0.35,4,True,True,-1.9238971915592217e-07,-1.7930953281778832e-07,1.3080186338133854e-08,3.3059938204487584e-08,3.972375484910831e-08,3.7508471372101424e-08,0.3956506590311272,0.6043493409688727,0.8915755380197352,1.3080186338133854e-06,3.7697432121529515e-07,1.9721522630525295e-31,6.617444900424222e-24
B,H4,current_m3,0.01,-1,0.4,4,True,True,-3.2778532288730907e-07,-3.0576263610170874e-07,2.202268678560033e-08,5.720964263038815e-08,6.896384573798978e-08,6.535298987587786e-08,0.38494711333684334,0.6150528866631566,0.8980240732525822,2.202268678560033e-06,6.568222616550969e-07,0.0,6.617444900424222e-24
B,H4,current_m3,0.01,1,0.4,4,True,True,-3.2778532288730907e-07,-3.0576263610170874e-07,2.202268678560033e-08,5.720964263038815e-08,6.896384573798978e-08,6.535298987587786e-08,0.38494711333684334,0.6150528866631566,0.8980240732525822,2.202268678560033e-06,6.568222616550969e-07,0.0,6.617444900424222e-24
B,H4,current_m3,0.05,-1,0.125,4,False,True,-3.1414579371168396e-09,-2.0372009051708944e-09,1.1042570319459452e-09,1.4356315817481957e-09,1.667498449386256e-09,1.2494668807549483e-09,0.7691785594471742,0.23082144055282583,0.5614597401426884,2.20851406389189e-08,5.732947227907163e-09,-1.925929944387236e-34,-1.0339757656912846e-25
B,H4,current_m3,0.05,1,0.125,4,False,True,-3.1414579371168396e-09,-2.0372009051708944e-09,1.1042570319459452e-09,1.4356315817481957e-09,1.667498449386256e-09,1.2494668807549483e-09,0.7691785594471742,0.23082144055282583,0.5614597401426884,2.20851406389189e-08,5.732947227907163e-09,-1.925929944387236e-34,-1.0339757656912846e-25
B,H4,current_m3,0.05,-1,0.175,4,True,True,-1.2062099314378261e-08,-7.841889235603711e-09,4.22021007877455e-09,5.538989072934662e-09,6.428435436353061e-09,4.849186431801678e-09,0.7619098039741398,0.23809019602586023,0.5690195524731543,8.4404201575491e-08,2.2249593278539056e-08,-9.244463733058732e-33,-8.271806125530277e-25
B,H4,current_m3,0.05,1,0.175,4,True,True,-1.2062099314378261e-08,-7.841889235603711e-09,4.22021007877455e-09,5.5389890729346634e-09,6.428435436353065e-09,4.849186431801681e-09,0.7619098039741395,0.23809019602586046,0.5690195524731543,8.4404201575491e-08,2.224959327853907e-08,6.162975822039155e-33,8.271806125530277e-25
B,H4,current_m3,0.05,-1,0.225,4,True,True,-3.293865743012029e-08,-2.1485974488807973e-08,1.1452682941312315e-08,1.5220737296556733e-08,1.7647975882402494e-08,1.3427103417775332e-08,0.7524394330032333,0.24756056699676665,0.5788617652827326,2.290536588262463e-07,6.160777568689712e-08,-2.465190328815662e-32,-8.271806125530277e-25
B,H4,current_m3,0.05,1,0.225,4,True,True,-3.293865743012029e-08,-2.1485974488807976e-08,1.1452682941312311e-08,1.522073729655673e-08,1.764797588240249e-08,1.3427103417775329e-08,0.7524394330032332,0.24756056699676676,0.5788617652827325,2.2905365882624621e-07,6.16077756868971e-08,2.465190328815662e-32,8.271806125530277e-25
B,H4,current_m3,0.05,-1,0.275,4,True,True,-7.344071419283206e-08,-4.8104561197980513e-08,2.533615299485155e-08,3.4194463745806455e-08,3.960688962128898e-08,3.044314466172053e-08,0.7409431299521031,0.2590568700478969,0.5907960005889157,5.067230598970309e-07,1.3968272747792583e-07,1.9721522630525295e-31,-1.6543612251060553e-24
B,H4,current_m3,0.05,1,0.275,4,True,True,-7.344071419283206e-08,-4.8104561197980513e-08,2.533615299485155e-08,3.4194463745806455e-08,3.9606889621288985e-08,3.044314466172054e-08,0.7409431299521031,0.2590568700478969,0.5907960005889158,5.067230598970309e-07,1.3968272747792586e-07,1.9721522630525295e-31,1.6543612251060553e-24
B,H4,current_m3,0.05,-1,0.35,4,True,True,-1.9238971915592217e-07,-1.269887874995198e-07,6.540093165640236e-08,9.079030706565557e-08,1.0501185507911117e-07,8.215964852426545e-08,0.7203514755061603,0.2796485244938397,0.6121255176733752,1.3080186331280472e-06,3.7697432121483553e-07,0.0,0.0
B,H4,current_m3,0.05,1,0.35,4,True,True,-1.9238971915592217e-07,-1.2698878749951983e-07,6.540093165640234e-08,9.079030706565554e-08,1.0501185507911112e-07,8.215964852426541e-08,0.7203514755061603,0.2796485244938397,0.6121255176733752,1.3080186331280468e-06,3.769743212148353e-07,-1.5777218104420236e-30,-6.617444900424222e-24
B,H4,current_m3,0.05,-1,0.4,4,True,True,-3.2778532288730907e-07,-2.1767188849238923e-07,1.1011343439491983e-07,1.5625081786260659e-07,1.8060233635245914e-07,1.431510931209485e-07,0.704722291385022,0.29527770861497804,0.6282646276818471,2.2022686878983967e-06,6.568222616543105e-07,6.310887241768095e-30,1.3234889800848443e-23
B,H4,current_m3,0.05,1,0.4,4,True,True,-3.2778532288730907e-07,-2.1767188849238926e-07,1.1011343439491981e-07,1.5625081786260659e-07,1.8060233635245908e-07,1.4315109312094845e-07,0.7047222913850218,0.29527770861497815,0.6282646276818472,2.202268687898396e-06,6.568222616543103e-07,3.1554436208840472e-30,1.3234889800848443e-23
B,H4,m5_best,0.001,-1,0.125,4,False,False,-2.758194295812301e-10,-2.67672831427189e-10,8.146598154041121e-12,6.604787287799872e-11,8.802505498748035e-11,8.764726603873913e-11,0.12334383832601585,0.8766561616739842,0.9914347512758975,8.146598154041122e-09,2.7730367788838566e-09,0.0,-6.462348535570529e-27
B,H4,m5_best,0.001,1,0.125,4,False,False,-2.758194295812301e-10,-2.676728314271892e-10,8.146598154040914e-12,6.604787287799851e-11,8.802505498748005e-11,8.764726603873886e-11,0.1233438383260131,0.8766561616739869,0.9914347512758979,8.146598154040915e-09,2.773036778883848e-09,0.0,6.462348535570529e-27
B,H4,m5_best,0.001,-1,0.175,4,True,False,-1.0587828940887897e-09,-1.027679888225251e-09,3.110300586353879e-11,2.557327233606634e-10,3.4110831480618234e-10,3.3968733484804264e-10,0.12162309717272196,0.8783769028272781,0.9916858067874372,3.110300586353879e-08,1.0747231664229204e-08,0.0,0.0
B,H4,m5_best,0.001,1,0.175,4,True,False,-1.0587828940887897e-09,-1.0276798882252503e-09,3.110300586353941e-11,2.5573272336066404e-10,3.411083148061832e-10,3.396873348480435e-10,0.1216230971727241,0.8783769028272759,0.991685806787437,3.110300586353941e-08,1.074723166422923e-08,0.0,-2.5849394142282115e-26
B,H4,m5_best,0.001,-1,0.225,4,True,False,-2.8902949775427035e-09,-2.806005828748361e-09,8.428914879434255e-11,7.059730237679003e-10,9.426937293857878e-10,9.38917891414798e-10,0.11939429122160612,0.8806057087783938,0.9920053013234745,8.428914879434255e-08,2.9706047466381065e-08,0.0,-5.169878828456423e-26
B,H4,m5_best,0.001,1,0.225,4,True,False,-2.8902949775427035e-09,-2.806005828748362e-09,8.428914879434131e-11,7.059730237678993e-10,9.426937293857864e-10,9.389178914147965e-10,0.11939429122160454,0.8806057087783955,0.9920053013234748,8.42891487943413e-08,2.970604746638102e-08,0.0,1.550963648536927e-25
B,H4,m5_best,0.001,-1,0.275,4,True,False,-6.441500161199642e-09,-6.255359537957464e-09,1.8614062324217806e-10,1.5948433748077368e-09,2.1325353819791664e-09,2.1243961080203575e-09,0.11671404614551437,0.8832859538544856,0.9923811427523651,1.8614062324217806e-07,6.721291840243372e-08,7.703719777548943e-34,1.0339757656912846e-25
B,H4,m5_best,0.001,1,0.275,4,True,False,-6.441500161199642e-09,-6.255359537957462e-09,1.861406232421797e-10,1.594843374807739e-09,2.132535381979169e-09,2.12439610802036e-09,0.11671404614551525,0.8832859538544847,0.9923811427523652,1.861406232421797e-07,6.721291840243381e-08,0.0,3.101927297073854e-25
B,H4,m5_best,0.001,-1,0.35,4,True,False,-1.6860804528344512e-08,-1.6381926944676193e-08,4.788775836683192e-10,4.276419813227471e-09,5.7331104960008725e-09,5.713075548180276e-09,0.11198095710507522,0.8880190428949248,0.9930230053178003,4.788775836683192e-07,1.8075371122978e-07,0.0,-1.2407709188295415e-24
B,H4,m5_best,0.001,1,0.35,4,True,False,-1.6860804528344512e-08,-1.6381926944676186e-08,4.788775836683259e-10,4.2764198132274794e-09,5.733110496000884e-09,5.713075548180287e-09,0.11198095710507655,0.8880190428949235,0.9930230053177999,4.788775836683258e-07,1.8075371122978033e-07,6.162975822039155e-33,0.0
B,H4,m5_best,0.001,-1,0.4,4,True,False,-2.870771303938956e-08,-2.7903657038570935e-08,8.04056000818624e-10,7.4144417481989354e-09,9.961422755694874e-09,9.928919239535752e-09,0.10844457723522337,0.8915554227647766,0.9934847684999405,8.04056000818624e-07,3.1413710284620603e-07,0.0,1.2407709188295415e-24
B,H4,m5_best,0.001,1,0.4,4,True,False,-2.870771303938956e-08,-2.7903657038570932e-08,8.040560008186273e-10,7.414441748198939e-09,9.96142275569488e-09,9.928919239535757e-09,0.10844457723522377,0.8915554227647762,0.9934847684999405,8.040560008186273e-07,3.141371028462062e-07,-1.232595164407831e-32,1.2407709188295415e-24
B,H4,m5_best,0.01,-1,0.125,4,False,False,-2.758194295812301e-10,-1.9435155921412732e-10,8.146787036710281e-11,2.3582994786152826e-10,2.8768971190955463e-10,2.7591367569667774e-10,0.345451759226687,0.654548240773313,0.9198092888970555,8.14678703671028e-09,2.7730367782232776e-09,1.2037062152420224e-35,0.0
B,H4,m5_best,0.01,1,0.125,4,False,False,-2.758194295812301e-10,-1.9435155921412726e-10,8.146787036710286e-11,2.358299478615283e-10,2.8768971190955473e-10,2.7591367569667784e-10,0.34545175922668714,0.6545482407733129,0.9198092888970556,8.146787036710286e-09,2.7730367782232784e-09,1.2037062152420224e-35,0.0
B,H4,m5_best,0.01,-1,0.175,4,True,False,-1.0587828940887897e-09,-7.477527214738429e-10,3.110301726149469e-10,9.116057972406105e-10,1.1136513610544975e-09,1.069336049005013e-09,0.3411893315689974,0.6588106684310027,0.9219978562932845,3.110301726149469e-08,1.0747231664699159e-08,0.0,-7.754818242684634e-26
B,H4,m5_best,0.01,1,0.175,4,True,False,-1.0587828940887897e-09,-7.477527214738428e-10,3.11030172614947e-10,9.116057972406107e-10,1.1136513610544977e-09,1.0693360490050131e-09,0.34118933156899744,0.6588106684310026,0.9219978562932845,3.11030172614947e-08,1.074723166469916e-08,-1.925929944387236e-34,2.5849394142282115e-26
B,H4,m5_best,0.01,-1,0.225,4,True,False,-2.8902949775427035e-09,-2.047403372531983e-09,8.428916050107205e-10,2.511178384859094e-09,3.073550697896734e-09,2.955714403446982e-09,0.3356558060920138,0.6643441939079862,0.9247922329521923,8.428916050107205e-08,2.97060474657054e-08,1.5407439555097887e-33,1.0339757656912846e-25
B,H4,m5_best,0.01,1,0.225,4,True,False,-2.8902949775427035e-09,-2.0474033725319818e-09,8.428916050107217e-10,2.5111783848590953e-09,3.0735506978967355e-09,2.955714403446984e-09,0.3356558060920141,0.6643441939079859,0.9247922329521924,8.428916050107217e-08,2.970604746570542e-08,0.0,-1.0339757656912846e-25
B,H4,m5_best,0.01,-1,0.275,4,True,False,-6.441500161199642e-09,-4.58009368768433e-09,1.861406473515312e-09,5.6582862509713925e-09,6.941818236022239e-09,6.687600942215841e-09,0.3289700080471809,0.6710299919528191,0.928098828913406,1.8614064735153118e-07,6.721291840290057e-08,0.0,-1.2407709188295415e-24
B,H4,m5_best,0.01,1,0.275,4,True,False,-6.441500161199642e-09,-4.580093687684331e-09,1.861406473515311e-09,5.6582862509713925e-09,6.941818236022239e-09,6.687600942215841e-09,0.32897000804718074,0.6710299919528193,0.9280988289134061,1.861406473515311e-07,6.721291840290057e-08,-6.162975822039155e-33,0.0
B,H4,m5_best,0.01,-1,0.35,4,True,False,-1.6860804528344512e-08,-1.2072028482275417e-08,4.788776046069095e-09,1.5102808068312213e-08,1.8611400453636825e-08,1.7984767188546752e-08,0.3170785210544132,0.6829214789455869,0.9337949760927623,4.788776046069095e-07,1.807537112312259e-07,4.930380657631324e-32,0.0
B,H4,m5_best,0.01,1,0.35,4,True,False,-1.6860804528344512e-08,-1.2072028482275405e-08,4.788776046069107e-09,1.5102808068312226e-08,1.8611400453636845e-08,1.798476718854677e-08,0.31707852105441364,0.6829214789455864,0.933794976092762,4.788776046069107e-07,1.8075371123122603e-07,4.930380657631324e-32,0.0
B,H4,m5_best,0.01,-1,0.4,4,True,False,-2.870771303938956e-08,-2.0667152861988483e-08,8.040560177401076e-09,2.6095365149936515e-08,3.227388402207235e-08,3.1256247086042965e-08,0.3081221562220844,0.6918778437779156,0.9379316578829516,8.040560177401076e-07,3.1413710284558733e-07,0.0,0.0
B,H4,m5_best,0.01,1,0.4,4,True,False,-2.870771303938956e-08,-2.066715286198851e-08,8.04056017740105e-09,2.609536514993649e-08,3.227388402207231e-08,3.1256247086042925e-08,0.3081221562220837,0.6918778437779163,0.9379316578829517,8.04056017740105e-07,3.1413710284558696e-07,0.0,0.0
B,H4,m5_best,0.05,-1,0.125,4,False,False,-2.758194295812301e-10,1.3152078332048215e-10,4.073402129017123e-10,6.310140991154831e-10,7.288267046398202e-10,6.043693542440148e-10,0.6455326647577239,0.35446733524227614,0.6876323732673041,8.146804258034245e-09,2.7730367786553636e-09,0.0,2.5849394142282115e-26
B,H4,m5_best,0.05,1,0.125,4,False,False,-2.758194295812301e-10,1.315207833204821e-10,4.0734021290171223e-10,6.31014099115483e-10,7.288267046398201e-10,6.043693542440147e-10,0.6455326647577239,0.35446733524227614,0.687632373267304,8.146804258034245e-09,2.773036778655363e-09,0.0,-2.5849394142282115e-26
B,H4,m5_best,0.05,-1,0.175,4,False,False,-1.0587828940887897e-09,4.963679956878128e-10,1.5551508897766025e-09,2.433738563628322e-09,2.8115629535542357e-09,2.3423048375106216e-09,0.6389966913529598,0.3610033086470402,0.6940507154695408,3.1103017795532046e-08,1.0747231664921325e-08,0.0,-5.169878828456423e-26
B,H4,m5_best,0.05,1,0.175,4,False,False,-1.0587828940887897e-09,4.963679956878125e-10,1.5551508897766023e-09,2.4337385636283216e-09,2.8115629535542357e-09,2.3423048375106216e-09,0.6389966913529598,0.3610033086470402,0.6940507154695407,3.1103017795532046e-08,1.0747231664921323e-08,0.0,-5.169878828456423e-26
B,H4,m5_best,0.05,-1,0.225,4,True,False,-2.8902949775427035e-09,1.3241630995408036e-09,4.214458077083507e-09,6.684640172575176e-09,7.725153496582067e-09,6.474282945798687e-09,0.6304689509502707,0.36953104904972933,0.7023751145888947,8.428916154167014e-08,2.970604746592136e-08,0.0,4.1359030627651384e-25
B,H4,m5_best,0.05,1,0.225,4,True,False,-2.8902949775427035e-09,1.3241630995408036e-09,4.214458077083507e-09,6.684640172575176e-09,7.725153496582067e-09,6.474282945798687e-09,0.6304689509502707,0.36953104904972933,0.7023751145888947,8.428916154167014e-08,2.970604746592136e-08,0.0,4.1359030627651384e-25
B,H4,m5_best,0.05,-1,0.275,4,True,False,-6.441500161199642e-09,2.865532299424017e-09,9.307032460623659e-09,1.5008951802342463e-08,1.7355279664447688e-08,1.4648715950829582e-08,0.6200987639370725,0.37990123606292747,0.712419638957547,1.8614064921247318e-07,6.721291840241945e-08,-2.465190328815662e-32,-8.271806125530277e-25
B,H4,m5_best,0.05,1,0.275,4,True,False,-6.441500161199642e-09,2.865532299424015e-09,9.307032460623657e-09,1.500895180234246e-08,1.7355279664447685e-08,1.4648715950829578e-08,0.6200987639370726,0.37990123606292736,0.712419638957547,1.8614064921247313e-07,6.721291840241944e-08,-2.465190328815662e-32,-1.6543612251060553e-24
B,H4,m5_best,0.05,-1,0.35,4,True,False,-1.6860804528344512e-08,7.083075795543229e-09,2.394388032388774e-08,3.980883369722985e-08,4.61001610717023e-08,3.939435804620044e-08,0.6014715353379948,0.3985284646620052,0.7302358831636595,4.788776064777548e-07,1.8075371123057488e-07,1.9721522630525295e-31,2.481541837659083e-24
B,H4,m5_best,0.05,1,0.35,4,True,False,-1.6860804528344512e-08,7.0830757955432326e-09,2.3943880323887744e-08,3.980883369722985e-08,4.610016107170231e-08,3.939435804620045e-08,0.6014715353379949,0.3985284646620051,0.7302358831636596,4.788776064777548e-07,1.807537112305749e-07,1.9721522630525295e-31,8.271806125530277e-25
B,H4,m5_best,0.05,-1,0.4,4,True,False,-2.870771303938956e-08,1.1495087919328956e-08,4.020280095871851e-08,6.845530996806103e-08,7.939562881971892e-08,6.846459428604133e-08,0.5872853541599008,0.4127146458400992,0.7435991632801525,8.040560191743702e-07,3.141371028456488e-07,0.0,6.617444900424222e-24
B,H4,m5_best,0.05,1,0.4,4,True,False,-2.870771303938956e-08,1.1495087919328972e-08,4.020280095871853e-08,6.845530996806106e-08,7.939562881971893e-08,6.846459428604134e-08,0.5872853541599009,0.4127146458400991,0.7435991632801525,8.040560191743706e-07,3.1413710284564884e-07,-7.888609052210118e-31,3.308722450212111e-24
B,H4,two_term_center,0.001,-1,0.125,4,True,True,-5.3418943461858125e-09,-5.320812341127708e-09,2.1082005058104715e-11,9.382336014170748e-11,1.1967791952695361e-10,1.1780642378508067e-10,0.22469889189923703,0.775301108100763,0.9689690004718648,2.1082005058104715e-08,3.727230302887223e-09,9.027796614315168e-36,2.0679515313825692e-25
B,H4,two_term_center,0.001,1,0.125,4,True,True,-5.3418943461858125e-09,-5.320812341127708e-09,2.1082005058104715e-11,9.382336014170707e-11,1.1967791952695294e-10,1.1780642378508008e-10,0.22469889189923803,0.7753011081007619,0.9689690004718657,2.1082005058104715e-08,3.727230302887204e-09,-9.027796614315168e-36,-2.0679515313825692e-25
B,H4,two_term_center,0.001,-1,0.175,4,True,True,-2.051306397172829e-08,-2.043240887241267e-08,8.065509931562064e-11,3.644729481633019e-10,4.6562656947474077e-10,4.585878946889058e-10,0.2212924161369671,0.7787075838630328,0.9699953784956468,8.065509931562064e-08,1.4509078899975997e-08,-2.407412430484045e-35,0.0
B,H4,two_term_center,0.001,1,0.175,4,True,True,-2.051306397172829e-08,-2.043240887241267e-08,8.065509931562064e-11,3.644729481633027e-10,4.6562656947474207e-10,4.58587894688907e-10,0.2212924161369666,0.7787075838630334,0.9699953784956462,8.065509931562064e-08,1.4509078899976033e-08,1.2037062152420224e-34,8.271806125530277e-25
B,H4,two_term_center,0.001,-1,0.225,4,True,True,-5.602378339049399e-08,-5.580459207744466e-08,2.1919131304932997e-10,1.0104292137514938e-09,1.293324605176711e-09,1.274615119414173e-09,0.21692891502564784,0.7830710849743522,0.9712768810633351,2.1919131304932997e-07,4.032703773663295e-08,-7.703719777548943e-34,-1.6543612251060553e-24
B,H4,two_term_center,0.001,1,0.225,4,True,True,-5.602378339049399e-08,-5.5804592077444664e-08,2.1919131304932335e-10,1.0104292137514905e-09,1.2933246051767058e-09,1.2746151194141684e-09,0.21692891502564202,0.783071084974358,0.9712768810633357,2.1919131304932335e-07,4.0327037736632807e-08,7.703719777548943e-34,1.6543612251060553e-24
B,H4,two_term_center,0.001,-1,0.275,4,True,True,-1.2493317798716616e-07,-1.2444740109949448e-07,4.857768876716855e-10,2.294222931559826e-09,2.9429868055513772e-09,2.9026181548825013e-09,0.21173918235635852,0.7882608176436414,0.9727543567265299,4.857768876716855e-07,9.183477434410306e-08,1.232595164407831e-32,1.3234889800848443e-23
B,H4,two_term_center,0.001,1,0.275,4,True,True,-1.2493317798716616e-07,-1.2444740109949448e-07,4.857768876716855e-10,2.294222931559826e-09,2.9429868055513772e-09,2.9026181548825013e-09,0.21173918235635852,0.7882608176436414,0.9727543567265299,4.857768876716855e-07,9.183477434410306e-08,1.232595164407831e-32,1.3234889800848443e-23
B,H4,two_term_center,0.001,-1,0.35,4,True,True,-3.273892140951458e-07,-3.261309698479776e-07,1.2582442471682197e-09,6.206578199444788e-09,7.990833291185314e-09,7.891149352406377e-09,0.20272752662341004,0.7972724733765899,0.9752060474182667,1.2582442471682197e-06,2.496649167837889e-07,0.0,0.0
B,H4,two_term_center,0.001,1,0.35,4,True,True,-3.273892140951458e-07,-3.261309698479776e-07,1.2582442471682197e-09,6.2065781994448015e-09,7.990833291185333e-09,7.891149352406396e-09,0.20272752662340962,0.7972724733765904,0.9752060474182662,1.2582442471682197e-06,2.496649167837895e-07,3.697785493223493e-32,1.3234889800848443e-23
B,H4,two_term_center,0.001,-1,0.4,4,True,True,-5.579397956455843e-07,-5.558154245008533e-07,2.12437114473098e-09,1.0831907844801976e-08,1.3982477419095736e-08,1.3820156367239716e-08,0.1961216043534219,0.803878395646578,0.9769169849740309,2.12437114473098e-06,4.372503972838462e-07,9.860761315262648e-32,2.6469779601696886e-23
B,H4,two_term_center,0.001,1,0.4,4,True,True,-5.579397956455843e-07,-5.558154245008533e-07,2.12437114473098e-09,1.083190784480195e-08,1.3982477419095695e-08,1.3820156367239678e-08,0.19612160435342238,0.8038783956465776,0.9769169849740313,2.12437114473098e-06,4.37250397283845e-07,-2.465190328815662e-32,0.0
B,H4,two_term_center,0.01,-1,0.125,4,True,True,-5.3418943461858125e-09,-5.131076178248988e-09,2.1081816793682442e-10,3.6758202467798015e-10,4.26588247155894e-10,3.7085473258312214e-10,0.5735268696055295,0.42647313039447055,0.7557704003652309,2.1081816793682442e-08,3.7272303021388035e-09,0.0,0.0
B,H4,two_term_center,0.01,1,0.125,4,True,True,-5.3418943461858125e-09,-5.131076178248987e-09,2.1081816793682525e-10,3.6758202467798077e-10,4.265882471558951e-10,3.70854732583123e-10,0.5735268696055307,0.4264731303944693,0.7557704003652307,2.1081816793682525e-08,3.727230302138813e-09,-9.62964972193618e-35,-2.0679515313825692e-25
B,H4,two_term_center,0.01,-1,0.175,4,True,True,-2.051306397172829e-08,-1.9706512972761144e-08,8.065509989671469e-10,1.4236855155019767e-09,1.6536646827927406e-09,1.4436351232846595e-09,0.5665232877520464,0.4334767122479536,0.7621140654799914,8.065509989671469e-08,1.4509078903374774e-08,-1.1555579666323415e-33,-8.271806125530277e-25
B,H4,two_term_center,0.01,1,0.175,4,True,True,-2.051306397172829e-08,-1.9706512972761144e-08,8.065509989671469e-10,1.4236855155019775e-09,1.653664682792742e-09,1.4436351232846608e-09,0.5665232877520461,0.4334767122479539,0.7621140654799913,8.065509989671469e-08,1.4509078903374787e-08,3.851859888774472e-34,0.0
B,H4,two_term_center,0.01,-1,0.225,4,True,True,-5.602378339049399e-08,-5.3831870461660856e-08,2.1919129288331316e-09,3.931781346896275e-09,4.572149933643338e-09,4.012489592276713e-09,0.5574859676679159,0.4425140323320841,0.7701705545047904,2.1919129288331316e-07,4.032703773572115e-08,-6.162975822039155e-33,-1.6543612251060553e-24
B,H4,two_term_center,0.01,1,0.225,4,True,True,-5.602378339049399e-08,-5.383187046166086e-08,2.191912928833125e-09,3.931781346896272e-09,4.572149933643332e-09,4.012489592276709e-09,0.5574859676679147,0.4425140323320853,0.7701705545047905,2.191912928833125e-07,4.03270377357211e-08,6.162975822039155e-33,1.6543612251060553e-24
B,H4,two_term_center,0.01,-1,0.275,4,True,True,-1.2493317798716616e-07,-1.200754090669903e-07,4.857768920175865e-09,8.886487351745457e-09,1.0348469166694334e-08,9.137444676286509e-09,0.5466466926576694,0.4533533073423306,0.7796457232913719,4.857768920175865e-07,9.18347743450691e-08,6.162975822039155e-32,6.617444900424222e-24
B,H4,two_term_center,0.01,1,0.275,4,True,True,-1.2493317798716616e-07,-1.200754090669903e-07,4.857768920175865e-09,8.886487351745457e-09,1.0348469166694334e-08,9.137444676286509e-09,0.5466466926576694,0.4533533073423306,0.7796457232913719,4.857768920175865e-07,9.18347743450691e-08,6.162975822039155e-32,6.617444900424222e-24
B,H4,two_term_center,0.01,-1,0.35,4,True,True,-3.273892140951458e-07,-3.1480677138648243e-07,1.258244270866338e-08,2.384905831623135e-08,2.7846190299056693e-08,2.4841345568517084e-08,0.5275865630342285,0.47241343696577154,0.7958269813756629,1.258244270866338e-06,2.4966491678281516e-07,-5.9164567891575885e-31,-2.6469779601696886e-23
B,H4,two_term_center,0.01,1,0.35,4,True,True,-3.273892140951458e-07,-3.1480677138648243e-07,1.258244270866338e-08,2.3849058316231363e-08,2.7846190299056712e-08,2.4841345568517104e-08,0.5275865630342281,0.47241343696577187,0.795826981375663,1.258244270866338e-06,2.496649167828154e-07,-3.944304526105059e-31,-1.3234889800848443e-23
B,H4,two_term_center,0.01,-1,0.4,4,True,True,-5.579397956455843e-07,-5.366960841176717e-07,2.1243711527912608e-08,4.1376950647039036e-08,4.8415447821247816e-08,4.3505865216667077e-08,0.5134189735036171,0.4865810264963829,0.807472449952509,2.124371152791261e-06,4.3725039728320826e-07,7.888609052210118e-31,2.6469779601696886e-23
B,H4,two_term_center,0.01,1,0.4,4,True,True,-5.579397956455843e-07,-5.366960841176717e-07,2.1243711527912608e-08,4.137695064703901e-08,4.8415447821247776e-08,4.350586521666704e-08,0.5134189735036174,0.4865810264963826,0.807472449952509,2.124371152791261e-06,4.3725039728320783e-07,0.0,0.0
B,H4,two_term_center,0.05,-1,0.125,4,True,True,-5.3418943461858125e-09,-4.287804332053128e-09,1.0540900141326848e-09,1.1013162581805724e-09,1.330784516799603e-09,8.123310115090453e-10,0.9571183629615096,0.04288163703849035,0.372606637982797,2.1081800282653696e-08,3.727230303023268e-09,1.925929944387236e-34,1.0339757656912846e-25
B,H4,two_term_center,0.05,1,0.125,4,True,True,-5.3418943461858125e-09,-4.287804332053128e-09,1.0540900141326848e-09,1.1013162581805724e-09,1.330784516799603e-09,8.123310115090453e-10,0.9571183629615096,0.04288163703849035,0.372606637982797,2.1081800282653696e-08,3.727230303023268e-09,1.925929944387236e-34,1.0339757656912846e-25
B,H4,two_term_center,0.05,-1,0.175,4,True,True,-2.051306397172829e-08,-1.6480308947187637e-08,4.032755024540654e-09,4.251513347826558e-09,5.124694936413833e-09,3.162180434976425e-09,0.9485457752595938,0.051454224740406174,0.3807476741362736,8.065510049081308e-08,1.4509078902424976e-08,0.0,0.0
B,H4,two_term_center,0.05,1,0.175,4,True,True,-2.051306397172829e-08,-1.6480308947187637e-08,4.032755024540654e-09,4.251513347826559e-09,5.124694936413835e-09,3.162180434976426e-09,0.9485457752595936,0.051454224740406396,0.3807476741362737,8.065510049081308e-08,1.450907890242498e-08,4.622231866529366e-33,8.271806125530277e-25
B,H4,two_term_center,0.05,-1,0.225,4,True,True,-5.602378339049399e-08,-4.506421882867348e-08,1.095956456182051e-08,1.1691455728400578e-08,1.4048483159723552e-08,8.789074109616116e-09,0.9373994835559974,0.06260051644400255,0.3914059132022218,2.191912912364102e-07,4.032703773800671e-08,-4.930380657631324e-32,-3.308722450212111e-24
B,H4,two_term_center,0.05,1,0.225,4,True,True,-5.602378339049399e-08,-4.5064218828673484e-08,1.0959564561820503e-08,1.1691455728400576e-08,1.404848315972355e-08,8.789074109616113e-09,0.937399483555997,0.062600516444003,0.3914059132022218,2.1919129123641006e-07,4.0327037738006694e-08,6.162975822039155e-32,1.6543612251060553e-24
B,H4,two_term_center,0.05,-1,0.275,4,True,True,-1.2493317798716616e-07,-1.006443333546185e-07,2.4288844632547665e-08,2.628934383953548e-08,3.1472928018991237e-08,2.001492504369088e-08,0.9239045592313588,0.07609544076864116,0.4044209444229026,4.857768926509533e-07,9.183477434525256e-08,4.930380657631324e-32,0.0
B,H4,two_term_center,0.05,1,0.275,4,True,True,-1.2493317798716616e-07,-1.006443333546185e-07,2.4288844632547665e-08,2.6289343839535486e-08,3.147292801899125e-08,2.0014925043690886e-08,0.9239045592313585,0.0760954407686415,0.4044209444229027,4.857768926509533e-07,9.18347743452526e-08,2.9582283945787943e-31,6.617444900424222e-24
B,H4,two_term_center,0.05,-1,0.35,4,True,True,-3.273892140951458e-07,-2.6447700044381924e-07,6.291221365132657e-08,6.991530446571157e-08,8.317898612893625e-08,5.441320710018487e-08,0.8998346518276337,0.10016534817236633,0.4279385421689054,1.2582442730265315e-06,2.4966491678279547e-07,-1.1832913578315177e-30,-6.617444900424222e-24
B,H4,two_term_center,0.05,1,0.35,4,True,True,-3.273892140951458e-07,-2.6447700044381924e-07,6.291221365132657e-08,6.991530446571158e-08,8.317898612893629e-08,5.4413207100184895e-08,0.8998346518276336,0.10016534817236644,0.42793854216890553,1.2582442730265315e-06,2.4966491678279563e-07,1.1832913578315177e-30,1.3234889800848443e-23
B,H4,two_term_center,0.05,-1,0.4,4,True,True,-5.579397956455843e-07,-4.5172123796604135e-07,1.0621855767954294e-07,1.2047613473855967e-07,1.4270181399320237e-07,9.529651473914528e-08,0.8816564202532186,0.11834357974678145,0.44595911764914636,2.1243711535908586e-06,4.3725039728375645e-07,0.0,0.0
B,H4,two_term_center,0.05,1,0.4,4,True,True,-5.579397956455843e-07,-4.517212379660414e-07,1.0621855767954289e-07,1.2047613473855961e-07,1.4270181399320229e-07,9.529651473914523e-08,0.8816564202532184,0.11834357974678156,0.4459591176491463,2.124371153590858e-06,4.372503972837562e-07,1.5777218104420236e-30,1.3234889800848443e-23
B,H4,yoshida4,0.001,-1,0.125,4,True,True,-1.1464816373273915e-06,-1.144984919672146e-06,1.496717655245586e-09,7.660543553515452e-09,9.926768790303805e-09,9.81328563105272e-09,0.1953800856022464,0.8046199143977536,0.977266623216109,1.496717655245586e-06,3.1047861737722657e-07,0.0,0.0
B,H4,yoshida4,0.001,1,0.125,4,True,True,-1.1464816373273915e-06,-1.144984919672146e-06,1.496717655245586e-09,7.660543553515505e-09,9.92676879030387e-09,9.813285631052795e-09,0.19538008560224507,0.8046199143977549,0.9772666232161109,1.496717655245586e-06,3.1047861737722895e-07,-1.6023737137301802e-31,-5.293955920339377e-23
B,H4,yoshida4,0.001,-1,0.175,4,True,True,-4.390315652039067e-06,-4.384579334334536e-06,5.736317704530802e-09,2.9858023343143005e-08,3.828303249273368e-08,3.785082873640139e-08,0.19211980775171328,0.8078801922482868,0.9775480674293988,5.736317704530802e-06,1.1975472247004613e-06,0.0,0.0
B,H4,yoshida4,0.001,1,0.175,4,True,True,-4.390315652039067e-06,-4.384579334334536e-06,5.736317704530802e-09,2.9858023343143005e-08,3.828303249273368e-08,3.785082873640139e-08,0.19211980775171328,0.8078801922482868,0.9775480674293988,5.736317704530802e-06,1.1975472247004613e-06,0.0,0.0
B,H4,yoshida4,0.001,-1,0.225,4,True,True,-1.194610749615144e-05,-1.1930481316275728e-05,1.562617987571147e-08,8.425741479605859e-08,1.0514745692637893e-07,1.0397985478243681e-07,0.18545762308912467,0.8145423769108753,0.9779144564758908,1.562617987571147e-05,3.2897770187977874e-06,-2.524354896707238e-29,-8.470329472543003e-22
B,H4,yoshida4,0.001,1,0.225,4,True,True,-1.194610749615144e-05,-1.1930481316275728e-05,1.562617987571147e-08,8.425741479605859e-08,1.0514745692637893e-07,1.0397985478243681e-07,0.18545762308912467,0.8145423769108753,0.9779144564758908,1.562617987571147e-05,3.2897770187977874e-06,-2.524354896707238e-29,-8.470329472543003e-22
B,H4,yoshida4,0.001,-1,0.275,4,True,True,-2.651636887599515e-05,-2.6481634786192275e-05,3.473408980287474e-08,1.9406843821807672e-07,2.3610989421088317e-07,2.335410566685016e-07,0.17897856097467885,0.8210214390253212,0.97835869367536,3.473408980287474e-05,7.388912042446525e-06,6.310887241768095e-30,0.0
B,H4,yoshida4,0.001,1,0.275,4,True,True,-2.651636887599515e-05,-2.6481634786192275e-05,3.473408980287474e-08,1.9406843821807757e-07,2.361098942108842e-07,2.3354105666850279e-07,0.17897856097467807,0.8210214390253219,0.9783586936753613,3.473408980287474e-05,7.3889120424465625e-06,-5.679798517591285e-29,-8.470329472543003e-22
B,H4,yoshida4,0.001,-1,0.35,4,True,True,-6.888209753328042e-05,-6.879162539954389e-05,9.04721337365331e-08,5.334475194309364e-07,6.265983461468915e-07,6.200324833516208e-07,0.16959893980394863,0.8304010601960514,0.9791526346463915,9.04721337365331e-05,1.9616959639982303e-05,6.058451752097371e-28,3.3881317890172014e-21
B,H4,yoshida4,0.001,1,0.35,4,True,True,-6.888209753328042e-05,-6.879162539954389e-05,9.04721337365331e-08,5.334475194309398e-07,6.265983461468956e-07,6.200324833516255e-07,0.16959893980394755,0.8304010601960524,0.9791526346463933,9.04721337365331e-05,1.9616959639982448e-05,0.0,0.0
B,H4,yoshida4,0.001,-1,0.4,4,True,True,-0.00011656914709157369,-0.00011641570769697925,1.5343939459443634e-07,9.380178142778986e-07,1.0783533965039864e-06,1.0673810940513128e-06,0.1635783374887784,0.8364216625112216,0.9797534266388688,0.00015343939459443634,3.377044333112846e-05,-1.2116903504194741e-27,-3.3881317890172014e-21
B,H4,yoshida4,0.001,1,0.4,4,True,True,-0.00011656914709157369,-0.00011641570769697925,1.5343939459443634e-07,9.380178142778986e-07,1.0783533965039864e-06,1.0673810940513128e-06,0.1635783374887784,0.8364216625112216,0.9797534266388688,0.00015343939459443634,3.377044333112846e-05,-1.2116903504194741e-27,-3.3881317890172014e-21
B,H4,yoshida4,0.01,-1,0.125,4,True,True,-1.1464816373273915e-06,-1.1315144608492336e-06,1.496717647815794e-08,2.9243152249369796e-08,3.4327050455627e-08,3.089223237732808e-08,0.5118181634635675,0.48818183653643255,0.8098892031559641,1.4967176478157941e-06,3.104786173698971e-07,0.0,0.0
B,H4,yoshida4,0.01,1,0.125,4,True,True,-1.1464816373273915e-06,-1.1315144608492336e-06,1.496717647815794e-08,2.9243152249369744e-08,3.432705045562696e-08,3.089223237732801e-08,0.5118181634635683,0.48818183653643166,0.8098892031559624,1.4967176478157941e-06,3.104786173698964e-07,1.5777218104420236e-30,5.293955920339377e-23
B,H4,yoshida4,0.01,-1,0.175,4,True,True,-4.390315652039067e-06,-4.332952475109117e-06,5.7363176929949756e-08,1.122946626450161e-07,1.3224339562261057e-07,1.1915444439172874e-07,0.5108272786863006,0.4891727213136994,0.8118438546847105,5.7363176929949756e-06,1.1975472246988832e-06,1.5777218104420236e-30,0.0
B,H4,yoshida4,0.01,1,0.175,4,True,True,-4.390315652039067e-06,-4.332952475109117e-06,5.7363176929949756e-08,1.122946626450161e-07,1.3224339562261057e-07,1.1915444439172874e-07,0.5108272786863006,0.4891727213136994,0.8118438546847105,5.7363176929949756e-06,1.1975472246988832e-06,1.5777218104420236e-30,0.0
B,H4,yoshida4,0.01,-1,0.225,4,True,True,-1.194610749615144e-05,-1.1789845699540987e-05,1.56261796610452e-07,3.06656388130054e-07,3.627145077489418e-07,3.273286804599173e-07,0.5095664158940685,0.4904335841059315,0.8144009396563227,1.56261796610452e-05,3.28977701881116e-06,2.9030081312133234e-28,8.470329472543003e-22
B,H4,yoshida4,0.01,1,0.225,4,True,True,-1.194610749615144e-05,-1.1789845699540986e-05,1.5626179661045368e-07,3.066563881300536e-07,3.627145077489415e-07,3.273286804599167e-07,0.5095664158940747,0.4904335841059253,0.8144009396563213,1.5626179661045368e-05,3.289777018811154e-06,-1.135959703518257e-28,-4.235164736271502e-22
B,H4,yoshida4,0.01,-1,0.275,4,True,True,-2.651636887599515e-05,-2.6169027978052454e-05,3.4734089794269564e-07,6.836263434268623e-07,8.131090387991318e-07,7.351874656121461e-07,0.508085888266908,0.49191411173309196,0.8175204221130087,3.4734089794269564e-05,7.388912042447883e-06,-5.048709793414476e-28,-8.470329472543003e-22
B,H4,yoshida4,0.01,1,0.275,4,True,True,-2.651636887599515e-05,-2.6169027978052458e-05,3.4734089794269225e-07,6.836263434268632e-07,8.131090387991325e-07,7.351874656121472e-07,0.5080858882669024,0.4919141117330976,0.81752042211301,3.4734089794269225e-05,7.388912042447896e-06,1.1107161545511846e-27,1.6940658945086007e-21
B,H4,yoshida4,0.01,-1,0.35,4,True,True,-6.888209753328042e-05,-6.797737619578796e-05,9.047213374924673e-07,1.7894363509394943e-06,2.151345914336765e-06,1.95186283960204e-06,0.5055901189318459,0.4944098810681541,0.8231483264084011,9.047213374924673e-05,1.9616959639992762e-05,-6.462348535570529e-27,-3.3881317890172014e-21
B,H4,yoshida4,0.01,1,0.35,4,True,True,-6.888209753328042e-05,-6.797737619578796e-05,9.047213374924673e-07,1.789436350939491e-06,2.1513459143367625e-06,1.9518628396020353e-06,0.5055901189318469,0.4944098810681531,0.8231483264083993,9.047213374924673e-05,1.9616959639992714e-05,0.0,0.0
B,H4,yoshida4,0.01,-1,0.4,4,True,True,-0.00011656914709157369,-0.0001150347531455923,1.534393945981389e-06,3.045335366800725e-06,3.6938799283406986e-06,3.360116685999754e-06,0.503850565264129,0.49614943473587103,0.8274526856884168,0.0001534393945981389,3.3770443331132164e-05,-2.1002632740604218e-26,-6.776263578034403e-21
B,H4,yoshida4,0.01,1,0.4,4,True,True,-0.00011656914709157369,-0.0001150347531455923,1.534393945981389e-06,3.0453353668007215e-06,3.693879928340696e-06,3.3601166859997493e-06,0.5038505652641296,0.49614943473587036,0.8274526856884158,0.0001534393945981389,3.377044333113212e-05,-1.1309109937248425e-26,-3.3881317890172014e-21
B,H4,yoshida4,0.05,-1,0.125,4,True,True,-1.1464816373273915e-06,-1.071645755012027e-06,7.48358823153646e-08,8.508072413428495e-08,1.0089234581836878e-07,6.766724586396454e-08,0.8795868050823044,0.12041319491769564,0.44982186462023105,1.496717646307292e-06,3.104786173776232e-07,-8.67746995743113e-30,-5.293955920339377e-23
B,H4,yoshida4,0.05,1,0.125,4,True,True,-1.1464816373273915e-06,-1.071645755012027e-06,7.48358823153646e-08,8.50807241342849e-08,1.0089234581836878e-07,6.766724586396447e-08,0.8795868050823048,0.1204131949176952,0.4498218646202301,1.496717646307292e-06,3.104786173776229e-07,0.0,0.0
B,H4,yoshida4,0.05,-1,0.175,4,True,True,-4.390315652039067e-06,-4.103499767434804e-06,2.8681588460426226e-07,3.265564561009644e-07,3.8779378675127357e-07,2.609993666305857e-07,0.8783041316310243,0.12169586836897572,0.4529781083732137,5.736317692085245e-06,1.1975472247061525e-06,-1.3883951931889808e-28,-2.117582368135751e-22
B,H4,yoshida4,0.05,1,0.175,4,True,True,-4.390315652039067e-06,-4.103499767434804e-06,2.8681588460426226e-07,3.265564561009642e-07,3.877937867512735e-07,2.609993666305854e-07,0.8783041316310249,0.12169586836897506,0.45297810837321273,5.736317692085245e-06,1.1975472247061512e-06,-1.262177448353619e-29,0.0
B,H4,yoshida4,0.05,-1,0.225,4,True,True,-1.194610749615144e-05,-1.1164798514039532e-05,7.813089821119077e-07,8.912233821919766e-07,1.0604333006462458e-06,7.169902785887314e-07,0.8766702015719865,0.1233297984280135,0.457151153358564,1.5626179642238154e-05,3.2897770188098466e-06,-5.048709793414476e-28,-4.235164736271502e-22
B,H4,yoshida4,0.05,1,0.225,4,True,True,-1.194610749615144e-05,-1.1164798514039532e-05,7.813089821119077e-07,8.912233821919766e-07,1.0604333006462458e-06,7.169902785887314e-07,0.8766702015719865,0.1233297984280135,0.457151153358564,1.5626179642238154e-05,3.2897770188098466e-06,-5.048709793414476e-28,-4.235164736271502e-22
B,H4,yoshida4,0.05,-1,0.275,4,True,True,-2.651636887599515e-05,-2.4779664386313076e-05,1.7367044896820736e-06,1.985374493918361e-06,2.3684284853265176e-06,1.6103760447871162e-06,0.8747490687535181,0.1252509312464819,0.46231081337928387,3.473408979364147e-05,7.388912042448179e-06,-5.6545549686242126e-27,-1.6940658945086007e-21
B,H4,yoshida4,0.05,1,0.275,4,True,True,-2.651636887599515e-05,-2.4779664386313076e-05,1.7367044896820736e-06,1.985374493918361e-06,2.3684284853265176e-06,1.6103760447871162e-06,0.8747490687535181,0.1252509312464819,0.46231081337928387,3.473408979364147e-05,7.388912042448179e-06,-5.6545549686242126e-27,-1.6940658945086007e-21
B,H4,yoshida4,0.05,-1,0.35,4,True,True,-6.888209753328042e-05,-6.435849084577156e-05,4.523606687508862e-06,5.190572874498129e-06,6.224324057705635e-06,4.275417232511734e-06,0.8715043207916131,0.1284956792083869,0.47181594761105533,9.047213375017724e-05,1.9616959639990512e-05,-4.2005265481208437e-26,-5.082197683525802e-21
B,H4,yoshida4,0.05,1,0.35,4,True,True,-6.888209753328042e-05,-6.435849084577156e-05,4.523606687508862e-06,5.190572874498125e-06,6.2243240577056345e-06,4.275417232511729e-06,0.8715043207916137,0.12849567920838634,0.4718159476110545,9.047213375017724e-05,1.961695963999049e-05,-1.6155871338926322e-26,-1.6940658945086007e-21
B,H4,yoshida4,0.05,-1,0.4,4,True,True,-0.00011656914709157369,-0.00010889717736165421,7.67196972991948e-06,8.826085577635256e-06,1.0631564069735438e-05,7.360097487947341e-06,0.8692380854950883,0.1307619145049117,0.47926179733809554,0.00015343939459838961,3.377044333112635e-05,6.462348535570529e-27,0.0
B,H4,yoshida4,0.05,1,0.4,4,True,True,-0.00011656914709157369,-0.00010889717736165422,7.671969729919467e-06,8.826085577635263e-06,1.063156406973544e-05,7.36009748794735e-06,0.8692380854950862,0.1307619145049138,0.47926179733809665,0.00015343939459838934,3.377044333112639e-05,1.0339757656912846e-25,6.776263578034403e-21
C,lambda_1,yoshida4,0.001,-1,0.05,4,False,False,-4.906538933386797e-16,-4.790239620328702e-16,1.1629931305809509e-17,7.622340025730472e-17,9.001305492537275e-17,8.925858364785048e-17,0.15257691557383624,0.8474230844261638,0.9833066577935589,1.1629931305809509e-14,2.8240166119633512e-15,0.0,2.465190328815662e-32
C,lambda_1,yoshida4,0.001,1,0.05,4,False,False,-4.906538933386797e-16,-4.790239620328702e-16,1.1629931305809509e-17,7.622340025730472e-17,9.001305492537275e-17,8.925858364785048e-17,0.15257691557383624,0.8474230844261638,0.9833066577935589,1.1629931305809509e-14,2.8240166119633512e-15,0.0,2.465190328815662e-32
C,lambda_1,yoshida4,0.001,-1,0.08,4,False,False,2.453269466693398e-16,2.416803853614061e-16,-3.6465613079336964e-18,3.2771392121234435e-17,4.6250913423003154e-17,4.6106936388027494e-17,0.11127270072762284,0.8887272992723771,0.9937837795067956,-3.646561307933696e-15,1.4587589110782714e-15,3.4211388289180104e-49,-2.465190328815662e-32
C,lambda_1,yoshida4,0.001,1,0.08,4,False,False,2.453269466693398e-16,2.416803853614061e-16,-3.6465613079336964e-18,3.2771392121234423e-17,4.6250913423003154e-17,4.61069363880275e-17,0.11127270072762288,0.8887272992723771,0.9937837795067959,-3.646561307933696e-15,1.4587589110782715e-15,0.0,-1.232595164407831e-32
C,lambda_1,yoshida4,0.001,-1,0.12,4,False,False,3.2710259555911977e-16,3.330825355400632e-16,5.979939980943449e-18,1.6011381257560552e-17,1.9191534343581736e-17,1.8236099042426573e-17,0.3734805813907985,0.6265194186092016,0.9029100549751196,5.979939980943449e-15,5.76964640581789e-16,0.0,0.0
C,lambda_1,yoshida4,0.001,1,0.12,4,False,False,3.2710259555911977e-16,3.330825355400632e-16,5.979939980943449e-18,1.6011381257560564e-17,1.9191534343581742e-17,1.8236099042426582e-17,0.3734805813907982,0.6265194186092018,0.9029100549751199,5.979939980943449e-15,5.769646405817893e-16,-8.552847072295026e-50,-1.232595164407831e-32
C,lambda_1,yoshida4,0.001,-1,0.18,4,False,False,-6.542051911182395e-16,-6.541183802747318e-16,8.681084350771594e-20,5.472881513275984e-18,6.923808529344326e-18,6.923264289948111e-18,0.01586199944163459,0.9841380005583654,0.9998427980773306,8.681084350771594e-17,2.1904238858373324e-16,-1.0691058840368783e-50,-2.465190328815662e-32
C,lambda_1,yoshida4,0.001,1,0.18,4,False,False,-6.542051911182395e-16,-6.541183802747318e-16,8.681084350771594e-20,5.472881513275959e-18,6.923808529344321e-18,6.923264289948107e-18,0.015861999441634664,0.9841380005583653,0.9998427980773306,8.681084350771594e-17,2.190423885837331e-16,-1.0691058840368783e-50,-4.930380657631324e-32
C,lambda_1,yoshida4,0.001,-1,0.27,4,False,False,2.9075786271921755e-16,2.896484631616235e-16,-1.1093995575940266e-18,1.101988801417086e-17,1.1238147149020648e-17,1.1183254623080488e-17,0.10067248924557226,0.8993275107544277,0.9902548944340516,-1.1093995575940266e-15,3.538225181344314e-16,0.0,0.0
C,lambda_1,yoshida4,0.001,1,0.27,4,False,False,2.9075786271921755e-16,2.896484631616235e-16,-1.1093995575940266e-18,1.101988801417086e-17,1.1238147149020648e-17,1.1183254623080488e-17,0.10067248924557226,0.8993275107544277,0.9902548944340516,-1.1093995575940266e-15,3.538225181344314e-16,0.0,0.0
C,lambda_1,yoshida4,0.001,-1,0.4,4,False,False,-3.9252311467094373e-16,-3.9319382961316276e-16,-6.707149422190335e-19,4.729331804612914e-18,6.339157542501471e-18,6.3035751613617955e-18,0.1418202337938795,0.8581797662061205,0.9888052893423144,-6.707149422190335e-16,1.9943629220777988e-16,1.6036588260553174e-50,-1.232595164407831e-32
C,lambda_1,yoshida4,0.001,1,0.4,4,False,False,-3.9252311467094373e-16,-3.931938296131628e-16,-6.707149422190828e-19,4.7293318046129016e-18,6.339157542501468e-18,6.3035751613617924e-18,0.1418202337938903,0.8581797662061097,0.9888052893423139,-6.707149422190828e-16,1.994362922077798e-16,-3.207317652110635e-50,2.465190328815662e-32
C,lambda_1,yoshida4,0.01,-1,0.05,4,False,False,-4.906538933386797e-16,-4.832816943727061e-16,7.372198965973607e-18,2.2229179358162447e-16,2.5497508619836136e-16,2.5486848621253257e-16,0.03316451249589909,0.9668354875041009,0.9991640147768439,7.372198965973607e-16,2.5615246656146633e-15,0.0,1.232595164407831e-32
C,lambda_1,yoshida4,0.01,1,0.05,4,False,False,-4.906538933386797e-16,-4.832816943727061e-16,7.372198965973607e-18,2.2229179358162443e-16,2.549750861983613e-16,2.548684862125325e-16,0.0331645124958991,0.9668354875041009,0.9991640147768439,7.372198965973607e-16,2.5615246656146633e-15,0.0,2.465190328815662e-32
C,lambda_1,yoshida4,0.01,-1,0.08,4,False,False,2.453269466693398e-16,2.7199850801594713e-16,2.667156134660732e-17,1.1087348671524381e-16,1.5880313478771427e-16,1.5654732011037147e-16,0.2405585152662137,0.7594414847337863,0.971791581546531,2.667156134660732e-15,1.5733597658841224e-15,-5.473822126268817e-48,2.465190328815662e-32
C,lambda_1,yoshida4,0.01,1,0.08,4,False,False,2.453269466693398e-16,2.7199850801594713e-16,2.667156134660732e-17,1.1087348671524381e-16,1.5880313478771427e-16,1.5654732011037147e-16,0.2405585152662137,0.7594414847337863,0.971791581546531,2.667156134660732e-15,1.5733597658841224e-15,-5.473822126268817e-48,2.465190328815662e-32
C,lambda_1,yoshida4,0.01,-1,0.12,4,False,False,3.2710259555911977e-16,3.1929659045517605e-16,-7.806005103943717e-18,8.85532934936815e-17,1.0507616619404547e-16,1.0478581481458199e-16,0.08815036455420706,0.9118496354457929,0.9944811419429089,-7.806005103943717e-16,1.0531370639140384e-15,-1.3684555315672042e-48,1.232595164407831e-32
C,lambda_1,yoshida4,0.01,1,0.12,4,False,False,3.2710259555911977e-16,3.1929659045517605e-16,-7.806005103943717e-18,8.855329349368154e-17,1.0507616619404548e-16,1.0478581481458199e-16,0.08815036455420702,0.911849635445793,0.9944811419429088,-7.806005103943717e-16,1.0531370639140386e-15,0.0,0.0
C,lambda_1,yoshida4,0.01,-1,0.18,4,False,False,-6.542051911182395e-16,-6.578678861989832e-16,-3.662695080743712e-18,1.6746798903108372e-17,2.1900405035922276e-17,2.1591952331434633e-17,0.218710160785646,0.781289839214354,0.9720296927907512,-3.6626950807437123e-16,2.1700728598366113e-16,1.7105694144590052e-49,-2.465190328815662e-32
C,lambda_1,yoshida4,0.01,1,0.18,4,False,False,-6.542051911182395e-16,-6.578678861989832e-16,-3.662695080743712e-18,1.6746798903108396e-17,2.190040503592229e-17,2.159195233143465e-17,0.2187101607856457,0.7812898392143544,0.9720296927907517,-3.6626950807437123e-16,2.170072859836613e-16,0.0,0.0
C,lambda_1,yoshida4,0.01,-1,0.27,4,False,False,2.9075786271921755e-16,2.902440932785891e-16,-5.137694406284391e-19,3.373972632091079e-17,3.449450487607727e-17,3.449067856113583e-17,0.015227433552418044,0.9847725664475819,0.9997781616093621,-5.137694406284391e-17,3.46644362278917e-16,0.0,0.0
C,lambda_1,yoshida4,0.01,1,0.27,4,False,False,2.9075786271921755e-16,2.902440932785891e-16,-5.137694406284391e-19,3.37397263209108e-17,3.449450487607728e-17,3.449067856113584e-17,0.015227433552418037,0.9847725664475819,0.999778161609362,-5.137694406284391e-17,3.466443622789171e-16,1.7105694144590052e-49,-1.232595164407831e-32
C,lambda_1,yoshida4,0.01,-1,0.4,4,False,False,-3.9252311467094373e-16,-3.874927172361533e-16,5.030397434790423e-18,8.262039836651386e-18,8.418639045898669e-18,6.7504507281501925e-18,0.6088565940429124,0.39114340595708763,0.6429567569800647,5.030397434790423e-16,6.784458251835027e-17,1.22947176664241e-49,1.232595164407831e-32
C,lambda_1,yoshida4,0.01,1,0.4,4,False,False,-3.9252311467094373e-16,-3.8749271723615326e-16,5.030397434790472e-18,8.26203983665141e-18,8.418639045898692e-18,6.7504507281502025e-18,0.6088565940429165,0.3911434059570835,0.6429567569800633,5.030397434790472e-16,6.784458251835037e-17,-1.282927060844254e-49,-1.232595164407831e-32
C,lambda_1,yoshida4,0.05,-1,0.05,4,False,False,-4.906538933386797e-16,-3.595721300805504e-16,1.3108176325812933e-16,5.232691711003382e-16,6.272534753429792e-16,6.134040215640791e-16,0.25050541957686645,0.7494945804231335,0.9563284710498882,2.6216352651625864e-15,2.8144906753255416e-15,0.0,2.465190328815662e-32
C,lambda_1,yoshida4,0.05,1,0.05,4,False,False,-4.906538933386797e-16,-3.5957213008055044e-16,1.3108176325812928e-16,5.232691711003382e-16,6.272534753429791e-16,6.13404021564079e-16,0.25050541957686634,0.7494945804231337,0.9563284710498882,2.6216352651625856e-15,2.8144906753255416e-15,0.0,2.465190328815662e-32
C,lambda_1,yoshida4,0.05,-1,0.08,4,False,False,2.453269466693398e-16,1.5376521290062307e-16,-9.156173376871675e-17,2.2910678183056793e-16,3.2698010832377054e-16,3.1389877372919336e-16,0.39964654488678425,0.6003534551132157,0.921587491323356,-1.831234675374335e-15,1.4402663507230461e-15,1.0947644252537633e-47,-6.162975822039155e-33
C,lambda_1,yoshida4,0.05,1,0.08,4,False,False,2.453269466693398e-16,2.4050138669946347e-16,-4.825559969876343e-18,2.2910678183056783e-16,3.0732914806892926e-16,3.072912612225589e-16,0.02106249291845497,0.978937507081545,0.999753459694235,-9.651119939752686e-17,1.4099490041076772e-15,2.1895288505075267e-47,-2.465190328815662e-32
C,lambda_1,yoshida4,0.05,-1,0.12,4,False,False,3.2710259555911977e-16,3.2066851559928463e-16,-6.43407995983514e-18,1.5129341068708862e-16,1.7326863412050103e-16,1.7314913278747457e-16,0.04252716579403695,0.9574728342059631,0.9986210992623913,-1.286815991967028e-16,7.944627073497965e-16,0.0,1.8488927466117464e-32
C,lambda_1,yoshida4,0.05,1,0.12,4,False,False,3.2710259555911977e-16,3.2066851559928463e-16,-6.43407995983514e-18,1.5129341068708864e-16,1.7326863412050105e-16,1.731491327874746e-16,0.042527165794036946,0.9574728342059631,0.9986210992623913,-1.286815991967028e-16,7.944627073497965e-16,0.0,-6.162975822039155e-33
C,lambda_1,yoshida4,0.05,-1,0.18,4,False,False,-6.542051911182395e-16,-6.413370311985693e-16,1.286815991967028e-17,1.0980908071043671e-16,1.2172015627337213e-16,1.2103803907654784e-16,0.11718666467669678,0.8828133353233032,0.9888234466265193,2.573631983934056e-16,5.553606112199991e-16,0.0,0.0
C,lambda_1,yoshida4,0.05,1,0.18,4,False,False,-6.542051911182395e-16,-6.027876206213069e-16,5.141757049693267e-17,1.0980908071043669e-16,1.2136023060522385e-16,1.099297003395628e-16,0.4682451593645455,0.5317548406354544,0.8204975757201954,1.0283514099386534e-15,5.043920575514348e-16,-2.7369110631344083e-48,-2.465190328815662e-32
C,lambda_1,yoshida4,0.05,-1,0.27,4,False,False,2.9075786271921755e-16,2.5933907348118915e-16,-3.14187892380284e-17,4.856549961789106e-17,5.4776438182787217e-17,4.4870010728871695e-17,0.6469363948734922,0.3530636051265078,0.6710034741473895,-6.28375784760568e-16,2.058777288028816e-16,-1.3684555315672042e-48,1.8488927466117464e-32
C,lambda_1,yoshida4,0.05,1,0.27,4,False,False,2.9075786271921755e-16,2.5933907348118915e-16,-3.14187892380284e-17,4.856549961789106e-17,5.4776438182787217e-17,4.4870010728871695e-17,0.6469363948734922,0.3530636051265078,0.6710034741473895,-6.28375784760568e-16,2.058777288028816e-16,-1.3684555315672042e-48,1.8488927466117464e-32
C,lambda_1,yoshida4,0.05,-1,0.4,4,False,False,-3.9252311467094373e-16,-3.5010774919960535e-16,4.241536547133838e-17,5.432062525308335e-17,6.493443284718064e-17,4.916723849391797e-17,0.7808335282173652,0.21916647178263482,0.5733258582489004,8.483073094267676e-16,2.255947620294225e-16,-1.0263416486754031e-48,-1.232595164407831e-32
C,lambda_1,yoshida4,0.05,1,0.4,4,False,False,-3.9252311467094373e-16,-3.501077491996054e-16,4.241536547133833e-17,5.432062525308333e-17,6.493443284718062e-17,4.916723849391797e-17,0.7808335282173646,0.21916647178263537,0.5733258582489006,8.483073094267666e-16,2.255947620294225e-16,1.3684555315672042e-48,1.232595164407831e-32
C,lambda_1.772983346207417,yoshida4,0.001,-1,0.05,4,True,True,-8.797644719104493e-08,-8.780049430111529e-08,1.7595288992964606e-10,2.0065167651818427e-08,2.656647477999631e-08,2.65658920952545e-08,0.008769071506546827,0.9912309284934532,0.999956134311639,1.7595288992964606e-07,8.405076298836305e-07,0.0,-1.6543612251060553e-24
C,lambda_1.772983346207417,yoshida4,0.001,1,0.05,4,True,True,-8.797644719104493e-08,-8.780049430111529e-08,1.7595288992964606e-10,2.006516765181842e-08,2.6566474779996308e-08,2.6565892095254493e-08,0.00876907150654683,0.9912309284934532,0.9999561343116389,1.7595288992964606e-07,8.405076298836304e-07,9.860761315262648e-32,-4.963083675318166e-24
C,lambda_1.772983346207417,yoshida4,0.001,-1,0.08,4,True,True,-5.658439724653009e-07,-5.647122845142142e-07,1.131687951086752e-09,1.3599001765198225e-07,1.7381159861874438e-07,1.738079143675134e-07,0.008321845754759015,0.991678154245241,0.9999576068316145,1.131687951086752e-06,5.4990390548996995e-06,0.0,-2.6469779601696886e-23
C,lambda_1.772983346207417,yoshida4,0.001,1,0.08,4,True,True,-5.658439724653009e-07,-5.647122845142142e-07,1.131687951086752e-09,1.3599001765198227e-07,1.738115986187444e-07,1.7380791436751343e-07,0.008321845754759014,0.991678154245241,0.9999576068316145,1.131687951086752e-06,5.4990390548997e-06,0.0,0.0
C,lambda_1.772983346207417,yoshida4,0.001,-1,0.12,4,True,True,-2.7540706521341513e-06,-2.7485625108297564e-06,5.508141304394823e-09,7.158260913449282e-07,8.768536109990902e-07,8.768363105514703e-07,0.0076948037672751836,0.9923051962327248,0.999960540102173,5.508141304394823e-06,2.774187317086831e-05,0.0,-5.293955920339377e-23
C,lambda_1.772983346207417,yoshida4,0.001,1,0.12,4,True,True,-2.7540706521341513e-06,-2.7485625108297564e-06,5.508141304394823e-09,7.15826091344928e-07,8.7685361099909e-07,8.768363105514702e-07,0.007694803767275185,0.9923051962327248,0.9999605401021731,5.508141304394823e-06,2.7741873170868306e-05,-1.0097419586828951e-28,-1.5881867761018131e-22
C,lambda_1.772983346207417,yoshida4,0.001,-1,0.18,4,True,True,-1.270324563765307e-05,-1.2677839146380225e-05,2.5406491272844285e-08,3.7977770411872234e-06,4.40389421703927e-06,4.403820930177921e-06,0.006689832235359967,0.99331016776464,0.9999667175241093,2.5406491272844285e-05,0.00013933072825801936,0.0,-8.470329472543003e-22
C,lambda_1.772983346207417,yoshida4,0.001,1,0.18,4,True,True,-1.270324563765307e-05,-1.2677839146380225e-05,2.5406491272844285e-08,3.7977770411872234e-06,4.40389421703927e-06,4.403820930177921e-06,0.006689832235359967,0.99331016776464,0.9999667175241093,2.5406491272844285e-05,0.00013933072825801936,0.0,-8.470329472543003e-22
C,lambda_1.772983346207417,yoshida4,0.001,-1,0.27,4,True,True,-5.068876902915718e-05,-5.058739149109502e-05,1.0137753806216464e-07,2.0129989168954693e-05,2.1888541515234666e-05,2.1888306747186453e-05,0.005036144689959063,0.994963855310041,0.9999785488869567,0.00010137753806216464,0.0006925153787525131,0.0,-3.3881317890172014e-21
C,lambda_1.772983346207417,yoshida4,0.001,1,0.27,4,True,True,-5.068876902915718e-05,-5.058739149109502e-05,1.0137753806216464e-07,2.0129989168954693e-05,2.1888541515234666e-05,2.1888306747186453e-05,0.005036144689959063,0.994963855310041,0.9999785488869567,0.00010137753806216464,0.0006925153787525131,0.0,-2.541098841762901e-21
C,lambda_1.772983346207417,yoshida4,0.001,-1,0.4,4,True,True,-0.00011383767216153647,-0.00011360999681721322,2.2767534432325306e-07,9.870116977273399e-05,0.0001011326386063449,0.0001011323823284073,0.002306713738524991,0.997693286261475,0.9999949318515484,0.00022767534432325306,0.003199686977216884,0.0,3.3881317890172014e-21
C,lambda_1.772983346207417,yoshida4,0.001,1,0.4,4,True,True,-0.00011383767216153647,-0.0001136099968172132,2.2767534432328017e-07,9.870116977273401e-05,0.00010113263860634492,0.00010113238232840733,0.002306713738525265,0.9976932862614747,0.9999949318515484,0.00022767534432328017,0.003199686977216885,0.0,-3.3881317890172014e-21
C,lambda_1.772983346207417,yoshida4,0.01,-1,0.05,4,True,True,-8.797644719104493e-08,-8.621691828705545e-08,1.7595289039894864e-09,6.316516650091569e-08,8.36479610725857e-08,8.362945324248411e-08,0.02785600041066905,0.972143999589331,0.9995575317711018,1.7595289039894864e-07,8.405076297814865e-07,7.888609052210118e-31,-3.308722450212111e-24
C,lambda_1.772983346207417,yoshida4,0.01,1,0.05,4,True,True,-8.797644719104493e-08,-8.621691828705545e-08,1.7595289039894864e-09,6.316516650091569e-08,8.36479610725857e-08,8.362945324248411e-08,0.02785600041066905,0.972143999589331,0.9995575317711018,1.7595289039894864e-07,8.405076297814865e-07,7.888609052210118e-31,-3.308722450212111e-24
C,lambda_1.772983346207417,yoshida4,0.01,-1,0.08,4,True,True,-5.658439724653009e-07,-5.545270930050395e-07,1.131687946026143e-08,4.2809670327865693e-07,5.472645009421967e-07,5.471474775878926e-07,0.026435334291502452,0.9735646657084975,0.9995723791974094,1.131687946026143e-06,5.499039054995243e-06,0.0,5.293955920339377e-23
C,lambda_1.772983346207417,yoshida4,0.01,1,0.08,4,True,True,-5.658439724653009e-07,-5.545270930050394e-07,1.1316879460261536e-08,4.28096703278657e-07,5.472645009421967e-07,5.471474775878926e-07,0.0264353342915027,0.9735646657084973,0.9995723791974094,1.1316879460261536e-06,5.499039054995243e-06,0.0,-2.6469779601696886e-23
C,lambda_1.772983346207417,yoshida4,0.01,-1,0.12,4,True,True,-2.7540706521341513e-06,-2.698989239083797e-06,5.508141305035434e-08,2.2534212075224858e-06,2.7608310487420295e-06,2.760281528691302e-06,0.024443460843662407,0.9755565391563376,0.9996019565468737,5.508141305035434e-06,2.7741873170962645e-05,-1.6155871338926322e-27,-2.117582368135751e-22
C,lambda_1.772983346207417,yoshida4,0.01,1,0.12,4,True,True,-2.7540706521341513e-06,-2.698989239083797e-06,5.508141305035434e-08,2.2534212075224858e-06,2.7608310487420295e-06,2.760281528691302e-06,0.024443460843662407,0.9755565391563376,0.9996019565468737,5.508141305035434e-06,2.7741873170962645e-05,-1.6155871338926322e-27,-2.117582368135751e-22
C,lambda_1.772983346207417,yoshida4,0.01,-1,0.18,4,True,True,-1.270324563765307e-05,-1.2449180724877435e-05,2.5406491277563444e-07,1.1955405690542847e-05,1.3865560290349473e-05,1.3863232421964673e-05,0.021251049052781943,0.978748950947218,0.9996642511481872,2.5406491277563444e-05,0.0001393307282580205,0.0,0.0
C,lambda_1.772983346207417,yoshida4,0.01,1,0.18,4,True,True,-1.270324563765307e-05,-1.2449180724877436e-05,2.5406491277563275e-07,1.1955405690542846e-05,1.3865560290349471e-05,1.386323242196467e-05,0.021251049052781804,0.9787489509472181,0.9996642511481871,2.5406491277563275e-05,0.00013933072825802047,2.5849394142282115e-26,8.470329472543003e-22
C,lambda_1.772983346207417,yoshida4,0.01,-1,0.27,4,True,True,-5.068876902915718e-05,-4.9674993648581465e-05,1.0137753805757168e-06,6.336922479941625e-05,6.891186750936495e-05,6.89044101861848e-05,0.01599791355795559,0.9840020864420445,0.9997835809723006,0.00010137753805757168,0.0006925153787524776,0.0,3.3881317890172014e-21
C,lambda_1.772983346207417,yoshida4,0.01,1,0.27,4,True,True,-5.068876902915718e-05,-4.9674993648581465e-05,1.0137753805757168e-06,6.336922479941623e-05,6.891186750936494e-05,6.89044101861848e-05,0.015997913557955594,0.9840020864420445,0.9997835809723006,0.00010137753805757168,0.0006925153787524776,0.0,-3.3881317890172014e-21
C,lambda_1.772983346207417,yoshida4,0.01,-1,0.4,4,True,True,-0.00011383767216153647,-0.00011156091871830098,2.2767534432354986e-06,0.00031071137509307853,0.0003183729753806763,0.0003183648345004571,0.00732755098700027,0.9926724490129998,0.9999488601309375,0.00022767534432354986,0.0031996869772170002,0.0,2.710505431213761e-20
C,lambda_1.772983346207417,yoshida4,0.01,1,0.4,4,True,True,-0.00011383767216153647,-0.00011156091871830092,2.276753443235553e-06,0.00031071137509307853,0.0003183729753806764,0.0003183648345004572,0.007327550987000444,0.9926724490129996,0.9999488601309376,0.00022767534432355528,0.003199686977217001,-1.3234889800848443e-23,2.710505431213761e-20
C,lambda_1.772983346207417,yoshida4,0.05,-1,0.05,4,True,True,-8.797644719104493e-08,-7.917880250710419e-08,8.79764468394074e-09,1.3835882113256647e-07,1.8339552789391973e-07,1.8318439098215934e-07,0.06358571583601023,0.9364142841639898,0.9976987947647237,1.759528936788148e-07,8.4050762981608e-07,0.0,1.3234889800848443e-23
C,lambda_1.772983346207417,yoshida4,0.05,1,0.05,4,True,True,-8.797644719104493e-08,-7.917880250710418e-08,8.797644683940753e-09,1.3835882113256647e-07,1.8339552789391973e-07,1.8318439098215937e-07,0.06358571583601033,0.9364142841639896,0.9976987947647239,1.7595289367881506e-07,8.405076298160801e-07,-6.310887241768095e-30,6.617444900424222e-24
C,lambda_1.772983346207417,yoshida4,0.05,-1,0.08,4,True,True,-5.658439724653009e-07,-5.092595752202152e-07,5.6584397245085764e-08,9.377154916813064e-07,1.1998227969577622e-06,1.1984877763615104e-06,0.06034282012727655,0.9396571798727235,0.9977758751154026,1.1316879449017153e-06,5.499039054977472e-06,2.0194839173657902e-28,1.0587911840678754e-22
C,lambda_1.772983346207417,yoshida4,0.05,1,0.08,4,True,True,-5.658439724653009e-07,-5.092595752202152e-07,5.6584397245085764e-08,9.377154916813064e-07,1.1998227969577622e-06,1.1984877763615104e-06,0.06034282012727655,0.9396571798727235,0.9977758751154026,1.1316879449017153e-06,5.499039054977472e-06,2.0194839173657902e-28,1.0587911840678754e-22
C,lambda_1.772983346207417,yoshida4,0.05,-1,0.12,4,True,True,-2.7540706521341513e-06,-2.478663586900414e-06,2.754070652337371e-07,4.935959467489424e-06,6.052470287835306e-06,6.0462010827914525e-06,0.05579605485978946,0.9442039451402106,0.9979294542904283,5.508141304674742e-06,2.7741873170751724e-05,6.462348535570529e-27,-1.5881867761018131e-22
C,lambda_1.772983346207417,yoshida4,0.05,1,0.12,4,True,True,-2.7540706521341513e-06,-2.478663586900414e-06,2.754070652337371e-07,4.935959467489424e-06,6.052470287835306e-06,6.0462010827914525e-06,0.05579605485978946,0.9442039451402106,0.9979294542904283,5.508141304674742e-06,2.7741873170751724e-05,6.462348535570529e-27,-1.5881867761018131e-22
C,lambda_1.772983346207417,yoshida4,0.05,-1,0.18,4,True,True,-1.270324563765307e-05,-1.1432921073877061e-05,1.2703245637760082e-06,2.6187468952211077e-05,3.039298746011852e-05,3.0366428210337628e-05,0.04850887140312013,0.9514911285968799,0.9982530414117421,2.5406491275520163e-05,0.00013933072825804673,0.0,0.0
C,lambda_1.772983346207417,yoshida4,0.05,1,0.18,4,True,True,-1.270324563765307e-05,-1.1432921073877061e-05,1.2703245637760082e-06,2.6187468952211077e-05,3.039298746011852e-05,3.0366428210337628e-05,0.04850887140312013,0.9514911285968799,0.9982530414117421,2.5406491275520163e-05,0.00013933072825804673,0.0,0.0
C,lambda_1.772983346207417,yoshida4,0.05,-1,0.27,4,True,True,-5.068876902915718e-05,-4.561989212624327e-05,5.068876902913909e-06,0.00013880579629951736,0.0001510153208418677,0.0001509302276415011,0.036517761059316325,0.9634822389406836,0.9988733695893742,0.00010137753805827818,0.0006925153787525185,0.0,-6.776263578034403e-21
C,lambda_1.772983346207417,yoshida4,0.05,1,0.27,4,True,True,-5.068876902915718e-05,-4.561989212625612e-05,5.068876902901061e-06,0.0001388057962995045,0.00015101532084186052,0.00015093022764149435,0.03651776105922715,0.9634822389407729,0.9988733695893798,0.00010137753805802122,0.0006925153787524875,0.0,-6.776263578034403e-21
C,lambda_1.772983346207417,yoshida4,0.05,-1,0.4,4,True,True,-0.00011383767216153647,-0.00010245390494538384,1.1383767216152638e-05,0.0006805912487587321,0.0006974485184472074,0.0006973556092326016,0.0167262909079634,0.9832737090920366,0.9997335917310296,0.00022767534432305275,0.0031996869772170002,0.0,5.421010862427522e-20
C,lambda_1.772983346207417,yoshida4,0.05,1,0.4,4,True,True,-0.00011383767216153647,-0.00010245390494539251,1.1383767216143964e-05,0.0006805912487587407,0.0006974485184472138,0.0006973556092326082,0.016726290907950445,0.9832737090920496,0.9997335917310298,0.00022767534432287928,0.00319968697721703,0.0,5.421010862427522e-20
C,lambda_1.842983346207417,yoshida4,0.001,-1,0.05,4,True,True,-3.0647404046353394e-08,-3.0586109245613785e-08,6.129480073960967e-11,2.624512623634255e-08,3.47480911894532e-08,3.4748037128130816e-08,0.002335473648998213,0.9976645263510018,0.9999968883884851,6.129480073960967e-08,1.0993792425623353e-06,0.0,0.0
C,lambda_1.842983346207417,yoshida4,0.001,1,0.05,4,True,True,-3.0647404046353394e-08,-3.0586109245613805e-08,6.129480073958982e-11,2.624512623634253e-08,3.474809118945317e-08,3.474803712813078e-08,0.0023354736489974584,0.9976645263510026,0.9999968883884851,6.129480073958982e-08,1.0993792425623345e-06,0.0,0.0
C,lambda_1.842983346207417,yoshida4,0.001,-1,0.08,4,True,True,-1.8651723136419462e-07,-1.8614419690559852e-07,3.7303445859609533e-10,1.7779918981823244e-07,2.2724423854418906e-07,2.2724393236524708e-07,0.0020980661327954066,0.9979019338672046,0.9999973052893426,3.7303445859609533e-07,7.1896798463571446e-06,1.262177448353619e-29,0.0
C,lambda_1.842983346207417,yoshida4,0.001,1,0.08,4,True,True,-1.8651723136419462e-07,-1.8614419690559868e-07,3.730344585959365e-10,1.777991898182323e-07,2.2724423854418885e-07,2.272439323652469e-07,0.0020980661327945145,0.9979019338672055,0.9999973052893429,3.730344585959365e-07,7.189679846357139e-06,0.0,0.0
C,lambda_1.842983346207417,yoshida4,0.001,-1,0.12,4,True,True,-7.966683699474978e-07,-7.950750332100412e-07,1.593336737456617e-09,9.350898544429985e-07,1.1454200135847546e-06,1.145418905378526e-06,0.001703939712195588,0.9982960602878044,0.9999980649793448,1.593336737456617e-06,3.623945041753677e-05,0.0,-5.293955920339377e-23
C,lambda_1.842983346207417,yoshida4,0.001,1,0.12,4,True,True,-7.966683699474978e-07,-7.950750332100418e-07,1.5933367374559818e-09,9.35089854442998e-07,1.1454200135847538e-06,1.1454189053785252e-06,0.0017039397121949094,0.998296060287805,0.9999980649793446,1.5933367374559818e-06,3.6239450417536734e-05,2.0194839173657902e-28,0.0
C,lambda_1.842983346207417,yoshida4,0.001,-1,0.18,4,True,True,-2.383589607628803e-06,-2.3788224284168525e-06,4.7671792119505064e-09,4.951319489438656e-06,5.741446029986423e-06,5.741444050868146e-06,0.0009628098574771983,0.9990371901425228,0.9999993105855475,4.7671792119505064e-06,0.00018165125093490395,-6.462348535570529e-27,-4.235164736271502e-22
C,lambda_1.842983346207417,yoshida4,0.001,1,0.18,4,True,True,-2.383589607628803e-06,-2.3788224284168537e-06,4.767179211949236e-09,4.951319489438654e-06,5.741446029986421e-06,5.741444050868144e-06,0.000962809857476942,0.999037190142523,0.9999993105855473,4.767179211949236e-06,0.0001816512509349039,0.0,-6.352747104407253e-22
C,lambda_1.842983346207417,yoshida4,0.001,-1,0.27,4,True,True,5.93225594111524e-06,5.9203914292309844e-06,-1.186451188425534e-08,2.61265466925971e-05,2.8408655033291053e-05,2.840865255576003e-05,0.0004541171102270904,0.9995458828897729,0.9999998255791474,-1.186451188425534e-05,0.0008988099907284766,0.0,0.0
C,lambda_1.842983346207417,yoshida4,0.001,1,0.27,4,True,True,5.93225594111524e-06,5.920391429230991e-06,-1.1864511884248564e-08,2.6126546692597107e-05,2.8408655033291063e-05,2.8408652555760038e-05,0.0004541171102268309,0.9995458828897732,0.9999998255791474,-1.1864511884248564e-05,0.0008988099907284769,0.0,0.0
C,lambda_1.842983346207417,yoshida4,0.001,-1,0.4,4,True,True,0.0001979429191735408,0.00019754703333519453,-3.958858383462649e-07,0.0001268307092213991,0.00012995541311414783,0.00012995481011517744,0.0031213721091411387,0.9968786278908589,0.9999907199314445,-0.0003958858383462649,0.004111588236910613,0.0,1.3552527156068805e-20
C,lambda_1.842983346207417,yoshida4,0.001,1,0.4,4,True,True,0.0001979429191735408,0.00019754703333519461,-3.958858383461836e-07,0.00012683070922139917,0.0001299554131141479,0.00012995481011517752,0.0031213721091404955,0.9968786278908595,0.9999907199314445,-0.0003958858383461836,0.0041115882369106155,0.0,0.0
C,lambda_1.842983346207417,yoshida4,0.01,-1,0.05,4,True,True,-3.0647404046353394e-08,-3.003445589529692e-08,6.129481510564712e-10,8.261968205988846e-08,1.0938857081071672e-07,1.0938685349974787e-07,0.007418912004674189,0.9925810879953259,0.9999686018845308,6.129481510564712e-08,1.0993792425946608e-06,0.0,-6.617444900424222e-24
C,lambda_1.842983346207417,yoshida4,0.01,1,0.05,4,True,True,-3.0647404046353394e-08,-3.0034455895296917e-08,6.129481510564778e-10,8.261968205988848e-08,1.0938857081071674e-07,1.0938685349974789e-07,0.007418912004674268,0.9925810879953257,0.9999686018845307,6.129481510564778e-08,1.099379242594661e-06,1.5777218104420236e-30,3.308722450212111e-24
C,lambda_1.842983346207417,yoshida4,0.01,-1,0.08,4,True,True,-1.8651723136419462e-07,-1.8278688676764994e-07,3.730344596544683e-09,5.597120164771166e-07,7.15373838479055e-07,7.153641123997262e-07,0.006664757029916643,0.9933352429700834,0.9999728085856968,3.730344596544683e-07,7.189679846410663e-06,0.0,1.3234889800848443e-23
C,lambda_1.842983346207417,yoshida4,0.01,1,0.08,4,True,True,-1.8651723136419462e-07,-1.8278688676764994e-07,3.730344596544683e-09,5.597120164771166e-07,7.15373838479055e-07,7.153641123997262e-07,0.006664757029916643,0.9933352429700834,0.9999728085856968,3.730344596544683e-07,7.189679846410663e-06,0.0,1.3234889800848443e-23
C,lambda_1.842983346207417,yoshida4,0.01,-1,0.12,4,True,True,-7.966683699474978e-07,-7.807350025611979e-07,1.5933367386299906e-08,2.9436637395907053e-06,3.6058149926596354e-06,3.60577978932335e-06,0.0054127674883529065,0.994587232511647,0.9999804742259304,1.5933367386299906e-06,3.6239450417673614e-05,0.0,7.940933880509066e-23
C,lambda_1.842983346207417,yoshida4,0.01,1,0.12,4,True,True,-7.966683699474978e-07,-7.80735002561197e-07,1.5933367386300753e-08,2.943663739590706e-06,3.6058149926596367e-06,3.605779789323351e-06,0.005412767488353193,0.9945872325116468,0.9999804742259305,1.5933367386300753e-06,3.623945041767363e-05,-1.6155871338926322e-27,7.940933880509066e-23
C,lambda_1.842983346207417,yoshida4,0.01,-1,0.18,4,True,True,-2.383589607628803e-06,-2.335917815490156e-06,4.767179213864716e-08,1.5586758400430326e-05,1.807413413044049e-05,1.807407126148915e-05,0.0030584802121094673,0.9969415197878906,0.9999930432250261,4.767179213864716e-06,0.00018165125093486367,0.0,6.352747104407253e-22
C,lambda_1.842983346207417,yoshida4,0.01,1,0.18,4,True,True,-2.383589607628803e-06,-2.335917815490155e-06,4.767179213864801e-08,1.558675840043033e-05,1.807413413044049e-05,1.8074071261489155e-05,0.0030584802121095206,0.9969415197878905,0.9999930432250264,4.767179213864801e-06,0.0001816512509348637,-5.169878828456423e-26,-6.352747104407253e-22
C,lambda_1.842983346207417,yoshida4,0.01,-1,0.27,4,True,True,5.93225594111524e-06,5.813610822283472e-06,-1.1864511883176814e-07,8.224639351268043e-05,8.943054361376947e-05,8.943046491207625e-05,0.0014425570990353016,0.9985574429009647,0.9999982399378241,-1.1864511883176814e-05,0.0008988099907284873,0.0,1.6940658945086007e-21
C,lambda_1.842983346207417,yoshida4,0.01,1,0.27,4,True,True,5.93225594111524e-06,5.813610822283472e-06,-1.1864511883176814e-07,8.224639351268043e-05,8.943054361376947e-05,8.943046491207625e-05,0.0014425570990353016,0.9985574429009647,0.9999982399378241,-1.1864511883176814e-05,0.0008988099907284873,0.0,1.6940658945086007e-21
C,lambda_1.842983346207417,yoshida4,0.01,-1,0.4,4,True,True,0.0001979429191735408,0.0001939840607900642,-3.958858383476608e-06,0.0003992631916820153,0.0004091170188048071,0.00040909786422814833,0.009915410350748178,0.9900845896492518,0.9999063635714168,-0.00039588583834766083,0.00411158823691068,0.0,0.0
C,lambda_1.842983346207417,yoshida4,0.01,1,0.4,4,True,True,0.0001979429191735408,0.00019398406079006424,-3.958858383476554e-06,0.00039926319168201533,0.00040911701880480723,0.00040909786422814844,0.009915410350748041,0.990084589649252,0.9999063635714168,-0.0003958858383476554,0.0041115882369106805,0.0,5.421010862427522e-20
C,lambda_1.842983346207417,yoshida4,0.05,-1,0.05,4,True,True,-3.0647404046353394e-08,-2.7582663508632576e-08,3.0647405377208186e-09,1.8097255856382094e-07,2.3962375045087344e-07,2.3960415093561906e-07,0.01693483565708677,0.9830651643429132,0.9998364209418543,6.129481075441637e-08,1.0993792425065578e-06,0.0,-1.3234889800848443e-23
C,lambda_1.842983346207417,yoshida4,0.05,1,0.05,4,True,True,-3.0647404046353394e-08,-2.758266350863259e-08,3.0647405377208054e-09,1.8097255856382094e-07,2.396237504508734e-07,2.39604150935619e-07,0.016934835657086696,0.9830651643429134,0.9998364209418543,6.129481075441611e-08,1.0993792425065578e-06,0.0,-6.617444900424222e-24
C,lambda_1.842983346207417,yoshida4,0.05,-1,0.08,4,True,True,-1.8651723136419462e-07,-1.678655082201598e-07,1.865172314403483e-08,1.2260095084280318e-06,1.5670653977221315e-06,1.5669543943464917e-06,0.015213359289480347,0.9847866407105197,0.9998583346370502,3.730344628806966e-07,7.18967984641404e-06,0.0,5.293955920339377e-23
C,lambda_1.842983346207417,yoshida4,0.05,1,0.08,4,True,True,-1.8651723136419462e-07,-1.6786550826352788e-07,1.8651723100666744e-08,1.2260095083846637e-06,1.5670653977146916e-06,1.5669543943395674e-06,0.015213359254645125,0.9847866407453548,0.9998583346377076,3.730344620133349e-07,7.18967984638227e-06,0.0,5.293955920339377e-23
C,lambda_1.842983346207417,yoshida4,0.05,-1,0.12,4,True,True,-7.966683699474978e-07,-7.170015329915067e-07,7.966683695599107e-08,6.447886820550288e-06,7.898606884588656e-06,7.898205107007589e-06,0.012355495555859025,0.987644504444141,0.9998982688040183,1.5933367391198213e-06,3.6239450417687295e-05,-1.2924697071141057e-26,-6.352747104407253e-22
C,lambda_1.842983346207417,yoshida4,0.05,1,0.12,4,True,True,-7.966683699474978e-07,-7.170015329915063e-07,7.966683695599149e-08,6.447886820550289e-06,7.898606884588657e-06,7.89820510700759e-06,0.012355495555859089,0.9876445044441409,0.9998982688040183,1.5933367391198298e-06,3.62394504176873e-05,-1.2924697071141057e-26,-4.235164736271502e-22
C,lambda_1.842983346207417,yoshida4,0.05,-1,0.18,4,True,True,-2.383589607628803e-06,-2.1452306468649403e-06,2.383589607638627e-07,3.4141689729516174e-05,3.9590689825887e-05,3.958997228965203e-05,0.006981463502604459,0.9930185364973956,0.999963752602652,4.767179215277254e-06,0.00018165125093491452,-2.0679515313825692e-25,-1.6940658945086007e-21
C,lambda_1.842983346207417,yoshida4,0.05,1,0.18,4,True,True,-2.383589607628803e-06,-2.1452306468456656e-06,2.3835896078313735e-07,3.4141689729535446e-05,3.9590689825893976e-05,3.95899722896589e-05,0.006981463503165068,0.9930185364968349,0.9999637526026461,4.767179215662747e-06,0.000181651250934946,0.0,0.0
C,lambda_1.842983346207417,yoshida4,0.05,-1,0.27,4,True,True,5.93225594111524e-06,5.3390303470126235e-06,-5.932255941026163e-07,0.00018015489664621997,0.0001958919941949902,0.00019589109595151224,0.0032928641138606734,0.9967071358861394,0.9999908292176792,-1.1864511882052326e-05,0.0008988099907284963,6.617444900424222e-24,-1.0164395367051604e-20
C,lambda_1.842983346207417,yoshida4,0.05,1,0.27,4,True,True,5.93225594111524e-06,5.339030346999786e-06,-5.93225594115454e-07,0.00018015489664623282,0.00019589199419499704,0.00019589109595151904,0.0032928641139316974,0.9967071358860683,0.9999908292176789,-1.1864511882309079e-05,0.0008988099907285274,0.0,-6.776263578034403e-21
C,lambda_1.842983346207417,yoshida4,0.05,-1,0.4,4,True,True,0.0001979429191735408,0.00017814862725619253,-1.9794291917348266e-05,0.0008745577278232822,0.0008963184762754952,0.0008960998811071879,0.02263348809073471,0.9773665119092653,0.9995122972057956,-0.0003958858383469653,0.004111588236910573,-1.0587911840678754e-22,0.0
C,lambda_1.842983346207417,yoshida4,0.05,1,0.4,4,True,True,0.0001979429191735408,0.00017814862725619248,-1.979429191734832e-05,0.0008745577278232821,0.0008963184762754951,0.0008960998811071879,0.022633488090734774,0.9773665119092653,0.9995122972057957,-0.0003958858383469664,0.004111588236910573,-2.117582368135751e-22,0.0
C,lambda_1.872983346207417,yoshida4,0.001,-1,0.05,4,True,True,1.582198656586401e-09,1.5790342358427333e-09,-3.164420743667693e-12,2.920943702902218e-08,3.8672727212308915e-08,3.8672727082843535e-08,0.00010833556088477703,0.9998916644391153,0.9999999933045642,-3.164420743667693e-09,1.2235509376078385e-06,1.9721522630525295e-31,0.0
C,lambda_1.872983346207417,yoshida4,0.001,1,0.05,4,True,True,1.582198656586401e-09,1.5790342358427217e-09,-3.1644207436792734e-12,2.9209437029022165e-08,3.86727272123089e-08,3.8672727082843515e-08,0.00010833556088517355,0.9998916644391148,0.9999999933045642,-3.1644207436792734e-09,1.223550937607838e-06,1.9721522630525295e-31,8.271806125530277e-25
C,lambda_1.872983346207417,yoshida4,0.001,-1,0.08,4,True,True,2.646466007287983e-08,2.6411730759797287e-08,-5.2929313082542495e-11,1.978440116243292e-07,2.5286308790826425e-07,2.528630823686811e-07,0.0002675305289656474,0.9997324694710343,0.9999999561851184,-5.2929313082542495e-08,8.000233882028548e-06,0.0,-6.617444900424222e-24
C,lambda_1.872983346207417,yoshida4,0.001,1,0.08,4,True,True,2.646466007287983e-08,2.6411730759797208e-08,-5.2929313082621904e-11,1.9784401162432916e-07,2.5286308790826414e-07,2.5286308236868095e-07,0.0002675305289660489,0.999732469471034,0.9999999561851184,-5.2929313082621904e-08,8.000233882028542e-06,0.0,6.617444900424222e-24
C,lambda_1.872983346207417,yoshida4,0.001,-1,0.12,4,True,True,2.9958097263088927e-07,2.989818106780726e-07,-5.991619528166877e-10,1.0401091115087813e-06,1.2740602050744709e-06,1.2740600641882459e-06,0.0005760568253724304,0.9994239431746276,0.9999997788389957,-5.991619528166877e-07,4.0309476566440516e-05,0.0,-3.970466940254533e-23
C,lambda_1.872983346207417,yoshida4,0.001,1,0.12,4,True,True,2.9958097263088927e-07,2.9898181067807237e-07,-5.991619528168995e-10,1.040109111508781e-06,1.2740602050744705e-06,1.2740600641882454e-06,0.0005760568253726341,0.9994239431746273,0.9999997788389957,-5.991619528168995e-07,4.030947656644051e-05,0.0,-3.970466940254533e-23
C,lambda_1.872983346207417,yoshida4,0.001,-1,0.18,4,True,True,3.3649204575469463e-06,3.3581906166316483e-06,-6.729840915297989e-09,5.502580996926771e-06,6.380678639132348e-06,6.380675090076369e-06,0.0012230335035607204,0.9987769664964393,0.9999988875619061,-6.729840915297989e-06,0.00020187562600149274,0.0,-1.0587911840678754e-22
C,lambda_1.872983346207417,yoshida4,0.001,1,0.18,4,True,True,3.3649204575469463e-06,3.358190616631647e-06,-6.72984091529926e-09,5.50258099692677e-06,6.380678639132346e-06,6.3806750900763674e-06,0.0012230335035609513,0.9987769664964391,0.9999988875619062,-6.72984091529926e-06,0.00020187562600149268,-6.462348535570529e-27,1.0587911840678754e-22
C,lambda_1.872983346207417,yoshida4,0.001,-1,0.27,4,True,True,3.713329937194654e-05,3.705903277320594e-05,-7.426659874060118e-08,2.897727308030708e-05,3.150847218173272e-05,3.150838465709305e-05,0.002562925729235463,0.9974370742707646,0.9999944443819674,-7.426659874060118e-05,0.0009968811743508406,0.0,8.470329472543003e-22
C,lambda_1.872983346207417,yoshida4,0.001,1,0.27,4,True,True,3.713329937194654e-05,3.705903277320595e-05,-7.42665987405944e-08,2.8977273080307083e-05,3.150847218173273e-05,3.150838465709305e-05,0.002562925729235229,0.9974370742707648,0.9999944443819674,-7.42665987405944e-05,0.0009968811743508409,0.0,-2.541098841762901e-21
C,lambda_1.872983346207417,yoshida4,0.001,-1,0.4,4,True,True,0.0003664968627667474,0.0003657638690412124,-7.329937255349975e-07,0.0001400435703245387,0.00014349500326056312,0.00014349313112810435,0.005234040547783442,0.9947659594522166,0.9999739068231829,-0.0007329937255349975,0.004539921758193401,0.0,0.0
C,lambda_1.872983346207417,yoshida4,0.001,1,0.4,4,True,True,0.0003664968627667474,0.0003657638690412123,-7.329937255350517e-07,0.00014004357032453864,0.00014349500326056306,0.00014349313112810427,0.005234040547783831,0.9947659594522161,0.9999739068231829,-0.0007329937255350517,0.004539921758193399,0.0,0.0
C,lambda_1.872983346207417,yoshida4,0.01,-1,0.05,4,True,True,1.582198656586401e-09,1.5505546146626023e-09,-3.1644041923798675e-11,9.195133517756976e-08,1.2174178526976088e-07,1.2174178115718192e-07,0.00034413901508542524,0.9996558609849145,0.9999999324376775,-3.1644041923798675e-09,1.2235509375997923e-06,0.0,3.308722450212111e-24
C,lambda_1.872983346207417,yoshida4,0.01,1,0.05,4,True,True,1.582198656586401e-09,1.5505546146626023e-09,-3.1644041923798675e-11,9.195133517756976e-08,1.2174178526976088e-07,1.2174178115718192e-07,0.00034413901508542524,0.9996558609849145,0.9999999324376775,-3.1644041923798675e-09,1.2235509375997923e-06,0.0,3.308722450212111e-24
C,lambda_1.872983346207417,yoshida4,0.01,-1,0.08,4,True,True,2.646466007287983e-08,2.5935366894870726e-08,-5.292931780091041e-10,6.228131343419458e-07,7.960133966306891e-07,7.960132206592164e-07,0.0008498426716198698,0.9991501573283801,0.9999995578681115,-5.292931780091041e-08,8.000233882087879e-06,0.0,5.293955920339377e-23
C,lambda_1.872983346207417,yoshida4,0.01,1,0.08,4,True,True,2.646466007287983e-08,2.593536689487062e-08,-5.2929317800921e-10,6.228131343419457e-07,7.960133966306889e-07,7.960132206592163e-07,0.0008498426716200399,0.99915015732838,0.9999995578681116,-5.2929317800921e-08,8.000233882087879e-06,-1.0097419586828951e-28,0.0
C,lambda_1.872983346207417,yoshida4,0.01,-1,0.12,4,True,True,2.9958097263088927e-07,2.935893531770378e-07,-5.991619453851489e-09,3.2742644594121917e-06,4.0107467534250565e-06,4.010742278008642e-06,0.0018299131081571606,0.9981700868918428,0.9999977682889531,-5.991619453851489e-07,4.030947656657561e-05,3.2311742677852644e-27,2.117582368135751e-22
C,lambda_1.872983346207417,yoshida4,0.01,1,0.12,4,True,True,2.9958097263088927e-07,2.9358935317703884e-07,-5.99161945385043e-09,3.2742644594121926e-06,4.010746753425058e-06,4.010742278008644e-06,0.0018299131081568366,0.9981700868918432,0.9999977682889533,-5.99161945385043e-07,4.030947656657562e-05,0.0,-1.0587911840678754e-22
C,lambda_1.872983346207417,yoshida4,0.01,-1,0.18,4,True,True,3.3649204575469463e-06,3.297622048407907e-06,-6.729840913903943e-08,1.7322130143484796e-05,2.00864839126631e-05,2.0086371172957076e-05,0.003885111622045613,0.9961148883779544,0.9999887746018538,-6.7298409139039425e-06,0.00020187562600154394,-5.169878828456423e-26,-4.235164736271502e-22
C,lambda_1.872983346207417,yoshida4,0.01,1,0.18,4,True,True,3.3649204575469463e-06,3.2976220484079085e-06,-6.729840913903773e-08,1.73221301434848e-05,2.0086483912663105e-05,2.0086371172957076e-05,0.0038851116220455146,0.9961148883779545,0.9999887746018536,-6.729840913903773e-06,0.00020187562600154396,0.0,-4.235164736271502e-22
C,lambda_1.872983346207417,yoshida4,0.01,-1,0.27,4,True,True,3.713329937194654e-05,3.639063338449325e-05,-7.426659874532898e-07,9.122048285709775e-05,9.919120476605912e-05,9.91884244767168e-05,0.00814143889828691,0.9918585611017131,0.9999439415947474,-7.426659874532898e-05,0.000996881174350828,-1.6543612251060553e-24,-1.6940658945086007e-21
C,lambda_1.872983346207417,yoshida4,0.01,1,0.27,4,True,True,3.713329937194654e-05,3.639063338449324e-05,-7.426659874533033e-07,9.122048285709774e-05,9.919120476605911e-05,9.918842447671678e-05,0.008141438898287058,0.9918585611017129,0.9999439415947474,-7.426659874533033e-05,0.0009968811743508279,-1.6543612251060553e-24,5.082197683525802e-21
C,lambda_1.872983346207417,yoshida4,0.01,-1,0.4,4,True,True,0.0003664968627667474,0.0003591669255114197,-7.329937255327694e-06,0.000440857290837269,0.00045177597847636316,0.00045171651148492273,0.016626553326149596,0.9833734466738504,0.9997367585685303,-0.0007329937255327694,0.0045399217581931954,0.0,-2.710505431213761e-20
C,lambda_1.872983346207417,yoshida4,0.01,1,0.4,4,True,True,0.0003664968627667474,0.00035916692551141974,-7.32993725532764e-06,0.00044085729083726905,0.00045177597847636326,0.0004517165114849228,0.01662655332614947,0.9833734466738505,0.9997367585685303,-0.000732993725532764,0.0045399217581931954,0.0,0.0
C,lambda_1.872983346207417,yoshida4,0.05,-1,0.05,4,True,True,1.582198656586401e-09,1.4239788212140592e-09,-1.582198353723418e-10,2.014128837460155e-07,2.6666679141320813e-07,2.6666674447538293e-07,0.0007855497246733195,0.9992144502753266,0.9999996479665063,-3.164396707446836e-09,1.223550937653871e-06,0.0,0.0
C,lambda_1.872983346207417,yoshida4,0.05,1,0.05,4,True,True,1.582198656586401e-09,1.4239787518251201e-09,-1.5821990476128083e-10,2.0141288367662657e-07,2.666667914063162e-07,2.666667444684498e-07,0.0007855500694548759,0.9992144499305451,0.9999996479661974,-3.1643980952256167e-09,1.2235509376220595e-06,0.0,0.0
C,lambda_1.872983346207417,yoshida4,0.05,-1,0.08,4,True,True,2.646466007287983e-08,2.3818194005258193e-08,-2.646466067621637e-09,1.3642280355122232e-06,1.7436125592529379e-06,1.7436105508403912e-06,0.001939900074424123,0.9980600999255759,0.9999976962641394,-5.292932135243274e-08,8.000233882110056e-06,0.0,0.0
C,lambda_1.872983346207417,yoshida4,0.05,1,0.08,4,True,True,2.646466007287983e-08,2.3818194091994367e-08,-2.646465980885463e-09,1.3642280355122232e-06,1.7436125592528061e-06,1.7436105508403912e-06,0.001939900010845182,0.9980600999891548,0.9999976962642902,-5.292931961770926e-08,8.000233882110056e-06,4.0389678347315804e-28,0.0
C,lambda_1.872983346207417,yoshida4,0.05,-1,0.12,4,True,True,2.9958097263088927e-07,2.6962287533362754e-07,-2.995809729726173e-08,7.172044269426882e-06,8.78529782012368e-06,8.785246741024195e-06,0.004177065306884348,0.9958229346931157,0.9999883717201076,-5.991619459452346e-07,4.030947656652053e-05,-1.2924697071141057e-26,-1.0587911840678754e-22
C,lambda_1.872983346207417,yoshida4,0.05,1,0.12,4,True,True,2.9958097263088927e-07,2.696228753336271e-07,-2.9958097297262154e-08,7.172044269426881e-06,8.78529782012368e-06,8.785246741024193e-06,0.004177065306884407,0.9958229346931156,0.9999883717201076,-5.991619459452431e-07,4.030947656652053e-05,-1.2924697071141057e-26,-3.1763735522036263e-22
C,lambda_1.872983346207417,yoshida4,0.05,-1,0.18,4,True,True,3.3649204575469463e-06,3.0284284117894194e-06,-3.364920457575269e-07,3.7942898556524573e-05,4.39990593608405e-05,4.3997772645236344e-05,0.008868380080563574,0.9911316199194364,0.9999415125319322,-6.729840915150538e-06,0.00020187562600154047,0.0,8.470329472543003e-22
C,lambda_1.872983346207417,yoshida4,0.05,1,0.18,4,True,True,3.3649204575469463e-06,3.0284284117701447e-06,-3.3649204577680155e-07,3.7942898556543845e-05,4.3999059360847506e-05,4.399777264524321e-05,0.00886838008106706,0.991131619918933,0.9999415125319253,-6.729840915536031e-06,0.00020187562600157196,0.0,8.470329472543003e-22
C,lambda_1.872983346207417,yoshida4,0.05,-1,0.27,4,True,True,3.713329937194654e-05,3.341996943474896e-05,-3.7133299371975816e-06,0.0001998120034114595,0.00021729694525817028,0.00021726521488565483,0.01858411844032698,0.981415881559673,0.9997079751324239,-7.426659874395163e-05,0.000996881174350756,-6.617444900424222e-24,-6.776263578034403e-21
C,lambda_1.872983346207417,yoshida4,0.05,1,0.27,4,True,True,3.713329937194654e-05,3.3419969434748975e-05,-3.713329937197568e-06,0.00019981200341145954,0.00021729694525817034,0.00021726521488565486,0.018584118440326907,0.9814158815596731,0.9997079751324238,-7.426659874395136e-05,0.0009968811743507563,0.0,1.3552527156068805e-20
C,lambda_1.872983346207417,yoshida4,0.05,-1,0.4,4,True,True,0.0003664968627667474,0.0003298471764900749,-3.664968627667246e-05,0.0009656666544810612,0.0009901315337387043,0.0009894530077773178,0.03795273048582961,0.9620472695141704,0.9986298922008168,-0.0007329937255334492,0.00453992175819336,-2.117582368135751e-22,-5.421010862427522e-20
C,lambda_1.872983346207417,yoshida4,0.05,1,0.4,4,True,True,0.0003664968627667474,0.0003298471764900577,-3.66496862766897e-05,0.0009656666544810614,0.0009901315337387051,0.0009894530077773178,0.037952730485847457,0.9620472695141525,0.9986298922008154,-0.000732993725533794,0.00453992175819336,-2.117582368135751e-22,-5.421010862427522e-20
C,lambda_1.902983346207417,yoshida4,0.001,-1,0.05,4,True,True,3.883640368973608e-08,3.875873088862832e-08,-7.767280110775766e-11,3.237014967057926e-08,4.2857519550886725e-08,4.285744916570054e-08,0.00239951936886944,0.9976004806311306,0.9999967153895455,-7.767280110775766e-08,1.355949685106031e-06,-3.944304526105059e-31,3.308722450212111e-24
C,lambda_1.902983346207417,yoshida4,0.001,1,0.05,4,True,True,3.883640368973608e-08,3.8758730888628316e-08,-7.767280110776427e-11,3.2370149670579245e-08,4.285751955088671e-08,4.285744916570053e-08,0.0023995193688696455,0.9976004806311304,0.9999967153895455,-7.767280110776427e-08,1.3559496851060307e-06,-3.944304526105059e-31,-3.308722450212111e-24
C,lambda_1.902983346207417,yoshida4,0.001,-1,0.08,4,True,True,2.725062046402284e-07,2.719611922400223e-07,-5.450124002061267e-10,2.192104127570864e-07,2.8017186411437643e-07,2.801713340133287e-07,0.0024862523333235597,0.9975137476666764,0.9999962158902154,-5.450124002061267e-07,8.864228728646502e-06,0.0,-1.3234889800848443e-23
C,lambda_1.902983346207417,yoshida4,0.001,1,0.08,4,True,True,2.725062046402284e-07,2.719611922400222e-07,-5.450124002062326e-10,2.1921041275708633e-07,2.801718641143763e-07,2.801713340133286e-07,0.0024862523333240437,0.997513747666676,0.9999962158902154,-5.450124002062326e-07,8.864228728646499e-06,0.0,1.3234889800848443e-23
C,lambda_1.902983346207417,yoshida4,0.001,-1,0.12,4,True,True,1.5645042144716329e-06,1.5613752060398428e-06,-3.1290084317900833e-09,1.1519821188070116e-06,1.411100051242939e-06,1.4110965820680238e-06,0.002716195313023151,0.9972838046869769,0.9999950830266816,-3.1290084317900833e-06,4.464512012162957e-05,0.0,-5.293955920339377e-23
C,lambda_1.902983346207417,yoshida4,0.001,1,0.12,4,True,True,1.5645042144716329e-06,1.5613752060398421e-06,-3.1290084317907186e-09,1.151982118807011e-06,1.4111000512429382e-06,1.411096582068023e-06,0.002716195313023704,0.9972838046869763,0.9999950830266816,-3.1290084317907186e-06,4.4645120121629546e-05,0.0,-5.293955920339377e-23
C,lambda_1.902983346207417,yoshida4,0.001,-1,0.18,4,True,True,9.98116048518952e-06,9.961198164223644e-06,-1.9962320965875402e-08,6.088977003346578e-06,7.060675561166971e-06,7.060647341837869e-06,0.0032784359269059254,0.9967215640730941,0.999992006636627,-1.9962320965875402e-05,0.00022338899598980139,0.0,2.117582368135751e-22
C,lambda_1.902983346207417,yoshida4,0.001,1,0.18,4,True,True,9.98116048518952e-06,9.96119816422364e-06,-1.996232096587879e-08,6.088977003346575e-06,7.060675561166966e-06,7.060647341837865e-06,0.0032784359269064835,0.9967215640730935,0.999992006636627,-1.996232096587879e-05,0.00022338899598980122,0.0,2.117582368135751e-22
C,lambda_1.902983346207417,yoshida4,0.001,-1,0.27,4,True,True,7.285771008956076e-05,7.271199466938337e-05,-1.457154201773837e-07,3.199958989740212e-05,3.479500041340878e-05,3.479469529663163e-05,0.0045536652389790025,0.995446334761021,0.9999824621103183,-0.0001457154201773837,0.0011008554416856594,0.0,1.6940658945086007e-21
C,lambda_1.902983346207417,yoshida4,0.001,1,0.27,4,True,True,7.285771008956076e-05,7.271199466938339e-05,-1.4571542017737015e-07,3.199958989740213e-05,3.4795000413408783e-05,3.4794695296631637e-05,0.0045536652389785775,0.9954463347610214,0.9999824621103183,-0.00014571542017737015,0.0011008554416856596,0.0,-5.082197683525802e-21
C,lambda_1.902983346207417,yoshida4,0.001,-1,0.4,4,True,True,0.0005576406630297677,0.0005565253817037065,-1.1152813260611799e-06,0.00015394432131951222,0.00015774022894739,0.00015773628617391357,0.007244705855348882,0.9927552941446511,0.9999500099089847,-0.0011152813260611799,0.004990555241409148,-3.308722450212111e-24,4.0657581468206416e-20
C,lambda_1.902983346207417,yoshida4,0.001,1,0.4,4,True,True,0.0005576406630297677,0.0005565253817037065,-1.1152813260611799e-06,0.00015394432131951222,0.00015774022894739,0.00015773628617391357,0.007244705855348882,0.9927552941446511,0.9999500099089847,-0.0011152813260611799,0.004990555241409148,-3.308722450212111e-24,4.0657581468206416e-20
C,lambda_1.902983346207417,yoshida4,0.01,-1,0.05,4,True,True,3.883640368973608e-08,3.805967568707385e-08,-7.767280026622314e-10,1.0190126153875114e-07,1.3491752605453398e-07,1.3491529020198465e-07,0.007622359045740139,0.9923776409542598,0.9999668562848956,-7.767280026622314e-08,1.3559496850966523e-06,3.1554436208840472e-30,-3.308722450212111e-24
C,lambda_1.902983346207417,yoshida4,0.01,1,0.05,4,True,True,3.883640368973608e-08,3.805967568707385e-08,-7.767280026622314e-10,1.0190126153875114e-07,1.3491752605453398e-07,1.3491529020198465e-07,0.007622359045740139,0.9923776409542598,0.9999668562848956,-7.767280026622314e-08,1.3559496850966523e-06,3.1554436208840472e-30,-3.308722450212111e-24
C,lambda_1.902983346207417,yoshida4,0.01,-1,0.08,4,True,True,2.725062046402284e-07,2.6705608048274317e-07,-5.450124157485248e-09,6.900745850264738e-07,8.819964615956545e-07,8.819796224482302e-07,0.007897876948005788,0.9921021230519942,0.9999618162035556,-5.450124157485248e-07,8.86422872848514e-06,1.0097419586828951e-28,2.6469779601696886e-23
C,lambda_1.902983346207417,yoshida4,0.01,1,0.08,4,True,True,2.725062046402284e-07,2.6705608048274317e-07,-5.450124157485248e-09,6.900745850264738e-07,8.819964615956545e-07,8.819796224482302e-07,0.007897876948005788,0.9921021230519942,0.9999618162035556,-5.450124157485248e-07,8.86422872848514e-06,1.0097419586828951e-28,2.6469779601696886e-23
C,lambda_1.902983346207417,yoshida4,0.01,-1,0.12,4,True,True,1.5645042144716329e-06,1.5332141301587198e-06,-3.129008431291308e-08,3.626440791329411e-06,4.4422435661528686e-06,4.442133364910406e-06,0.008628317988184359,0.9913716820118157,0.999950385487014,-3.129008431291308e-06,4.4645120121596064e-05,-3.2311742677852644e-27,-4.235164736271502e-22
C,lambda_1.902983346207417,yoshida4,0.01,1,0.12,4,True,True,1.5645042144716329e-06,1.5332141301587194e-06,-3.1290084312913503e-08,3.6264407913294107e-06,4.442243566152868e-06,4.442133364910405e-06,0.008628317988184477,0.9913716820118155,0.9999503854870138,-3.1290084312913503e-06,4.464512012159606e-05,0.0,-2.117582368135751e-22
C,lambda_1.902983346207417,yoshida4,0.01,-1,0.18,4,True,True,9.98116048518952e-06,9.781537275495907e-06,-1.996232096936128e-07,1.9168105322124218e-05,2.2227820864096266e-05,2.2226924459774117e-05,0.010414342280517607,0.9895856577194824,0.9999193455577567,-1.996232096936128e-05,0.0002233889959898292,1.0339757656912846e-25,-4.235164736271502e-22
C,lambda_1.902983346207417,yoshida4,0.01,1,0.18,4,True,True,9.98116048518952e-06,9.781537275495908e-06,-1.9962320969361112e-07,1.9168105322124218e-05,2.222782086409627e-05,2.2226924459774117e-05,0.010414342280517519,0.9895856577194825,0.9999193455577567,-1.9962320969361112e-05,0.00022338899598982922,1.0339757656912846e-25,4.235164736271502e-22
C,lambda_1.902983346207417,yoshida4,0.01,-1,0.27,4,True,True,7.285771008956076e-05,7.140055588776476e-05,-1.4571542017959954e-06,0.00010073473903429807,0.00010954342546638152,0.00010953373345477123,0.014465260105551719,0.9855347398944483,0.9998230549608665,-0.00014571542017959954,0.0011008554416856813,1.6543612251060553e-24,0.0
C,lambda_1.902983346207417,yoshida4,0.01,1,0.27,4,True,True,7.285771008956076e-05,7.140055588776476e-05,-1.4571542017959954e-06,0.00010073473903429807,0.00010954342546638152,0.00010953373345477123,0.014465260105551719,0.9855347398944483,0.9998230549608665,-0.00014571542017959954,0.0011008554416856813,1.6543612251060553e-24,0.0
C,lambda_1.902983346207417,yoshida4,0.01,-1,0.4,4,True,True,0.0005576406630297677,0.0005464878497691791,-1.1152813260588597e-05,0.0004846168680177857,0.0004966792096086103,0.0004965539769388705,0.023013671204237328,0.9769863287957626,0.9994957836799363,-0.0011152813260588597,0.0049905552414091555,0.0,0.0
C,lambda_1.902983346207417,yoshida4,0.01,1,0.4,4,True,True,0.0005576406630297677,0.0005464878497691791,-1.1152813260588597e-05,0.00048461686801778574,0.0004966792096086104,0.0004965539769388705,0.023013671204237328,0.9769863287957626,0.9994957836799363,-0.0011152813260588597,0.0049905552414091555,0.0,5.421010862427522e-20
C,lambda_1.902983346207417,yoshida4,0.05,-1,0.05,4,True,True,3.883640368973608e-08,3.495276332165566e-08,-3.8836403680804184e-09,2.2320749231544175e-07,2.955479000469584e-07,2.9552238250199995e-07,0.017399238384847637,0.9826007616151524,0.9998273278655362,-7.767280736160837e-08,1.3559496851374636e-06,-1.262177448353619e-29,-6.617444900424222e-24
C,lambda_1.902983346207417,yoshida4,0.05,1,0.05,4,True,True,3.883640368973608e-08,3.495276332165566e-08,-3.8836403680804184e-09,2.2320749231544175e-07,2.955479000469584e-07,2.9552238250199995e-07,0.017399238384847637,0.9826007616151524,0.9998273278655362,-7.767280736160837e-08,1.3559496851374636e-06,-1.262177448353619e-29,-6.617444900424222e-24
C,lambda_1.902983346207417,yoshida4,0.05,-1,0.08,4,True,True,2.725062046402284e-07,2.452555841668114e-07,-2.7250620473416993e-08,1.5115594769336035e-06,1.9321060443437328e-06,1.931913862022166e-06,0.018028149662161125,0.9819718503378388,0.9998010743104357,-5.450124094683399e-07,8.864228728610528e-06,-8.077935669463161e-28,-5.293955920339377e-23
C,lambda_1.902983346207417,yoshida4,0.05,1,0.08,4,True,True,2.725062046402284e-07,2.452555841668113e-07,-2.72506204734171e-08,1.5115594769336035e-06,1.9321060443437328e-06,1.9319138620221658e-06,0.018028149662161194,0.9819718503378388,0.9998010743104355,-5.45012409468342e-07,8.864228728610528e-06,0.0,-1.0587911840678754e-22
C,lambda_1.902983346207417,yoshida4,0.05,-1,0.12,4,True,True,1.5645042144716329e-06,1.4080537929863868e-06,-1.5645042148524606e-07,7.943461567708554e-06,9.731436039506721e-06,9.730178346599169e-06,0.01969549674933182,0.9803045032506682,0.9997415362686055,-3.129008429704921e-06,4.4645120121529955e-05,0.0,-6.352747104407253e-22
C,lambda_1.902983346207417,yoshida4,0.05,1,0.12,4,True,True,1.5645042144716329e-06,1.4080537930152988e-06,-1.5645042145633407e-07,7.943461567737466e-06,9.73143603951316e-06,9.730178346606075e-06,0.019695496745620412,0.9803045032543796,0.9997415362687012,-3.1290084291266814e-06,4.464512012156164e-05,1.2924697071141057e-26,0.0
C,lambda_1.902983346207417,yoshida4,0.05,-1,0.18,4,True,True,9.98116048518952e-06,8.983044436627797e-06,-9.981160485617222e-07,4.198637637132206e-05,4.8696732983729264e-05,4.8686502930917406e-05,0.023772378919640826,0.9762276210803592,0.9995798905743019,-1.9962320971234444e-05,0.00022338899598975346,0.0,-1.6940658945086007e-21
C,lambda_1.902983346207417,yoshida4,0.05,1,0.18,4,True,True,9.98116048518952e-06,8.983044436647079e-06,-9.981160485424403e-07,4.198637637130279e-05,4.869673298372201e-05,4.8686502930910555e-05,0.023772378919192493,0.9762276210808075,0.999579890574318,-1.9962320970848807e-05,0.000223388995989722,0.0,1.6940658945086007e-21
C,lambda_1.902983346207417,yoshida4,0.05,-1,0.27,4,True,True,7.285771008956076e-05,6.557193908059219e-05,-7.285771008968566e-06,0.00022065230734536127,0.00024003647821721052,0.0002399258810877356,0.03301923780731193,0.966980762192688,0.9990787096077379,-0.00014571542017937131,0.00110085544168568,-6.617444900424222e-24,0.0
C,lambda_1.902983346207417,yoshida4,0.05,1,0.27,4,True,True,7.285771008956076e-05,6.557193908060504e-05,-7.285771008955718e-06,0.00022065230734537411,0.0002400364782172169,0.0002399258810877424,0.033019237807251786,0.9669807621927482,0.9990787096077411,-0.00014571542017911436,0.0011008554416857112,0.0,0.0
C,lambda_1.902983346207417,yoshida4,0.05,-1,0.4,4,True,True,0.0005576406630297677,0.0005018765967267843,-5.5764066302983425e-05,0.0010615189072977118,0.001089094857174797,0.0010876662984729958,0.05253233448751368,0.9474676655124863,0.9973783334357385,-0.0011152813260596685,0.004990555241409196,0.0,5.421010862427522e-20
C,lambda_1.902983346207417,yoshida4,0.05,1,0.4,4,True,True,0.0005576406630297677,0.0005018765967267844,-5.5764066302983317e-05,0.001061518907297712,0.0010890948571747972,0.001087666298472996,0.05253233448751357,0.9474676655124864,0.9973783334357385,-0.0011152813260596663,0.004990555241409197,0.0,5.421010862427522e-20
C,lambda_1.972983346207417,yoshida4,0.001,-1,0.05,4,True,True,1.4700456216093145e-07,1.467105530241758e-07,-2.9400913675566177e-10,4.053469312596542e-08,5.366795129542441e-08,5.3667145954257257e-08,0.007253271557823328,0.9927467284421767,0.9999699882292787,-2.9400913675566177e-07,1.6979533563899882e-06,-3.944304526105059e-31,-6.617444900424222e-24
C,lambda_1.972983346207417,yoshida4,0.001,1,0.05,4,True,True,1.4700456216093145e-07,1.4671055302417574e-07,-2.940091367557147e-10,4.0534693125965377e-08,5.366795129542434e-08,5.3667145954257184e-08,0.007253271557824643,0.9927467284421754,0.9999699882292786,-2.940091367557147e-07,1.697953356389986e-06,0.0,0.0
C,lambda_1.972983346207417,yoshida4,0.001,-1,0.08,4,True,True,9.863237355411143e-07,9.843510880617537e-07,-1.972647479360645e-09,2.743730982383083e-07,3.5067993459473416e-07,3.506743862749163e-07,0.0071896534027082026,0.9928103465972918,0.9999683570379776,-1.972647479360645e-06,1.1094846587947905e-05,0.0,-1.0587911840678754e-22
C,lambda_1.972983346207417,yoshida4,0.001,1,0.08,4,True,True,9.863237355411143e-07,9.843510880617539e-07,-1.972647479360433e-09,2.7437309823830854e-07,3.5067993459473454e-07,3.5067438627491664e-07,0.007189653402707424,0.9928103465972926,0.9999683570379774,-1.972647479360433e-06,1.1094846587947917e-05,2.524354896707238e-29,-5.293955920339377e-23
C,lambda_1.972983346207417,yoshida4,0.001,-1,0.12,4,True,True,5.228427921224311e-06,5.217971065384012e-06,-1.0456855840299064e-08,1.4404903379218035e-06,1.7645297205469906e-06,1.7644987358622776e-06,0.007259233585270123,0.9927407664147299,0.9999648808265333,-1.0456855840299064e-05,5.582626945462858e-05,0.0,-4.235164736271502e-22
C,lambda_1.972983346207417,yoshida4,0.001,1,0.12,4,True,True,5.228427921224311e-06,5.217971065384013e-06,-1.0456855840298217e-08,1.4404903379218048e-06,1.7645297205469923e-06,1.7644987358622793e-06,0.0072592335852695285,0.9927407664147305,0.9999648808265333,-1.0456855840298217e-05,5.582626945462864e-05,0.0,0.0
C,lambda_1.972983346207417,yoshida4,0.001,-1,0.18,4,True,True,2.907881440973495e-05,2.9020656780913648e-05,-5.815762882130322e-08,7.597403684410776e-06,8.809978580399424e-06,8.809786619283496e-06,0.007654934664145557,0.9923450653358544,0.9999564223629261,-5.815762882130322e-05,0.00027872931368554354,1.2924697071141057e-26,1.6940658945086007e-21
C,lambda_1.972983346207417,yoshida4,0.001,1,0.18,4,True,True,2.907881440973495e-05,2.9020656780913655e-05,-5.8157628821296444e-08,7.597403684410783e-06,8.809978580399432e-06,8.809786619283504e-06,0.007654934664144658,0.9923450653358553,0.9999564223629263,-5.8157628821296444e-05,0.00027872931368554387,0.0,1.6940658945086007e-21
C,lambda_1.972983346207417,yoshida4,0.001,-1,0.27,4,True,True,0.00017522322835029542,0.00017487278189359633,-3.5044645669909274e-07,3.972837753197967e-05,4.319999980140269e-05,4.3198578334502855e-05,0.00882106137903563,0.9911789386209644,0.999934192429622,-0.00035044645669909274,0.0013667425343778018,0.0,6.776263578034403e-21
C,lambda_1.972983346207417,yoshida4,0.001,1,0.27,4,True,True,0.00017522322835029542,0.00017487278189359633,-3.5044645669909274e-07,3.9728377531979653e-05,4.319999980140267e-05,4.319857833450284e-05,0.008821061379035634,0.9911789386209644,0.9999341924296222,-0.00035044645669909274,0.0013667425343778013,-4.1359030627651384e-25,-6.776263578034403e-21
C,lambda_1.972983346207417,yoshida4,0.001,-1,0.4,4,True,True,0.0010976940451166647,0.001095498657026429,-2.195388090235704e-06,0.0001890094024246063,0.00019367753531794027,0.00019366509225455486,0.011615232163444457,0.9883847678365555,0.9998715115446442,-0.002195388090235704,0.006127292360385203,6.617444900424222e-24,0.0
C,lambda_1.972983346207417,yoshida4,0.001,1,0.4,4,True,True,0.0010976940451166647,0.001095498657026429,-2.195388090235704e-06,0.00018900940242460624,0.00019367753531794019,0.00019366509225455478,0.01161523216344446,0.9883847678365555,0.9998715115446442,-0.002195388090235704,0.006127292360385201,6.617444900424222e-24,-5.421010862427522e-20
C,lambda_1.972983346207417,yoshida4,0.01,-1,0.05,4,True,True,1.4700456216093145e-07,1.440644708783178e-07,-2.9400912826136656e-09,1.2760325206186376e-07,1.6896980672069814e-07,1.6894422584533626e-07,0.023040880503486464,0.9769591194965135,0.999697236571748,-2.9400912826136656e-07,1.6979533564425566e-06,0.0,0.0
C,lambda_1.972983346207417,yoshida4,0.01,1,0.05,4,True,True,1.4700456216093145e-07,1.440644708783178e-07,-2.9400912826136656e-09,1.2760325206186376e-07,1.6896980672069814e-07,1.6894422584533626e-07,0.023040880503486464,0.9769591194965135,0.999697236571748,-2.9400912826136656e-07,1.6979533564425566e-06,0.0,0.0
C,lambda_1.972983346207417,yoshida4,0.01,-1,0.08,4,True,True,9.863237355411143e-07,9.665972608063015e-07,-1.9726474734812834e-08,8.637267708006498e-07,1.1040995334774062e-06,1.103923297163151e-06,0.022838790462089024,0.977161209537911,0.9996807855750394,-1.9726474734812834e-06,1.1094846587945994e-05,0.0,0.0
C,lambda_1.972983346207417,yoshida4,0.01,1,0.08,4,True,True,9.863237355411143e-07,9.665972608063015e-07,-1.9726474734812834e-08,8.637267708006498e-07,1.1040995334774062e-06,1.103923297163151e-06,0.022838790462089024,0.977161209537911,0.9996807855750394,-1.9726474734812834e-06,1.1094846587945994e-05,0.0,0.0
C,lambda_1.972983346207417,yoshida4,0.01,-1,0.12,4,True,True,5.228427921224311e-06,5.123859362820185e-06,-1.0456855840412567e-07,4.5346649359570485e-06,5.5556278636673745e-06,5.5546436767942736e-06,0.02305982026918077,0.9769401797308193,0.9996457287196898,-1.0456855840412567e-05,5.582626945468713e-05,0.0,-2.117582368135751e-22
C,lambda_1.972983346207417,yoshida4,0.01,1,0.12,4,True,True,5.228427921224311e-06,5.1238593628201845e-06,-1.0456855840412651e-07,4.5346649359570485e-06,5.5556278636673745e-06,5.5546436767942736e-06,0.023059820269180957,0.976940179730819,0.9996457287196898,-1.0456855840412651e-05,5.582626945468713e-05,0.0,1.0587911840678754e-21
C,lambda_1.972983346207417,yoshida4,0.01,-1,0.18,4,True,True,2.907881440973495e-05,2.8497238121538707e-05,-5.81576288196244e-07,2.3916633930014747e-05,2.7739313816748236e-05,2.7733216547040618e-05,0.02431681188490246,0.9756831881150976,0.9995604361636751,-5.81576288196244e-05,0.0002787293136854833,-1.0339757656912846e-25,0.0
C,lambda_1.972983346207417,yoshida4,0.01,1,0.18,4,True,True,2.907881440973495e-05,2.8497238121538707e-05,-5.81576288196244e-07,2.3916633930014747e-05,2.7739313816748236e-05,2.7733216547040618e-05,0.02431681188490246,0.9756831881150976,0.9995604361636751,-5.81576288196244e-05,0.0002787293136854833,-1.0339757656912846e-25,0.0
C,lambda_1.972983346207417,yoshida4,0.01,-1,0.27,4,True,True,0.00017522322835029542,0.00017171876378328695,-3.5044645670084644e-06,0.00012506496976278045,0.00013603431298444025,0.00013598916514651906,0.02802115231511773,0.9719788476848823,0.9993363388255382,-0.00035044645670084644,0.001366742534377817,0.0,-1.0164395367051604e-20
C,lambda_1.972983346207417,yoshida4,0.01,1,0.27,4,True,True,0.00017522322835029542,0.00017171876378328693,-3.5044645670084915e-06,0.00012506496976278042,0.00013603431298444025,0.00013598916514651903,0.028021152315117953,0.9719788476848821,0.9993363388255382,-0.00035044645670084915,0.001366742534377817,0.0,3.3881317890172014e-21
C,lambda_1.972983346207417,yoshida4,0.01,-1,0.4,4,True,True,0.0010976940451166647,0.0010757401642143343,-2.1953880902330367e-05,0.0005950017762513903,0.0006100530455755888,0.0006096578922062584,0.036897168678459165,0.9631028313215408,0.998704947398762,-0.0021953880902330367,0.006127292360385142,0.0,0.0
C,lambda_1.972983346207417,yoshida4,0.01,1,0.4,4,True,True,0.0010976940451166647,0.0010757401642143341,-2.1953880902330584e-05,0.0005950017762513902,0.0006100530455755887,0.0006096578922062582,0.03689716867845954,0.9631028313215405,0.9987049473987619,-0.0021953880902330584,0.00612729236038514,0.0,5.421010862427522e-20
C,lambda_1.972983346207417,yoshida4,0.05,-1,0.05,4,True,True,1.4700456216093145e-07,1.3230410597450791e-07,-1.470045618642354e-08,2.795058808980655e-07,3.7035222346769697e-07,3.7006035455771e-07,0.05259444323386071,0.9474055567661392,0.9984244517365207,-2.940091237284708e-07,1.6979533563451463e-06,-5.048709793414476e-29,2.6469779601696886e-23
C,lambda_1.972983346207417,yoshida4,0.05,1,0.05,4,True,True,1.4700456216093145e-07,1.3230410604389685e-07,-1.4700456117034601e-08,2.7950588096745443e-07,3.7035222347187035e-07,3.700603545646431e-07,0.0525944429725481,0.9474055570274519,0.9984244517514299,-2.94009122340692e-07,1.6979533563769577e-06,-2.524354896707238e-29,2.6469779601696886e-23
C,lambda_1.972983346207417,yoshida4,0.05,-1,0.08,4,True,True,9.863237355411143e-07,8.876913619485975e-07,-9.863237359251681e-08,1.891932283812286e-06,2.4200765139764966e-06,2.418065753527008e-06,0.05213314156982954,0.9478668584301705,0.9983389573832446,-1.9726474718503363e-06,1.109484658785343e-05,-8.077935669463161e-28,-5.293955920339377e-23
C,lambda_1.972983346207417,yoshida4,0.05,1,0.08,4,True,True,9.863237355411143e-07,8.876913619052294e-07,-9.86323736358849e-08,1.891932283855654e-06,2.420076513985182e-06,2.4180657535339322e-06,0.05213314159155715,0.9478668584084429,0.9983389573817959,-1.972647472717698e-06,1.1094846587885201e-05,-8.077935669463161e-28,-5.293955920339377e-23
C,lambda_1.972983346207417,yoshida4,0.05,-1,0.12,4,True,True,5.228427921224311e-06,4.705585129087538e-06,-5.228427921367726e-07,9.932862195834484e-06,1.217828197012282e-05,1.216705334740212e-05,0.05263767701881898,0.9473623229811811,0.9981568095993496,-1.0456855842735453e-05,5.5826269454730654e-05,0.0,-1.2705494208814505e-21
C,lambda_1.972983346207417,yoshida4,0.05,1,0.12,4,True,True,5.228427921224311e-06,4.705585129087538e-06,-5.228427921367726e-07,9.932862195834484e-06,1.217828197012282e-05,1.216705334740212e-05,0.05263767701881898,0.9473623229811811,0.9981568095993496,-1.0456855842735453e-05,5.5826269454730654e-05,0.0,-1.2705494208814505e-21
C,lambda_1.972983346207417,yoshida4,0.05,-1,0.18,4,True,True,2.907881440973495e-05,2.6170932968791116e-05,-2.9078814409438354e-06,5.2387691785226995e-05,6.081720327411895e-05,6.0747645547880444e-05,0.05550695863572749,0.9444930413642725,0.997713872217517,-5.815762881887671e-05,0.00027872931368551514,0.0,0.0
C,lambda_1.972983346207417,yoshida4,0.05,1,0.18,4,True,True,2.907881440973495e-05,2.6170932968771837e-05,-2.907881440963114e-06,5.238769178524627e-05,6.081720327412672e-05,6.074764554788731e-05,0.055506958636075056,0.944493041363925,0.9977138722174873,-5.815762881926228e-05,0.0002787293136855466,0.0,8.470329472543003e-22
C,lambda_1.972983346207417,yoshida4,0.05,-1,0.27,4,True,True,0.00017522322835029542,0.0001577009055152449,-1.7522322835050508e-05,0.0002739459536082747,0.00029838955523477133,0.00029787462945955794,0.06396269995689119,0.9360373000431088,0.9965516120328882,-0.00035044645670101015,0.0013667425343777228,-1.3234889800848443e-23,-6.776263578034403e-21
C,lambda_1.972983346207417,yoshida4,0.05,1,0.27,4,True,True,0.00017522322835029542,0.00015770090551527058,-1.752232283502484e-05,0.00027394595360827464,0.00029838955523476976,0.00029787462945955783,0.0639626999567975,0.9360373000432025,0.996551612032898,-0.0003504464567004968,0.0013667425343777222,1.3234889800848443e-23,-1.3552527156068805e-20
C,lambda_1.972983346207417,yoshida4,0.05,-1,0.4,4,True,True,0.0010976940451166647,0.0009879246406050012,-0.00010976940451166354,0.00130330922642047,0.0013399162759196882,0.0013354124098223891,0.08422360732697678,0.9157763926730232,0.9932886901274771,-0.002195388090233271,0.006127292360385176,0.0,5.421010862427522e-20
C,lambda_1.972983346207417,yoshida4,0.05,1,0.4,4,True,True,0.0010976940451166647,0.0009879246406050014,-0.00010976940451166333,0.00130330922642047,0.0013399162759196882,0.0013354124098223894,0.08422360732697662,0.9157763926730234,0.9932886901274772,-0.0021953880902332665,0.006127292360385177,-2.117582368135751e-22,-5.421010862427522e-20
