source_row,experiment_id,case_id,formula_id,state_id,state_family,q,phase_radians,sign,absolute_time,model_status,quality_class,primary_eligible,original_case_dominance,quartet_all_proxy_resolved,g_approx_hartree,g_exact_hartree,original_state_error_hartree,phase_average_proxy_hartree,phase_average_state_error_hartree,interference_component_hartree,state_abs_retention_ratio,state_abs_reduction_ratio,quartet_interference_squared_error_fraction
172,B,H4,current_m3,controlled_q0.001_phi0.000000000000,controlled,0.001,0.0,-1,0.125,fit_ok,resolved,True,E_state_hartree,True,-2.863116826087497e-09,-3.1414579371168396e-09,2.783411110293426e-10,-3.1193727990225606e-09,2.2085138094278992e-11,2.562559729350636e-10,0.07934558431776464,0.9206544156822354,0.9853622348393675
173,B,H4,current_m3,controlled_q0.001_phi1.570796326795,controlled,0.001,1.570796326795,-1,0.125,fit_ok,resolved,True,E_state_hartree,True,-3.1200872319808726e-09,-3.1414579371168396e-09,2.1370705135967024e-11,-3.1193727990225606e-09,2.2085138094278992e-11,-7.144329583119679e-13,1.0334304812951434,-0.033430481295143366,0.9853622348393675
174,B,H4,current_m3,controlled_q0.001_phi3.141592653590,controlled,0.001,3.14159265359,-1,0.125,fit_ok,resolved,True,E_state_hartree,True,-3.375628773482033e-09,-3.1414579371168396e-09,-2.341708363651933e-10,-3.1193727990225606e-09,2.2085138094278992e-11,-2.562559744594723e-10,0.09431207761429718,0.9056879223857028,0.9853622348393675
175,B,H4,current_m3,controlled_q0.001_phi4.712388980385,controlled,0.001,4.712388980385,-1,0.125,fit_ok,resolved,True,E_state_hartree,True,-3.118658364539839e-09,-3.1414579371168396e-09,2.2799572577000457e-11,-3.1193727990225606e-09,2.2085138094278992e-11,7.144344827214644e-13,0.968664566833057,0.03133543316694298,0.9853622348393675
256,B,H4,current_m3,controlled_q0.001_phi0.000000000000,controlled,0.001,0.0,1,0.125,fit_ok,resolved,True,E_state_hartree,True,-2.863116826087495e-09,-3.1414579371168396e-09,2.7834111102934467e-10,-3.1193727990225598e-09,2.208513809427982e-11,2.5625597293506485e-10,0.07934558431776702,0.9206544156822329,0.9853622348393668
257,B,H4,current_m3,controlled_q0.001_phi1.570796326795,controlled,0.001,1.570796326795,1,0.125,fit_ok,resolved,True,E_state_hartree,True,-3.118658364539839e-09,-3.1414579371168396e-09,2.2799572577000457e-11,-3.1193727990225598e-09,2.208513809427982e-11,7.144344827206372e-13,0.9686645668330933,0.03133543316690668,0.9853622348393668
258,B,H4,current_m3,controlled_q0.001_phi3.141592653590,controlled,0.001,3.14159265359,1,0.125,fit_ok,resolved,True,E_state_hartree,True,-3.375628773482033e-09,-3.1414579371168396e-09,-2.341708363651933e-10,-3.1193727990225598e-09,2.208513809427982e-11,-2.562559744594731e-10,0.0943120776143007,0.9056879223856993,0.9853622348393668
259,B,H4,current_m3,controlled_q0.001_phi4.712388980385,controlled,0.001,4.712388980385,1,0.125,fit_ok,resolved,True,E_state_hartree,True,-3.1200872319808726e-09,-3.1414579371168396e-09,2.1370705135967024e-11,-3.1193727990225598e-09,2.208513809427982e-11,-7.144329583127951e-13,1.033430481295182,-0.033430481295182,0.9853622348393668
186,B,H4,current_m3,controlled_q0.001_phi0.000000000000,controlled,0.001,0.0,-1,0.175,fit_ok,resolved,True,E_state_hartree,True,-1.0983163180521867e-08,-1.2062099314378261e-08,1.0789361338563937e-09,-1.1977695114063864e-08,8.440420031439722e-11,9.945319335419965e-10,0.07822909778052851,0.9217709022194714,0.9857993892722341
187,B,H4,current_m3,controlled_q0.001_phi1.570796326795,controlled,0.001,1.570796326795,-1,0.175,fit_ok,resolved,True,E_state_hartree,True,-1.197991871750808e-08,-1.2062099314378261e-08,8.218059687018183e-11,-1.1977695114063864e-08,8.440420031439722e-11,-2.2236034442153878e-12,1.0270575236600916,-0.02705752366009162,0.9857993892722341
188,B,H4,current_m3,controlled_q0.001_phi3.141592653590,controlled,0.001,3.14159265359,-1,0.175,fit_ok,resolved,True,E_state_hartree,True,-1.2972227049687561e-08,-1.2062099314378261e-08,-9.101277353093002e-10,-1.1977695114063864e-08,8.440420031439722e-11,-9.945319356236974e-10,0.09273885086659081,0.9072611491334092,0.9857993892722341
189,B,H4,current_m3,controlled_q0.001_phi4.712388980385,controlled,0.001,4.712388980385,-1,0.175,fit_ok,resolved,True,E_state_hartree,True,-1.197547150853795e-08,-1.2062099314378261e-08,8.662780584031188e-11,-1.1977695114063864e-08,8.440420031439722e-11,2.223605525914661e-12,0.9743315035588733,0.025668496441126676,0.9857993892722341
270,B,H4,current_m3,controlled_q0.001_phi0.000000000000,controlled,0.001,0.0,1,0.175,fit_ok,resolved,True,E_state_hartree,True,-1.0983163180521869e-08,-1.2062099314378261e-08,1.078936133856392e-09,-1.1977695114063864e-08,8.440420031439722e-11,9.945319335419948e-10,0.07822909778052863,0.9217709022194713,0.9857993892722343
271,B,H4,current_m3,controlled_q0.001_phi1.570796326795,controlled,0.001,1.570796326795,1,0.175,fit_ok,resolved,True,E_state_hartree,True,-1.197547150853795e-08,-1.2062099314378261e-08,8.662780584031188e-11,-1.1977695114063864e-08,8.440420031439722e-11,2.223605525914661e-12,0.9743315035588733,0.025668496441126676,0.9857993892722343
272,B,H4,current_m3,controlled_q0.001_phi3.141592653590,controlled,0.001,3.14159265359,1,0.175,fit_ok,resolved,True,E_state_hartree,True,-1.2972227049687561e-08,-1.2062099314378261e-08,-9.101277353093002e-10,-1.1977695114063864e-08,8.440420031439722e-11,-9.945319356236974e-10,0.09273885086659081,0.9072611491334092,0.9857993892722343
273,B,H4,current_m3,controlled_q0.001_phi4.712388980385,controlled,0.001,4.712388980385,1,0.175,fit_ok,resolved,True,E_state_hartree,True,-1.197991871750808e-08,-1.2062099314378261e-08,8.218059687018183e-11,-1.1977695114063864e-08,8.440420031439722e-11,-2.2236034442153878e-12,1.0270575236600916,-0.02705752366009162,0.9857993892722343
200,B,H4,current_m3,controlled_q0.001_phi0.000000000000,controlled,0.001,0.0,-1,0.225,fit_ok,resolved,True,E_state_hartree,True,-2.9955798235914275e-08,-3.293865743012029e-08,2.9828591942060125e-09,-3.2709603771816384e-08,2.290536583039037e-10,2.7538055359021088e-09,0.07678996673688916,0.9232100332631108,0.9863519741448028
201,B,H4,current_m3,controlled_q0.001_phi1.570796326795,controlled,0.001,1.570796326795,-1,0.225,fit_ok,resolved,True,E_state_hartree,True,-3.270989340690823e-08,-3.293865743012029e-08,2.2876402321205695e-10,-3.2709603771816384e-08,2.290536583039037e-10,-2.8963509184675774e-13,1.0012660867201932,-0.001266086720193238,0.9863519741448028
202,B,H4,current_m3,controlled_q0.001_phi3.141592653590,controlled,0.001,3.14159265359,-1,0.225,fit_ok,resolved,True,E_state_hartree,True,-3.546340930796273e-08,-3.293865743012029e-08,-2.5247518778424417e-09,-3.2709603771816384e-08,2.290536583039037e-10,-2.7538055361463454e-09,0.09072323514801953,0.9092767648519805,0.9863519741448028
203,B,H4,current_m3,controlled_q0.001_phi4.712388980385,controlled,0.001,4.712388980385,-1,0.225,fit_ok,resolved,True,E_state_hartree,True,-3.270931413648031e-08,-3.293865743012029e-08,2.293432936399805e-10,-3.2709603771816384e-08,2.290536583039037e-10,2.896353360767967e-13,0.9987371100698874,0.0012628899301125873,0.9863519741448028
284,B,H4,current_m3,controlled_q0.001_phi0.000000000000,controlled,0.001,0.0,1,0.225,fit_ok,resolved,True,E_state_hartree,True,-2.995579823591429e-08,-3.293865743012029e-08,2.9828591942059993e-09,-3.270960377181639e-08,2.290536583038971e-10,2.753805535902102e-09,0.07678996673688729,0.9232100332631127,0.9863519741448034
285,B,H4,current_m3,controlled_q0.001_phi1.570796326795,controlled,0.001,1.570796326795,1,0.225,fit_ok,resolved,True,E_state_hartree,True,-3.270931413648031e-08,-3.293865743012029e-08,2.293432936399805e-10,-3.270960377181639e-08,2.290536583038971e-10,2.896353360834141e-13,0.9987371100698585,0.0012628899301414531,0.9863519741448034
286,B,H4,current_m3,controlled_q0.001_phi3.141592653590,controlled,0.001,3.14159265359,1,0.225,fit_ok,resolved,True,E_state_hartree,True,-3.546340930796273e-08,-3.293865743012029e-08,-2.5247518778424417e-09,-3.270960377181639e-08,2.290536583038971e-10,-2.753805536146339e-09,0.0907232351480169,0.909276764851983,0.9863519741448034
287,B,H4,current_m3,controlled_q0.001_phi4.712388980385,controlled,0.001,4.712388980385,1,0.225,fit_ok,resolved,True,E_state_hartree,True,-3.270989340690823e-08,-3.293865743012029e-08,2.2876402321205695e-10,-3.270960377181639e-08,2.290536583038971e-10,-2.896350918401403e-13,1.0012660867201644,-0.0012660867201643722,0.9863519741448034
214,B,H4,current_m3,controlled_q0.001_phi0.000000000000,controlled,0.001,0.0,-1,0.275,fit_ok,resolved,True,E_state_hartree,True,-6.669036221634608e-08,-7.344071419283206e-08,6.750351976485979e-09,-7.293399113870361e-08,5.067230541284562e-10,6.243628922357523e-09,0.07506616779296305,0.924933832207037,0.9869981023337406
215,B,H4,current_m3,controlled_q0.001_phi1.570796326795,controlled,0.001,1.570796326795,-1,0.275,fit_ok,resolved,True,E_state_hartree,True,-7.290941329446284e-08,-7.344071419283206e-08,5.313008983692282e-10,-7.293399113870361e-08,5.067230541284562e-10,2.4577844240772014e-11,0.9537402546914355,0.04625974530856447,0.9869981023337406
216,B,H4,current_m3,controlled_q0.001_phi3.141592653590,controlled,0.001,3.14159265359,-1,0.275,fit_ok,resolved,True,E_state_hartree,True,-7.917762005976522e-08,-7.344071419283206e-08,-5.736905866933159e-09,-7.293399113870361e-08,5.067230541284562e-10,-6.243628921061615e-09,0.08832689011844301,0.911673109881557,0.9869981023337406
217,B,H4,current_m3,controlled_q0.001_phi4.712388980385,controlled,0.001,4.712388980385,-1,0.275,fit_ok,resolved,True,E_state_hartree,True,-7.295856898424026e-08,-7.344071419283206e-08,4.821452085918032e-10,-7.293399113870361e-08,5.067230541284562e-10,-2.4577845536653014e-11,1.0509760236100598,-0.05097602361005982,0.9869981023337406
298,B,H4,current_m3,controlled_q0.001_phi0.000000000000,controlled,0.001,0.0,1,0.275,fit_ok,resolved,True,E_state_hartree,True,-6.669036221634612e-08,-7.344071419283206e-08,6.750351976485939e-09,-7.293399113870361e-08,5.067230541284562e-10,6.243628922357483e-09,0.07506616779296348,0.9249338322070365,0.986998102333741
299,B,H4,current_m3,controlled_q0.001_phi1.570796326795,controlled,0.001,1.570796326795,1,0.275,fit_ok,resolved,True,E_state_hartree,True,-7.295856898424026e-08,-7.344071419283206e-08,4.821452085918032e-10,-7.293399113870361e-08,5.067230541284562e-10,-2.4577845536653014e-11,1.0509760236100598,-0.05097602361005982,0.986998102333741
300,B,H4,current_m3,controlled_q0.001_phi3.141592653590,controlled,0.001,3.14159265359,1,0.275,fit_ok,resolved,True,E_state_hartree,True,-7.917762005976522e-08,-7.344071419283206e-08,-5.736905866933159e-09,-7.293399113870361e-08,5.067230541284562e-10,-6.243628921061615e-09,0.08832689011844301,0.911673109881557,0.986998102333741
301,B,H4,current_m3,controlled_q0.001_phi4.712388980385,controlled,0.001,4.712388980385,1,0.275,fit_ok,resolved,True,E_state_hartree,True,-7.290941329446284e-08,-7.344071419283206e-08,5.313008983692282e-10,-7.293399113870361e-08,5.067230541284562e-10,2.4577844240772014e-11,0.9537402546914355,0.04625974530856447,0.986998102333741
228,B,H4,current_m3,controlled_q0.001_phi0.000000000000,controlled,0.001,0.0,-1,0.35,fit_ok,resolved,True,E_state_hartree,True,-1.742330111045486e-07,-1.9238971915592217e-07,1.8156708051373575e-08,-1.9108170051300475e-07,1.3080186429174225e-09,1.6848689408456153e-08,0.07204051743391167,0.9279594825660883,0.9880920704139219
229,B,H4,current_m3,controlled_q0.001_phi1.570796326795,controlled,0.001,1.570796326795,-1,0.35,fit_ok,resolved,True,E_state_hartree,True,-1.9084353322044306e-07,-1.9238971915592217e-07,1.5461859354791107e-09,-1.9108170051300475e-07,1.3080186429174225e-09,2.3816729256168813e-10,0.8459646494663734,0.1540353505336266,0.9880920704139219
230,B,H4,current_m3,controlled_q0.001_phi3.141592653590,controlled,0.001,3.14159265359,-1,0.35,fit_ok,resolved,True,E_state_hartree,True,-2.0793038992096986e-07,-1.9238971915592217e-07,-1.554067076504769e-08,-1.9108170051300475e-07,1.3080186429174225e-09,-1.6848689407965112e-08,0.08416745085799446,0.9158325491420055,0.9880920704139219
231,B,H4,current_m3,controlled_q0.001_phi4.712388980385,controlled,0.001,4.712388980385,-1,0.35,fit_ok,resolved,True,E_state_hartree,True,-1.913198678060575e-07,-1.9238971915592217e-07,1.069851349864667e-09,-1.9108170051300475e-07,1.3080186429174225e-09,-2.381672930527555e-10,1.2226171823617205,-0.22261718236172046,0.9880920704139219
312,B,H4,current_m3,controlled_q0.001_phi0.000000000000,controlled,0.001,0.0,1,0.35,fit_ok,resolved,True,E_state_hartree,True,-1.742330111045486e-07,-1.9238971915592217e-07,1.8156708051373575e-08,-1.9108170051300475e-07,1.3080186429174225e-09,1.6848689408456153e-08,0.07204051743391167,0.9279594825660883,0.9880920704139219
313,B,H4,current_m3,controlled_q0.001_phi1.570796326795,controlled,0.001,1.570796326795,1,0.35,fit_ok,resolved,True,E_state_hartree,True,-1.913198678060575e-07,-1.9238971915592217e-07,1.069851349864667e-09,-1.9108170051300475e-07,1.3080186429174225e-09,-2.381672930527555e-10,1.2226171823617205,-0.22261718236172046,0.9880920704139219
314,B,H4,current_m3,controlled_q0.001_phi3.141592653590,controlled,0.001,3.14159265359,1,0.35,fit_ok,resolved,True,E_state_hartree,True,-2.0793038992096986e-07,-1.9238971915592217e-07,-1.554067076504769e-08,-1.9108170051300475e-07,1.3080186429174225e-09,-1.6848689407965112e-08,0.08416745085799446,0.9158325491420055,0.9880920704139219
315,B,H4,current_m3,controlled_q0.001_phi4.712388980385,controlled,0.001,4.712388980385,1,0.35,fit_ok,resolved,True,E_state_hartree,True,-1.9084353322044306e-07,-1.9238971915592217e-07,1.5461859354791107e-09,-1.9108170051300475e-07,1.3080186429174225e-09,2.3816729256168813e-10,0.8459646494663734,0.1540353505336266,0.9880920704139219
242,B,H4,current_m3,controlled_q0.001_phi0.000000000000,controlled,0.001,0.0,-1,0.4,fit_ok,resolved,True,E_state_hartree,True,-2.9623217409546765e-07,-3.2778532288730907e-07,3.155314879184142e-08,-3.2558305431342606e-07,2.202268573883008e-09,2.935088021795841e-08,0.06979552463722545,0.9302044753627745,0.988871941469056
243,B,H4,current_m3,controlled_q0.001_phi1.570796326795,controlled,0.001,1.570796326795,-1,0.4,fit_ok,resolved,True,E_state_hartree,True,-3.2488022695187965e-07,-3.2778532288730907e-07,2.905095935429424e-09,-3.2558305431342606e-07,2.202268573883008e-09,7.028273615464158e-10,0.7580708599068947,0.2419291400931053,0.988871941469056
244,B,H4,current_m3,controlled_q0.001_phi3.141592653590,controlled,0.001,3.14159265359,-1,0.4,fit_ok,resolved,True,E_state_hartree,True,-3.5493393453045723e-07,-3.2778532288730907e-07,-2.7148611643148165e-08,-3.2558305431342606e-07,2.202268573883008e-09,-2.9350880217031173e-08,0.08111901274475751,0.9188809872552425,0.988871941469056
245,B,H4,current_m3,controlled_q0.001_phi4.712388980385,controlled,0.001,4.712388980385,-1,0.4,fit_ok,resolved,True,E_state_hartree,True,-3.2628588167589977e-07,-3.2778532288730907e-07,1.499441211409303e-09,-3.2558305431342606e-07,2.202268573883008e-09,-7.028273624737051e-10,1.4687261875463113,-0.46872618754631135,0.988871941469056
326,B,H4,current_m3,controlled_q0.001_phi0.000000000000,controlled,0.001,0.0,1,0.4,fit_ok,resolved,True,E_state_hartree,True,-2.9623217409546776e-07,-3.2778532288730907e-07,3.155314879184131e-08,-3.255830543134261e-07,2.202268573882955e-09,2.9350880217958357e-08,0.06979552463722401,0.930204475362776,0.9888719414690563
327,B,H4,current_m3,controlled_q0.001_phi1.570796326795,controlled,0.001,1.570796326795,1,0.4,fit_ok,resolved,True,E_state_hartree,True,-3.2628588167589977e-07,-3.2778532288730907e-07,1.499441211409303e-09,-3.255830543134261e-07,2.202268573882955e-09,-7.028273624736522e-10,1.468726187546276,-0.46872618754627604,0.9888719414690563
328,B,H4,current_m3,controlled_q0.001_phi3.141592653590,controlled,0.001,3.14159265359,1,0.4,fit_ok,resolved,True,E_state_hartree,True,-3.5493393453045723e-07,-3.2778532288730907e-07,-2.7148611643148165e-08,-3.255830543134261e-07,2.202268573882955e-09,-2.935088021703112e-08,0.08111901274475555,0.9188809872552445,0.9888719414690563
329,B,H4,current_m3,controlled_q0.001_phi4.712388980385,controlled,0.001,4.712388980385,1,0.4,fit_ok,resolved,True,E_state_hartree,True,-3.2488022695187965e-07,-3.2778532288730907e-07,2.905095935429424e-09,-3.255830543134261e-07,2.202268573882955e-09,7.028273615464687e-10,0.7580708599068765,0.2419291400931235,0.9888719414690563
176,B,H4,current_m3,controlled_q0.010_phi0.000000000000,controlled,0.01,0.0,-1,0.125,fit_ok,resolved,True,E_state_hartree,True,-2.113912485898478e-09,-3.1414579371168396e-09,1.0275454512183614e-09,-2.9206065243437046e-09,2.20851412773135e-10,8.066940384452264e-10,0.21493104028758175,0.7850689597124183,0.8696388419701789
177,B,H4,current_m3,controlled_q0.010_phi1.570796326795,controlled,0.01,1.570796326795,-1,0.125,fit_ok,resolved,True,E_state_hartree,True,-2.9228555617488716e-09,-3.1414579371168396e-09,2.1860237536796797e-10,-2.9206065243437046e-09,2.20851412773135e-10,-2.2490374051670212e-12,1.0102882569385683,-0.010288256938568274,0.8696388419701789
178,B,H4,current_m3,controlled_q0.010_phi3.141592653590,controlled,0.01,3.14159265359,-1,0.125,fit_ok,resolved,True,E_state_hartree,True,-3.7273005773795475e-09,-3.1414579371168396e-09,-5.858426402627079e-10,-2.9206065243437046e-09,2.20851412773135e-10,-8.066940530358429e-10,0.3769807753735699,0.6230192246264301,0.8696388419701789
179,B,H4,current_m3,controlled_q0.010_phi4.712388980385,controlled,0.01,4.712388980385,-1,0.125,fit_ok,resolved,True,E_state_hartree,True,-2.918357472347921e-09,-3.1414579371168396e-09,2.231004647689185e-10,-2.9206065243437046e-09,2.20851412773135e-10,2.249051995783512e-12,0.9899191066315661,0.010080893368433874,0.8696388419701789
260,B,H4,current_m3,controlled_q0.010_phi0.000000000000,controlled,0.01,0.0,1,0.125,fit_ok,resolved,True,E_state_hartree,True,-2.1139124858984774e-09,-3.1414579371168396e-09,1.0275454512183622e-09,-2.920606524343704e-09,2.208514127731354e-10,8.066940384452268e-10,0.21493104028758198,0.7850689597124181,0.8696388419701788
261,B,H4,current_m3,controlled_q0.010_phi1.570796326795,controlled,0.01,1.570796326795,1,0.125,fit_ok,resolved,True,E_state_hartree,True,-2.918357472347921e-09,-3.1414579371168396e-09,2.231004647689185e-10,-2.920606524343704e-09,2.208514127731354e-10,2.2490519957830986e-12,0.9899191066315679,0.010080893368432098,0.8696388419701788
262,B,H4,current_m3,controlled_q0.010_phi3.141592653590,controlled,0.01,3.14159265359,1,0.125,fit_ok,resolved,True,E_state_hartree,True,-3.7273005773795475e-09,-3.1414579371168396e-09,-5.858426402627079e-10,-2.920606524343704e-09,2.208514127731354e-10,-8.066940530358433e-10,0.3769807753735706,0.6230192246264294,0.8696388419701788
263,B,H4,current_m3,controlled_q0.010_phi4.712388980385,controlled,0.01,4.712388980385,1,0.125,fit_ok,resolved,True,E_state_hartree,True,-2.9228555617488716e-09,-3.1414579371168396e-09,2.1860237536796797e-10,-2.920606524343704e-09,2.208514127731354e-10,-2.249037405167435e-12,1.0102882569385703,-0.010288256938570273,0.8696388419701788
190,B,H4,current_m3,controlled_q0.010_phi0.000000000000,controlled,0.01,0.0,-1,0.175,fit_ok,resolved,True,E_state_hartree,True,-8.087269834964143e-09,-1.2062099314378261e-08,3.974829479414118e-09,-1.1218057302535591e-08,8.440420118426697e-10,3.130787467571448e-09,0.21234672234721372,0.7876532776527863,0.8730869510281142
191,B,H4,current_m3,controlled_q0.010_phi1.570796326795,controlled,0.01,1.570796326795,-1,0.175,fit_ok,resolved,True,E_state_hartree,True,-1.1225057208146579e-08,-1.2062099314378261e-08,8.370421062316823e-10,-1.1218057302535591e-08,8.440420118426697e-10,-6.999905610987413e-12,1.0083626684474698,-0.008362668447469801,0.8730869510281142
192,B,H4,current_m3,controlled_q0.010_phi3.141592653590,controlled,0.01,3.14159265359,-1,0.175,fit_ok,resolved,True,E_state_hartree,True,-1.4348844762185824e-08,-1.2062099314378261e-08,-2.2867454478075627e-09,-1.1218057302535591e-08,8.440420118426697e-10,-3.1307874596502324e-09,0.36910186599558004,0.63089813400442,0.8730869510281142
193,B,H4,current_m3,controlled_q0.010_phi4.712388980385,controlled,0.01,4.712388980385,-1,0.175,fit_ok,resolved,True,E_state_hartree,True,-1.1211057404845816e-08,-1.2062099314378261e-08,8.510419095324449e-10,-1.1218057302535591e-08,8.440420118426697e-10,6.999897689775173e-12,0.9917749083665917,0.008225091633408343,0.8730869510281142
274,B,H4,current_m3,controlled_q0.010_phi0.000000000000,controlled,0.01,0.0,1,0.175,fit_ok,resolved,True,E_state_hartree,True,-8.087269834964143e-09,-1.2062099314378261e-08,3.974829479414118e-09,-1.1218057302535591e-08,8.440420118426697e-10,3.130787467571448e-09,0.21234672234721372,0.7876532776527863,0.8730869510281142
275,B,H4,current_m3,controlled_q0.010_phi1.570796326795,controlled,0.01,1.570796326795,1,0.175,fit_ok,resolved,True,E_state_hartree,True,-1.1211057404845816e-08,-1.2062099314378261e-08,8.510419095324449e-10,-1.1218057302535591e-08,8.440420118426697e-10,6.999897689775173e-12,0.9917749083665917,0.008225091633408343,0.8730869510281142
276,B,H4,current_m3,controlled_q0.010_phi3.141592653590,controlled,0.01,3.14159265359,1,0.175,fit_ok,resolved,True,E_state_hartree,True,-1.4348844762185824e-08,-1.2062099314378261e-08,-2.2867454478075627e-09,-1.1218057302535591e-08,8.440420118426697e-10,-3.1307874596502324e-09,0.36910186599558004,0.63089813400442,0.8730869510281142
277,B,H4,current_m3,controlled_q0.010_phi4.712388980385,controlled,0.01,4.712388980385,1,0.175,fit_ok,resolved,True,E_state_hartree,True,-1.1225057208146579e-08,-1.2062099314378261e-08,8.370421062316823e-10,-1.1218057302535591e-08,8.440420118426697e-10,-6.999905610987413e-12,1.0083626684474698,-0.008362668447469801,0.8730869510281142
204,B,H4,current_m3,controlled_q0.010_phi0.000000000000,controlled,0.01,0.0,-1,0.225,fit_ok,resolved,True,E_state_hartree,True,-2.1979138430050375e-08,-3.293865743012029e-08,1.0959519000069912e-08,-3.064812084263825e-08,2.290536587482036e-09,8.668982412587876e-09,0.2089997368924151,0.7910002631075849,0.8774803831596892
205,B,H4,current_m3,controlled_q0.010_phi1.570796326795,controlled,0.01,1.570796326795,-1,0.225,fit_ok,resolved,True,E_state_hartree,True,-3.0649032613547543e-08,-3.293865743012029e-08,2.2896248165727444e-09,-3.064812084263825e-08,2.290536587482036e-09,-9.11770909291498e-13,1.0003982184778448,-0.000398218477844825,0.8774803831596892
206,B,H4,current_m3,controlled_q0.010_phi3.141592653590,controlled,0.01,3.14159265359,-1,0.225,fit_ok,resolved,True,E_state_hartree,True,-3.93171032547255e-08,-3.293865743012029e-08,-6.378445824605214e-09,-3.064812084263825e-08,2.290536587482036e-09,-8.66898241208725e-09,0.3591057524775333,0.6408942475224667,0.8774803831596892
207,B,H4,current_m3,controlled_q0.010_phi4.712388980385,controlled,0.01,4.712388980385,-1,0.225,fit_ok,resolved,True,E_state_hartree,True,-3.0647209072229597e-08,-3.293865743012029e-08,2.2914483578906912e-09,-3.064812084263825e-08,2.290536587482036e-09,9.117704086553216e-13,0.9996020986440669,0.0003979013559330946,0.8774803831596892
288,B,H4,current_m3,controlled_q0.010_phi0.000000000000,controlled,0.01,0.0,1,0.225,fit_ok,resolved,True,E_state_hartree,True,-2.1979138430050382e-08,-3.293865743012029e-08,1.0959519000069906e-08,-3.064812084263826e-08,2.2905365874820293e-09,8.668982412587876e-09,0.20899973689241463,0.7910002631075854,0.8774803831596892
289,B,H4,current_m3,controlled_q0.010_phi1.570796326795,controlled,0.01,1.570796326795,1,0.225,fit_ok,resolved,True,E_state_hartree,True,-3.0647209072229597e-08,-3.293865743012029e-08,2.2914483578906912e-09,-3.064812084263826e-08,2.2905365874820293e-09,9.11770408661939e-13,0.999602098644064,0.0003979013559359812,0.8774803831596892
290,B,H4,current_m3,controlled_q0.010_phi3.141592653590,controlled,0.01,3.14159265359,1,0.225,fit_ok,resolved,True,E_state_hartree,True,-3.93171032547255e-08,-3.293865743012029e-08,-6.378445824605214e-09,-3.064812084263826e-08,2.2905365874820293e-09,-8.668982412087244e-09,0.35910575247753224,0.6408942475224677,0.8774803831596892
291,B,H4,current_m3,controlled_q0.010_phi4.712388980385,controlled,0.01,4.712388980385,1,0.225,fit_ok,resolved,True,E_state_hartree,True,-3.0649032613547543e-08,-3.293865743012029e-08,2.2896248165727444e-09,-3.064812084263826e-08,2.2905365874820293e-09,-9.117709092848806e-13,1.000398218477842,-0.0003982184778419384,0.8774803831596892
218,B,H4,current_m3,controlled_q0.010_phi0.000000000000,controlled,0.01,0.0,-1,0.275,fit_ok,resolved,True,E_state_hartree,True,-4.8718533892085234e-08,-7.344071419283206e-08,2.472218030074683e-08,-6.83734835983777e-08,5.0672305944543685e-09,1.965494970629246e-08,0.20496697834944974,0.7950330216505502,0.8826676096006206
219,B,H4,current_m3,controlled_q0.010_phi1.570796326795,controlled,0.01,1.570796326795,-1,0.275,fit_ok,resolved,True,E_state_hartree,True,-6.829611251219957e-08,-7.344071419283206e-08,5.144601680632497e-09,-6.83734835983777e-08,5.0672305944543685e-09,7.737108617812841e-11,0.9849607236903487,0.015039276309651295,0.8826676096006206
220,B,H4,current_m3,controlled_q0.010_phi3.141592653590,controlled,0.01,3.14159265359,-1,0.275,fit_ok,resolved,True,E_state_hartree,True,-8.80284333046678e-08,-7.344071419283206e-08,-1.458771911183573e-08,-6.83734835983777e-08,5.0672305944543685e-09,-1.9654949706290098e-08,0.347362775195135,0.6526372248048651,0.8826676096006206
221,B,H4,current_m3,controlled_q0.010_phi4.712388980385,controlled,0.01,4.712388980385,-1,0.275,fit_ok,resolved,True,E_state_hartree,True,-6.845085468455817e-08,-7.344071419283206e-08,4.9898595082738975e-09,-6.83734835983777e-08,5.0672305944543685e-09,-7.737108618047099e-11,1.0155056642480973,-0.015505664248097295,0.8826676096006206
302,B,H4,current_m3,controlled_q0.010_phi0.000000000000,controlled,0.01,0.0,1,0.275,fit_ok,resolved,True,E_state_hartree,True,-4.871853389208524e-08,-7.344071419283206e-08,2.4722180300746823e-08,-6.83734835983777e-08,5.0672305944543685e-09,1.9654949706292454e-08,0.2049669783494498,0.7950330216505502,0.8826676096006206
303,B,H4,current_m3,controlled_q0.010_phi1.570796326795,controlled,0.01,1.570796326795,1,0.275,fit_ok,resolved,True,E_state_hartree,True,-6.845085468455817e-08,-7.344071419283206e-08,4.9898595082738975e-09,-6.83734835983777e-08,5.0672305944543685e-09,-7.737108618047099e-11,1.0155056642480973,-0.015505664248097295,0.8826676096006206
304,B,H4,current_m3,controlled_q0.010_phi3.141592653590,controlled,0.01,3.14159265359,1,0.275,fit_ok,resolved,True,E_state_hartree,True,-8.80284333046678e-08,-7.344071419283206e-08,-1.458771911183573e-08,-6.83734835983777e-08,5.0672305944543685e-09,-1.9654949706290098e-08,0.347362775195135,0.6526372248048651,0.8826676096006206
305,B,H4,current_m3,controlled_q0.010_phi4.712388980385,controlled,0.01,4.712388980385,1,0.275,fit_ok,resolved,True,E_state_hartree,True,-6.829611251219957e-08,-7.344071419283206e-08,5.144601680632497e-09,-6.83734835983777e-08,5.0672305944543685e-09,7.737108617812841e-11,0.9849607236903487,0.015039276309651295,0.8826676096006206
232,B,H4,current_m3,controlled_q0.010_phi0.000000000000,controlled,0.01,0.0,-1,0.35,fit_ok,resolved,True,E_state_hartree,True,-1.2626984274358843e-07,-1.9238971915592217e-07,6.611987641233375e-08,-1.7930953281778832e-07,1.3080186338133854e-08,5.303969007419989e-08,0.197825329505515,0.802174670494485,0.8915755380197353
233,B,H4,current_m3,controlled_q0.010_phi1.570796326795,controlled,0.01,1.570796326795,-1,0.35,fit_ok,resolved,True,E_state_hartree,True,-1.7855978195787423e-07,-1.9238971915592217e-07,1.3829937198047945e-08,-1.7930953281778832e-07,1.3080186338133854e-08,7.497508599140914e-10,0.9457878333663065,0.05421216663369355,0.8915755380197353
234,B,H4,current_m3,controlled_q0.010_phi3.141592653590,controlled,0.01,3.14159265359,-1,0.35,fit_ok,resolved,True,E_state_hartree,True,-2.3234922288862962e-07,-1.9238971915592217e-07,-3.995950373270745e-08,-1.7930953281778832e-07,1.3080186338133854e-08,-5.30396900708413e-08,0.3273360556634623,0.6726639443365376,0.8915755380197353
235,B,H4,current_m3,controlled_q0.010_phi4.712388980385,controlled,0.01,4.712388980385,-1,0.35,fit_ok,resolved,True,E_state_hartree,True,-1.8005928368106106e-07,-1.9238971915592217e-07,1.2330435474861118e-08,-1.7930953281778832e-07,1.3080186338133854e-08,-7.497508632727359e-10,1.0608048973453779,-0.06080489734537786,0.8915755380197353
316,B,H4,current_m3,controlled_q0.010_phi0.000000000000,controlled,0.01,0.0,1,0.35,fit_ok,resolved,True,E_state_hartree,True,-1.2626984274358835e-07,-1.9238971915592217e-07,6.611987641233382e-08,-1.7930953281778832e-07,1.3080186338133854e-08,5.303969007419997e-08,0.1978253295055148,0.8021746704944852,0.8915755380197352
317,B,H4,current_m3,controlled_q0.010_phi1.570796326795,controlled,0.01,1.570796326795,1,0.35,fit_ok,resolved,True,E_state_hartree,True,-1.8005928368106106e-07,-1.9238971915592217e-07,1.2330435474861118e-08,-1.7930953281778832e-07,1.3080186338133854e-08,-7.497508632727359e-10,1.0608048973453779,-0.06080489734537786,0.8915755380197352
318,B,H4,current_m3,controlled_q0.010_phi3.141592653590,controlled,0.01,3.14159265359,1,0.35,fit_ok,resolved,True,E_state_hartree,True,-2.3234922288862962e-07,-1.9238971915592217e-07,-3.995950373270745e-08,-1.7930953281778832e-07,1.3080186338133854e-08,-5.30396900708413e-08,0.3273360556634623,0.6726639443365376,0.8915755380197352
319,B,H4,current_m3,controlled_q0.010_phi4.712388980385,controlled,0.01,4.712388980385,1,0.35,fit_ok,resolved,True,E_state_hartree,True,-1.7855978195787423e-07,-1.9238971915592217e-07,1.3829937198047945e-08,-1.7930953281778832e-07,1.3080186338133854e-08,7.497508599140914e-10,0.9457878333663065,0.05421216663369355,0.8915755380197352
246,B,H4,current_m3,controlled_q0.010_phi0.000000000000,controlled,0.01,0.0,-1,0.4,fit_ok,resolved,True,E_state_hartree,True,-2.133660376255576e-07,-3.2778532288730907e-07,1.1441928526175146e-07,-3.0576263610170874e-07,2.202268678560033e-08,9.239659847615113e-08,0.1924735566667813,0.8075264433332188,0.8980240732525822
247,B,H4,current_m3,controlled_q0.010_phi1.570796326795,controlled,0.01,1.570796326795,-1,0.4,fit_ok,resolved,True,E_state_hartree,True,-3.035501349021516e-07,-3.2778532288730907e-07,2.4235187985157467e-08,-3.0576263610170874e-07,2.202268678560033e-08,2.2125011995571353e-09,0.90870707498072,0.09129292501927999,0.8980240732525822
248,B,H4,current_m3,controlled_q0.010_phi3.141592653590,controlled,0.01,3.14159265359,-1,0.4,fit_ok,resolved,True,E_state_hartree,True,-3.981592345768847e-07,-3.2778532288730907e-07,-7.037391168957562e-08,-3.0576263610170874e-07,2.202268678560033e-08,-9.239659847517596e-08,0.31293822180503456,0.6870617781949655,0.8980240732525822
249,B,H4,current_m3,controlled_q0.010_phi4.712388980385,controlled,0.01,4.712388980385,-1,0.4,fit_ok,resolved,True,E_state_hartree,True,-3.07975137302241e-07,-3.2778532288730907e-07,1.981018558506805e-08,-3.0576263610170874e-07,2.202268678560033e-08,-2.212501200532282e-09,1.1116850314718887,-0.11168503147188868,0.8980240732525822
330,B,H4,current_m3,controlled_q0.010_phi0.000000000000,controlled,0.01,0.0,1,0.4,fit_ok,resolved,True,E_state_hartree,True,-2.133660376255576e-07,-3.2778532288730907e-07,1.1441928526175146e-07,-3.0576263610170874e-07,2.202268678560033e-08,9.239659847615113e-08,0.1924735566667813,0.8075264433332188,0.8980240732525822
331,B,H4,current_m3,controlled_q0.010_phi1.570796326795,controlled,0.01,1.570796326795,1,0.4,fit_ok,resolved,True,E_state_hartree,True,-3.07975137302241e-07,-3.2778532288730907e-07,1.981018558506805e-08,-3.0576263610170874e-07,2.202268678560033e-08,-2.212501200532282e-09,1.1116850314718887,-0.11168503147188868,0.8980240732525822
332,B,H4,current_m3,controlled_q0.010_phi3.141592653590,controlled,0.01,3.14159265359,1,0.4,fit_ok,resolved,True,E_state_hartree,True,-3.981592345768847e-07,-3.2778532288730907e-07,-7.037391168957562e-08,-3.0576263610170874e-07,2.202268678560033e-08,-9.239659847517596e-08,0.31293822180503456,0.6870617781949655,0.8980240732525822
333,B,H4,current_m3,controlled_q0.010_phi4.712388980385,controlled,0.01,4.712388980385,1,0.4,fit_ok,resolved,True,E_state_hartree,True,-3.035501349021516e-07,-3.2778532288730907e-07,2.4235187985157467e-08,-3.0576263610170874e-07,2.202268678560033e-08,2.2125011995571353e-09,0.90870707498072,0.09129292501927999,0.8980240732525822
180,B,H4,current_m3,controlled_q0.050_phi0.000000000000,controlled,0.05,0.0,-1,0.125,fit_ok,marginal,False,E_state_hartree,False,-2.701947541500129e-10,-3.1414579371168396e-09,2.8712631829668268e-09,-2.0372009051708944e-09,1.1042570319459452e-09,1.7670061510208816e-09,0.3845892771156336,0.6154107228843664,0.5614597401426884
181,B,H4,current_m3,controlled_q0.050_phi1.570796326795,controlled,0.05,1.570796326795,-1,0.125,fit_ok,resolved,True,E_state_hartree,False,-2.042127258961024e-09,-3.1414579371168396e-09,1.0993306781558156e-09,-2.0372009051708944e-09,1.1042570319459452e-09,-4.926353790129549e-12,1.004481230159422,-0.004481230159421923,0.5614597401426884
182,B,H4,current_m3,controlled_q0.050_phi3.141592653590,controlled,0.05,3.14159265359,-1,0.125,fit_ok,resolved,True,E_state_hartree,False,-3.804207036721341e-09,-3.1414579371168396e-09,-6.627490996045015e-10,-2.0372009051708944e-09,1.1042570319459452e-09,-1.7670061315504467e-09,1.666176585686673,-0.666176585686673,0.5614597401426884
183,B,H4,current_m3,controlled_q0.050_phi4.712388980385,controlled,0.05,4.712388980385,-1,0.125,fit_ok,resolved,True,E_state_hartree,False,-2.0322745708512002e-09,-3.1414579371168396e-09,1.1091833662656394e-09,-2.0372009051708944e-09,1.1042570319459452e-09,4.9263343196942105e-12,0.9955585934034694,0.004441406596530584,0.5614597401426884
264,B,H4,current_m3,controlled_q0.050_phi0.000000000000,controlled,0.05,0.0,1,0.125,fit_ok,marginal,False,E_state_hartree,False,-2.701947541500128e-10,-3.1414579371168396e-09,2.8712631829668268e-09,-2.0372009051708944e-09,1.1042570319459452e-09,1.7670061510208816e-09,0.3845892771156336,0.6154107228843664,0.5614597401426884
265,B,H4,current_m3,controlled_q0.050_phi1.570796326795,controlled,0.05,1.570796326795,1,0.125,fit_ok,resolved,True,E_state_hartree,False,-2.0322745708512002e-09,-3.1414579371168396e-09,1.1091833662656394e-09,-2.0372009051708944e-09,1.1042570319459452e-09,4.9263343196942105e-12,0.9955585934034694,0.004441406596530584,0.5614597401426884
266,B,H4,current_m3,controlled_q0.050_phi3.141592653590,controlled,0.05,3.14159265359,1,0.125,fit_ok,resolved,True,E_state_hartree,False,-3.804207036721341e-09,-3.1414579371168396e-09,-6.627490996045015e-10,-2.0372009051708944e-09,1.1042570319459452e-09,-1.7670061315504467e-09,1.666176585686673,-0.666176585686673,0.5614597401426884
267,B,H4,current_m3,controlled_q0.050_phi4.712388980385,controlled,0.05,4.712388980385,1,0.125,fit_ok,resolved,True,E_state_hartree,False,-2.042127258961024e-09,-3.1414579371168396e-09,1.0993306781558156e-09,-2.0372009051708944e-09,1.1042570319459452e-09,-4.926353790129549e-12,1.004481230159422,-0.004481230159421923,0.5614597401426884
194,B,H4,current_m3,controlled_q0.050_phi0.000000000000,controlled,0.05,0.0,-1,0.175,fit_ok,resolved,True,E_state_hartree,True,-9.841211475205855e-10,-1.2062099314378261e-08,1.1077978166857675e-08,-7.841889235603711e-09,4.22021007877455e-09,6.857768088083125e-09,0.38095490126531223,0.6190450987346878,0.5690195524731543
195,B,H4,current_m3,controlled_q0.050_phi1.570796326795,controlled,0.05,1.570796326795,-1,0.175,fit_ok,resolved,True,E_state_hartree,True,-7.85722204561206e-09,-1.2062099314378261e-08,4.204877268766202e-09,-7.841889235603711e-09,4.22021007877455e-09,-1.5332810008348418e-11,1.0036464346111218,-0.003646434611121796,0.5690195524731543
196,B,H4,current_m3,controlled_q0.050_phi3.141592653590,controlled,0.05,3.14159265359,-1,0.175,fit_ok,resolved,True,E_state_hartree,True,-1.4699657302698486e-08,-1.2062099314378261e-08,-2.6375579883202246e-09,-7.841889235603711e-09,4.22021007877455e-09,-6.857768067094775e-09,1.6000444719936815,-0.6000444719936815,0.5690195524731543
197,B,H4,current_m3,controlled_q0.050_phi4.712388980385,controlled,0.05,4.712388980385,-1,0.175,fit_ok,resolved,True,E_state_hartree,True,-7.826556446583716e-09,-1.2062099314378261e-08,4.235542867794546e-09,-7.841889235603711e-09,4.22021007877455e-09,1.5332789019995296e-11,0.9963799707620528,0.003620029237947242,0.5690195524731543
278,B,H4,current_m3,controlled_q0.050_phi0.000000000000,controlled,0.05,0.0,1,0.175,fit_ok,resolved,True,E_state_hartree,True,-9.841211475205802e-10,-1.2062099314378261e-08,1.1077978166857682e-08,-7.841889235603711e-09,4.22021007877455e-09,6.857768088083131e-09,0.380954901265312,0.619045098734688,0.5690195524731543
279,B,H4,current_m3,controlled_q0.050_phi1.570796326795,controlled,0.05,1.570796326795,1,0.175,fit_ok,resolved,True,E_state_hartree,True,-7.826556446583716e-09,-1.2062099314378261e-08,4.235542867794546e-09,-7.841889235603711e-09,4.22021007877455e-09,1.5332789019995296e-11,0.9963799707620528,0.003620029237947242,0.5690195524731543
280,B,H4,current_m3,controlled_q0.050_phi3.141592653590,controlled,0.05,3.14159265359,1,0.175,fit_ok,resolved,True,E_state_hartree,True,-1.4699657302698486e-08,-1.2062099314378261e-08,-2.6375579883202246e-09,-7.841889235603711e-09,4.22021007877455e-09,-6.857768067094775e-09,1.6000444719936815,-0.6000444719936815,0.5690195524731543
281,B,H4,current_m3,controlled_q0.050_phi4.712388980385,controlled,0.05,4.712388980385,1,0.175,fit_ok,resolved,True,E_state_hartree,True,-7.85722204561206e-09,-1.2062099314378261e-08,4.204877268766202e-09,-7.841889235603711e-09,4.22021007877455e-09,-1.5332810008348418e-11,1.0036464346111218,-0.003646434611121796,0.5690195524731543
208,B,H4,current_m3,controlled_q0.050_phi0.000000000000,controlled,0.05,0.0,-1,0.225,fit_ok,resolved,True,E_state_hartree,True,-2.4971828370506496e-09,-3.293865743012029e-08,3.044147459306964e-08,-2.1485974488807973e-08,1.1452682941312315e-08,1.8988791651757325e-08,0.3762197165021583,0.6237802834978416,0.5788617652827326
209,B,H4,current_m3,controlled_q0.050_phi1.570796326795,controlled,0.05,1.570796326795,-1,0.225,fit_ok,resolved,True,E_state_hartree,True,-2.1487971633519603e-08,-3.293865743012029e-08,1.1450685796600685e-08,-2.1485974488807973e-08,1.1452682941312315e-08,-1.9971447116297353e-12,1.00017441267249,-0.0001744126724900763,0.5788617652827326
210,B,H4,current_m3,controlled_q0.050_phi3.141592653590,controlled,0.05,3.14159265359,-1,0.225,fit_ok,resolved,True,E_state_hartree,True,-4.0474766140609125e-08,-3.293865743012029e-08,-7.536108710488837e-09,-2.1485974488807973e-08,1.1452682941312315e-08,-1.8988791651801152e-08,1.5197077671361543,-0.5197077671361543,0.5788617652827326
211,B,H4,current_m3,controlled_q0.050_phi4.712388980385,controlled,0.05,4.712388980385,-1,0.225,fit_ok,resolved,True,E_state_hartree,True,-2.148397734405252e-08,-3.293865743012029e-08,1.1454680086067768e-08,-2.1485974488807973e-08,1.1452682941312315e-08,1.997144755453764e-12,0.9998256481420303,0.0001743518579696568,0.5788617652827326
292,B,H4,current_m3,controlled_q0.050_phi0.000000000000,controlled,0.05,0.0,1,0.225,fit_ok,resolved,True,E_state_hartree,True,-2.497182837050658e-09,-3.293865743012029e-08,3.044147459306963e-08,-2.1485974488807976e-08,1.1452682941312311e-08,1.898879165175732e-08,0.3762197165021583,0.6237802834978416,0.5788617652827325
293,B,H4,current_m3,controlled_q0.050_phi1.570796326795,controlled,0.05,1.570796326795,1,0.225,fit_ok,resolved,True,E_state_hartree,True,-2.148397734405252e-08,-3.293865743012029e-08,1.1454680086067768e-08,-2.1485974488807976e-08,1.1452682941312311e-08,1.997144755457073e-12,0.9998256481420301,0.00017435185796987884,0.5788617652827325
294,B,H4,current_m3,controlled_q0.050_phi3.141592653590,controlled,0.05,3.14159265359,1,0.225,fit_ok,resolved,True,E_state_hartree,True,-4.0474766140609125e-08,-3.293865743012029e-08,-7.536108710488837e-09,-2.1485974488807976e-08,1.1452682941312311e-08,-1.898879165180115e-08,1.5197077671361539,-0.5197077671361539,0.5788617652827325
295,B,H4,current_m3,controlled_q0.050_phi4.712388980385,controlled,0.05,4.712388980385,1,0.225,fit_ok,resolved,True,E_state_hartree,True,-2.1487971633519603e-08,-3.293865743012029e-08,1.1450685796600685e-08,-2.1485974488807976e-08,1.1452682941312311e-08,-1.9971447116264266e-12,1.0001744126724899,-0.00017441267248985426,0.5788617652827325
222,B,H4,current_m3,controlled_q0.050_phi0.000000000000,controlled,0.05,0.0,-1,0.275,fit_ok,resolved,True,E_state_hartree,True,-5.051786704863075e-09,-7.344071419283206e-08,6.838892748796899e-08,-4.8104561197980513e-08,2.533615299485155e-08,4.305277449311744e-08,0.37047156499579115,0.6295284350042089,0.5907960005889157
223,B,H4,current_m3,controlled_q0.050_phi1.570796326795,controlled,0.05,1.570796326795,-1,0.275,fit_ok,resolved,True,E_state_hartree,True,-4.793508530765887e-08,-7.344071419283206e-08,2.550562888517319e-08,-4.8104561197980513e-08,2.533615299485155e-08,1.694758903216403e-10,0.9933553533972982,0.006644646602701809,0.5907960005889157
224,B,H4,current_m3,controlled_q0.050_phi3.141592653590,controlled,0.05,3.14159265359,-1,0.275,fit_ok,resolved,True,E_state_hartree,True,-9.115733569474187e-08,-7.344071419283206e-08,-1.771662150190981e-08,-4.8104561197980513e-08,2.533615299485155e-08,-4.305277449676136e-08,1.4300781326801146,-0.43007813268011463,0.5907960005889157
225,B,H4,current_m3,controlled_q0.050_phi4.712388980385,controlled,0.05,4.712388980385,-1,0.275,fit_ok,resolved,True,E_state_hartree,True,-4.827403708465824e-08,-7.344071419283206e-08,2.5166677108173826e-08,-4.8104561197980513e-08,2.533615299485155e-08,-1.6947588667772441e-10,1.0067341383985366,-0.006734138398536649,0.5907960005889157
306,B,H4,current_m3,controlled_q0.050_phi0.000000000000,controlled,0.05,0.0,1,0.275,fit_ok,resolved,True,E_state_hartree,True,-5.051786704863062e-09,-7.344071419283206e-08,6.8388927487969e-08,-4.8104561197980513e-08,2.533615299485155e-08,4.305277449311745e-08,0.3704715649957911,0.629528435004209,0.5907960005889158
307,B,H4,current_m3,controlled_q0.050_phi1.570796326795,controlled,0.05,1.570796326795,1,0.275,fit_ok,resolved,True,E_state_hartree,True,-4.827403708465824e-08,-7.344071419283206e-08,2.5166677108173826e-08,-4.8104561197980513e-08,2.533615299485155e-08,-1.6947588667772441e-10,1.0067341383985366,-0.006734138398536649,0.5907960005889158
308,B,H4,current_m3,controlled_q0.050_phi3.141592653590,controlled,0.05,3.14159265359,1,0.275,fit_ok,resolved,True,E_state_hartree,True,-9.115733569474187e-08,-7.344071419283206e-08,-1.771662150190981e-08,-4.8104561197980513e-08,2.533615299485155e-08,-4.305277449676136e-08,1.4300781326801146,-0.43007813268011463,0.5907960005889158
309,B,H4,current_m3,controlled_q0.050_phi4.712388980385,controlled,0.05,4.712388980385,1,0.275,fit_ok,resolved,True,E_state_hartree,True,-4.793508530765887e-08,-7.344071419283206e-08,2.550562888517319e-08,-4.8104561197980513e-08,2.533615299485155e-08,1.694758903216403e-10,0.9933553533972982,0.006644646602701809,0.5907960005889158
236,B,H4,current_m3,controlled_q0.050_phi0.000000000000,controlled,0.05,0.0,-1,0.35,fit_ok,resolved,True,E_state_hartree,True,-1.0809105020898414e-08,-1.9238971915592217e-07,1.8158061413502377e-07,-1.269887874995198e-07,6.540093165640236e-08,1.161796824786214e-07,0.360175737745716,0.639824262254284,0.6121255176733752
237,B,H4,current_m3,controlled_q0.050_phi1.570796326795,controlled,0.05,1.570796326795,-1,0.35,fit_ok,resolved,True,E_state_hartree,True,-1.2534651137973458e-07,-1.9238971915592217e-07,6.70432077761876e-08,-1.269887874995198e-07,6.540093165640236e-08,1.6422761197852332e-09,0.9755042132639641,0.02449578673603592,0.6121255176733752
238,B,H4,current_m3,controlled_q0.050_phi3.141592653590,controlled,0.05,3.14159265359,-1,0.35,fit_ok,resolved,True,E_state_hartree,True,-2.431684699744286e-07,-1.9238971915592217e-07,-5.0778750818506413e-08,-1.269887874995198e-07,6.540093165640236e-08,-1.1617968247490878e-07,1.2879586559771548,-0.28795865597715475,0.6121255176733752
239,B,H4,current_m3,controlled_q0.050_phi4.712388980385,controlled,0.05,4.712388980385,-1,0.35,fit_ok,resolved,True,E_state_hartree,True,-1.2863106362301767e-07,-1.9238971915592217e-07,6.375865553290451e-08,-1.269887874995198e-07,6.540093165640236e-08,-1.642276123497858e-09,1.0257576968926252,-0.025757696892625193,0.6121255176733752
320,B,H4,current_m3,controlled_q0.050_phi0.000000000000,controlled,0.05,0.0,1,0.35,fit_ok,resolved,True,E_state_hartree,True,-1.0809105020898528e-08,-1.9238971915592217e-07,1.8158061413502364e-07,-1.2698878749951983e-07,6.540093165640234e-08,1.161796824786213e-07,0.3601757377457161,0.6398242622542839,0.6121255176733752
321,B,H4,current_m3,controlled_q0.050_phi1.570796326795,controlled,0.05,1.570796326795,1,0.35,fit_ok,resolved,True,E_state_hartree,True,-1.2863106362301767e-07,-1.9238971915592217e-07,6.375865553290451e-08,-1.2698878749951983e-07,6.540093165640234e-08,-1.6422761234978316e-09,1.0257576968926247,-0.02575769689262475,0.6121255176733752
322,B,H4,current_m3,controlled_q0.050_phi3.141592653590,controlled,0.05,3.14159265359,1,0.35,fit_ok,resolved,True,E_state_hartree,True,-2.431684699744286e-07,-1.9238971915592217e-07,-5.0778750818506413e-08,-1.2698878749951983e-07,6.540093165640234e-08,-1.1617968247490875e-07,1.287958655977154,-0.2879586559771541,0.6121255176733752
323,B,H4,current_m3,controlled_q0.050_phi4.712388980385,controlled,0.05,4.712388980385,1,0.35,fit_ok,resolved,True,E_state_hartree,True,-1.2534651137973458e-07,-1.9238971915592217e-07,6.70432077761876e-08,-1.2698878749951983e-07,6.540093165640234e-08,1.6422761197852597e-09,0.9755042132639637,0.02449578673603625,0.6121255176733752
250,B,H4,current_m3,controlled_q0.050_phi0.000000000000,controlled,0.05,0.0,-1,0.4,fit_ok,resolved,True,E_state_hartree,True,-1.528368716428026e-08,-3.2778532288730907e-07,3.1250163572302883e-07,-2.1767188849238923e-07,1.1011343439491983e-07,2.02388201328109e-07,0.35236114569497395,0.647638854305026,0.6282646276818471
251,B,H4,current_m3,controlled_q0.050_phi1.570796326795,controlled,0.05,1.570796326795,-1,0.4,fit_ok,resolved,True,E_state_hartree,True,-2.128255614103347e-07,-3.2778532288730907e-07,1.1495976147697436e-07,-2.1767188849238923e-07,1.1011343439491983e-07,4.846327082054528e-09,0.9578432747268251,0.04215672527317493,0.6282646276818471
252,B,H4,current_m3,controlled_q0.050_phi3.141592653590,controlled,0.05,3.14159265359,-1,0.4,fit_ok,resolved,True,E_state_hartree,True,-4.2006008982268257e-07,-3.2778532288730907e-07,-9.22747669353735e-08,-2.1767188849238923e-07,1.1011343439491983e-07,-2.0238820133029334e-07,1.193321186842336,-0.1933211868423359,0.6282646276818471
253,B,H4,current_m3,controlled_q0.050_phi4.712388980385,controlled,0.05,4.712388980385,-1,0.4,fit_ok,resolved,True,E_state_hartree,True,-2.2251821557225937e-07,-3.2778532288730907e-07,1.052671073150497e-07,-2.1767188849238923e-07,1.1011343439491983e-07,-4.8463270798701355e-09,1.0460383799220943,-0.04603837992209425,0.6282646276818471
334,B,H4,current_m3,controlled_q0.050_phi0.000000000000,controlled,0.05,0.0,1,0.4,fit_ok,resolved,True,E_state_hartree,True,-1.528368716428036e-08,-3.2778532288730907e-07,3.1250163572302873e-07,-2.1767188849238926e-07,1.1011343439491981e-07,2.0238820132810892e-07,0.35236114569497395,0.647638854305026,0.6282646276818472
335,B,H4,current_m3,controlled_q0.050_phi1.570796326795,controlled,0.05,1.570796326795,1,0.4,fit_ok,resolved,True,E_state_hartree,True,-2.2251821557225937e-07,-3.2778532288730907e-07,1.052671073150497e-07,-2.1767188849238926e-07,1.1011343439491981e-07,-4.846327079870109e-09,1.046038379922094,-0.04603837992209403,0.6282646276818472
336,B,H4,current_m3,controlled_q0.050_phi3.141592653590,controlled,0.05,3.14159265359,1,0.4,fit_ok,resolved,True,E_state_hartree,True,-4.2006008982268257e-07,-3.2778532288730907e-07,-9.22747669353735e-08,-2.1767188849238926e-07,1.1011343439491981e-07,-2.023882013302933e-07,1.1933211868423355,-0.19332118684233546,0.6282646276818472
337,B,H4,current_m3,controlled_q0.050_phi4.712388980385,controlled,0.05,4.712388980385,1,0.4,fit_ok,resolved,True,E_state_hartree,True,-2.128255614103347e-07,-3.2778532288730907e-07,1.1495976147697436e-07,-2.1767188849238926e-07,1.1011343439491981e-07,4.846327082054554e-09,0.9578432747268248,0.042156725273175155,0.6282646276818472
508,B,H4,m5_best,controlled_q0.001_phi0.000000000000,controlled,0.001,0.0,-1,0.125,not_identifiable,marginal,False,E_state_hartree,False,-1.4372368651649948e-10,-2.758194295812301e-10,1.3209574306473065e-10,-2.67672831427189e-10,8.146598154041121e-12,1.2394914491068953e-10,0.06167192041948739,0.9383280795805126,0.9914347512758975
509,B,H4,m5_best,controlled_q0.001_phi1.570796326795,controlled,0.001,1.570796326795,-1,0.125,fit_ok,marginal,False,E_state_hartree,False,-2.6683878544264683e-10,-2.758194295812301e-10,8.980644138583295e-12,-2.67672831427189e-10,8.146598154041121e-12,8.340459845421736e-13,0.9071284897083401,0.09287151029165985,0.9914347512758975
510,B,H4,m5_best,controlled_q0.001_phi3.141592653590,controlled,0.001,3.14159265359,-1,0.125,fit_ok,marginal,False,E_state_hartree,False,-3.916219790291453e-10,-2.758194295812301e-10,-1.158025494479152e-10,-2.67672831427189e-10,8.146598154041121e-12,-1.2394914760195632e-10,0.07034903974808634,0.9296509602519136,0.9914347512758975
511,B,H4,m5_best,controlled_q0.001_phi4.712388980385,controlled,0.001,4.712388980385,-1,0.125,fit_ok,marginal,False,mixed,False,-2.685068747204644e-10,-2.758194295812301e-10,7.312554860765709e-12,-2.67672831427189e-10,8.146598154041121e-12,-8.340432932754124e-13,1.114056346811199,-0.11405634681119903,0.9914347512758975
592,B,H4,m5_best,controlled_q0.001_phi0.000000000000,controlled,0.001,0.0,1,0.125,not_identifiable,marginal,False,E_state_hartree,False,-1.4372368651650025e-10,-2.758194295812301e-10,1.3209574306472987e-10,-2.676728314271892e-10,8.146598154040914e-12,1.2394914491068896e-10,0.06167192041948618,0.9383280795805138,0.9914347512758979
593,B,H4,m5_best,controlled_q0.001_phi1.570796326795,controlled,0.001,1.570796326795,1,0.125,fit_ok,marginal,False,E_state_hartree,False,-2.685068747204644e-10,-2.758194295812301e-10,7.312554860765709e-12,-2.676728314271892e-10,8.146598154040914e-12,-8.340432932752056e-13,1.1140563468111706,-0.1140563468111706,0.9914347512758979
594,B,H4,m5_best,controlled_q0.001_phi3.141592653590,controlled,0.001,3.14159265359,1,0.125,fit_ok,marginal,False,E_state_hartree,False,-3.916219790291453e-10,-2.758194295812301e-10,-1.158025494479152e-10,-2.676728314271892e-10,8.146598154040914e-12,-1.239491476019561e-10,0.07034903974808457,0.9296509602519154,0.9914347512758979
595,B,H4,m5_best,controlled_q0.001_phi4.712388980385,controlled,0.001,4.712388980385,1,0.125,fit_ok,marginal,False,mixed,False,-2.6683878544264683e-10,-2.758194295812301e-10,8.980644138583295e-12,-2.676728314271892e-10,8.146598154040914e-12,8.340459845423804e-13,0.907128489708317,0.09287151029168295,0.9914347512758979
522,B,H4,m5_best,controlled_q0.001_phi0.000000000000,controlled,0.001,0.0,-1,0.175,not_identifiable,resolved,False,E_state_hartree,True,-5.473174451142969e-10,-1.0587828940887897e-09,5.114654489744928e-10,-1.027679888225251e-09,3.110300586353879e-11,4.80362443110954e-10,0.06081154831846701,0.939188451681533,0.9916858067874372
523,B,H4,m5_best,controlled_q0.001_phi1.570796326795,controlled,0.001,1.570796326795,-1,0.175,fit_ok,resolved,True,E_state_hartree,True,-1.0224938269588162e-09,-1.0587828940887897e-09,3.628906712997349e-11,-1.027679888225251e-09,3.110300586353879e-11,5.186061266434699e-12,0.8570902567470191,0.1429097432529809,0.9916858067874372
524,B,H4,m5_best,controlled_q0.001_phi3.141592653590,controlled,0.001,3.14159265359,-1,0.175,fit_ok,resolved,True,E_state_hartree,True,-1.508042329083039e-09,-1.0587828940887897e-09,-4.4925943499424926e-10,-1.027679888225251e-09,3.110300586353879e-11,-4.80362440857788e-10,0.06923172545933716,0.9307682745406628,0.9916858067874372
525,B,H4,m5_best,controlled_q0.001_phi4.712388980385,controlled,0.001,4.712388980385,-1,0.175,fit_ok,resolved,True,mixed,True,-1.0328659517448516e-09,-1.0587828940887897e-09,2.5916942343938136e-11,-1.027679888225251e-09,3.110300586353879e-11,-5.186063519600655e-12,1.2001032162967964,-0.2001032162967964,0.9916858067874372
606,B,H4,m5_best,controlled_q0.001_phi0.000000000000,controlled,0.001,0.0,1,0.175,not_identifiable,resolved,False,E_state_hartree,True,-5.473174451142946e-10,-1.0587828940887897e-09,5.114654489744952e-10,-1.0276798882252503e-09,3.110300586353941e-11,4.803624431109558e-10,0.06081154831846794,0.9391884516815321,0.991685806787437
607,B,H4,m5_best,controlled_q0.001_phi1.570796326795,controlled,0.001,1.570796326795,1,0.175,fit_ok,resolved,True,E_state_hartree,True,-1.0328659517448516e-09,-1.0587828940887897e-09,2.5916942343938136e-11,-1.0276798882252503e-09,3.110300586353941e-11,-5.186063519601275e-12,1.2001032162968204,-0.20010321629682037,0.991685806787437
608,B,H4,m5_best,controlled_q0.001_phi3.141592653590,controlled,0.001,3.14159265359,1,0.175,fit_ok,resolved,True,E_state_hartree,True,-1.508042329083039e-09,-1.0587828940887897e-09,-4.4925943499424926e-10,-1.0276798882252503e-09,3.110300586353941e-11,-4.803624408577887e-10,0.06923172545933853,0.9307682745406615,0.991685806787437
609,B,H4,m5_best,controlled_q0.001_phi4.712388980385,controlled,0.001,4.712388980385,1,0.175,fit_ok,resolved,True,mixed,True,-1.0224938269588162e-09,-1.0587828940887897e-09,3.628906712997349e-11,-1.0276798882252503e-09,3.110300586353941e-11,5.186061266434078e-12,0.8570902567470362,0.1429097432529638,0.991685806787437
536,B,H4,m5_best,controlled_q0.001_phi0.000000000000,controlled,0.001,0.0,-1,0.225,not_identifiable,resolved,False,E_state_hartree,True,-1.4783489286856772e-09,-2.8902949775427035e-09,1.4119460488570263e-09,-2.806005828748361e-09,8.428914879434255e-11,1.3276569000626837e-09,0.05969714555494158,0.9403028544450585,0.9920053013234745
537,B,H4,m5_best,controlled_q0.001_phi1.570796326795,controlled,0.001,1.570796326795,-1,0.225,fit_ok,resolved,True,E_state_hartree,True,-2.7845402498058136e-09,-2.8902949775427035e-09,1.0575472773688983e-10,-2.806005828748361e-09,8.428914879434255e-11,2.1465578942547284e-11,0.7970248763161483,0.20297512368385173,0.9920053013234745
538,B,H4,m5_best,controlled_q0.001_phi3.141592653590,controlled,0.001,3.14159265359,-1,0.225,fit_ok,resolved,True,E_state_hartree,True,-4.133662727489819e-09,-2.8902949775427035e-09,-1.2433677499471156e-09,-2.806005828748361e-09,8.428914879434255e-11,-1.3276568987414581e-09,0.06779100455028501,0.932208995449715,0.9920053013234745
539,B,H4,m5_best,controlled_q0.001_phi4.712388980385,controlled,0.001,4.712388980385,-1,0.225,fit_ok,resolved,True,mixed,True,-2.827471409012134e-09,-2.8902949775427035e-09,6.282356853056945e-11,-2.806005828748361e-09,8.428914879434255e-11,-2.1465580263773098e-11,1.3416803719662649,-0.3416803719662649,0.9920053013234745
620,B,H4,m5_best,controlled_q0.001_phi0.000000000000,controlled,0.001,0.0,1,0.225,not_identifiable,resolved,False,E_state_hartree,True,-1.4783489286856813e-09,-2.8902949775427035e-09,1.4119460488570221e-09,-2.806005828748362e-09,8.428914879434131e-11,1.3276569000626808e-09,0.05969714555494087,0.9403028544450591,0.9920053013234748
621,B,H4,m5_best,controlled_q0.001_phi1.570796326795,controlled,0.001,1.570796326795,1,0.225,fit_ok,resolved,True,E_state_hartree,True,-2.827471409012134e-09,-2.8902949775427035e-09,6.282356853056945e-11,-2.806005828748362e-09,8.428914879434131e-11,-2.1465580263771857e-11,1.3416803719662451,-0.3416803719662451,0.9920053013234748
622,B,H4,m5_best,controlled_q0.001_phi3.141592653590,controlled,0.001,3.14159265359,1,0.225,fit_ok,resolved,True,E_state_hartree,True,-4.133662727489819e-09,-2.8902949775427035e-09,-1.2433677499471156e-09,-2.806005828748362e-09,8.428914879434131e-11,-1.3276568987414569e-09,0.06779100455028401,0.932208995449716,0.9920053013234748
623,B,H4,m5_best,controlled_q0.001_phi4.712388980385,controlled,0.001,4.712388980385,1,0.225,fit_ok,resolved,True,mixed,True,-2.7845402498058136e-09,-2.8902949775427035e-09,1.0575472773688983e-10,-2.806005828748362e-09,8.428914879434131e-11,2.1465578942548525e-11,0.7970248763161365,0.2029751236838635,0.9920053013234748
550,B,H4,m5_best,controlled_q0.001_phi0.000000000000,controlled,0.001,0.0,-1,0.275,not_identifiable,resolved,False,E_state_hartree,True,-3.2518134106294103e-09,-6.441500161199642e-09,3.1896867505702316e-09,-6.255359537957464e-09,1.8614062324217806e-10,3.0035461273280536e-09,0.05835702305528938,0.9416429769447107,0.9923811427523651
551,B,H4,m5_best,controlled_q0.001_phi1.570796326795,controlled,0.001,1.570796326795,-1,0.275,fit_ok,resolved,True,E_state_hartree,True,-6.1858734864215425e-09,-6.441500161199642e-09,2.5562667477809934e-10,-6.255359537957464e-09,1.8614062324217806e-10,6.948605153592128e-11,0.728173706455949,0.27182629354405097,0.9923811427523651
552,B,H4,m5_best,controlled_q0.001_phi3.141592653590,controlled,0.001,3.14159265359,-1,0.275,fit_ok,resolved,True,E_state_hartree,True,-9.25890566433076e-09,-6.441500161199642e-09,-2.8174055031311176e-09,-6.255359537957464e-09,1.8614062324217806e-10,-3.0035461263732956e-09,0.0660680981262055,0.9339319018737945,0.9923811427523651
553,B,H4,m5_best,controlled_q0.001_phi4.712388980385,controlled,0.001,4.712388980385,-1,0.275,fit_ok,resolved,True,mixed,True,-6.324845590448143e-09,-6.441500161199642e-09,1.1665457075149927e-10,-6.255359537957464e-09,1.8614062324217806e-10,-6.948605249067879e-11,1.5956564928664463,-0.5956564928664463,0.9923811427523651
634,B,H4,m5_best,controlled_q0.001_phi0.000000000000,controlled,0.001,0.0,1,0.275,not_identifiable,resolved,False,E_state_hartree,True,-3.251813410629403e-09,-6.441500161199642e-09,3.189686750570239e-09,-6.255359537957462e-09,1.861406232421797e-10,3.0035461273280593e-09,0.05835702305528976,0.9416429769447102,0.9923811427523652
635,B,H4,m5_best,controlled_q0.001_phi1.570796326795,controlled,0.001,1.570796326795,1,0.275,fit_ok,resolved,True,E_state_hartree,True,-6.324845590448143e-09,-6.441500161199642e-09,1.1665457075149927e-10,-6.255359537957462e-09,1.861406232421797e-10,-6.948605249068044e-11,1.5956564928664605,-0.5956564928664605,0.9923811427523652
636,B,H4,m5_best,controlled_q0.001_phi3.141592653590,controlled,0.001,3.14159265359,1,0.275,fit_ok,resolved,True,E_state_hartree,True,-9.25890566433076e-09,-6.441500161199642e-09,-2.8174055031311176e-09,-6.255359537957462e-09,1.861406232421797e-10,-3.0035461263732973e-09,0.06606809812620609,0.9339319018737939,0.9923811427523652
637,B,H4,m5_best,controlled_q0.001_phi4.712388980385,controlled,0.001,4.712388980385,1,0.275,fit_ok,resolved,True,mixed,True,-6.1858734864215425e-09,-6.441500161199642e-09,2.5562667477809934e-10,-6.255359537957462e-09,1.861406232421797e-10,6.948605153591963e-11,0.7281737064559555,0.27182629354404453,0.9923811427523652
564,B,H4,m5_best,controlled_q0.001_phi0.000000000000,controlled,0.001,0.0,-1,0.35,not_identifiable,resolved,False,E_state_hartree,True,-8.307964901247391e-09,-1.6860804528344512e-08,8.55283962709712e-09,-1.6381926944676193e-08,4.788775836683192e-10,8.073962043428801e-09,0.05599047854833364,0.9440095214516664,0.9930230053178003
565,B,H4,m5_best,controlled_q0.001_phi1.570796326795,controlled,0.001,1.570796326795,-1,0.35,fit_ok,resolved,True,E_state_hartree,True,-1.6082592074180953e-08,-1.6860804528344512e-08,7.782124541635585e-10,-1.6381926944676193e-08,4.788775836683192e-10,2.9933487049523926e-10,0.6153558467308627,0.38464415326913726,0.9930230053178003
566,B,H4,m5_best,controlled_q0.001_phi3.141592653590,controlled,0.001,3.14159265359,-1,0.35,fit_ok,resolved,True,E_state_hartree,True,-2.445588898746282e-08,-1.6860804528344512e-08,-7.595084459118307e-09,-1.6381926944676193e-08,4.788775836683192e-10,-8.073962042786626e-09,0.06305098860268775,0.9369490113973122,0.9930230053178003
567,B,H4,m5_best,controlled_q0.001_phi4.712388980385,controlled,0.001,4.712388980385,-1,0.35,fit_ok,resolved,True,mixed,True,-1.6681261815813612e-08,-1.6860804528344512e-08,1.7954271253089997e-10,-1.6381926944676193e-08,4.788775836683192e-10,-2.9933487113741927e-10,2.6672070223173363,-1.6672070223173363,0.9930230053178003
648,B,H4,m5_best,controlled_q0.001_phi0.000000000000,controlled,0.001,0.0,1,0.35,not_identifiable,resolved,False,E_state_hartree,True,-8.30796490124736e-09,-1.6860804528344512e-08,8.552839627097152e-09,-1.6381926944676186e-08,4.788775836683259e-10,8.073962043428826e-09,0.05599047854833421,0.9440095214516658,0.9930230053177999
649,B,H4,m5_best,controlled_q0.001_phi1.570796326795,controlled,0.001,1.570796326795,1,0.35,fit_ok,resolved,True,E_state_hartree,True,-1.6681261815813612e-08,-1.6860804528344512e-08,1.7954271253089997e-10,-1.6381926944676186e-08,4.788775836683259e-10,-2.993348711374259e-10,2.667207022317373,-1.6672070223173732,0.9930230053177999
650,B,H4,m5_best,controlled_q0.001_phi3.141592653590,controlled,0.001,3.14159265359,1,0.35,fit_ok,resolved,True,E_state_hartree,True,-2.445588898746282e-08,-1.6860804528344512e-08,-7.595084459118307e-09,-1.6381926944676186e-08,4.788775836683259e-10,-8.073962042786633e-09,0.06305098860268862,0.9369490113973113,0.9930230053177999
651,B,H4,m5_best,controlled_q0.001_phi4.712388980385,controlled,0.001,4.712388980385,1,0.35,fit_ok,resolved,True,mixed,True,-1.6082592074180953e-08,-1.6860804528344512e-08,7.782124541635585e-10,-1.6381926944676186e-08,4.788775836683259e-10,2.9933487049523264e-10,0.6153558467308712,0.3846441532691288,0.9930230053177999
578,B,H4,m5_best,controlled_q0.001_phi0.000000000000,controlled,0.001,0.0,-1,0.4,not_identifiable,resolved,False,E_state_hartree,True,-1.387882954256692e-08,-2.870771303938956e-08,1.482888349682264e-08,-2.7903657038570935e-08,8.04056000818624e-10,1.4024827496004016e-08,0.0542222886160585,0.9457777113839415,0.9934847684999405
579,B,H4,m5_best,controlled_q0.001_phi1.570796326795,controlled,0.001,1.570796326795,-1,0.4,fit_ok,resolved,True,E_state_hartree,True,-2.7217298354323405e-08,-2.870771303938956e-08,1.4904146850661543e-09,-2.7903657038570935e-08,8.04056000818624e-10,6.863586842475303e-10,0.5394847547298118,0.46051524527018817,0.9934847684999405
580,B,H4,m5_best,controlled_q0.001_phi3.141592653590,controlled,0.001,3.14159265359,-1,0.4,fit_ok,resolved,True,E_state_hartree,True,-4.192848453415018e-08,-2.870771303938956e-08,-1.322077149476062e-08,-2.7903657038570935e-08,8.04056000818624e-10,-1.4024827495579244e-08,0.060817630887673294,0.9391823691123267,0.9934847684999405
581,B,H4,m5_best,controlled_q0.001_phi4.712388980385,controlled,0.001,4.712388980385,-1,0.4,fit_ok,resolved,True,mixed,True,-2.8590015723243233e-08,-2.870771303938956e-08,1.176973161463266e-10,-2.7903657038570935e-08,8.04056000818624e-10,-6.863586846722974e-10,6.831557652673961,-5.831557652673961,0.9934847684999405
662,B,H4,m5_best,controlled_q0.001_phi0.000000000000,controlled,0.001,0.0,1,0.4,not_identifiable,resolved,False,E_state_hartree,True,-1.3878829542566906e-08,-2.870771303938956e-08,1.4828883496822653e-08,-2.7903657038570932e-08,8.040560008186273e-10,1.4024827496004026e-08,0.05422228861605868,0.9457777113839413,0.9934847684999405
663,B,H4,m5_best,controlled_q0.001_phi1.570796326795,controlled,0.001,1.570796326795,1,0.4,fit_ok,resolved,True,E_state_hartree,True,-2.8590015723243233e-08,-2.870771303938956e-08,1.176973161463266e-10,-2.7903657038570932e-08,8.040560008186273e-10,-6.863586846723007e-10,6.83155765267399,-5.83155765267399,0.9934847684999405
664,B,H4,m5_best,controlled_q0.001_phi3.141592653590,controlled,0.001,3.14159265359,1,0.4,fit_ok,resolved,True,E_state_hartree,True,-4.192848453415018e-08,-2.870771303938956e-08,-1.322077149476062e-08,-2.7903657038570932e-08,8.040560008186273e-10,-1.4024827495579247e-08,0.06081763088767354,0.9391823691123264,0.9934847684999405
665,B,H4,m5_best,controlled_q0.001_phi4.712388980385,controlled,0.001,4.712388980385,1,0.4,fit_ok,resolved,True,mixed,True,-2.7217298354323405e-08,-2.870771303938956e-08,1.4904146850661543e-09,-2.7903657038570932e-08,8.040560008186273e-10,6.86358684247527e-10,0.539484754729814,0.46051524527018595,0.9934847684999405
512,B,H4,m5_best,controlled_q0.010_phi0.000000000000,controlled,0.01,0.0,-1,0.125,not_identifiable,marginal,False,E_state_hartree,False,1.9584047295610054e-10,-2.758194295812301e-10,4.716599025373307e-10,-1.9435155921412732e-10,8.146787036710281e-11,3.901920321702279e-10,0.17272587711789816,0.8272741228821019,0.9198092888970555
513,B,H4,m5_best,controlled_q0.010_phi1.570796326795,controlled,0.01,1.570796326795,-1,0.125,not_identifiable,marginal,False,E_state_hartree,False,-1.9172600312922228e-10,-2.758194295812301e-10,8.409342645200785e-11,-1.9435155921412732e-10,8.146787036710281e-11,2.625556084905038e-12,0.9687781055466512,0.031221894453348775,0.9198092888970555
514,B,H4,m5_best,controlled_q0.010_phi3.141592653590,controlled,0.01,3.14159265359,-1,0.125,fit_ok,marginal,False,E_state_hartree,False,-5.84543584570081e-10,-2.758194295812301e-10,-3.087241549888509e-10,-1.9435155921412732e-10,8.146787036710281e-11,-3.901920253559537e-10,0.26388563722862857,0.7361143627713714,0.9198092888970555
515,B,H4,m5_best,controlled_q0.010_phi4.712388980385,controlled,0.01,4.712388980385,-1,0.125,not_identifiable,marginal,False,E_state_hartree,False,-1.9697712211330654e-10,-2.758194295812301e-10,7.884230746792359e-11,-1.9435155921412732e-10,8.146787036710281e-11,-2.6255628991792196e-12,1.0333014466915167,-0.03330144669151669,0.9198092888970555
596,B,H4,m5_best,controlled_q0.010_phi0.000000000000,controlled,0.01,0.0,1,0.125,not_identifiable,marginal,False,E_state_hartree,False,1.958404729561008e-10,-2.758194295812301e-10,4.716599025373309e-10,-1.9435155921412726e-10,8.146787036710286e-11,3.9019203217022804e-10,0.17272587711789822,0.8272741228821018,0.9198092888970556
597,B,H4,m5_best,controlled_q0.010_phi1.570796326795,controlled,0.01,1.570796326795,1,0.125,not_identifiable,marginal,False,E_state_hartree,False,-1.9697712211330654e-10,-2.758194295812301e-10,7.884230746792359e-11,-1.9435155921412726e-10,8.146787036710286e-11,-2.6255628991792713e-12,1.0333014466915174,-0.033301446691517356,0.9198092888970556
598,B,H4,m5_best,controlled_q0.010_phi3.141592653590,controlled,0.01,3.14159265359,1,0.125,fit_ok,marginal,False,E_state_hartree,False,-5.84543584570081e-10,-2.758194295812301e-10,-3.087241549888509e-10,-1.9435155921412726e-10,8.146787036710286e-11,-3.9019202535595376e-10,0.26388563722862873,0.7361143627713713,0.9198092888970556
599,B,H4,m5_best,controlled_q0.010_phi4.712388980385,controlled,0.01,4.712388980385,1,0.125,not_identifiable,marginal,False,E_state_hartree,False,-1.9172600312922228e-10,-2.758194295812301e-10,8.409342645200785e-11,-1.9435155921412726e-10,8.146787036710286e-11,2.6255560849049863e-12,0.9687781055466518,0.03122189445334822,0.9198092888970556
526,B,H4,m5_best,controlled_q0.010_phi0.000000000000,controlled,0.01,0.0,-1,0.175,not_identifiable,resolved,False,E_state_hartree,True,7.64428693203635e-10,-1.0587828940887897e-09,1.8232115872924247e-09,-7.477527214738429e-10,3.110301726149469e-10,1.5121814146774778e-09,0.1705946664571416,0.8294053335428584,0.9219978562932845
527,B,H4,m5_best,controlled_q0.010_phi1.570796326795,controlled,0.01,1.570796326795,-1,0.175,not_identifiable,resolved,False,E_state_hartree,True,-7.314269824730348e-10,-1.0587828940887897e-09,3.273559116157549e-10,-7.477527214738429e-10,3.110301726149469e-10,1.632573900080804e-11,0.9501284735619165,0.04987152643808346,0.9219978562932845
528,B,H4,m5_best,controlled_q0.010_phi3.141592653590,controlled,0.01,3.14159265359,-1,0.175,fit_ok,resolved,True,E_state_hartree,True,-2.259934143340117e-09,-1.0587828940887897e-09,-1.2011512492513274e-09,-7.477527214738429e-10,3.110301726149469e-10,-1.5121814218662743e-09,0.25894338686223795,0.741056613137762,0.9219978562932845
529,B,H4,m5_best,controlled_q0.010_phi4.712388980385,controlled,0.01,4.712388980385,-1,0.175,not_identifiable,resolved,False,E_state_hartree,True,-7.640784532858547e-10,-1.0587828940887897e-09,2.947044408029351e-10,-7.477527214738429e-10,3.110301726149469e-10,-1.6325731812011808e-11,1.0553969657448379,-0.05539696574483788,0.9219978562932845
610,B,H4,m5_best,controlled_q0.010_phi0.000000000000,controlled,0.01,0.0,1,0.175,not_identifiable,resolved,False,E_state_hartree,True,7.644286932036355e-10,-1.0587828940887897e-09,1.8232115872924253e-09,-7.477527214738428e-10,3.11030172614947e-10,1.5121814146774784e-09,0.1705946664571416,0.8294053335428584,0.9219978562932845
611,B,H4,m5_best,controlled_q0.010_phi1.570796326795,controlled,0.01,1.570796326795,1,0.175,not_identifiable,resolved,False,E_state_hartree,True,-7.640784532858547e-10,-1.0587828940887897e-09,2.947044408029351e-10,-7.477527214738428e-10,3.11030172614947e-10,-1.632573181201191e-11,1.0553969657448383,-0.05539696574483832,0.9219978562932845
612,B,H4,m5_best,controlled_q0.010_phi3.141592653590,controlled,0.01,3.14159265359,1,0.175,fit_ok,resolved,True,E_state_hartree,True,-2.259934143340117e-09,-1.0587828940887897e-09,-1.2011512492513274e-09,-7.477527214738428e-10,3.11030172614947e-10,-1.5121814218662743e-09,0.25894338686223806,0.7410566131377619,0.9219978562932845
613,B,H4,m5_best,controlled_q0.010_phi4.712388980385,controlled,0.01,4.712388980385,1,0.175,not_identifiable,resolved,False,E_state_hartree,True,-7.314269824730348e-10,-1.0587828940887897e-09,3.273559116157549e-10,-7.477527214738428e-10,3.11030172614947e-10,1.6325739000807935e-11,0.9501284735619169,0.049871526438083125,0.9219978562932845
540,B,H4,m5_best,controlled_q0.010_phi0.000000000000,controlled,0.01,0.0,-1,0.225,not_identifiable,resolved,False,E_state_hartree,True,2.132061793877372e-09,-2.8902949775427035e-09,5.022356771420076e-09,-2.047403372531983e-09,8.428916050107205e-10,4.179465166409355e-09,0.16782790298913633,0.8321720970108637,0.9247922329521923
541,B,H4,m5_best,controlled_q0.010_phi1.570796326795,controlled,0.01,1.570796326795,-1,0.225,not_identifiable,resolved,False,E_state_hartree,True,-1.9798297145231145e-09,-2.8902949775427035e-09,9.10465263019589e-10,-2.047403372531983e-09,8.428916050107205e-10,6.75736580088685e-11,0.9257811794106695,0.07421882058933049,0.9247922329521923
542,B,H4,m5_best,controlled_q0.010_phi3.141592653590,controlled,0.01,3.14159265359,-1,0.225,fit_ok,resolved,True,E_state_hartree,True,-6.226868537239451e-09,-2.8902949775427035e-09,-3.3365735596967472e-09,-2.047403372531983e-09,8.428916050107205e-10,-4.179465164707467e-09,0.2526219158457063,0.7473780841542936,0.9247922329521923
543,B,H4,m5_best,controlled_q0.010_phi4.712388980385,controlled,0.01,4.712388980385,-1,0.225,not_identifiable,resolved,False,E_state_hartree,True,-2.114977032242739e-09,-2.8902949775427035e-09,7.753179452999647e-10,-2.047403372531983e-09,8.428916050107205e-10,-6.75736597107558e-11,1.0871560630324533,-0.08715606303245327,0.9247922329521923
624,B,H4,m5_best,controlled_q0.010_phi0.000000000000,controlled,0.01,0.0,1,0.225,not_identifiable,resolved,False,E_state_hartree,True,2.1320617938773765e-09,-2.8902949775427035e-09,5.02235677142008e-09,-2.0474033725319818e-09,8.428916050107217e-10,4.179465166409358e-09,0.16782790298913644,0.8321720970108636,0.9247922329521924
625,B,H4,m5_best,controlled_q0.010_phi1.570796326795,controlled,0.01,1.570796326795,1,0.225,not_identifiable,resolved,False,E_state_hartree,True,-2.114977032242739e-09,-2.8902949775427035e-09,7.753179452999647e-10,-2.0474033725319818e-09,8.428916050107217e-10,-6.757365971075704e-11,1.0871560630324548,-0.08715606303245482,0.9247922329521924
626,B,H4,m5_best,controlled_q0.010_phi3.141592653590,controlled,0.01,3.14159265359,1,0.225,fit_ok,resolved,True,E_state_hartree,True,-6.226868537239451e-09,-2.8902949775427035e-09,-3.3365735596967472e-09,-2.0474033725319818e-09,8.428916050107217e-10,-4.179465164707469e-09,0.2526219158457067,0.7473780841542933,0.9247922329521924
627,B,H4,m5_best,controlled_q0.010_phi4.712388980385,controlled,0.01,4.712388980385,1,0.225,not_identifiable,resolved,False,E_state_hartree,True,-1.9798297145231145e-09,-2.8902949775427035e-09,9.10465263019589e-10,-2.0474033725319818e-09,8.428916050107217e-10,6.757365800886726e-11,0.9257811794106708,0.07421882058932916,0.9247922329521924
554,B,H4,m5_best,controlled_q0.010_phi0.000000000000,controlled,0.01,0.0,-1,0.275,not_identifiable,resolved,False,E_state_hartree,True,4.875072337258123e-09,-6.441500161199642e-09,1.1316572498457764e-08,-4.58009368768433e-09,1.861406473515312e-09,9.455166024942451e-09,0.1644850040742448,0.8355149959257552,0.928098828913406
555,B,H4,m5_best,controlled_q0.010_phi1.570796326795,controlled,0.01,1.570796326795,-1,0.275,not_identifiable,resolved,False,E_state_hartree,True,-4.36135152613971e-09,-6.441500161199642e-09,2.0801486350599316e-09,-4.58009368768433e-09,1.861406473515312e-09,2.187421615446197e-10,0.894843013687665,0.10515698631233505,0.928098828913406
556,B,H4,m5_best,controlled_q0.010_phi3.141592653590,controlled,0.01,3.14159265359,-1,0.275,fit_ok,resolved,True,E_state_hartree,True,-1.4035259716111804e-08,-6.441500161199642e-09,-7.593759554912163e-09,-4.58009368768433e-09,1.861406473515312e-09,-9.455166028427476e-09,0.24512317779553963,0.7548768222044604,0.928098828913406
557,B,H4,m5_best,controlled_q0.010_phi4.712388980385,controlled,0.01,4.712388980385,-1,0.275,not_identifiable,resolved,False,E_state_hartree,True,-4.79883584574393e-09,-6.441500161199642e-09,1.6426643154557117e-09,-4.58009368768433e-09,1.861406473515312e-09,-2.1874215805960025e-10,1.133163030329125,-0.1331630303291249,0.928098828913406
638,B,H4,m5_best,controlled_q0.010_phi0.000000000000,controlled,0.01,0.0,1,0.275,not_identifiable,resolved,False,E_state_hartree,True,4.875072337258121e-09,-6.441500161199642e-09,1.1316572498457764e-08,-4.580093687684331e-09,1.861406473515311e-09,9.455166024942453e-09,0.1644850040742447,0.8355149959257553,0.9280988289134061
639,B,H4,m5_best,controlled_q0.010_phi1.570796326795,controlled,0.01,1.570796326795,1,0.275,not_identifiable,resolved,False,E_state_hartree,True,-4.79883584574393e-09,-6.441500161199642e-09,1.6426643154557117e-09,-4.580093687684331e-09,1.861406473515311e-09,-2.1874215805959943e-10,1.1331630303291245,-0.13316303032912447,0.9280988289134061
640,B,H4,m5_best,controlled_q0.010_phi3.141592653590,controlled,0.01,3.14159265359,1,0.275,fit_ok,resolved,True,E_state_hartree,True,-1.4035259716111804e-08,-6.441500161199642e-09,-7.593759554912163e-09,-4.580093687684331e-09,1.861406473515311e-09,-9.455166028427474e-09,0.24512317779553952,0.7548768222044605,0.9280988289134061
641,B,H4,m5_best,controlled_q0.010_phi4.712388980385,controlled,0.01,4.712388980385,1,0.275,not_identifiable,resolved,False,E_state_hartree,True,-4.36135152613971e-09,-6.441500161199642e-09,2.0801486350599316e-09,-4.580093687684331e-09,1.861406473515311e-09,2.1874216154462054e-10,0.8948430136876645,0.1051569863123355,0.9280988289134061
568,B,H4,m5_best,controlled_q0.010_phi0.000000000000,controlled,0.01,0.0,-1,0.35,not_identifiable,resolved,False,E_state_hartree,True,1.3344811608257171e-08,-1.6860804528344512e-08,3.020561613660168e-08,-1.2072028482275417e-08,4.788776046069095e-09,2.5416840090532586e-08,0.15853926052732598,0.8414607394726741,0.9337949760927623
569,B,H4,m5_best,controlled_q0.010_phi1.570796326795,controlled,0.01,1.570796326795,-1,0.35,not_identifiable,resolved,False,E_state_hartree,True,-1.1129722022468203e-08,-1.6860804528344512e-08,5.731082505876309e-09,-1.2072028482275417e-08,4.788776046069095e-09,9.423064598072142e-10,0.8355796729778311,0.1644203270221689,0.9337949760927623
570,B,H4,m5_best,controlled_q0.010_phi3.141592653590,controlled,0.01,3.14159265359,-1,0.35,fit_ok,resolved,True,E_state_hartree,True,-3.748886857283075e-08,-1.6860804528344512e-08,-2.0628064044486238e-08,-1.2072028482275417e-08,4.788776046069095e-09,-2.5416840090555333e-08,0.23214859308860383,0.7678514069113962,0.9337949760927623
571,B,H4,m5_best,controlled_q0.010_phi4.712388980385,controlled,0.01,4.712388980385,-1,0.35,not_identifiable,resolved,False,E_state_hartree,True,-1.3014334942059883e-08,-1.6860804528344512e-08,3.8464695862846284e-09,-1.2072028482275417e-08,4.788776046069095e-09,-9.423064597844667e-10,1.244979568574896,-0.2449795685748959,0.9337949760927623
652,B,H4,m5_best,controlled_q0.010_phi0.000000000000,controlled,0.01,0.0,1,0.35,not_identifiable,resolved,False,E_state_hartree,True,1.3344811608257214e-08,-1.6860804528344512e-08,3.020561613660173e-08,-1.2072028482275405e-08,4.788776046069107e-09,2.541684009053262e-08,0.15853926052732611,0.8414607394726739,0.933794976092762
653,B,H4,m5_best,controlled_q0.010_phi1.570796326795,controlled,0.01,1.570796326795,1,0.35,not_identifiable,resolved,False,E_state_hartree,True,-1.3014334942059883e-08,-1.6860804528344512e-08,3.8464695862846284e-09,-1.2072028482275405e-08,4.788776046069107e-09,-9.423064597844783e-10,1.244979568574899,-0.244979568574899,0.933794976092762
654,B,H4,m5_best,controlled_q0.010_phi3.141592653590,controlled,0.01,3.14159265359,1,0.35,fit_ok,resolved,True,E_state_hartree,True,-3.748886857283075e-08,-1.6860804528344512e-08,-2.0628064044486238e-08,-1.2072028482275405e-08,4.788776046069107e-09,-2.5416840090555343e-08,0.2321485930886044,0.7678514069113956,0.933794976092762
655,B,H4,m5_best,controlled_q0.010_phi4.712388980385,controlled,0.01,4.712388980385,1,0.35,not_identifiable,resolved,False,E_state_hartree,True,-1.1129722022468203e-08,-1.6860804528344512e-08,5.731082505876309e-09,-1.2072028482275405e-08,4.788776046069107e-09,9.423064598072026e-10,0.8355796729778331,0.1644203270221669,0.933794976092762
582,B,H4,m5_best,controlled_q0.010_phi0.000000000000,controlled,0.01,0.0,-1,0.4,not_identifiable,resolved,False,E_state_hartree,True,2.3483017258603954e-08,-2.870771303938956e-08,5.219073029799352e-08,-2.0667152861988483e-08,8.040560177401076e-09,4.415017012059244e-08,0.1540610781165903,0.8459389218834097,0.9379316578829516
583,B,H4,m5_best,controlled_q0.010_phi1.570796326795,controlled,0.01,1.570796326795,-1,0.4,not_identifiable,resolved,False,E_state_hartree,True,-1.8506495079884805e-08,-2.870771303938956e-08,1.0201217959504754e-08,-2.0667152861988483e-08,8.040560177401076e-09,2.160657782103678e-09,0.7881960967130857,0.21180390328691434,0.9379316578829516
584,B,H4,m5_best,controlled_q0.010_phi3.141592653590,controlled,0.01,3.14159265359,-1,0.4,fit_ok,resolved,True,E_state_hartree,True,-6.481732298446044e-08,-2.870771303938956e-08,-3.610960994507088e-08,-2.0667152861988483e-08,8.040560177401076e-09,-4.4150170122471954e-08,0.22267092304880043,0.7773290769511996,0.9379316578829516
585,B,H4,m5_best,controlled_q0.010_phi4.712388980385,controlled,0.01,4.712388980385,-1,0.4,not_identifiable,resolved,False,E_state_hartree,True,-2.2827810642212648e-08,-2.870771303938956e-08,5.879902397176911e-09,-2.0667152861988483e-08,8.040560177401076e-09,-2.160657780224165e-09,1.3674649057544819,-0.3674649057544819,0.9379316578829516
666,B,H4,m5_best,controlled_q0.010_phi0.000000000000,controlled,0.01,0.0,1,0.4,not_identifiable,resolved,False,E_state_hartree,True,2.3483017258603855e-08,-2.870771303938956e-08,5.219073029799341e-08,-2.066715286198851e-08,8.04056017740105e-09,4.415017012059236e-08,0.15406107811659012,0.8459389218834099,0.9379316578829517
667,B,H4,m5_best,controlled_q0.010_phi1.570796326795,controlled,0.01,1.570796326795,1,0.4,not_identifiable,resolved,False,E_state_hartree,True,-2.2827810642212648e-08,-2.870771303938956e-08,5.879902397176911e-09,-2.066715286198851e-08,8.04056017740105e-09,-2.1606577802241385e-09,1.3674649057544772,-0.3674649057544772,0.9379316578829517
668,B,H4,m5_best,controlled_q0.010_phi3.141592653590,controlled,0.01,3.14159265359,1,0.4,fit_ok,resolved,True,E_state_hartree,True,-6.481732298446044e-08,-2.870771303938956e-08,-3.610960994507088e-08,-2.066715286198851e-08,8.04056017740105e-09,-4.415017012247193e-08,0.22267092304879968,0.7773290769512003,0.9379316578829517
669,B,H4,m5_best,controlled_q0.010_phi4.712388980385,controlled,0.01,4.712388980385,1,0.4,not_identifiable,resolved,False,E_state_hartree,True,-1.8506495079884805e-08,-2.870771303938956e-08,1.0201217959504754e-08,-2.066715286198851e-08,8.04056017740105e-09,2.1606577821037047e-09,0.7881960967130831,0.2118039032869169,0.9379316578829517
516,B,H4,m5_best,controlled_q0.050_phi0.000000000000,controlled,0.05,0.0,-1,0.125,fit_ok,resolved,True,E_state_hartree,False,9.862087745355164e-10,-2.758194295812301e-10,1.2620282041167467e-09,1.3152078332048215e-10,4.073402129017123e-10,8.546879912150344e-10,0.3227663308735613,0.6772336691264387,0.6876323732673041
517,B,H4,m5_best,controlled_q0.050_phi1.570796326795,controlled,0.05,1.570796326795,-1,0.125,not_identifiable,marginal,False,E_state_hartree,False,1.3727190217860397e-10,-2.758194295812301e-10,4.130913317598341e-10,1.3152078332048215e-10,4.073402129017123e-10,5.7511188581218126e-12,0.9860778515162225,0.013922148483777486,0.6876323732673041
518,B,H4,m5_best,controlled_q0.050_phi3.141592653590,controlled,0.05,3.14159265359,-1,0.125,fit_ok,resolved,True,E_state_hartree,False,-7.231672020087718e-10,-2.758194295812301e-10,-4.4734777242754163e-10,1.3152078332048215e-10,4.073402129017123e-10,-8.54687985329254e-10,0.9105672096929699,0.08943279030703011,0.6876323732673041
519,B,H4,m5_best,controlled_q0.050_phi4.712388980385,controlled,0.05,4.712388980385,-1,0.125,not_identifiable,marginal,False,E_state_hartree,False,1.2576965857657996e-10,-2.758194295812301e-10,4.015890881578101e-10,1.3152078332048215e-10,4.073402129017123e-10,-5.751124743902197e-12,1.0143209188533584,-0.0143209188533584,0.6876323732673041
600,B,H4,m5_best,controlled_q0.050_phi0.000000000000,controlled,0.05,0.0,1,0.125,fit_ok,resolved,True,E_state_hartree,False,9.862087745355162e-10,-2.758194295812301e-10,1.2620282041167463e-09,1.315207833204821e-10,4.0734021290171223e-10,8.54687991215034e-10,0.32276633087356144,0.6772336691264386,0.687632373267304
601,B,H4,m5_best,controlled_q0.050_phi1.570796326795,controlled,0.05,1.570796326795,1,0.125,not_identifiable,marginal,False,E_state_hartree,False,1.2576965857657996e-10,-2.758194295812301e-10,4.015890881578101e-10,1.315207833204821e-10,4.0734021290171223e-10,-5.751124743902145e-12,1.0143209188533582,-0.014320918853358178,0.687632373267304
602,B,H4,m5_best,controlled_q0.050_phi3.141592653590,controlled,0.05,3.14159265359,1,0.125,fit_ok,resolved,True,E_state_hartree,False,-7.231672020087718e-10,-2.758194295812301e-10,-4.4734777242754163e-10,1.315207833204821e-10,4.0734021290171223e-10,-8.546879853292539e-10,0.9105672096929698,0.08943279030703022,0.687632373267304
603,B,H4,m5_best,controlled_q0.050_phi4.712388980385,controlled,0.05,4.712388980385,1,0.125,not_identifiable,marginal,False,E_state_hartree,False,1.3727190217860397e-10,-2.758194295812301e-10,4.130913317598341e-10,1.315207833204821e-10,4.0734021290171223e-10,5.751118858121864e-12,0.9860778515162224,0.013922148483777597,0.687632373267304
530,B,H4,m5_best,controlled_q0.050_phi0.000000000000,controlled,0.05,0.0,-1,0.175,fit_ok,resolved,True,E_state_hartree,False,3.808694231926175e-09,-1.0587828940887897e-09,4.867477126014965e-09,4.963679956878128e-10,1.5551508897766025e-09,3.3123262362383623e-09,0.31949834575798297,0.680501654242017,0.6940507154695408
531,B,H4,m5_best,controlled_q0.050_phi1.570796326795,controlled,0.05,1.570796326795,-1,0.175,not_identifiable,resolved,False,E_state_hartree,False,5.321283691461787e-10,-1.0587828940887897e-09,1.5909112632349684e-09,4.963679956878128e-10,1.5551508897766025e-09,3.576037345836592e-11,0.97752208166177,0.022477918338229985,0.6940507154695408
532,B,H4,m5_best,controlled_q0.050_phi3.141592653590,controlled,0.05,3.14159265359,-1,0.175,fit_ok,resolved,True,E_state_hartree,False,-2.8159582417922285e-09,-1.0587828940887897e-09,-1.7571753477034388e-09,4.963679956878128e-10,1.5551508897766025e-09,-3.3123262374800415e-09,0.8850288571423025,0.1149711428576975,0.6940507154695408
533,B,H4,m5_best,controlled_q0.050_phi4.712388980385,controlled,0.05,4.712388980385,-1,0.175,not_identifiable,marginal,False,E_state_hartree,False,4.6060762347112574e-10,-1.0587828940887897e-09,1.5193905175599155e-09,4.963679956878128e-10,1.5551508897766025e-09,-3.576037221668696e-11,1.0235359980224945,-0.02353599802249451,0.6940507154695408
614,B,H4,m5_best,controlled_q0.050_phi0.000000000000,controlled,0.05,0.0,1,0.175,fit_ok,resolved,True,E_state_hartree,False,3.8086942319261745e-09,-1.0587828940887897e-09,4.867477126014964e-09,4.963679956878125e-10,1.5551508897766023e-09,3.3123262362383615e-09,0.31949834575798297,0.680501654242017,0.6940507154695407
615,B,H4,m5_best,controlled_q0.050_phi1.570796326795,controlled,0.05,1.570796326795,1,0.175,not_identifiable,marginal,False,E_state_hartree,False,4.6060762347112574e-10,-1.0587828940887897e-09,1.5193905175599155e-09,4.963679956878125e-10,1.5551508897766023e-09,-3.5760372216686756e-11,1.0235359980224943,-0.023535998022494287,0.6940507154695407
616,B,H4,m5_best,controlled_q0.050_phi3.141592653590,controlled,0.05,3.14159265359,1,0.175,fit_ok,resolved,True,E_state_hartree,False,-2.8159582417922285e-09,-1.0587828940887897e-09,-1.7571753477034388e-09,4.963679956878125e-10,1.5551508897766023e-09,-3.312326237480041e-09,0.8850288571423024,0.1149711428576976,0.6940507154695407
617,B,H4,m5_best,controlled_q0.050_phi4.712388980385,controlled,0.05,4.712388980385,1,0.175,not_identifiable,resolved,False,E_state_hartree,False,5.321283691461787e-10,-1.0587828940887897e-09,1.5909112632349684e-09,4.963679956878125e-10,1.5551508897766023e-09,3.5760373458366126e-11,0.9775220816617699,0.022477918338230096,0.6940507154695407
544,B,H4,m5_best,controlled_q0.050_phi0.000000000000,controlled,0.05,0.0,-1,0.225,fit_ok,resolved,True,E_state_hartree,True,1.0478985371001353e-08,-2.8902949775427035e-09,1.3369280348544058e-08,1.3241630995408036e-09,4.214458077083507e-09,9.154822271460551e-09,0.31523447539511507,0.6847655246048849,0.7023751145888947
545,B,H4,m5_best,controlled_q0.050_phi1.570796326795,controlled,0.05,1.570796326795,-1,0.225,not_identifiable,resolved,False,E_state_hartree,True,1.4721784131261413e-09,-2.8902949775427035e-09,4.362473390668845e-09,1.3241630995408036e-09,4.214458077083507e-09,1.4801531358533792e-10,0.9660707813365838,0.03392921866341625,0.7023751145888947
546,B,H4,m5_best,controlled_q0.050_phi3.141592653590,controlled,0.05,3.14159265359,-1,0.225,fit_ok,resolved,True,E_state_hartree,True,-7.83065916852604e-09,-2.8902949775427035e-09,-4.940364190983337e-09,1.3241630995408036e-09,4.214458077083507e-09,-9.154822268066844e-09,0.8530662749064772,0.14693372509352276,0.7023751145888947
547,B,H4,m5_best,controlled_q0.050_phi4.712388980385,controlled,0.05,4.712388980385,-1,0.225,not_identifiable,resolved,False,E_state_hartree,True,1.1761477825617601e-09,-2.8902949775427035e-09,4.066442760104464e-09,1.3241630995408036e-09,4.214458077083507e-09,-1.4801531697904325e-10,1.0363992131971485,-0.03639921319714845,0.7023751145888947
628,B,H4,m5_best,controlled_q0.050_phi0.000000000000,controlled,0.05,0.0,1,0.225,fit_ok,resolved,True,E_state_hartree,True,1.0478985371001353e-08,-2.8902949775427035e-09,1.3369280348544058e-08,1.3241630995408036e-09,4.214458077083507e-09,9.154822271460551e-09,0.31523447539511507,0.6847655246048849,0.7023751145888947
629,B,H4,m5_best,controlled_q0.050_phi1.570796326795,controlled,0.05,1.570796326795,1,0.225,not_identifiable,resolved,False,E_state_hartree,True,1.1761477825617601e-09,-2.8902949775427035e-09,4.066442760104464e-09,1.3241630995408036e-09,4.214458077083507e-09,-1.4801531697904325e-10,1.0363992131971485,-0.03639921319714845,0.7023751145888947
630,B,H4,m5_best,controlled_q0.050_phi3.141592653590,controlled,0.05,3.14159265359,1,0.225,fit_ok,resolved,True,E_state_hartree,True,-7.83065916852604e-09,-2.8902949775427035e-09,-4.940364190983337e-09,1.3241630995408036e-09,4.214458077083507e-09,-9.154822268066844e-09,0.8530662749064772,0.14693372509352276,0.7023751145888947
631,B,H4,m5_best,controlled_q0.050_phi4.712388980385,controlled,0.05,4.712388980385,1,0.225,not_identifiable,resolved,False,E_state_hartree,True,1.4721784131261413e-09,-2.8902949775427035e-09,4.362473390668845e-09,1.3241630995408036e-09,4.214458077083507e-09,1.4801531358533792e-10,0.9660707813365838,0.03392921866341625,0.7023751145888947
558,B,H4,m5_best,controlled_q0.050_phi0.000000000000,controlled,0.05,0.0,-1,0.275,fit_ok,resolved,True,E_state_hartree,True,2.3576403448479082e-08,-6.441500161199642e-09,3.001790360967872e-08,2.865532299424017e-09,9.307032460623659e-09,2.0710871149055062e-08,0.3100493819169563,0.6899506180830437,0.712419638957547
559,B,H4,m5_best,controlled_q0.050_phi1.570796326795,controlled,0.05,1.570796326795,-1,0.275,not_identifiable,resolved,False,E_state_hartree,True,3.3446714905258834e-09,-6.441500161199642e-09,9.786171651725525e-09,2.865532299424017e-09,9.307032460623659e-09,4.791391911018662e-10,0.9510391593205517,0.04896084067944828,0.712419638957547
560,B,H4,m5_best,controlled_q0.050_phi3.141592653590,controlled,0.05,3.14159265359,-1,0.275,fit_ok,resolved,True,E_state_hartree,True,-1.784533884463725e-08,-6.441500161199642e-09,-1.1403838683437608e-08,2.865532299424017e-09,9.307032460623659e-09,-2.0710871144061267e-08,0.8161315429812901,0.1838684570187099,0.712419638957547
561,B,H4,m5_best,controlled_q0.050_phi4.712388980385,controlled,0.05,4.712388980385,-1,0.275,not_identifiable,resolved,False,E_state_hartree,True,2.3863931033283525e-09,-6.441500161199642e-09,8.827893264527994e-09,2.865532299424017e-09,9.307032460623659e-09,-4.791391960956647e-10,1.0542755991422017,-0.0542755991422017,0.712419638957547
642,B,H4,m5_best,controlled_q0.050_phi0.000000000000,controlled,0.05,0.0,1,0.275,fit_ok,resolved,True,E_state_hartree,True,2.3576403448479075e-08,-6.441500161199642e-09,3.0017903609678715e-08,2.865532299424015e-09,9.307032460623657e-09,2.0710871149055056e-08,0.3100493819169563,0.6899506180830437,0.712419638957547
643,B,H4,m5_best,controlled_q0.050_phi1.570796326795,controlled,0.05,1.570796326795,1,0.275,not_identifiable,resolved,False,E_state_hartree,True,2.3863931033283525e-09,-6.441500161199642e-09,8.827893264527994e-09,2.865532299424015e-09,9.307032460623657e-09,-4.791391960956631e-10,1.0542755991422017,-0.0542755991422017,0.712419638957547
644,B,H4,m5_best,controlled_q0.050_phi3.141592653590,controlled,0.05,3.14159265359,1,0.275,fit_ok,resolved,True,E_state_hartree,True,-1.784533884463725e-08,-6.441500161199642e-09,-1.1403838683437608e-08,2.865532299424015e-09,9.307032460623657e-09,-2.0710871144061267e-08,0.81613154298129,0.18386845701871002,0.712419638957547
645,B,H4,m5_best,controlled_q0.050_phi4.712388980385,controlled,0.05,4.712388980385,1,0.275,not_identifiable,resolved,False,E_state_hartree,True,3.3446714905258834e-09,-6.441500161199642e-09,9.786171651725525e-09,2.865532299424015e-09,9.307032460623657e-09,4.791391911018678e-10,0.9510391593205516,0.04896084067944839,0.712419638957547
572,B,H4,m5_best,controlled_q0.050_phi0.000000000000,controlled,0.05,0.0,-1,0.35,fit_ok,resolved,True,E_state_hartree,True,6.275686286217346e-08,-1.6860804528344512e-08,7.961766739051798e-08,7.083075795543229e-09,2.394388032388774e-08,5.567378706663024e-08,0.30073576768388627,0.6992642323161138,0.7302358831636595
573,B,H4,m5_best,controlled_q0.050_phi1.570796326795,controlled,0.05,1.570796326795,-1,0.35,not_identifiable,resolved,False,E_state_hartree,True,9.147131316278312e-09,-1.6860804528344512e-08,2.6007935844622824e-08,7.083075795543229e-09,2.394388032388774e-08,2.0640555207350826e-09,0.920637472613505,0.07936252738649496,0.7302358831636595
574,B,H4,m5_best,controlled_q0.050_phi3.141592653590,controlled,0.05,3.14159265359,-1,0.35,fit_ok,resolved,True,E_state_hartree,True,-4.8590711275028725e-08,-1.6860804528344512e-08,-3.172990674668421e-08,7.083075795543229e-09,2.394388032388774e-08,-5.567378707057195e-08,0.7546155277115615,0.24538447228843852,0.7302358831636595
575,B,H4,m5_best,controlled_q0.050_phi4.712388980385,controlled,0.05,4.712388980385,-1,0.35,not_identifiable,resolved,False,E_state_hartree,True,5.019020278749866e-09,-1.6860804528344512e-08,2.1879824807094376e-08,7.083075795543229e-09,2.394388032388774e-08,-2.064055516793365e-09,1.0943360166267926,-0.09433601662679258,0.7302358831636595
656,B,H4,m5_best,controlled_q0.050_phi0.000000000000,controlled,0.05,0.0,1,0.35,fit_ok,resolved,True,E_state_hartree,True,6.275686286217348e-08,-1.6860804528344512e-08,7.961766739051799e-08,7.0830757955432326e-09,2.3943880323887744e-08,5.5673787066630246e-08,0.30073576768388627,0.6992642323161138,0.7302358831636596
657,B,H4,m5_best,controlled_q0.050_phi1.570796326795,controlled,0.05,1.570796326795,1,0.35,not_identifiable,resolved,False,E_state_hartree,True,5.019020278749866e-09,-1.6860804528344512e-08,2.1879824807094376e-08,7.0830757955432326e-09,2.3943880323887744e-08,-2.0640555167933685e-09,1.0943360166267928,-0.0943360166267928,0.7302358831636596
658,B,H4,m5_best,controlled_q0.050_phi3.141592653590,controlled,0.05,3.14159265359,1,0.35,fit_ok,resolved,True,E_state_hartree,True,-4.8590711275028725e-08,-1.6860804528344512e-08,-3.172990674668421e-08,7.0830757955432326e-09,2.3943880323887744e-08,-5.5673787070571954e-08,0.7546155277115616,0.2453844722884384,0.7302358831636596
659,B,H4,m5_best,controlled_q0.050_phi4.712388980385,controlled,0.05,4.712388980385,1,0.35,not_identifiable,resolved,False,E_state_hartree,True,9.147131316278312e-09,-1.6860804528344512e-08,2.6007935844622824e-08,7.0830757955432326e-09,2.3943880323887744e-08,2.0640555207350793e-09,0.9206374726135051,0.07936252738649485,0.7302358831636596
586,B,H4,m5_best,controlled_q0.050_phi0.000000000000,controlled,0.05,0.0,-1,0.4,fit_ok,resolved,True,E_state_hartree,True,1.08202906891599e-07,-2.870771303938956e-08,1.3691061993098857e-07,1.1495087919328956e-08,4.020280095871851e-08,9.670781897227006e-08,0.2936426770909606,0.7063573229090394,0.7435991632801525
587,B,H4,m5_best,controlled_q0.050_phi1.570796326795,controlled,0.05,1.570796326795,-1,0.4,not_identifiable,resolved,False,E_state_hartree,True,1.6227855678153935e-08,-2.870771303938956e-08,4.4935568717543494e-08,1.1495087919328956e-08,4.020280095871851e-08,4.732767758824983e-09,0.8946765804039497,0.1053234195960503,0.7435991632801525
588,B,H4,m5_best,controlled_q0.050_phi3.141592653590,controlled,0.05,3.14159265359,-1,0.4,fit_ok,resolved,True,E_state_hartree,True,-8.52127310580746e-08,-2.870771303938956e-08,-5.6505018018685045e-08,1.1495087919328956e-08,4.020280095871851e-08,-9.670781897740356e-08,0.7114908085760503,0.2885091914239497,0.7435991632801525
589,B,H4,m5_best,controlled_q0.050_phi4.712388980385,controlled,0.05,4.712388980385,-1,0.4,not_identifiable,resolved,False,E_state_hartree,True,6.762320165637492e-09,-2.870771303938956e-08,3.547003320502705e-08,1.1495087919328956e-08,4.020280095871851e-08,-4.73276775369146e-09,1.1334300344838895,-0.13343003448388946,0.7435991632801525
670,B,H4,m5_best,controlled_q0.050_phi0.000000000000,controlled,0.05,0.0,1,0.4,fit_ok,resolved,True,E_state_hartree,True,1.0820290689159907e-07,-2.870771303938956e-08,1.3691061993098862e-07,1.1495087919328972e-08,4.020280095871853e-08,9.67078189722701e-08,0.29364267709096065,0.7063573229090394,0.7435991632801525
671,B,H4,m5_best,controlled_q0.050_phi1.570796326795,controlled,0.05,1.570796326795,1,0.4,not_identifiable,resolved,False,E_state_hartree,True,6.762320165637492e-09,-2.870771303938956e-08,3.547003320502705e-08,1.1495087919328972e-08,4.020280095871853e-08,-4.73276775369148e-09,1.13343003448389,-0.1334300344838899,0.7435991632801525
672,B,H4,m5_best,controlled_q0.050_phi3.141592653590,controlled,0.05,3.14159265359,1,0.4,fit_ok,resolved,True,E_state_hartree,True,-8.52127310580746e-08,-2.870771303938956e-08,-5.6505018018685045e-08,1.1495087919328972e-08,4.020280095871853e-08,-9.670781897740357e-08,0.7114908085760506,0.2885091914239494,0.7435991632801525
673,B,H4,m5_best,controlled_q0.050_phi4.712388980385,controlled,0.05,4.712388980385,1,0.4,not_identifiable,resolved,False,E_state_hartree,True,1.6227855678153935e-08,-2.870771303938956e-08,4.4935568717543494e-08,1.1495087919328972e-08,4.020280095871853e-08,4.732767758824963e-09,0.8946765804039502,0.10532341959604985,0.7435991632801525
340,B,H4,two_term_center,controlled_q0.001_phi0.000000000000,controlled,0.001,0.0,-1,0.125,fit_ok,resolved,True,E_state_hartree,True,-5.154247622543342e-09,-5.3418943461858125e-09,1.8764672364247012e-10,-5.320812341127708e-09,2.1082005058104715e-11,1.665647185843654e-10,0.11234944393845639,0.8876505560615436,0.9689690004718648
341,B,H4,two_term_center,controlled_q0.001_phi1.570796326795,controlled,0.001,1.570796326795,-1,0.125,fit_ok,resolved,True,mixed,True,-5.324404285522721e-09,-5.3418943461858125e-09,1.7490060663091106e-11,-5.320812341127708e-09,2.1082005058104715e-11,-3.5919443950136085e-12,1.2053706081530986,-0.2053706081530986,0.9689690004718648
342,B,H4,two_term_center,controlled_q0.001_phi3.141592653590,controlled,0.001,3.14159265359,-1,0.125,fit_ok,resolved,True,E_state_hartree,True,-5.487377056353018e-09,-5.3418943461858125e-09,-1.4548271016720512e-10,-5.320812341127708e-09,2.1082005058104715e-11,-1.6656471522530984e-10,0.14491072536299948,0.8550892746370005,0.9689690004718648
343,B,H4,two_term_center,controlled_q0.001_phi4.712388980385,controlled,0.001,4.712388980385,-1,0.125,fit_ok,resolved,True,mixed,True,-5.317220400091749e-09,-5.3418943461858125e-09,2.4673946094063587e-11,-5.320812341127708e-09,2.1082005058104715e-11,3.5919410359588724e-12,0.8544237301052111,0.1455762698947889,0.9689690004718648
424,B,H4,two_term_center,controlled_q0.001_phi0.000000000000,controlled,0.001,0.0,1,0.125,fit_ok,resolved,True,E_state_hartree,True,-5.154247622543344e-09,-5.3418943461858125e-09,1.8764672364246846e-10,-5.320812341127708e-09,2.1082005058104715e-11,1.6656471858436375e-10,0.11234944393845737,0.8876505560615426,0.9689690004718657
425,B,H4,two_term_center,controlled_q0.001_phi1.570796326795,controlled,0.001,1.570796326795,1,0.125,fit_ok,resolved,True,mixed,True,-5.317220400091749e-09,-5.3418943461858125e-09,2.4673946094063587e-11,-5.320812341127708e-09,2.1082005058104715e-11,3.5919410359588724e-12,0.8544237301052111,0.1455762698947889,0.9689690004718657
426,B,H4,two_term_center,controlled_q0.001_phi3.141592653590,controlled,0.001,3.14159265359,1,0.125,fit_ok,resolved,True,E_state_hartree,True,-5.487377056353018e-09,-5.3418943461858125e-09,-1.4548271016720512e-10,-5.320812341127708e-09,2.1082005058104715e-11,-1.6656471522530984e-10,0.14491072536299948,0.8550892746370005,0.9689690004718657
427,B,H4,two_term_center,controlled_q0.001_phi4.712388980385,controlled,0.001,4.712388980385,1,0.125,fit_ok,resolved,True,mixed,True,-5.324404285522721e-09,-5.3418943461858125e-09,1.7490060663091106e-11,-5.320812341127708e-09,2.1082005058104715e-11,-3.5919443950136085e-12,1.2053706081530986,-0.2053706081530986,0.9689690004718657
354,B,H4,two_term_center,controlled_q0.001_phi0.000000000000,controlled,0.001,0.0,-1,0.175,fit_ok,resolved,True,E_state_hartree,True,-1.9784118076509464e-08,-2.051306397172829e-08,7.28945895218827e-10,-2.043240887241267e-08,8.065509931562064e-11,6.482907959032063e-10,0.11064620823663225,0.8893537917633677,0.9699953784956468
355,B,H4,two_term_center,controlled_q0.001_phi1.570796326795,controlled,0.001,1.570796326795,-1,0.175,fit_ok,resolved,True,mixed,True,-2.045042990233519e-08,-2.051306397172829e-08,6.263406939309919e-11,-2.043240887241267e-08,8.065509931562064e-11,-1.802102992252145e-11,1.2877192891526692,-0.2877192891526692,0.9699953784956468
356,B,H4,two_term_center,controlled_q0.001_phi3.141592653590,controlled,0.001,3.14159265359,-1,0.175,fit_ok,resolved,True,E_state_hartree,True,-2.1080699669423653e-08,-2.051306397172829e-08,-5.676356976953625e-10,-2.043240887241267e-08,8.065509931562064e-11,-6.482907970109832e-10,0.14208954729782772,0.8579104527021723,0.9699953784956468
357,B,H4,two_term_center,controlled_q0.001_phi4.712388980385,controlled,0.001,4.712388980385,-1,0.175,fit_ok,resolved,True,mixed,True,-2.041438784138237e-08,-2.051306397172829e-08,9.867613034591891e-11,-2.043240887241267e-08,8.065509931562064e-11,1.802103103029827e-11,0.8173719321266069,0.18262806787339314,0.9699953784956468
438,B,H4,two_term_center,controlled_q0.001_phi0.000000000000,controlled,0.001,0.0,1,0.175,fit_ok,resolved,True,E_state_hartree,True,-1.978411807650946e-08,-2.051306397172829e-08,7.289458952188303e-10,-2.043240887241267e-08,8.065509931562064e-11,6.482907959032096e-10,0.11064620823663175,0.8893537917633683,0.9699953784956462
439,B,H4,two_term_center,controlled_q0.001_phi1.570796326795,controlled,0.001,1.570796326795,1,0.175,fit_ok,resolved,True,mixed,True,-2.041438784138237e-08,-2.051306397172829e-08,9.867613034591891e-11,-2.043240887241267e-08,8.065509931562064e-11,1.802103103029827e-11,0.8173719321266069,0.18262806787339314,0.9699953784956462
440,B,H4,two_term_center,controlled_q0.001_phi3.141592653590,controlled,0.001,3.14159265359,1,0.175,fit_ok,resolved,True,E_state_hartree,True,-2.1080699669423653e-08,-2.051306397172829e-08,-5.676356976953625e-10,-2.043240887241267e-08,8.065509931562064e-11,-6.482907970109832e-10,0.14208954729782772,0.8579104527021723,0.9699953784956462
441,B,H4,two_term_center,controlled_q0.001_phi4.712388980385,controlled,0.001,4.712388980385,1,0.175,fit_ok,resolved,True,mixed,True,-2.045042990233519e-08,-2.051306397172829e-08,6.263406939309919e-11,-2.043240887241267e-08,8.065509931562064e-11,-1.802102992252145e-11,1.2877192891526692,-0.2877192891526692,0.9699953784956462
368,B,H4,two_term_center,controlled_q0.001_phi0.000000000000,controlled,0.001,0.0,-1,0.225,fit_ok,resolved,True,E_state_hartree,True,-5.400292496435748e-08,-5.602378339049399e-08,2.0208584261365084e-09,-5.580459207744466e-08,2.1919131304932997e-10,1.8016671130871785e-09,0.10846445758616624,0.8915355424138338,0.9712768810633351
369,B,H4,two_term_center,controlled_q0.001_phi1.570796326795,controlled,0.001,1.570796326795,-1,0.225,fit_ok,resolved,True,mixed,True,-5.5861889689596325e-08,-5.602378339049399e-08,1.6189370089766228e-10,-5.580459207744466e-08,2.1919131304932997e-10,-5.729761215166769e-11,1.3539211954138177,-0.3539211954138177,0.9712768810633351
370,B,H4,two_term_center,controlled_q0.001_phi3.141592653590,controlled,0.001,3.14159265359,-1,0.225,fit_ok,resolved,True,E_state_hartree,True,-5.760625919189832e-08,-5.602378339049399e-08,-1.582475801404331e-09,-5.580459207744466e-08,2.1919131304932997e-10,-1.801667114453661e-09,0.13851163654749968,0.8614883634525003,0.9712768810633351
371,B,H4,two_term_center,controlled_q0.001_phi4.712388980385,controlled,0.001,4.712388980385,-1,0.225,fit_ok,resolved,True,mixed,True,-5.5747294463926514e-08,-5.602378339049399e-08,2.7648892656747357e-10,-5.580459207744466e-08,2.1919131304932997e-10,5.7297613518143593e-11,0.7927670585962479,0.20723294140375215,0.9712768810633351
452,B,H4,two_term_center,controlled_q0.001_phi0.000000000000,controlled,0.001,0.0,1,0.225,fit_ok,resolved,True,E_state_hartree,True,-5.400292496435749e-08,-5.602378339049399e-08,2.020858426136495e-09,-5.5804592077444664e-08,2.1919131304932335e-10,1.8016671130871718e-09,0.10846445758616367,0.8915355424138364,0.9712768810633357
453,B,H4,two_term_center,controlled_q0.001_phi1.570796326795,controlled,0.001,1.570796326795,1,0.225,fit_ok,resolved,True,mixed,True,-5.5747294463926514e-08,-5.602378339049399e-08,2.7648892656747357e-10,-5.5804592077444664e-08,2.1919131304932335e-10,5.729761351815021e-11,0.7927670585962239,0.20723294140377613,0.9712768810633357
454,B,H4,two_term_center,controlled_q0.001_phi3.141592653590,controlled,0.001,3.14159265359,1,0.225,fit_ok,resolved,True,E_state_hartree,True,-5.760625919189832e-08,-5.602378339049399e-08,-1.582475801404331e-09,-5.5804592077444664e-08,2.1919131304932335e-10,-1.8016671144536544e-09,0.1385116365474955,0.8614883634525046,0.9712768810633357
455,B,H4,two_term_center,controlled_q0.001_phi4.712388980385,controlled,0.001,4.712388980385,1,0.225,fit_ok,resolved,True,mixed,True,-5.5861889689596325e-08,-5.602378339049399e-08,1.6189370089766228e-10,-5.5804592077444664e-08,2.1919131304932335e-10,-5.7297612151661074e-11,1.3539211954137769,-0.35392119541377687,0.9712768810633357
382,B,H4,two_term_center,controlled_q0.001_phi0.000000000000,controlled,0.001,0.0,-1,0.275,fit_ok,resolved,True,E_state_hartree,True,-1.2034473212490604e-07,-1.2493317798716616e-07,4.588445862260125e-09,-1.2444740109949448e-07,4.857768876716855e-10,4.10266897458844e-09,0.10586959119801119,0.8941304088019888,0.9727543567265299
383,B,H4,two_term_center,controlled_q0.001_phi1.570796326795,controlled,0.001,1.570796326795,-1,0.275,fit_ok,resolved,True,mixed,True,-1.2458338487578158e-07,-1.2493317798716616e-07,3.497931113845844e-10,-1.2444740109949448e-07,4.857768876716855e-10,-1.3598377628710104e-10,1.3887548721266612,-0.38875487212666116,0.9727543567265299
384,B,H4,two_term_center,controlled_q0.001_phi3.141592653590,controlled,0.001,3.14159265359,-1,0.275,fit_ok,resolved,True,E_state_hartree,True,-1.2855007007494242e-07,-1.2493317798716616e-07,-3.6168920877762547e-09,-1.2444740109949448e-07,4.857768876716855e-10,-4.10266897544794e-09,0.13430781894583751,0.8656921810541625,0.9727543567265299
385,B,H4,two_term_center,controlled_q0.001_phi4.712388980385,controlled,0.001,4.712388980385,-1,0.275,fit_ok,resolved,True,mixed,True,-1.2431141732234782e-07,-1.2493317798716616e-07,6.217606648183397e-10,-1.2444740109949448e-07,4.857768876716855e-10,1.359837771466542e-10,0.7812924090552035,0.21870759094479653,0.9727543567265299
466,B,H4,two_term_center,controlled_q0.001_phi0.000000000000,controlled,0.001,0.0,1,0.275,fit_ok,resolved,True,E_state_hartree,True,-1.2034473212490604e-07,-1.2493317798716616e-07,4.588445862260125e-09,-1.2444740109949448e-07,4.857768876716855e-10,4.10266897458844e-09,0.10586959119801119,0.8941304088019888,0.9727543567265299
467,B,H4,two_term_center,controlled_q0.001_phi1.570796326795,controlled,0.001,1.570796326795,1,0.275,fit_ok,resolved,True,mixed,True,-1.2431141732234782e-07,-1.2493317798716616e-07,6.217606648183397e-10,-1.2444740109949448e-07,4.857768876716855e-10,1.359837771466542e-10,0.7812924090552035,0.21870759094479653,0.9727543567265299
468,B,H4,two_term_center,controlled_q0.001_phi3.141592653590,controlled,0.001,3.14159265359,1,0.275,fit_ok,resolved,True,E_state_hartree,True,-1.2855007007494242e-07,-1.2493317798716616e-07,-3.6168920877762547e-09,-1.2444740109949448e-07,4.857768876716855e-10,-4.10266897544794e-09,0.13430781894583751,0.8656921810541625,0.9727543567265299
469,B,H4,two_term_center,controlled_q0.001_phi4.712388980385,controlled,0.001,4.712388980385,1,0.275,fit_ok,resolved,True,mixed,True,-1.2458338487578158e-07,-1.2493317798716616e-07,3.497931113845844e-10,-1.2444740109949448e-07,4.857768876716855e-10,-1.3598377628710104e-10,1.3887548721266612,-0.38875487212666116,0.9727543567265299
396,B,H4,two_term_center,controlled_q0.001_phi0.000000000000,controlled,0.001,0.0,-1,0.35,fit_ok,resolved,True,E_state_hartree,True,-3.1497605769678754e-07,-3.273892140951458e-07,1.2413156398358275e-08,-3.261309698479776e-07,1.2582442471682197e-09,1.1154912151190055e-08,0.10136376331604353,0.8986362366839564,0.9752060474182667
397,B,H4,two_term_center,controlled_q0.001_phi1.570796326795,controlled,0.001,1.570796326795,-1,0.35,fit_ok,resolved,True,mixed,True,-3.264602282527269e-07,-3.273892140951458e-07,9.289858424189137e-10,-3.261309698479776e-07,1.2582442471682197e-09,-3.2925840474930594e-10,1.3544277961136368,-0.35442779611363684,0.9752060474182667
398,B,H4,two_term_center,controlled_q0.001_phi3.141592653590,controlled,0.001,3.14159265359,-1,0.35,fit_ok,resolved,True,E_state_hartree,True,-3.3728588199969895e-07,-3.273892140951458e-07,-9.896667904553137e-09,-3.261309698479776e-07,1.2582442471682197e-09,-1.1154912151721357e-08,0.12713817006927575,0.8728618299307243,0.9752060474182667
399,B,H4,two_term_center,controlled_q0.001_phi4.712388980385,controlled,0.001,4.712388980385,-1,0.35,fit_ok,resolved,True,mixed,True,-3.25801711442697e-07,-3.273892140951458e-07,1.587502652448827e-09,-3.261309698479776e-07,1.2582442471682197e-09,3.2925840528060736e-10,0.7925934770737518,0.20740652292624817,0.9752060474182667
480,B,H4,two_term_center,controlled_q0.001_phi0.000000000000,controlled,0.001,0.0,1,0.35,fit_ok,resolved,True,E_state_hartree,True,-3.149760576967875e-07,-3.273892140951458e-07,1.2413156398358328e-08,-3.261309698479776e-07,1.2582442471682197e-09,1.1154912151190108e-08,0.1013637633160431,0.8986362366839569,0.9752060474182662
481,B,H4,two_term_center,controlled_q0.001_phi1.570796326795,controlled,0.001,1.570796326795,1,0.35,fit_ok,resolved,True,mixed,True,-3.25801711442697e-07,-3.273892140951458e-07,1.587502652448827e-09,-3.261309698479776e-07,1.2582442471682197e-09,3.2925840528060736e-10,0.7925934770737518,0.20740652292624817,0.9752060474182662
482,B,H4,two_term_center,controlled_q0.001_phi3.141592653590,controlled,0.001,3.14159265359,1,0.35,fit_ok,resolved,True,E_state_hartree,True,-3.3728588199969895e-07,-3.273892140951458e-07,-9.896667904553137e-09,-3.261309698479776e-07,1.2582442471682197e-09,-1.1154912151721357e-08,0.12713817006927575,0.8728618299307243,0.9752060474182662
483,B,H4,two_term_center,controlled_q0.001_phi4.712388980385,controlled,0.001,4.712388980385,1,0.35,fit_ok,resolved,True,mixed,True,-3.264602282527269e-07,-3.273892140951458e-07,9.289858424189137e-10,-3.261309698479776e-07,1.2582442471682197e-09,-3.2925840474930594e-10,1.3544277961136368,-0.35442779611363684,0.9752060474182662
410,B,H4,two_term_center,controlled_q0.001_phi0.000000000000,controlled,0.001,0.0,-1,0.4,fit_ok,resolved,True,E_state_hartree,True,-5.362759799567907e-07,-5.579397956455843e-07,2.1663815688793606e-08,-5.558154245008533e-07,2.12437114473098e-09,1.9539444544062626e-08,0.09806080218037896,0.9019391978196211,0.9769169849740309
411,B,H4,two_term_center,controlled_q0.001_phi1.570796326795,controlled,0.001,1.570796326795,-1,0.4,fit_ok,resolved,True,mixed,True,-5.562665906822277e-07,-5.579397956455843e-07,1.6732049633566337e-09,-5.558154245008533e-07,2.12437114473098e-09,-4.5116618137434626e-10,1.2696419095418274,-0.26964190954182743,0.9769169849740309
412,B,H4,two_term_center,controlled_q0.001_phi3.141592653590,controlled,0.001,3.14159265359,-1,0.4,fit_ok,resolved,True,E_state_hartree,True,-5.753548690457262e-07,-5.579397956455843e-07,-1.741507340014194e-08,-5.558154245008533e-07,2.12437114473098e-09,-1.953944454487292e-08,0.12198462193754898,0.878015378062451,0.9769169849740309
413,B,H4,two_term_center,controlled_q0.001_phi4.712388980385,controlled,0.001,4.712388980385,-1,0.4,fit_ok,resolved,True,mixed,True,-5.553642583186686e-07,-5.579397956455843e-07,2.575537326915725e-09,-5.558154245008533e-07,2.12437114473098e-09,4.5116618218474504e-10,0.824826385752666,0.17517361424733402,0.9769169849740309
494,B,H4,two_term_center,controlled_q0.001_phi0.000000000000,controlled,0.001,0.0,1,0.4,fit_ok,resolved,True,E_state_hartree,True,-5.362759799567908e-07,-5.579397956455843e-07,2.16638156887935e-08,-5.558154245008533e-07,2.12437114473098e-09,1.953944454406252e-08,0.09806080218037944,0.9019391978196205,0.9769169849740313
495,B,H4,two_term_center,controlled_q0.001_phi1.570796326795,controlled,0.001,1.570796326795,1,0.4,fit_ok,resolved,True,mixed,True,-5.553642583186686e-07,-5.579397956455843e-07,2.575537326915725e-09,-5.558154245008533e-07,2.12437114473098e-09,4.5116618218474504e-10,0.824826385752666,0.17517361424733402,0.9769169849740313
496,B,H4,two_term_center,controlled_q0.001_phi3.141592653590,controlled,0.001,3.14159265359,1,0.4,fit_ok,resolved,True,E_state_hartree,True,-5.753548690457262e-07,-5.579397956455843e-07,-1.741507340014194e-08,-5.558154245008533e-07,2.12437114473098e-09,-1.953944454487292e-08,0.12198462193754898,0.878015378062451,0.9769169849740313
497,B,H4,two_term_center,controlled_q0.001_phi4.712388980385,controlled,0.001,4.712388980385,1,0.4,fit_ok,resolved,True,mixed,True,-5.562665906822277e-07,-5.579397956455843e-07,1.6732049633566337e-09,-5.558154245008533e-07,2.12437114473098e-09,-4.5116618137434626e-10,1.2696419095418274,-0.26964190954182743,0.9769169849740313
344,B,H4,two_term_center,controlled_q0.010_phi0.000000000000,controlled,0.01,0.0,-1,0.125,fit_ok,resolved,True,E_state_hartree,True,-4.606730289334413e-09,-5.3418943461858125e-09,7.351640568513995e-10,-5.131076178248988e-09,2.1081816793682442e-10,5.243458889145751e-10,0.28676343187903924,0.7132365681209607,0.7557704003652309
345,B,H4,two_term_center,controlled_q0.010_phi1.570796326795,controlled,0.01,1.570796326795,-1,0.125,fit_ok,resolved,True,E_state_hartree,True,-5.1423836161523795e-09,-5.3418943461858125e-09,1.99510730033433e-10,-5.131076178248988e-09,2.1081816793682442e-10,-1.1307437903391423e-11,1.0566758384448625,-0.05667583844486246,0.7557704003652309
346,B,H4,two_term_center,controlled_q0.010_phi3.141592653590,controlled,0.01,3.14159265359,-1,0.125,fit_ok,resolved,True,E_state_hartree,True,-5.655422059668124e-09,-5.3418943461858125e-09,-3.1352771348231146e-10,-5.131076178248988e-09,2.1081816793682442e-10,-5.243458814191359e-10,0.6724068044744578,0.3275931955255422,0.7557704003652309
347,B,H4,two_term_center,controlled_q0.010_phi4.712388980385,controlled,0.01,4.712388980385,-1,0.125,fit_ok,resolved,True,E_state_hartree,True,-5.119768747841036e-09,-5.3418943461858125e-09,2.2212559834477663e-10,-5.131076178248988e-09,2.1081816793682442e-10,1.1307430407952205e-11,0.9490944290427925,0.05090557095720749,0.7557704003652309
428,B,H4,two_term_center,controlled_q0.010_phi0.000000000000,controlled,0.01,0.0,1,0.125,fit_ok,resolved,True,E_state_hartree,True,-4.6067302893344105e-09,-5.3418943461858125e-09,7.35164056851402e-10,-5.131076178248987e-09,2.1081816793682525e-10,5.243458889145768e-10,0.28676343187903935,0.7132365681209607,0.7557704003652307
429,B,H4,two_term_center,controlled_q0.010_phi1.570796326795,controlled,0.01,1.570796326795,1,0.125,fit_ok,resolved,True,E_state_hartree,True,-5.119768747841036e-09,-5.3418943461858125e-09,2.2212559834477663e-10,-5.131076178248987e-09,2.1081816793682525e-10,1.1307430407951378e-11,0.9490944290427962,0.05090557095720383,0.7557704003652307
430,B,H4,two_term_center,controlled_q0.010_phi3.141592653590,controlled,0.01,3.14159265359,1,0.125,fit_ok,resolved,True,E_state_hartree,True,-5.655422059668124e-09,-5.3418943461858125e-09,-3.1352771348231146e-10,-5.131076178248987e-09,2.1081816793682525e-10,-5.243458814191367e-10,0.6724068044744604,0.32759319552553956,0.7557704003652307
431,B,H4,two_term_center,controlled_q0.010_phi4.712388980385,controlled,0.01,4.712388980385,1,0.125,fit_ok,resolved,True,E_state_hartree,True,-5.1423836161523795e-09,-5.3418943461858125e-09,1.99510730033433e-10,-5.131076178248987e-09,2.1081816793682525e-10,-1.130743790339225e-11,1.0566758384448667,-0.05667583844486668,0.7557704003652307
358,B,H4,two_term_center,controlled_q0.010_phi0.000000000000,controlled,0.01,0.0,-1,0.175,fit_ok,resolved,True,E_state_hartree,True,-1.766569293323303e-08,-2.051306397172829e-08,2.84737103849526e-09,-1.9706512972761144e-08,8.065509989671469e-10,2.040820039528113e-09,0.28326164313077445,0.7167383568692256,0.7621140654799914
359,B,H4,two_term_center,controlled_q0.010_phi1.570796326795,controlled,0.01,1.570796326795,-1,0.175,fit_ok,resolved,True,E_state_hartree,True,-1.9763243214573504e-08,-2.051306397172829e-08,7.498207571547864e-10,-1.9706512972761144e-08,8.065509989671469e-10,-5.673024181236048e-11,1.0756584040532897,-0.07565840405328972,0.7621140654799914
360,B,H4,two_term_center,controlled_q0.010_phi3.141592653590,controlled,0.01,3.14159265359,-1,0.175,fit_ok,resolved,True,E_state_hartree,True,-2.1747333004797952e-08,-2.051306397172829e-08,-1.2342690330696612e-09,-1.9706512972761144e-08,8.065509989671469e-10,-2.040820032036808e-09,0.6534645019499778,0.34653549805002215,0.7621140654799914
361,B,H4,two_term_center,controlled_q0.010_phi4.712388980385,controlled,0.01,4.712388980385,-1,0.175,fit_ok,resolved,True,E_state_hartree,True,-1.964978273844009e-08,-2.051306397172829e-08,8.632812332881991e-10,-1.9706512972761144e-08,8.065509989671469e-10,5.67302343210522e-11,0.9342853381568723,0.06571466184312769,0.7621140654799914
442,B,H4,two_term_center,controlled_q0.010_phi0.000000000000,controlled,0.01,0.0,1,0.175,fit_ok,resolved,True,E_state_hartree,True,-1.7665692933233027e-08,-2.051306397172829e-08,2.8473710384952633e-09,-1.9706512972761144e-08,8.065509989671469e-10,2.0408200395281164e-09,0.2832616431307741,0.7167383568692258,0.7621140654799913
443,B,H4,two_term_center,controlled_q0.010_phi1.570796326795,controlled,0.01,1.570796326795,1,0.175,fit_ok,resolved,True,E_state_hartree,True,-1.964978273844009e-08,-2.051306397172829e-08,8.632812332881991e-10,-1.9706512972761144e-08,8.065509989671469e-10,5.67302343210522e-11,0.9342853381568723,0.06571466184312769,0.7621140654799913
444,B,H4,two_term_center,controlled_q0.010_phi3.141592653590,controlled,0.01,3.14159265359,1,0.175,fit_ok,resolved,True,E_state_hartree,True,-2.1747333004797952e-08,-2.051306397172829e-08,-1.2342690330696612e-09,-1.9706512972761144e-08,8.065509989671469e-10,-2.040820032036808e-09,0.6534645019499778,0.34653549805002215,0.7621140654799913
445,B,H4,two_term_center,controlled_q0.010_phi4.712388980385,controlled,0.01,4.712388980385,1,0.175,fit_ok,resolved,True,E_state_hartree,True,-1.9763243214573504e-08,-2.051306397172829e-08,7.498207571547864e-10,-1.9706512972761144e-08,8.065509989671469e-10,-5.673024181236048e-11,1.0756584040532897,-0.07565840405328972,0.7621140654799913
372,B,H4,two_term_center,controlled_q0.010_phi0.000000000000,controlled,0.01,0.0,-1,0.225,fit_ok,resolved,True,E_state_hartree,True,-4.816022069595556e-08,-5.602378339049399e-08,7.863562694538426e-09,-5.3831870461660856e-08,2.1919129288331316e-09,5.671649765705294e-09,0.2787429838075186,0.7212570161924814,0.7701705545047904
373,B,H4,two_term_center,controlled_q0.010_phi1.570796326795,controlled,0.01,1.570796326795,-1,0.225,fit_ok,resolved,True,E_state_hartree,True,-5.4012243396986094e-08,-5.602378339049399e-08,2.0115399935078935e-09,-5.3831870461660856e-08,2.1919129288331316e-09,-1.8037293532523812e-10,1.089669077377223,-0.08966907737722307,0.7701705545047904
374,B,H4,two_term_center,controlled_q0.010_phi3.141592653590,controlled,0.01,3.14159265359,-1,0.225,fit_ok,resolved,True,E_state_hartree,True,-5.950352022662028e-08,-5.602378339049399e-08,-3.4797368361262902e-09,-5.3831870461660856e-08,2.1919129288331316e-09,-5.671649764959422e-09,0.6299076717747458,0.3700923282252542,0.7701705545047904
375,B,H4,two_term_center,controlled_q0.010_phi4.712388980385,controlled,0.01,4.712388980385,-1,0.225,fit_ok,resolved,True,E_state_hartree,True,-5.3651497527081496e-08,-5.602378339049399e-08,2.372285863412491e-09,-5.3831870461660856e-08,2.1919129288331316e-09,1.8037293457935944e-10,0.9239666107018417,0.07603338929815828,0.7701705545047904
456,B,H4,two_term_center,controlled_q0.010_phi0.000000000000,controlled,0.01,0.0,1,0.225,fit_ok,resolved,True,E_state_hartree,True,-4.8160220695955575e-08,-5.602378339049399e-08,7.863562694538412e-09,-5.383187046166086e-08,2.191912928833125e-09,5.671649765705287e-09,0.2787429838075182,0.7212570161924818,0.7701705545047905
457,B,H4,two_term_center,controlled_q0.010_phi1.570796326795,controlled,0.01,1.570796326795,1,0.225,fit_ok,resolved,True,E_state_hartree,True,-5.3651497527081496e-08,-5.602378339049399e-08,2.372285863412491e-09,-5.383187046166086e-08,2.191912928833125e-09,1.8037293457936606e-10,0.9239666107018389,0.07603338929816106,0.7701705545047905
458,B,H4,two_term_center,controlled_q0.010_phi3.141592653590,controlled,0.01,3.14159265359,1,0.225,fit_ok,resolved,True,E_state_hartree,True,-5.950352022662028e-08,-5.602378339049399e-08,-3.4797368361262902e-09,-5.383187046166086e-08,2.191912928833125e-09,-5.671649764959415e-09,0.6299076717747439,0.37009232822525606,0.7701705545047905
459,B,H4,two_term_center,controlled_q0.010_phi4.712388980385,controlled,0.01,4.712388980385,1,0.225,fit_ok,resolved,True,E_state_hartree,True,-5.4012243396986094e-08,-5.602378339049399e-08,2.0115399935078935e-09,-5.383187046166086e-08,2.191912928833125e-09,-1.803729353252315e-10,1.0896690773772197,-0.08966907737721974,0.7701705545047905
386,B,H4,two_term_center,controlled_q0.010_phi0.000000000000,controlled,0.01,0.0,-1,0.275,fit_ok,resolved,True,E_state_hartree,True,-1.0716020328143084e-07,-1.2493317798716616e-07,1.7772974705735326e-08,-1.200754090669903e-07,4.857768920175865e-09,1.2915205785559461e-08,0.2733233462943188,0.7266766537056812,0.7796457232913719
387,B,H4,two_term_center,controlled_q0.010_phi1.570796326795,controlled,0.01,1.570796326795,-1,0.275,fit_ok,resolved,True,E_state_hartree,True,-1.2050348612896947e-07,-1.2493317798716616e-07,4.429691858196694e-09,-1.200754090669903e-07,4.857768920175865e-09,-4.2807706197917124e-10,1.0966381129168292,-0.09663811291682922,0.7796457232913719
388,B,H4,two_term_center,controlled_q0.010_phi3.141592653590,controlled,0.01,3.14159265359,-1,0.275,fit_ok,resolved,True,E_state_hartree,True,-1.3299061485030533e-07,-1.2493317798716616e-07,-8.05743686313917e-09,-1.200754090669903e-07,4.857768920175865e-09,-1.2915205783315035e-08,0.6028925826771273,0.3971074173228727,0.7796457232913719
389,B,H4,two_term_center,controlled_q0.010_phi4.712388980385,controlled,0.01,4.712388980385,-1,0.275,fit_ok,resolved,True,E_state_hartree,True,-1.1964733200725552e-07,-1.2493317798716616e-07,5.285845979910637e-09,-1.200754090669903e-07,4.857768920175865e-09,4.2807705973477215e-10,0.9190144659224427,0.08098553407755726,0.7796457232913719
470,B,H4,two_term_center,controlled_q0.010_phi0.000000000000,controlled,0.01,0.0,1,0.275,fit_ok,resolved,True,E_state_hartree,True,-1.0716020328143084e-07,-1.2493317798716616e-07,1.7772974705735326e-08,-1.200754090669903e-07,4.857768920175865e-09,1.2915205785559461e-08,0.2733233462943188,0.7266766537056812,0.7796457232913719
471,B,H4,two_term_center,controlled_q0.010_phi1.570796326795,controlled,0.01,1.570796326795,1,0.275,fit_ok,resolved,True,E_state_hartree,True,-1.1964733200725552e-07,-1.2493317798716616e-07,5.285845979910637e-09,-1.200754090669903e-07,4.857768920175865e-09,4.2807705973477215e-10,0.9190144659224427,0.08098553407755726,0.7796457232913719
472,B,H4,two_term_center,controlled_q0.010_phi3.141592653590,controlled,0.01,3.14159265359,1,0.275,fit_ok,resolved,True,E_state_hartree,True,-1.3299061485030533e-07,-1.2493317798716616e-07,-8.05743686313917e-09,-1.200754090669903e-07,4.857768920175865e-09,-1.2915205783315035e-08,0.6028925826771273,0.3971074173228727,0.7796457232913719
473,B,H4,two_term_center,controlled_q0.010_phi4.712388980385,controlled,0.01,4.712388980385,1,0.275,fit_ok,resolved,True,E_state_hartree,True,-1.2050348612896947e-07,-1.2493317798716616e-07,4.429691858196694e-09,-1.200754090669903e-07,4.857768920175865e-09,-4.2807706197917124e-10,1.0966381129168292,-0.09663811291682922,0.7796457232913719
400,B,H4,two_term_center,controlled_q0.010_phi0.000000000000,controlled,0.01,0.0,-1,0.35,fit_ok,resolved,True,E_state_hartree,True,-2.796910974630026e-07,-3.273892140951458e-07,4.769811663214321e-08,-3.1480677138648243e-07,1.258244270866338e-08,3.511567392347983e-08,0.26379328151888115,0.7362067184811188,0.7958269813756629
401,B,H4,two_term_center,controlled_q0.010_phi1.570796326795,controlled,0.01,1.570796326795,-1,0.35,fit_ok,resolved,True,E_state_hartree,True,-3.158432771497339e-07,-3.273892140951458e-07,1.1545936945411902e-08,-3.1480677138648243e-07,1.258244270866338e-08,-1.0365057632514781e-09,1.089772338802124,-0.0897723388021241,0.7958269813756629
402,B,H4,two_term_center,controlled_q0.010_phi3.141592653590,controlled,0.01,3.14159265359,-1,0.35,fit_ok,resolved,True,E_state_hartree,True,-3.499224453102818e-07,-3.273892140951458e-07,-2.253323121513599e-08,-3.1480677138648243e-07,1.258244270866338e-08,-3.511567392379937e-08,0.55839495847411,0.44160504152589,0.7958269813756629
403,B,H4,two_term_center,controlled_q0.010_phi4.712388980385,controlled,0.01,4.712388980385,-1,0.35,fit_ok,resolved,True,E_state_hartree,True,-3.137702656229115e-07,-3.273892140951458e-07,1.3618948472234296e-08,-3.1480677138648243e-07,1.258244270866338e-08,1.0365057635709154e-09,0.923892379379796,0.07610762062020404,0.7958269813756629
484,B,H4,two_term_center,controlled_q0.010_phi0.000000000000,controlled,0.01,0.0,1,0.35,fit_ok,resolved,True,E_state_hartree,True,-2.7969109746300255e-07,-3.273892140951458e-07,4.769811663214326e-08,-3.1480677138648243e-07,1.258244270866338e-08,3.511567392347988e-08,0.2637932815188809,0.7362067184811192,0.795826981375663
485,B,H4,two_term_center,controlled_q0.010_phi1.570796326795,controlled,0.01,1.570796326795,1,0.35,fit_ok,resolved,True,E_state_hartree,True,-3.137702656229115e-07,-3.273892140951458e-07,1.3618948472234296e-08,-3.1480677138648243e-07,1.258244270866338e-08,1.0365057635709154e-09,0.923892379379796,0.07610762062020404,0.795826981375663
486,B,H4,two_term_center,controlled_q0.010_phi3.141592653590,controlled,0.01,3.14159265359,1,0.35,fit_ok,resolved,True,E_state_hartree,True,-3.499224453102818e-07,-3.273892140951458e-07,-2.253323121513599e-08,-3.1480677138648243e-07,1.258244270866338e-08,-3.511567392379937e-08,0.55839495847411,0.44160504152589,0.795826981375663
487,B,H4,two_term_center,controlled_q0.010_phi4.712388980385,controlled,0.01,4.712388980385,1,0.35,fit_ok,resolved,True,E_state_hartree,True,-3.158432771497339e-07,-3.273892140951458e-07,1.1545936945411902e-08,-3.1480677138648243e-07,1.258244270866338e-08,-1.0365057632514781e-09,1.089772338802124,-0.0897723388021241,0.795826981375663
414,B,H4,two_term_center,controlled_q0.010_phi0.000000000000,controlled,0.01,0.0,-1,0.4,fit_ok,resolved,True,E_state_hartree,True,-4.751858943494227e-07,-5.579397956455843e-07,8.275390129616161e-08,-5.366960841176717e-07,2.1243711527912608e-08,6.151018976824901e-08,0.2567094867453452,0.7432905132546548,0.807472449952509
415,B,H4,two_term_center,controlled_q0.010_phi1.570796326795,controlled,0.01,1.570796326795,-1,0.4,fit_ok,resolved,True,E_state_hartree,True,-5.381163556785785e-07,-5.579397956455843e-07,1.982343996700575e-08,-5.366960841176717e-07,2.1243711527912608e-08,-1.420271560906858e-09,1.0716460696665546,-0.07164606966655462,0.807472449952509
416,B,H4,two_term_center,controlled_q0.010_phi3.141592653590,controlled,0.01,3.14159265359,-1,0.4,fit_ok,resolved,True,E_state_hartree,True,-5.982062738838371e-07,-5.579397956455843e-07,-4.0266478238252804e-08,-5.366960841176717e-07,2.1243711527912608e-08,-6.151018976616541e-08,0.5275780862238721,0.47242191377612786,0.807472449952509
417,B,H4,two_term_center,controlled_q0.010_phi4.712388980385,controlled,0.01,4.712388980385,-1,0.4,fit_ok,resolved,True,E_state_hartree,True,-5.352758125588483e-07,-5.579397956455843e-07,2.2663983086735977e-08,-5.366960841176717e-07,2.1243711527912608e-08,1.4202715588233687e-09,0.9373335413555538,0.0626664586444462,0.807472449952509
498,B,H4,two_term_center,controlled_q0.010_phi0.000000000000,controlled,0.01,0.0,1,0.4,fit_ok,resolved,True,E_state_hartree,True,-4.751858943494228e-07,-5.579397956455843e-07,8.275390129616151e-08,-5.366960841176717e-07,2.1243711527912608e-08,6.15101897682489e-08,0.25670948674534555,0.7432905132546545,0.807472449952509
499,B,H4,two_term_center,controlled_q0.010_phi1.570796326795,controlled,0.01,1.570796326795,1,0.4,fit_ok,resolved,True,E_state_hartree,True,-5.352758125588483e-07,-5.579397956455843e-07,2.2663983086735977e-08,-5.366960841176717e-07,2.1243711527912608e-08,1.4202715588233687e-09,0.9373335413555538,0.0626664586444462,0.807472449952509
500,B,H4,two_term_center,controlled_q0.010_phi3.141592653590,controlled,0.01,3.14159265359,1,0.4,fit_ok,resolved,True,E_state_hartree,True,-5.982062738838371e-07,-5.579397956455843e-07,-4.0266478238252804e-08,-5.366960841176717e-07,2.1243711527912608e-08,-6.151018976616541e-08,0.5275780862238721,0.47242191377612786,0.807472449952509
501,B,H4,two_term_center,controlled_q0.010_phi4.712388980385,controlled,0.01,4.712388980385,1,0.4,fit_ok,resolved,True,E_state_hartree,True,-5.381163556785785e-07,-5.579397956455843e-07,1.982343996700575e-08,-5.366960841176717e-07,2.1243711527912608e-08,-1.420271560906858e-09,1.0716460696665546,-0.07164606966655462,0.807472449952509
348,B,H4,two_term_center,controlled_q0.050_phi0.000000000000,controlled,0.05,0.0,-1,0.125,fit_ok,resolved,True,E_state_hartree,True,-3.1392618263039567e-09,-5.3418943461858125e-09,2.2026325198818558e-09,-4.287804332053128e-09,1.0540900141326848e-09,1.148542505749171e-09,0.4785591807158208,0.5214408192841792,0.372606637982797
349,B,H4,two_term_center,controlled_q0.050_phi1.570796326795,controlled,0.05,1.570796326795,-1,0.125,fit_ok,resolved,True,E_state_hartree,True,-4.312572479681087e-09,-5.3418943461858125e-09,1.0293218665047253e-09,-4.287804332053128e-09,1.0540900141326848e-09,-2.476814762795944e-11,1.0240625876452667,-0.024062587645266698,0.372606637982797
350,B,H4,two_term_center,controlled_q0.050_phi3.141592653590,controlled,0.05,3.14159265359,-1,0.125,fit_ok,resolved,True,E_state_hartree,True,-5.436346834281588e-09,-5.3418943461858125e-09,-9.445248809577517e-11,-4.287804332053128e-09,1.0540900141326848e-09,-1.14854250222846e-09,11.160002614900241,-10.160002614900241,0.372606637982797
351,B,H4,two_term_center,controlled_q0.050_phi4.712388980385,controlled,0.05,4.712388980385,-1,0.125,fit_ok,resolved,True,E_state_hartree,True,-4.263036187945879e-09,-5.3418943461858125e-09,1.0788581582399336e-09,-4.287804332053128e-09,1.0540900141326848e-09,2.4768144107248797e-11,0.9770422609143949,0.022957739085605056,0.372606637982797
432,B,H4,two_term_center,controlled_q0.050_phi0.000000000000,controlled,0.05,0.0,1,0.125,fit_ok,resolved,True,E_state_hartree,True,-3.1392618263039567e-09,-5.3418943461858125e-09,2.2026325198818558e-09,-4.287804332053128e-09,1.0540900141326848e-09,1.148542505749171e-09,0.4785591807158208,0.5214408192841792,0.372606637982797
433,B,H4,two_term_center,controlled_q0.050_phi1.570796326795,controlled,0.05,1.570796326795,1,0.125,fit_ok,resolved,True,E_state_hartree,True,-4.263036187945879e-09,-5.3418943461858125e-09,1.0788581582399336e-09,-4.287804332053128e-09,1.0540900141326848e-09,2.4768144107248797e-11,0.9770422609143949,0.022957739085605056,0.372606637982797
434,B,H4,two_term_center,controlled_q0.050_phi3.141592653590,controlled,0.05,3.14159265359,1,0.125,fit_ok,resolved,True,E_state_hartree,True,-5.436346834281588e-09,-5.3418943461858125e-09,-9.445248809577517e-11,-4.287804332053128e-09,1.0540900141326848e-09,-1.14854250222846e-09,11.160002614900241,-10.160002614900241,0.372606637982797
435,B,H4,two_term_center,controlled_q0.050_phi4.712388980385,controlled,0.05,4.712388980385,1,0.125,fit_ok,resolved,True,E_state_hartree,True,-4.312572479681087e-09,-5.3418943461858125e-09,1.0293218665047253e-09,-4.287804332053128e-09,1.0540900141326848e-09,-2.476814762795944e-11,1.0240625876452667,-0.024062587645266698,0.372606637982797
362,B,H4,two_term_center,controlled_q0.050_phi0.000000000000,controlled,0.05,0.0,-1,0.175,fit_ok,resolved,True,E_state_hartree,True,-1.2010037284610202e-08,-2.051306397172829e-08,8.503026687118088e-09,-1.6480308947187637e-08,4.032755024540654e-09,4.4702716625774345e-09,0.4742728881058548,0.5257271118941452,0.3807476741362736
363,B,H4,two_term_center,controlled_q0.050_phi1.570796326795,controlled,0.05,1.570796326795,-1,0.175,fit_ok,resolved,True,E_state_hartree,True,-1.660457249871453e-08,-2.051306397172829e-08,3.908491473013759e-09,-1.6480308947187637e-08,4.032755024540654e-09,-1.242635515268948e-10,1.031793225694587,-0.03179322569458698,0.3807476741362736
364,B,H4,two_term_center,controlled_q0.050_phi3.141592653590,controlled,0.05,3.14159265359,-1,0.175,fit_ok,resolved,True,E_state_hartree,True,-2.09505806183001e-08,-2.051306397172829e-08,-4.375166465718088e-10,-1.6480308947187637e-08,4.032755024540654e-09,-4.470271671112463e-09,9.217375055645489,-8.217375055645489,0.3807476741362736
365,B,H4,two_term_center,controlled_q0.050_phi4.712388980385,controlled,0.05,4.712388980385,-1,0.175,fit_ok,resolved,True,E_state_hartree,True,-1.6356045387125714e-08,-2.051306397172829e-08,4.157018584602577e-09,-1.6480308947187637e-08,4.032755024540654e-09,1.2426356006192303e-10,0.9701075283805105,0.02989247161948949,0.3807476741362736
446,B,H4,two_term_center,controlled_q0.050_phi0.000000000000,controlled,0.05,0.0,1,0.175,fit_ok,resolved,True,E_state_hartree,True,-1.2010037284610199e-08,-2.051306397172829e-08,8.503026687118092e-09,-1.6480308947187637e-08,4.032755024540654e-09,4.470271662577438e-09,0.47427288810585455,0.5257271118941454,0.3807476741362737
447,B,H4,two_term_center,controlled_q0.050_phi1.570796326795,controlled,0.05,1.570796326795,1,0.175,fit_ok,resolved,True,E_state_hartree,True,-1.6356045387125714e-08,-2.051306397172829e-08,4.157018584602577e-09,-1.6480308947187637e-08,4.032755024540654e-09,1.2426356006192303e-10,0.9701075283805105,0.02989247161948949,0.3807476741362737
448,B,H4,two_term_center,controlled_q0.050_phi3.141592653590,controlled,0.05,3.14159265359,1,0.175,fit_ok,resolved,True,E_state_hartree,True,-2.09505806183001e-08,-2.051306397172829e-08,-4.375166465718088e-10,-1.6480308947187637e-08,4.032755024540654e-09,-4.470271671112463e-09,9.217375055645489,-8.217375055645489,0.3807476741362737
449,B,H4,two_term_center,controlled_q0.050_phi4.712388980385,controlled,0.05,4.712388980385,1,0.175,fit_ok,resolved,True,E_state_hartree,True,-1.660457249871453e-08,-2.051306397172829e-08,3.908491473013759e-09,-1.6480308947187637e-08,4.032755024540654e-09,-1.242635515268948e-10,1.031793225694587,-0.03179322569458698,0.3807476741362737
376,B,H4,two_term_center,controlled_q0.050_phi0.000000000000,controlled,0.05,0.0,-1,0.225,fit_ok,resolved,True,E_state_hartree,True,-3.2640871938121755e-08,-5.602378339049399e-08,2.3382911452372232e-08,-4.506421882867348e-08,1.095956456182051e-08,1.2423346890551723e-08,0.4686997418667745,0.5313002581332256,0.3914059132022218
377,B,H4,two_term_center,controlled_q0.050_phi1.570796326795,controlled,0.05,1.570796326795,-1,0.225,fit_ok,resolved,True,E_state_hartree,True,-4.5459312980611344e-08,-5.602378339049399e-08,1.0564470409882643e-08,-4.506421882867348e-08,1.095956456182051e-08,-3.9509415193786643e-10,1.0373983869147168,-0.03739838691471675,0.3914059132022218
378,B,H4,two_term_center,controlled_q0.050_phi3.141592653590,controlled,0.05,3.14159265359,-1,0.225,fit_ok,resolved,True,E_state_hartree,True,-5.748756572365413e-08,-5.602378339049399e-08,-1.463782333160143e-09,-4.506421882867348e-08,1.095956456182051e-08,-1.2423346894980653e-08,7.487154554024458,-6.487154554024458,0.3914059132022218
379,B,H4,two_term_center,controlled_q0.050_phi4.712388980385,controlled,0.05,4.712388980385,-1,0.225,fit_ok,resolved,True,E_state_hartree,True,-4.4669124672306694e-08,-5.602378339049399e-08,1.1354658718187293e-08,-4.506421882867348e-08,1.095956456182051e-08,3.9509415636678333e-10,0.9652042244357426,0.03479577556425739,0.3914059132022218
460,B,H4,two_term_center,controlled_q0.050_phi0.000000000000,controlled,0.05,0.0,1,0.225,fit_ok,resolved,True,E_state_hartree,True,-3.264087193812176e-08,-5.602378339049399e-08,2.3382911452372226e-08,-4.5064218828673484e-08,1.0959564561820503e-08,1.2423346890551723e-08,0.4686997418667743,0.5313002581332257,0.3914059132022218
461,B,H4,two_term_center,controlled_q0.050_phi1.570796326795,controlled,0.05,1.570796326795,1,0.225,fit_ok,resolved,True,E_state_hartree,True,-4.4669124672306694e-08,-5.602378339049399e-08,1.1354658718187293e-08,-4.5064218828673484e-08,1.0959564561820503e-08,3.9509415636678995e-10,0.965204224435742,0.03479577556425795,0.3914059132022218
462,B,H4,two_term_center,controlled_q0.050_phi3.141592653590,controlled,0.05,3.14159265359,1,0.225,fit_ok,resolved,True,E_state_hartree,True,-5.748756572365413e-08,-5.602378339049399e-08,-1.463782333160143e-09,-4.5064218828673484e-08,1.0959564561820503e-08,-1.2423346894980646e-08,7.487154554024452,-6.487154554024452,0.3914059132022218
463,B,H4,two_term_center,controlled_q0.050_phi4.712388980385,controlled,0.05,4.712388980385,1,0.225,fit_ok,resolved,True,E_state_hartree,True,-4.5459312980611344e-08,-5.602378339049399e-08,1.0564470409882643e-08,-4.5064218828673484e-08,1.0959564561820503e-08,-3.950941519378598e-10,1.037398386914716,-0.037398386914716086,0.3914059132022218
390,B,H4,two_term_center,controlled_q0.050_phi0.000000000000,controlled,0.05,0.0,-1,0.275,fit_ok,resolved,True,E_state_hartree,True,-7.235449031676224e-08,-1.2493317798716616e-07,5.257868767040392e-08,-1.006443333546185e-07,2.4288844632547665e-08,2.8289843037856255e-08,0.46195227969182734,0.5380477203081726,0.4044209444229026
391,B,H4,two_term_center,controlled_q0.050_phi1.570796326795,controlled,0.05,1.570796326795,-1,0.275,fit_ok,resolved,True,E_state_hartree,True,-1.0158200581836503e-07,-1.2493317798716616e-07,2.335117216880113e-08,-1.006443333546185e-07,2.4288844632547665e-08,-9.376724637465346e-10,1.0401552631691584,-0.040155263169158406,0.4044209444229026
392,B,H4,two_term_center,controlled_q0.050_phi3.141592653590,controlled,0.05,3.14159265359,-1,0.275,fit_ok,resolved,True,E_state_hartree,True,-1.289341764011418e-07,-1.2493317798716616e-07,-4.00099841397563e-09,-1.006443333546185e-07,2.4288844632547665e-08,-2.8289843046523295e-08,6.070695891232015,-5.070695891232015,0.4044209444229026
393,B,H4,two_term_center,controlled_q0.050_phi4.712388980385,controlled,0.05,4.712388980385,-1,0.275,fit_ok,resolved,True,E_state_hartree,True,-9.970666088220492e-08,-1.2493317798716616e-07,2.522651710496124e-08,-1.006443333546185e-07,2.4288844632547665e-08,9.376724724135742e-10,0.9628298877521557,0.03717011224784428,0.4044209444229026
474,B,H4,two_term_center,controlled_q0.050_phi0.000000000000,controlled,0.05,0.0,1,0.275,fit_ok,resolved,True,E_state_hartree,True,-7.235449031676222e-08,-1.2493317798716616e-07,5.2578687670403946e-08,-1.006443333546185e-07,2.4288844632547665e-08,2.828984303785628e-08,0.4619522796918271,0.5380477203081728,0.4044209444229027
475,B,H4,two_term_center,controlled_q0.050_phi1.570796326795,controlled,0.05,1.570796326795,1,0.275,fit_ok,resolved,True,E_state_hartree,True,-9.970666088220492e-08,-1.2493317798716616e-07,2.522651710496124e-08,-1.006443333546185e-07,2.4288844632547665e-08,9.376724724135742e-10,0.9628298877521557,0.03717011224784428,0.4044209444229027
476,B,H4,two_term_center,controlled_q0.050_phi3.141592653590,controlled,0.05,3.14159265359,1,0.275,fit_ok,resolved,True,E_state_hartree,True,-1.289341764011418e-07,-1.2493317798716616e-07,-4.00099841397563e-09,-1.006443333546185e-07,2.4288844632547665e-08,-2.8289843046523295e-08,6.070695891232015,-5.070695891232015,0.4044209444229027
477,B,H4,two_term_center,controlled_q0.050_phi4.712388980385,controlled,0.05,4.712388980385,1,0.275,fit_ok,resolved,True,E_state_hartree,True,-1.0158200581836503e-07,-1.2493317798716616e-07,2.335117216880113e-08,-1.006443333546185e-07,2.4288844632547665e-08,-9.376724637465346e-10,1.0401552631691584,-0.040155263169158406,0.4044209444229027
404,B,H4,two_term_center,controlled_q0.050_phi0.000000000000,controlled,0.05,0.0,-1,0.35,fit_ok,resolved,True,E_state_hartree,True,-1.8755860516847005e-07,-3.273892140951458e-07,1.3983060892667576e-07,-2.6447700044381924e-07,6.291221365132657e-08,7.691839527534919e-08,0.44991732592909195,0.550082674070908,0.4279385421689054
405,B,H4,two_term_center,controlled_q0.050_phi1.570796326795,controlled,0.05,1.570796326795,-1,0.35,fit_ok,resolved,True,E_state_hartree,True,-2.6674739286461756e-07,-3.273892140951458e-07,6.064182123052826e-08,-2.6447700044381924e-07,6.291221365132657e-08,-2.2703924207983175e-09,1.0374393838233764,-0.037439383823376415,0.4279385421689054
406,B,H4,two_term_center,controlled_q0.050_phi3.141592653590,controlled,0.05,3.14159265359,-1,0.35,fit_ok,resolved,True,E_state_hartree,True,-3.413953957239158e-07,-3.273892140951458e-07,-1.4006181628769995e-08,-2.6447700044381924e-07,6.291221365132657e-08,-7.691839528009657e-08,4.4917462388249385,-3.4917462388249385,0.4279385421689054
407,B,H4,two_term_center,controlled_q0.050_phi4.712388980385,controlled,0.05,4.712388980385,-1,0.35,fit_ok,resolved,True,E_state_hartree,True,-2.6220660801827357e-07,-3.273892140951458e-07,6.518260607687225e-08,-2.6447700044381924e-07,6.291221365132657e-08,2.2703924255456724e-09,0.9651687380699674,0.03483126193003261,0.4279385421689054
488,B,H4,two_term_center,controlled_q0.050_phi0.000000000000,controlled,0.05,0.0,1,0.35,fit_ok,resolved,True,E_state_hartree,True,-1.8755860516846997e-07,-3.273892140951458e-07,1.3983060892667584e-07,-2.6447700044381924e-07,6.291221365132657e-08,7.691839527534927e-08,0.4499173259290917,0.5500826740709083,0.42793854216890553
489,B,H4,two_term_center,controlled_q0.050_phi1.570796326795,controlled,0.05,1.570796326795,1,0.35,fit_ok,resolved,True,E_state_hartree,True,-2.6220660801827357e-07,-3.273892140951458e-07,6.518260607687225e-08,-2.6447700044381924e-07,6.291221365132657e-08,2.2703924255456724e-09,0.9651687380699674,0.03483126193003261,0.42793854216890553
490,B,H4,two_term_center,controlled_q0.050_phi3.141592653590,controlled,0.05,3.14159265359,1,0.35,fit_ok,resolved,True,E_state_hartree,True,-3.413953957239158e-07,-3.273892140951458e-07,-1.4006181628769995e-08,-2.6447700044381924e-07,6.291221365132657e-08,-7.691839528009657e-08,4.4917462388249385,-3.4917462388249385,0.42793854216890553
491,B,H4,two_term_center,controlled_q0.050_phi4.712388980385,controlled,0.05,4.712388980385,1,0.35,fit_ok,resolved,True,E_state_hartree,True,-2.6674739286461756e-07,-3.273892140951458e-07,6.064182123052826e-08,-2.6447700044381924e-07,6.291221365132657e-08,-2.2703924207983175e-09,1.0374393838233764,-0.037439383823376415,0.42793854216890553
418,B,H4,two_term_center,controlled_q0.050_phi0.000000000000,controlled,0.05,0.0,-1,0.4,fit_ok,resolved,True,E_state_hartree,True,-3.169875261618313e-07,-5.579397956455843e-07,2.40952269483753e-07,-4.5172123796604135e-07,1.0621855767954294e-07,1.3473371180421004e-07,0.4408282101144729,0.5591717898855271,0.44595911764914636
419,B,H4,two_term_center,controlled_q0.050_phi1.570796326795,controlled,0.05,1.570796326795,-1,0.4,fit_ok,resolved,True,E_state_hartree,True,-4.5483224218184626e-07,-5.579397956455843e-07,1.0310755346373804e-07,-4.5172123796604135e-07,1.0621855767954294e-07,-3.1110042158049054e-09,1.0301724181332554,-0.03017241813325544,0.44595911764914636
420,B,H4,two_term_center,controlled_q0.050_phi3.141592653590,controlled,0.05,3.14159265359,-1,0.4,fit_ok,resolved,True,E_state_hartree,True,-5.864549497636177e-07,-5.579397956455843e-07,-2.851515411803345e-08,-4.5172123796604135e-07,1.0621855767954294e-07,-1.347337117975764e-07,3.7249862736098134,-2.7249862736098134,0.44595911764914636
421,B,H4,two_term_center,controlled_q0.050_phi4.712388980385,controlled,0.05,4.712388980385,-1,0.4,fit_ok,resolved,True,E_state_hartree,True,-4.486102337568701e-07,-5.579397956455843e-07,1.093295618887142e-07,-4.5172123796604135e-07,1.0621855767954294e-07,3.111004209171261e-09,0.9715447116458956,0.02845528835410438,0.44595911764914636
502,B,H4,two_term_center,controlled_q0.050_phi0.000000000000,controlled,0.05,0.0,1,0.4,fit_ok,resolved,True,E_state_hartree,True,-3.169875261618315e-07,-5.579397956455843e-07,2.409522694837528e-07,-4.517212379660414e-07,1.0621855767954289e-07,1.3473371180420993e-07,0.44082821011447293,0.5591717898855271,0.4459591176491463
503,B,H4,two_term_center,controlled_q0.050_phi1.570796326795,controlled,0.05,1.570796326795,1,0.4,fit_ok,resolved,True,E_state_hartree,True,-4.486102337568701e-07,-5.579397956455843e-07,1.093295618887142e-07,-4.517212379660414e-07,1.0621855767954289e-07,3.111004209171314e-09,0.9715447116458952,0.028455288354104824,0.4459591176491463
504,B,H4,two_term_center,controlled_q0.050_phi3.141592653590,controlled,0.05,3.14159265359,1,0.4,fit_ok,resolved,True,E_state_hartree,True,-5.864549497636177e-07,-5.579397956455843e-07,-2.851515411803345e-08,-4.517212379660414e-07,1.0621855767954289e-07,-1.3473371179757634e-07,3.7249862736098116,-2.7249862736098116,0.4459591176491463
505,B,H4,two_term_center,controlled_q0.050_phi4.712388980385,controlled,0.05,4.712388980385,1,0.4,fit_ok,resolved,True,E_state_hartree,True,-4.5483224218184626e-07,-5.579397956455843e-07,1.0310755346373804e-07,-4.517212379660414e-07,1.0621855767954289e-07,-3.1110042158048525e-09,1.030172418133255,-0.030172418133254997,0.4459591176491463
4,B,H4,yoshida4,controlled_q0.001_phi0.000000000000,controlled,0.001,0.0,-1,0.125,fit_ok,resolved,True,E_state_hartree,True,-1.1588092891239312e-06,-1.1464816373273915e-06,-1.2327651796539733e-08,-1.144984919672146e-06,1.496717655245586e-09,-1.3824369451785319e-08,0.12141141556786199,0.878588584432138,0.977266623216109
5,B,H4,yoshida4,controlled_q0.001_phi1.570796326795,controlled,0.001,1.570796326795,-1,0.125,fit_ok,resolved,True,mixed,True,-1.146204738913803e-06,-1.1464816373273915e-06,2.768984135884769e-10,-1.144984919672146e-06,1.496717655245586e-09,-1.219819241657109e-09,5.405295161676115,-4.405295161676115,0.977266623216109
6,B,H4,yoshida4,controlled_q0.001_phi3.141592653590,controlled,0.001,3.14159265359,-1,0.125,fit_ok,resolved,True,E_state_hartree,True,-1.1311605502178631e-06,-1.1464816373273915e-06,1.532108710952838e-08,-1.144984919672146e-06,1.496717655245586e-09,1.3824369454282795e-08,0.09769004278519884,0.9023099572148011,0.977266623216109
7,B,H4,yoshida4,controlled_q0.001_phi4.712388980385,controlled,0.001,4.712388980385,-1,0.125,fit_ok,resolved,True,mixed,True,-1.1437651004329863e-06,-1.1464816373273915e-06,2.7165368944052184e-09,-1.144984919672146e-06,1.496717655245586e-09,1.2198192391596324e-09,0.550965333225592,0.44903466677440795,0.977266623216109
88,B,H4,yoshida4,controlled_q0.001_phi0.000000000000,controlled,0.001,0.0,1,0.125,fit_ok,resolved,True,E_state_hartree,True,-1.1588092891239315e-06,-1.1464816373273915e-06,-1.2327651796539944e-08,-1.144984919672146e-06,1.496717655245586e-09,-1.382436945178553e-08,0.1214114155678599,0.87858858443214,0.9772666232161109
89,B,H4,yoshida4,controlled_q0.001_phi1.570796326795,controlled,0.001,1.570796326795,1,0.125,fit_ok,resolved,True,mixed,True,-1.1437651004329863e-06,-1.1464816373273915e-06,2.7165368944052184e-09,-1.144984919672146e-06,1.496717655245586e-09,1.2198192391596324e-09,0.550965333225592,0.44903466677440795,0.9772666232161109
90,B,H4,yoshida4,controlled_q0.001_phi3.141592653590,controlled,0.001,3.14159265359,1,0.125,fit_ok,resolved,True,E_state_hartree,True,-1.1311605502178631e-06,-1.1464816373273915e-06,1.532108710952838e-08,-1.144984919672146e-06,1.496717655245586e-09,1.3824369454282795e-08,0.09769004278519884,0.9023099572148011,0.9772666232161109
91,B,H4,yoshida4,controlled_q0.001_phi4.712388980385,controlled,0.001,4.712388980385,1,0.125,fit_ok,resolved,True,mixed,True,-1.146204738913803e-06,-1.1464816373273915e-06,2.768984135884769e-10,-1.144984919672146e-06,1.496717655245586e-09,-1.219819241657109e-09,5.405295161676115,-4.405295161676115,0.9772666232161109
18,B,H4,yoshida4,controlled_q0.001_phi0.000000000000,controlled,0.001,0.0,-1,0.175,fit_ok,resolved,True,E_state_hartree,True,-4.437700712510816e-06,-4.390315652039067e-06,-4.738506047174926e-08,-4.384579334334536e-06,5.736317704530802e-09,-5.312137817628006e-08,0.1210575157533199,0.8789424842466801,0.9775480674293988
19,B,H4,yoshida4,controlled_q0.001_phi1.570796326795,controlled,0.001,1.570796326795,-1,0.175,fit_ok,resolved,True,mixed,True,-4.391174002844542e-06,-4.390315652039067e-06,-8.583508054751476e-10,-4.384579334334536e-06,5.736317704530802e-09,-6.59466851000595e-09,6.682952550333325,-5.682952550333325,0.9775480674293988
20,B,H4,yoshida4,controlled_q0.001_phi3.141592653590,controlled,0.001,3.14159265359,-1,0.175,fit_ok,resolved,True,E_state_hartree,True,-4.331457956159104e-06,-4.390315652039067e-06,5.885769587996298e-08,-4.384579334334536e-06,5.736317704530802e-09,5.312137817543218e-08,0.09746079282868471,0.9025392071713153,0.9775480674293988
21,B,H4,yoshida4,controlled_q0.001_phi4.712388980385,controlled,0.001,4.712388980385,-1,0.175,fit_ok,resolved,True,mixed,True,-4.377984665823682e-06,-4.390315652039067e-06,1.2330986215384632e-08,-4.384579334334536e-06,5.736317704530802e-09,6.59466851085383e-09,0.46519537077853046,0.5348046292214695,0.9775480674293988
102,B,H4,yoshida4,controlled_q0.001_phi0.000000000000,controlled,0.001,0.0,1,0.175,fit_ok,resolved,True,E_state_hartree,True,-4.437700712510816e-06,-4.390315652039067e-06,-4.738506047174926e-08,-4.384579334334536e-06,5.736317704530802e-09,-5.312137817628006e-08,0.1210575157533199,0.8789424842466801,0.9775480674293988
103,B,H4,yoshida4,controlled_q0.001_phi1.570796326795,controlled,0.001,1.570796326795,1,0.175,fit_ok,resolved,True,mixed,True,-4.377984665823682e-06,-4.390315652039067e-06,1.2330986215384632e-08,-4.384579334334536e-06,5.736317704530802e-09,6.59466851085383e-09,0.46519537077853046,0.5348046292214695,0.9775480674293988
104,B,H4,yoshida4,controlled_q0.001_phi3.141592653590,controlled,0.001,3.14159265359,1,0.175,fit_ok,resolved,True,E_state_hartree,True,-4.331457956159104e-06,-4.390315652039067e-06,5.885769587996298e-08,-4.384579334334536e-06,5.736317704530802e-09,5.312137817543218e-08,0.09746079282868471,0.9025392071713153,0.9775480674293988
105,B,H4,yoshida4,controlled_q0.001_phi4.712388980385,controlled,0.001,4.712388980385,1,0.175,fit_ok,resolved,True,mixed,True,-4.391174002844542e-06,-4.390315652039067e-06,-8.583508054751476e-10,-4.384579334334536e-06,5.736317704530802e-09,-6.59466851000595e-09,6.682952550333325,-5.682952550333325,0.9775480674293988
32,B,H4,yoshida4,controlled_q0.001_phi0.000000000000,controlled,0.001,0.0,-1,0.225,fit_ok,resolved,True,E_state_hartree,True,-1.2075669004766602e-05,-1.194610749615144e-05,-1.295615086151629e-07,-1.1930481316275728e-05,1.562617987571147e-08,-1.4518768849087436e-07,0.12060819639053431,0.8793918036094657,0.9779144564758908
33,B,H4,yoshida4,controlled_q0.001_phi1.570796326795,controlled,0.001,1.570796326795,-1,0.225,fit_ok,resolved,True,mixed,True,-1.1953808457376972e-05,-1.194610749615144e-05,-7.700961225533045e-09,-1.1930481316275728e-05,1.562617987571147e-08,-2.3327141101244514e-08,2.0291207055947558,-1.0291207055947558,0.9779144564758908
34,B,H4,yoshida4,controlled_q0.001_phi3.141592653590,controlled,0.001,3.14159265359,-1,0.225,fit_ok,resolved,True,E_state_hartree,True,-1.1785293627785897e-05,-1.194610749615144e-05,1.6081386836554228e-07,-1.1930481316275728e-05,1.562617987571147e-08,1.451876884898308e-07,0.09716935507198896,0.902830644928011,0.9779144564758908
35,B,H4,yoshida4,controlled_q0.001_phi4.712388980385,controlled,0.001,4.712388980385,-1,0.225,fit_ok,resolved,True,mixed,True,-1.1907154175173443e-05,-1.194610749615144e-05,3.895332097799614e-08,-1.1930481316275728e-05,1.562617987571147e-08,2.332714110228467e-08,0.4011514161921739,0.5988485838078261,0.9779144564758908
116,B,H4,yoshida4,controlled_q0.001_phi0.000000000000,controlled,0.001,0.0,1,0.225,fit_ok,resolved,True,E_state_hartree,True,-1.2075669004766602e-05,-1.194610749615144e-05,-1.295615086151629e-07,-1.1930481316275728e-05,1.562617987571147e-08,-1.4518768849087436e-07,0.12060819639053431,0.8793918036094657,0.9779144564758908
117,B,H4,yoshida4,controlled_q0.001_phi1.570796326795,controlled,0.001,1.570796326795,1,0.225,fit_ok,resolved,True,mixed,True,-1.1907154175173443e-05,-1.194610749615144e-05,3.895332097799614e-08,-1.1930481316275728e-05,1.562617987571147e-08,2.332714110228467e-08,0.4011514161921739,0.5988485838078261,0.9779144564758908
118,B,H4,yoshida4,controlled_q0.001_phi3.141592653590,controlled,0.001,3.14159265359,1,0.225,fit_ok,resolved,True,E_state_hartree,True,-1.1785293627785897e-05,-1.194610749615144e-05,1.6081386836554228e-07,-1.1930481316275728e-05,1.562617987571147e-08,1.451876884898308e-07,0.09716935507198896,0.902830644928011,0.9779144564758908
119,B,H4,yoshida4,controlled_q0.001_phi4.712388980385,controlled,0.001,4.712388980385,1,0.225,fit_ok,resolved,True,mixed,True,-1.1953808457376972e-05,-1.194610749615144e-05,-7.700961225533045e-09,-1.1930481316275728e-05,1.562617987571147e-08,-2.3327141101244514e-08,2.0291207055947558,-1.0291207055947558,0.9779144564758908
46,B,H4,yoshida4,controlled_q0.001_phi0.000000000000,controlled,0.001,0.0,-1,0.275,fit_ok,resolved,True,E_state_hartree,True,-2.6805621916049436e-05,-2.651636887599515e-05,-2.8925304005428617e-07,-2.6481634786192275e-05,3.473408980287474e-08,-3.239871298571609e-07,0.12008202159726981,0.8799179784027302,0.97835869367536
47,B,H4,yoshida4,controlled_q0.001_phi1.570796326795,controlled,0.001,1.570796326795,-1,0.275,fit_ok,resolved,True,mixed,True,-2.6545784532771268e-05,-2.651636887599515e-05,-2.9415656776117787e-08,-2.6481634786192275e-05,3.473408980287474e-08,-6.414974657899253e-08,1.1808027972054298,-0.1808027972054298,0.97835869367536
48,B,H4,yoshida4,controlled_q0.001_phi3.141592653590,controlled,0.001,3.14159265359,-1,0.275,fit_ok,resolved,True,E_state_hartree,True,-2.615764765633338e-05,-2.651636887599515e-05,3.587212196617704e-07,-2.6481634786192275e-05,3.473408980287474e-08,3.2398712985889564e-07,0.09682753040264716,0.9031724695973529,0.97835869367536
49,B,H4,yoshida4,controlled_q0.001_phi4.712388980385,controlled,0.001,4.712388980385,-1,0.275,fit_ok,resolved,True,mixed,True,-2.6417485039615017e-05,-2.651636887599515e-05,9.888383638013255e-08,-2.6481634786192275e-05,3.473408980287474e-08,6.41497465772578e-08,0.3512615516791722,0.6487384483208278,0.97835869367536
130,B,H4,yoshida4,controlled_q0.001_phi0.000000000000,controlled,0.001,0.0,1,0.275,fit_ok,resolved,True,E_state_hartree,True,-2.680562191604944e-05,-2.651636887599515e-05,-2.8925304005428956e-07,-2.6481634786192275e-05,3.473408980287474e-08,-3.239871298571643e-07,0.1200820215972684,0.8799179784027316,0.9783586936753613
131,B,H4,yoshida4,controlled_q0.001_phi1.570796326795,controlled,0.001,1.570796326795,1,0.275,fit_ok,resolved,True,mixed,True,-2.6417485039615017e-05,-2.651636887599515e-05,9.888383638013255e-08,-2.6481634786192275e-05,3.473408980287474e-08,6.41497465772578e-08,0.3512615516791722,0.6487384483208278,0.9783586936753613
132,B,H4,yoshida4,controlled_q0.001_phi3.141592653590,controlled,0.001,3.14159265359,1,0.275,fit_ok,resolved,True,E_state_hartree,True,-2.615764765633338e-05,-2.651636887599515e-05,3.587212196617704e-07,-2.6481634786192275e-05,3.473408980287474e-08,3.2398712985889564e-07,0.09682753040264716,0.9031724695973529,0.9783586936753613
133,B,H4,yoshida4,controlled_q0.001_phi4.712388980385,controlled,0.001,4.712388980385,1,0.275,fit_ok,resolved,True,mixed,True,-2.6545784532771268e-05,-2.651636887599515e-05,-2.9415656776117787e-08,-2.6481634786192275e-05,3.473408980287474e-08,-6.414974657899253e-08,1.1808027972054298,-0.1808027972054298,0.9783586936753613
60,B,H4,yoshida4,controlled_q0.001_phi0.000000000000,controlled,0.001,0.0,-1,0.35,fit_ok,resolved,True,E_state_hartree,True,-6.964110143734571e-05,-6.888209753328042e-05,-7.590039040652872e-07,-6.879162539954389e-05,9.04721337365331e-08,-8.494760378018203e-07,0.11919850906162265,0.8808014909383773,0.9791526346463915
61,B,H4,yoshida4,controlled_q0.001_phi1.570796326795,controlled,0.001,1.570796326795,-1,0.35,fit_ok,resolved,True,mixed,True,-6.900904440060394e-05,-6.888209753328042e-05,-1.2694686732351267e-07,-6.879162539954389e-05,9.04721337365331e-08,-2.1741900106004577e-07,0.7126771667864242,0.28732283321357577,0.9791526346463915
62,B,H4,yoshida4,controlled_q0.001_phi3.141592653590,controlled,0.001,3.14159265359,-1,0.35,fit_ok,resolved,True,E_state_hartree,True,-6.794214936174061e-05,-6.888209753328042e-05,9.399481715398171e-07,-6.879162539954389e-05,9.04721337365331e-08,8.49476037803284e-07,0.09625225781153682,0.9037477421884632,0.9791526346463915
63,B,H4,yoshida4,controlled_q0.001_phi4.712388980385,controlled,0.001,4.712388980385,-1,0.35,fit_ok,resolved,True,mixed,True,-6.85742063984853e-05,-6.888209753328042e-05,3.0789113479512875e-07,-6.879162539954389e-05,9.04721337365331e-08,2.1741900105859565e-07,0.29384455579318125,0.7061554442068187,0.9791526346463915
144,B,H4,yoshida4,controlled_q0.001_phi0.000000000000,controlled,0.001,0.0,1,0.35,fit_ok,resolved,True,E_state_hartree,True,-6.964110143734573e-05,-6.888209753328042e-05,-7.590039040653008e-07,-6.879162539954389e-05,9.04721337365331e-08,-8.494760378018339e-07,0.11919850906162052,0.8808014909383794,0.9791526346463933
145,B,H4,yoshida4,controlled_q0.001_phi1.570796326795,controlled,0.001,1.570796326795,1,0.35,fit_ok,resolved,True,mixed,True,-6.85742063984853e-05,-6.888209753328042e-05,3.0789113479512875e-07,-6.879162539954389e-05,9.04721337365331e-08,2.1741900105859565e-07,0.29384455579318125,0.7061554442068187,0.9791526346463933
146,B,H4,yoshida4,controlled_q0.001_phi3.141592653590,controlled,0.001,3.14159265359,1,0.35,fit_ok,resolved,True,E_state_hartree,True,-6.794214936174061e-05,-6.888209753328042e-05,9.399481715398171e-07,-6.879162539954389e-05,9.04721337365331e-08,8.49476037803284e-07,0.09625225781153682,0.9037477421884632,0.9791526346463933
147,B,H4,yoshida4,controlled_q0.001_phi4.712388980385,controlled,0.001,4.712388980385,1,0.35,fit_ok,resolved,True,mixed,True,-6.900904440060394e-05,-6.888209753328042e-05,-1.2694686732351267e-07,-6.879162539954389e-05,9.04721337365331e-08,-2.1741900106004577e-07,0.7126771667864242,0.28732283321357577,0.9791526346463933
74,B,H4,yoshida4,controlled_q0.001_phi0.000000000000,controlled,0.001,0.0,-1,0.4,fit_ok,resolved,True,E_state_hartree,True,-0.00011786306329704891,-0.00011656914709157369,-1.2939162054752192e-06,-0.00011641570769697925,1.5343939459443634e-07,-1.4473556000696555e-06,0.11858526382555225,0.8814147361744478,0.9797534266388688
75,B,H4,yoshida4,controlled_q0.001_phi1.570796326795,controlled,0.001,1.570796326795,-1,0.4,fit_ok,resolved,True,mixed,True,-0.0001168443877254654,-0.00011656914709157369,-2.7524063389171207e-07,-0.00011641570769697925,1.5343939459443634e-07,-4.286800284861484e-07,0.5574736274397769,0.4425263725602231,0.9797534266388688
76,B,H4,yoshida4,controlled_q0.001_phi3.141592653590,controlled,0.001,3.14159265359,-1,0.4,fit_ok,resolved,True,E_state_hartree,True,-0.00011496835209690912,-0.00011656914709157369,1.6007949946645662e-06,-0.00011641570769697925,1.5343939459443634e-07,1.4473556000701299e-06,0.09585199548090062,0.9041480045190994,0.9797534266388688
77,B,H4,yoshida4,controlled_q0.001_phi4.712388980385,controlled,0.001,4.712388980385,-1,0.4,fit_ok,resolved,True,mixed,True,-0.0001159870276684936,-0.00011656914709157369,5.821194230800969e-07,-0.00011641570769697925,1.5343939459443634e-07,4.286800284856605e-07,0.263587484819801,0.736412515180199,0.9797534266388688
158,B,H4,yoshida4,controlled_q0.001_phi0.000000000000,controlled,0.001,0.0,1,0.4,fit_ok,resolved,True,E_state_hartree,True,-0.00011786306329704891,-0.00011656914709157369,-1.2939162054752192e-06,-0.00011641570769697925,1.5343939459443634e-07,-1.4473556000696555e-06,0.11858526382555225,0.8814147361744478,0.9797534266388688
159,B,H4,yoshida4,controlled_q0.001_phi1.570796326795,controlled,0.001,1.570796326795,1,0.4,fit_ok,resolved,True,mixed,True,-0.0001159870276684936,-0.00011656914709157369,5.821194230800969e-07,-0.00011641570769697925,1.5343939459443634e-07,4.286800284856605e-07,0.263587484819801,0.736412515180199,0.9797534266388688
160,B,H4,yoshida4,controlled_q0.001_phi3.141592653590,controlled,0.001,3.14159265359,1,0.4,fit_ok,resolved,True,E_state_hartree,True,-0.00011496835209690912,-0.00011656914709157369,1.6007949946645662e-06,-0.00011641570769697925,1.5343939459443634e-07,1.4473556000701299e-06,0.09585199548090062,0.9041480045190994,0.9797534266388688
161,B,H4,yoshida4,controlled_q0.001_phi4.712388980385,controlled,0.001,4.712388980385,1,0.4,fit_ok,resolved,True,mixed,True,-0.0001168443877254654,-0.00011656914709157369,-2.7524063389171207e-07,-0.00011641570769697925,1.5343939459443634e-07,-4.286800284861484e-07,0.5574736274397769,0.4425263725602231,0.9797534266388688
8,B,H4,yoshida4,controlled_q0.010_phi0.000000000000,controlled,0.01,0.0,-1,0.125,fit_ok,resolved,True,E_state_hartree,True,-1.1750335888698152e-06,-1.1464816373273915e-06,-2.855195154242371e-08,-1.1315144608492336e-06,1.496717647815794e-08,-4.351912802058165e-08,0.524208527599911,0.475791472400089,0.8098892031559641
9,B,H4,yoshida4,controlled_q0.010_phi1.570796326795,controlled,0.01,1.570796326795,-1,0.125,fit_ok,resolved,True,mixed,True,-1.1353544529454918e-06,-1.1464816373273915e-06,1.1127184381899756e-08,-1.1315144608492336e-06,1.496717647815794e-08,-3.839992096258185e-09,1.3451000688462196,-0.3451000688462196,0.8098892031559641
10,B,H4,yoshida4,controlled_q0.010_phi3.141592653590,controlled,0.01,3.14159265359,-1,0.125,fit_ok,resolved,True,E_state_hartree,True,-1.0879953328402808e-06,-1.1464816373273915e-06,5.848630448711068e-08,-1.1315144608492336e-06,1.496717647815794e-08,4.3519128008952736e-08,0.2559090817826665,0.7440909182173334,0.8098892031559641
11,B,H4,yoshida4,controlled_q0.010_phi4.712388980385,controlled,0.01,4.712388980385,-1,0.125,fit_ok,resolved,True,mixed,True,-1.1276744687413465e-06,-1.1464816373273915e-06,1.880716858604504e-08,-1.1315144608492336e-06,1.496717647815794e-08,3.8399921078871e-09,0.7958229549377048,0.20417704506229517,0.8098892031559641
92,B,H4,yoshida4,controlled_q0.010_phi0.000000000000,controlled,0.01,0.0,1,0.125,fit_ok,resolved,True,E_state_hartree,True,-1.175033588869815e-06,-1.1464816373273915e-06,-2.85519515424235e-08,-1.1315144608492336e-06,1.496717647815794e-08,-4.351912802058144e-08,0.5242085275999149,0.4757914724000851,0.8098892031559624
93,B,H4,yoshida4,controlled_q0.010_phi1.570796326795,controlled,0.01,1.570796326795,1,0.125,fit_ok,resolved,True,mixed,True,-1.1276744687413465e-06,-1.1464816373273915e-06,1.880716858604504e-08,-1.1315144608492336e-06,1.496717647815794e-08,3.8399921078871e-09,0.7958229549377048,0.20417704506229517,0.8098892031559624
94,B,H4,yoshida4,controlled_q0.010_phi3.141592653590,controlled,0.01,3.14159265359,1,0.125,fit_ok,resolved,True,E_state_hartree,True,-1.0879953328402808e-06,-1.1464816373273915e-06,5.848630448711068e-08,-1.1315144608492336e-06,1.496717647815794e-08,4.3519128008952736e-08,0.2559090817826665,0.7440909182173334,0.8098892031559624
95,B,H4,yoshida4,controlled_q0.010_phi4.712388980385,controlled,0.01,4.712388980385,1,0.125,fit_ok,resolved,True,mixed,True,-1.1353544529454918e-06,-1.1464816373273915e-06,1.1127184381899756e-08,-1.1315144608492336e-06,1.496717647815794e-08,-3.839992096258185e-09,1.3451000688462196,-0.3451000688462196,0.8098892031559624
22,B,H4,yoshida4,controlled_q0.010_phi0.000000000000,controlled,0.01,0.0,-1,0.175,fit_ok,resolved,True,E_state_hartree,True,-4.500178623469199e-06,-4.390315652039067e-06,-1.0986297143013268e-07,-4.332952475109117e-06,5.7363176929949756e-08,-1.6722614836008244e-07,0.5221338562322597,0.4778661437677403,0.8118438546847105
23,B,H4,yoshida4,controlled_q0.010_phi1.570796326795,controlled,0.01,1.570796326795,-1,0.175,fit_ok,resolved,True,mixed,True,-4.353712497769708e-06,-4.390315652039067e-06,3.6603154269358174e-08,-4.332952475109117e-06,5.7363176929949756e-08,-2.076002266059158e-08,1.567164854368044,-0.5671648543680441,0.8118438546847105
24,B,H4,yoshida4,controlled_q0.010_phi3.141592653590,controlled,0.01,3.14159265359,-1,0.175,fit_ok,resolved,True,E_state_hartree,True,-4.165726326746395e-06,-4.390315652039067e-06,2.2458932529267155e-07,-4.332952475109117e-06,5.7363176929949756e-08,1.672261483627218e-07,0.2554136393401487,0.7445863606598513,0.8118438546847105
25,B,H4,yoshida4,controlled_q0.010_phi4.712388980385,controlled,0.01,4.712388980385,-1,0.175,fit_ok,resolved,True,mixed,True,-4.312192452451165e-06,-4.390315652039067e-06,7.812319958790198e-08,-4.332952475109117e-06,5.7363176929949756e-08,2.0760022657952227e-08,0.7342655860556038,0.26573441394439623,0.8118438546847105
106,B,H4,yoshida4,controlled_q0.010_phi0.000000000000,controlled,0.01,0.0,1,0.175,fit_ok,resolved,True,E_state_hartree,True,-4.500178623469199e-06,-4.390315652039067e-06,-1.0986297143013268e-07,-4.332952475109117e-06,5.7363176929949756e-08,-1.6722614836008244e-07,0.5221338562322597,0.4778661437677403,0.8118438546847105
107,B,H4,yoshida4,controlled_q0.010_phi1.570796326795,controlled,0.01,1.570796326795,1,0.175,fit_ok,resolved,True,mixed,True,-4.312192452451165e-06,-4.390315652039067e-06,7.812319958790198e-08,-4.332952475109117e-06,5.7363176929949756e-08,2.0760022657952227e-08,0.7342655860556038,0.26573441394439623,0.8118438546847105
108,B,H4,yoshida4,controlled_q0.010_phi3.141592653590,controlled,0.01,3.14159265359,1,0.175,fit_ok,resolved,True,E_state_hartree,True,-4.165726326746395e-06,-4.390315652039067e-06,2.2458932529267155e-07,-4.332952475109117e-06,5.7363176929949756e-08,1.672261483627218e-07,0.2554136393401487,0.7445863606598513,0.8118438546847105
109,B,H4,yoshida4,controlled_q0.010_phi4.712388980385,controlled,0.01,4.712388980385,1,0.175,fit_ok,resolved,True,mixed,True,-4.353712497769708e-06,-4.390315652039067e-06,3.6603154269358174e-08,-4.332952475109117e-06,5.7363176929949756e-08,-2.076002266059158e-08,1.567164854368044,-0.5671648543680441,0.8118438546847105
36,B,H4,yoshida4,controlled_q0.010_phi0.000000000000,controlled,0.01,0.0,-1,0.225,fit_ok,resolved,True,E_state_hartree,True,-1.2246896679190642e-05,-1.194610749615144e-05,-3.0078918303920236e-07,-1.1789845699540987e-05,1.56261796610452e-07,-4.5705097964965435e-07,0.5195060375229189,0.4804939624770811,0.8144009396563227
37,B,H4,yoshida4,controlled_q0.010_phi1.570796326795,controlled,0.01,1.570796326795,-1,0.225,fit_ok,resolved,True,mixed,True,-1.1863279561640115e-05,-1.194610749615144e-05,8.282793451132433e-08,-1.1789845699540987e-05,1.56261796610452e-07,-7.343386209912765e-08,1.8865832829513296,-0.8865832829513296,0.8144009396563227
38,B,H4,yoshida4,controlled_q0.010_phi3.141592653590,controlled,0.01,3.14159265359,-1,0.225,fit_ok,resolved,True,E_state_hartree,True,-1.1332794719886749e-05,-1.194610749615144e-05,6.133127762646905e-07,-1.1789845699540987e-05,1.56261796610452e-07,4.570509796542385e-07,0.2547832079451306,0.7452167920548693,0.8144009396563227
39,B,H4,yoshida4,controlled_q0.010_phi4.712388980385,controlled,0.01,4.712388980385,-1,0.225,fit_ok,resolved,True,mixed,True,-1.171641183744644e-05,-1.194610749615144e-05,2.296956587049989e-07,-1.1789845699540987e-05,1.56261796610452e-07,7.34338620945469e-08,0.6802993033975494,0.3197006966024506,0.8144009396563227
120,B,H4,yoshida4,controlled_q0.010_phi0.000000000000,controlled,0.01,0.0,1,0.225,fit_ok,resolved,True,E_state_hartree,True,-1.224689667919064e-05,-1.194610749615144e-05,-3.0078918303920067e-07,-1.1789845699540986e-05,1.5626179661045368e-07,-4.5705097964965435e-07,0.5195060375229275,0.48049396247707254,0.8144009396563213
121,B,H4,yoshida4,controlled_q0.010_phi1.570796326795,controlled,0.01,1.570796326795,1,0.225,fit_ok,resolved,True,mixed,True,-1.171641183744644e-05,-1.194610749615144e-05,2.296956587049989e-07,-1.1789845699540986e-05,1.5626179661045368e-07,7.34338620945452e-08,0.6802993033975567,0.31970069660244327,0.8144009396563213
122,B,H4,yoshida4,controlled_q0.010_phi3.141592653590,controlled,0.01,3.14159265359,1,0.225,fit_ok,resolved,True,E_state_hartree,True,-1.1332794719886749e-05,-1.194610749615144e-05,6.133127762646905e-07,-1.1789845699540986e-05,1.5626179661045368e-07,4.570509796542368e-07,0.25478320794513337,0.7452167920548667,0.8144009396563213
123,B,H4,yoshida4,controlled_q0.010_phi4.712388980385,controlled,0.01,4.712388980385,1,0.225,fit_ok,resolved,True,mixed,True,-1.1863279561640115e-05,-1.194610749615144e-05,8.282793451132433e-08,-1.1789845699540986e-05,1.5626179661045368e-07,-7.343386209912935e-08,1.88658328295135,-0.88658328295135,0.8144009396563213
50,B,H4,yoshida4,controlled_q0.010_phi0.000000000000,controlled,0.01,0.0,-1,0.275,fit_ok,resolved,True,E_state_hartree,True,-2.7188939766963485e-05,-2.651636887599515e-05,-6.72570890968335e-07,-2.6169027978052454e-05,3.4734089794269564e-07,-1.0199117889110307e-06,0.5164376017561673,0.48356239824383274,0.8175204221130087
51,B,H4,yoshida4,controlled_q0.010_phi1.570796326795,controlled,0.01,1.570796326795,-1,0.275,fit_ok,resolved,True,mixed,True,-2.6370971440498423e-05,-2.651636887599515e-05,1.4539743549672683e-07,-2.6169027978052454e-05,3.4734089794269564e-07,-2.019434624459688e-07,2.388906632060336,-1.388906632060336,0.8175204221130087
52,B,H4,yoshida4,controlled_q0.010_phi3.141592653590,controlled,0.01,3.14159265359,-1,0.275,fit_ok,resolved,True,E_state_hartree,True,-2.514911618913891e-05,-2.651636887599515e-05,1.3672526868562403e-06,-2.6169027978052454e-05,3.4734089794269564e-07,1.0199117889135447e-06,0.25404294413298656,0.7459570558670134,0.8175204221130087
53,B,H4,yoshida4,controlled_q0.010_phi4.712388980385,controlled,0.01,4.712388980385,-1,0.275,fit_ok,resolved,True,mixed,True,-2.5967084515609003e-05,-2.651636887599515e-05,5.492843603861471e-07,-2.6169027978052454e-05,3.4734089794269564e-07,2.0194346244345143e-07,0.6323516979411445,0.36764830205885546,0.8175204221130087
134,B,H4,yoshida4,controlled_q0.010_phi0.000000000000,controlled,0.01,0.0,1,0.275,fit_ok,resolved,True,E_state_hartree,True,-2.718893976696349e-05,-2.651636887599515e-05,-6.725708909683384e-07,-2.6169027978052458e-05,3.4734089794269225e-07,-1.0199117889110307e-06,0.5164376017561597,0.4835623982438403,0.81752042211301
135,B,H4,yoshida4,controlled_q0.010_phi1.570796326795,controlled,0.01,1.570796326795,1,0.275,fit_ok,resolved,True,mixed,True,-2.5967084515609003e-05,-2.651636887599515e-05,5.492843603861471e-07,-2.6169027978052458e-05,3.4734089794269225e-07,2.0194346244345481e-07,0.6323516979411383,0.3676483020588617,0.81752042211301
136,B,H4,yoshida4,controlled_q0.010_phi3.141592653590,controlled,0.01,3.14159265359,1,0.275,fit_ok,resolved,True,E_state_hartree,True,-2.514911618913891e-05,-2.651636887599515e-05,1.3672526868562403e-06,-2.6169027978052458e-05,3.4734089794269225e-07,1.019911788913548e-06,0.2540429441329841,0.7459570558670159,0.81752042211301
137,B,H4,yoshida4,controlled_q0.010_phi4.712388980385,controlled,0.01,4.712388980385,1,0.275,fit_ok,resolved,True,mixed,True,-2.6370971440498423e-05,-2.651636887599515e-05,1.4539743549672683e-07,-2.6169027978052458e-05,3.4734089794269225e-07,-2.0194346244596542e-07,2.3889066320603125,-1.3889066320603125,0.81752042211301
64,B,H4,yoshida4,controlled_q0.010_phi0.000000000000,controlled,0.01,0.0,-1,0.35,fit_ok,resolved,True,E_state_hartree,True,-7.065152756017449e-05,-6.888209753328042e-05,-1.7694300268940609e-06,-6.797737619578796e-05,9.047213374924673e-07,-2.674151364386528e-06,0.5113066488876955,0.4886933511123045,0.8231483264084011
65,B,H4,yoshida4,controlled_q0.010_phi1.570796326795,controlled,0.01,1.570796326795,-1,0.35,fit_ok,resolved,True,mixed,True,-6.866181141521391e-05,-6.888209753328042e-05,2.2028611806651673e-07,-6.797737619578796e-05,9.047213374924673e-07,-6.844352194259506e-07,4.107028374885072,-3.107028374885072,0.8231483264084011
66,B,H4,yoshida4,controlled_q0.010_phi3.141592653590,controlled,0.01,3.14159265359,-1,0.35,fit_ok,resolved,True,E_state_hartree,True,-6.530322483140258e-05,-6.888209753328042e-05,3.5788727018778435e-06,-6.797737619578796e-05,9.047213374924673e-07,2.674151364385376e-06,0.25279505946600384,0.7472049405339962,0.8231483264084011
67,B,H4,yoshida4,controlled_q0.010_phi4.712388980385,controlled,0.01,4.712388980385,-1,0.35,fit_ok,resolved,True,mixed,True,-6.729294097636087e-05,-6.888209753328042e-05,1.5891565569195563e-06,-6.797737619578796e-05,9.047213374924673e-07,6.84435219427089e-07,0.5693091304019737,0.43069086959802627,0.8231483264084011
148,B,H4,yoshida4,controlled_q0.010_phi0.000000000000,controlled,0.01,0.0,1,0.35,fit_ok,resolved,True,E_state_hartree,True,-7.065152756017447e-05,-6.888209753328042e-05,-1.7694300268940473e-06,-6.797737619578796e-05,9.047213374924673e-07,-2.6741513643865146e-06,0.5113066488876995,0.4886933511123005,0.8231483264083993
149,B,H4,yoshida4,controlled_q0.010_phi1.570796326795,controlled,0.01,1.570796326795,1,0.35,fit_ok,resolved,True,mixed,True,-6.729294097636087e-05,-6.888209753328042e-05,1.5891565569195563e-06,-6.797737619578796e-05,9.047213374924673e-07,6.84435219427089e-07,0.5693091304019737,0.43069086959802627,0.8231483264083993
150,B,H4,yoshida4,controlled_q0.010_phi3.141592653590,controlled,0.01,3.14159265359,1,0.35,fit_ok,resolved,True,E_state_hartree,True,-6.530322483140258e-05,-6.888209753328042e-05,3.5788727018778435e-06,-6.797737619578796e-05,9.047213374924673e-07,2.674151364385376e-06,0.25279505946600384,0.7472049405339962,0.8231483264083993
151,B,H4,yoshida4,controlled_q0.010_phi4.712388980385,controlled,0.01,4.712388980385,1,0.35,fit_ok,resolved,True,mixed,True,-6.866181141521391e-05,-6.888209753328042e-05,2.2028611806651673e-07,-6.797737619578796e-05,9.047213374924673e-07,-6.844352194259506e-07,4.107028374885072,-3.107028374885072,0.8231483264083993
78,B,H4,yoshida4,controlled_q0.010_phi0.000000000000,controlled,0.01,0.0,-1,0.4,fit_ok,resolved,True,E_state_hartree,True,-0.00011959102993321238,-0.00011656914709157369,-3.0218828416386854e-06,-0.0001150347531455923,1.534393945981389e-06,-4.556276787620074e-06,0.5077608982184526,0.4922391017815474,0.8274526856884168
79,B,H4,yoshida4,controlled_q0.010_phi1.570796326795,controlled,0.01,1.570796326795,-1,0.4,fit_ok,resolved,True,mixed,True,-0.00011638423827765865,-0.00011656914709157369,1.84908813915044e-07,-0.0001150347531455923,1.534393945981389e-06,-1.349485132066345e-06,8.298111450146251,-7.298111450146251,0.8274526856884168
80,B,H4,yoshida4,controlled_q0.010_phi3.141592653590,controlled,0.01,3.14159265359,-1,0.4,fit_ok,resolved,True,E_state_hartree,True,-0.00011047847635797399,-0.00011656914709157369,6.0906707335997015e-06,-0.0001150347531455923,1.534393945981389e-06,4.5562767876183125e-06,0.2519252826321368,0.7480747173678632,0.8274526856884168
81,B,H4,yoshida4,controlled_q0.010_phi4.712388980385,controlled,0.01,4.712388980385,-1,0.4,fit_ok,resolved,True,mixed,True,-0.00011368526801352422,-0.00011656914709157369,2.8838790780494686e-06,-0.0001150347531455923,1.534393945981389e-06,1.3494851320680797e-06,0.5320590442436951,0.4679409557563049,0.8274526856884168
162,B,H4,yoshida4,controlled_q0.010_phi0.000000000000,controlled,0.01,0.0,1,0.4,fit_ok,resolved,True,E_state_hartree,True,-0.00011959102993321236,-0.00011656914709157369,-3.021882841638672e-06,-0.0001150347531455923,1.534393945981389e-06,-4.556276787620061e-06,0.5077608982184549,0.49223910178154506,0.8274526856884158
163,B,H4,yoshida4,controlled_q0.010_phi1.570796326795,controlled,0.01,1.570796326795,1,0.4,fit_ok,resolved,True,mixed,True,-0.00011368526801352422,-0.00011656914709157369,2.8838790780494686e-06,-0.0001150347531455923,1.534393945981389e-06,1.3494851320680797e-06,0.5320590442436951,0.4679409557563049,0.8274526856884158
164,B,H4,yoshida4,controlled_q0.010_phi3.141592653590,controlled,0.01,3.14159265359,1,0.4,fit_ok,resolved,True,E_state_hartree,True,-0.00011047847635797399,-0.00011656914709157369,6.0906707335997015e-06,-0.0001150347531455923,1.534393945981389e-06,4.5562767876183125e-06,0.2519252826321368,0.7480747173678632,0.8274526856884158
165,B,H4,yoshida4,controlled_q0.010_phi4.712388980385,controlled,0.01,4.712388980385,1,0.4,fit_ok,resolved,True,mixed,True,-0.00011638423827765865,-0.00011656914709157369,1.84908813915044e-07,-0.0001150347531455923,1.534393945981389e-06,-1.349485132066345e-06,8.298111450146251,-7.298111450146251,0.8274526856884158
12,B,H4,yoshida4,controlled_q0.050_phi0.000000000000,controlled,0.05,0.0,-1,0.125,fit_ok,resolved,True,E_state_hartree,True,-1.1669713209652323e-06,-1.1464816373273915e-06,-2.0489683637840805e-08,-1.071645755012027e-06,7.48358823153646e-08,-9.53255659532054e-08,3.652368852448069,-2.652368852448069,0.44982186462023105
13,B,H4,yoshida4,controlled_q0.050_phi1.570796326795,controlled,0.05,1.570796326795,-1,0.125,fit_ok,resolved,True,E_state_hartree,True,-1.0800569856250775e-06,-1.1464816373273915e-06,6.642465170231405e-08,-1.071645755012027e-06,7.48358823153646e-08,-8.411230613050547e-09,1.126628147795881,-0.12662814779588105,0.44982186462023105
14,B,H4,yoshida4,controlled_q0.050_phi3.141592653590,controlled,0.05,3.14159265359,-1,0.125,fit_ok,resolved,True,E_state_hartree,True,-9.763201890484248e-07,-1.1464816373273915e-06,1.701614482789667e-07,-1.071645755012027e-06,7.48358823153646e-08,9.53255659636021e-08,0.43979340251428095,0.5602065974857191,0.44982186462023105
15,B,H4,yoshida4,controlled_q0.050_phi4.712388980385,controlled,0.05,4.712388980385,-1,0.125,fit_ok,resolved,True,E_state_hartree,True,-1.0632345244093733e-06,-1.1464816373273915e-06,8.324711291801824e-08,-1.071645755012027e-06,7.48358823153646e-08,8.41123060265364e-09,0.8989606929559585,0.10103930704404152,0.44982186462023105
96,B,H4,yoshida4,controlled_q0.050_phi0.000000000000,controlled,0.05,0.0,1,0.125,fit_ok,resolved,True,E_state_hartree,True,-1.166971320965232e-06,-1.1464816373273915e-06,-2.0489683637840593e-08,-1.071645755012027e-06,7.48358823153646e-08,-9.532556595320519e-08,3.652368852448107,-2.652368852448107,0.4498218646202301
97,B,H4,yoshida4,controlled_q0.050_phi1.570796326795,controlled,0.05,1.570796326795,1,0.125,fit_ok,resolved,True,E_state_hartree,True,-1.0632345244093733e-06,-1.1464816373273915e-06,8.324711291801824e-08,-1.071645755012027e-06,7.48358823153646e-08,8.41123060265364e-09,0.8989606929559585,0.10103930704404152,0.4498218646202301
98,B,H4,yoshida4,controlled_q0.050_phi3.141592653590,controlled,0.05,3.14159265359,1,0.125,fit_ok,resolved,True,E_state_hartree,True,-9.763201890484248e-07,-1.1464816373273915e-06,1.701614482789667e-07,-1.071645755012027e-06,7.48358823153646e-08,9.53255659636021e-08,0.43979340251428095,0.5602065974857191,0.4498218646202301
99,B,H4,yoshida4,controlled_q0.050_phi4.712388980385,controlled,0.05,4.712388980385,1,0.125,fit_ok,resolved,True,E_state_hartree,True,-1.0800569856250775e-06,-1.1464816373273915e-06,6.642465170231405e-08,-1.071645755012027e-06,7.48358823153646e-08,-8.411230613050547e-09,1.126628147795881,-0.12662814779588105,0.4498218646202301
26,B,H4,yoshida4,controlled_q0.050_phi0.000000000000,controlled,0.05,0.0,-1,0.175,fit_ok,resolved,True,E_state_hartree,True,-4.469796795032471e-06,-4.390315652039067e-06,-7.948114299340472e-08,-4.103499767434804e-06,2.8681588460426226e-07,-3.66297027597667e-07,3.6086029189094826,-2.6086029189094826,0.4529781083732137
27,B,H4,yoshida4,controlled_q0.050_phi1.570796326795,controlled,0.05,1.570796326795,-1,0.175,fit_ok,resolved,True,E_state_hartree,True,-4.148973125944359e-06,-4.390315652039067e-06,2.413425260947076e-07,-4.103499767434804e-06,2.8681588460426226e-07,-4.547335850955464e-08,1.1884183415388219,-0.18841834153882187,0.4529781083732137
28,B,H4,yoshida4,controlled_q0.050_phi3.141592653590,controlled,0.05,3.14159265359,-1,0.175,fit_ok,resolved,True,E_state_hartree,True,-3.7372027398305627e-06,-4.390315652039067e-06,6.531129122085039e-07,-4.103499767434804e-06,2.8681588460426226e-07,3.6629702760424165e-07,0.43915206581109106,0.560847934188909,0.4529781083732137
29,B,H4,yoshida4,controlled_q0.050_phi4.712388980385,controlled,0.05,4.712388980385,-1,0.175,fit_ok,resolved,True,E_state_hartree,True,-4.058026408931825e-06,-4.390315652039067e-06,3.322892431072414e-07,-4.103499767434804e-06,2.8681588460426226e-07,4.5473358502979124e-08,0.8631512772494315,0.13684872275056847,0.4529781083732137
110,B,H4,yoshida4,controlled_q0.050_phi0.000000000000,controlled,0.05,0.0,1,0.175,fit_ok,resolved,True,E_state_hartree,True,-4.4697967950324705e-06,-4.390315652039067e-06,-7.948114299340387e-08,-4.103499767434804e-06,2.8681588460426226e-07,-3.6629702759766614e-07,3.6086029189095212,-2.6086029189095212,0.45297810837321273
111,B,H4,yoshida4,controlled_q0.050_phi1.570796326795,controlled,0.05,1.570796326795,1,0.175,fit_ok,resolved,True,E_state_hartree,True,-4.058026408931825e-06,-4.390315652039067e-06,3.322892431072414e-07,-4.103499767434804e-06,2.8681588460426226e-07,4.5473358502979124e-08,0.8631512772494315,0.13684872275056847,0.45297810837321273
112,B,H4,yoshida4,controlled_q0.050_phi3.141592653590,controlled,0.05,3.14159265359,1,0.175,fit_ok,resolved,True,E_state_hartree,True,-3.7372027398305627e-06,-4.390315652039067e-06,6.531129122085039e-07,-4.103499767434804e-06,2.8681588460426226e-07,3.6629702760424165e-07,0.43915206581109106,0.560847934188909,0.45297810837321273
113,B,H4,yoshida4,controlled_q0.050_phi4.712388980385,controlled,0.05,4.712388980385,1,0.175,fit_ok,resolved,True,E_state_hartree,True,-4.148973125944359e-06,-4.390315652039067e-06,2.413425260947076e-07,-4.103499767434804e-06,2.8681588460426226e-07,-4.547335850955464e-08,1.1884183415388219,-0.18841834153882187,0.45297810837321273
40,B,H4,yoshida4,controlled_q0.050_phi0.000000000000,controlled,0.05,0.0,-1,0.225,fit_ok,resolved,True,E_state_hartree,True,-1.2165936296311578e-05,-1.194610749615144e-05,-2.1982880016013864e-07,-1.1164798514039532e-05,7.813089821119077e-07,-1.0011377822720463e-06,3.5541702522269496,-2.5541702522269496,0.457151153358564
41,B,H4,yoshida4,controlled_q0.050_phi1.570796326795,controlled,0.05,1.570796326795,-1,0.225,fit_ok,resolved,True,E_state_hartree,True,-1.132565018511284e-05,-1.194610749615144e-05,6.204573110385985e-07,-1.1164798514039532e-05,7.813089821119077e-07,-1.6085167107330915e-07,1.2592469589955442,-0.2592469589955442,0.457151153358564
42,B,H4,yoshida4,controlled_q0.050_phi3.141592653590,controlled,0.05,3.14159265359,-1,0.225,fit_ok,resolved,True,E_state_hartree,True,-1.0163660731765312e-05,-1.194610749615144e-05,1.7824467643861275e-06,-1.1164798514039532e-05,7.813089821119077e-07,1.0011377822742198e-06,0.43833510078545856,0.5616648992145414,0.457151153358564
43,B,H4,yoshida4,controlled_q0.050_phi4.712388980385,controlled,0.05,4.712388980385,-1,0.225,fit_ok,resolved,True,E_state_hartree,True,-1.1003946842968398e-05,-1.194610749615144e-05,9.421606531830416e-07,-1.1164798514039532e-05,7.813089821119077e-07,1.6085167107113397e-07,0.8292736270319666,0.1707263729680334,0.457151153358564
124,B,H4,yoshida4,controlled_q0.050_phi0.000000000000,controlled,0.05,0.0,1,0.225,fit_ok,resolved,True,E_state_hartree,True,-1.2165936296311578e-05,-1.194610749615144e-05,-2.1982880016013864e-07,-1.1164798514039532e-05,7.813089821119077e-07,-1.0011377822720463e-06,3.5541702522269496,-2.5541702522269496,0.457151153358564
125,B,H4,yoshida4,controlled_q0.050_phi1.570796326795,controlled,0.05,1.570796326795,1,0.225,fit_ok,resolved,True,E_state_hartree,True,-1.1003946842968398e-05,-1.194610749615144e-05,9.421606531830416e-07,-1.1164798514039532e-05,7.813089821119077e-07,1.6085167107113397e-07,0.8292736270319666,0.1707263729680334,0.457151153358564
126,B,H4,yoshida4,controlled_q0.050_phi3.141592653590,controlled,0.05,3.14159265359,1,0.225,fit_ok,resolved,True,E_state_hartree,True,-1.0163660731765312e-05,-1.194610749615144e-05,1.7824467643861275e-06,-1.1164798514039532e-05,7.813089821119077e-07,1.0011377822742198e-06,0.43833510078545856,0.5616648992145414,0.457151153358564
127,B,H4,yoshida4,controlled_q0.050_phi4.712388980385,controlled,0.05,4.712388980385,1,0.225,fit_ok,resolved,True,E_state_hartree,True,-1.132565018511284e-05,-1.194610749615144e-05,6.204573110385985e-07,-1.1164798514039532e-05,7.813089821119077e-07,-1.6085167107330915e-07,1.2592469589955442,-0.2592469589955442,0.457151153358564
54,B,H4,yoshida4,controlled_q0.050_phi0.000000000000,controlled,0.05,0.0,-1,0.275,fit_ok,resolved,True,E_state_hartree,True,-2.7013708884467728e-05,-2.651636887599515e-05,-4.973400084725781e-07,-2.4779664386313076e-05,1.7367044896820736e-06,-2.2340444981546517e-06,3.491986287240011,-2.491986287240011,0.46231081337928387
55,B,H4,yoshida4,controlled_q0.050_phi1.570796326795,controlled,0.05,1.570796326795,-1,0.275,fit_ok,resolved,True,E_state_hartree,True,-2.5222007230187657e-05,-2.651636887599515e-05,1.294361645807493e-06,-2.4779664386313076e-05,1.7367044896820736e-06,-4.4234284387458065e-07,1.34174594504353,-0.34174594504353006,0.46231081337928387
56,B,H4,yoshida4,controlled_q0.050_phi3.141592653590,controlled,0.05,3.14159265359,-1,0.275,fit_ok,resolved,True,E_state_hartree,True,-2.2545619888166085e-05,-2.651636887599515e-05,3.970748987829065e-06,-2.4779664386313076e-05,1.7367044896820736e-06,2.234044498146991e-06,0.4373745343776025,0.5626254656223975,0.46231081337928387
57,B,H4,yoshida4,controlled_q0.050_phi4.712388980385,controlled,0.05,4.712388980385,-1,0.275,fit_ok,resolved,True,E_state_hartree,True,-2.4337321542430842e-05,-2.651636887599515e-05,2.179047333564308e-06,-2.4779664386313076e-05,1.7367044896820736e-06,4.4234284388223444e-07,0.7970017277418724,0.2029982722581276,0.46231081337928387
138,B,H4,yoshida4,controlled_q0.050_phi0.000000000000,controlled,0.05,0.0,1,0.275,fit_ok,resolved,True,E_state_hartree,True,-2.7013708884467728e-05,-2.651636887599515e-05,-4.973400084725781e-07,-2.4779664386313076e-05,1.7367044896820736e-06,-2.2340444981546517e-06,3.491986287240011,-2.491986287240011,0.46231081337928387
139,B,H4,yoshida4,controlled_q0.050_phi1.570796326795,controlled,0.05,1.570796326795,1,0.275,fit_ok,resolved,True,E_state_hartree,True,-2.4337321542430842e-05,-2.651636887599515e-05,2.179047333564308e-06,-2.4779664386313076e-05,1.7367044896820736e-06,4.4234284388223444e-07,0.7970017277418724,0.2029982722581276,0.46231081337928387
140,B,H4,yoshida4,controlled_q0.050_phi3.141592653590,controlled,0.05,3.14159265359,1,0.275,fit_ok,resolved,True,E_state_hartree,True,-2.2545619888166085e-05,-2.651636887599515e-05,3.970748987829065e-06,-2.4779664386313076e-05,1.7367044896820736e-06,2.234044498146991e-06,0.4373745343776025,0.5626254656223975,0.46231081337928387
141,B,H4,yoshida4,controlled_q0.050_phi4.712388980385,controlled,0.05,4.712388980385,1,0.275,fit_ok,resolved,True,E_state_hartree,True,-2.5222007230187657e-05,-2.651636887599515e-05,1.294361645807493e-06,-2.4779664386313076e-05,1.7367044896820736e-06,-4.4234284387458065e-07,1.34174594504353,-0.34174594504353006,0.46231081337928387
68,B,H4,yoshida4,controlled_q0.050_phi0.000000000000,controlled,0.05,0.0,-1,0.35,fit_ok,resolved,True,E_state_hartree,True,-7.021602990725897e-05,-6.888209753328042e-05,-1.333932373978543e-06,-6.435849084577156e-05,4.523606687508862e-06,-5.857539061487405e-06,3.3911814240004547,-2.3911814240004547,0.47181594761105533
69,B,H4,yoshida4,controlled_q0.050_phi1.570796326795,controlled,0.05,1.570796326795,-1,0.35,fit_ok,resolved,True,E_state_hartree,True,-6.585769769181853e-05,-6.888209753328042e-05,3.0243998414618913e-06,-6.435849084577156e-05,4.523606687508862e-06,-1.499206846046971e-06,1.4957039163585941,-0.4957039163585941,0.47181594761105533
70,B,H4,yoshida4,controlled_q0.050_phi3.141592653590,controlled,0.05,3.14159265359,-1,0.35,fit_ok,resolved,True,E_state_hartree,True,-5.850095178427687e-05,-6.888209753328042e-05,1.0381145749003552e-05,-6.435849084577156e-05,4.523606687508862e-06,5.85753906149469e-06,0.43575216039550035,0.5642478396044996,0.47181594761105533
71,B,H4,yoshida4,controlled_q0.050_phi4.712388980385,controlled,0.05,4.712388980385,-1,0.35,fit_ok,resolved,True,E_state_hartree,True,-6.28592839997319e-05,-6.888209753328042e-05,6.022813533548528e-06,-6.435849084577156e-05,4.523606687508862e-06,1.4992068460396662e-06,0.7510786549029417,0.24892134509705832,0.47181594761105533
152,B,H4,yoshida4,controlled_q0.050_phi0.000000000000,controlled,0.05,0.0,1,0.35,fit_ok,resolved,True,E_state_hartree,True,-7.021602990725895e-05,-6.888209753328042e-05,-1.3339323739785294e-06,-6.435849084577156e-05,4.523606687508862e-06,-5.857539061487392e-06,3.391181424000489,-2.391181424000489,0.4718159476110545
153,B,H4,yoshida4,controlled_q0.050_phi1.570796326795,controlled,0.05,1.570796326795,1,0.35,fit_ok,resolved,True,E_state_hartree,True,-6.28592839997319e-05,-6.888209753328042e-05,6.022813533548528e-06,-6.435849084577156e-05,4.523606687508862e-06,1.4992068460396662e-06,0.7510786549029417,0.24892134509705832,0.4718159476110545
154,B,H4,yoshida4,controlled_q0.050_phi3.141592653590,controlled,0.05,3.14159265359,1,0.35,fit_ok,resolved,True,E_state_hartree,True,-5.850095178427687e-05,-6.888209753328042e-05,1.0381145749003552e-05,-6.435849084577156e-05,4.523606687508862e-06,5.85753906149469e-06,0.43575216039550035,0.5642478396044996,0.4718159476110545
155,B,H4,yoshida4,controlled_q0.050_phi4.712388980385,controlled,0.05,4.712388980385,1,0.35,fit_ok,resolved,True,E_state_hartree,True,-6.585769769181853e-05,-6.888209753328042e-05,3.0243998414618913e-06,-6.435849084577156e-05,4.523606687508862e-06,-1.499206846046971e-06,1.4957039163585941,-0.4957039163585941,0.4718159476110545
82,B,H4,yoshida4,controlled_q0.050_phi0.000000000000,controlled,0.05,0.0,-1,0.4,fit_ok,resolved,True,E_state_hartree,True,-0.00011887737878700524,-0.00011656914709157369,-2.3082316954315502e-06,-0.00010889717736165421,7.67196972991948e-06,-9.980201425351031e-06,3.3237433421886697,-2.3237433421886697,0.47926179733809554
83,B,H4,yoshida4,controlled_q0.050_phi1.570796326795,controlled,0.05,1.570796326795,-1,0.4,fit_ok,resolved,True,E_state_hartree,True,-0.00011185312891295266,-0.00011656914709157369,4.71601817862103e-06,-0.00010889717736165421,7.67196972991948e-06,-2.9559515512984506e-06,1.6267896855653714,-0.6267896855653714,0.47926179733809554
84,B,H4,yoshida4,controlled_q0.050_phi3.141592653590,controlled,0.05,3.14159265359,-1,0.4,fit_ok,resolved,True,E_state_hartree,True,-9.891697593630673e-05,-0.00011656914709157369,1.765217115526696e-05,-0.00010889717736165421,7.67196972991948e-06,9.98020142534748e-06,0.4346190427476316,0.5653809572523685,0.47926179733809554
85,B,H4,yoshida4,controlled_q0.050_phi4.712388980385,controlled,0.05,4.712388980385,-1,0.4,fit_ok,resolved,True,E_state_hartree,True,-0.00010594122581035221,-0.00011656914709157369,1.0627921281221482e-05,-0.00010889717736165421,7.67196972991948e-06,2.9559515513020014e-06,0.7218692655801954,0.2781307344198046,0.47926179733809554
166,B,H4,yoshida4,controlled_q0.050_phi0.000000000000,controlled,0.05,0.0,1,0.4,fit_ok,resolved,True,E_state_hartree,True,-0.00011887737878700527,-0.00011656914709157369,-2.3082316954315773e-06,-0.00010889717736165422,7.671969729919467e-06,-9.980201425351044e-06,3.323743342188625,-2.323743342188625,0.47926179733809665
167,B,H4,yoshida4,controlled_q0.050_phi1.570796326795,controlled,0.05,1.570796326795,1,0.4,fit_ok,resolved,True,E_state_hartree,True,-0.00010594122581035221,-0.00011656914709157369,1.0627921281221482e-05,-0.00010889717736165422,7.671969729919467e-06,2.955951551302015e-06,0.7218692655801942,0.27813073441980585,0.47926179733809665
168,B,H4,yoshida4,controlled_q0.050_phi3.141592653590,controlled,0.05,3.14159265359,1,0.4,fit_ok,resolved,True,E_state_hartree,True,-9.891697593630673e-05,-0.00011656914709157369,1.765217115526696e-05,-0.00010889717736165422,7.671969729919467e-06,9.980201425347494e-06,0.4346190427476308,0.5653809572523691,0.47926179733809665
169,B,H4,yoshida4,controlled_q0.050_phi4.712388980385,controlled,0.05,4.712388980385,1,0.4,fit_ok,resolved,True,E_state_hartree,True,-0.00011185312891295266,-0.00011656914709157369,4.71601817862103e-06,-0.00010889717736165422,7.671969729919467e-06,-2.955951551298437e-06,1.6267896855653685,-0.6267896855653685,0.47926179733809665
674,C,lambda_1,yoshida4,controlled_q0.001_phi0.000000000000,controlled,0.001,0.0,-1,0.05,not_identifiable,unresolved,False,mixed,False,-5.206887427482354e-16,-4.906538933386797e-16,-3.003484940955569e-17,-4.790239620328702e-16,1.1629931305809509e-17,-4.16647807153652e-17,0.38721457022219685,0.6127854297778031,0.9833066577935589
675,C,lambda_1,yoshida4,controlled_q0.001_phi1.570796326795,controlled,0.001,1.570796326795,-1,0.05,not_identifiable,unresolved,False,mixed,False,-3.469446951953614e-16,-4.906538933386797e-16,1.437091981433183e-16,-4.790239620328702e-16,1.1629931305809509e-17,1.320792668375088e-16,0.08092684014708099,0.919073159852919,0.9833066577935589
676,C,lambda_1,yoshida4,controlled_q0.001_phi3.141592653590,controlled,0.001,3.14159265359,-1,0.05,not_identifiable,unresolved,False,mixed,False,-4.586564283557695e-16,-4.906538933386797e-16,3.1997464982910206e-17,-4.790239620328702e-16,1.1629931305809509e-17,2.0367533677100697e-17,0.3634641466760269,0.6365358533239731,0.9833066577935589
677,C,lambda_1,yoshida4,controlled_q0.001_phi4.712388980385,controlled,0.001,4.712388980385,-1,0.05,not_identifiable,unresolved,False,mixed,False,-5.898059818321144e-16,-4.906538933386797e-16,-9.915208849343469e-17,-4.790239620328702e-16,1.1629931305809509e-17,-1.107820197992442e-16,0.11729386120373632,0.8827061387962637,0.9833066577935589
746,C,lambda_1,yoshida4,controlled_q0.001_phi0.000000000000,controlled,0.001,0.0,1,0.05,not_identifiable,unresolved,False,mixed,False,-5.206887427482354e-16,-4.906538933386797e-16,-3.003484940955569e-17,-4.790239620328702e-16,1.1629931305809509e-17,-4.16647807153652e-17,0.38721457022219685,0.6127854297778031,0.9833066577935589
747,C,lambda_1,yoshida4,controlled_q0.001_phi1.570796326795,controlled,0.001,1.570796326795,1,0.05,not_identifiable,unresolved,False,mixed,False,-5.898059818321144e-16,-4.906538933386797e-16,-9.915208849343469e-17,-4.790239620328702e-16,1.1629931305809509e-17,-1.107820197992442e-16,0.11729386120373632,0.8827061387962637,0.9833066577935589
748,C,lambda_1,yoshida4,controlled_q0.001_phi3.141592653590,controlled,0.001,3.14159265359,1,0.05,not_identifiable,unresolved,False,mixed,False,-4.586564283557695e-16,-4.906538933386797e-16,3.1997464982910206e-17,-4.790239620328702e-16,1.1629931305809509e-17,2.0367533677100697e-17,0.3634641466760269,0.6365358533239731,0.9833066577935589
749,C,lambda_1,yoshida4,controlled_q0.001_phi4.712388980385,controlled,0.001,4.712388980385,1,0.05,not_identifiable,unresolved,False,mixed,False,-3.469446951953614e-16,-4.906538933386797e-16,1.437091981433183e-16,-4.790239620328702e-16,1.1629931305809509e-17,1.320792668375088e-16,0.08092684014708099,0.919073159852919,0.9833066577935589
686,C,lambda_1,yoshida4,controlled_q0.001_phi0.000000000000,controlled,0.001,0.0,-1,0.08,not_identifiable,unresolved,False,mixed,False,2.448362927760013e-16,2.453269466693398e-16,-4.906538933385062e-19,2.416803853614061e-16,-3.6465613079336964e-18,3.1559074145951902e-18,7.4320439671267495,-6.4320439671267495,0.9937837795067956
687,C,lambda_1,yoshida4,controlled_q0.001_phi1.570796326795,controlled,0.001,1.570796326795,-1,0.08,not_identifiable,unresolved,False,mixed,False,1.734723475976807e-16,2.453269466693398e-16,-7.18545990716591e-17,2.416803853614061e-16,-3.6465613079336964e-18,-6.820803776372541e-17,0.050749170617416656,0.9492508293825833,0.9937837795067956
688,C,lambda_1,yoshida4,controlled_q0.001_phi3.141592653590,controlled,0.001,3.14159265359,-1,0.08,not_identifiable,unresolved,False,mixed,False,2.448362927760011e-16,2.453269466693398e-16,-4.906538933387034e-19,2.416803853614061e-16,-3.6465613079336964e-18,3.155907414594993e-18,7.432043967123763,-6.432043967123763,0.9937837795067956
689,C,lambda_1,yoshida4,controlled_q0.001_phi4.712388980385,controlled,0.001,4.712388980385,-1,0.08,not_identifiable,unresolved,False,mixed,False,3.0357660829594124e-16,2.453269466693398e-16,5.824966162660143e-17,2.416803853614061e-16,-3.6465613079336964e-18,6.189622293453513e-17,0.06260227452151218,0.9373977254784878,0.9937837795067956
758,C,lambda_1,yoshida4,controlled_q0.001_phi0.000000000000,controlled,0.001,0.0,1,0.08,not_identifiable,unresolved,False,mixed,False,2.448362927760013e-16,2.453269466693398e-16,-4.906538933385062e-19,2.416803853614061e-16,-3.6465613079336964e-18,3.1559074145951902e-18,7.4320439671267495,-6.4320439671267495,0.9937837795067959
759,C,lambda_1,yoshida4,controlled_q0.001_phi1.570796326795,controlled,0.001,1.570796326795,1,0.08,not_identifiable,unresolved,False,mixed,False,3.0357660829594124e-16,2.453269466693398e-16,5.824966162660143e-17,2.416803853614061e-16,-3.6465613079336964e-18,6.189622293453513e-17,0.06260227452151218,0.9373977254784878,0.9937837795067959
760,C,lambda_1,yoshida4,controlled_q0.001_phi3.141592653590,controlled,0.001,3.14159265359,1,0.08,not_identifiable,unresolved,False,mixed,False,2.4483629277600116e-16,2.453269466693398e-16,-4.906538933386541e-19,2.416803853614061e-16,-3.6465613079336964e-18,3.1559074145950423e-18,7.432043967124509,-6.432043967124509,0.9937837795067959
761,C,lambda_1,yoshida4,controlled_q0.001_phi4.712388980385,controlled,0.001,4.712388980385,1,0.08,not_identifiable,unresolved,False,mixed,False,1.734723475976807e-16,2.453269466693398e-16,-7.18545990716591e-17,2.416803853614061e-16,-3.6465613079336964e-18,-6.820803776372541e-17,0.050749170617416656,0.9492508293825833,0.9937837795067959
698,C,lambda_1,yoshida4,controlled_q0.001_phi0.000000000000,controlled,0.001,0.0,-1,0.12,not_identifiable,unresolved,False,mixed,False,3.367871094334127e-16,3.2710259555911977e-16,9.684513874292941e-18,3.330825355400632e-16,5.979939980943449e-18,3.704573893349492e-18,0.6174744606249056,0.38252553937509437,0.9029100549751196
699,C,lambda_1,yoshida4,controlled_q0.001_phi1.570796326795,controlled,0.001,1.570796326795,-1,0.12,not_identifiable,unresolved,False,mixed,False,3.6140072416183483e-16,3.2710259555911977e-16,3.429812860271506e-17,3.330825355400632e-16,5.979939980943449e-18,2.831818862177161e-17,0.17435178607587568,0.8256482139241244,0.9029100549751196
700,C,lambda_1,yoshida4,controlled_q0.001_phi3.141592653590,controlled,0.001,3.14159265359,-1,0.12,not_identifiable,unresolved,False,mixed,False,3.161096713025907e-16,3.2710259555911977e-16,-1.099292425652909e-17,3.330825355400632e-16,5.979939980943449e-18,-1.6972864237472538e-17,0.5439808226998153,0.4560191773001847,0.9029100549751196
701,C,lambda_1,yoshida4,controlled_q0.001_phi4.712388980385,controlled,0.001,4.712388980385,-1,0.12,not_identifiable,unresolved,False,mixed,False,3.1803263726241465e-16,3.2710259555911977e-16,-9.069958296705116e-18,3.330825355400632e-16,5.979939980943449e-18,-1.5049898277648566e-17,0.6593128419472235,0.3406871580527765,0.9029100549751196
770,C,lambda_1,yoshida4,controlled_q0.001_phi0.000000000000,controlled,0.001,0.0,1,0.12,not_identifiable,unresolved,False,mixed,False,3.367871094334127e-16,3.2710259555911977e-16,9.684513874292941e-18,3.330825355400632e-16,5.979939980943449e-18,3.704573893349492e-18,0.6174744606249056,0.38252553937509437,0.9029100549751199
771,C,lambda_1,yoshida4,controlled_q0.001_phi1.570796326795,controlled,0.001,1.570796326795,1,0.12,not_identifiable,unresolved,False,mixed,False,3.1803263726241465e-16,3.2710259555911977e-16,-9.069958296705116e-18,3.330825355400632e-16,5.979939980943449e-18,-1.5049898277648566e-17,0.6593128419472235,0.3406871580527765,0.9029100549751199
772,C,lambda_1,yoshida4,controlled_q0.001_phi3.141592653590,controlled,0.001,3.14159265359,1,0.12,not_identifiable,unresolved,False,mixed,False,3.1610967130259063e-16,3.2710259555911977e-16,-1.0992924256529139e-17,3.330825355400632e-16,5.979939980943449e-18,-1.6972864237472588e-17,0.5439808226998128,0.45601917730018715,0.9029100549751199
773,C,lambda_1,yoshida4,controlled_q0.001_phi4.712388980385,controlled,0.001,4.712388980385,1,0.12,not_identifiable,unresolved,False,mixed,False,3.6140072416183483e-16,3.2710259555911977e-16,3.429812860271506e-17,3.330825355400632e-16,5.979939980943449e-18,2.831818862177161e-17,0.17435178607587568,0.8256482139241244,0.9029100549751199
710,C,lambda_1,yoshida4,controlled_q0.001_phi0.000000000000,controlled,0.001,0.0,-1,0.18,not_identifiable,unresolved,False,mixed,False,-6.528967807360033e-16,-6.542051911182395e-16,1.3084103822362466e-18,-6.541183802747318e-16,8.681084350771594e-20,1.2215995387285306e-18,0.06634832976435476,0.9336516702356452,0.9998427980773306
711,C,lambda_1,yoshida4,controlled_q0.001_phi1.570796326795,controlled,0.001,1.570796326795,-1,0.18,not_identifiable,unresolved,False,mixed,False,-6.649773324577761e-16,-6.542051911182395e-16,-1.0772141339536585e-17,-6.541183802747318e-16,8.681084350771594e-20,-1.0858952183044301e-17,0.00805882885968989,0.9919411711403101,0.9998427980773306
712,C,lambda_1,yoshida4,controlled_q0.001_phi3.141592653590,controlled,0.001,3.14159265359,-1,0.18,not_identifiable,unresolved,False,mixed,False,-6.528967807360031e-16,-6.542051911182395e-16,1.3084103822364438e-18,-6.541183802747318e-16,8.681084350771594e-20,1.2215995387287278e-18,0.06634832976434475,0.9336516702356552,0.9998427980773306
713,C,lambda_1,yoshida4,controlled_q0.001_phi4.712388980385,controlled,0.001,4.712388980385,-1,0.18,not_identifiable,unresolved,False,mixed,False,-6.457026271691449e-16,-6.542051911182395e-16,8.50256394909466e-18,-6.541183802747318e-16,8.681084350771594e-20,8.415753105586944e-18,0.010209960669211954,0.989790039330788,0.9998427980773306
782,C,lambda_1,yoshida4,controlled_q0.001_phi0.000000000000,controlled,0.001,0.0,1,0.18,not_identifiable,unresolved,False,mixed,False,-6.528967807360033e-16,-6.542051911182395e-16,1.3084103822362466e-18,-6.541183802747318e-16,8.681084350771594e-20,1.2215995387285306e-18,0.06634832976435476,0.9336516702356452,0.9998427980773306
783,C,lambda_1,yoshida4,controlled_q0.001_phi1.570796326795,controlled,0.001,1.570796326795,1,0.18,not_identifiable,unresolved,False,mixed,False,-6.457026271691449e-16,-6.542051911182395e-16,8.50256394909466e-18,-6.541183802747318e-16,8.681084350771594e-20,8.415753105586944e-18,0.010209960669211954,0.989790039330788,0.9998427980773306
784,C,lambda_1,yoshida4,controlled_q0.001_phi3.141592653590,controlled,0.001,3.14159265359,1,0.18,not_identifiable,unresolved,False,mixed,False,-6.528967807360032e-16,-6.542051911182395e-16,1.3084103822363452e-18,-6.541183802747318e-16,8.681084350771594e-20,1.2215995387286292e-18,0.06634832976434975,0.9336516702356502,0.9998427980773306
785,C,lambda_1,yoshida4,controlled_q0.001_phi4.712388980385,controlled,0.001,4.712388980385,1,0.18,not_identifiable,unresolved,False,mixed,False,-6.649773324577761e-16,-6.542051911182395e-16,-1.0772141339536585e-17,-6.541183802747318e-16,8.681084350771594e-20,-1.0858952183044301e-17,0.00805882885968989,0.9919411711403101,0.9998427980773306
722,C,lambda_1,yoshida4,controlled_q0.001_phi0.000000000000,controlled,0.001,0.0,-1,0.27,not_identifiable,unresolved,False,mixed,False,2.993663194963668e-16,2.9075786271921755e-16,8.608456777149237e-18,2.896484631616235e-16,-1.1093995575940266e-18,9.717856334743264e-18,0.12887322156729392,0.8711267784327061,0.9902548944340516
723,C,lambda_1,yoshida4,controlled_q0.001_phi1.570796326795,controlled,0.001,1.570796326795,-1,0.27,not_identifiable,unresolved,False,mixed,False,3.01970382855222e-16,2.9075786271921755e-16,1.121252013600443e-17,2.896484631616235e-16,-1.1093995575940266e-18,1.2321919693598457e-17,0.09894292666923672,0.9010570733307632,0.9902548944340516
724,C,lambda_1,yoshida4,controlled_q0.001_phi3.141592653590,controlled,0.001,3.14159265359,-1,0.27,not_identifiable,unresolved,False,mixed,False,2.8098637449119164e-16,2.9075786271921755e-16,-9.771488228025912e-18,2.896484631616235e-16,-1.1093995575940266e-18,-8.662088670431885e-18,0.1135343492930916,0.8864656507069084,0.9902548944340516
725,C,lambda_1,yoshida4,controlled_q0.001_phi4.712388980385,controlled,0.001,4.712388980385,-1,0.27,not_identifiable,unresolved,False,mixed,False,2.762707758037137e-16,2.9075786271921755e-16,-1.4487086915503863e-17,2.896484631616235e-16,-1.1093995575940266e-18,-1.3377687357909836e-17,0.07657851188887145,0.9234214881111286,0.9902548944340516
794,C,lambda_1,yoshida4,controlled_q0.001_phi0.000000000000,controlled,0.001,0.0,1,0.27,not_identifiable,unresolved,False,mixed,False,2.993663194963668e-16,2.9075786271921755e-16,8.608456777149237e-18,2.896484631616235e-16,-1.1093995575940266e-18,9.717856334743264e-18,0.12887322156729392,0.8711267784327061,0.9902548944340516
795,C,lambda_1,yoshida4,controlled_q0.001_phi1.570796326795,controlled,0.001,1.570796326795,1,0.27,not_identifiable,unresolved,False,mixed,False,2.762707758037137e-16,2.9075786271921755e-16,-1.4487086915503863e-17,2.896484631616235e-16,-1.1093995575940266e-18,-1.3377687357909836e-17,0.07657851188887145,0.9234214881111286,0.9902548944340516
796,C,lambda_1,yoshida4,controlled_q0.001_phi3.141592653590,controlled,0.001,3.14159265359,1,0.27,not_identifiable,unresolved,False,mixed,False,2.8098637449119164e-16,2.9075786271921755e-16,-9.771488228025912e-18,2.896484631616235e-16,-1.1093995575940266e-18,-8.662088670431885e-18,0.1135343492930916,0.8864656507069084,0.9902548944340516
797,C,lambda_1,yoshida4,controlled_q0.001_phi4.712388980385,controlled,0.001,4.712388980385,1,0.27,not_identifiable,unresolved,False,mixed,False,3.01970382855222e-16,2.9075786271921755e-16,1.121252013600443e-17,2.896484631616235e-16,-1.1093995575940266e-18,1.2321919693598457e-17,0.09894292666923672,0.9010570733307632,0.9902548944340516
734,C,lambda_1,yoshida4,controlled_q0.001_phi0.000000000000,controlled,0.001,0.0,-1,0.4,not_identifiable,unresolved,False,mixed,False,-3.9173806844160206e-16,-3.9252311467094373e-16,7.85046229341669e-19,-3.9319382961316276e-16,-6.707149422190335e-19,1.4557611715607025e-18,0.8543636249058703,0.14563637509412974,0.9888052893423144
735,C,lambda_1,yoshida4,controlled_q0.001_phi1.570796326795,controlled,0.001,1.570796326795,-1,0.4,not_identifiable,unresolved,False,mixed,False,-4.0332320816460765e-16,-3.9252311467094373e-16,-1.080009349366392e-17,-3.9319382961316276e-16,-6.707149422190335e-19,-1.0129378551444886e-17,0.062102697778729524,0.9378973022212704,0.9888052893423144
736,C,lambda_1,yoshida4,controlled_q0.001_phi3.141592653590,controlled,0.001,3.14159265359,-1,0.4,not_identifiable,unresolved,False,mixed,False,-3.917380684416018e-16,-3.9252311467094373e-16,7.850462293419156e-19,-3.9319382961316276e-16,-6.707149422190335e-19,1.455761171560949e-18,0.8543636249056019,0.14563637509439809,0.9888052893423144
737,C,lambda_1,yoshida4,controlled_q0.001_phi4.712388980385,controlled,0.001,4.712388980385,-1,0.4,not_identifiable,unresolved,False,mixed,False,-3.859759734048396e-16,-3.9252311467094373e-16,6.5471412661041515e-18,-3.9319382961316276e-16,-6.707149422190335e-19,7.217856208323185e-18,0.10244393926421867,0.8975560607357813,0.9888052893423144
806,C,lambda_1,yoshida4,controlled_q0.001_phi0.000000000000,controlled,0.001,0.0,1,0.4,not_identifiable,unresolved,False,mixed,False,-3.9173806844160206e-16,-3.9252311467094373e-16,7.85046229341669e-19,-3.931938296131628e-16,-6.707149422190828e-19,1.4557611715607518e-18,0.854363624905933,0.14563637509406702,0.9888052893423139
807,C,lambda_1,yoshida4,controlled_q0.001_phi1.570796326795,controlled,0.001,1.570796326795,1,0.4,not_identifiable,unresolved,False,mixed,False,-3.859759734048396e-16,-3.9252311467094373e-16,6.5471412661041515e-18,-3.931938296131628e-16,-6.707149422190828e-19,7.217856208323234e-18,0.10244393926422621,0.8975560607357738,0.9888052893423139
808,C,lambda_1,yoshida4,controlled_q0.001_phi3.141592653590,controlled,0.001,3.14159265359,1,0.4,not_identifiable,unresolved,False,mixed,False,-3.9173806844160186e-16,-3.9252311467094373e-16,7.850462293418663e-19,-3.931938296131628e-16,-6.707149422190828e-19,1.455761171560949e-18,0.8543636249057184,0.14563637509428162,0.9888052893423139
809,C,lambda_1,yoshida4,controlled_q0.001_phi4.712388980385,controlled,0.001,4.712388980385,1,0.4,not_identifiable,unresolved,False,mixed,False,-4.0332320816460765e-16,-3.9252311467094373e-16,-1.080009349366392e-17,-3.931938296131628e-16,-6.707149422190828e-19,-1.0129378551444837e-17,0.06210269777873409,0.9378973022212659,0.9888052893423139
678,C,lambda_1,yoshida4,controlled_q0.010_phi0.000000000000,controlled,0.01,0.0,-1,0.05,not_identifiable,unresolved,False,mixed,False,-5.784797074397938e-16,-4.906538933386797e-16,-8.782581410111405e-17,-4.832816943727061e-16,7.372198965973607e-18,-9.519801306708766e-17,0.08394114010131438,0.9160588598986856,0.9991640147768439
679,C,lambda_1,yoshida4,controlled_q0.010_phi1.570796326795,controlled,0.01,1.570796326795,-1,0.05,not_identifiable,unresolved,False,mixed,False,-1.3877787807814457e-16,-4.906538933386797e-16,3.5187601526053516e-16,-4.832816943727061e-16,7.372198965973607e-18,3.4450381629456155e-16,0.0209511266646438,0.9790488733353562,0.9991640147768439
680,C,lambda_1,yoshida4,controlled_q0.010_phi3.141592653590,controlled,0.01,3.14159265359,-1,0.05,not_identifiable,unresolved,False,mixed,False,-3.8320192350401867e-16,-4.906538933386797e-16,1.0745196983466106e-16,-4.832816943727061e-16,7.372198965973607e-18,1.0007977086868745e-16,0.06860924911211388,0.9313907508878861,0.9991640147768439
681,C,lambda_1,yoshida4,controlled_q0.010_phi4.712388980385,controlled,0.01,4.712388980385,-1,0.05,not_identifiable,unresolved,False,mixed,False,-8.326672684688674e-16,-4.906538933386797e-16,-3.420133751301877e-16,-4.832816943727061e-16,7.372198965973607e-18,-3.493855740961613e-16,0.02155529433071842,0.9784447056692815,0.9991640147768439
750,C,lambda_1,yoshida4,controlled_q0.010_phi0.000000000000,controlled,0.01,0.0,1,0.05,not_identifiable,unresolved,False,mixed,False,-5.784797074397937e-16,-4.906538933386797e-16,-8.782581410111396e-17,-4.832816943727061e-16,7.372198965973607e-18,-9.519801306708756e-17,0.08394114010131447,0.9160588598986855,0.9991640147768439
751,C,lambda_1,yoshida4,controlled_q0.010_phi1.570796326795,controlled,0.01,1.570796326795,1,0.05,not_identifiable,unresolved,False,mixed,False,-8.326672684688674e-16,-4.906538933386797e-16,-3.420133751301877e-16,-4.832816943727061e-16,7.372198965973607e-18,-3.493855740961613e-16,0.02155529433071842,0.9784447056692815,0.9991640147768439
752,C,lambda_1,yoshida4,controlled_q0.010_phi3.141592653590,controlled,0.01,3.14159265359,1,0.05,not_identifiable,unresolved,False,mixed,False,-3.832019235040187e-16,-4.906538933386797e-16,1.0745196983466101e-16,-4.832816943727061e-16,7.372198965973607e-18,1.000797708686874e-16,0.06860924911211391,0.931390750887886,0.9991640147768439
753,C,lambda_1,yoshida4,controlled_q0.010_phi4.712388980385,controlled,0.01,4.712388980385,1,0.05,not_identifiable,unresolved,False,mixed,False,-1.3877787807814457e-16,-4.906538933386797e-16,3.5187601526053516e-16,-4.832816943727061e-16,7.372198965973607e-18,3.4450381629456155e-16,0.0209511266646438,0.9790488733353562,0.9991640147768439
690,C,lambda_1,yoshida4,controlled_q0.010_phi0.000000000000,controlled,0.01,0.0,-1,0.08,not_identifiable,unresolved,False,mixed,False,2.4042040773595303e-16,2.453269466693398e-16,-4.906538933386787e-18,2.7199850801594713e-16,2.667156134660732e-17,-3.157810027999411e-17,5.43592167691147,-4.43592167691147,0.971791581546531
691,C,lambda_1,yoshida4,controlled_q0.010_phi1.570796326795,controlled,0.01,1.570796326795,-1,0.08,not_identifiable,unresolved,False,mixed,False,8.673617379884035e-17,2.453269466693398e-16,-1.5859077287049946e-16,2.7199850801594713e-16,2.667156134660732e-17,-1.8526233421710678e-16,0.1681785192407539,0.8318214807592461,0.971791581546531
692,C,lambda_1,yoshida4,controlled_q0.010_phi3.141592653590,controlled,0.01,3.14159265359,-1,0.08,not_identifiable,unresolved,False,mixed,False,2.404204077359531e-16,2.453269466693398e-16,-4.906538933386689e-18,2.7199850801594713e-16,2.667156134660732e-17,-3.157810027999401e-17,5.43592167691158,-4.43592167691158,0.971791581546531
693,C,lambda_1,yoshida4,controlled_q0.010_phi4.712388980385,controlled,0.01,4.712388980385,-1,0.08,not_identifiable,unresolved,False,mixed,False,5.204170427930421e-16,2.453269466693398e-16,2.750900961237023e-16,2.7199850801594713e-16,2.667156134660732e-17,2.48418534777095e-16,0.09695573094937475,0.9030442690506253,0.971791581546531
762,C,lambda_1,yoshida4,controlled_q0.010_phi0.000000000000,controlled,0.01,0.0,1,0.08,not_identifiable,unresolved,False,mixed,False,2.4042040773595303e-16,2.453269466693398e-16,-4.906538933386787e-18,2.7199850801594713e-16,2.667156134660732e-17,-3.157810027999411e-17,5.43592167691147,-4.43592167691147,0.971791581546531
763,C,lambda_1,yoshida4,controlled_q0.010_phi1.570796326795,controlled,0.01,1.570796326795,1,0.08,not_identifiable,unresolved,False,mixed,False,5.204170427930421e-16,2.453269466693398e-16,2.750900961237023e-16,2.7199850801594713e-16,2.667156134660732e-17,2.48418534777095e-16,0.09695573094937475,0.9030442690506253,0.971791581546531
764,C,lambda_1,yoshida4,controlled_q0.010_phi3.141592653590,controlled,0.01,3.14159265359,1,0.08,not_identifiable,unresolved,False,mixed,False,2.404204077359531e-16,2.453269466693398e-16,-4.906538933386689e-18,2.7199850801594713e-16,2.667156134660732e-17,-3.157810027999401e-17,5.43592167691158,-4.43592167691158,0.971791581546531
765,C,lambda_1,yoshida4,controlled_q0.010_phi4.712388980385,controlled,0.01,4.712388980385,1,0.08,not_identifiable,unresolved,False,mixed,False,8.673617379884035e-17,2.453269466693398e-16,-1.5859077287049946e-16,2.7199850801594713e-16,2.667156134660732e-17,-1.8526233421710678e-16,0.1681785192407539,0.8318214807592461,0.971791581546531
702,C,lambda_1,yoshida4,controlled_q0.010_phi0.000000000000,controlled,0.01,0.0,-1,0.12,not_identifiable,unresolved,False,mixed,False,3.5310684097056654e-16,3.2710259555911977e-16,2.6004245411446777e-17,3.1929659045517605e-16,-7.806005103943717e-18,3.3810250515390494e-17,0.30018195030983674,0.6998180496901633,0.9944811419429089
703,C,lambda_1,yoshida4,controlled_q0.010_phi1.570796326795,controlled,0.01,1.570796326795,-1,0.12,not_identifiable,unresolved,False,mixed,False,4.625929269271486e-16,3.2710259555911977e-16,1.3549033136802882e-16,3.1929659045517605e-16,-7.806005103943717e-18,1.4329633647197254e-16,0.05761300474452653,0.9423869952554734,0.9944811419429089
704,C,lambda_1,yoshida4,controlled_q0.010_phi3.141592653590,controlled,0.01,3.14159265359,-1,0.12,not_identifiable,unresolved,False,mixed,False,2.880142463253084e-16,3.2710259555911977e-16,-3.908834923381136e-17,3.1929659045517605e-16,-7.806005103943717e-18,-3.1282344129867646e-17,0.1997015800603709,0.8002984199396291,0.9944811419429089
705,C,lambda_1,yoshida4,controlled_q0.010_phi4.712388980385,controlled,0.01,4.712388980385,-1,0.12,not_identifiable,unresolved,False,mixed,False,1.734723475976807e-16,3.2710259555911977e-16,-1.5363024796143906e-16,3.1929659045517605e-16,-7.806005103943717e-18,-1.4582424285749534e-16,0.0508103398095342,0.9491896601904658,0.9944811419429089
774,C,lambda_1,yoshida4,controlled_q0.010_phi0.000000000000,controlled,0.01,0.0,1,0.12,not_identifiable,unresolved,False,mixed,False,3.531068409705666e-16,3.2710259555911977e-16,2.6004245411446827e-17,3.1929659045517605e-16,-7.806005103943717e-18,3.3810250515390544e-17,0.3001819503098362,0.6998180496901638,0.9944811419429088
775,C,lambda_1,yoshida4,controlled_q0.010_phi1.570796326795,controlled,0.01,1.570796326795,1,0.12,not_identifiable,unresolved,False,mixed,False,1.734723475976807e-16,3.2710259555911977e-16,-1.5363024796143906e-16,3.1929659045517605e-16,-7.806005103943717e-18,-1.4582424285749534e-16,0.0508103398095342,0.9491896601904658,0.9944811419429088
776,C,lambda_1,yoshida4,controlled_q0.010_phi3.141592653590,controlled,0.01,3.14159265359,1,0.12,not_identifiable,unresolved,False,mixed,False,2.880142463253083e-16,3.2710259555911977e-16,-3.908834923381146e-17,3.1929659045517605e-16,-7.806005103943717e-18,-3.1282344129867745e-17,0.1997015800603704,0.8002984199396296,0.9944811419429088
777,C,lambda_1,yoshida4,controlled_q0.010_phi4.712388980385,controlled,0.01,4.712388980385,1,0.12,not_identifiable,unresolved,False,mixed,False,4.625929269271486e-16,3.2710259555911977e-16,1.3549033136802882e-16,3.1929659045517605e-16,-7.806005103943717e-18,1.4329633647197254e-16,0.05761300474452653,0.9423869952554734,0.9944811419429088
714,C,lambda_1,yoshida4,controlled_q0.010_phi0.000000000000,controlled,0.01,0.0,-1,0.18,not_identifiable,unresolved,False,mixed,False,-6.411210872958747e-16,-6.542051911182395e-16,1.3084103822364832e-17,-6.578678861989832e-16,-3.662695080743712e-18,1.6746798903108544e-17,0.27993473075955105,0.720065269240449,0.9720296927907512
715,C,lambda_1,yoshida4,controlled_q0.010_phi1.570796326795,controlled,0.01,1.570796326795,-1,0.18,not_identifiable,unresolved,False,mixed,False,-6.938893903907228e-16,-6.542051911182395e-16,-3.9684199272483304e-17,-6.578678861989832e-16,-3.662695080743712e-18,-3.602150419173959e-17,0.09229605605985844,0.9077039439401415,0.9720296927907512
716,C,lambda_1,yoshida4,controlled_q0.010_phi3.141592653590,controlled,0.01,3.14159265359,-1,0.18,not_identifiable,unresolved,False,mixed,False,-6.411210872958751e-16,-6.542051911182395e-16,1.3084103822364438e-17,-6.578678861989832e-16,-3.662695080743712e-18,1.674679890310815e-17,0.2799347307595595,0.7200652692404406,0.9720296927907512
717,C,lambda_1,yoshida4,controlled_q0.010_phi4.712388980385,controlled,0.01,4.712388980385,-1,0.18,not_identifiable,unresolved,False,mixed,False,-6.553399798134604e-16,-6.542051911182395e-16,-1.1347886952209133e-18,-6.578678861989832e-16,-3.662695080743712e-18,2.527906385522799e-18,3.227645019878069,-2.227645019878069,0.9720296927907512
786,C,lambda_1,yoshida4,controlled_q0.010_phi0.000000000000,controlled,0.01,0.0,1,0.18,not_identifiable,unresolved,False,mixed,False,-6.411210872958747e-16,-6.542051911182395e-16,1.3084103822364832e-17,-6.578678861989832e-16,-3.662695080743712e-18,1.6746798903108544e-17,0.27993473075955105,0.720065269240449,0.9720296927907517
787,C,lambda_1,yoshida4,controlled_q0.010_phi1.570796326795,controlled,0.01,1.570796326795,1,0.18,not_identifiable,unresolved,False,mixed,False,-6.553399798134604e-16,-6.542051911182395e-16,-1.1347886952209133e-18,-6.578678861989832e-16,-3.662695080743712e-18,2.527906385522799e-18,3.227645019878069,-2.227645019878069,0.9720296927907517
788,C,lambda_1,yoshida4,controlled_q0.010_phi3.141592653590,controlled,0.01,3.14159265359,1,0.18,not_identifiable,unresolved,False,mixed,False,-6.41121087295875e-16,-6.542051911182395e-16,1.3084103822364536e-17,-6.578678861989832e-16,-3.662695080743712e-18,1.674679890310825e-17,0.2799347307595574,0.7200652692404426,0.9720296927907517
789,C,lambda_1,yoshida4,controlled_q0.010_phi4.712388980385,controlled,0.01,4.712388980385,1,0.18,not_identifiable,unresolved,False,mixed,False,-6.938893903907228e-16,-6.542051911182395e-16,-3.9684199272483304e-17,-6.578678861989832e-16,-3.662695080743712e-18,-3.602150419173959e-17,0.09229605605985844,0.9077039439401415,0.9720296927907517
726,C,lambda_1,yoshida4,controlled_q0.010_phi0.000000000000,controlled,0.01,0.0,-1,0.27,not_identifiable,unresolved,False,mixed,False,3.138727475293925e-16,2.9075786271921755e-16,2.3114884810174973e-17,2.902440932785891e-16,-5.137694406284391e-19,2.3628654250803413e-17,0.022226779187853977,0.977773220812146,0.9997781616093621
727,C,lambda_1,yoshida4,controlled_q0.010_phi1.570796326795,controlled,0.01,1.570796326795,-1,0.27,not_identifiable,unresolved,False,mixed,False,3.3409489166960727e-16,2.9075786271921755e-16,4.3337028950389724e-17,2.902440932785891e-16,-5.137694406284391e-19,4.385079839101816e-17,0.01185520680747587,0.9881447931925241,0.9997781616093621
728,C,lambda_1,yoshida4,controlled_q0.010_phi3.141592653590,controlled,0.01,3.14159265359,-1,0.27,not_identifiable,unresolved,False,mixed,False,2.560126634002741e-16,2.9075786271921755e-16,-3.4745199318943445e-17,2.902440932785891e-16,-5.137694406284391e-19,-3.4231429878315006e-17,0.014786774883985963,0.9852132251160141,0.9997781616093621
729,C,lambda_1,yoshida4,controlled_q0.010_phi4.712388980385,controlled,0.01,4.712388980385,-1,0.27,not_identifiable,unresolved,False,mixed,False,2.5699607051508254e-16,2.9075786271921755e-16,-3.376179220413501e-17,2.902440932785891e-16,-5.137694406284391e-19,-3.324802276350657e-17,0.015217481273565646,0.9847825187264344,0.9997781616093621
798,C,lambda_1,yoshida4,controlled_q0.010_phi0.000000000000,controlled,0.01,0.0,1,0.27,not_identifiable,unresolved,False,mixed,False,3.138727475293925e-16,2.9075786271921755e-16,2.3114884810174973e-17,2.902440932785891e-16,-5.137694406284391e-19,2.3628654250803413e-17,0.022226779187853977,0.977773220812146,0.999778161609362
799,C,lambda_1,yoshida4,controlled_q0.010_phi1.570796326795,controlled,0.01,1.570796326795,1,0.27,not_identifiable,unresolved,False,mixed,False,2.5699607051508254e-16,2.9075786271921755e-16,-3.376179220413501e-17,2.902440932785891e-16,-5.137694406284391e-19,-3.324802276350657e-17,0.015217481273565646,0.9847825187264344,0.999778161609362
800,C,lambda_1,yoshida4,controlled_q0.010_phi3.141592653590,controlled,0.01,3.14159265359,1,0.27,not_identifiable,unresolved,False,mixed,False,2.5601266340027405e-16,2.9075786271921755e-16,-3.4745199318943494e-17,2.902440932785891e-16,-5.137694406284391e-19,-3.4231429878315055e-17,0.014786774883985943,0.9852132251160141,0.999778161609362
801,C,lambda_1,yoshida4,controlled_q0.010_phi4.712388980385,controlled,0.01,4.712388980385,1,0.27,not_identifiable,unresolved,False,mixed,False,3.3409489166960727e-16,2.9075786271921755e-16,4.3337028950389724e-17,2.902440932785891e-16,-5.137694406284391e-19,4.385079839101816e-17,0.01185520680747587,0.9881447931925241,0.999778161609362
738,C,lambda_1,yoshida4,controlled_q0.010_phi0.000000000000,controlled,0.01,0.0,-1,0.4,not_identifiable,unresolved,False,mixed,False,-3.846726523775249e-16,-3.9252311467094373e-16,7.85046229341881e-18,-3.874927172361533e-16,5.030397434790423e-18,2.8200648586283877e-18,0.6407772239104312,0.35922277608956876,0.6429567569800647
739,C,lambda_1,yoshida4,controlled_q0.010_phi1.570796326795,controlled,0.01,1.570796326795,-1,0.4,not_identifiable,unresolved,False,mixed,False,-3.9898639947466563e-16,-3.9252311467094373e-16,-6.463284803721902e-18,-3.874927172361533e-16,5.030397434790423e-18,-1.1493682238512325e-17,0.7783035387661787,0.22169646123382125,0.6429567569800647
740,C,lambda_1,yoshida4,controlled_q0.010_phi3.141592653590,controlled,0.01,3.14159265359,-1,0.4,not_identifiable,unresolved,False,mixed,False,-3.8467265237752507e-16,-3.9252311467094373e-16,7.850462293418663e-18,-3.874927172361533e-16,5.030397434790423e-18,2.8200648586282397e-18,0.6407772239104433,0.35922277608955666,0.6429567569800647
741,C,lambda_1,yoshida4,controlled_q0.010_phi4.712388980385,controlled,0.01,4.712388980385,-1,0.4,not_identifiable,unresolved,False,mixed,False,-3.8163916471489756e-16,-3.9252311467094373e-16,1.088394995604617e-17,-3.874927172361533e-16,5.030397434790423e-18,5.8535525212557464e-18,0.46218491035931075,0.5378150896406892,0.6429567569800647
810,C,lambda_1,yoshida4,controlled_q0.010_phi0.000000000000,controlled,0.01,0.0,1,0.4,not_identifiable,unresolved,False,mixed,False,-3.846726523775249e-16,-3.9252311467094373e-16,7.85046229341881e-18,-3.8749271723615326e-16,5.030397434790472e-18,2.8200648586283383e-18,0.6407772239104376,0.35922277608956243,0.6429567569800633
811,C,lambda_1,yoshida4,controlled_q0.010_phi1.570796326795,controlled,0.01,1.570796326795,1,0.4,not_identifiable,unresolved,False,mixed,False,-3.8163916471489756e-16,-3.9252311467094373e-16,1.088394995604617e-17,-3.8749271723615326e-16,5.030397434790472e-18,5.853552521255697e-18,0.46218491035931525,0.5378150896406848,0.6429567569800633
812,C,lambda_1,yoshida4,controlled_q0.010_phi3.141592653590,controlled,0.01,3.14159265359,1,0.4,not_identifiable,unresolved,False,mixed,False,-3.8467265237752497e-16,-3.9252311467094373e-16,7.850462293418761e-18,-3.8749271723615326e-16,5.030397434790472e-18,2.820064858628289e-18,0.6407772239104416,0.35922277608955844,0.6429567569800633
813,C,lambda_1,yoshida4,controlled_q0.010_phi4.712388980385,controlled,0.01,4.712388980385,1,0.4,not_identifiable,unresolved,False,mixed,False,-3.9898639947466563e-16,-3.9252311467094373e-16,-6.463284803721902e-18,-3.8749271723615326e-16,5.030397434790472e-18,-1.1493682238512374e-17,0.7783035387661863,0.2216964612338137,0.6429567569800633
682,C,lambda_1,yoshida4,controlled_q0.050_phi0.000000000000,controlled,0.05,0.0,-1,0.05,not_identifiable,unresolved,False,mixed,False,-6.554595777366207e-16,-4.906538933386797e-16,-1.6480568439794096e-16,-3.595721300805504e-16,1.3108176325812933e-16,-2.958874476560703e-16,0.7953716143771982,0.20462838562280183,0.9563284710498882
683,C,lambda_1,yoshida4,controlled_q0.050_phi1.570796326795,controlled,0.05,1.570796326795,-1,0.05,not_identifiable,unresolved,False,mixed,False,5.551115123125783e-16,-4.906538933386797e-16,1.045765405651258e-15,-3.595721300805504e-16,1.3108176325812933e-16,9.146836423931287e-16,0.1253452854242173,0.8746547145757827,0.9563284710498882
684,C,lambda_1,yoshida4,controlled_q0.050_phi3.141592653590,controlled,0.05,3.14159265359,-1,0.05,not_identifiable,unresolved,False,mixed,False,-2.277174302730026e-16,-4.906538933386797e-16,2.629364630656771e-16,-3.595721300805504e-16,1.3108176325812933e-16,1.3185469980754777e-16,0.49853018379344105,0.501469816206559,0.9563284710498882
685,C,lambda_1,yoshida4,controlled_q0.050_phi4.712388980385,controlled,0.05,4.712388980385,-1,0.05,not_identifiable,unresolved,False,mixed,False,-1.1102230246251565e-15,-4.906538933386797e-16,-6.195691312864768e-16,-3.595721300805504e-16,1.3108176325812933e-16,-7.506508945446061e-16,0.21156922874119055,0.7884307712588094,0.9563284710498882
754,C,lambda_1,yoshida4,controlled_q0.050_phi0.000000000000,controlled,0.05,0.0,1,0.05,not_identifiable,unresolved,False,mixed,False,-6.554595777366206e-16,-4.906538933386797e-16,-1.6480568439794086e-16,-3.5957213008055044e-16,1.3108176325812928e-16,-2.9588744765607014e-16,0.7953716143771984,0.2046283856228016,0.9563284710498882
755,C,lambda_1,yoshida4,controlled_q0.050_phi1.570796326795,controlled,0.05,1.570796326795,1,0.05,not_identifiable,unresolved,False,mixed,False,-1.1102230246251565e-15,-4.906538933386797e-16,-6.195691312864768e-16,-3.5957213008055044e-16,1.3108176325812928e-16,-7.506508945446061e-16,0.21156922874119047,0.7884307712588096,0.9563284710498882
756,C,lambda_1,yoshida4,controlled_q0.050_phi3.141592653590,controlled,0.05,3.14159265359,1,0.05,not_identifiable,unresolved,False,mixed,False,-2.277174302730028e-16,-4.906538933386797e-16,2.629364630656769e-16,-3.5957213008055044e-16,1.3108176325812928e-16,1.3185469980754762e-16,0.4985301837934412,0.5014698162065587,0.9563284710498882
757,C,lambda_1,yoshida4,controlled_q0.050_phi4.712388980385,controlled,0.05,4.712388980385,1,0.05,not_identifiable,unresolved,False,mixed,False,5.551115123125783e-16,-4.906538933386797e-16,1.045765405651258e-15,-3.5957213008055044e-16,1.3108176325812928e-16,9.146836423931287e-16,0.12534528542421727,0.8746547145757827,0.9563284710498882
694,C,lambda_1,yoshida4,controlled_q0.050_phi0.000000000000,controlled,0.05,0.0,-1,0.08,not_identifiable,unresolved,False,mixed,False,2.207942520024058e-16,2.453269466693398e-16,-2.453269466693401e-17,1.5376521290062307e-16,-9.156173376871675e-17,6.702903910178274e-17,3.7322330470336276,-2.7322330470336276,0.921587491323356
695,C,lambda_1,yoshida4,controlled_q0.050_phi1.570796326795,controlled,0.05,1.570796326795,-1,0.08,not_identifiable,unresolved,False,mixed,False,-3.469446951953614e-16,2.453269466693398e-16,-5.922716418647013e-16,1.5376521290062307e-16,-9.156173376871675e-17,-5.007099080959845e-16,0.15459415460183917,0.8454058453981608,0.921587491323356
696,C,lambda_1,yoshida4,controlled_q0.050_phi3.141592653590,controlled,0.05,3.14159265359,-1,0.08,not_identifiable,unresolved,False,mixed,False,2.2079425200240578e-16,2.453269466693398e-16,-2.4532694666934036e-17,1.5376521290062307e-16,-9.156173376871675e-17,6.702903910178271e-17,3.7322330470336236,-2.7322330470336236,0.921587491323356
697,C,lambda_1,yoshida4,controlled_q0.050_phi4.712388980385,controlled,0.05,4.712388980385,-1,0.08,not_identifiable,unresolved,False,mixed,False,5.204170427930421e-16,2.453269466693398e-16,2.750900961237023e-16,1.5376521290062307e-16,-9.156173376871675e-17,3.6665182989241906e-16,0.332842712474619,0.6671572875253811,0.921587491323356
766,C,lambda_1,yoshida4,controlled_q0.050_phi0.000000000000,controlled,0.05,0.0,1,0.08,not_identifiable,unresolved,False,mixed,False,2.2079425200240585e-16,2.453269466693398e-16,-2.4532694666933962e-17,2.4050138669946347e-16,-4.825559969876343e-18,-1.970713469705762e-17,0.19669914110089196,0.8033008588991081,0.999753459694235
767,C,lambda_1,yoshida4,controlled_q0.050_phi1.570796326795,controlled,0.05,1.570796326795,1,0.08,not_identifiable,unresolved,False,mixed,False,6.938893903907228e-16,2.453269466693398e-16,4.48562443721383e-16,2.4050138669946347e-16,-4.825559969876343e-18,4.533880036912593e-16,0.010757833245784746,0.9892421667542153,0.999753459694235
768,C,lambda_1,yoshida4,controlled_q0.050_phi3.141592653590,controlled,0.05,3.14159265359,1,0.08,not_identifiable,unresolved,False,mixed,False,2.207942520024059e-16,2.453269466693398e-16,-2.4532694666933912e-17,2.4050138669946347e-16,-4.825559969876343e-18,-1.970713469705757e-17,0.19669914110089234,0.8033008588991076,0.999753459694235
769,C,lambda_1,yoshida4,controlled_q0.050_phi4.712388980385,controlled,0.05,4.712388980385,1,0.08,not_identifiable,unresolved,False,mixed,False,-1.734723475976807e-16,2.453269466693398e-16,-4.187992942670205e-16,2.4050138669946347e-16,-4.825559969876343e-18,-4.139737342971442e-16,0.011522368914976332,0.9884776310850236,0.999753459694235
706,C,lambda_1,yoshida4,controlled_q0.050_phi0.000000000000,controlled,0.05,0.0,-1,0.12,not_identifiable,unresolved,False,mixed,False,3.656826939138108e-16,3.2710259555911977e-16,3.858009835469101e-17,3.2066851559928463e-16,-6.43407995983514e-18,4.501417831452615e-17,0.1667719947389095,0.8332280052610905,0.9986210992623913
707,C,lambda_1,yoshida4,controlled_q0.050_phi1.570796326795,controlled,0.05,1.570796326795,-1,0.12,not_identifiable,unresolved,False,mixed,False,5.782411586589358e-16,3.2710259555911977e-16,2.51138563099816e-16,3.2066851559928463e-16,-6.43407995983514e-18,2.5757264305965114e-16,0.025619641525454973,0.9743803584745451,0.9986210992623913
708,C,lambda_1,yoshida4,controlled_q0.050_phi3.141592653590,controlled,0.05,3.14159265359,-1,0.12,not_identifiable,unresolved,False,mixed,False,2.231019780926049e-16,3.2710259555911977e-16,-1.0400061746651488e-16,3.2066851559928463e-16,-6.43407995983514e-18,-9.756653750667974e-17,0.06186578615176706,0.9381342138482329,0.9986210992623913
709,C,lambda_1,yoshida4,controlled_q0.050_phi4.712388980385,controlled,0.05,4.712388980385,-1,0.12,not_identifiable,unresolved,False,mixed,False,1.1564823173178715e-16,3.2710259555911977e-16,-2.1145436382733262e-16,3.2066851559928463e-16,-6.43407995983514e-18,-2.0502028386749748e-16,0.030427747355874005,0.9695722526441259,0.9986210992623913
778,C,lambda_1,yoshida4,controlled_q0.050_phi0.000000000000,controlled,0.05,0.0,1,0.12,not_identifiable,unresolved,False,mixed,False,3.656826939138108e-16,3.2710259555911977e-16,3.858009835469101e-17,3.2066851559928463e-16,-6.43407995983514e-18,4.501417831452615e-17,0.1667719947389095,0.8332280052610905,0.9986210992623913
779,C,lambda_1,yoshida4,controlled_q0.050_phi1.570796326795,controlled,0.05,1.570796326795,1,0.12,not_identifiable,unresolved,False,mixed,False,1.1564823173178715e-16,3.2710259555911977e-16,-2.1145436382733262e-16,3.2066851559928463e-16,-6.43407995983514e-18,-2.0502028386749748e-16,0.030427747355874005,0.9695722526441259,0.9986210992623913
780,C,lambda_1,yoshida4,controlled_q0.050_phi3.141592653590,controlled,0.05,3.14159265359,1,0.12,not_identifiable,unresolved,False,mixed,False,2.231019780926048e-16,3.2710259555911977e-16,-1.0400061746651498e-16,3.2066851559928463e-16,-6.43407995983514e-18,-9.756653750667984e-17,0.06186578615176701,0.938134213848233,0.9986210992623913
781,C,lambda_1,yoshida4,controlled_q0.050_phi4.712388980385,controlled,0.05,4.712388980385,1,0.12,not_identifiable,unresolved,False,mixed,False,5.782411586589358e-16,3.2710259555911977e-16,2.51138563099816e-16,3.2066851559928463e-16,-6.43407995983514e-18,2.5757264305965114e-16,0.025619641525454973,0.9743803584745451,0.9986210992623913
718,C,lambda_1,yoshida4,controlled_q0.050_phi0.000000000000,controlled,0.05,0.0,-1,0.18,not_identifiable,unresolved,False,mixed,False,-5.887846720064156e-16,-6.542051911182395e-16,6.542051911182396e-17,-6.413370311985693e-16,1.286815991967028e-17,5.255235919215368e-17,0.19669914110089226,0.8033008588991077,0.9888234466265193
719,C,lambda_1,yoshida4,controlled_q0.050_phi1.570796326795,controlled,0.05,1.570796326795,-1,0.18,not_identifiable,unresolved,False,mixed,False,-5.396917480816734e-16,-6.542051911182395e-16,1.1451344303656616e-16,-6.413370311985693e-16,1.286815991967028e-17,1.0164528311689588e-16,0.11237248290195283,0.8876275170980472,0.9888234466265193
720,C,lambda_1,yoshida4,controlled_q0.050_phi3.141592653590,controlled,0.05,3.14159265359,-1,0.18,not_identifiable,unresolved,False,mixed,False,-5.887846720064157e-16,-6.542051911182395e-16,6.542051911182386e-17,-6.413370311985693e-16,1.286815991967028e-17,5.2552359192153584e-17,0.19669914110089254,0.8033008588991075,0.9888234466265193
721,C,lambda_1,yoshida4,controlled_q0.050_phi4.712388980385,controlled,0.05,4.712388980385,-1,0.18,not_identifiable,unresolved,False,mixed,False,-8.480870326997724e-16,-6.542051911182395e-16,-1.9388184158153287e-16,-6.413370311985693e-16,1.286815991967028e-17,-2.0675000150120315e-16,0.06637114551162776,0.9336288544883722,0.9888234466265193
790,C,lambda_1,yoshida4,controlled_q0.050_phi0.000000000000,controlled,0.05,0.0,1,0.18,not_identifiable,unresolved,False,mixed,False,-5.887846720064157e-16,-6.542051911182395e-16,6.542051911182386e-17,-6.027876206213069e-16,5.141757049693267e-17,1.4002948614891194e-17,0.7859547920896832,0.21404520791031678,0.8204975757201954
791,C,lambda_1,yoshida4,controlled_q0.050_phi1.570796326795,controlled,0.05,1.570796326795,1,0.18,not_identifiable,unresolved,False,mixed,False,-7.709882115452476e-16,-6.542051911182395e-16,-1.1678302042700809e-16,-6.027876206213069e-16,5.141757049693267e-17,-1.6820059092394076e-16,0.4402829307627796,0.5597170692372204,0.8204975757201954
792,C,lambda_1,yoshida4,controlled_q0.050_phi3.141592653590,controlled,0.05,3.14159265359,1,0.18,not_identifiable,unresolved,False,mixed,False,-5.887846720064157e-16,-6.542051911182395e-16,6.542051911182386e-17,-6.027876206213069e-16,5.141757049693267e-17,1.4002948614891194e-17,0.7859547920896832,0.21404520791031678,0.8204975757201954
793,C,lambda_1,yoshida4,controlled_q0.050_phi4.712388980385,controlled,0.05,4.712388980385,1,0.18,not_identifiable,unresolved,False,mixed,False,-4.625929269271486e-16,-6.542051911182395e-16,1.9161226419109094e-16,-6.027876206213069e-16,5.141757049693267e-17,1.4019469369415827e-16,0.268341751056472,0.7316582489435279,0.8204975757201954
730,C,lambda_1,yoshida4,controlled_q0.050_phi0.000000000000,controlled,0.05,0.0,-1,0.27,not_identifiable,unresolved,False,mixed,False,3.250512834789429e-16,2.9075786271921755e-16,3.429342075972535e-17,2.5933907348118915e-16,-3.14187892380284e-17,6.571220999775375e-17,0.9161754220485069,0.08382457795149312,0.6710034741473895
731,C,lambda_1,yoshida4,controlled_q0.050_phi1.570796326795,controlled,0.05,1.570796326795,-1,0.27,not_identifiable,unresolved,False,mixed,False,2.5699607051508254e-16,2.9075786271921755e-16,-3.376179220413501e-17,2.5933907348118915e-16,-3.14187892380284e-17,-2.3430029661066072e-18,0.930601937481872,0.06939806251812797,0.6710034741473895
732,C,lambda_1,yoshida4,controlled_q0.050_phi3.141592653590,controlled,0.05,3.14159265359,-1,0.27,not_identifiable,unresolved,False,mixed,False,1.9831286941564868e-16,2.9075786271921755e-16,-9.244499330356886e-17,2.5933907348118915e-16,-3.14187892380284e-17,-6.102620406554046e-17,0.33986469267033276,0.6601353073296672,0.6710034741473895
733,C,lambda_1,yoshida4,controlled_q0.050_phi4.712388980385,controlled,0.05,4.712388980385,-1,0.27,not_identifiable,unresolved,False,mixed,False,2.5699607051508254e-16,2.9075786271921755e-16,-3.376179220413501e-17,2.5933907348118915e-16,-3.14187892380284e-17,-2.3430029661066072e-18,0.930601937481872,0.06939806251812797,0.6710034741473895
802,C,lambda_1,yoshida4,controlled_q0.050_phi0.000000000000,controlled,0.05,0.0,1,0.27,not_identifiable,unresolved,False,mixed,False,3.250512834789429e-16,2.9075786271921755e-16,3.429342075972535e-17,2.5933907348118915e-16,-3.14187892380284e-17,6.571220999775375e-17,0.9161754220485069,0.08382457795149312,0.6710034741473895
803,C,lambda_1,yoshida4,controlled_q0.050_phi1.570796326795,controlled,0.05,1.570796326795,1,0.27,not_identifiable,unresolved,False,mixed,False,2.5699607051508254e-16,2.9075786271921755e-16,-3.376179220413501e-17,2.5933907348118915e-16,-3.14187892380284e-17,-2.3430029661066072e-18,0.930601937481872,0.06939806251812797,0.6710034741473895
804,C,lambda_1,yoshida4,controlled_q0.050_phi3.141592653590,controlled,0.05,3.14159265359,1,0.27,not_identifiable,unresolved,False,mixed,False,1.9831286941564868e-16,2.9075786271921755e-16,-9.244499330356886e-17,2.5933907348118915e-16,-3.14187892380284e-17,-6.102620406554046e-17,0.33986469267033276,0.6601353073296672,0.6710034741473895
805,C,lambda_1,yoshida4,controlled_q0.050_phi4.712388980385,controlled,0.05,4.712388980385,1,0.27,not_identifiable,unresolved,False,mixed,False,2.5699607051508254e-16,2.9075786271921755e-16,-3.376179220413501e-17,2.5933907348118915e-16,-3.14187892380284e-17,-2.3430029661066072e-18,0.930601937481872,0.06939806251812797,0.6710034741473895
742,C,lambda_1,yoshida4,controlled_q0.050_phi0.000000000000,controlled,0.05,0.0,-1,0.4,not_identifiable,unresolved,False,mixed,False,-3.532708032038493e-16,-3.9252311467094373e-16,3.925231146709445e-17,-3.5010774919960535e-16,4.241536547133838e-17,-3.163054004243932e-18,1.0805826175840765,-0.08058261758407648,0.5733258582489004
743,C,lambda_1,yoshida4,controlled_q0.050_phi1.570796326795,controlled,0.05,1.570796326795,-1,0.4,not_identifiable,unresolved,False,mixed,False,-4.163336342344337e-16,-3.9252311467094373e-16,-2.3810519563489973e-17,-3.5010774919960535e-16,4.241536547133838e-17,-6.622588503482835e-17,1.7813708498984742,-0.7813708498984742,0.5733258582489004
744,C,lambda_1,yoshida4,controlled_q0.050_phi3.141592653590,controlled,0.05,3.14159265359,-1,0.4,not_identifiable,unresolved,False,mixed,False,-3.5327080320384933e-16,-3.9252311467094373e-16,3.92523114670944e-17,-3.5010774919960535e-16,4.241536547133838e-17,-3.1630540042439814e-18,1.0805826175840778,-0.08058261758407781,0.5733258582489004
745,C,lambda_1,yoshida4,controlled_q0.050_phi4.712388980385,controlled,0.05,4.712388980385,-1,0.4,not_identifiable,unresolved,False,mixed,False,-2.7755575615628914e-16,-3.9252311467094373e-16,1.149673585146546e-16,-3.5010774919960535e-16,4.241536547133838e-17,7.255199304331622e-17,0.3689339828220181,0.6310660171779818,0.5733258582489004
814,C,lambda_1,yoshida4,controlled_q0.050_phi0.000000000000,controlled,0.05,0.0,1,0.4,not_identifiable,unresolved,False,mixed,False,-3.5327080320384943e-16,-3.9252311467094373e-16,3.92523114670943e-17,-3.501077491996054e-16,4.241536547133833e-17,-3.1630540042440307e-18,1.0805826175840794,-0.08058261758407936,0.5733258582489006
815,C,lambda_1,yoshida4,controlled_q0.050_phi1.570796326795,controlled,0.05,1.570796326795,1,0.4,not_identifiable,unresolved,False,mixed,False,-2.7755575615628914e-16,-3.9252311467094373e-16,1.149673585146546e-16,-3.501077491996054e-16,4.241536547133833e-17,7.255199304331627e-17,0.3689339828220177,0.6310660171779823,0.5733258582489006
816,C,lambda_1,yoshida4,controlled_q0.050_phi3.141592653590,controlled,0.05,3.14159265359,1,0.4,not_identifiable,unresolved,False,mixed,False,-3.532708032038493e-16,-3.9252311467094373e-16,3.925231146709445e-17,-3.501077491996054e-16,4.241536547133833e-17,-3.1630540042438828e-18,1.0805826175840751,-0.08058261758407514,0.5733258582489006
817,C,lambda_1,yoshida4,controlled_q0.050_phi4.712388980385,controlled,0.05,4.712388980385,1,0.4,not_identifiable,unresolved,False,mixed,False,-4.163336342344337e-16,-3.9252311467094373e-16,-2.3810519563489973e-17,-3.501077491996054e-16,4.241536547133833e-17,-6.62258850348283e-17,1.7813708498984722,-0.7813708498984722,0.5733258582489006
818,C,lambda_1.772983346207417,yoshida4,controlled_q0.001_phi0.000000000000,controlled,0.001,0.0,-1,0.05,fit_ok,resolved,True,E_state_hartree,True,-1.2527645371454195e-07,-8.797644719104493e-08,-3.730000652349702e-08,-8.780049430111529e-08,1.7595288992964606e-10,-3.7475959413426665e-08,0.004717234829940448,0.9952827651700595,0.999956134311639
819,C,lambda_1.772983346207417,yoshida4,controlled_q0.001_phi1.570796326795,controlled,0.001,1.570796326795,-1,0.05,fit_ok,resolved,True,mixed,True,-9.045487019132548e-08,-8.797644719104493e-08,-2.478423000280543e-09,-8.780049430111529e-08,1.7595288992964606e-10,-2.6543758902101893e-09,0.07099389002996229,0.9290061099700377,0.999956134311639
820,C,lambda_1.772983346207417,yoshida4,controlled_q0.001_phi3.141592653590,controlled,0.001,3.14159265359,-1,0.05,fit_ok,resolved,True,E_state_hartree,True,-5.0324534878783824e-08,-8.797644719104493e-08,3.765191231226111e-08,-8.780049430111529e-08,1.7595288992964606e-10,3.747595942233146e-08,0.004673146173039081,0.995326853826961,0.999956134311639
821,C,lambda_1.772983346207417,yoshida4,controlled_q0.001_phi4.712388980385,controlled,0.001,4.712388980385,-1,0.05,fit_ok,resolved,True,mixed,True,-8.51461184198099e-08,-8.797644719104493e-08,2.830328771235031e-09,-8.780049430111529e-08,1.7595288992964606e-10,2.654375881305385e-09,0.06216694389636861,0.9378330561036314,0.999956134311639
890,C,lambda_1.772983346207417,yoshida4,controlled_q0.001_phi0.000000000000,controlled,0.001,0.0,1,0.05,fit_ok,resolved,True,E_state_hartree,True,-1.2527645371454195e-07,-8.797644719104493e-08,-3.730000652349702e-08,-8.780049430111529e-08,1.7595288992964606e-10,-3.7475959413426665e-08,0.004717234829940448,0.9952827651700595,0.9999561343116389
891,C,lambda_1.772983346207417,yoshida4,controlled_q0.001_phi1.570796326795,controlled,0.001,1.570796326795,1,0.05,fit_ok,resolved,True,mixed,True,-8.51461184198099e-08,-8.797644719104493e-08,2.830328771235031e-09,-8.780049430111529e-08,1.7595288992964606e-10,2.654375881305385e-09,0.06216694389636861,0.9378330561036314,0.9999561343116389
892,C,lambda_1.772983346207417,yoshida4,controlled_q0.001_phi3.141592653590,controlled,0.001,3.14159265359,1,0.05,fit_ok,resolved,True,E_state_hartree,True,-5.032453487878384e-08,-8.797644719104493e-08,3.7651912312261095e-08,-8.780049430111529e-08,1.7595288992964606e-10,3.747595942233145e-08,0.004673146173039083,0.995326853826961,0.9999561343116389
893,C,lambda_1.772983346207417,yoshida4,controlled_q0.001_phi4.712388980385,controlled,0.001,4.712388980385,1,0.05,fit_ok,resolved,True,mixed,True,-9.045487019132548e-08,-8.797644719104493e-08,-2.478423000280543e-09,-8.780049430111529e-08,1.7595288992964606e-10,-2.6543758902101893e-09,0.07099389002996229,0.9290061099700377,0.9999561343116389
830,C,lambda_1.772983346207417,yoshida4,controlled_q0.001_phi0.000000000000,controlled,0.001,0.0,-1,0.08,fit_ok,resolved,True,E_state_hartree,True,-8.089423418794705e-07,-5.658439724653009e-07,-2.4309836941416953e-07,-5.647122845142142e-07,1.131687951086752e-09,-2.442300573652563e-07,0.004655267552036444,0.9953447324479635,0.9999576068316145
831,C,lambda_1.772983346207417,yoshida4,controlled_q0.001_phi1.570796326795,controlled,0.001,1.570796326795,-1,0.08,fit_ok,resolved,True,mixed,True,-5.924622624529224e-07,-5.658439724653009e-07,-2.6618289987621514e-08,-5.647122845142142e-07,1.131687951086752e-09,-2.7749977938708266e-08,0.04251542648355806,0.9574845735164419,0.9999576068316145
832,C,lambda_1.772983346207417,yoshida4,controlled_q0.001_phi3.141592653590,controlled,0.001,3.14159265359,-1,0.08,fit_ok,resolved,True,E_state_hartree,True,-3.2048222716127047e-07,-5.658439724653009e-07,2.4536174530403046e-07,-5.647122845142142e-07,1.131687951086752e-09,2.442300573529437e-07,0.004612324344548759,0.9953876756554513,0.9999576068316145
833,C,lambda_1.772983346207417,yoshida4,controlled_q0.001_phi4.712388980385,controlled,0.001,4.712388980385,-1,0.08,fit_ok,resolved,True,mixed,True,-5.369623065631934e-07,-5.658439724653009e-07,2.888166590210749e-08,-5.647122845142142e-07,1.131687951086752e-09,2.7749977951020737e-08,0.03918361063113651,0.9608163893688635,0.9999576068316145
902,C,lambda_1.772983346207417,yoshida4,controlled_q0.001_phi0.000000000000,controlled,0.001,0.0,1,0.08,fit_ok,resolved,True,E_state_hartree,True,-8.089423418794705e-07,-5.658439724653009e-07,-2.4309836941416953e-07,-5.647122845142142e-07,1.131687951086752e-09,-2.442300573652563e-07,0.004655267552036444,0.9953447324479635,0.9999576068316145
903,C,lambda_1.772983346207417,yoshida4,controlled_q0.001_phi1.570796326795,controlled,0.001,1.570796326795,1,0.08,fit_ok,resolved,True,mixed,True,-5.369623065631934e-07,-5.658439724653009e-07,2.888166590210749e-08,-5.647122845142142e-07,1.131687951086752e-09,2.7749977951020737e-08,0.03918361063113651,0.9608163893688635,0.9999576068316145
904,C,lambda_1.772983346207417,yoshida4,controlled_q0.001_phi3.141592653590,controlled,0.001,3.14159265359,1,0.08,fit_ok,resolved,True,E_state_hartree,True,-3.2048222716127036e-07,-5.658439724653009e-07,2.4536174530403056e-07,-5.647122845142142e-07,1.131687951086752e-09,2.442300573529438e-07,0.004612324344548758,0.9953876756554513,0.9999576068316145
905,C,lambda_1.772983346207417,yoshida4,controlled_q0.001_phi4.712388980385,controlled,0.001,4.712388980385,1,0.08,fit_ok,resolved,True,mixed,True,-5.924622624529224e-07,-5.658439724653009e-07,-2.6618289987621514e-08,-5.647122845142142e-07,1.131687951086752e-09,-2.7749977938708266e-08,0.04251542648355806,0.9574845735164419,0.9999576068316145
842,C,lambda_1.772983346207417,yoshida4,controlled_q0.001_phi0.000000000000,controlled,0.001,0.0,-1,0.12,fit_ok,resolved,True,E_state_hartree,True,-3.9707826408950155e-06,-2.7540706521341513e-06,-1.2167119887608643e-06,-2.7485625108297564e-06,5.508141304394823e-09,-1.2222201300652591e-06,0.004527070790191258,0.9954729292098088,0.999960540102173
843,C,lambda_1.772983346207417,yoshida4,controlled_q0.001_phi1.570796326795,controlled,0.001,1.570796326795,-1,0.12,fit_ok,resolved,True,mixed,True,-2.9579945634543537e-06,-2.7540706521341513e-06,-2.0392391132020248e-07,-2.7485625108297564e-06,5.508141304394823e-09,-2.094320526245973e-07,0.027010767245170715,0.9729892327548293,0.999960540102173
844,C,lambda_1.772983346207417,yoshida4,controlled_q0.001_phi3.141592653590,controlled,0.001,3.14159265359,-1,0.12,fit_ok,resolved,True,E_state_hartree,True,-1.5263423807647559e-06,-2.7540706521341513e-06,1.2277282713693954e-06,-2.7485625108297564e-06,5.508141304394823e-09,1.2222201300650006e-06,0.004486449838164188,0.9955135501618358,0.999960540102173
845,C,lambda_1.772983346207417,yoshida4,controlled_q0.001_phi4.712388980385,controlled,0.001,4.712388980385,-1,0.12,fit_ok,resolved,True,mixed,True,-2.5391304582049008e-06,-2.7540706521341513e-06,2.1494019392925047e-07,-2.7485625108297564e-06,5.508141304394823e-09,2.0943205262485564e-07,0.025626390316777502,0.9743736096832225,0.999960540102173
914,C,lambda_1.772983346207417,yoshida4,controlled_q0.001_phi0.000000000000,controlled,0.001,0.0,1,0.12,fit_ok,resolved,True,E_state_hartree,True,-3.9707826408950155e-06,-2.7540706521341513e-06,-1.2167119887608643e-06,-2.7485625108297564e-06,5.508141304394823e-09,-1.2222201300652591e-06,0.004527070790191258,0.9954729292098088,0.9999605401021731
915,C,lambda_1.772983346207417,yoshida4,controlled_q0.001_phi1.570796326795,controlled,0.001,1.570796326795,1,0.12,fit_ok,resolved,True,mixed,True,-2.5391304582049008e-06,-2.7540706521341513e-06,2.1494019392925047e-07,-2.7485625108297564e-06,5.508141304394823e-09,2.0943205262485564e-07,0.025626390316777502,0.9743736096832225,0.9999605401021731
916,C,lambda_1.772983346207417,yoshida4,controlled_q0.001_phi3.141592653590,controlled,0.001,3.14159265359,1,0.12,fit_ok,resolved,True,E_state_hartree,True,-1.5263423807647563e-06,-2.7540706521341513e-06,1.227728271369395e-06,-2.7485625108297564e-06,5.508141304394823e-09,1.2222201300650001e-06,0.00448644983816419,0.9955135501618358,0.9999605401021731
917,C,lambda_1.772983346207417,yoshida4,controlled_q0.001_phi4.712388980385,controlled,0.001,4.712388980385,1,0.12,fit_ok,resolved,True,mixed,True,-2.9579945634543537e-06,-2.7540706521341513e-06,-2.0392391132020248e-07,-2.7485625108297564e-06,5.508141304394823e-09,-2.094320526245973e-07,0.027010767245170715,0.9729892327548293,0.9999605401021731
854,C,lambda_1.772983346207417,yoshida4,controlled_q0.001_phi0.000000000000,controlled,0.001,0.0,-1,0.18,fit_ok,resolved,True,E_state_hartree,True,-1.870508435968684e-05,-1.270324563765307e-05,-6.001838722033771e-06,-1.2677839146380225e-05,2.5406491272844285e-08,-6.027245213306615e-06,0.00423311795759735,0.9957668820424026,0.9999667175241093
855,C,lambda_1.772983346207417,yoshida4,controlled_q0.001_phi1.570796326795,controlled,0.001,1.570796326795,-1,0.18,fit_ok,resolved,True,mixed,True,-1.4246148015448058e-05,-1.270324563765307e-05,-1.5429023777949893e-06,-1.2677839146380225e-05,2.5406491272844285e-08,-1.5683088690678335e-06,0.016466687483594075,0.983533312516406,0.9999667175241093
856,C,lambda_1.772983346207417,yoshida4,controlled_q0.001_phi3.141592653590,controlled,0.001,3.14159265359,-1,0.18,fit_ok,resolved,True,E_state_hartree,True,-6.65059393306869e-06,-1.270324563765307e-05,6.052651704584379e-06,-1.2677839146380225e-05,2.5406491272844285e-08,6.0272452133115346e-06,0.004197580252899897,0.9958024197471002,0.9999667175241093
857,C,lambda_1.772983346207417,yoshida4,controlled_q0.001_phi4.712388980385,controlled,0.001,4.712388980385,-1,0.18,fit_ok,resolved,True,mixed,True,-1.1109530277317314e-05,-1.270324563765307e-05,1.5937153603357549e-06,-1.2677839146380225e-05,2.5406491272844285e-08,1.5683088690629106e-06,0.01594167434484147,0.9840583256551585,0.9999667175241093
926,C,lambda_1.772983346207417,yoshida4,controlled_q0.001_phi0.000000000000,controlled,0.001,0.0,1,0.18,fit_ok,resolved,True,E_state_hartree,True,-1.870508435968684e-05,-1.270324563765307e-05,-6.001838722033771e-06,-1.2677839146380225e-05,2.5406491272844285e-08,-6.027245213306615e-06,0.00423311795759735,0.9957668820424026,0.9999667175241093
927,C,lambda_1.772983346207417,yoshida4,controlled_q0.001_phi1.570796326795,controlled,0.001,1.570796326795,1,0.18,fit_ok,resolved,True,mixed,True,-1.1109530277317314e-05,-1.270324563765307e-05,1.5937153603357549e-06,-1.2677839146380225e-05,2.5406491272844285e-08,1.5683088690629106e-06,0.01594167434484147,0.9840583256551585,0.9999667175241093
928,C,lambda_1.772983346207417,yoshida4,controlled_q0.001_phi3.141592653590,controlled,0.001,3.14159265359,1,0.18,fit_ok,resolved,True,E_state_hartree,True,-6.65059393306869e-06,-1.270324563765307e-05,6.052651704584379e-06,-1.2677839146380225e-05,2.5406491272844285e-08,6.0272452133115346e-06,0.004197580252899897,0.9958024197471002,0.9999667175241093
929,C,lambda_1.772983346207417,yoshida4,controlled_q0.001_phi4.712388980385,controlled,0.001,4.712388980385,1,0.18,fit_ok,resolved,True,mixed,True,-1.4246148015448058e-05,-1.270324563765307e-05,-1.5429023777949893e-06,-1.2677839146380225e-05,2.5406491272844285e-08,-1.5683088690678335e-06,0.016466687483594075,0.983533312516406,0.9999667175241093
866,C,lambda_1.772983346207417,yoshida4,controlled_q0.001_phi0.000000000000,controlled,0.001,0.0,-1,0.27,fit_ok,resolved,True,E_state_hartree,True,-7.931281597868023e-05,-5.068876902915718e-05,-2.8624046949523048e-05,-5.058739149109502e-05,1.0137753806216464e-07,-2.8725424487585212e-05,0.0035416913003579967,0.996458308699642,0.9999785488869567
867,C,lambda_1.772983346207417,yoshida4,controlled_q0.001_phi1.570796326795,controlled,0.001,1.570796326795,-1,0.27,fit_ok,resolved,True,mixed,True,-6.21219453414192e-05,-5.068876902915718e-05,-1.1433176312262015e-05,-5.058739149109502e-05,1.0137753806216464e-07,-1.153455385032418e-05,0.00886696183924303,0.9911330381607569,0.9999785488869567
868,C,lambda_1.772983346207417,yoshida4,controlled_q0.001_phi3.141592653590,controlled,0.001,3.14159265359,-1,0.27,fit_ok,resolved,True,E_state_hartree,True,-2.186196700351751e-05,-5.068876902915718e-05,2.8826802025639672e-05,-5.058739149109502e-05,1.0137753806216464e-07,2.8725424487577508e-05,0.0035167805978615157,0.9964832194021385,0.9999785488869567
869,C,lambda_1.772983346207417,yoshida4,controlled_q0.001_phi4.712388980385,controlled,0.001,4.712388980385,-1,0.27,fit_ok,resolved,True,mixed,True,-3.9052837640763146e-05,-5.068876902915718e-05,1.1635931388394035e-05,-5.058739149109502e-05,1.0137753806216464e-07,1.153455385033187e-05,0.008712455812800777,0.9912875441871992,0.9999785488869567
938,C,lambda_1.772983346207417,yoshida4,controlled_q0.001_phi0.000000000000,controlled,0.001,0.0,1,0.27,fit_ok,resolved,True,E_state_hartree,True,-7.931281597868023e-05,-5.068876902915718e-05,-2.8624046949523048e-05,-5.058739149109502e-05,1.0137753806216464e-07,-2.8725424487585212e-05,0.0035416913003579967,0.996458308699642,0.9999785488869567
939,C,lambda_1.772983346207417,yoshida4,controlled_q0.001_phi1.570796326795,controlled,0.001,1.570796326795,1,0.27,fit_ok,resolved,True,mixed,True,-3.9052837640763146e-05,-5.068876902915718e-05,1.1635931388394035e-05,-5.058739149109502e-05,1.0137753806216464e-07,1.153455385033187e-05,0.008712455812800777,0.9912875441871992,0.9999785488869567
940,C,lambda_1.772983346207417,yoshida4,controlled_q0.001_phi3.141592653590,controlled,0.001,3.14159265359,1,0.27,fit_ok,resolved,True,E_state_hartree,True,-2.1861967003517506e-05,-5.068876902915718e-05,2.8826802025639676e-05,-5.058739149109502e-05,1.0137753806216464e-07,2.872542448757751e-05,0.0035167805978615152,0.9964832194021385,0.9999785488869567
941,C,lambda_1.772983346207417,yoshida4,controlled_q0.001_phi4.712388980385,controlled,0.001,4.712388980385,1,0.27,fit_ok,resolved,True,mixed,True,-6.21219453414192e-05,-5.068876902915718e-05,-1.1433176312262015e-05,-5.058739149109502e-05,1.0137753806216464e-07,-1.153455385032418e-05,0.00886696183924303,0.9911330381607569,0.9999785488869567
878,C,lambda_1.772983346207417,yoshida4,controlled_q0.001_phi0.000000000000,controlled,0.001,0.0,-1,0.4,fit_ok,resolved,True,E_state_hartree,True,-0.00023435289612537872,-0.00011383767216153647,-0.00012051522396384224,-0.00011360999681721322,2.2767534432325306e-07,-0.0001207428993081655,0.0018891832652741176,0.9981108167347259,0.9999949318515484
879,C,lambda_1.772983346207417,yoshida4,controlled_q0.001_phi1.570796326795,controlled,0.001,1.570796326795,-1,0.4,fit_ok,resolved,True,mixed,True,-0.0001902694370545157,-0.00011383767216153647,-7.643176489297922e-05,-0.00011360999681721322,2.2767534432325306e-07,-7.665944023730248e-05,0.0029788052734625076,0.9970211947265375,0.9999949318515484
880,C,lambda_1.772983346207417,yoshida4,controlled_q0.001_phi3.141592653590,controlled,0.001,3.14159265359,-1,0.4,fit_ok,resolved,True,E_state_hartree,True,7.132902490951314e-06,-0.00011383767216153647,0.00012097057465248779,-0.00011360999681721322,2.2767534432325306e-07,0.00012074289930816453,0.0018820721070169015,0.9981179278929831,0.9999949318515484
881,C,lambda_1.772983346207417,yoshida4,controlled_q0.001_phi4.712388980385,controlled,0.001,4.712388980385,-1,0.4,fit_ok,resolved,True,mixed,True,-3.695055657990977e-05,-0.00011383767216153647,7.68871155816267e-05,-0.00011360999681721322,2.2767534432325306e-07,7.665944023730345e-05,0.002961163812700751,0.9970388361872993,0.9999949318515484
950,C,lambda_1.772983346207417,yoshida4,controlled_q0.001_phi0.000000000000,controlled,0.001,0.0,1,0.4,fit_ok,resolved,True,E_state_hartree,True,-0.00023435289612537872,-0.00011383767216153647,-0.00012051522396384224,-0.0001136099968172132,2.2767534432328017e-07,-0.00012074289930816552,0.0018891832652743424,0.9981108167347257,0.9999949318515484
951,C,lambda_1.772983346207417,yoshida4,controlled_q0.001_phi1.570796326795,controlled,0.001,1.570796326795,1,0.4,fit_ok,resolved,True,mixed,True,-3.695055657990977e-05,-0.00011383767216153647,7.68871155816267e-05,-0.0001136099968172132,2.2767534432328017e-07,7.665944023730343e-05,0.0029611638127011036,0.9970388361872989,0.9999949318515484
952,C,lambda_1.772983346207417,yoshida4,controlled_q0.001_phi3.141592653590,controlled,0.001,3.14159265359,1,0.4,fit_ok,resolved,True,E_state_hartree,True,7.1329024909513945e-06,-0.00011383767216153647,0.00012097057465248787,-0.0001136099968172132,2.2767534432328017e-07,0.00012074289930816459,0.0018820721070171242,0.9981179278929829,0.9999949318515484
953,C,lambda_1.772983346207417,yoshida4,controlled_q0.001_phi4.712388980385,controlled,0.001,4.712388980385,1,0.4,fit_ok,resolved,True,mixed,True,-0.0001902694370545157,-0.00011383767216153647,-7.643176489297922e-05,-0.0001136099968172132,2.2767534432328017e-07,-7.66594402373025e-05,0.0029788052734628623,0.9970211947265372,0.9999949318515484
822,C,lambda_1.772983346207417,yoshida4,controlled_q0.010_phi0.000000000000,controlled,0.01,0.0,-1,0.05,fit_ok,resolved,True,E_state_hartree,True,-2.0419127367252027e-07,-8.797644719104493e-08,-1.1621482648147534e-07,-8.621691828705545e-08,1.7595289039894864e-09,-1.1797435538546483e-07,0.015140313480311012,0.984859686519689,0.9995575317711018
823,C,lambda_1.772983346207417,yoshida4,controlled_q0.010_phi1.570796326795,controlled,0.01,1.570796326795,-1,0.05,fit_ok,resolved,True,mixed,True,-9.4572895903422e-08,-8.797644719104493e-08,-6.596448712377061e-09,-8.621691828705545e-08,1.7595289039894864e-09,-8.355977616366548e-09,0.26673881367227853,0.7332611863277214,0.9995575317711018
824,C,lambda_1.772983346207417,yoshida4,controlled_q0.010_phi3.141592653590,controlled,0.01,3.14159265359,-1,0.05,fit_ok,resolved,True,E_state_hartree,True,3.175743717807212e-08,-8.797644719104493e-08,1.1973388436911706e-07,-8.621691828705545e-08,1.7595289039894864e-09,1.1797435546512757e-07,0.014695329674306644,0.9853046703256934,0.9995575317711018
825,C,lambda_1.772983346207417,yoshida4,controlled_q0.010_phi4.712388980385,controlled,0.01,4.712388980385,-1,0.05,fit_ok,resolved,True,mixed,True,-7.786094075035166e-08,-8.797644719104493e-08,1.0115506440693274e-08,-8.621691828705545e-08,1.7595289039894864e-09,8.355977536703787e-09,0.17394372830520347,0.8260562716947966,0.9995575317711018
894,C,lambda_1.772983346207417,yoshida4,controlled_q0.010_phi0.000000000000,controlled,0.01,0.0,1,0.05,fit_ok,resolved,True,E_state_hartree,True,-2.0419127367252027e-07,-8.797644719104493e-08,-1.1621482648147534e-07,-8.621691828705545e-08,1.7595289039894864e-09,-1.1797435538546483e-07,0.015140313480311012,0.984859686519689,0.9995575317711018
895,C,lambda_1.772983346207417,yoshida4,controlled_q0.010_phi1.570796326795,controlled,0.01,1.570796326795,1,0.05,fit_ok,resolved,True,mixed,True,-7.786094075035166e-08,-8.797644719104493e-08,1.0115506440693274e-08,-8.621691828705545e-08,1.7595289039894864e-09,8.355977536703787e-09,0.17394372830520347,0.8260562716947966,0.9995575317711018
896,C,lambda_1.772983346207417,yoshida4,controlled_q0.010_phi3.141592653590,controlled,0.01,3.14159265359,1,0.05,fit_ok,resolved,True,E_state_hartree,True,3.175743717807213e-08,-8.797644719104493e-08,1.1973388436911706e-07,-8.621691828705545e-08,1.7595289039894864e-09,1.1797435546512757e-07,0.014695329674306644,0.9853046703256934,0.9995575317711018
897,C,lambda_1.772983346207417,yoshida4,controlled_q0.010_phi4.712388980385,controlled,0.01,4.712388980385,1,0.05,fit_ok,resolved,True,mixed,True,-9.4572895903422e-08,-8.797644719104493e-08,-6.596448712377061e-09,-8.621691828705545e-08,1.7595289039894864e-09,-8.355977616366548e-09,0.26673881367227853,0.7332611863277214,0.9995575317711018
834,C,lambda_1.772983346207417,yoshida4,controlled_q0.010_phi0.000000000000,controlled,0.01,0.0,-1,0.08,fit_ok,resolved,True,E_state_hartree,True,-1.323363542835526e-06,-5.658439724653009e-07,-7.575195703702251e-07,-5.545270930050395e-07,1.131687946026143e-08,-7.688364498304865e-07,0.014939388898864347,0.9850606111011356,0.9995723791974094
835,C,lambda_1.772983346207417,yoshida4,controlled_q0.010_phi1.570796326795,controlled,0.01,1.570796326795,-1,0.08,fit_ok,resolved,True,mixed,True,-6.418840497318667e-07,-5.658439724653009e-07,-7.604007726656582e-08,-5.545270930050395e-07,1.131687946026143e-08,-8.735695672682725e-08,0.1488278269443233,0.8511721730556767,0.9995723791974094
836,C,lambda_1.772983346207417,yoshida4,controlled_q0.010_phi3.141592653590,controlled,0.01,3.14159265359,-1,0.08,fit_ok,resolved,True,E_state_hartree,True,2.1430935680353573e-07,-5.658439724653009e-07,7.801533292688367e-07,-5.545270930050395e-07,1.131687946026143e-08,7.688364498085752e-07,0.014505968295831876,0.9854940317041682,0.9995723791974094
837,C,lambda_1.772983346207417,yoshida4,controlled_q0.010_phi4.712388980385,controlled,0.01,4.712388980385,-1,0.08,fit_ok,resolved,True,mixed,True,-4.6717013625630077e-07,-5.658439724653009e-07,9.867383620900015e-08,-5.545270930050395e-07,1.131687946026143e-08,8.735695674873872e-08,0.11468976878826573,0.8853102312117342,0.9995723791974094
906,C,lambda_1.772983346207417,yoshida4,controlled_q0.010_phi0.000000000000,controlled,0.01,0.0,1,0.08,fit_ok,resolved,True,E_state_hartree,True,-1.323363542835526e-06,-5.658439724653009e-07,-7.575195703702251e-07,-5.545270930050394e-07,1.1316879460261536e-08,-7.688364498304866e-07,0.014939388898864488,0.9850606111011355,0.9995723791974094
907,C,lambda_1.772983346207417,yoshida4,controlled_q0.010_phi1.570796326795,controlled,0.01,1.570796326795,1,0.08,fit_ok,resolved,True,mixed,True,-4.6717013625630077e-07,-5.658439724653009e-07,9.867383620900015e-08,-5.545270930050394e-07,1.1316879460261536e-08,8.735695674873862e-08,0.1146897687882668,0.8853102312117332,0.9995723791974094
908,C,lambda_1.772983346207417,yoshida4,controlled_q0.010_phi3.141592653590,controlled,0.01,3.14159265359,1,0.08,fit_ok,resolved,True,E_state_hartree,True,2.1430935680353583e-07,-5.658439724653009e-07,7.801533292688368e-07,-5.545270930050394e-07,1.1316879460261536e-08,7.688364498085752e-07,0.01450596829583201,0.9854940317041679,0.9995723791974094
909,C,lambda_1.772983346207417,yoshida4,controlled_q0.010_phi4.712388980385,controlled,0.01,4.712388980385,1,0.08,fit_ok,resolved,True,mixed,True,-6.418840497318667e-07,-5.658439724653009e-07,-7.604007726656582e-08,-5.545270930050394e-07,1.1316879460261536e-08,-8.735695672682736e-08,0.1488278269443247,0.8511721730556753,0.9995723791974094
846,C,lambda_1.772983346207417,yoshida4,controlled_q0.010_phi0.000000000000,controlled,0.01,0.0,-1,0.12,fit_ok,resolved,True,E_state_hartree,True,-6.54653935580615e-06,-2.7540706521341513e-06,-3.7924687036719984e-06,-2.698989239083797e-06,5.508141305035434e-08,-3.847550116722353e-06,0.01452389389450271,0.9854761061054973,0.9996019565468737
847,C,lambda_1.772983346207417,yoshida4,controlled_q0.010_phi1.570796326795,controlled,0.01,1.570796326795,-1,0.12,fit_ok,resolved,True,mixed,True,-3.3582815374064157e-06,-2.7540706521341513e-06,-6.042108852722644e-07,-2.698989239083797e-06,5.508141305035434e-08,-6.592922983226188e-07,0.09116256325890922,0.9088374367410907,0.9996019565468737
848,C,lambda_1.772983346207417,yoshida4,controlled_q0.010_phi3.141592653590,controlled,0.01,3.14159265359,-1,0.12,fit_ok,resolved,True,E_state_hartree,True,1.148560877623209e-06,-2.7540706521341513e-06,3.90263152975736e-06,-2.698989239083797e-06,5.508141305035434e-08,3.847550116707006e-06,0.014113915861736232,0.9858860841382637,0.9996019565468737
849,C,lambda_1.772983346207417,yoshida4,controlled_q0.010_phi4.712388980385,controlled,0.01,4.712388980385,-1,0.12,fit_ok,resolved,True,mixed,True,-2.0396969407458316e-06,-2.7540706521341513e-06,7.143737113883196e-07,-2.698989239083797e-06,5.508141305035434e-08,6.592922983379653e-07,0.07710447931140786,0.9228955206885922,0.9996019565468737
918,C,lambda_1.772983346207417,yoshida4,controlled_q0.010_phi0.000000000000,controlled,0.01,0.0,1,0.12,fit_ok,resolved,True,E_state_hartree,True,-6.54653935580615e-06,-2.7540706521341513e-06,-3.7924687036719984e-06,-2.698989239083797e-06,5.508141305035434e-08,-3.847550116722353e-06,0.01452389389450271,0.9854761061054973,0.9996019565468737
919,C,lambda_1.772983346207417,yoshida4,controlled_q0.010_phi1.570796326795,controlled,0.01,1.570796326795,1,0.12,fit_ok,resolved,True,mixed,True,-2.0396969407458316e-06,-2.7540706521341513e-06,7.143737113883196e-07,-2.698989239083797e-06,5.508141305035434e-08,6.592922983379653e-07,0.07710447931140786,0.9228955206885922,0.9996019565468737
920,C,lambda_1.772983346207417,yoshida4,controlled_q0.010_phi3.141592653590,controlled,0.01,3.14159265359,1,0.12,fit_ok,resolved,True,E_state_hartree,True,1.148560877623209e-06,-2.7540706521341513e-06,3.90263152975736e-06,-2.698989239083797e-06,5.508141305035434e-08,3.847550116707006e-06,0.014113915861736232,0.9858860841382637,0.9996019565468737
921,C,lambda_1.772983346207417,yoshida4,controlled_q0.010_phi4.712388980385,controlled,0.01,4.712388980385,1,0.12,fit_ok,resolved,True,mixed,True,-3.3582815374064157e-06,-2.7540706521341513e-06,-6.042108852722644e-07,-2.698989239083797e-06,5.508141305035434e-08,-6.592922983226188e-07,0.09116256325890922,0.9088374367410907,0.9996019565468737
858,C,lambda_1.772983346207417,yoshida4,controlled_q0.010_phi0.000000000000,controlled,0.01,0.0,-1,0.18,fit_ok,resolved,True,E_state_hartree,True,-3.142295431403211e-05,-1.270324563765307e-05,-1.8719708676379042e-05,-1.2449180724877435e-05,2.5406491277563444e-07,-1.897377358915468e-05,0.013572054841655702,0.9864279451583443,0.9996642511481872
859,C,lambda_1.772983346207417,yoshida4,controlled_q0.010_phi1.570796326795,controlled,0.01,1.570796326795,-1,0.18,fit_ok,resolved,True,mixed,True,-1.738621851680845e-05,-1.270324563765307e-05,-4.682972879155382e-06,-1.2449180724877435e-05,2.5406491277563444e-07,-4.937037791931016e-06,0.05425291141584775,0.9457470885841522,0.9996642511481872
860,C,lambda_1.772983346207417,yoshida4,controlled_q0.010_phi3.141592653590,controlled,0.01,3.14159265359,-1,0.18,fit_ok,resolved,True,E_state_hartree,True,6.5245928642320935e-06,-1.270324563765307e-05,1.9227838501885164e-05,-1.2449180724877435e-05,2.5406491277563444e-07,1.8973773589109528e-05,0.013213389157118468,0.9867866108428816,0.9996642511481872
861,C,lambda_1.772983346207417,yoshida4,controlled_q0.010_phi4.712388980385,controlled,0.01,4.712388980385,-1,0.18,fit_ok,resolved,True,mixed,True,-7.512142932901268e-06,-1.270324563765307e-05,5.191102704751801e-06,-1.2449180724877435e-05,2.5406491277563444e-07,4.937037791976166e-06,0.048942378378118004,0.951057621621882,0.9996642511481872
930,C,lambda_1.772983346207417,yoshida4,controlled_q0.010_phi0.000000000000,controlled,0.01,0.0,1,0.18,fit_ok,resolved,True,E_state_hartree,True,-3.142295431403211e-05,-1.270324563765307e-05,-1.8719708676379042e-05,-1.2449180724877436e-05,2.5406491277563275e-07,-1.8973773589154675e-05,0.013572054841655612,0.9864279451583444,0.9996642511481871
931,C,lambda_1.772983346207417,yoshida4,controlled_q0.010_phi1.570796326795,controlled,0.01,1.570796326795,1,0.18,fit_ok,resolved,True,mixed,True,-7.512142932901268e-06,-1.270324563765307e-05,5.191102704751801e-06,-1.2449180724877436e-05,2.5406491277563275e-07,4.937037791976168e-06,0.04894237837811768,0.9510576216218823,0.9996642511481871
932,C,lambda_1.772983346207417,yoshida4,controlled_q0.010_phi3.141592653590,controlled,0.01,3.14159265359,1,0.18,fit_ok,resolved,True,E_state_hartree,True,6.524592864232087e-06,-1.270324563765307e-05,1.9227838501885158e-05,-1.2449180724877436e-05,2.5406491277563275e-07,1.8973773589109525e-05,0.013213389157118385,0.9867866108428817,0.9996642511481871
933,C,lambda_1.772983346207417,yoshida4,controlled_q0.010_phi4.712388980385,controlled,0.01,4.712388980385,1,0.18,fit_ok,resolved,True,mixed,True,-1.738621851680845e-05,-1.270324563765307e-05,-4.682972879155382e-06,-1.2449180724877436e-05,2.5406491277563275e-07,-4.9370377919310145e-06,0.05425291141584739,0.9457470885841526,0.9996642511481871
870,C,lambda_1.772983346207417,yoshida4,controlled_q0.010_phi0.000000000000,controlled,0.01,0.0,-1,0.27,fit_ok,resolved,True,E_state_hartree,True,-0.00014010265689936912,-5.068876902915718e-05,-8.941388787021194e-05,-4.9674993648581465e-05,1.0137753805757168e-06,-9.042766325078766e-05,0.011338008051358362,0.9886619919486417,0.9997835809723006
871,C,lambda_1.772983346207417,yoshida4,controlled_q0.010_phi1.570796326795,controlled,0.01,1.570796326795,-1,0.27,fit_ok,resolved,True,mixed,True,-8.598577999662629e-05,-5.068876902915718e-05,-3.5297010967469104e-05,-4.9674993648581465e-05,1.0137753805757168e-06,-3.631078634804482e-05,0.02872128128668022,0.9712787187133198,0.9997835809723006
872,C,lambda_1.772983346207417,yoshida4,controlled_q0.010_phi3.141592653590,controlled,0.01,3.14159265359,-1,0.27,fit_ok,resolved,True,E_state_hartree,True,4.075266960222104e-05,-5.068876902915718e-05,9.144143863137823e-05,-4.9674993648581465e-05,1.0137753805757168e-06,9.042766325080251e-05,0.011086607950936576,0.9889133920490635,0.9997835809723006
873,C,lambda_1.772983346207417,yoshida4,controlled_q0.010_phi4.712388980385,controlled,0.01,4.712388980385,-1,0.27,fit_ok,resolved,True,mixed,True,-1.3364207300551487e-05,-5.068876902915718e-05,3.73245617286057e-05,-4.9674993648581465e-05,1.0137753805757168e-06,3.631078634802998e-05,0.02716107929001495,0.972838920709985,0.9997835809723006
942,C,lambda_1.772983346207417,yoshida4,controlled_q0.010_phi0.000000000000,controlled,0.01,0.0,1,0.27,fit_ok,resolved,True,E_state_hartree,True,-0.00014010265689936912,-5.068876902915718e-05,-8.941388787021194e-05,-4.9674993648581465e-05,1.0137753805757168e-06,-9.042766325078766e-05,0.011338008051358362,0.9886619919486417,0.9997835809723006
943,C,lambda_1.772983346207417,yoshida4,controlled_q0.010_phi1.570796326795,controlled,0.01,1.570796326795,1,0.27,fit_ok,resolved,True,mixed,True,-1.3364207300551487e-05,-5.068876902915718e-05,3.73245617286057e-05,-4.9674993648581465e-05,1.0137753805757168e-06,3.631078634802998e-05,0.02716107929001495,0.972838920709985,0.9997835809723006
944,C,lambda_1.772983346207417,yoshida4,controlled_q0.010_phi3.141592653590,controlled,0.01,3.14159265359,1,0.27,fit_ok,resolved,True,E_state_hartree,True,4.075266960222103e-05,-5.068876902915718e-05,9.14414386313782e-05,-4.9674993648581465e-05,1.0137753805757168e-06,9.042766325080249e-05,0.01108660795093658,0.9889133920490634,0.9997835809723006
945,C,lambda_1.772983346207417,yoshida4,controlled_q0.010_phi4.712388980385,controlled,0.01,4.712388980385,1,0.27,fit_ok,resolved,True,mixed,True,-8.598577999662629e-05,-5.068876902915718e-05,-3.5297010967469104e-05,-4.9674993648581465e-05,1.0137753805757168e-06,-3.631078634804482e-05,0.02872128128668022,0.9712787187133198,0.9997835809723006
882,C,lambda_1.772983346207417,yoshida4,controlled_q0.010_phi0.000000000000,controlled,0.01,0.0,-1,0.4,fit_ok,resolved,True,E_state_hartree,True,-0.0004916596790789655,-0.00011383767216153647,-0.00037782200691742897,-0.00011156091871830098,2.2767534432354986e-06,-0.00038009876036066445,0.006025994784716368,0.9939740052152837,0.9999488601309375
883,C,lambda_1.772983346207417,yoshida4,controlled_q0.010_phi1.570796326795,controlled,0.01,1.570796326795,-1,0.4,fit_ok,resolved,True,mixed,True,-0.0003528849085437935,-0.00011383767216153647,-0.00023904723638225702,-0.00011156091871830098,2.2767534432354986e-06,-0.0002413239898254925,0.009524282638410321,0.9904757173615897,0.9999488601309375
884,C,lambda_1.772983346207417,yoshida4,controlled_q0.010_phi3.141592653590,controlled,0.01,3.14159265359,-1,0.4,fit_ok,resolved,True,E_state_hartree,True,0.0002685378416423536,-0.00011383767216153647,0.00038237551380389007,-0.00011156091871830098,2.2767534432354986e-06,0.0003800987603606546,0.005954234413669028,0.994045765586331,0.9999488601309375
885,C,lambda_1.772983346207417,yoshida4,controlled_q0.010_phi4.712388980385,controlled,0.01,4.712388980385,-1,0.4,fit_ok,resolved,True,mixed,True,0.00012976307110720148,-0.00011383767216153647,0.00024360074326873796,-0.00011156091871830098,2.2767534432354986e-06,0.00024132398982550248,0.009346249985468257,0.9906537500145317,0.9999488601309375
954,C,lambda_1.772983346207417,yoshida4,controlled_q0.010_phi0.000000000000,controlled,0.01,0.0,1,0.4,fit_ok,resolved,True,E_state_hartree,True,-0.0004916596790789655,-0.00011383767216153647,-0.00037782200691742897,-0.00011156091871830092,2.276753443235553e-06,-0.0003800987603606645,0.006025994784716512,0.9939740052152835,0.9999488601309376
955,C,lambda_1.772983346207417,yoshida4,controlled_q0.010_phi1.570796326795,controlled,0.01,1.570796326795,1,0.4,fit_ok,resolved,True,mixed,True,0.00012976307110720148,-0.00011383767216153647,0.00024360074326873796,-0.00011156091871830092,2.276753443235553e-06,0.00024132398982550243,0.009346249985468479,0.9906537500145315,0.9999488601309376
956,C,lambda_1.772983346207417,yoshida4,controlled_q0.010_phi3.141592653590,controlled,0.01,3.14159265359,1,0.4,fit_ok,resolved,True,E_state_hartree,True,0.0002685378416423538,-0.00011383767216153647,0.0003823755138038903,-0.00011156091871830092,2.276753443235553e-06,0.00038009876036065475,0.005954234413669166,0.9940457655863308,0.9999488601309376
957,C,lambda_1.772983346207417,yoshida4,controlled_q0.010_phi4.712388980385,controlled,0.01,4.712388980385,1,0.4,fit_ok,resolved,True,mixed,True,-0.0003528849085437935,-0.00011383767216153647,-0.00023904723638225702,-0.00011156091871830092,2.276753443235553e-06,-0.00024132398982549256,0.009524282638410549,0.9904757173615895,0.9999488601309376
826,C,lambda_1.772983346207417,yoshida4,controlled_q0.050_phi0.000000000000,controlled,0.05,0.0,-1,0.05,fit_ok,resolved,True,E_state_hartree,True,-3.375932678462963e-07,-8.797644719104493e-08,-2.4961682065525133e-07,-7.917880250710419e-08,8.79764468394074e-09,-2.5841446533919206e-07,0.03524459874477477,0.9647554012552252,0.9976987947647237
827,C,lambda_1.772983346207417,yoshida4,controlled_q0.050_phi1.570796326795,controlled,0.05,1.570796326795,-1,0.05,fit_ok,resolved,True,mixed,True,-9.748197943304504e-08,-8.797644719104493e-08,-9.505532242000108e-09,-7.917880250710419e-08,8.79764468394074e-09,-1.8303176925940848e-08,0.9255288878058218,0.07447111219417824,0.9976987947647237
828,C,lambda_1.772983346207417,yoshida4,controlled_q0.050_phi3.141592653590,controlled,0.05,3.14159265359,-1,0.05,fit_ok,resolved,True,E_state_hartree,True,1.7923566290241542e-07,-8.797644719104493e-08,2.6721211009346034e-07,-7.917880250710419e-08,8.79764468394074e-09,2.584144654095196e-07,0.03292382475054618,0.9670761752494538,0.9976987947647237
829,C,lambda_1.772983346207417,yoshida4,controlled_q0.050_phi4.712388980385,controlled,0.05,4.712388980385,-1,0.05,fit_ok,resolved,True,mixed,True,-6.087562565149085e-08,-8.797644719104493e-08,2.7100821539554083e-08,-7.917880250710419e-08,8.79764468394074e-09,1.8303176855613343e-08,0.32462649411201194,0.6753735058879881,0.9976987947647237
898,C,lambda_1.772983346207417,yoshida4,controlled_q0.050_phi0.000000000000,controlled,0.05,0.0,1,0.05,fit_ok,resolved,True,E_state_hartree,True,-3.375932678462963e-07,-8.797644719104493e-08,-2.4961682065525133e-07,-7.917880250710418e-08,8.797644683940753e-09,-2.584144653391921e-07,0.03524459874477482,0.9647554012552252,0.9976987947647239
899,C,lambda_1.772983346207417,yoshida4,controlled_q0.050_phi1.570796326795,controlled,0.05,1.570796326795,1,0.05,fit_ok,resolved,True,mixed,True,-6.087562565149085e-08,-8.797644719104493e-08,2.7100821539554083e-08,-7.917880250710418e-08,8.797644683940753e-09,1.830317685561333e-08,0.32462649411201244,0.6753735058879875,0.9976987947647239
900,C,lambda_1.772983346207417,yoshida4,controlled_q0.050_phi3.141592653590,controlled,0.05,3.14159265359,1,0.05,fit_ok,resolved,True,E_state_hartree,True,1.7923566290241545e-07,-8.797644719104493e-08,2.672121100934604e-07,-7.917880250710418e-08,8.797644683940753e-09,2.5841446540951967e-07,0.03292382475054622,0.9670761752494538,0.9976987947647239
901,C,lambda_1.772983346207417,yoshida4,controlled_q0.050_phi4.712388980385,controlled,0.05,4.712388980385,1,0.05,fit_ok,resolved,True,mixed,True,-9.748197943304504e-08,-8.797644719104493e-08,-9.505532242000108e-09,-7.917880250710418e-08,8.797644683940753e-09,-1.830317692594086e-08,0.9255288878058232,0.07447111219417679,0.9976987947647239
838,C,lambda_1.772983346207417,yoshida4,controlled_q0.050_phi0.000000000000,controlled,0.05,0.0,-1,0.08,fit_ok,resolved,True,E_state_hartree,True,-2.193341335396211e-06,-5.658439724653009e-07,-1.62749736293091e-06,-5.092595752202152e-07,5.6584397245085764e-08,-1.6840817601759957e-06,0.03476773513364388,0.9652322648663562,0.9977758751154026
839,C,lambda_1.772983346207417,yoshida4,controlled_q0.050_phi1.570796326795,controlled,0.05,1.570796326795,-1,0.08,fit_ok,resolved,True,mixed,True,-7.006087984068321e-07,-5.658439724653009e-07,-1.3476482594153118e-07,-5.092595752202152e-07,5.6584397245085764e-08,-1.9134922318661694e-07,0.41987511837573527,0.5801248816242648,0.9977758751154026
840,C,lambda_1.772983346207417,yoshida4,controlled_q0.050_phi3.141592653590,controlled,0.05,3.14159265359,-1,0.08,fit_ok,resolved,True,E_state_hartree,True,1.1748221849586706e-06,-5.658439724653009e-07,1.7406661574239714e-06,-5.092595752202152e-07,5.6584397245085764e-08,1.6840817601788857e-06,0.03250732313244118,0.9674926768675588,0.9977758751154026
841,C,lambda_1.772983346207417,yoshida4,controlled_q0.050_phi4.712388980385,controlled,0.05,4.712388980385,-1,0.08,fit_ok,resolved,True,mixed,True,-3.179103520364879e-07,-5.658439724653009e-07,2.4793362042881305e-07,-5.092595752202152e-07,5.6584397245085764e-08,1.9134922318372729e-07,0.2282239784472164,0.7717760215527836,0.9977758751154026
910,C,lambda_1.772983346207417,yoshida4,controlled_q0.050_phi0.000000000000,controlled,0.05,0.0,1,0.08,fit_ok,resolved,True,E_state_hartree,True,-2.193341335396211e-06,-5.658439724653009e-07,-1.62749736293091e-06,-5.092595752202152e-07,5.6584397245085764e-08,-1.6840817601759957e-06,0.03476773513364388,0.9652322648663562,0.9977758751154026
911,C,lambda_1.772983346207417,yoshida4,controlled_q0.050_phi1.570796326795,controlled,0.05,1.570796326795,1,0.08,fit_ok,resolved,True,mixed,True,-3.179103520364879e-07,-5.658439724653009e-07,2.4793362042881305e-07,-5.092595752202152e-07,5.6584397245085764e-08,1.9134922318372729e-07,0.2282239784472164,0.7717760215527836,0.9977758751154026
912,C,lambda_1.772983346207417,yoshida4,controlled_q0.050_phi3.141592653590,controlled,0.05,3.14159265359,1,0.08,fit_ok,resolved,True,E_state_hartree,True,1.1748221849586704e-06,-5.658439724653009e-07,1.7406661574239714e-06,-5.092595752202152e-07,5.6584397245085764e-08,1.6840817601788857e-06,0.03250732313244118,0.9674926768675588,0.9977758751154026
913,C,lambda_1.772983346207417,yoshida4,controlled_q0.050_phi4.712388980385,controlled,0.05,4.712388980385,1,0.08,fit_ok,resolved,True,mixed,True,-7.006087984068321e-07,-5.658439724653009e-07,-1.3476482594153118e-07,-5.092595752202152e-07,5.6584397245085764e-08,-1.9134922318661694e-07,0.41987511837573527,0.5801248816242648,0.9977758751154026
850,C,lambda_1.772983346207417,yoshida4,controlled_q0.050_phi0.000000000000,controlled,0.05,0.0,-1,0.12,fit_ok,resolved,True,E_state_hartree,True,-1.0906449463161038e-05,-2.7540706521341513e-06,-8.152378811026886e-06,-2.478663586900414e-06,2.754070652337371e-07,-8.427785876260624e-06,0.033782417576232134,0.9662175824237679,0.9979294542904283
851,C,lambda_1.772983346207417,yoshida4,controlled_q0.050_phi1.570796326795,controlled,0.05,1.570796326795,-1,0.12,fit_ok,resolved,True,mixed,True,-3.922796645618639e-06,-2.7540706521341513e-06,-1.1687259934844881e-06,-2.478663586900414e-06,2.754070652337371e-07,-1.4441330587182252e-06,0.23564724902937007,0.7643527509706299,0.9979294542904283
852,C,lambda_1.772983346207417,yoshida4,controlled_q0.050_phi3.141592653590,controlled,0.05,3.14159265359,-1,0.12,fit_ok,resolved,True,E_state_hartree,True,5.949122289319565e-06,-2.7540706521341513e-06,8.703192941453717e-06,-2.478663586900414e-06,2.754070652337371e-07,8.42778587621998e-06,0.031644370874734984,0.9683556291252651,0.9979294542904283
853,C,lambda_1.772983346207417,yoshida4,controlled_q0.050_phi4.712388980385,controlled,0.05,4.712388980385,-1,0.12,fit_ok,resolved,True,mixed,True,-1.0345305281415456e-06,-2.7540706521341513e-06,1.7195401239926057e-06,-2.478663586900414e-06,2.754070652337371e-07,1.4441330587588686e-06,0.16016320956458321,0.8398367904354168,0.9979294542904283
922,C,lambda_1.772983346207417,yoshida4,controlled_q0.050_phi0.000000000000,controlled,0.05,0.0,1,0.12,fit_ok,resolved,True,E_state_hartree,True,-1.0906449463161038e-05,-2.7540706521341513e-06,-8.152378811026886e-06,-2.478663586900414e-06,2.754070652337371e-07,-8.427785876260624e-06,0.033782417576232134,0.9662175824237679,0.9979294542904283
923,C,lambda_1.772983346207417,yoshida4,controlled_q0.050_phi1.570796326795,controlled,0.05,1.570796326795,1,0.12,fit_ok,resolved,True,mixed,True,-1.0345305281415456e-06,-2.7540706521341513e-06,1.7195401239926057e-06,-2.478663586900414e-06,2.754070652337371e-07,1.4441330587588686e-06,0.16016320956458321,0.8398367904354168,0.9979294542904283
924,C,lambda_1.772983346207417,yoshida4,controlled_q0.050_phi3.141592653590,controlled,0.05,3.14159265359,1,0.12,fit_ok,resolved,True,E_state_hartree,True,5.949122289319566e-06,-2.7540706521341513e-06,8.703192941453717e-06,-2.478663586900414e-06,2.754070652337371e-07,8.42778587621998e-06,0.031644370874734984,0.9683556291252651,0.9979294542904283
925,C,lambda_1.772983346207417,yoshida4,controlled_q0.050_phi4.712388980385,controlled,0.05,4.712388980385,1,0.12,fit_ok,resolved,True,mixed,True,-3.922796645618639e-06,-2.7540706521341513e-06,-1.1687259934844881e-06,-2.478663586900414e-06,2.754070652337371e-07,-1.4441330587182252e-06,0.23564724902937007,0.7643527509706299,0.9979294542904283
862,C,lambda_1.772983346207417,yoshida4,controlled_q0.050_phi0.000000000000,controlled,0.05,0.0,-1,0.18,fit_ok,resolved,True,E_state_hartree,True,-5.299362755534328e-05,-1.270324563765307e-05,-4.029038191769021e-05,-1.1432921073877061e-05,1.2703245637760082e-06,-4.156070648146622e-05,0.03152922616546977,0.9684707738345302,0.9982530414117421
863,C,lambda_1.772983346207417,yoshida4,controlled_q0.050_phi1.570796326795,controlled,0.05,1.570796326795,-1,0.18,fit_ok,resolved,True,mixed,True,-2.2247152496832994e-05,-1.270324563765307e-05,-9.543906859179925e-06,-1.1432921073877061e-05,1.2703245637760082e-06,-1.0814231422955933e-05,0.13310320212881485,0.8668967978711851,0.9982530414117421
864,C,lambda_1.772983346207417,yoshida4,controlled_q0.050_phi3.141592653590,controlled,0.05,3.14159265359,-1,0.18,fit_ok,resolved,True,E_state_hartree,True,3.012778540756776e-05,-1.270324563765307e-05,4.283103104522083e-05,-1.1432921073877061e-05,1.2703245637760082e-06,4.156070648144482e-05,0.029658976979442888,0.9703410230205571,0.9982530414117421
865,C,lambda_1.772983346207417,yoshida4,controlled_q0.050_phi4.712388980385,controlled,0.05,4.712388980385,-1,0.18,fit_ok,resolved,True,mixed,True,-6.186896508997286e-07,-1.270324563765307e-05,1.208455598675334e-05,-1.1432921073877061e-05,1.2703245637760082e-06,1.0814231422977332e-05,0.10511967218063226,0.8948803278193678,0.9982530414117421
934,C,lambda_1.772983346207417,yoshida4,controlled_q0.050_phi0.000000000000,controlled,0.05,0.0,1,0.18,fit_ok,resolved,True,E_state_hartree,True,-5.299362755534328e-05,-1.270324563765307e-05,-4.029038191769021e-05,-1.1432921073877061e-05,1.2703245637760082e-06,-4.156070648146622e-05,0.03152922616546977,0.9684707738345302,0.9982530414117421
935,C,lambda_1.772983346207417,yoshida4,controlled_q0.050_phi1.570796326795,controlled,0.05,1.570796326795,1,0.18,fit_ok,resolved,True,mixed,True,-6.186896508997286e-07,-1.270324563765307e-05,1.208455598675334e-05,-1.1432921073877061e-05,1.2703245637760082e-06,1.0814231422977332e-05,0.10511967218063226,0.8948803278193678,0.9982530414117421
936,C,lambda_1.772983346207417,yoshida4,controlled_q0.050_phi3.141592653590,controlled,0.05,3.14159265359,1,0.18,fit_ok,resolved,True,E_state_hartree,True,3.012778540756776e-05,-1.270324563765307e-05,4.283103104522083e-05,-1.1432921073877061e-05,1.2703245637760082e-06,4.156070648144482e-05,0.029658976979442888,0.9703410230205571,0.9982530414117421
937,C,lambda_1.772983346207417,yoshida4,controlled_q0.050_phi4.712388980385,controlled,0.05,4.712388980385,1,0.18,fit_ok,resolved,True,mixed,True,-2.2247152496832994e-05,-1.270324563765307e-05,-9.543906859179925e-06,-1.1432921073877061e-05,1.2703245637760082e-06,-1.0814231422955933e-05,0.13310320212881485,0.8668967978711851,0.9982530414117421
874,C,lambda_1.772983346207417,yoshida4,controlled_q0.050_phi0.000000000000,controlled,0.05,0.0,-1,0.27,fit_ok,resolved,True,E_state_hartree,True,-0.00024369528037282925,-5.068876902915718e-05,-0.00019300651134367206,-4.561989212624327e-05,5.068876902913909e-06,-0.00019807538824658598,0.026262724856407273,0.9737372751435928,0.9988733695893742
875,C,lambda_1.772983346207417,yoshida4,controlled_q0.050_phi1.570796326795,controlled,0.05,1.570796326795,-1,0.27,fit_ok,resolved,True,mixed,True,-0.00012515609647869203,-5.068876902915718e-05,-7.446732744953484e-05,-4.561989212624327e-05,5.068876902913909e-06,-7.953620435244876e-05,0.06806846809896588,0.9319315319010342,0.9988733695893742
876,C,lambda_1.772983346207417,yoshida4,controlled_q0.050_phi3.141592653590,controlled,0.05,3.14159265359,-1,0.27,fit_ok,resolved,True,E_state_hartree,True,0.0001524554961203464,-5.068876902915718e-05,0.00020314426514950358,-4.561989212624327e-05,5.068876902913909e-06,0.00019807538824658967,0.02495210435393527,0.9750478956460648,0.9988733695893742
877,C,lambda_1.772983346207417,yoshida4,controlled_q0.050_phi4.712388980385,controlled,0.05,4.712388980385,-1,0.27,fit_ok,resolved,True,mixed,True,3.3916312226201774e-05,-5.068876902915718e-05,8.460508125535896e-05,-4.561989212624327e-05,5.068876902913909e-06,7.953620435244505e-05,0.05991220418091427,0.9400877958190857,0.9988733695893742
946,C,lambda_1.772983346207417,yoshida4,controlled_q0.050_phi0.000000000000,controlled,0.05,0.0,1,0.27,fit_ok,resolved,True,E_state_hartree,True,-0.00024369528037282925,-5.068876902915718e-05,-0.00019300651134367206,-4.561989212625612e-05,5.068876902901061e-06,-0.00019807538824657313,0.026262724856340708,0.9737372751436593,0.9988733695893798
947,C,lambda_1.772983346207417,yoshida4,controlled_q0.050_phi1.570796326795,controlled,0.05,1.570796326795,1,0.27,fit_ok,resolved,True,mixed,True,3.391631222615037e-05,-5.068876902915718e-05,8.460508125530754e-05,-4.561989212625612e-05,5.068876902901061e-06,7.953620435240648e-05,0.059912204180798824,0.9400877958192012,0.9988733695893798
948,C,lambda_1.772983346207417,yoshida4,controlled_q0.050_phi3.141592653590,controlled,0.05,3.14159265359,1,0.27,fit_ok,resolved,True,E_state_hartree,True,0.00015245549612034643,-5.068876902915718e-05,0.0002031442651495036,-4.561989212625612e-05,5.068876902901061e-06,0.00019807538824660254,0.02495210435387202,0.9750478956461279,0.9988733695893798
949,C,lambda_1.772983346207417,yoshida4,controlled_q0.050_phi4.712388980385,controlled,0.05,4.712388980385,1,0.27,fit_ok,resolved,True,mixed,True,-0.00012515609647869203,-5.068876902915718e-05,-7.446732744953484e-05,-4.561989212625612e-05,5.068876902901061e-06,-7.953620435243591e-05,0.06806846809879336,0.9319315319012067,0.9988733695893798
886,C,lambda_1.772983346207417,yoshida4,controlled_q0.050_phi0.000000000000,controlled,0.05,0.0,-1,0.4,fit_ok,resolved,True,E_state_hartree,True,-0.0009350333040356544,-0.00011383767216153647,-0.000821195631874118,-0.00010245390494538384,1.1383767216152638e-05,-0.0008325793990902706,0.013862430308077513,0.9861375696919225,0.9997335917310296
887,C,lambda_1.772983346207417,yoshida4,controlled_q0.050_phi1.570796326795,controlled,0.05,1.570796326795,-1,0.4,fit_ok,resolved,True,mixed,True,-0.0006310570033725774,-0.00011383767216153647,-0.0005172193312110409,-0.00010245390494538384,1.1383767216152638e-05,-0.0005286030984271935,0.02200955480433836,0.9779904451956616,0.9997335917310296
888,C,lambda_1.772983346207417,yoshida4,controlled_q0.050_phi3.141592653590,controlled,0.05,3.14159265359,-1,0.4,fit_ok,resolved,True,E_state_hartree,True,0.0007301254941448888,-0.00011383767216153647,0.0008439631663064253,-0.00010245390494538384,1.1383767216152638e-05,0.0008325793990902727,0.01348846450962225,0.9865115354903777,0.9997335917310296
889,C,lambda_1.772983346207417,yoshida4,controlled_q0.050_phi4.712388980385,controlled,0.05,4.712388980385,-1,0.4,fit_ok,resolved,True,mixed,True,0.00042614919348180763,-0.00011383767216153647,0.0005399868656433441,-0.00010245390494538384,1.1383767216152638e-05,0.0005286030984271915,0.021081563164670566,0.9789184368353294,0.9997335917310296
958,C,lambda_1.772983346207417,yoshida4,controlled_q0.050_phi0.000000000000,controlled,0.05,0.0,1,0.4,fit_ok,resolved,True,E_state_hartree,True,-0.0009350333040356544,-0.00011383767216153647,-0.000821195631874118,-0.00010245390494539251,1.1383767216143964e-05,-0.0008325793990902619,0.013862430308066952,0.986137569691933,0.9997335917310298
959,C,lambda_1.772983346207417,yoshida4,controlled_q0.050_phi1.570796326795,controlled,0.05,1.570796326795,1,0.4,fit_ok,resolved,True,mixed,True,0.00042614919348180763,-0.00011383767216153647,0.0005399868656433441,-0.00010245390494539251,1.1383767216143964e-05,0.0005286030984272002,0.021081563164654503,0.9789184368353455,0.9997335917310298
960,C,lambda_1.772983346207417,yoshida4,controlled_q0.050_phi3.141592653590,controlled,0.05,3.14159265359,1,0.4,fit_ok,resolved,True,E_state_hartree,True,0.0007301254941448888,-0.00011383767216153647,0.0008439631663064253,-0.00010245390494539251,1.1383767216143964e-05,0.0008325793990902814,0.013488464509611971,0.9865115354903881,0.9997335917310298
961,C,lambda_1.772983346207417,yoshida4,controlled_q0.050_phi4.712388980385,controlled,0.05,4.712388980385,1,0.4,fit_ok,resolved,True,mixed,True,-0.0006310570033726121,-0.00011383767216153647,-0.0005172193312110756,-0.00010245390494539251,1.1383767216143964e-05,-0.0005286030984272195,0.022009554804320115,0.9779904451956799,0.9997335917310298
962,C,lambda_1.842983346207417,yoshida4,controlled_q0.001_phi0.000000000000,controlled,0.001,0.0,-1,0.05,fit_ok,resolved,True,E_state_hartree,True,-7.960445292617122e-08,-3.0647404046353394e-08,-4.895704887981783e-08,-3.0586109245613785e-08,6.129480073960967e-11,-4.901834368055744e-08,0.0012520117560615052,0.9987479882439385,0.9999968883884851
963,C,lambda_1.842983346207417,yoshida4,controlled_q0.001_phi1.570796326795,controlled,0.001,1.570796326795,-1,0.05,fit_ok,resolved,True,mixed,True,-3.4058018037741444e-08,-3.0647404046353394e-08,-3.41061399138805e-09,-3.0586109245613785e-08,6.129480073960967e-11,-3.4719087921276595e-09,0.01797177895076421,0.9820282210492358,0.9999968883884851
964,C,lambda_1.842983346207417,yoshida4,controlled_q0.001_phi3.141592653590,controlled,0.001,3.14159265359,-1,0.05,fit_ok,resolved,True,E_state_hartree,True,1.843223444964988e-08,-3.0647404046353394e-08,4.9079638496003274e-08,-3.0586109245613785e-08,6.129480073960967e-11,4.9018343695263664e-08,0.001248884519485634,0.9987511154805143,0.9999968883884851
965,C,lambda_1.842983346207417,yoshida4,controlled_q0.001_phi4.712388980385,controlled,0.001,4.712388980385,-1,0.05,fit_ok,resolved,True,mixed,True,-2.711420046819235e-08,-3.0647404046353394e-08,3.5332035781610435e-09,-3.0586109245613785e-08,6.129480073960967e-11,3.471908777421434e-09,0.017348222196557465,0.9826517778034425,0.9999968883884851
1034,C,lambda_1.842983346207417,yoshida4,controlled_q0.001_phi0.000000000000,controlled,0.001,0.0,1,0.05,fit_ok,resolved,True,E_state_hartree,True,-7.960445292617122e-08,-3.0647404046353394e-08,-4.895704887981783e-08,-3.0586109245613805e-08,6.129480073958982e-11,-4.901834368055742e-08,0.0012520117560610997,0.998747988243939,0.9999968883884851
1035,C,lambda_1.842983346207417,yoshida4,controlled_q0.001_phi1.570796326795,controlled,0.001,1.570796326795,1,0.05,fit_ok,resolved,True,mixed,True,-2.711420046819235e-08,-3.0647404046353394e-08,3.5332035781610435e-09,-3.0586109245613805e-08,6.129480073958982e-11,3.4719087774214537e-09,0.017348222196551844,0.9826517778034481,0.9999968883884851
1036,C,lambda_1.842983346207417,yoshida4,controlled_q0.001_phi3.141592653590,controlled,0.001,3.14159265359,1,0.05,fit_ok,resolved,True,E_state_hartree,True,1.8432234449649803e-08,-3.0647404046353394e-08,4.9079638496003195e-08,-3.0586109245613805e-08,6.129480073958982e-11,4.9018343695263605e-08,0.0012488845194852315,0.9987511154805148,0.9999968883884851
1037,C,lambda_1.842983346207417,yoshida4,controlled_q0.001_phi4.712388980385,controlled,0.001,4.712388980385,1,0.05,fit_ok,resolved,True,mixed,True,-3.4058018037741444e-08,-3.0647404046353394e-08,-3.41061399138805e-09,-3.0586109245613805e-08,6.129480073958982e-11,-3.4719087921276397e-09,0.017971778950758393,0.9820282210492416,0.9999968883884851
974,C,lambda_1.842983346207417,yoshida4,controlled_q0.001_phi0.000000000000,controlled,0.001,0.0,-1,0.08,fit_ok,resolved,True,E_state_hartree,True,-5.054610636961144e-07,-1.8651723136419462e-07,-3.189438323319198e-07,-1.8614419690559852e-07,3.7303445859609533e-10,-3.193168667905159e-07,0.0011695929526797817,0.9988304070473202,0.9999973052893426
975,C,lambda_1.842983346207417,yoshida4,controlled_q0.001_phi1.570796326795,controlled,0.001,1.570796326795,-1,0.08,fit_ok,resolved,True,mixed,True,-2.2242570975154752e-07,-1.8651723136419462e-07,-3.59084783873529e-08,-1.8614419690559852e-07,3.7303445859609533e-10,-3.6281512845948993e-08,0.010388478580798886,0.9896115214192012,0.9999973052893426
976,C,lambda_1.842983346207417,yoshida4,controlled_q0.001_phi3.141592653590,controlled,0.001,3.14159265359,-1,0.08,fit_ok,resolved,True,E_state_hartree,True,1.3317266989318188e-07,-1.8651723136419462e-07,3.196899012573765e-07,-1.8614419690559852e-07,3.7303445859609533e-10,3.193168667987804e-07,0.0011668634421322308,0.9988331365578678,0.9999973052893426
977,C,lambda_1.842983346207417,yoshida4,controlled_q0.001_phi4.712388980385,controlled,0.001,4.712388980385,-1,0.08,fit_ok,resolved,True,mixed,True,-1.4986268406791403e-07,-1.8651723136419462e-07,3.665454729628059e-08,-1.8614419690559852e-07,3.7303445859609533e-10,3.628151283768449e-08,0.010177030849156004,0.989822969150844,0.9999973052893426
1046,C,lambda_1.842983346207417,yoshida4,controlled_q0.001_phi0.000000000000,controlled,0.001,0.0,1,0.08,fit_ok,resolved,True,E_state_hartree,True,-5.054610636961144e-07,-1.8651723136419462e-07,-3.189438323319198e-07,-1.8614419690559868e-07,3.730344585959365e-10,-3.193168667905158e-07,0.0011695929526792839,0.9988304070473207,0.9999973052893429
1047,C,lambda_1.842983346207417,yoshida4,controlled_q0.001_phi1.570796326795,controlled,0.001,1.570796326795,1,0.08,fit_ok,resolved,True,mixed,True,-1.4986268406791403e-07,-1.8651723136419462e-07,3.665454729628059e-08,-1.8614419690559868e-07,3.730344585959365e-10,3.628151283768465e-08,0.010177030849151671,0.9898229691508483,0.9999973052893429
1048,C,lambda_1.842983346207417,yoshida4,controlled_q0.001_phi3.141592653590,controlled,0.001,3.14159265359,1,0.08,fit_ok,resolved,True,E_state_hartree,True,1.3317266989318128e-07,-1.8651723136419462e-07,3.196899012573759e-07,-1.8614419690559868e-07,3.730344585959365e-10,3.1931686679877996e-07,0.0011668634421317361,0.9988331365578683,0.9999973052893429
1049,C,lambda_1.842983346207417,yoshida4,controlled_q0.001_phi4.712388980385,controlled,0.001,4.712388980385,1,0.08,fit_ok,resolved,True,mixed,True,-2.2242570975154752e-07,-1.8651723136419462e-07,-3.59084783873529e-08,-1.8614419690559868e-07,3.730344585959365e-10,-3.6281512845948835e-08,0.010388478580794464,0.9896115214192055,0.9999973052893429
986,C,lambda_1.842983346207417,yoshida4,controlled_q0.001_phi0.000000000000,controlled,0.001,0.0,-1,0.12,fit_ok,resolved,True,E_state_hartree,True,-2.391671828594018e-06,-7.966683699474978e-07,-1.5950034586465204e-06,-7.950750332100412e-07,1.593336737456617e-09,-1.596596795383977e-06,0.0009989550360026695,0.9990010449639973,0.9999980649793448
987,C,lambda_1.842983346207417,yoshida4,controlled_q0.001_phi1.570796326795,controlled,0.001,1.570796326795,-1,0.12,fit_ok,resolved,True,mixed,True,-1.0686579467120614e-06,-7.966683699474978e-07,-2.719895767645636e-07,-7.950750332100412e-07,1.593336737456617e-09,-2.735829135020202e-07,0.0058580801382540565,0.9941419198617459,0.9999980649793448
988,C,lambda_1.842983346207417,yoshida4,controlled_q0.001_phi3.141592653590,controlled,0.001,3.14159265359,-1,0.12,fit_ok,resolved,True,E_state_hartree,True,8.015217621788055e-07,-7.966683699474978e-07,1.5981901321263032e-06,-7.950750332100412e-07,1.593336737456617e-09,1.5965967953888466e-06,0.0009969631931945238,0.9990030368068055,0.9999980649793448
989,C,lambda_1.842983346207417,yoshida4,controlled_q0.001_phi4.712388980385,controlled,0.001,4.712388980385,-1,0.12,fit_ok,resolved,True,mixed,True,-5.214921197128908e-07,-7.966683699474978e-07,2.75176250234607e-07,-7.950750332100412e-07,1.593336737456617e-09,2.735829134971504e-07,0.005790240749694735,0.9942097592503053,0.9999980649793448
1058,C,lambda_1.842983346207417,yoshida4,controlled_q0.001_phi0.000000000000,controlled,0.001,0.0,1,0.12,fit_ok,resolved,True,E_state_hartree,True,-2.391671828594018e-06,-7.966683699474978e-07,-1.5950034586465204e-06,-7.950750332100418e-07,1.5933367374559818e-09,-1.5965967953839764e-06,0.0009989550360022712,0.9990010449639978,0.9999980649793446
1059,C,lambda_1.842983346207417,yoshida4,controlled_q0.001_phi1.570796326795,controlled,0.001,1.570796326795,1,0.12,fit_ok,resolved,True,mixed,True,-5.214921197128908e-07,-7.966683699474978e-07,2.75176250234607e-07,-7.950750332100418e-07,1.5933367374559818e-09,2.7358291349715103e-07,0.005790240749692427,0.9942097592503075,0.9999980649793446
1060,C,lambda_1.842983346207417,yoshida4,controlled_q0.001_phi3.141592653590,controlled,0.001,3.14159265359,1,0.12,fit_ok,resolved,True,E_state_hartree,True,8.015217621788031e-07,-7.966683699474978e-07,1.5981901321263009e-06,-7.950750332100418e-07,1.5933367374559818e-09,1.5965967953888449e-06,0.0009969631931941278,0.9990030368068059,0.9999980649793446
1061,C,lambda_1.842983346207417,yoshida4,controlled_q0.001_phi4.712388980385,controlled,0.001,4.712388980385,1,0.12,fit_ok,resolved,True,mixed,True,-1.0686579467120614e-06,-7.966683699474978e-07,-2.719895767645636e-07,-7.950750332100418e-07,1.5933367374559818e-09,-2.7358291350201956e-07,0.005858080138251722,0.9941419198617483,0.9999980649793446
998,C,lambda_1.842983346207417,yoshida4,controlled_q0.001_phi0.000000000000,controlled,0.001,0.0,-1,0.18,fit_ok,resolved,True,E_state_hartree,True,-1.0236792069272946e-05,-2.383589607628803e-06,-7.853202461644144e-06,-2.3788224284168525e-06,4.7671792119505064e-09,-7.857969640856095e-06,0.0006070363313863236,0.9993929636686136,0.9999993105855475
999,C,lambda_1.842983346207417,yoshida4,controlled_q0.001_phi1.570796326795,controlled,0.001,1.570796326795,-1,0.18,fit_ok,resolved,True,mixed,True,-4.423491766438069e-06,-2.383589607628803e-06,-2.0399021588092664e-06,-2.3788224284168525e-06,4.7671792119505064e-09,-2.044669338021217e-06,0.002336964638898764,0.9976630353611012,0.9999993105855475
1000,C,lambda_1.842983346207417,yoshida4,controlled_q0.001_phi3.141592653590,controlled,0.001,3.14159265359,-1,0.18,fit_ok,resolved,True,E_state_hartree,True,5.479147212445825e-06,-2.383589607628803e-06,7.862736820074628e-06,-2.3788224284168525e-06,4.7671792119505064e-09,7.857969640862678e-06,0.0006063002388404066,0.9993936997611595,0.9999993105855475
1001,C,lambda_1.842983346207417,yoshida4,controlled_q0.001_phi4.712388980385,controlled,0.001,4.712388980385,-1,0.18,fit_ok,resolved,True,mixed,True,-3.3415309040222026e-07,-2.383589607628803e-06,2.0494365172265826e-06,-2.3788224284168525e-06,4.7671792119505064e-09,2.044669338014632e-06,0.0023260926463834716,0.9976739073536165,0.9999993105855475
1070,C,lambda_1.842983346207417,yoshida4,controlled_q0.001_phi0.000000000000,controlled,0.001,0.0,1,0.18,fit_ok,resolved,True,E_state_hartree,True,-1.0236792069272946e-05,-2.383589607628803e-06,-7.853202461644144e-06,-2.3788224284168537e-06,4.767179211949236e-09,-7.857969640856094e-06,0.0006070363313861617,0.9993929636686139,0.9999993105855473
1071,C,lambda_1.842983346207417,yoshida4,controlled_q0.001_phi1.570796326795,controlled,0.001,1.570796326795,1,0.18,fit_ok,resolved,True,mixed,True,-3.3415309040222026e-07,-2.383589607628803e-06,2.0494365172265826e-06,-2.3788224284168537e-06,4.767179211949236e-09,2.0446693380146334e-06,0.0023260926463828514,0.9976739073536172,0.9999993105855473
1072,C,lambda_1.842983346207417,yoshida4,controlled_q0.001_phi3.141592653590,controlled,0.001,3.14159265359,1,0.18,fit_ok,resolved,True,E_state_hartree,True,5.47914721244582e-06,-2.383589607628803e-06,7.862736820074623e-06,-2.3788224284168537e-06,4.767179211949236e-09,7.857969640862673e-06,0.0006063002388402455,0.9993936997611598,0.9999993105855473
1073,C,lambda_1.842983346207417,yoshida4,controlled_q0.001_phi4.712388980385,controlled,0.001,4.712388980385,1,0.18,fit_ok,resolved,True,mixed,True,-4.423491766438069e-06,-2.383589607628803e-06,-2.0399021588092664e-06,-2.3788224284168537e-06,4.767179211949236e-09,-2.0446693380212157e-06,0.002336964638898141,0.9976630353611019,0.9999993105855473
1010,C,lambda_1.842983346207417,yoshida4,controlled_q0.001_phi0.000000000000,controlled,0.001,0.0,-1,0.27,fit_ok,resolved,True,E_state_hartree,True,-3.1362099775301874e-05,5.93225594111524e-06,-3.7294355716417116e-05,5.9203914292309844e-06,-1.186451188425534e-08,-3.728249120453286e-05,0.00031813156860711065,0.9996818684313928,0.9999998255791474
1011,C,lambda_1.842983346207417,yoshida4,controlled_q0.001_phi1.570796326795,controlled,0.001,1.570796326795,-1,0.27,fit_ok,resolved,True,mixed,True,-9.050210751430355e-06,5.93225594111524e-06,-1.4982466692545594e-05,5.9203914292309844e-06,-1.186451188425534e-08,-1.4970602180661339e-05,0.000791893092621286,0.9992081069073787,0.9999998255791474
1012,C,lambda_1.842983346207417,yoshida4,controlled_q0.001_phi3.141592653590,controlled,0.001,3.14159265359,-1,0.27,fit_ok,resolved,True,E_state_hartree,True,4.320288263376787e-05,5.93225594111524e-06,3.727062669265263e-05,5.9203914292309844e-06,-1.186451188425534e-08,3.7282491204536884e-05,0.0003183341128684123,0.9996816658871316,0.9999998255791474
1013,C,lambda_1.842983346207417,yoshida4,controlled_q0.001_phi4.712388980385,controlled,0.001,4.712388980385,-1,0.27,fit_ok,resolved,True,mixed,True,2.0890993609888297e-05,5.93225594111524e-06,1.4958737668773058e-05,5.9203914292309844e-06,-1.186451188425534e-08,1.4970602180657314e-05,0.0007931492714805051,0.9992068507285194,0.9999998255791474
1082,C,lambda_1.842983346207417,yoshida4,controlled_q0.001_phi0.000000000000,controlled,0.001,0.0,1,0.27,fit_ok,resolved,True,E_state_hartree,True,-3.1362099775301874e-05,5.93225594111524e-06,-3.7294355716417116e-05,5.920391429230991e-06,-1.1864511884248564e-08,-3.7282491204532866e-05,0.00031813156860692894,0.9996818684313931,0.9999998255791474
1083,C,lambda_1.842983346207417,yoshida4,controlled_q0.001_phi1.570796326795,controlled,0.001,1.570796326795,1,0.27,fit_ok,resolved,True,mixed,True,2.0890993609888297e-05,5.93225594111524e-06,1.4958737668773058e-05,5.920391429230991e-06,-1.1864511884248564e-08,1.4970602180657307e-05,0.0007931492714800521,0.99920685072852,0.9999998255791474
1084,C,lambda_1.842983346207417,yoshida4,controlled_q0.001_phi3.141592653590,controlled,0.001,3.14159265359,1,0.27,fit_ok,resolved,True,E_state_hartree,True,4.3202882633767897e-05,5.93225594111524e-06,3.7270626692652654e-05,5.920391429230991e-06,-1.1864511884248564e-08,3.7282491204536904e-05,0.0003183341128682302,0.9996816658871318,0.9999998255791474
1085,C,lambda_1.842983346207417,yoshida4,controlled_q0.001_phi4.712388980385,controlled,0.001,4.712388980385,1,0.27,fit_ok,resolved,True,mixed,True,-9.050210751430355e-06,5.93225594111524e-06,-1.4982466692545594e-05,5.920391429230991e-06,-1.1864511884248564e-08,-1.4970602180661346e-05,0.0007918930926208337,0.9992081069073792,0.9999998255791474
1022,C,lambda_1.842983346207417,yoshida4,controlled_q0.001_phi0.000000000000,controlled,0.001,0.0,-1,0.4,fit_ok,resolved,True,E_state_hartree,True,4.239276730203922e-05,0.0001979429191735408,-0.00015555015187150158,0.00019754703333519453,-3.958858383462649e-07,-0.00015515426603315532,0.002545068799889712,0.9974549312001103,0.9999907199314445
1023,C,lambda_1.842983346207417,yoshida4,controlled_q0.001_phi1.570796326795,controlled,0.001,1.570796326795,-1,0.4,fit_ok,resolved,True,mixed,True,9.903988092555167e-05,0.0001979429191735408,-9.890303824798912e-05,0.00019754703333519453,-3.958858383462649e-07,-9.850715240964286e-05,0.004002767208764833,0.9959972327912352,0.9999907199314445
1024,C,lambda_1.842983346207417,yoshida4,controlled_q0.001_phi3.141592653590,controlled,0.001,3.14159265359,-1,0.4,fit_ok,resolved,True,E_state_hartree,True,0.00035270129936834806,0.0001979429191735408,0.00015475838019480726,0.00019754703333519453,-3.958858383462649e-07,0.00015515426603315353,0.00255808982911252,0.9974419101708875,0.9999907199314445
1025,C,lambda_1.842983346207417,yoshida4,controlled_q0.001_phi4.712388980385,controlled,0.001,4.712388980385,-1,0.4,fit_ok,resolved,True,mixed,True,0.00029605418574483924,0.0001979429191735408,9.811126657129844e-05,0.00019754703333519453,-3.958858383462649e-07,9.85071524096447e-05,0.004035070101338165,0.9959649298986618,0.9999907199314445
1094,C,lambda_1.842983346207417,yoshida4,controlled_q0.001_phi0.000000000000,controlled,0.001,0.0,1,0.4,fit_ok,resolved,True,E_state_hartree,True,4.239276730203922e-05,0.0001979429191735408,-0.00015555015187150158,0.00019754703333519461,-3.958858383461836e-07,-0.0001551542660331554,0.002545068799889189,0.9974549312001109,0.9999907199314445
1095,C,lambda_1.842983346207417,yoshida4,controlled_q0.001_phi1.570796326795,controlled,0.001,1.570796326795,1,0.4,fit_ok,resolved,True,mixed,True,0.00029605418574483924,0.0001979429191735408,9.811126657129844e-05,0.00019754703333519461,-3.958858383461836e-07,9.850715240964462e-05,0.004035070101337336,0.9959649298986627,0.9999907199314445
1096,C,lambda_1.842983346207417,yoshida4,controlled_q0.001_phi3.141592653590,controlled,0.001,3.14159265359,1,0.4,fit_ok,resolved,True,E_state_hartree,True,0.00035270129936834833,0.0001979429191735408,0.00015475838019480753,0.00019754703333519461,-3.958858383461836e-07,0.00015515426603315372,0.0025580898291119904,0.997441910170888,0.9999907199314445
1097,C,lambda_1.842983346207417,yoshida4,controlled_q0.001_phi4.712388980385,controlled,0.001,4.712388980385,1,0.4,fit_ok,resolved,True,mixed,True,9.903988092555167e-05,0.0001979429191735408,-9.890303824798912e-05,0.00019754703333519461,-3.958858383461836e-07,-9.850715240964294e-05,0.00400276720876401,0.995997232791236,0.9999907199314445
966,C,lambda_1.842983346207417,yoshida4,controlled_q0.010_phi0.000000000000,controlled,0.01,0.0,-1,0.05,fit_ok,resolved,True,E_state_hartree,True,-1.8434424790734976e-07,-3.0647404046353394e-08,-1.5369684386099638e-07,-3.003445589529692e-08,6.129481510564712e-10,-1.5430979201205285e-07,0.003988033427744439,0.9960119665722555,0.9999686018845308
967,C,lambda_1.842983346207417,yoshida4,controlled_q0.010_phi1.570796326795,controlled,0.01,1.570796326795,-1,0.05,fit_ok,resolved,True,mixed,True,-4.0964028003021014e-08,-3.0647404046353394e-08,-1.0316623956667619e-08,-3.003445589529692e-08,6.129481510564712e-10,-1.092957210772409e-08,0.059413637022247355,0.9405863629777527,0.9999686018845308
968,C,lambda_1.842983346207417,yoshida4,controlled_q0.010_phi3.141592653590,controlled,0.01,3.14159265359,-1,0.05,fit_ok,resolved,True,E_state_hartree,True,1.2427533597649708e-07,-3.0647404046353394e-08,1.5492274002285046e-07,-3.003445589529692e-08,6.129481510564712e-10,1.54309791871794e-07,0.003956476311780078,0.9960435236882199,0.9999686018845308
969,C,lambda_1.842983346207417,yoshida4,controlled_q0.010_phi4.712388980385,controlled,0.01,4.712388980385,-1,0.05,fit_ok,resolved,True,mixed,True,-1.9104883647313997e-08,-3.0647404046353394e-08,1.1542520399039397e-08,-3.003445589529692e-08,6.129481510564712e-10,1.0929572247982926e-08,0.053103492986460964,0.946896507013539,0.9999686018845308
1038,C,lambda_1.842983346207417,yoshida4,controlled_q0.010_phi0.000000000000,controlled,0.01,0.0,1,0.05,fit_ok,resolved,True,E_state_hartree,True,-1.8434424790734976e-07,-3.0647404046353394e-08,-1.5369684386099638e-07,-3.0034455895296917e-08,6.129481510564778e-10,-1.5430979201205285e-07,0.003988033427744482,0.9960119665722555,0.9999686018845307
1039,C,lambda_1.842983346207417,yoshida4,controlled_q0.010_phi1.570796326795,controlled,0.01,1.570796326795,1,0.05,fit_ok,resolved,True,mixed,True,-1.9104883647313997e-08,-3.0647404046353394e-08,1.1542520399039397e-08,-3.0034455895296917e-08,6.129481510564778e-10,1.092957224798292e-08,0.05310349298646153,0.9468965070135384,0.9999686018845307
1040,C,lambda_1.842983346207417,yoshida4,controlled_q0.010_phi3.141592653590,controlled,0.01,3.14159265359,1,0.05,fit_ok,resolved,True,E_state_hartree,True,1.242753359764971e-07,-3.0647404046353394e-08,1.5492274002285051e-07,-3.0034455895296917e-08,6.129481510564778e-10,1.5430979187179404e-07,0.003956476311780119,0.9960435236882199,0.9999686018845307
1041,C,lambda_1.842983346207417,yoshida4,controlled_q0.010_phi4.712388980385,controlled,0.01,4.712388980385,1,0.05,fit_ok,resolved,True,mixed,True,-4.0964028003021014e-08,-3.0647404046353394e-08,-1.0316623956667619e-08,-3.0034455895296917e-08,6.129481510564778e-10,-1.0929572107724097e-08,0.05941363702224799,0.940586362977752,0.9999686018845307
978,C,lambda_1.842983346207417,yoshida4,controlled_q0.010_phi0.000000000000,controlled,0.01,0.0,-1,0.08,fit_ok,resolved,True,E_state_hartree,True,-1.1879966831417934e-06,-1.8651723136419462e-07,-1.0014794517775987e-06,-1.8278688676764994e-07,3.730344596544683e-09,-1.0052097963741434e-06,0.0037248338844330987,0.9962751661155669,0.9999728085856968
979,C,lambda_1.842983346207417,yoshida4,controlled_q0.010_phi1.570796326795,controlled,0.01,1.570796326795,-1,0.08,fit_ok,resolved,True,mixed,True,-2.9700112334773987e-07,-1.8651723136419462e-07,-1.1048389198354525e-07,-1.8278688676764994e-07,3.730344596544683e-09,-1.1421423658008993e-07,0.0337636964952344,0.9662363035047656,0.9999728085856968
980,C,lambda_1.842983346207417,yoshida4,controlled_q0.010_phi3.141592653590,controlled,0.01,3.14159265359,-1,0.08,fit_ok,resolved,True,E_state_hartree,True,8.224229096679715e-07,-1.8651723136419462e-07,1.008940141032166e-06,-1.8278688676764994e-07,3.730344596544683e-09,1.0052097964356215e-06,0.0036972902998273667,0.9963027097001727,0.9999728085856968
981,C,lambda_1.842983346207417,yoshida4,controlled_q0.010_phi4.712388980385,controlled,0.01,4.712388980385,-1,0.08,fit_ok,resolved,True,mixed,True,-6.857265024903803e-08,-1.8651723136419462e-07,1.179445811151566e-07,-1.8278688676764994e-07,3.730344596544683e-09,1.1421423651861191e-07,0.03162794391462984,0.9683720560853701,0.9999728085856968
1050,C,lambda_1.842983346207417,yoshida4,controlled_q0.010_phi0.000000000000,controlled,0.01,0.0,1,0.08,fit_ok,resolved,True,E_state_hartree,True,-1.1879966831417934e-06,-1.8651723136419462e-07,-1.0014794517775987e-06,-1.8278688676764994e-07,3.730344596544683e-09,-1.0052097963741434e-06,0.0037248338844330987,0.9962751661155669,0.9999728085856968
1051,C,lambda_1.842983346207417,yoshida4,controlled_q0.010_phi1.570796326795,controlled,0.01,1.570796326795,1,0.08,fit_ok,resolved,True,mixed,True,-6.857265024903803e-08,-1.8651723136419462e-07,1.179445811151566e-07,-1.8278688676764994e-07,3.730344596544683e-09,1.1421423651861191e-07,0.03162794391462984,0.9683720560853701,0.9999728085856968
1052,C,lambda_1.842983346207417,yoshida4,controlled_q0.010_phi3.141592653590,controlled,0.01,3.14159265359,1,0.08,fit_ok,resolved,True,E_state_hartree,True,8.224229096679715e-07,-1.8651723136419462e-07,1.008940141032166e-06,-1.8278688676764994e-07,3.730344596544683e-09,1.0052097964356215e-06,0.0036972902998273667,0.9963027097001727,0.9999728085856968
1053,C,lambda_1.842983346207417,yoshida4,controlled_q0.010_phi4.712388980385,controlled,0.01,4.712388980385,1,0.08,fit_ok,resolved,True,mixed,True,-2.9700112334773987e-07,-1.8651723136419462e-07,-1.1048389198354525e-07,-1.8278688676764994e-07,3.730344596544683e-09,-1.1421423658008993e-07,0.0337636964952344,0.9662363035047656,0.9999728085856968
990,C,lambda_1.842983346207417,yoshida4,controlled_q0.010_phi0.000000000000,controlled,0.01,0.0,-1,0.12,fit_ok,resolved,True,E_state_hartree,True,-5.80682321311332e-06,-7.966683699474978e-07,-5.010154843165822e-06,-7.807350025611979e-07,1.5933367386299906e-08,-5.026088210552122e-06,0.0031802145612393716,0.9968197854387606,0.9999804742259304
991,C,lambda_1.842983346207417,yoshida4,controlled_q0.010_phi1.570796326795,controlled,0.01,1.570796326795,-1,0.12,fit_ok,resolved,True,mixed,True,-1.6419742711904866e-06,-7.966683699474978e-07,-8.453059012429888e-07,-7.807350025611979e-07,1.5933367386299906e-08,-8.612392686292887e-07,0.018849232405535703,0.9811507675944643,0.9999804742259304
992,C,lambda_1.842983346207417,yoshida4,controlled_q0.010_phi3.141592653590,controlled,0.01,3.14159265359,-1,0.12,fit_ok,resolved,True,E_state_hartree,True,4.245353208016216e-06,-7.966683699474978e-07,5.042021577963714e-06,-7.807350025611979e-07,1.5933367386299906e-08,5.026088210577414e-06,0.003160114874544984,0.996839885125455,0.9999804742259304
993,C,lambda_1.842983346207417,yoshida4,controlled_q0.010_phi4.712388980385,controlled,0.01,4.712388980385,-1,0.12,fit_ok,resolved,True,mixed,True,8.050426604279867e-08,-7.966683699474978e-07,8.771726359902965e-07,-7.807350025611979e-07,1.5933367386299906e-08,8.612392686039966e-07,0.0181644601445093,0.9818355398554907,0.9999804742259304
1062,C,lambda_1.842983346207417,yoshida4,controlled_q0.010_phi0.000000000000,controlled,0.01,0.0,1,0.12,fit_ok,resolved,True,E_state_hartree,True,-5.80682321311332e-06,-7.966683699474978e-07,-5.010154843165822e-06,-7.80735002561197e-07,1.5933367386300753e-08,-5.026088210552123e-06,0.0031802145612395407,0.9968197854387605,0.9999804742259305
1063,C,lambda_1.842983346207417,yoshida4,controlled_q0.010_phi1.570796326795,controlled,0.01,1.570796326795,1,0.12,fit_ok,resolved,True,mixed,True,8.050426604279867e-08,-7.966683699474978e-07,8.771726359902965e-07,-7.80735002561197e-07,1.5933367386300753e-08,8.612392686039957e-07,0.01816446014451027,0.9818355398554898,0.9999804742259305
1064,C,lambda_1.842983346207417,yoshida4,controlled_q0.010_phi3.141592653590,controlled,0.01,3.14159265359,1,0.12,fit_ok,resolved,True,E_state_hartree,True,4.2453532080162195e-06,-7.966683699474978e-07,5.042021577963718e-06,-7.80735002561197e-07,1.5933367386300753e-08,5.026088210577417e-06,0.00316011487454515,0.9968398851254548,0.9999804742259305
1065,C,lambda_1.842983346207417,yoshida4,controlled_q0.010_phi4.712388980385,controlled,0.01,4.712388980385,1,0.12,fit_ok,resolved,True,mixed,True,-1.6419742711904866e-06,-7.966683699474978e-07,-8.453059012429888e-07,-7.80735002561197e-07,1.5933367386300753e-08,-8.612392686292895e-07,0.018849232405536705,0.9811507675944633,0.9999804742259305
1002,C,lambda_1.842983346207417,yoshida4,controlled_q0.010_phi0.000000000000,controlled,0.01,0.0,-1,0.18,fit_ok,resolved,True,E_state_hartree,True,-2.7072813620995234e-05,-2.383589607628803e-06,-2.468922401336643e-05,-2.335917815490156e-06,4.767179213864716e-08,-2.4736895805505077e-05,0.0019308744621879675,0.998069125537812,0.9999930432250261
1003,C,lambda_1.842983346207417,yoshida4,controlled_q0.010_phi1.570796326795,controlled,0.01,1.570796326795,-1,0.18,fit_ok,resolved,True,mixed,True,-8.772538810845733e-06,-2.383589607628803e-06,-6.38894920321693e-06,-2.335917815490156e-06,4.767179213864716e-08,-6.436620995355577e-06,0.007461601371731632,0.9925383986282683,0.9999930432250261
1004,C,lambda_1.842983346207417,yoshida4,controlled_q0.010_phi3.141592653590,controlled,0.01,3.14159265359,-1,0.18,fit_ok,resolved,True,E_state_hartree,True,2.2400977990042746e-05,-2.383589607628803e-06,2.478456759767155e-05,-2.335917815490156e-06,4.767179213864716e-08,2.4736895805532903e-05,0.0019234465943689012,0.9980765534056311,0.9999930432250261
1005,C,lambda_1.842983346207417,yoshida4,controlled_q0.010_phi4.712388980385,controlled,0.01,4.712388980385,-1,0.18,fit_ok,resolved,True,mixed,True,4.100703179837597e-06,-2.383589607628803e-06,6.4842927874664e-06,-2.335917815490156e-06,4.767179213864716e-08,6.436620995327753e-06,0.0073518876616418035,0.9926481123383581,0.9999930432250261
1074,C,lambda_1.842983346207417,yoshida4,controlled_q0.010_phi0.000000000000,controlled,0.01,0.0,1,0.18,fit_ok,resolved,True,E_state_hartree,True,-2.7072813620995234e-05,-2.383589607628803e-06,-2.468922401336643e-05,-2.335917815490155e-06,4.767179213864801e-08,-2.473689580550508e-05,0.001930874462188002,0.998069125537812,0.9999930432250264
1075,C,lambda_1.842983346207417,yoshida4,controlled_q0.010_phi1.570796326795,controlled,0.01,1.570796326795,1,0.18,fit_ok,resolved,True,mixed,True,4.100703179837597e-06,-2.383589607628803e-06,6.4842927874664e-06,-2.335917815490155e-06,4.767179213864801e-08,6.436620995327752e-06,0.007351887661641934,0.992648112338358,0.9999930432250264
1076,C,lambda_1.842983346207417,yoshida4,controlled_q0.010_phi3.141592653590,controlled,0.01,3.14159265359,1,0.18,fit_ok,resolved,True,E_state_hartree,True,2.240097799004275e-05,-2.383589607628803e-06,2.4784567597671553e-05,-2.335917815490155e-06,4.767179213864801e-08,2.4736895805532903e-05,0.0019234465943689352,0.9980765534056311,0.9999930432250264
1077,C,lambda_1.842983346207417,yoshida4,controlled_q0.010_phi4.712388980385,controlled,0.01,4.712388980385,1,0.18,fit_ok,resolved,True,mixed,True,-8.772538810845733e-06,-2.383589607628803e-06,-6.38894920321693e-06,-2.335917815490155e-06,4.767179213864801e-08,-6.436620995355578e-06,0.007461601371731764,0.9925383986282682,0.9999930432250264
1014,C,lambda_1.842983346207417,yoshida4,controlled_q0.010_phi0.000000000000,controlled,0.01,0.0,-1,0.27,fit_ok,resolved,True,E_state_hartree,True,-0.00011155170648579188,5.93225594111524e-06,-0.00011748396242690712,5.813610822283472e-06,-1.1864511883176814e-07,-0.00011736531730807535,0.0010098835311720391,0.998990116468828,0.9999982399378241
1015,C,lambda_1.842983346207417,yoshida4,controlled_q0.010_phi1.570796326795,controlled,0.01,1.570796326795,-1,0.27,fit_ok,resolved,True,mixed,True,-4.131385889500205e-05,5.93225594111524e-06,-4.7246114836117294e-05,5.813610822283472e-06,-1.1864511883176814e-07,-4.7127469717285525e-05,0.002511214292292874,0.9974887857077072,0.9999982399378241
1016,C,lambda_1.842983346207417,yoshida4,controlled_q0.010_phi3.141592653590,controlled,0.01,3.14159265359,-1,0.27,fit_ok,resolved,True,E_state_hartree,True,0.00012317892813037772,5.93225594111524e-06,0.00011724667218926249,5.813610822283472e-06,-1.1864511883176814e-07,0.00011736531730809425,0.0010119273887812205,0.9989880726112188,0.9999982399378241
1017,C,lambda_1.842983346207417,yoshida4,controlled_q0.010_phi4.712388980385,controlled,0.01,4.712388980385,-1,0.27,fit_ok,resolved,True,mixed,True,5.29410805395501e-05,5.93225594111524e-06,4.700882459843486e-05,5.813610822283472e-06,-1.1864511883176814e-07,4.7127469717266626e-05,0.0025238903513388074,0.9974761096486612,0.9999982399378241
1086,C,lambda_1.842983346207417,yoshida4,controlled_q0.010_phi0.000000000000,controlled,0.01,0.0,1,0.27,fit_ok,resolved,True,E_state_hartree,True,-0.00011155170648579188,5.93225594111524e-06,-0.00011748396242690712,5.813610822283472e-06,-1.1864511883176814e-07,-0.00011736531730807535,0.0010098835311720391,0.998990116468828,0.9999982399378241
1087,C,lambda_1.842983346207417,yoshida4,controlled_q0.010_phi1.570796326795,controlled,0.01,1.570796326795,1,0.27,fit_ok,resolved,True,mixed,True,5.29410805395501e-05,5.93225594111524e-06,4.700882459843486e-05,5.813610822283472e-06,-1.1864511883176814e-07,4.7127469717266626e-05,0.0025238903513388074,0.9974761096486612,0.9999982399378241
1088,C,lambda_1.842983346207417,yoshida4,controlled_q0.010_phi3.141592653590,controlled,0.01,3.14159265359,1,0.27,fit_ok,resolved,True,E_state_hartree,True,0.00012317892813037772,5.93225594111524e-06,0.00011724667218926249,5.813610822283472e-06,-1.1864511883176814e-07,0.00011736531730809425,0.0010119273887812205,0.9989880726112188,0.9999982399378241
1089,C,lambda_1.842983346207417,yoshida4,controlled_q0.010_phi4.712388980385,controlled,0.01,4.712388980385,1,0.27,fit_ok,resolved,True,mixed,True,-4.131385889500205e-05,5.93225594111524e-06,-4.7246114836117294e-05,5.813610822283472e-06,-1.1864511883176814e-07,-4.7127469717285525e-05,0.002511214292292874,0.9974887857077072,0.9999982399378241
1026,C,lambda_1.842983346207417,yoshida4,controlled_q0.010_phi0.000000000000,controlled,0.01,0.0,-1,0.4,fit_ok,resolved,True,E_state_hartree,True,-0.00029444171432200746,0.0001979429191735408,-0.0004923846334955482,0.0001939840607900642,-3.958858383476608e-06,-0.0004884257751120717,0.00804017451838777,0.9919598254816122,0.9999063635714168
1027,C,lambda_1.842983346207417,yoshida4,controlled_q0.010_phi1.570796326795,controlled,0.01,1.570796326795,-1,0.4,fit_ok,resolved,True,mixed,True,-0.0001161165474618947,0.0001979429191735408,-0.0003140594666354355,0.0001939840607900642,-3.958858383476608e-06,-0.0003101006082519589,0.012605441975331715,0.9873945580246682,0.9999063635714168
1028,C,lambda_1.842983346207417,yoshida4,controlled_q0.010_phi3.141592653590,controlled,0.01,3.14159265359,-1,0.4,fit_ok,resolved,True,E_state_hartree,True,0.0006824098359021478,0.0001979429191735408,0.000484466916728607,0.0001939840607900642,-3.958858383476608e-06,0.0004884257751120836,0.008171576317757766,0.9918284236822422,0.9999063635714168
1029,C,lambda_1.842983346207417,yoshida4,controlled_q0.010_phi4.712388980385,controlled,0.01,4.712388980385,-1,0.4,fit_ok,resolved,True,mixed,True,0.0005040846690420112,0.0001979429191735408,0.0003061417498684704,0.0001939840607900642,-3.958858383476608e-06,0.00031010060825194697,0.012931455396650336,0.9870685446033497,0.9999063635714168
1098,C,lambda_1.842983346207417,yoshida4,controlled_q0.010_phi0.000000000000,controlled,0.01,0.0,1,0.4,fit_ok,resolved,True,E_state_hartree,True,-0.00029444171432200746,0.0001979429191735408,-0.0004923846334955482,0.00019398406079006424,-3.958858383476554e-06,-0.0004884257751120717,0.00804017451838766,0.9919598254816123,0.9999063635714168
1099,C,lambda_1.842983346207417,yoshida4,controlled_q0.010_phi1.570796326795,controlled,0.01,1.570796326795,1,0.4,fit_ok,resolved,True,mixed,True,0.0005040846690420112,0.0001979429191735408,0.0003061417498684704,0.00019398406079006424,-3.958858383476554e-06,0.00031010060825194697,0.012931455396650159,0.9870685446033498,0.9999063635714168
1100,C,lambda_1.842983346207417,yoshida4,controlled_q0.010_phi3.141592653590,controlled,0.01,3.14159265359,1,0.4,fit_ok,resolved,True,E_state_hartree,True,0.000682409835902148,0.0001979429191735408,0.0004844669167286072,0.00019398406079006424,-3.958858383476554e-06,0.0004884257751120838,0.00817157631775765,0.9918284236822423,0.9999063635714168
1101,C,lambda_1.842983346207417,yoshida4,controlled_q0.010_phi4.712388980385,controlled,0.01,4.712388980385,1,0.4,fit_ok,resolved,True,mixed,True,-0.0001161165474618947,0.0001979429191735408,-0.0003140594666354355,0.00019398406079006424,-3.958858383476554e-06,-0.0003101006082519589,0.012605441975331541,0.9873945580246685,0.9999063635714168
970,C,lambda_1.842983346207417,yoshida4,controlled_q0.050_phi0.000000000000,controlled,0.05,0.0,-1,0.05,fit_ok,resolved,True,E_state_hartree,True,-3.655873278159628e-07,-3.0647404046353394e-08,-3.349399237696094e-07,-2.7582663508632576e-08,3.0647405377208186e-09,-3.3800466430733025e-07,0.009150120126703439,0.9908498798732965,0.9998364209418543
971,C,lambda_1.842983346207417,yoshida4,controlled_q0.050_phi1.570796326795,controlled,0.05,1.570796326795,-1,0.05,fit_ok,resolved,True,mixed,True,-5.152311632894424e-08,-3.0647404046353394e-08,-2.0875712282590846e-08,-2.7582663508632576e-08,3.0647405377208186e-09,-2.3940452820311665e-08,0.14680890866064664,0.8531910913393533,0.9998364209418543
972,C,lambda_1.842983346207417,yoshida4,controlled_q0.050_phi3.141592653590,controlled,0.05,3.14159265359,-1,0.05,fit_ok,resolved,True,E_state_hartree,True,3.104220005325268e-07,-3.0647404046353394e-08,3.410694045788802e-07,-2.7582663508632576e-08,3.0647405377208186e-09,3.3800466404115936e-07,0.008985680030446783,0.9910143199695532,0.9998364209418543
973,C,lambda_1.842983346207417,yoshida4,controlled_q0.050_phi4.712388980385,controlled,0.05,4.712388980385,-1,0.05,fit_ok,resolved,True,mixed,True,-3.6422104221500717e-09,-3.0647404046353394e-08,2.7005193624203323e-08,-2.7582663508632576e-08,3.0647405377208186e-09,2.3940453086482504e-08,0.11348707883264551,0.8865129211673545,0.9998364209418543
1042,C,lambda_1.842983346207417,yoshida4,controlled_q0.050_phi0.000000000000,controlled,0.05,0.0,1,0.05,fit_ok,resolved,True,E_state_hartree,True,-3.655873278159628e-07,-3.0647404046353394e-08,-3.349399237696094e-07,-2.758266350863259e-08,3.0647405377208054e-09,-3.380046643073302e-07,0.009150120126703399,0.9908498798732966,0.9998364209418543
1043,C,lambda_1.842983346207417,yoshida4,controlled_q0.050_phi1.570796326795,controlled,0.05,1.570796326795,1,0.05,fit_ok,resolved,True,mixed,True,-3.6422104221500717e-09,-3.0647404046353394e-08,2.7005193624203323e-08,-2.758266350863259e-08,3.0647405377208054e-09,2.3940453086482517e-08,0.11348707883264503,0.886512921167355,0.9998364209418543
1044,C,lambda_1.842983346207417,yoshida4,controlled_q0.050_phi3.141592653590,controlled,0.05,3.14159265359,1,0.05,fit_ok,resolved,True,E_state_hartree,True,3.1042200053252675e-07,-3.0647404046353394e-08,3.4106940457888014e-07,-2.758266350863259e-08,3.0647405377208054e-09,3.380046640411593e-07,0.008985680030446747,0.9910143199695532,0.9998364209418543
1045,C,lambda_1.842983346207417,yoshida4,controlled_q0.050_phi4.712388980385,controlled,0.05,4.712388980385,1,0.05,fit_ok,resolved,True,mixed,True,-5.152311632894424e-08,-3.0647404046353394e-08,-2.0875712282590846e-08,-2.758266350863259e-08,3.0647405377208054e-09,-2.394045282031165e-08,0.146808908660646,0.853191091339354,0.9998364209418543
982,C,lambda_1.842983346207417,yoshida4,controlled_q0.050_phi0.000000000000,controlled,0.05,0.0,-1,0.08,fit_ok,resolved,True,E_state_hartree,True,-2.3697063336393497e-06,-1.8651723136419462e-07,-2.183189102275155e-06,-1.678655082201598e-07,1.865172314403483e-08,-2.20184082541919e-06,0.008543338332257802,0.9914566616677422,0.9998583346370502
983,C,lambda_1.842983346207417,yoshida4,controlled_q0.050_phi1.570796326795,controlled,0.05,1.570796326795,-1,0.08,fit_ok,resolved,True,mixed,True,-4.180436996570336e-07,-1.8651723136419462e-07,-2.3152646829283897e-07,-1.678655082201598e-07,1.865172314403483e-08,-2.501781914368738e-07,0.08055978774938072,0.9194402122506193,0.9998583346370502
984,C,lambda_1.842983346207417,yoshida4,controlled_q0.050_phi3.141592653590,controlled,0.05,3.14159265359,-1,0.08,fit_ok,resolved,True,E_state_hartree,True,2.0339753171838e-06,-1.8651723136419462e-07,2.2204925485479946e-06,-1.678655082201598e-07,1.865172314403483e-08,2.2018408254039598e-06,0.008399813436091648,0.9916001865639084,0.9998583346370502
985,C,lambda_1.842983346207417,yoshida4,controlled_q0.050_phi4.712388980385,controlled,0.05,4.712388980385,-1,0.08,fit_ok,resolved,True,mixed,True,8.23126832319443e-08,-1.8651723136419462e-07,2.688299145961389e-07,-1.678655082201598e-07,1.865172314403483e-08,2.501781914521041e-07,0.06938112959658961,0.9306188704034104,0.9998583346370502
1054,C,lambda_1.842983346207417,yoshida4,controlled_q0.050_phi0.000000000000,controlled,0.05,0.0,1,0.08,fit_ok,resolved,True,E_state_hartree,True,-2.3697063336393497e-06,-1.8651723136419462e-07,-2.183189102275155e-06,-1.6786550826352788e-07,1.8651723100666744e-08,-2.2018408253758217e-06,0.008543338312393244,0.9914566616876067,0.9998583346377076
1055,C,lambda_1.842983346207417,yoshida4,controlled_q0.050_phi1.570796326795,controlled,0.05,1.570796326795,1,0.08,fit_ok,resolved,True,mixed,True,8.231268305847195e-08,-1.8651723136419462e-07,2.6882991442266654e-07,-1.6786550826352788e-07,1.8651723100666744e-08,2.501781913219998e-07,0.06938112948003868,0.9306188705199613,0.9998583346377076
1056,C,lambda_1.842983346207417,yoshida4,controlled_q0.050_phi3.141592653590,controlled,0.05,3.14159265359,1,0.08,fit_ok,resolved,True,E_state_hartree,True,2.0339753171838e-06,-1.8651723136419462e-07,2.2204925485479946e-06,-1.6786550826352788e-07,1.8651723100666744e-08,2.201840825447328e-06,0.008399813416560807,0.9916001865834392,0.9998583346377076
1057,C,lambda_1.842983346207417,yoshida4,controlled_q0.050_phi4.712388980385,controlled,0.05,4.712388980385,1,0.08,fit_ok,resolved,True,mixed,True,-4.180436996570336e-07,-1.8651723136419462e-07,-2.3152646829283897e-07,-1.6786550826352788e-07,1.8651723100666744e-08,-2.501781913935057e-07,0.08055978756206698,0.9194402124379331,0.9998583346377076
994,C,lambda_1.842983346207417,yoshida4,controlled_q0.050_phi0.000000000000,controlled,0.05,0.0,-1,0.12,fit_ok,resolved,True,E_state_hartree,True,-1.172629158734837e-05,-7.966683699474978e-07,-1.0929623217400873e-05,-7.170015329915067e-07,7.966683695599107e-08,-1.1009290054356865e-05,0.00728907441467468,0.9927109255853254,0.9998982688040183
995,C,lambda_1.842983346207417,yoshida4,controlled_q0.050_phi1.570796326795,controlled,0.05,1.570796326795,-1,0.12,fit_ok,resolved,True,mixed,True,-2.60348511973522e-06,-7.966683699474978e-07,-1.8068167497877223e-06,-7.170015329915067e-07,7.966683695599107e-08,-1.8864835867437134e-06,0.04409237238106792,0.9559076276189321,0.9998982688040183
996,C,lambda_1.842983346207417,yoshida4,controlled_q0.050_phi3.141592653590,controlled,0.05,3.14159265359,-1,0.12,fit_ok,resolved,True,E_state_hartree,True,1.029228852144287e-05,-7.966683699474978e-07,1.1088956891390367e-05,-7.170015329915067e-07,7.966683695599107e-08,1.1009290054434375e-05,0.0071843400363334085,0.9928156599636666,0.9998982688040183
997,C,lambda_1.842983346207417,yoshida4,controlled_q0.050_phi4.712388980385,controlled,0.05,4.712388980385,-1,0.12,fit_ok,resolved,True,mixed,True,1.169482053674694e-06,-7.966683699474978e-07,1.9661504236221916e-06,-7.170015329915067e-07,7.966683695599107e-08,1.8864835866662005e-06,0.04051919731005259,0.9594808026899474,0.9998982688040183
1066,C,lambda_1.842983346207417,yoshida4,controlled_q0.050_phi0.000000000000,controlled,0.05,0.0,1,0.12,fit_ok,resolved,True,E_state_hartree,True,-1.172629158734837e-05,-7.966683699474978e-07,-1.0929623217400873e-05,-7.170015329915063e-07,7.966683695599149e-08,-1.1009290054356865e-05,0.0072890744146747195,0.9927109255853253,0.9998982688040183
1067,C,lambda_1.842983346207417,yoshida4,controlled_q0.050_phi1.570796326795,controlled,0.05,1.570796326795,1,0.12,fit_ok,resolved,True,mixed,True,1.169482053674694e-06,-7.966683699474978e-07,1.9661504236221916e-06,-7.170015329915063e-07,7.966683695599149e-08,1.8864835866662001e-06,0.0405191973100528,0.9594808026899472,0.9998982688040183
1068,C,lambda_1.842983346207417,yoshida4,controlled_q0.050_phi3.141592653590,controlled,0.05,3.14159265359,1,0.12,fit_ok,resolved,True,E_state_hartree,True,1.0292288521442871e-05,-7.966683699474978e-07,1.1088956891390368e-05,-7.170015329915063e-07,7.966683695599149e-08,1.1009290054434377e-05,0.007184340036333446,0.9928156599636666,0.9998982688040183
1069,C,lambda_1.842983346207417,yoshida4,controlled_q0.050_phi4.712388980385,controlled,0.05,4.712388980385,1,0.12,fit_ok,resolved,True,mixed,True,-2.60348511973522e-06,-7.966683699474978e-07,-1.8068167497877223e-06,-7.170015329915063e-07,7.966683695599149e-08,-1.8864835867437138e-06,0.04409237238106815,0.9559076276189319,0.9998982688040183
1006,C,lambda_1.842983346207417,yoshida4,controlled_q0.050_phi0.000000000000,controlled,0.05,0.0,-1,0.18,fit_ok,resolved,True,E_state_hartree,True,-5.632964794298006e-05,-2.383589607628803e-06,-5.394605833535126e-05,-2.1452306468649403e-06,2.383589607638627e-07,-5.4184417296115125e-05,0.004418468524282603,0.9955815314757174,0.999963752602652
1007,C,lambda_1.842983346207417,yoshida4,controlled_q0.050_phi1.570796326795,controlled,0.05,1.570796326795,-1,0.18,fit_ok,resolved,True,mixed,True,-1.6244192809782164e-05,-2.383589607628803e-06,-1.386060320215336e-05,-2.1452306468649403e-06,2.383589607638627e-07,-1.4098962162917222e-05,0.017196867790489206,0.9828031322095108,0.999963752602652
1008,C,lambda_1.842983346207417,yoshida4,controlled_q0.050_phi3.141592653590,controlled,0.05,3.14159265359,-1,0.18,fit_ok,resolved,True,E_state_hartree,True,5.203918664924821e-05,-2.383589607628803e-06,5.442277625687701e-05,-2.1452306468649403e-06,2.383589607638627e-07,5.4184417296113146e-05,0.004379764818295961,0.9956202351817041,0.999963752602652
1009,C,lambda_1.842983346207417,yoshida4,controlled_q0.050_phi4.712388980385,controlled,0.05,4.712388980385,-1,0.18,fit_ok,resolved,True,mixed,True,1.1953731516054254e-05,-2.383589607628803e-06,1.4337321123683056e-05,-2.1452306468649403e-06,2.383589607638627e-07,1.4098962162919194e-05,0.016625069544556007,0.983374930455444,0.999963752602652
1078,C,lambda_1.842983346207417,yoshida4,controlled_q0.050_phi0.000000000000,controlled,0.05,0.0,1,0.18,fit_ok,resolved,True,E_state_hartree,True,-5.632964794298006e-05,-2.383589607628803e-06,-5.394605833535126e-05,-2.1452306468456656e-06,2.3835896078313735e-07,-5.4184417296134396e-05,0.0044184685246398975,0.9955815314753601,0.9999637526026461
1079,C,lambda_1.842983346207417,yoshida4,controlled_q0.050_phi1.570796326795,controlled,0.05,1.570796326795,1,0.18,fit_ok,resolved,True,mixed,True,1.1953731516131353e-05,-2.383589607628803e-06,1.4337321123760157e-05,-2.1452306468456656e-06,2.3835896078313735e-07,1.409896216297702e-05,0.016625069545810972,0.983374930454189,0.9999637526026461
1080,C,lambda_1.842983346207417,yoshida4,controlled_q0.050_phi3.141592653590,controlled,0.05,3.14159265359,1,0.18,fit_ok,resolved,True,E_state_hartree,True,5.203918664924821e-05,-2.383589607628803e-06,5.442277625687701e-05,-2.1452306468456656e-06,2.3835896078313735e-07,5.4184417296093874e-05,0.004379764818650126,0.9956202351813499,0.9999637526026461
1081,C,lambda_1.842983346207417,yoshida4,controlled_q0.050_phi4.712388980385,controlled,0.05,4.712388980385,1,0.18,fit_ok,resolved,True,mixed,True,-1.6244192809782164e-05,-2.383589607628803e-06,-1.386060320215336e-05,-2.1452306468456656e-06,2.3835896078313735e-07,-1.4098962162936497e-05,0.017196867791879816,0.9828031322081202,0.9999637526026461
1018,C,lambda_1.842983346207417,yoshida4,controlled_q0.050_phi0.000000000000,controlled,0.05,0.0,-1,0.27,fit_ok,resolved,True,E_state_hartree,True,-0.00025174138019073587,5.93225594111524e-06,-0.0002576736361318511,5.3390303470126235e-06,-5.932255941026163e-07,-0.0002570804105377485,0.0023022362823298843,0.9976977637176702,0.9999908292176792
1019,C,lambda_1.842983346207417,yoshida4,controlled_q0.050_phi1.570796326795,controlled,0.05,1.570796326795,-1,0.27,fit_ok,resolved,True,mixed,True,-9.789035240767882e-05,5.93225594111524e-06,-0.00010382260834879405,5.3390303470126235e-06,-5.932255941026163e-07,-0.00010322938275469144,0.005713838281828401,0.9942861617181716,0.9999908292176792
1020,C,lambda_1.842983346207417,yoshida4,controlled_q0.050_phi3.141592653590,controlled,0.05,3.14159265359,-1,0.27,fit_ok,resolved,True,E_state_hartree,True,0.0002624194408847434,5.93225594111524e-06,0.00025648718494362813,5.3390303470126235e-06,-5.932255941026163e-07,0.00025708041053773074,0.002312885902011042,0.9976871140979889,0.9999908292176792
1021,C,lambda_1.842983346207417,yoshida4,controlled_q0.050_phi4.712388980385,controlled,0.05,4.712388980385,-1,0.27,fit_ok,resolved,True,mixed,True,0.0001085684131017218,5.93225594111524e-06,0.00010263615716060656,5.3390303470126235e-06,-5.932255941026163e-07,0.00010322938275470918,0.00577988898370706,0.9942201110162929,0.9999908292176792
1090,C,lambda_1.842983346207417,yoshida4,controlled_q0.050_phi0.000000000000,controlled,0.05,0.0,1,0.27,fit_ok,resolved,True,E_state_hartree,True,-0.00025174138019073587,5.93225594111524e-06,-0.0002576736361318511,5.339030346999786e-06,-5.93225594115454e-07,-0.00025708041053773567,0.0023022362823797056,0.9976977637176203,0.9999908292176789
1091,C,lambda_1.842983346207417,yoshida4,controlled_q0.050_phi1.570796326795,controlled,0.05,1.570796326795,1,0.27,fit_ok,resolved,True,mixed,True,0.0001085684131017218,5.93225594111524e-06,0.00010263615716060656,5.339030346999786e-06,-5.93225594115454e-07,0.00010322938275472201,0.0057798889838321385,0.9942201110161678,0.9999908292176789
1092,C,lambda_1.842983346207417,yoshida4,controlled_q0.050_phi3.141592653590,controlled,0.05,3.14159265359,1,0.27,fit_ok,resolved,True,E_state_hartree,True,0.00026241944088474344,5.93225594111524e-06,0.0002564871849436282,5.339030346999786e-06,-5.93225594115454e-07,0.00025708041053774364,0.002312885902061093,0.9976871140979389,0.9999908292176789
1093,C,lambda_1.842983346207417,yoshida4,controlled_q0.050_phi4.712388980385,controlled,0.05,4.712388980385,1,0.27,fit_ok,resolved,True,mixed,True,-9.789035240773022e-05,5.93225594111524e-06,-0.00010382260834884546,5.339030346999786e-06,-5.93225594115454e-07,-0.00010322938275473001,0.005713838281949221,0.9942861617180507,0.9999908292176789
1030,C,lambda_1.842983346207417,yoshida4,controlled_q0.050_phi0.000000000000,controlled,0.05,0.0,-1,0.4,fit_ok,resolved,True,E_state_hartree,True,-0.0008917134211155511,0.0001979429191735408,-0.0010896563402890919,0.00017814862725619253,-1.9794291917348266e-05,-0.0010698620483717437,0.018165628176032757,0.9818343718239673,0.9995122972057956
1031,C,lambda_1.842983346207417,yoshida4,controlled_q0.050_phi1.570796326795,controlled,0.05,1.570796326795,-1,0.4,fit_ok,resolved,True,mixed,True,-0.0005011047800186283,0.0001979429191735408,-0.0006990476991921691,0.00017814862725619253,-1.9794291917348266e-05,-0.0006792534072748207,0.028316081921481,0.971683918078519,0.9995122972057956
1032,C,lambda_1.842983346207417,yoshida4,controlled_q0.050_phi3.141592653590,controlled,0.05,3.14159265359,-1,0.4,fit_ok,resolved,True,E_state_hartree,True,0.0012480106756279255,0.0001979429191735408,0.0010500677564543846,0.00017814862725619253,-1.9794291917348266e-05,0.0010698620483717328,0.018850490166639203,0.9811495098333608,0.9995122972057956
1033,C,lambda_1.842983346207417,yoshida4,controlled_q0.050_phi4.712388980385,controlled,0.05,4.712388980385,-1,0.4,fit_ok,resolved,True,mixed,True,0.000857402034531024,0.0001979429191735408,0.0006594591153574833,0.00017814862725619253,-1.9794291917348266e-05,0.0006792534072748316,0.030015950126973476,0.9699840498730266,0.9995122972057956
1102,C,lambda_1.842983346207417,yoshida4,controlled_q0.050_phi0.000000000000,controlled,0.05,0.0,1,0.4,fit_ok,resolved,True,E_state_hartree,True,-0.0008917134211155511,0.0001979429191735408,-0.0010896563402890919,0.00017814862725619248,-1.979429191734832e-05,-0.0010698620483717437,0.018165628176032806,0.9818343718239672,0.9995122972057957
1103,C,lambda_1.842983346207417,yoshida4,controlled_q0.050_phi1.570796326795,controlled,0.05,1.570796326795,1,0.4,fit_ok,resolved,True,mixed,True,0.000857402034531024,0.0001979429191735408,0.0006594591153574833,0.00017814862725619248,-1.979429191734832e-05,0.0006792534072748316,0.030015950126973556,0.9699840498730264,0.9995122972057957
1104,C,lambda_1.842983346207417,yoshida4,controlled_q0.050_phi3.141592653590,controlled,0.05,3.14159265359,1,0.4,fit_ok,resolved,True,E_state_hartree,True,0.0012480106756279253,0.0001979429191735408,0.0010500677564543844,0.00017814862725619248,-1.979429191734832e-05,0.0010698620483717328,0.01885049016663926,0.9811495098333607,0.9995122972057957
1105,C,lambda_1.842983346207417,yoshida4,controlled_q0.050_phi4.712388980385,controlled,0.05,4.712388980385,1,0.4,fit_ok,resolved,True,mixed,True,-0.0005011047800186283,0.0001979429191735408,-0.0006990476991921691,0.00017814862725619248,-1.979429191734832e-05,-0.0006792534072748207,0.028316081921481075,0.971683918078519,0.9995122972057957
1106,C,lambda_1.872983346207417,yoshida4,controlled_q0.001_phi0.000000000000,controlled,0.001,0.0,-1,0.05,fit_ok,resolved,True,E_state_hartree,True,-5.2975789104774256e-08,1.582198656586401e-09,-5.455798776136066e-08,1.5790342358427333e-09,-3.164420743667693e-12,-5.455482334061699e-08,5.800105307235718e-05,0.9999419989469276,0.9999999933045642
1107,C,lambda_1.872983346207417,yoshida4,controlled_q0.001_phi1.570796326795,controlled,0.001,1.570796326795,-1,0.05,fit_ok,resolved,True,mixed,True,-2.285016481584634e-09,1.582198656586401e-09,-3.867215138171035e-09,1.5790342358427333e-09,-3.164420743667693e-12,-3.864050717427367e-09,0.0008182686068932481,0.9991817313931067,0.9999999933045642
1108,C,lambda_1.872983346207417,yoshida4,controlled_q0.001_phi3.141592653590,controlled,0.001,3.14159265359,-1,0.05,fit_ok,resolved,True,E_state_hartree,True,5.613385762332072e-08,1.582198656586401e-09,5.455165896673432e-08,1.5790342358427333e-09,-3.164420743667693e-12,5.455482338747799e-08,5.8007782047423363e-05,0.9999419922179525,0.9999999933045642
1109,C,lambda_1.872983346207417,yoshida4,controlled_q0.001_phi4.712388980385,controlled,0.001,4.712388980385,-1,0.05,fit_ok,resolved,True,mixed,True,5.443084906409101e-09,1.582198656586401e-09,3.8608862498227e-09,1.5790342358427333e-09,-3.164420743667693e-12,3.864050670566368e-09,0.0008196099389908235,0.9991803900610092,0.9999999933045642
1178,C,lambda_1.872983346207417,yoshida4,controlled_q0.001_phi0.000000000000,controlled,0.001,0.0,1,0.05,fit_ok,resolved,True,E_state_hartree,True,-5.2975789104774256e-08,1.582198656586401e-09,-5.455798776136066e-08,1.5790342358427217e-09,-3.1644207436792734e-12,-5.4554823340616976e-08,5.800105307256944e-05,0.9999419989469275,0.9999999933045642
1179,C,lambda_1.872983346207417,yoshida4,controlled_q0.001_phi1.570796326795,controlled,0.001,1.570796326795,1,0.05,fit_ok,resolved,True,mixed,True,5.443084906409101e-09,1.582198656586401e-09,3.8608862498227e-09,1.5790342358427217e-09,-3.1644207436792734e-12,3.86405067056638e-09,0.000819609938993823,0.9991803900610062,0.9999999933045642
1180,C,lambda_1.872983346207417,yoshida4,controlled_q0.001_phi3.141592653590,controlled,0.001,3.14159265359,1,0.05,fit_ok,resolved,True,E_state_hartree,True,5.6133857623320676e-08,1.582198656586401e-09,5.4551658966734275e-08,1.5790342358427217e-09,-3.1644207436792734e-12,5.4554823387477956e-08,5.80077820476357e-05,0.9999419922179523,0.9999999933045642
1181,C,lambda_1.872983346207417,yoshida4,controlled_q0.001_phi4.712388980385,controlled,0.001,4.712388980385,1,0.05,fit_ok,resolved,True,mixed,True,-2.285016481584634e-09,1.582198656586401e-09,-3.867215138171035e-09,1.5790342358427217e-09,-3.1644207436792734e-12,-3.864050717427356e-09,0.0008182686068962426,0.9991817313931037,0.9999999933045642
1118,C,lambda_1.872983346207417,yoshida4,controlled_q0.001_phi0.000000000000,controlled,0.001,0.0,-1,0.08,fit_ok,resolved,True,E_state_hartree,True,-3.2890445457026085e-07,2.646466007287983e-08,-3.553691146431407e-07,2.6411730759797287e-08,-5.2929313082542495e-11,-3.5531618533005815e-07,0.0001489417929177491,0.9998510582070822,0.9999999561851184
1119,C,lambda_1.872983346207417,yoshida4,controlled_q0.001_phi1.570796326795,controlled,0.001,1.570796326795,-1,0.08,fit_ok,resolved,True,mixed,True,-1.3960107158803026e-08,2.646466007287983e-08,-4.0424767231682855e-08,2.6411730759797287e-08,-5.2929313082542495e-11,-4.037183791860031e-08,0.0013093288275277742,0.9986906711724722,0.9999999561851184
1120,C,lambda_1.872983346207417,yoshida4,controlled_q0.001_phi3.141592653590,controlled,0.001,3.14159265359,-1,0.08,fit_ok,resolved,True,E_state_hartree,True,3.817279160757286e-07,2.646466007287983e-08,3.5526325600284876e-07,2.6411730759797287e-08,-5.2929313082542495e-11,3.553161853159313e-07,0.00014898617345926162,0.9998510138265407,0.9999999561851184
1121,C,lambda_1.872983346207417,yoshida4,controlled_q0.001_phi4.712388980385,controlled,0.001,4.712388980385,-1,0.08,fit_ok,resolved,True,mixed,True,6.678356869252444e-08,2.646466007287983e-08,4.031890861964461e-08,2.6411730759797287e-08,-5.2929313082542495e-11,4.0371837932727155e-08,0.00131276651314797,0.9986872334868521,0.9999999561851184
1190,C,lambda_1.872983346207417,yoshida4,controlled_q0.001_phi0.000000000000,controlled,0.001,0.0,1,0.08,fit_ok,resolved,True,E_state_hartree,True,-3.2890445457026085e-07,2.646466007287983e-08,-3.553691146431407e-07,2.6411730759797208e-08,-5.2929313082621904e-11,-3.5531618533005805e-07,0.00014894179291797256,0.999851058207082,0.9999999561851184
1191,C,lambda_1.872983346207417,yoshida4,controlled_q0.001_phi1.570796326795,controlled,0.001,1.570796326795,1,0.08,fit_ok,resolved,True,mixed,True,6.678356869252444e-08,2.646466007287983e-08,4.031890861964461e-08,2.6411730759797208e-08,-5.2929313082621904e-11,4.0371837932727234e-08,0.0013127665131499396,0.9986872334868501,0.9999999561851184
1192,C,lambda_1.872983346207417,yoshida4,controlled_q0.001_phi3.141592653590,controlled,0.001,3.14159265359,1,0.08,fit_ok,resolved,True,E_state_hartree,True,3.8172791607572827e-07,2.646466007287983e-08,3.5526325600284844e-07,2.6411730759797208e-08,-5.2929313082621904e-11,3.5531618531593107e-07,0.0001489861734594853,0.9998510138265405,0.9999999561851184
1193,C,lambda_1.872983346207417,yoshida4,controlled_q0.001_phi4.712388980385,controlled,0.001,4.712388980385,1,0.08,fit_ok,resolved,True,mixed,True,-1.3960107158803026e-08,2.646466007287983e-08,-4.0424767231682855e-08,2.6411730759797208e-08,-5.2929313082621904e-11,-4.0371837918600233e-08,0.0013093288275297385,0.9986906711724702,0.9999999561851184
1130,C,lambda_1.872983346207417,yoshida4,controlled_q0.001_phi0.000000000000,controlled,0.001,0.0,-1,0.12,fit_ok,resolved,True,E_state_hartree,True,-1.4769276020705584e-06,2.9958097263088927e-07,-1.7765085747014477e-06,2.989818106780726e-07,-5.991619528166877e-10,-1.775909412748631e-06,0.00033726938408804486,0.9996627306159119,0.9999997788389957
1131,C,lambda_1.872983346207417,yoshida4,controlled_q0.001_phi1.570796326795,controlled,0.001,1.570796326795,-1,0.12,fit_ok,resolved,True,mixed,True,-5.326999590859102e-09,2.9958097263088927e-07,-3.0490797222174835e-07,2.989818106780726e-07,-5.991619528166877e-10,-3.0430881026893166e-07,0.0019650583369494167,0.9980349416630506,0.9999997788389957
1132,C,lambda_1.872983346207417,yoshida4,controlled_q0.001_phi3.141592653590,controlled,0.001,3.14159265359,-1,0.12,fit_ok,resolved,True,E_state_hartree,True,2.0748912234418122e-06,2.9958097263088927e-07,1.775310250810923e-06,2.989818106780726e-07,-5.991619528166877e-10,1.7759094127637396e-06,0.00033749703892207213,0.999662502961078,0.9999997788389957
1133,C,lambda_1.872983346207417,yoshida4,controlled_q0.001_phi4.712388980385,controlled,0.001,4.712388980385,-1,0.12,fit_ok,resolved,True,mixed,True,6.032906209318956e-07,2.9958097263088927e-07,3.037096483010063e-07,2.989818106780726e-07,-5.991619528166877e-10,3.04308810253823e-07,0.0019728117172716853,0.9980271882827283,0.9999997788389957
1202,C,lambda_1.872983346207417,yoshida4,controlled_q0.001_phi0.000000000000,controlled,0.001,0.0,1,0.12,fit_ok,resolved,True,E_state_hartree,True,-1.4769276020705584e-06,2.9958097263088927e-07,-1.7765085747014477e-06,2.9898181067807237e-07,-5.991619528168995e-10,-1.7759094127486309e-06,0.00033726938408816406,0.9996627306159118,0.9999997788389957
1203,C,lambda_1.872983346207417,yoshida4,controlled_q0.001_phi1.570796326795,controlled,0.001,1.570796326795,1,0.12,fit_ok,resolved,True,mixed,True,6.032906209318956e-07,2.9958097263088927e-07,3.037096483010063e-07,2.9898181067807237e-07,-5.991619528168995e-10,3.043088102538232e-07,0.001972811717272382,0.9980271882827276,0.9999997788389957
1204,C,lambda_1.872983346207417,yoshida4,controlled_q0.001_phi3.141592653590,controlled,0.001,3.14159265359,1,0.12,fit_ok,resolved,True,E_state_hartree,True,2.0748912234418114e-06,2.9958097263088927e-07,1.7753102508109221e-06,2.9898181067807237e-07,-5.991619528168995e-10,1.775909412763739e-06,0.0003374970389221916,0.9996625029610778,0.9999997788389957
1205,C,lambda_1.872983346207417,yoshida4,controlled_q0.001_phi4.712388980385,controlled,0.001,4.712388980385,1,0.12,fit_ok,resolved,True,mixed,True,-5.326999590859102e-09,2.9958097263088927e-07,-3.0490797222174835e-07,2.9898181067807237e-07,-5.991619528168995e-10,-3.0430881026893145e-07,0.001965058336950111,0.9980349416630498,0.9999997788389957
1142,C,lambda_1.872983346207417,yoshida4,controlled_q0.001_phi0.000000000000,controlled,0.001,0.0,-1,0.18,fit_ok,resolved,True,E_state_hartree,True,-5.374656155332871e-06,3.3649204575469463e-06,-8.739576612879818e-06,3.3581906166316483e-06,-6.729840915297989e-09,-8.73284677196452e-06,0.0007700419841139659,0.999229958015886,0.9999988875619061
1143,C,lambda_1.872983346207417,yoshida4,controlled_q0.001_phi1.570796326795,controlled,0.001,1.570796326795,-1,0.18,fit_ok,resolved,True,mixed,True,1.085875394742626e-06,3.3649204575469463e-06,-2.2790450628043204e-06,3.3581906166316483e-06,-6.729840915297989e-09,-2.2723152218890224e-06,0.0029529213902497616,0.9970470786097503,0.9999988875619061
1144,C,lambda_1.872983346207417,yoshida4,controlled_q0.001_phi3.141592653590,controlled,0.001,3.14159265359,-1,0.18,fit_ok,resolved,True,E_state_hartree,True,1.2091037388596552e-05,3.3649204575469463e-06,8.726116931049606e-06,3.3581906166316483e-06,-6.729840915297989e-09,8.732846771964904e-06,0.0007712297426764486,0.9992287702573236,0.9999988875619061
1145,C,lambda_1.872983346207417,yoshida4,controlled_q0.001_phi4.712388980385,controlled,0.001,4.712388980385,-1,0.18,fit_ok,resolved,True,mixed,True,5.630505838520286e-06,3.3649204575469463e-06,2.2655853809733394e-06,3.3581906166316483e-06,-6.729840915297989e-09,2.2723152218886374e-06,0.002970464486492546,0.9970295355135075,0.9999988875619061
1214,C,lambda_1.872983346207417,yoshida4,controlled_q0.001_phi0.000000000000,controlled,0.001,0.0,1,0.18,fit_ok,resolved,True,E_state_hartree,True,-5.374656155332871e-06,3.3649204575469463e-06,-8.739576612879818e-06,3.358190616631647e-06,-6.72984091529926e-09,-8.732846771964518e-06,0.0007700419841141113,0.9992299580158859,0.9999988875619062
1215,C,lambda_1.872983346207417,yoshida4,controlled_q0.001_phi1.570796326795,controlled,0.001,1.570796326795,1,0.18,fit_ok,resolved,True,mixed,True,5.630505838520286e-06,3.3649204575469463e-06,2.2655853809733394e-06,3.358190616631647e-06,-6.72984091529926e-09,2.2723152218886387e-06,0.0029704644864931066,0.9970295355135069,0.9999988875619062
1216,C,lambda_1.872983346207417,yoshida4,controlled_q0.001_phi3.141592653590,controlled,0.001,3.14159265359,1,0.18,fit_ok,resolved,True,E_state_hartree,True,1.2091037388596547e-05,3.3649204575469463e-06,8.726116931049601e-06,3.358190616631647e-06,-6.72984091529926e-09,8.732846771964901e-06,0.0007712297426765947,0.9992287702573234,0.9999988875619062
1217,C,lambda_1.872983346207417,yoshida4,controlled_q0.001_phi4.712388980385,controlled,0.001,4.712388980385,1,0.18,fit_ok,resolved,True,mixed,True,1.085875394742626e-06,3.3649204575469463e-06,-2.2790450628043204e-06,3.358190616631647e-06,-6.72984091529926e-09,-2.272315221889021e-06,0.0029529213902503193,0.9970470786097497,0.9999988875619062
1154,C,lambda_1.872983346207417,yoshida4,controlled_q0.001_phi0.000000000000,controlled,0.001,0.0,-1,0.27,fit_ok,resolved,True,E_state_hartree,True,-4.291435065478255e-06,3.713329937194654e-05,-4.14247344374248e-05,3.705903277320594e-05,-7.426659874060118e-08,-4.13504678386842e-05,0.0017928080831220898,0.9982071919168779,0.9999944443819674
1155,C,lambda_1.872983346207417,yoshida4,controlled_q0.001_phi1.570796326795,controlled,0.001,1.570796326795,-1,0.27,fit_ok,resolved,True,mixed,True,2.0454954451275984e-05,3.713329937194654e-05,-1.667834492067056e-05,3.705903277320594e-05,-7.426659874060118e-08,-1.6604078321929958e-05,0.004452875815546766,0.9955471241844532,0.9999944443819674
1156,C,lambda_1.872983346207417,yoshida4,controlled_q0.001_phi3.141592653590,controlled,0.001,3.14159265359,-1,0.27,fit_ok,resolved,True,E_state_hartree,True,7.840950061188336e-05,3.713329937194654e-05,4.127620123993681e-05,3.705903277320594e-05,-7.426659874060118e-08,4.1350467838677414e-05,0.0017992595372062603,0.9982007404627937,0.9999944443819674
1157,C,lambda_1.872983346207417,yoshida4,controlled_q0.001_phi4.712388980385,controlled,0.001,4.712388980385,-1,0.27,fit_ok,resolved,True,mixed,True,5.3663111095142686e-05,3.713329937194654e-05,1.6529811723196143e-05,3.705903277320594e-05,-7.426659874060118e-08,1.6604078321936744e-05,0.0044928883634157485,0.9955071116365842,0.9999944443819674
1226,C,lambda_1.872983346207417,yoshida4,controlled_q0.001_phi0.000000000000,controlled,0.001,0.0,1,0.27,fit_ok,resolved,True,E_state_hartree,True,-4.291435065478255e-06,3.713329937194654e-05,-4.14247344374248e-05,3.705903277320595e-05,-7.42665987405944e-08,-4.1350467838684204e-05,0.0017928080831219263,0.9982071919168781,0.9999944443819674
1227,C,lambda_1.872983346207417,yoshida4,controlled_q0.001_phi1.570796326795,controlled,0.001,1.570796326795,1,0.27,fit_ok,resolved,True,mixed,True,5.3663111095142686e-05,3.713329937194654e-05,1.6529811723196143e-05,3.705903277320595e-05,-7.42665987405944e-08,1.6604078321936738e-05,0.004492888363415339,0.9955071116365847,0.9999944443819674
1228,C,lambda_1.872983346207417,yoshida4,controlled_q0.001_phi3.141592653590,controlled,0.001,3.14159265359,1,0.27,fit_ok,resolved,True,E_state_hartree,True,7.840950061188337e-05,3.713329937194654e-05,4.1276201239936826e-05,3.705903277320595e-05,-7.42665987405944e-08,4.135046783867742e-05,0.0017992595372060955,0.998200740462794,0.9999944443819674
1229,C,lambda_1.872983346207417,yoshida4,controlled_q0.001_phi4.712388980385,controlled,0.001,4.712388980385,1,0.27,fit_ok,resolved,True,mixed,True,2.0454954451275984e-05,3.713329937194654e-05,-1.667834492067056e-05,3.705903277320595e-05,-7.42665987405944e-08,-1.6604078321929965e-05,0.00445287581554636,0.9955471241844537,0.9999944443819674
1166,C,lambda_1.872983346207417,yoshida4,controlled_q0.001_phi0.000000000000,controlled,0.001,0.0,-1,0.4,fit_ok,resolved,True,E_state_hartree,True,0.00019444607463831704,0.0003664968627667474,-0.00017205078812843034,0.0003657638690412124,-7.329937255349975e-07,-0.00017131779440289534,0.004260333437053723,0.9957396665629463,0.9999739068231829
1167,C,lambda_1.872983346207417,yoshida4,controlled_q0.001_phi1.570796326795,controlled,0.001,1.570796326795,-1,0.4,fit_ok,resolved,True,mixed,True,0.00025699452279503033,0.0003664968627667474,-0.00010950233997171705,0.0003657638690412124,-7.329937255349975e-07,-0.00010876934624618205,0.006693863580671607,0.9933061364193284,0.9999739068231829
1168,C,lambda_1.872983346207417,yoshida4,controlled_q0.001_phi3.141592653590,controlled,0.001,3.14159265359,-1,0.4,fit_ok,resolved,True,E_state_hartree,True,0.00053708166344411,0.0003664968627667474,0.00017058480067736262,0.0003657638690412124,-7.329937255349975e-07,0.00017131779440289762,0.004296946284923432,0.9957030537150766,0.9999739068231829
1169,C,lambda_1.872983346207417,yoshida4,controlled_q0.001_phi4.712388980385,controlled,0.001,4.712388980385,-1,0.4,fit_ok,resolved,True,mixed,True,0.00047453321528739215,0.0003664968627667474,0.00010803635252064478,0.0003657638690412124,-7.329937255349975e-07,0.00010876934624617977,0.0067846952292741364,0.9932153047707258,0.9999739068231829
1238,C,lambda_1.872983346207417,yoshida4,controlled_q0.001_phi0.000000000000,controlled,0.001,0.0,1,0.4,fit_ok,resolved,True,E_state_hartree,True,0.00019444607463831704,0.0003664968627667474,-0.00017205078812843034,0.0003657638690412123,-7.329937255350517e-07,-0.00017131779440289529,0.004260333437054038,0.995739666562946,0.9999739068231829
1239,C,lambda_1.872983346207417,yoshida4,controlled_q0.001_phi1.570796326795,controlled,0.001,1.570796326795,1,0.4,fit_ok,resolved,True,mixed,True,0.00047453321528739215,0.0003664968627667474,0.00010803635252064478,0.0003657638690412123,-7.329937255350517e-07,0.00010876934624617983,0.006784695229274639,0.9932153047707254,0.9999739068231829
1240,C,lambda_1.872983346207417,yoshida4,controlled_q0.001_phi3.141592653590,controlled,0.001,3.14159265359,1,0.4,fit_ok,resolved,True,E_state_hartree,True,0.0005370816634441098,0.0003664968627667474,0.0001705848006773624,0.0003657638690412123,-7.329937255350517e-07,0.00017131779440289745,0.004296946284923755,0.9957030537150763,0.9999739068231829
1241,C,lambda_1.872983346207417,yoshida4,controlled_q0.001_phi4.712388980385,controlled,0.001,4.712388980385,1,0.4,fit_ok,resolved,True,mixed,True,0.00025699452279503033,0.0003664968627667474,-0.00010950233997171705,0.0003657638690412123,-7.329937255350517e-07,-0.000108769346246182,0.006693863580672102,0.9933061364193279,0.9999739068231829
1110,C,lambda_1.872983346207417,yoshida4,controlled_q0.010_phi0.000000000000,controlled,0.01,0.0,-1,0.05,fit_ok,resolved,True,E_state_hartree,True,-1.701880804759129e-07,1.582198656586401e-09,-1.717702791324993e-07,1.5505546146626023e-09,-3.1644041923798675e-11,-1.7173863509057548e-07,0.00018422303371463497,0.9998157769662853,0.9999999324376775
1111,C,lambda_1.872983346207417,yoshida4,controlled_q0.010_phi1.570796326795,controlled,0.01,1.570796326795,-1,0.05,fit_ok,resolved,True,mixed,True,-1.0613480649901419e-08,1.582198656586401e-09,-1.219567930648782e-08,1.5505546146626023e-09,-3.1644041923798675e-11,-1.2164035264564021e-08,0.002594692852161566,0.9974053071478385,0.9999999324376775
1112,C,lambda_1.872983346207417,yoshida4,controlled_q0.010_phi3.141592653590,controlled,0.01,3.14159265359,-1,0.05,fit_ok,resolved,True,E_state_hartree,True,1.732891898428223e-07,1.582198656586401e-09,1.717069911862359e-07,1.5505546146626023e-09,-3.1644041923798675e-11,1.717386352281597e-07,0.00018429093483722563,0.9998157090651628,0.9999999324376775
1113,C,lambda_1.872983346207417,yoshida4,controlled_q0.010_phi4.712388980385,controlled,0.01,4.712388980385,-1,0.05,fit_ok,resolved,True,mixed,True,1.3714589741642413e-08,1.582198656586401e-09,1.2132391085056012e-08,1.5505546146626023e-09,-3.1644041923798675e-11,1.2164035126979811e-08,0.0026082279825924834,0.9973917720174075,0.9999999324376775
1182,C,lambda_1.872983346207417,yoshida4,controlled_q0.010_phi0.000000000000,controlled,0.01,0.0,1,0.05,fit_ok,resolved,True,E_state_hartree,True,-1.701880804759129e-07,1.582198656586401e-09,-1.717702791324993e-07,1.5505546146626023e-09,-3.1644041923798675e-11,-1.7173863509057548e-07,0.00018422303371463497,0.9998157769662853,0.9999999324376775
1183,C,lambda_1.872983346207417,yoshida4,controlled_q0.010_phi1.570796326795,controlled,0.01,1.570796326795,1,0.05,fit_ok,resolved,True,mixed,True,1.3714589741642413e-08,1.582198656586401e-09,1.2132391085056012e-08,1.5505546146626023e-09,-3.1644041923798675e-11,1.2164035126979811e-08,0.0026082279825924834,0.9973917720174075,0.9999999324376775
1184,C,lambda_1.872983346207417,yoshida4,controlled_q0.010_phi3.141592653590,controlled,0.01,3.14159265359,1,0.05,fit_ok,resolved,True,E_state_hartree,True,1.732891898428223e-07,1.582198656586401e-09,1.717069911862359e-07,1.5505546146626023e-09,-3.1644041923798675e-11,1.717386352281597e-07,0.00018429093483722563,0.9998157090651628,0.9999999324376775
1185,C,lambda_1.872983346207417,yoshida4,controlled_q0.010_phi4.712388980385,controlled,0.01,4.712388980385,1,0.05,fit_ok,resolved,True,mixed,True,-1.0613480649901419e-08,1.582198656586401e-09,-1.219567930648782e-08,1.5505546146626023e-09,-3.1644041923798675e-11,-1.2164035264564021e-08,0.002594692852161566,0.9974053071478385,0.9999999324376775
1122,C,lambda_1.872983346207417,yoshida4,controlled_q0.010_phi0.000000000000,controlled,0.01,0.0,-1,0.08,fit_ok,resolved,True,E_state_hartree,True,-1.0926003180524195e-06,2.646466007287983e-08,-1.1190649781252993e-06,2.5935366894870726e-08,-5.292931780091041e-10,-1.1185356849472901e-06,0.00047297805610519274,0.9995270219438948,0.9999995578681115
1123,C,lambda_1.872983346207417,yoshida4,controlled_q0.010_phi1.570796326795,controlled,0.01,1.570796326795,-1,0.08,fit_ok,resolved,True,mixed,True,-1.0115521684173068e-07,2.646466007287983e-08,-1.276198769146105e-07,2.5935366894870726e-08,-5.292931780091041e-10,-1.270905837366014e-07,0.004147419593291492,0.9958525804067085,0.9999995578681115
1124,C,lambda_1.872983346207417,yoshida4,controlled_q0.010_phi3.141592653590,controlled,0.01,3.14159265359,-1,0.08,fit_ok,resolved,True,E_state_hartree,True,1.1444710517952626e-06,2.646466007287983e-08,1.1180063917223829e-06,2.5935366894870726e-08,-5.292931780091041e-10,1.118535684900392e-06,0.00047342589624526515,0.9995265741037548,0.9999995578681115
1125,C,lambda_1.872983346207417,yoshida4,controlled_q0.010_phi4.712388980385,controlled,0.01,4.712388980385,-1,0.08,fit_ok,resolved,True,mixed,True,1.5302595067837044e-07,2.646466007287983e-08,1.265612906054906e-07,2.5935366894870726e-08,-5.292931780091041e-10,1.270905837834997e-07,0.004182109517664336,0.9958178904823357,0.9999995578681115
1194,C,lambda_1.872983346207417,yoshida4,controlled_q0.010_phi0.000000000000,controlled,0.01,0.0,1,0.08,fit_ok,resolved,True,E_state_hartree,True,-1.0926003180524195e-06,2.646466007287983e-08,-1.1190649781252993e-06,2.593536689487062e-08,-5.2929317800921e-10,-1.1185356849472901e-06,0.0004729780561052874,0.9995270219438948,0.9999995578681116
1195,C,lambda_1.872983346207417,yoshida4,controlled_q0.010_phi1.570796326795,controlled,0.01,1.570796326795,1,0.08,fit_ok,resolved,True,mixed,True,1.5302595067837044e-07,2.646466007287983e-08,1.265612906054906e-07,2.593536689487062e-08,-5.2929317800921e-10,1.2709058378349982e-07,0.004182109517665172,0.9958178904823348,0.9999995578681116
1196,C,lambda_1.872983346207417,yoshida4,controlled_q0.010_phi3.141592653590,controlled,0.01,3.14159265359,1,0.08,fit_ok,resolved,True,E_state_hartree,True,1.1444710517952622e-06,2.646466007287983e-08,1.1180063917223824e-06,2.593536689487062e-08,-5.2929317800921e-10,1.1185356849003916e-06,0.00047342589624536,0.9995265741037547,0.9999995578681116
1197,C,lambda_1.872983346207417,yoshida4,controlled_q0.010_phi4.712388980385,controlled,0.01,4.712388980385,1,0.08,fit_ok,resolved,True,mixed,True,-1.0115521684173068e-07,2.646466007287983e-08,-1.276198769146105e-07,2.593536689487062e-08,-5.2929317800921e-10,-1.270905837366013e-07,0.004147419593292321,0.9958525804067077,0.9999995578681116
1134,C,lambda_1.872983346207417,yoshida4,controlled_q0.010_phi0.000000000000,controlled,0.01,0.0,-1,0.12,fit_ok,resolved,True,E_state_hartree,True,-5.296975145183137e-06,2.9958097263088927e-07,-5.5965561178140265e-06,2.935893531770378e-07,-5.991619453851489e-09,-5.5905644983601746e-06,0.001070590435925401,0.9989294095640746,0.9999977682889531
1135,C,lambda_1.872983346207417,yoshida4,controlled_q0.010_phi1.570796326795,controlled,0.01,1.570796326795,-1,0.12,fit_ok,resolved,True,mixed,True,-6.643750672871707e-07,2.9958097263088927e-07,-9.6395603991806e-07,2.935893531770378e-07,-5.991619453851489e-09,-9.579644204642084e-07,0.00621565632221237,0.9937843436777877,0.9999977682889531
1136,C,lambda_1.872983346207417,yoshida4,controlled_q0.010_phi3.141592653590,controlled,0.01,3.14159265359,-1,0.12,fit_ok,resolved,True,E_state_hartree,True,5.8841538515396785e-06,2.9958097263088927e-07,5.584572878908789e-06,2.935893531770378e-07,-5.991619453851489e-09,5.590564498362641e-06,0.0010728876825083595,0.9989271123174917,0.9999977682889531
1137,C,lambda_1.872983346207417,yoshida4,controlled_q0.010_phi4.712388980385,controlled,0.01,4.712388980385,-1,0.12,fit_ok,resolved,True,mixed,True,1.2515537736387805e-06,2.9958097263088927e-07,9.519728010078912e-07,2.935893531770378e-07,-5.991619453851489e-09,9.579644204617427e-07,0.006293897732695645,0.9937061022673044,0.9999977682889531
1206,C,lambda_1.872983346207417,yoshida4,controlled_q0.010_phi0.000000000000,controlled,0.01,0.0,1,0.12,fit_ok,resolved,True,E_state_hartree,True,-5.296975145183137e-06,2.9958097263088927e-07,-5.5965561178140265e-06,2.9358935317703884e-07,-5.99161945385043e-09,-5.590564498360176e-06,0.001070590435925212,0.9989294095640748,0.9999977682889533
1207,C,lambda_1.872983346207417,yoshida4,controlled_q0.010_phi1.570796326795,controlled,0.01,1.570796326795,1,0.12,fit_ok,resolved,True,mixed,True,1.2515537736387805e-06,2.9958097263088927e-07,9.519728010078912e-07,2.9358935317703884e-07,-5.99161945385043e-09,9.579644204617417e-07,0.006293897732694532,0.9937061022673055,0.9999977682889533
1208,C,lambda_1.872983346207417,yoshida4,controlled_q0.010_phi3.141592653590,controlled,0.01,3.14159265359,1,0.12,fit_ok,resolved,True,E_state_hartree,True,5.884153851539683e-06,2.9958097263088927e-07,5.5845728789087935e-06,2.9358935317703884e-07,-5.99161945385043e-09,5.590564498362644e-06,0.0010728876825081691,0.9989271123174919,0.9999977682889533
1209,C,lambda_1.872983346207417,yoshida4,controlled_q0.010_phi4.712388980385,controlled,0.01,4.712388980385,1,0.12,fit_ok,resolved,True,mixed,True,-6.643750672871707e-07,2.9958097263088927e-07,-9.6395603991806e-07,2.9358935317703884e-07,-5.99161945385043e-09,-9.579644204642095e-07,0.0062156563222112715,0.9937843436777887,0.9999977682889533
1146,C,lambda_1.872983346207417,yoshida4,controlled_q0.010_phi0.000000000000,controlled,0.01,0.0,-1,0.18,fit_ok,resolved,True,E_state_hartree,True,-2.4193387787069444e-05,3.3649204575469463e-06,-2.7558308244616392e-05,3.297622048407907e-06,-6.729840913903943e-08,-2.7491009835477354e-05,0.002442037027152652,0.9975579629728474,0.9999887746018538
1147,C,lambda_1.872983346207417,yoshida4,controlled_q0.010_phi1.570796326795,controlled,0.01,1.570796326795,-1,0.18,fit_ok,resolved,True,mixed,True,-3.855628403084337e-06,3.3649204575469463e-06,-7.220548860631283e-06,3.297622048407907e-06,-6.729840913903943e-08,-7.153250451492244e-06,0.009320400767034711,0.9906795992329653,0.9999887746018538
1148,C,lambda_1.872983346207417,yoshida4,controlled_q0.010_phi3.141592653590,controlled,0.01,3.14159265359,-1,0.18,fit_ok,resolved,True,E_state_hartree,True,3.0788631883861435e-05,3.3649204575469463e-06,2.7423711426314488e-05,3.297622048407907e-06,-6.729840913903943e-08,2.749100983545353e-05,0.002454022655535351,0.9975459773444646,0.9999887746018538
1149,C,lambda_1.872983346207417,yoshida4,controlled_q0.010_phi4.712388980385,controlled,0.01,4.712388980385,-1,0.18,fit_ok,resolved,True,mixed,True,1.0450872499923974e-05,3.3649204575469463e-06,7.085952042377028e-06,3.297622048407907e-06,-6.729840913903943e-08,7.153250451516067e-06,0.009497440673683102,0.9905025593263169,0.9999887746018538
1218,C,lambda_1.872983346207417,yoshida4,controlled_q0.010_phi0.000000000000,controlled,0.01,0.0,1,0.18,fit_ok,resolved,True,E_state_hartree,True,-2.4193387787069444e-05,3.3649204575469463e-06,-2.7558308244616392e-05,3.2976220484079085e-06,-6.729840913903773e-08,-2.7491009835477354e-05,0.0024420370271525903,0.9975579629728474,0.9999887746018536
1219,C,lambda_1.872983346207417,yoshida4,controlled_q0.010_phi1.570796326795,controlled,0.01,1.570796326795,1,0.18,fit_ok,resolved,True,mixed,True,1.0450872499923974e-05,3.3649204575469463e-06,7.085952042377028e-06,3.2976220484079085e-06,-6.729840913903773e-08,7.1532504515160655e-06,0.009497440673682862,0.9905025593263171,0.9999887746018536
1220,C,lambda_1.872983346207417,yoshida4,controlled_q0.010_phi3.141592653590,controlled,0.01,3.14159265359,1,0.18,fit_ok,resolved,True,E_state_hartree,True,3.078863188386144e-05,3.3649204575469463e-06,2.7423711426314494e-05,3.2976220484079085e-06,-6.729840913903773e-08,2.7491009835453532e-05,0.0024540226555352885,0.9975459773444647,0.9999887746018536
1221,C,lambda_1.872983346207417,yoshida4,controlled_q0.010_phi4.712388980385,controlled,0.01,4.712388980385,1,0.18,fit_ok,resolved,True,mixed,True,-3.855628403084337e-06,3.3649204575469463e-06,-7.220548860631283e-06,3.2976220484079085e-06,-6.729840913903773e-08,-7.153250451492245e-06,0.009320400767034477,0.9906795992329656,0.9999887746018536
1158,C,lambda_1.872983346207417,yoshida4,controlled_q0.010_phi0.000000000000,controlled,0.01,0.0,-1,0.27,fit_ok,resolved,True,E_state_hartree,True,-9.378067818638377e-05,3.713329937194654e-05,-0.00013091397755833032,3.639063338449325e-05,-7.426659874532898e-07,-0.00013017131157087703,0.005672931197300043,0.9943270688026999,0.9999439415947474
1159,C,lambda_1.872983346207417,yoshida4,controlled_q0.010_phi1.570796326795,controlled,0.01,1.570796326795,-1,0.27,fit_ok,resolved,True,mixed,True,-1.5879020758825236e-05,3.713329937194654e-05,-5.301232013077178e-05,3.639063338449325e-05,-7.426659874532898e-07,-5.226965414331849e-05,0.01400930926285187,0.9859906907371482,0.9999439415947474
1160,C,lambda_1.872983346207417,yoshida4,controlled_q0.010_phi3.141592653590,controlled,0.01,3.14159265359,-1,0.27,fit_ok,resolved,True,E_state_hartree,True,0.0001665619449553989,3.713329937194654e-05,0.00012942864558345235,3.639063338449325e-05,-7.426659874532898e-07,0.00013017131157090563,0.00573803414310194,0.9942619658568981,0.9999439415947474
1161,C,lambda_1.872983346207417,yoshida4,controlled_q0.010_phi4.712388980385,controlled,0.01,4.712388980385,-1,0.27,fit_ok,resolved,True,mixed,True,8.866028752778314e-05,3.713329937194654e-05,5.15269881558366e-05,3.639063338449325e-05,-7.426659874532898e-07,5.2269654143289887e-05,0.014413145693809895,0.9855868543061901,0.9999439415947474
1230,C,lambda_1.872983346207417,yoshida4,controlled_q0.010_phi0.000000000000,controlled,0.01,0.0,1,0.27,fit_ok,resolved,True,E_state_hartree,True,-9.378067818638377e-05,3.713329937194654e-05,-0.00013091397755833032,3.639063338449324e-05,-7.426659874533033e-07,-0.000130171311570877,0.005672931197300147,0.9943270688026998,0.9999439415947474
1231,C,lambda_1.872983346207417,yoshida4,controlled_q0.010_phi1.570796326795,controlled,0.01,1.570796326795,1,0.27,fit_ok,resolved,True,mixed,True,8.866028752778314e-05,3.713329937194654e-05,5.15269881558366e-05,3.639063338449324e-05,-7.426659874533033e-07,5.22696541432899e-05,0.014413145693810159,0.9855868543061899,0.9999439415947474
1232,C,lambda_1.872983346207417,yoshida4,controlled_q0.010_phi3.141592653590,controlled,0.01,3.14159265359,1,0.27,fit_ok,resolved,True,E_state_hartree,True,0.00016656194495539883,3.713329937194654e-05,0.0001294286455834523,3.639063338449324e-05,-7.426659874533033e-07,0.0001301713115709056,0.005738034143102048,0.994261965856898,0.9999439415947474
1233,C,lambda_1.872983346207417,yoshida4,controlled_q0.010_phi4.712388980385,controlled,0.01,4.712388980385,1,0.27,fit_ok,resolved,True,mixed,True,-1.5879020758825236e-05,3.713329937194654e-05,-5.301232013077178e-05,3.639063338449324e-05,-7.426659874533033e-07,-5.2269654143318476e-05,0.014009309262852127,0.9859906907371478,0.9999439415947474
1170,C,lambda_1.872983346207417,yoshida4,controlled_q0.010_phi0.000000000000,controlled,0.01,0.0,-1,0.4,fit_ok,resolved,True,E_state_hartree,True,-0.0001801416520809416,0.0003664968627667474,-0.000546638514847689,0.0003591669255114197,-7.329937255327694e-06,-0.0005393085775923614,0.01340911234066639,0.9865908876593336,0.9997367585685303
1171,C,lambda_1.872983346207417,yoshida4,controlled_q0.010_phi1.570796326795,controlled,0.01,1.570796326795,-1,0.4,fit_ok,resolved,True,mixed,True,1.6760921429243014e-05,0.0003664968627667474,-0.00034973594133750436,0.0003591669255114197,-7.329937255327694e-06,-0.00034240600408217667,0.02095849007481365,0.9790415099251863,0.9997367585685303
1172,C,lambda_1.872983346207417,yoshida4,controlled_q0.010_phi3.141592653590,controlled,0.01,3.14159265359,-1,0.4,fit_ok,resolved,True,E_state_hartree,True,0.0008984755031037659,0.0003664968627667474,0.0005319786403370186,0.0003591669255114197,-7.329937255327694e-06,0.0005393085775923462,0.013778630756084568,0.9862213692439155,0.9997367585685303
1173,C,lambda_1.872983346207417,yoshida4,controlled_q0.010_phi4.712388980385,controlled,0.01,4.712388980385,-1,0.4,fit_ok,resolved,True,mixed,True,0.0007015729295936114,0.0003664968627667474,0.00033507606682686404,0.0003591669255114197,-7.329937255327694e-06,0.00034240600408219174,0.021875442566642995,0.978124557433357,0.9997367585685303
1242,C,lambda_1.872983346207417,yoshida4,controlled_q0.010_phi0.000000000000,controlled,0.01,0.0,1,0.4,fit_ok,resolved,True,E_state_hartree,True,-0.0001801416520809416,0.0003664968627667474,-0.000546638514847689,0.00035916692551141974,-7.32993725532764e-06,-0.0005393085775923614,0.013409112340666291,0.9865908876593337,0.9997367585685303
1243,C,lambda_1.872983346207417,yoshida4,controlled_q0.010_phi1.570796326795,controlled,0.01,1.570796326795,1,0.4,fit_ok,resolved,True,mixed,True,0.0007015729295936114,0.0003664968627667474,0.00033507606682686404,0.00035916692551141974,-7.32993725532764e-06,0.0003424060040821917,0.021875442566642832,0.9781245574333571,0.9997367585685303
1244,C,lambda_1.872983346207417,yoshida4,controlled_q0.010_phi3.141592653590,controlled,0.01,3.14159265359,1,0.4,fit_ok,resolved,True,E_state_hartree,True,0.0008984755031037661,0.0003664968627667474,0.0005319786403370188,0.00035916692551141974,-7.32993725532764e-06,0.0005393085775923464,0.01377863075608446,0.9862213692439156,0.9997367585685303
1245,C,lambda_1.872983346207417,yoshida4,controlled_q0.010_phi4.712388980385,controlled,0.01,4.712388980385,1,0.4,fit_ok,resolved,True,mixed,True,1.6760921429243014e-05,0.0003664968627667474,-0.00034973594133750436,0.00035916692551141974,-7.32993725532764e-06,-0.0003424060040821767,0.020958490074813495,0.9790415099251865,0.9997367585685303
1114,C,lambda_1.872983346207417,yoshida4,controlled_q0.050_phi0.000000000000,controlled,0.05,0.0,-1,0.05,fit_ok,resolved,True,E_state_hartree,True,-3.747573313661909e-07,1.582198656586401e-09,-3.763395300227773e-07,1.4239788212140592e-09,-1.582198353723418e-10,-3.7618131018740494e-07,0.00042041779497031795,0.9995795822050297,0.9999996479665063
1115,C,lambda_1.872983346207417,yoshida4,controlled_q0.050_phi1.570796326795,controlled,0.05,1.570796326795,-1,0.05,fit_ok,resolved,True,mixed,True,-2.5220478483412023e-08,1.582198656586401e-09,-2.6802677139998424e-08,1.4239788212140592e-09,-1.582198353723418e-10,-2.6644457304626082e-08,0.005903135516870652,0.9940968644831294,0.9999996479665063
1116,C,lambda_1.872983346207417,yoshida4,controlled_q0.050_phi3.141592653590,controlled,0.05,3.14159265359,-1,0.05,fit_ok,resolved,True,E_state_hartree,True,3.776052889480466e-07,1.582198656586401e-09,3.760230902914602e-07,1.4239788212140592e-09,-1.582198353723418e-10,3.7618131012683255e-07,0.00042077159477016055,0.9995792284052298,0.9999996479665063
1117,C,lambda_1.872983346207417,yoshida4,controlled_q0.050_phi4.712388980385,controlled,0.05,4.712388980385,-1,0.05,fit_ok,resolved,True,mixed,True,2.8068436186412526e-08,1.582198656586401e-09,2.6486237529826125e-08,1.4239788212140592e-09,-1.582198353723418e-10,2.6644457365198467e-08,0.005973662178109314,0.9940263378218906,0.9999996479665063
1186,C,lambda_1.872983346207417,yoshida4,controlled_q0.050_phi0.000000000000,controlled,0.05,0.0,1,0.05,fit_ok,resolved,True,E_state_hartree,True,-3.747573313661909e-07,1.582198656586401e-09,-3.763395300227773e-07,1.4239787518251201e-09,-1.5821990476128083e-10,-3.76181310118016e-07,0.0004204179793488738,0.9995795820206511,0.9999996479661974
1187,C,lambda_1.872983346207417,yoshida4,controlled_q0.050_phi1.570796326795,controlled,0.05,1.570796326795,1,0.05,fit_ok,resolved,True,mixed,True,2.806843590885677e-08,1.582198656586401e-09,2.648623725227037e-08,1.4239787518251201e-09,-1.5821990476128083e-10,2.664445715703165e-08,0.005973664860519907,0.9940263351394801,0.9999996479661974
1188,C,lambda_1.872983346207417,yoshida4,controlled_q0.050_phi3.141592653590,controlled,0.05,3.14159265359,1,0.05,fit_ok,resolved,True,E_state_hartree,True,3.776052889480466e-07,1.582198656586401e-09,3.760230902914602e-07,1.4239787518251201e-09,-1.5821990476128083e-10,3.761813101962215e-07,0.00042077177930387893,0.9995792282206961,0.9999996479661974
1189,C,lambda_1.872983346207417,yoshida4,controlled_q0.050_phi4.712388980385,controlled,0.05,4.712388980385,1,0.05,fit_ok,resolved,True,mixed,True,-2.5220478483412023e-08,1.582198656586401e-09,-2.6802677139998424e-08,1.4239787518251201e-09,-1.5821990476128083e-10,-2.6644457235237143e-08,0.005903138105751556,0.9940968618942484,0.9999996479661974
1126,C,lambda_1.872983346207417,yoshida4,controlled_q0.050_phi0.000000000000,controlled,0.05,0.0,-1,0.08,fit_ok,resolved,True,E_state_hartree,True,-2.426254959372937e-06,2.646466007287983e-08,-2.4527196194458167e-06,2.3818194005258193e-08,-2.646466067621637e-09,-2.450073153378195e-06,0.0010789924974056336,0.9989210075025944,0.9999976962641394
1127,C,lambda_1.872983346207417,yoshida4,controlled_q0.050_phi1.570796326795,controlled,0.05,1.570796326795,-1,0.08,fit_ok,resolved,True,mixed,True,-2.5456472364099314e-07,2.646466007287983e-08,-2.8102938371387297e-07,2.3818194005258193e-08,-2.646466067621637e-09,-2.7838291764625133e-07,0.00941704398539374,0.9905829560146062,0.9999976962641394
1128,C,lambda_1.872983346207417,yoshida4,controlled_q0.050_phi3.141592653590,controlled,0.05,3.14159265359,-1,0.08,fit_ok,resolved,True,E_state_hartree,True,2.4738913475041208e-06,2.646466007287983e-08,2.447426687431241e-06,2.3818194005258193e-08,-2.646466067621637e-09,2.4500731534988626e-06,0.0010813259825973797,0.9989186740174026,0.9999976962641394
1129,C,lambda_1.872983346207417,yoshida4,controlled_q0.050_phi4.712388980385,controlled,0.05,4.712388980385,-1,0.08,fit_ok,resolved,True,mixed,True,3.0220111153084206e-07,2.646466007287983e-08,2.7573645145796223e-07,2.3818194005258193e-08,-2.646466067621637e-09,2.7838291752558387e-07,0.009597809987139504,0.9904021900128605,0.9999976962641394
1198,C,lambda_1.872983346207417,yoshida4,controlled_q0.050_phi0.000000000000,controlled,0.05,0.0,1,0.08,fit_ok,resolved,True,E_state_hartree,True,-2.426254959372937e-06,2.646466007287983e-08,-2.4527196194458167e-06,2.3818194091994367e-08,-2.646465980885463e-09,-2.4500731534649313e-06,0.0010789924620423685,0.9989210075379577,0.9999976962642902
1199,C,lambda_1.872983346207417,yoshida4,controlled_q0.050_phi1.570796326795,controlled,0.05,1.570796326795,1,0.08,fit_ok,resolved,True,mixed,True,3.022011117043144e-07,2.646466007287983e-08,2.757364516314346e-07,2.3818194091994367e-08,-2.646465980885463e-09,2.7838291761232004e-07,0.009597809666539423,0.9904021903334606,0.9999976962642902
1200,C,lambda_1.872983346207417,yoshida4,controlled_q0.050_phi3.141592653590,controlled,0.05,3.14159265359,1,0.08,fit_ok,resolved,True,E_state_hartree,True,2.4738913475041208e-06,2.646466007287983e-08,2.447426687431241e-06,2.3818194091994367e-08,-2.646465980885463e-09,2.4500731534121264e-06,0.0010813259471576363,0.9989186740528424,0.9999976962642902
1201,C,lambda_1.872983346207417,yoshida4,controlled_q0.050_phi4.712388980385,controlled,0.05,4.712388980385,1,0.08,fit_ok,resolved,True,mixed,True,-2.545647234675208e-07,2.646466007287983e-08,-2.810293835404006e-07,2.3818194091994367e-08,-2.646465980885463e-09,-2.7838291755951516e-07,0.00941704368256926,0.9905829563174308,0.9999976962642902
1138,C,lambda_1.872983346207417,yoshida4,controlled_q0.050_phi0.000000000000,controlled,0.05,0.0,-1,0.12,fit_ok,resolved,True,E_state_hartree,True,-1.1976112486159308e-05,2.9958097263088927e-07,-1.2275693458790198e-05,2.6962287533362754e-07,-2.995809729726173e-08,-1.2245735361492936e-05,0.00244044032199336,0.9975595596780067,0.9999883717201076
1139,C,lambda_1.872983346207417,yoshida4,controlled_q0.050_phi1.570796326795,controlled,0.05,1.570796326795,-1,0.12,fit_ok,resolved,True,mixed,True,-1.8287303020272003e-06,2.9958097263088927e-07,-2.1283112746580896e-06,2.6962287533362754e-07,-2.995809729726173e-08,-2.098353177360828e-06,0.014075994265488473,0.9859240057345116,0.9999883717201076
1140,C,lambda_1.872983346207417,yoshida4,controlled_q0.050_phi3.141592653590,controlled,0.05,3.14159265359,-1,0.12,fit_ok,resolved,True,E_state_hartree,True,1.2515358236894918e-05,2.9958097263088927e-07,1.2215777264264028e-05,2.6962287533362754e-07,-2.995809729726173e-08,1.224573536156129e-05,0.0024524102436691434,0.9975475897563308,0.9999883717201076
1141,C,lambda_1.872983346207417,yoshida4,controlled_q0.050_phi4.712388980385,controlled,0.05,4.712388980385,-1,0.12,fit_ok,resolved,True,mixed,True,2.3679760526261013e-06,2.9958097263088927e-07,2.068395079995212e-06,2.6962287533362754e-07,-2.995809729726173e-08,2.0983531772924737e-06,0.014483740358409224,0.9855162596415907,0.9999883717201076
1210,C,lambda_1.872983346207417,yoshida4,controlled_q0.050_phi0.000000000000,controlled,0.05,0.0,1,0.12,fit_ok,resolved,True,E_state_hartree,True,-1.1976112486159308e-05,2.9958097263088927e-07,-1.2275693458790198e-05,2.696228753336271e-07,-2.9958097297262154e-08,-1.2245735361492936e-05,0.002440440321993394,0.9975595596780066,0.9999883717201076
1211,C,lambda_1.872983346207417,yoshida4,controlled_q0.050_phi1.570796326795,controlled,0.05,1.570796326795,1,0.12,fit_ok,resolved,True,mixed,True,2.3679760526261013e-06,2.9958097263088927e-07,2.068395079995212e-06,2.696228753336271e-07,-2.9958097297262154e-08,2.098353177292474e-06,0.014483740358409429,0.9855162596415906,0.9999883717201076
1212,C,lambda_1.872983346207417,yoshida4,controlled_q0.050_phi3.141592653590,controlled,0.05,3.14159265359,1,0.12,fit_ok,resolved,True,E_state_hartree,True,1.2515358236894916e-05,2.9958097263088927e-07,1.2215777264264027e-05,2.696228753336271e-07,-2.9958097297262154e-08,1.2245735361561288e-05,0.0024524102436691785,0.9975475897563308,0.9999883717201076
1213,C,lambda_1.872983346207417,yoshida4,controlled_q0.050_phi4.712388980385,controlled,0.05,4.712388980385,1,0.12,fit_ok,resolved,True,mixed,True,-1.8287303020272003e-06,2.9958097263088927e-07,-2.1283112746580896e-06,2.696228753336271e-07,-2.9958097297262154e-08,-2.0983531773608275e-06,0.01407599426548867,0.9859240057345113,0.9999883717201076
1150,C,lambda_1.872983346207417,yoshida4,controlled_q0.050_phi0.000000000000,controlled,0.05,0.0,-1,0.18,fit_ok,resolved,True,E_state_hartree,True,-5.718868049821495e-05,3.3649204575469463e-06,-6.0553600955761894e-05,3.0284284117894194e-06,-3.364920457575269e-07,-6.021710891000437e-05,0.0055569287448876065,0.9944430712551124,0.9999415125319322
1151,C,lambda_1.872983346207417,yoshida4,controlled_q0.050_phi1.570796326795,controlled,0.05,1.570796326795,-1,0.18,fit_ok,resolved,True,mixed,True,-1.2640259791255358e-05,3.3649204575469463e-06,-1.6005180248802304e-05,3.0284284117894194e-06,-3.364920457575269e-07,-1.5668688203044777e-05,0.021023946030392704,0.9789760539696073,0.9999415125319322
1152,C,lambda_1.872983346207417,yoshida4,controlled_q0.050_phi3.141592653590,controlled,0.05,3.14159265359,-1,0.18,fit_ok,resolved,True,E_state_hartree,True,6.324553732179946e-05,3.3649204575469463e-06,5.988061686425252e-05,3.0284284117894194e-06,-3.364920457575269e-07,6.021710891001005e-05,0.00561938175286911,0.9943806182471309,0.9999415125319322
1153,C,lambda_1.872983346207417,yoshida4,controlled_q0.050_phi4.712388980385,controlled,0.05,4.712388980385,-1,0.18,fit_ok,resolved,True,mixed,True,1.8697116614828522e-05,3.3649204575469463e-06,1.5332196157281575e-05,3.0284284117894194e-06,-3.364920457575269e-07,1.56686882030391e-05,0.02194676107099764,0.9780532389290023,0.9999415125319322
1222,C,lambda_1.872983346207417,yoshida4,controlled_q0.050_phi0.000000000000,controlled,0.05,0.0,1,0.18,fit_ok,resolved,True,E_state_hartree,True,-5.718868049821495e-05,3.3649204575469463e-06,-6.0553600955761894e-05,3.0284284117701447e-06,-3.3649204577680155e-07,-6.021710890998509e-05,0.0055569287452059135,0.994443071254794,0.9999415125319253
1223,C,lambda_1.872983346207417,yoshida4,controlled_q0.050_phi1.570796326795,controlled,0.05,1.570796326795,1,0.18,fit_ok,resolved,True,mixed,True,1.8697116614828522e-05,3.3649204575469463e-06,1.5332196157281575e-05,3.0284284117701447e-06,-3.3649204577680155e-07,1.5668688203058377e-05,0.021946761072254777,0.9780532389277452,0.9999415125319253
1224,C,lambda_1.872983346207417,yoshida4,controlled_q0.050_phi3.141592653590,controlled,0.05,3.14159265359,1,0.18,fit_ok,resolved,True,E_state_hartree,True,6.324553732179946e-05,3.3649204575469463e-06,5.988061686425252e-05,3.0284284117701447e-06,-3.3649204577680155e-07,6.021710891002932e-05,0.0056193817531909945,0.994380618246809,0.9999415125319253
1225,C,lambda_1.872983346207417,yoshida4,controlled_q0.050_phi4.712388980385,controlled,0.05,4.712388980385,1,0.18,fit_ok,resolved,True,mixed,True,-1.2640259791332456e-05,3.3649204575469463e-06,-1.6005180248879404e-05,3.0284284117701447e-06,-3.3649204577680155e-07,-1.5668688203102602e-05,0.021023946031495704,0.9789760539685043,0.9999415125319253
1162,C,lambda_1.872983346207417,yoshida4,controlled_q0.050_phi0.000000000000,controlled,0.05,0.0,-1,0.27,fit_ok,resolved,True,E_state_hartree,True,-0.00025171106404625696,3.713329937194654e-05,-0.00028884436341820353,3.341996943474896e-05,-3.7133299371975816e-06,-0.00028513103348100594,0.012855815821551047,0.987144184178449,0.9997079751324239
1163,C,lambda_1.872983346207417,yoshida4,controlled_q0.050_phi1.570796326795,controlled,0.05,1.570796326795,-1,0.27,fit_ok,resolved,True,mixed,True,-8.107300390716412e-05,3.713329937194654e-05,-0.00011820630327911066,3.341996943474896e-05,-3.7133299371975816e-06,-0.00011449297334191308,0.03141397568647085,0.9685860243135291,0.9997079751324239
1164,C,lambda_1.872983346207417,yoshida4,controlled_q0.050_phi3.141592653590,controlled,0.05,3.14159265359,-1,0.27,fit_ok,resolved,True,E_state_hartree,True,0.00031855100291576077,3.713329937194654e-05,0.0002814177035438142,3.341996943474896e-05,-3.7133299371975816e-06,0.0002851310334810118,0.013195082933435458,0.9868049170665646,0.9997079751324239
1165,C,lambda_1.872983346207417,yoshida4,controlled_q0.050_phi4.712388980385,controlled,0.05,4.712388980385,-1,0.27,fit_ok,resolved,True,mixed,True,0.00014791294277665616,3.713329937194654e-05,0.00011077964340470961,3.341996943474896e-05,-3.7133299371975816e-06,0.0001144929733419072,0.03351996651254535,0.9664800334874546,0.9997079751324239
1234,C,lambda_1.872983346207417,yoshida4,controlled_q0.050_phi0.000000000000,controlled,0.05,0.0,1,0.27,fit_ok,resolved,True,E_state_hartree,True,-0.00025171106404625696,3.713329937194654e-05,-0.00028884436341820353,3.3419969434748975e-05,-3.713329937197568e-06,-0.00028513103348100594,0.012855815821551,0.987144184178449,0.9997079751324238
1235,C,lambda_1.872983346207417,yoshida4,controlled_q0.050_phi1.570796326795,controlled,0.05,1.570796326795,1,0.27,fit_ok,resolved,True,mixed,True,0.00014791294277665616,3.713329937194654e-05,0.00011077964340470961,3.3419969434748975e-05,-3.713329937197568e-06,0.00011449297334190718,0.03351996651254523,0.9664800334874548,0.9997079751324238
1236,C,lambda_1.872983346207417,yoshida4,controlled_q0.050_phi3.141592653590,controlled,0.05,3.14159265359,1,0.27,fit_ok,resolved,True,E_state_hartree,True,0.0003185510029157608,3.713329937194654e-05,0.0002814177035438143,3.3419969434748975e-05,-3.713329937197568e-06,0.0002851310334810119,0.013195082933435404,0.9868049170665646,0.9997079751324238
1237,C,lambda_1.872983346207417,yoshida4,controlled_q0.050_phi4.712388980385,controlled,0.05,4.712388980385,1,0.27,fit_ok,resolved,True,mixed,True,-8.107300390716412e-05,3.713329937194654e-05,-0.00011820630327911066,3.3419969434748975e-05,-3.713329937197568e-06,-0.00011449297334191309,0.03141397568647073,0.9685860243135292,0.9997079751324238
1174,C,lambda_1.872983346207417,yoshida4,controlled_q0.050_phi0.000000000000,controlled,0.05,0.0,-1,0.4,fit_ok,resolved,True,E_state_hartree,True,-0.000851470044934216,0.0003664968627667474,-0.0012179669077009635,0.0003298471764900749,-3.664968627667246e-05,-0.001181317221424291,0.030090871964536768,0.9699091280354633,0.9986298922008168
1175,C,lambda_1.872983346207417,yoshida4,controlled_q0.050_phi1.570796326795,controlled,0.05,1.570796326795,-1,0.4,fit_ok,resolved,True,mixed,True,-0.0004201689110477566,0.0003664968627667474,-0.000786665773814504,0.0003298471764900749,-3.664968627667246e-05,-0.0007500160875378315,0.04658863712725154,0.9534113628727484,0.9986298922008168
1176,C,lambda_1.872983346207417,yoshida4,controlled_q0.050_phi3.141592653590,controlled,0.05,3.14159265359,-1,0.4,fit_ok,resolved,True,E_state_hartree,True,0.0015111643979143611,0.0003664968627667474,0.0011446675351476138,0.0003298471764900749,-3.664968627667246e-05,0.0011813172214242863,0.032017756380193135,0.9679822436198069,0.9986298922008168
1177,C,lambda_1.872983346207417,yoshida4,controlled_q0.050_phi4.712388980385,controlled,0.05,4.712388980385,-1,0.4,fit_ok,resolved,True,mixed,True,0.001079863264027911,0.0003664968627667474,0.0007133664012611636,0.0003298471764900749,-3.664968627667246e-05,0.0007500160875378361,0.05137568325600886,0.9486243167439912,0.9986298922008168
1246,C,lambda_1.872983346207417,yoshida4,controlled_q0.050_phi0.000000000000,controlled,0.05,0.0,1,0.4,fit_ok,resolved,True,E_state_hartree,True,-0.000851470044934216,0.0003664968627667474,-0.0012179669077009635,0.0003298471764900577,-3.66496862766897e-05,-0.0011813172214242738,0.03009087196455092,0.969909128035449,0.9986298922008154
1247,C,lambda_1.872983346207417,yoshida4,controlled_q0.050_phi1.570796326795,controlled,0.05,1.570796326795,1,0.4,fit_ok,resolved,True,mixed,True,0.0010798632640278763,0.0003664968627667474,0.0007133664012611289,0.0003298471764900577,-3.66496862766897e-05,0.0007500160875378186,0.051375683256035524,0.9486243167439645,0.9986298922008154
1248,C,lambda_1.872983346207417,yoshida4,controlled_q0.050_phi3.141592653590,controlled,0.05,3.14159265359,1,0.4,fit_ok,resolved,True,E_state_hartree,True,0.0015111643979143616,0.0003664968627667474,0.0011446675351476142,0.0003298471764900577,-3.66496862766897e-05,0.001181317221424304,0.032017756380208186,0.9679822436197918,0.9986298922008154
1249,C,lambda_1.872983346207417,yoshida4,controlled_q0.050_phi4.712388980385,controlled,0.05,4.712388980385,1,0.4,fit_ok,resolved,True,mixed,True,-0.0004201689110477913,0.0003664968627667474,-0.0007866657738145387,0.0003298471764900577,-3.66496862766897e-05,-0.000750016087537849,0.0465886371272714,0.9534113628727287,0.9986298922008154
1250,C,lambda_1.902983346207417,yoshida4,controlled_q0.001_phi0.000000000000,controlled,0.001,0.0,-1,0.05,fit_ok,resolved,True,E_state_hartree,True,-2.169939413880464e-08,3.883640368973608e-08,-6.053579782854072e-08,3.875873088862832e-08,-7.767280110775766e-11,-6.045812502743296e-08,0.0012830887490366464,0.9987169112509634,0.9999967153895455
1251,C,lambda_1.902983346207417,yoshida4,controlled_q0.001_phi1.570796326795,controlled,0.001,1.570796326795,-1,0.05,fit_ok,resolved,True,mixed,True,3.4476556574902784e-08,3.883640368973608e-08,-4.359847114833297e-09,3.875873088862832e-08,-7.767280110775766e-11,-4.2821743137255395e-09,0.01781548734667673,0.9821845126533233,0.9999967153895455
1252,C,lambda_1.902983346207417,yoshida4,controlled_q0.001_phi3.141592653590,controlled,0.001,3.14159265359,-1,0.05,fit_ok,resolved,True,E_state_hartree,True,9.921685590351793e-08,3.883640368973608e-08,6.038045221378185e-08,3.875873088862832e-08,-7.767280110775766e-11,6.045812501488961e-08,0.001286389854000279,0.9987136101459997,0.9999967153895455
1253,C,lambda_1.902983346207417,yoshida4,controlled_q0.001_phi4.712388980385,controlled,0.001,4.712388980385,-1,0.05,fit_ok,resolved,True,mixed,True,4.304090521489723e-08,3.883640368973608e-08,4.204501525161149e-09,3.875873088862832e-08,-7.767280110775766e-11,4.282174326268906e-09,0.01847372408903589,0.9815262759109641,0.9999967153895455
1322,C,lambda_1.902983346207417,yoshida4,controlled_q0.001_phi0.000000000000,controlled,0.001,0.0,1,0.05,fit_ok,resolved,True,E_state_hartree,True,-2.169939413880464e-08,3.883640368973608e-08,-6.053579782854072e-08,3.8758730888628316e-08,-7.767280110776427e-11,-6.045812502743296e-08,0.0012830887490367557,0.9987169112509633,0.9999967153895455
1323,C,lambda_1.902983346207417,yoshida4,controlled_q0.001_phi1.570796326795,controlled,0.001,1.570796326795,1,0.05,fit_ok,resolved,True,mixed,True,4.304090521489723e-08,3.883640368973608e-08,4.204501525161149e-09,3.8758730888628316e-08,-7.767280110776427e-11,4.282174326268913e-09,0.018473724089037465,0.9815262759109625,0.9999967153895455
1324,C,lambda_1.902983346207417,yoshida4,controlled_q0.001_phi3.141592653590,controlled,0.001,3.14159265359,1,0.05,fit_ok,resolved,True,E_state_hartree,True,9.921685590351789e-08,3.883640368973608e-08,6.038045221378181e-08,3.8758730888628316e-08,-7.767280110776427e-11,6.045812501488957e-08,0.0012863898540003893,0.9987136101459996,0.9999967153895455
1325,C,lambda_1.902983346207417,yoshida4,controlled_q0.001_phi4.712388980385,controlled,0.001,4.712388980385,1,0.05,fit_ok,resolved,True,mixed,True,3.4476556574902784e-08,3.883640368973608e-08,-4.359847114833297e-09,3.8758730888628316e-08,-7.767280110776427e-11,-4.282174313725533e-09,0.01781548734667825,0.9821845126533217,0.9999967153895455
1262,C,lambda_1.902983346207417,yoshida4,controlled_q0.001_phi0.000000000000,controlled,0.001,0.0,-1,0.08,fit_ok,resolved,True,E_state_hartree,True,-1.217277903898209e-07,2.725062046402284e-07,-3.942339950300493e-07,2.719611922400223e-07,-5.450124002061267e-10,-3.9368898262984315e-07,0.0013824591665784296,0.9986175408334216,0.9999962158902154
1263,C,lambda_1.902983346207417,yoshida4,controlled_q0.001_phi1.570796326795,controlled,0.001,1.570796326795,-1,0.08,fit_ok,resolved,True,mixed,True,2.272293493556926e-07,2.725062046402284e-07,-4.52768552845358e-08,2.719611922400223e-07,-5.450124002061267e-10,-4.4731842884329676e-08,0.012037328935083403,0.9879626710649166,0.9999962158902154
1264,C,lambda_1.902983346207417,yoshida4,controlled_q0.001_phi3.141592653590,controlled,0.001,3.14159265359,-1,0.08,fit_ok,resolved,True,E_state_hartree,True,6.656501748517175e-07,2.725062046402284e-07,3.931439702114891e-07,2.719611922400223e-07,-5.450124002061267e-10,3.936889826116952e-07,0.0013862921512262825,0.9986137078487737,0.9999962158902154
1265,C,lambda_1.902983346207417,yoshida4,controlled_q0.001_phi4.712388980385,controlled,0.001,4.712388980385,-1,0.08,fit_ok,resolved,True,mixed,True,3.1669303514249986e-07,2.725062046402284e-07,4.418683050227144e-08,2.719611922400223e-07,-5.450124002061267e-10,4.473184290247757e-08,0.012334272316230287,0.9876657276837697,0.9999962158902154
1334,C,lambda_1.902983346207417,yoshida4,controlled_q0.001_phi0.000000000000,controlled,0.001,0.0,1,0.08,fit_ok,resolved,True,E_state_hartree,True,-1.217277903898209e-07,2.725062046402284e-07,-3.942339950300493e-07,2.719611922400222e-07,-5.450124002062326e-10,-3.9368898262984305e-07,0.0013824591665786983,0.9986175408334212,0.9999962158902154
1335,C,lambda_1.902983346207417,yoshida4,controlled_q0.001_phi1.570796326795,controlled,0.001,1.570796326795,1,0.08,fit_ok,resolved,True,mixed,True,3.1669303514249986e-07,2.725062046402284e-07,4.418683050227144e-08,2.719611922400222e-07,-5.450124002062326e-10,4.4731842902477675e-08,0.012334272316232683,0.9876657276837674,0.9999962158902154
1336,C,lambda_1.902983346207417,yoshida4,controlled_q0.001_phi3.141592653590,controlled,0.001,3.14159265359,1,0.08,fit_ok,resolved,True,E_state_hartree,True,6.656501748517172e-07,2.725062046402284e-07,3.9314397021148876e-07,2.719611922400222e-07,-5.450124002062326e-10,3.93688982611695e-07,0.0013862921512265529,0.9986137078487735,0.9999962158902154
1337,C,lambda_1.902983346207417,yoshida4,controlled_q0.001_phi4.712388980385,controlled,0.001,4.712388980385,1,0.08,fit_ok,resolved,True,mixed,True,2.272293493556926e-07,2.725062046402284e-07,-4.52768552845358e-08,2.719611922400222e-07,-5.450124002062326e-10,-4.473184288432957e-08,0.012037328935085741,0.9879626710649143,0.9999962158902154
1274,C,lambda_1.902983346207417,yoshida4,controlled_q0.001_phi0.000000000000,controlled,0.001,0.0,-1,0.12,fit_ok,resolved,True,E_state_hartree,True,-4.0554909591167196e-07,1.5645042144716329e-06,-1.9700533103833047e-06,1.5613752060398428e-06,-3.1290084317900833e-09,-1.9669243019515146e-06,0.0015882861724088502,0.9984117138275912,0.9999950830266816
1275,C,lambda_1.902983346207417,yoshida4,controlled_q0.001_phi1.570796326795,controlled,0.001,1.570796326795,-1,0.12,fit_ok,resolved,True,mixed,True,1.224335270377334e-06,1.5645042144716329e-06,-3.4016894409429884e-07,1.5613752060398428e-06,-3.1290084317900833e-09,-3.3703993566250876e-07,0.00919839534476341,0.9908016046552366,0.9999950830266816
1276,C,lambda_1.902983346207417,yoshida4,controlled_q0.001_phi3.141592653590,controlled,0.001,3.14159265359,-1,0.12,fit_ok,resolved,True,E_state_hartree,True,3.528299507997049e-06,1.5645042144716329e-06,1.963795293525416e-06,1.5613752060398428e-06,-3.1290084317900833e-09,1.9669243019572062e-06,0.001593347556186913,0.9984066524438131,0.9999950830266816
1277,C,lambda_1.902983346207417,yoshida4,controlled_q0.001_phi4.712388980385,controlled,0.001,4.712388980385,-1,0.12,fit_ok,resolved,True,mixed,True,1.8984151416966597e-06,1.5645042144716329e-06,3.3391092722502683e-07,1.5613752060398428e-06,-3.1290084317900833e-09,3.370399356568169e-07,0.009370787766048173,0.9906292122339518,0.9999950830266816
1346,C,lambda_1.902983346207417,yoshida4,controlled_q0.001_phi0.000000000000,controlled,0.001,0.0,1,0.12,fit_ok,resolved,True,E_state_hartree,True,-4.0554909591167196e-07,1.5645042144716329e-06,-1.9700533103833047e-06,1.5613752060398421e-06,-3.1290084317907186e-09,-1.966924301951514e-06,0.0015882861724091726,0.9984117138275909,0.9999950830266816
1347,C,lambda_1.902983346207417,yoshida4,controlled_q0.001_phi1.570796326795,controlled,0.001,1.570796326795,1,0.12,fit_ok,resolved,True,mixed,True,1.8984151416966597e-06,1.5645042144716329e-06,3.3391092722502683e-07,1.5613752060398421e-06,-3.1290084317907186e-09,3.3703993565681755e-07,0.009370787766050076,0.99062921223395,0.9999950830266816
1348,C,lambda_1.902983346207417,yoshida4,controlled_q0.001_phi3.141592653590,controlled,0.001,3.14159265359,1,0.12,fit_ok,resolved,True,E_state_hartree,True,3.5282995079970465e-06,1.5645042144716329e-06,1.9637952935254136e-06,1.5613752060398421e-06,-3.1290084317907186e-09,1.9669243019572045e-06,0.0015933475561872386,0.9984066524438128,0.9999950830266816
1349,C,lambda_1.902983346207417,yoshida4,controlled_q0.001_phi4.712388980385,controlled,0.001,4.712388980385,1,0.12,fit_ok,resolved,True,mixed,True,1.224335270377334e-06,1.5645042144716329e-06,-3.4016894409429884e-07,1.5613752060398421e-06,-3.1290084317907186e-09,-3.370399356625081e-07,0.009198395344765279,0.9908016046552347,0.9999950830266816
1286,C,lambda_1.902983346207417,yoshida4,controlled_q0.001_phi0.000000000000,controlled,0.001,0.0,-1,0.18,fit_ok,resolved,True,E_state_hartree,True,2.9771421046404854e-07,9.98116048518952e-06,-9.68344627472547e-06,9.961198164223644e-06,-1.9962320965875402e-08,-9.663483953759595e-06,0.0020614893086130476,0.997938510691387,0.999992006636627
1287,C,lambda_1.902983346207417,yoshida4,controlled_q0.001_phi1.570796326795,controlled,0.001,1.570796326795,-1,0.18,fit_ok,resolved,True,mixed,True,7.446728111290084e-06,9.98116048518952e-06,-2.5344323738994357e-06,9.961198164223644e-06,-1.9962320965875402e-08,-2.5144700529335603e-06,0.007876446486185663,0.9921235535138143,0.999992006636627
1288,C,lambda_1.902983346207417,yoshida4,controlled_q0.001_phi3.141592653590,controlled,0.001,3.14159265359,-1,0.18,fit_ok,resolved,True,E_state_hartree,True,1.9624682117974213e-05,9.98116048518952e-06,9.643521632784694e-06,9.961198164223644e-06,-1.9962320965875402e-08,9.663483953750569e-06,0.0020700239731935998,0.9979299760268064,0.999992006636627
1289,C,lambda_1.902983346207417,yoshida4,controlled_q0.001_phi4.712388980385,controlled,0.001,4.712388980385,-1,0.18,fit_ok,resolved,True,mixed,True,1.2475668217166231e-05,9.98116048518952e-06,2.4945077319767118e-06,9.961198164223644e-06,-1.9962320965875402e-08,2.514470052942587e-06,0.008002509156408487,0.9919974908435916,0.999992006636627
1358,C,lambda_1.902983346207417,yoshida4,controlled_q0.001_phi0.000000000000,controlled,0.001,0.0,1,0.18,fit_ok,resolved,True,E_state_hartree,True,2.9771421046404854e-07,9.98116048518952e-06,-9.68344627472547e-06,9.96119816422364e-06,-1.996232096587879e-08,-9.663483953759592e-06,0.0020614893086133975,0.9979385106913866,0.999992006636627
1359,C,lambda_1.902983346207417,yoshida4,controlled_q0.001_phi1.570796326795,controlled,0.001,1.570796326795,1,0.18,fit_ok,resolved,True,mixed,True,1.2475668217166231e-05,9.98116048518952e-06,2.4945077319767118e-06,9.96119816422364e-06,-1.996232096587879e-08,2.5144700529425906e-06,0.008002509156409845,0.9919974908435901,0.999992006636627
1360,C,lambda_1.902983346207417,yoshida4,controlled_q0.001_phi3.141592653590,controlled,0.001,3.14159265359,1,0.18,fit_ok,resolved,True,E_state_hartree,True,1.96246821179742e-05,9.98116048518952e-06,9.64352163278468e-06,9.96119816422364e-06,-1.996232096587879e-08,9.663483953750559e-06,0.002070023973193954,0.997929976026806,0.999992006636627
1361,C,lambda_1.902983346207417,yoshida4,controlled_q0.001_phi4.712388980385,controlled,0.001,4.712388980385,1,0.18,fit_ok,resolved,True,mixed,True,7.446728111290084e-06,9.98116048518952e-06,-2.5344323738994357e-06,9.96119816422364e-06,-1.996232096587879e-08,-2.514470052933557e-06,0.007876446486187001,0.992123553513813,0.999992006636627
1298,C,lambda_1.902983346207417,yoshida4,controlled_q0.001_phi0.000000000000,controlled,0.001,0.0,-1,0.27,fit_ok,resolved,True,E_state_hartree,True,2.7048691250995513e-05,7.285771008956076e-05,-4.5809018838565244e-05,7.271199466938337e-05,-1.457154201773837e-07,-4.566330341838786e-05,0.0031809330099580794,0.996819066990042,0.9999824621103183
1299,C,lambda_1.902983346207417,yoshida4,controlled_q0.001_phi1.570796326795,controlled,0.001,1.570796326795,-1,0.27,fit_ok,resolved,True,mixed,True,5.4376118292967e-05,7.285771008956076e-05,-1.848159179659376e-05,7.271199466938337e-05,-1.457154201773837e-07,-1.8335876376416376e-05,0.007884354431215157,0.9921156455687848,0.9999824621103183
1300,C,lambda_1.902983346207417,yoshida4,controlled_q0.001_phi3.141592653590,controlled,0.001,3.14159265359,-1,0.27,fit_ok,resolved,True,E_state_hartree,True,0.00011837529808776765,7.285771008956076e-05,4.551758799820689e-05,7.271199466938337e-05,-1.457154201773837e-07,4.5663303418384276e-05,0.003201299246856489,0.9967987007531435,0.9999824621103183
1301,C,lambda_1.902983346207417,yoshida4,controlled_q0.001_phi4.712388980385,controlled,0.001,4.712388980385,-1,0.27,fit_ok,resolved,True,mixed,True,9.104787104580334e-05,7.285771008956076e-05,1.8190160956242584e-05,7.271199466938337e-05,-1.457154201773837e-07,1.8335876376419967e-05,0.00801067239195464,0.9919893276080454,0.9999824621103183
1370,C,lambda_1.902983346207417,yoshida4,controlled_q0.001_phi0.000000000000,controlled,0.001,0.0,1,0.27,fit_ok,resolved,True,E_state_hartree,True,2.7048691250995513e-05,7.285771008956076e-05,-4.5809018838565244e-05,7.271199466938339e-05,-1.4571542017737015e-07,-4.5663303418387874e-05,0.0031809330099577837,0.9968190669900422,0.9999824621103183
1371,C,lambda_1.902983346207417,yoshida4,controlled_q0.001_phi1.570796326795,controlled,0.001,1.570796326795,1,0.27,fit_ok,resolved,True,mixed,True,9.104787104580334e-05,7.285771008956076e-05,1.8190160956242584e-05,7.271199466938339e-05,-1.4571542017737015e-07,1.8335876376419954e-05,0.008010672391953896,0.9919893276080461,0.9999824621103183
1372,C,lambda_1.902983346207417,yoshida4,controlled_q0.001_phi3.141592653590,controlled,0.001,3.14159265359,1,0.27,fit_ok,resolved,True,E_state_hartree,True,0.00011837529808776768,7.285771008956076e-05,4.551758799820692e-05,7.271199466938339e-05,-1.4571542017737015e-07,4.566330341838429e-05,0.0032012992468561895,0.9967987007531438,0.9999824621103183
1373,C,lambda_1.902983346207417,yoshida4,controlled_q0.001_phi4.712388980385,controlled,0.001,4.712388980385,1,0.27,fit_ok,resolved,True,mixed,True,5.4376118292967e-05,7.285771008956076e-05,-1.848159179659376e-05,7.271199466938339e-05,-1.4571542017737015e-07,-1.833587637641639e-05,0.007884354431214423,0.9921156455687856,0.9999824621103183
1310,C,lambda_1.902983346207417,yoshida4,controlled_q0.001_phi0.000000000000,controlled,0.001,0.0,-1,0.4,fit_ok,resolved,True,E_state_hartree,True,0.0003682025509718681,0.0005576406630297677,-0.00018943811205789958,0.0005565253817037065,-1.1152813260611799e-06,-0.0001883228307318384,0.005887312293950158,0.9941126877060499,0.9999500099089847
1311,C,lambda_1.902983346207417,yoshida4,controlled_q0.001_phi1.570796326795,controlled,0.001,1.570796326795,-1,0.4,fit_ok,resolved,True,mixed,True,0.0004369595697965205,0.0005576406630297677,-0.00012068109323324716,0.0005565253817037065,-1.1152813260611799e-06,-0.00011956581190718598,0.009241558028527407,0.9907584419714726,0.9999500099089847
1312,C,lambda_1.902983346207417,yoshida4,controlled_q0.001_phi3.141592653590,controlled,0.001,3.14159265359,-1,0.4,fit_ok,resolved,True,E_state_hartree,True,0.0007448482124355487,0.0005576406630297677,0.00018720754940578107,0.0005565253817037065,-1.1152813260611799e-06,0.00018832283073184225,0.005957459138807249,0.9940425408611927,0.9999500099089847
1313,C,lambda_1.902983346207417,yoshida4,controlled_q0.001_phi4.712388980385,controlled,0.001,4.712388980385,-1,0.4,fit_ok,resolved,True,mixed,True,0.0006760911936108888,0.0005576406630297677,0.00011845053058112112,0.0005565253817037065,-1.1152813260611799e-06,0.0001195658119071823,0.00941558742362388,0.9905844125763761,0.9999500099089847
1382,C,lambda_1.902983346207417,yoshida4,controlled_q0.001_phi0.000000000000,controlled,0.001,0.0,1,0.4,fit_ok,resolved,True,E_state_hartree,True,0.0003682025509718681,0.0005576406630297677,-0.00018943811205789958,0.0005565253817037065,-1.1152813260611799e-06,-0.0001883228307318384,0.005887312293950158,0.9941126877060499,0.9999500099089847
1383,C,lambda_1.902983346207417,yoshida4,controlled_q0.001_phi1.570796326795,controlled,0.001,1.570796326795,1,0.4,fit_ok,resolved,True,mixed,True,0.0006760911936108888,0.0005576406630297677,0.00011845053058112112,0.0005565253817037065,-1.1152813260611799e-06,0.0001195658119071823,0.00941558742362388,0.9905844125763761,0.9999500099089847
1384,C,lambda_1.902983346207417,yoshida4,controlled_q0.001_phi3.141592653590,controlled,0.001,3.14159265359,1,0.4,fit_ok,resolved,True,E_state_hartree,True,0.0007448482124355487,0.0005576406630297677,0.00018720754940578107,0.0005565253817037065,-1.1152813260611799e-06,0.00018832283073184225,0.005957459138807249,0.9940425408611927,0.9999500099089847
1385,C,lambda_1.902983346207417,yoshida4,controlled_q0.001_phi4.712388980385,controlled,0.001,4.712388980385,1,0.4,fit_ok,resolved,True,mixed,True,0.0004369595697965205,0.0005576406630297677,-0.00012068109323324716,0.0005565253817037065,-1.1152813260611799e-06,-0.00011956581190718598,0.009241558028527407,0.9907584419714726,0.9999500099089847
1254,C,lambda_1.902983346207417,yoshida4,controlled_q0.010_phi0.000000000000,controlled,0.01,0.0,-1,0.05,fit_ok,resolved,True,E_state_hartree,True,-1.5226255870131282e-07,3.883640368973608e-08,-1.910989623910489e-07,3.805967568707385e-08,-7.767280026622314e-10,-1.9032223438838669e-07,0.004064532810349856,0.9959354671896501,0.9999668562848956
1255,C,lambda_1.902983346207417,yoshida4,controlled_q0.010_phi1.570796326795,controlled,0.01,1.570796326795,-1,0.05,fit_ok,resolved,True,mixed,True,2.4579386997958252e-08,3.883640368973608e-08,-1.4257016691777828e-08,3.805967568707385e-08,-7.767280026622314e-10,-1.3480288689115597e-08,0.05448040213842063,0.9455195978615794,0.9999668562848956
1256,C,lambda_1.902983346207417,yoshida4,controlled_q0.010_phi3.141592653590,controlled,0.01,3.14159265359,-1,0.05,fit_ok,resolved,True,E_state_hartree,True,2.2838190993319552e-07,3.883640368973608e-08,1.8954550624345945e-07,3.805967568707385e-08,-7.767280026622314e-10,1.9032223424612168e-07,0.004097844459918625,0.9959021555400813,0.9999668562848956
1257,C,lambda_1.902983346207417,yoshida4,controlled_q0.010_phi4.712388980385,controlled,0.01,4.712388980385,-1,0.05,fit_ok,resolved,True,mixed,True,5.153996451845444e-08,3.883640368973608e-08,1.2703560828718359e-08,3.805967568707385e-08,-7.767280026622314e-10,1.348028883138059e-08,0.061142542089956224,0.9388574579100438,0.9999668562848956
1326,C,lambda_1.902983346207417,yoshida4,controlled_q0.010_phi0.000000000000,controlled,0.01,0.0,1,0.05,fit_ok,resolved,True,E_state_hartree,True,-1.5226255870131282e-07,3.883640368973608e-08,-1.910989623910489e-07,3.805967568707385e-08,-7.767280026622314e-10,-1.9032223438838669e-07,0.004064532810349856,0.9959354671896501,0.9999668562848956
1327,C,lambda_1.902983346207417,yoshida4,controlled_q0.010_phi1.570796326795,controlled,0.01,1.570796326795,1,0.05,fit_ok,resolved,True,mixed,True,5.153996451845444e-08,3.883640368973608e-08,1.2703560828718359e-08,3.805967568707385e-08,-7.767280026622314e-10,1.348028883138059e-08,0.061142542089956224,0.9388574579100438,0.9999668562848956
1328,C,lambda_1.902983346207417,yoshida4,controlled_q0.010_phi3.141592653590,controlled,0.01,3.14159265359,1,0.05,fit_ok,resolved,True,E_state_hartree,True,2.2838190993319552e-07,3.883640368973608e-08,1.8954550624345945e-07,3.805967568707385e-08,-7.767280026622314e-10,1.9032223424612168e-07,0.004097844459918625,0.9959021555400813,0.9999668562848956
1329,C,lambda_1.902983346207417,yoshida4,controlled_q0.010_phi4.712388980385,controlled,0.01,4.712388980385,1,0.05,fit_ok,resolved,True,mixed,True,2.4579386997958252e-08,3.883640368973608e-08,-1.4257016691777828e-08,3.805967568707385e-08,-7.767280026622314e-10,-1.3480288689115597e-08,0.05448040213842063,0.9455195978615794,0.9999668562848956
1266,C,lambda_1.902983346207417,yoshida4,controlled_q0.010_phi0.000000000000,controlled,0.01,0.0,-1,0.08,fit_ok,resolved,True,E_state_hartree,True,-9.722772062894656e-07,2.725062046402284e-07,-1.244783410929694e-06,2.6705608048274317e-07,-5.450124157485248e-09,-1.2393332867722086e-06,0.004378371457741956,0.995621628542258,0.9999618162035556
1267,C,lambda_1.902983346207417,yoshida4,controlled_q0.010_phi1.570796326795,controlled,0.01,1.570796326795,-1,0.08,fit_ok,resolved,True,mixed,True,1.262401972020044e-07,2.725062046402284e-07,-1.46266007438224e-07,2.6705608048274317e-07,-5.450124157485248e-09,-1.4081588328073875e-07,0.03726172781319083,0.9627382721868092,0.9999618162035556
1268,C,lambda_1.902983346207417,yoshida4,controlled_q0.010_phi3.141592653590,controlled,0.01,3.14159265359,-1,0.08,fit_ok,resolved,True,E_state_hartree,True,1.5063893673843128e-06,2.725062046402284e-07,1.2338831627440844e-06,2.6705608048274317e-07,-5.450124157485248e-09,1.2393332869015696e-06,0.004417050432363862,0.9955829495676362,0.9999618162035556
1269,C,lambda_1.902983346207417,yoshida4,controlled_q0.010_phi4.712388980385,controlled,0.01,4.712388980385,-1,0.08,fit_ok,resolved,True,mixed,True,4.0787196363412104e-07,2.725062046402284e-07,1.3536575899389262e-07,2.6705608048274317e-07,-5.450124157485248e-09,1.4081588315137787e-07,0.040262206617045194,0.9597377933829548,0.9999618162035556
1338,C,lambda_1.902983346207417,yoshida4,controlled_q0.010_phi0.000000000000,controlled,0.01,0.0,1,0.08,fit_ok,resolved,True,E_state_hartree,True,-9.722772062894656e-07,2.725062046402284e-07,-1.244783410929694e-06,2.6705608048274317e-07,-5.450124157485248e-09,-1.2393332867722086e-06,0.004378371457741956,0.995621628542258,0.9999618162035556
1339,C,lambda_1.902983346207417,yoshida4,controlled_q0.010_phi1.570796326795,controlled,0.01,1.570796326795,1,0.08,fit_ok,resolved,True,mixed,True,4.0787196363412104e-07,2.725062046402284e-07,1.3536575899389262e-07,2.6705608048274317e-07,-5.450124157485248e-09,1.4081588315137787e-07,0.040262206617045194,0.9597377933829548,0.9999618162035556
1340,C,lambda_1.902983346207417,yoshida4,controlled_q0.010_phi3.141592653590,controlled,0.01,3.14159265359,1,0.08,fit_ok,resolved,True,E_state_hartree,True,1.5063893673843128e-06,2.725062046402284e-07,1.2338831627440844e-06,2.6705608048274317e-07,-5.450124157485248e-09,1.2393332869015696e-06,0.004417050432363862,0.9955829495676362,0.9999618162035556
1341,C,lambda_1.902983346207417,yoshida4,controlled_q0.010_phi4.712388980385,controlled,0.01,4.712388980385,1,0.08,fit_ok,resolved,True,mixed,True,1.262401972020044e-07,2.725062046402284e-07,-1.46266007438224e-07,2.6705608048274317e-07,-5.450124157485248e-09,-1.4081588328073875e-07,0.03726172781319083,0.9627382721868092,0.9999618162035556
1278,C,lambda_1.902983346207417,yoshida4,controlled_q0.010_phi0.000000000000,controlled,0.01,0.0,-1,0.12,fit_ok,resolved,True,E_state_hartree,True,-4.6586654186762945e-06,1.5645042144716329e-06,-6.223169633147928e-06,1.5332141301587198e-06,-3.129008431291308e-08,-6.191879548835015e-06,0.00502799797489777,0.9949720020251023,0.999950385487014
1279,C,lambda_1.902983346207417,yoshida4,controlled_q0.010_phi1.570796326795,controlled,0.01,1.570796326795,-1,0.12,fit_ok,resolved,True,mixed,True,4.722120963349119e-07,1.5645042144716329e-06,-1.092292118136721e-06,1.5332141301587198e-06,-3.129008431291308e-08,-1.0610020338238079e-06,0.028646260275400556,0.9713537397245995,0.999950385487014
1280,C,lambda_1.902983346207417,yoshida4,controlled_q0.010_phi3.141592653590,controlled,0.01,3.14159265359,-1,0.12,fit_ok,resolved,True,E_state_hartree,True,7.725093679040692e-06,1.5645042144716329e-06,6.160589464569059e-06,1.5332141301587198e-06,-3.129008431291308e-08,6.191879548881971e-06,0.005079073113517695,0.9949209268864823,0.999950385487014
1281,C,lambda_1.902983346207417,yoshida4,controlled_q0.010_phi4.712388980385,controlled,0.01,4.712388980385,-1,0.12,fit_ok,resolved,True,mixed,True,2.59421616393557e-06,1.5645042144716329e-06,1.029711949463937e-06,1.5332141301587198e-06,-3.129008431291308e-08,1.06100203377685e-06,0.0303872207457654,0.9696127792542346,0.999950385487014
1350,C,lambda_1.902983346207417,yoshida4,controlled_q0.010_phi0.000000000000,controlled,0.01,0.0,1,0.12,fit_ok,resolved,True,E_state_hartree,True,-4.6586654186762945e-06,1.5645042144716329e-06,-6.223169633147928e-06,1.5332141301587194e-06,-3.1290084312913503e-08,-6.191879548835014e-06,0.005027997974897838,0.9949720020251022,0.9999503854870138
1351,C,lambda_1.902983346207417,yoshida4,controlled_q0.010_phi1.570796326795,controlled,0.01,1.570796326795,1,0.12,fit_ok,resolved,True,mixed,True,2.59421616393557e-06,1.5645042144716329e-06,1.029711949463937e-06,1.5332141301587194e-06,-3.1290084312913503e-08,1.0610020337768505e-06,0.030387220745765813,0.9696127792542342,0.9999503854870138
1352,C,lambda_1.902983346207417,yoshida4,controlled_q0.010_phi3.141592653590,controlled,0.01,3.14159265359,1,0.12,fit_ok,resolved,True,E_state_hartree,True,7.72509367904069e-06,1.5645042144716329e-06,6.160589464569057e-06,1.5332141301587194e-06,-3.1290084312913503e-08,6.19187954888197e-06,0.005079073113517765,0.9949209268864823,0.9999503854870138
1353,C,lambda_1.902983346207417,yoshida4,controlled_q0.010_phi4.712388980385,controlled,0.01,4.712388980385,1,0.12,fit_ok,resolved,True,mixed,True,4.722120963349119e-07,1.5645042144716329e-06,-1.092292118136721e-06,1.5332141301587194e-06,-3.1290084312913503e-08,-1.0610020338238075e-06,0.02864626027540094,0.971353739724599,0.9999503854870138
1290,C,lambda_1.902983346207417,yoshida4,controlled_q0.010_phi0.000000000000,controlled,0.01,0.0,-1,0.18,fit_ok,resolved,True,E_state_hartree,True,-2.0639119281823263e-05,9.98116048518952e-06,-3.062027976701278e-05,9.781537275495907e-06,-1.996232096936128e-07,-3.042065655731917e-05,0.006519313710146661,0.9934806862898533,0.9999193455577567
1291,C,lambda_1.902983346207417,yoshida4,controlled_q0.010_phi1.570796326795,controlled,0.01,1.570796326795,-1,0.18,fit_ok,resolved,True,mixed,True,1.865983188566641e-06,9.98116048518952e-06,-8.115177296622878e-06,9.781537275495907e-06,-1.996232096936128e-07,-7.915554086929265e-06,0.024598749034933073,0.9754012509650669,0.9999193455577567
1292,C,lambda_1.902983346207417,yoshida4,controlled_q0.010_phi3.141592653590,controlled,0.01,3.14159265359,-1,0.18,fit_ok,resolved,True,E_state_hartree,True,4.02021938327947e-05,9.98116048518952e-06,3.0221033347605182e-05,9.781537275495907e-06,-1.996232096936128e-07,3.0420656557298793e-05,0.00660543957572621,0.9933945604242738,0.9999193455577567
1293,C,lambda_1.902983346207417,yoshida4,controlled_q0.010_phi4.712388980385,controlled,0.01,4.712388980385,-1,0.18,fit_ok,resolved,True,mixed,True,1.7697091362445546e-05,9.98116048518952e-06,7.715930877256027e-06,9.781537275495907e-06,-1.996232096936128e-07,7.91555408694964e-06,0.025871565319750985,0.974128434680249,0.9999193455577567
1362,C,lambda_1.902983346207417,yoshida4,controlled_q0.010_phi0.000000000000,controlled,0.01,0.0,1,0.18,fit_ok,resolved,True,E_state_hartree,True,-2.0639119281823263e-05,9.98116048518952e-06,-3.062027976701278e-05,9.781537275495908e-06,-1.9962320969361112e-07,-3.042065655731917e-05,0.006519313710146605,0.9934806862898534,0.9999193455577567
1363,C,lambda_1.902983346207417,yoshida4,controlled_q0.010_phi1.570796326795,controlled,0.01,1.570796326795,1,0.18,fit_ok,resolved,True,mixed,True,1.7697091362445546e-05,9.98116048518952e-06,7.715930877256027e-06,9.781537275495908e-06,-1.9962320969361112e-07,7.915554086949638e-06,0.025871565319750763,0.9741284346802492,0.9999193455577567
1364,C,lambda_1.902983346207417,yoshida4,controlled_q0.010_phi3.141592653590,controlled,0.01,3.14159265359,1,0.18,fit_ok,resolved,True,E_state_hartree,True,4.020219383279471e-05,9.98116048518952e-06,3.022103334760519e-05,9.781537275495908e-06,-1.9962320969361112e-07,3.04206565572988e-05,0.006605439575726152,0.9933945604242739,0.9999193455577567
1365,C,lambda_1.902983346207417,yoshida4,controlled_q0.010_phi4.712388980385,controlled,0.01,4.712388980385,1,0.18,fit_ok,resolved,True,mixed,True,1.865983188566641e-06,9.98116048518952e-06,-8.115177296622878e-06,9.781537275495908e-06,-1.9962320969361112e-07,-7.915554086929267e-06,0.024598749034932865,0.9754012509650671,0.9999193455577567
1302,C,lambda_1.902983346207417,yoshida4,controlled_q0.010_phi0.000000000000,controlled,0.01,0.0,-1,0.27,fit_ok,resolved,True,E_state_hartree,True,-7.234756613639265e-05,7.285771008956076e-05,-0.0001452052762259534,7.140055588776476e-05,-1.4571542017959954e-06,-0.0001437481220241574,0.01003513260446902,0.989964867395531,0.9998230549608665
1303,C,lambda_1.902983346207417,yoshida4,controlled_q0.010_phi1.570796326795,controlled,0.01,1.570796326795,-1,0.27,fit_ok,resolved,True,mixed,True,1.3679199843326023e-05,7.285771008956076e-05,-5.917851024623473e-05,7.140055588776476e-05,-1.4571542017959954e-06,-5.7721356044438735e-05,0.02462302947020718,0.9753769705297928,0.9998230549608665
1304,C,lambda_1.902983346207417,yoshida4,controlled_q0.010_phi3.141592653590,controlled,0.01,3.14159265359,-1,0.27,fit_ok,resolved,True,E_state_hartree,True,0.00021514867791193177,7.285771008956076e-05,0.00014229096782237101,7.140055588776476e-05,-1.4571542017959954e-06,0.000143748122024167,0.010240665476497667,0.9897593345235023,0.9998230549608665
1305,C,lambda_1.902983346207417,yoshida4,controlled_q0.010_phi4.712388980385,controlled,0.01,4.712388980385,-1,0.27,fit_ok,resolved,True,mixed,True,0.0001291219119321939,7.285771008956076e-05,5.6264201842633145e-05,7.140055588776476e-05,-1.4571542017959954e-06,5.772135604442914e-05,0.025898424825638672,0.9741015751743614,0.9998230549608665
1374,C,lambda_1.902983346207417,yoshida4,controlled_q0.010_phi0.000000000000,controlled,0.01,0.0,1,0.27,fit_ok,resolved,True,E_state_hartree,True,-7.234756613639265e-05,7.285771008956076e-05,-0.0001452052762259534,7.140055588776476e-05,-1.4571542017959954e-06,-0.0001437481220241574,0.01003513260446902,0.989964867395531,0.9998230549608665
1375,C,lambda_1.902983346207417,yoshida4,controlled_q0.010_phi1.570796326795,controlled,0.01,1.570796326795,1,0.27,fit_ok,resolved,True,mixed,True,0.0001291219119321939,7.285771008956076e-05,5.6264201842633145e-05,7.140055588776476e-05,-1.4571542017959954e-06,5.772135604442914e-05,0.025898424825638672,0.9741015751743614,0.9998230549608665
1376,C,lambda_1.902983346207417,yoshida4,controlled_q0.010_phi3.141592653590,controlled,0.01,3.14159265359,1,0.27,fit_ok,resolved,True,E_state_hartree,True,0.00021514867791193177,7.285771008956076e-05,0.00014229096782237101,7.140055588776476e-05,-1.4571542017959954e-06,0.000143748122024167,0.010240665476497667,0.9897593345235023,0.9998230549608665
1377,C,lambda_1.902983346207417,yoshida4,controlled_q0.010_phi4.712388980385,controlled,0.01,4.712388980385,1,0.27,fit_ok,resolved,True,mixed,True,1.3679199843326023e-05,7.285771008956076e-05,-5.917851024623473e-05,7.140055588776476e-05,-1.4571542017959954e-06,-5.7721356044438735e-05,0.02462302947020718,0.9753769705297928,0.9998230549608665
1314,C,lambda_1.902983346207417,yoshida4,controlled_q0.010_phi0.000000000000,controlled,0.01,0.0,-1,0.4,fit_ok,resolved,True,E_state_hartree,True,-4.635259814893055e-05,0.0005576406630297677,-0.0006039932611786982,0.0005464878497691791,-1.1152813260588597e-05,-0.0005928404479181096,0.018465128632103915,0.9815348713678961,0.9994957836799363
1315,C,lambda_1.902983346207417,yoshida4,controlled_q0.010_phi1.570796326795,controlled,0.01,1.570796326795,-1,0.4,fit_ok,resolved,True,mixed,True,0.0001700945616517173,0.0005576406630297677,-0.0003875461013780504,0.0005464878497691791,-1.1152813260588597e-05,-0.0003763932881174618,0.0287780298161458,0.9712219701838543,0.9994957836799363
1316,C,lambda_1.902983346207417,yoshida4,controlled_q0.010_phi3.141592653590,controlled,0.01,3.14159265359,-1,0.4,fit_ok,resolved,True,E_state_hartree,True,0.0011393282976872757,0.0005576406630297677,0.000581687634657508,0.0005464878497691791,-1.1152813260588597e-05,0.0005928404479180966,0.01917319983457318,0.9808268001654268,0.9994957836799363
1317,C,lambda_1.902983346207417,yoshida4,controlled_q0.010_phi4.712388980385,controlled,0.01,4.712388980385,-1,0.4,fit_ok,resolved,True,mixed,True,0.0009228811378866539,0.0005576406630297677,0.0003652404748568862,0.0005464878497691791,-1.1152813260588597e-05,0.0003763932881174748,0.03053553488276088,0.9694644651172392,0.9994957836799363
1386,C,lambda_1.902983346207417,yoshida4,controlled_q0.010_phi0.000000000000,controlled,0.01,0.0,1,0.4,fit_ok,resolved,True,E_state_hartree,True,-4.635259814893055e-05,0.0005576406630297677,-0.0006039932611786982,0.0005464878497691791,-1.1152813260588597e-05,-0.0005928404479181096,0.018465128632103915,0.9815348713678961,0.9994957836799363
1387,C,lambda_1.902983346207417,yoshida4,controlled_q0.010_phi1.570796326795,controlled,0.01,1.570796326795,1,0.4,fit_ok,resolved,True,mixed,True,0.0009228811378866539,0.0005576406630297677,0.0003652404748568862,0.0005464878497691791,-1.1152813260588597e-05,0.0003763932881174748,0.03053553488276088,0.9694644651172392,0.9994957836799363
1388,C,lambda_1.902983346207417,yoshida4,controlled_q0.010_phi3.141592653590,controlled,0.01,3.14159265359,1,0.4,fit_ok,resolved,True,E_state_hartree,True,0.0011393282976872759,0.0005576406630297677,0.0005816876346575082,0.0005464878497691791,-1.1152813260588597e-05,0.0005928404479180968,0.019173199834573173,0.9808268001654268,0.9994957836799363
1389,C,lambda_1.902983346207417,yoshida4,controlled_q0.010_phi4.712388980385,controlled,0.01,4.712388980385,1,0.4,fit_ok,resolved,True,mixed,True,0.0001700945616517173,0.0005576406630297677,-0.0003875461013780504,0.0005464878497691791,-1.1152813260588597e-05,-0.0003763932881174618,0.0287780298161458,0.9712219701838543,0.9994957836799363
1258,C,lambda_1.902983346207417,yoshida4,controlled_q0.050_phi0.000000000000,controlled,0.05,0.0,-1,0.05,fit_ok,resolved,True,E_state_hartree,True,-3.819346038756549e-07,3.883640368973608e-08,-4.20771007565391e-07,3.495276332165566e-08,-3.8836403680804184e-09,-4.1688736719731056e-07,0.009229819303738201,0.9907701806962618,0.9998273278655362
1259,C,lambda_1.902983346207417,yoshida4,controlled_q0.050_phi1.570796326795,controlled,0.05,1.570796326795,-1,0.05,fit_ok,resolved,True,mixed,True,5.4251458880827386e-09,3.883640368973608e-08,-3.341125780165334e-08,3.495276332165566e-08,-3.8836403680804184e-09,-2.9527617433572924e-08,0.11623747873054448,0.8837625212694555,0.9998273278655362
1260,C,lambda_1.902983346207417,yoshida4,controlled_q0.050_phi3.141592653590,controlled,0.05,3.14159265359,-1,0.05,fit_ok,resolved,True,E_state_hartree,True,4.518401305171799e-07,3.883640368973608e-08,4.130037268274438e-07,3.495276332165566e-08,-3.8836403680804184e-09,4.168873671955242e-07,0.009403402719663674,0.9905965972803363,0.9998273278655362
1261,C,lambda_1.902983346207417,yoshida4,controlled_q0.050_phi4.712388980385,controlled,0.05,4.712388980385,-1,0.05,fit_ok,resolved,True,mixed,True,6.44803807570149e-08,3.883640368973608e-08,2.5643977067278818e-08,3.495276332165566e-08,-3.8836403680804184e-09,2.9527617435359237e-08,0.15144454223661988,0.8485554577633801,0.9998273278655362
1330,C,lambda_1.902983346207417,yoshida4,controlled_q0.050_phi0.000000000000,controlled,0.05,0.0,1,0.05,fit_ok,resolved,True,E_state_hartree,True,-3.819346038756549e-07,3.883640368973608e-08,-4.20771007565391e-07,3.495276332165566e-08,-3.8836403680804184e-09,-4.1688736719731056e-07,0.009229819303738201,0.9907701806962618,0.9998273278655362
1331,C,lambda_1.902983346207417,yoshida4,controlled_q0.050_phi1.570796326795,controlled,0.05,1.570796326795,1,0.05,fit_ok,resolved,True,mixed,True,6.44803807570149e-08,3.883640368973608e-08,2.5643977067278818e-08,3.495276332165566e-08,-3.8836403680804184e-09,2.9527617435359237e-08,0.15144454223661988,0.8485554577633801,0.9998273278655362
1332,C,lambda_1.902983346207417,yoshida4,controlled_q0.050_phi3.141592653590,controlled,0.05,3.14159265359,1,0.05,fit_ok,resolved,True,E_state_hartree,True,4.518401305171799e-07,3.883640368973608e-08,4.130037268274438e-07,3.495276332165566e-08,-3.8836403680804184e-09,4.168873671955242e-07,0.009403402719663674,0.9905965972803363,0.9998273278655362
1333,C,lambda_1.902983346207417,yoshida4,controlled_q0.050_phi4.712388980385,controlled,0.05,4.712388980385,1,0.05,fit_ok,resolved,True,mixed,True,5.4251458880827386e-09,3.883640368973608e-08,-3.341125780165334e-08,3.495276332165566e-08,-3.8836403680804184e-09,-2.9527617433572924e-08,0.11623747873054448,0.8837625212694555,0.9998273278655362
1270,C,lambda_1.902983346207417,yoshida4,controlled_q0.050_phi0.000000000000,controlled,0.05,0.0,-1,0.08,fit_ok,resolved,True,E_state_hartree,True,-2.469416156000363e-06,2.725062046402284e-07,-2.7419223606405917e-06,2.452555841668114e-07,-2.7250620473416993e-08,-2.7146717401671747e-06,0.009938509151313266,0.9900614908486868,0.9998010743104357
1271,C,lambda_1.902983346207417,yoshida4,controlled_q0.050_phi1.570796326795,controlled,0.05,1.570796326795,-1,0.08,fit_ok,resolved,True,mixed,True,-6.319162953322133e-08,2.725062046402284e-07,-3.3569783417344974e-07,2.452555841668114e-07,-2.7250620473416993e-08,-3.0844721370003275e-07,0.08117603898313216,0.9188239610168678,0.9998010743104357
1272,C,lambda_1.902983346207417,yoshida4,controlled_q0.050_phi3.141592653590,controlled,0.05,3.14159265359,-1,0.08,fit_ok,resolved,True,E_state_hartree,True,2.9599273243527755e-06,2.725062046402284e-07,2.687421119712547e-06,2.452555841668114e-07,-2.7250620473416993e-08,2.714671740185964e-06,0.010140063376569648,0.9898599366234303,0.9998010743104357
1273,C,lambda_1.902983346207417,yoshida4,controlled_q0.050_phi4.712388980385,controlled,0.05,4.712388980385,-1,0.08,fit_ok,resolved,True,mixed,True,5.537027978480547e-07,2.725062046402284e-07,2.8119659320782624e-07,2.452555841668114e-07,-2.7250620473416993e-08,3.0844721368124323e-07,0.0969094972401627,0.9030905027598373,0.9998010743104357
1342,C,lambda_1.902983346207417,yoshida4,controlled_q0.050_phi0.000000000000,controlled,0.05,0.0,1,0.08,fit_ok,resolved,True,E_state_hartree,True,-2.469416156000363e-06,2.725062046402284e-07,-2.7419223606405917e-06,2.452555841668113e-07,-2.72506204734171e-08,-2.7146717401671747e-06,0.009938509151313304,0.9900614908486867,0.9998010743104355
1343,C,lambda_1.902983346207417,yoshida4,controlled_q0.050_phi1.570796326795,controlled,0.05,1.570796326795,1,0.08,fit_ok,resolved,True,mixed,True,5.537027978480547e-07,2.725062046402284e-07,2.8119659320782624e-07,2.452555841668113e-07,-2.72506204734171e-08,3.0844721368124333e-07,0.09690949724016308,0.9030905027598369,0.9998010743104355
1344,C,lambda_1.902983346207417,yoshida4,controlled_q0.050_phi3.141592653590,controlled,0.05,3.14159265359,1,0.08,fit_ok,resolved,True,E_state_hartree,True,2.959927324352775e-06,2.725062046402284e-07,2.6874211197125465e-06,2.452555841668113e-07,-2.72506204734171e-08,2.7146717401859635e-06,0.010140063376569688,0.9898599366234303,0.9998010743104355
1345,C,lambda_1.902983346207417,yoshida4,controlled_q0.050_phi4.712388980385,controlled,0.05,4.712388980385,1,0.08,fit_ok,resolved,True,mixed,True,-6.319162953322133e-08,2.725062046402284e-07,-3.3569783417344974e-07,2.452555841668113e-07,-2.72506204734171e-08,-3.0844721370003264e-07,0.08117603898313248,0.9188239610168675,0.9998010743104355
1282,C,lambda_1.902983346207417,yoshida4,controlled_q0.050_phi0.000000000000,controlled,0.05,0.0,-1,0.12,fit_ok,resolved,True,E_state_hartree,True,-1.2154819574771748e-05,1.5645042144716329e-06,-1.3719323789243381e-05,1.4080537929863868e-06,-1.5645042148524606e-07,-1.3562873367758136e-05,0.01140365399116178,0.9885963460088382,0.9997415362686055
1283,C,lambda_1.902983346207417,yoshida4,controlled_q0.050_phi1.570796326795,controlled,0.05,1.570796326795,-1,0.12,fit_ok,resolved,True,mixed,True,-9.159959746725862e-07,1.5645042144716329e-06,-2.480500189144219e-06,1.4080537929863868e-06,-1.5645042148524606e-07,-2.324049767658973e-06,0.06307212640819107,0.936927873591809,0.9997415362686055
1284,C,lambda_1.902983346207417,yoshida4,controlled_q0.050_phi3.141592653590,controlled,0.05,3.14159265359,-1,0.12,fit_ok,resolved,True,E_state_hartree,True,1.4970927160820692e-05,1.5645042144716329e-06,1.3406422946349059e-05,1.4080537929863868e-06,-1.5645042148524606e-07,1.3562873367834304e-05,0.011669810963844897,0.9883301890361551,0.9997415362686055
1285,C,lambda_1.902983346207417,yoshida4,controlled_q0.050_phi4.712388980385,controlled,0.05,4.712388980385,-1,0.12,fit_ok,resolved,True,mixed,True,3.732103560569189e-06,1.5645042144716329e-06,2.167599346097556e-06,1.4080537929863868e-06,-1.5645042148524606e-07,2.3240497675828018e-06,0.07217681707042035,0.9278231829295797,0.9997415362686055
1354,C,lambda_1.902983346207417,yoshida4,controlled_q0.050_phi0.000000000000,controlled,0.05,0.0,1,0.12,fit_ok,resolved,True,E_state_hartree,True,-1.2154819574771748e-05,1.5645042144716329e-06,-1.3719323789243381e-05,1.4080537930152988e-06,-1.5645042145633407e-07,-1.3562873367787047e-05,0.01140365398905439,0.9885963460109456,0.9997415362687012
1355,C,lambda_1.902983346207417,yoshida4,controlled_q0.050_phi1.570796326795,controlled,0.05,1.570796326795,1,0.12,fit_ok,resolved,True,mixed,True,3.732103560684837e-06,1.5645042144716329e-06,2.1675993462132043e-06,1.4080537930152988e-06,-1.5645042145633407e-07,2.3240497676695384e-06,0.07217681705323123,0.9278231829467688,0.9997415362687012
1356,C,lambda_1.902983346207417,yoshida4,controlled_q0.050_phi3.141592653590,controlled,0.05,3.14159265359,1,0.12,fit_ok,resolved,True,E_state_hartree,True,1.4970927160820692e-05,1.5645042144716329e-06,1.3406422946349059e-05,1.4080537930152988e-06,-1.5645042145633407e-07,1.3562873367805393e-05,0.01166981096168832,0.9883301890383117,0.9997415362687012
1357,C,lambda_1.902983346207417,yoshida4,controlled_q0.050_phi4.712388980385,controlled,0.05,4.712388980385,1,0.12,fit_ok,resolved,True,mixed,True,-9.159959746725862e-07,1.5645042144716329e-06,-2.480500189144219e-06,1.4080537930152988e-06,-1.5645042145633407e-07,-2.324049767687885e-06,0.06307212639653537,0.9369278736034646,0.9997415362687012
1294,C,lambda_1.902983346207417,yoshida4,controlled_q0.050_phi0.000000000000,controlled,0.05,0.0,-1,0.18,fit_ok,resolved,True,E_state_hartree,True,-5.765124800980718e-05,9.98116048518952e-06,-6.763240849499669e-05,8.983044436627797e-06,-9.981160485617222e-07,-6.663429244643497e-05,0.014757955110168239,0.9852420448898318,0.9995798905743019
1295,C,lambda_1.902983346207417,yoshida4,controlled_q0.050_phi1.570796326795,controlled,0.05,1.570796326795,-1,0.18,fit_ok,resolved,True,mixed,True,-8.355415859581353e-06,9.98116048518952e-06,-1.8336576344770874e-05,8.983044436627797e-06,-9.981160485617222e-07,-1.733846029620915e-05,0.054433064809634404,0.9455669351903656,0.9995798905743019
1296,C,lambda_1.902983346207417,yoshida4,controlled_q0.050_phi3.141592653590,controlled,0.05,3.14159265359,-1,0.18,fit_ok,resolved,True,E_state_hartree,True,7.561733688314831e-05,9.98116048518952e-06,6.563617639795879e-05,8.983044436627797e-06,-9.981160485617222e-07,6.66342924465205e-05,0.015206797582327822,0.9847932024176722,0.9995798905743019
1297,C,lambda_1.902983346207417,yoshida4,controlled_q0.050_phi4.712388980385,controlled,0.05,4.712388980385,-1,0.18,fit_ok,resolved,True,mixed,True,2.632150473275141e-05,9.98116048518952e-06,1.634034424756189e-05,8.983044436627797e-06,-9.981160485617222e-07,1.7338460296123614e-05,0.06108292661647254,0.9389170733835275,0.9995798905743019
1366,C,lambda_1.902983346207417,yoshida4,controlled_q0.050_phi0.000000000000,controlled,0.05,0.0,1,0.18,fit_ok,resolved,True,E_state_hartree,True,-5.765124800980718e-05,9.98116048518952e-06,-6.763240849499669e-05,8.983044436647079e-06,-9.981160485424403e-07,-6.663429244645425e-05,0.01475795510988314,0.9852420448901169,0.999579890574318
1367,C,lambda_1.902983346207417,yoshida4,controlled_q0.050_phi1.570796326795,controlled,0.05,1.570796326795,1,0.18,fit_ok,resolved,True,mixed,True,2.632150473275141e-05,9.98116048518952e-06,1.634034424756189e-05,8.983044436647079e-06,-9.981160485424403e-07,1.7338460296104328e-05,0.06108292661529253,0.9389170733847074,0.999579890574318
1368,C,lambda_1.902983346207417,yoshida4,controlled_q0.050_phi3.141592653590,controlled,0.05,3.14159265359,1,0.18,fit_ok,resolved,True,E_state_hartree,True,7.561733688314834e-05,9.98116048518952e-06,6.563617639795881e-05,8.983044436647079e-06,-9.981160485424403e-07,6.663429244650126e-05,0.015206797582034047,0.984793202417966,0.999579890574318
1369,C,lambda_1.902983346207417,yoshida4,controlled_q0.050_phi4.712388980385,controlled,0.05,4.712388980385,1,0.18,fit_ok,resolved,True,mixed,True,-8.355415859504255e-06,9.98116048518952e-06,-1.8336576344693774e-05,8.983044436647079e-06,-9.981160485424403e-07,-1.7338460296151335e-05,0.05443306480881173,0.9455669351911883,0.999579890574318
1306,C,lambda_1.902983346207417,yoshida4,controlled_q0.050_phi0.000000000000,controlled,0.05,0.0,-1,0.27,fit_ok,resolved,True,E_state_hartree,True,-0.0002492981355854402,7.285771008956076e-05,-0.0003221558456750009,6.557193908059219e-05,-7.285771008968566e-06,-0.00031487007466603233,0.02261567221821776,0.9773843277817822,0.9990787096077379
1307,C,lambda_1.902983346207417,yoshida4,controlled_q0.050_phi1.570796326795,controlled,0.05,1.570796326795,-1,0.27,fit_ok,resolved,True,mixed,True,-6.0862600944097985e-05,7.285771008956076e-05,-0.00013372031103365875,6.557193908059219e-05,-7.285771008968566e-06,-0.0001264345400246902,0.054485148536146194,0.9455148514638538,0.9990787096077379
1308,C,lambda_1.902983346207417,yoshida4,controlled_q0.050_phi3.141592653590,controlled,0.05,3.14159265359,-1,0.27,fit_ok,resolved,True,E_state_hartree,True,0.0003804420137466497,7.285771008956076e-05,0.0003075843036570889,6.557193908059219e-05,-7.285771008968566e-06,0.0003148700746660575,0.02368707025144926,0.9763129297485508,0.9990787096077379
1309,C,lambda_1.902983346207417,yoshida4,controlled_q0.050_phi4.712388980385,controlled,0.05,4.712388980385,-1,0.27,fit_ok,resolved,True,mixed,True,0.00019200647910525722,7.285771008956076e-05,0.00011914876901569646,6.557193908059219e-05,-7.285771008968566e-06,0.00012643454002466504,0.06114852103934662,0.9388514789606534,0.9990787096077379
1378,C,lambda_1.902983346207417,yoshida4,controlled_q0.050_phi0.000000000000,controlled,0.05,0.0,1,0.27,fit_ok,resolved,True,E_state_hartree,True,-0.0002492981355854402,7.285771008956076e-05,-0.0003221558456750009,6.557193908060504e-05,-7.285771008955718e-06,-0.0003148700746660452,0.02261567221817788,0.9773843277818222,0.9990787096077411
1379,C,lambda_1.902983346207417,yoshida4,controlled_q0.050_phi1.570796326795,controlled,0.05,1.570796326795,1,0.27,fit_ok,resolved,True,mixed,True,0.0001920064791053086,7.285771008956076e-05,0.00011914876901574786,6.557193908060504e-05,-7.285771008955718e-06,0.0001264345400247036,0.061148521039212415,0.9388514789607876,0.9990787096077411
1380,C,lambda_1.902983346207417,yoshida4,controlled_q0.050_phi3.141592653590,controlled,0.05,3.14159265359,1,0.27,fit_ok,resolved,True,E_state_hartree,True,0.0003804420137466497,7.285771008956076e-05,0.0003075843036570889,6.557193908060504e-05,-7.285771008955718e-06,0.00031487007466604464,0.023687070251407486,0.9763129297485925,0.9990787096077411
1381,C,lambda_1.902983346207417,yoshida4,controlled_q0.050_phi4.712388980385,controlled,0.05,4.712388980385,1,0.27,fit_ok,resolved,True,mixed,True,-6.0862600944097985e-05,7.285771008956076e-05,-0.00013372031103365875,6.557193908060504e-05,-7.285771008955718e-06,-0.00012643454002470304,0.05448514853605011,0.9455148514639499,0.9990787096077411
1318,C,lambda_1.902983346207417,yoshida4,controlled_q0.050_phi0.000000000000,controlled,0.05,0.0,-1,0.4,fit_ok,resolved,True,E_state_hartree,True,-0.00079669839314089,0.0005576406630297677,-0.0013543390561706577,0.0005018765967267843,-5.5764066302983425e-05,-0.0012985749898676742,0.04117437657055701,0.958825623429443,0.9973783334357385
1319,C,lambda_1.902983346207417,yoshida4,controlled_q0.050_phi1.570796326795,controlled,0.05,1.570796326795,-1,0.4,fit_ok,resolved,True,mixed,True,-0.00032258622800096504,0.0005576406630297677,-0.0008802268910307327,0.0005018765967267843,-5.5764066302983425e-05,-0.0008244628247277493,0.06335192309074371,0.9366480769092563,0.9973783334357385
1320,C,lambda_1.902983346207417,yoshida4,controlled_q0.050_phi3.141592653590,controlled,0.05,3.14159265359,-1,0.4,fit_ok,resolved,True,E_state_hartree,True,0.0018004515865944722,0.0005576406630297677,0.0012428109235647045,0.0005018765967267843,-5.5764066302983425e-05,0.001298574989867688,0.04486930815110443,0.9551306918488955,0.9973783334357385
1321,C,lambda_1.902983346207417,yoshida4,controlled_q0.050_phi4.712388980385,controlled,0.05,4.712388980385,-1,0.4,fit_ok,resolved,True,mixed,True,0.0013263394214545199,0.0005576406630297677,0.0007686987584247522,0.0005018765967267843,-5.5764066302983425e-05,0.0008244628247277356,0.07254345826869468,0.9274565417313053,0.9973783334357385
1390,C,lambda_1.902983346207417,yoshida4,controlled_q0.050_phi0.000000000000,controlled,0.05,0.0,1,0.4,fit_ok,resolved,True,E_state_hartree,True,-0.00079669839314089,0.0005576406630297677,-0.0013543390561706577,0.0005018765967267844,-5.5764066302983317e-05,-0.0012985749898676744,0.041174376570556934,0.9588256234294431,0.9973783334357385
1391,C,lambda_1.902983346207417,yoshida4,controlled_q0.050_phi1.570796326795,controlled,0.05,1.570796326795,1,0.4,fit_ok,resolved,True,mixed,True,0.0013263394214545199,0.0005576406630297677,0.0007686987584247522,0.0005018765967267844,-5.5764066302983317e-05,0.0008244628247277355,0.07254345826869454,0.9274565417313054,0.9973783334357385
1392,C,lambda_1.902983346207417,yoshida4,controlled_q0.050_phi3.141592653590,controlled,0.05,3.14159265359,1,0.4,fit_ok,resolved,True,E_state_hartree,True,0.0018004515865944729,0.0005576406630297677,0.0012428109235647052,0.0005018765967267844,-5.5764066302983317e-05,0.0012985749898676885,0.04486930815110432,0.9551306918488957,0.9973783334357385
1393,C,lambda_1.902983346207417,yoshida4,controlled_q0.050_phi4.712388980385,controlled,0.05,4.712388980385,1,0.4,fit_ok,resolved,True,mixed,True,-0.00032258622800096504,0.0005576406630297677,-0.0008802268910307327,0.0005018765967267844,-5.5764066302983317e-05,-0.0008244628247277494,0.06335192309074358,0.9366480769092564,0.9973783334357385
1394,C,lambda_1.972983346207417,yoshida4,controlled_q0.001_phi0.000000000000,controlled,0.001,0.0,-1,0.05,fit_ok,resolved,True,E_state_hartree,True,7.100341035052179e-08,1.4700456216093145e-07,-7.600115181040966e-08,1.467105530241758e-07,-2.9400913675566177e-10,-7.5707142673654e-08,0.0038684826446984473,0.9961315173553016,0.9999699882292787
1395,C,lambda_1.972983346207417,yoshida4,controlled_q0.001_phi1.570796326795,controlled,0.001,1.570796326795,-1,0.05,fit_ok,resolved,True,mixed,True,1.4134830944589893e-07,1.4700456216093145e-07,-5.656252715032519e-09,1.467105530241758e-07,-2.9400913675566177e-10,-5.3622435782768576e-09,0.05197949094004924,0.9480205090599507,0.9999699882292787
1396,C,lambda_1.972983346207417,yoshida4,controlled_q0.001_phi3.141592653590,controlled,0.001,3.14159265359,-1,0.05,fit_ok,resolved,True,E_state_hartree,True,2.2241769572269765e-07,1.4700456216093145e-07,7.54131335617662e-08,1.467105530241758e-07,-2.9400913675566177e-10,7.570714269852186e-08,0.003898646334790706,0.9961013536652092,0.9999699882292787
1397,C,lambda_1.972983346207417,yoshida4,controlled_q0.001_phi4.712388980385,controlled,0.001,4.712388980385,-1,0.05,fit_ok,resolved,True,mixed,True,1.5207279657758477e-07,1.4700456216093145e-07,5.068234416653314e-09,1.467105530241758e-07,-2.9400913675566177e-10,5.362243553408976e-09,0.058010169338182184,0.9419898306618179,0.9999699882292787
1466,C,lambda_1.972983346207417,yoshida4,controlled_q0.001_phi0.000000000000,controlled,0.001,0.0,1,0.05,fit_ok,resolved,True,E_state_hartree,True,7.100341035052179e-08,1.4700456216093145e-07,-7.600115181040966e-08,1.4671055302417574e-07,-2.940091367557147e-10,-7.570714267365395e-08,0.003868482644699144,0.9961315173553008,0.9999699882292786
1467,C,lambda_1.972983346207417,yoshida4,controlled_q0.001_phi1.570796326795,controlled,0.001,1.570796326795,1,0.05,fit_ok,resolved,True,mixed,True,1.5207279657758477e-07,1.4700456216093145e-07,5.068234416653314e-09,1.4671055302417574e-07,-2.940091367557147e-10,5.362243553409029e-09,0.058010169338192634,0.9419898306618074,0.9999699882292786
1468,C,lambda_1.972983346207417,yoshida4,controlled_q0.001_phi3.141592653590,controlled,0.001,3.14159265359,1,0.05,fit_ok,resolved,True,E_state_hartree,True,2.2241769572269746e-07,1.4700456216093145e-07,7.541313356176601e-08,1.4671055302417574e-07,-2.940091367557147e-10,7.570714269852172e-08,0.0038986463347914176,0.9961013536652086,0.9999699882292786
1469,C,lambda_1.972983346207417,yoshida4,controlled_q0.001_phi4.712388980385,controlled,0.001,4.712388980385,1,0.05,fit_ok,resolved,True,mixed,True,1.4134830944589893e-07,1.4700456216093145e-07,-5.656252715032519e-09,1.4671055302417574e-07,-2.940091367557147e-10,-5.362243578276805e-09,0.051979490940058604,0.9480205090599414,0.9999699882292786
1406,C,lambda_1.972983346207417,yoshida4,controlled_q0.001_phi0.000000000000,controlled,0.001,0.0,-1,0.08,fit_ok,resolved,True,E_state_hartree,True,4.915931731607815e-07,9.863237355411143e-07,-4.947305623803328e-07,9.843510880617537e-07,-1.972647479360645e-09,-4.927579149009722e-07,0.003987316792941806,0.9960126832070582,0.9999683570379776
1407,C,lambda_1.972983346207417,yoshida4,controlled_q0.001_phi1.570796326795,controlled,0.001,1.570796326795,-1,0.08,fit_ok,resolved,True,mixed,True,9.283628064861091e-07,9.863237355411143e-07,-5.7960929055005214e-08,9.843510880617537e-07,-1.972647479360645e-09,-5.598828157564457e-08,0.034034090058987714,0.9659659099410123,0.9999683570379776
1408,C,lambda_1.972983346207417,yoshida4,controlled_q0.001_phi3.141592653590,controlled,0.001,3.14159265359,-1,0.08,fit_ok,resolved,True,E_state_hartree,True,1.4771090029792815e-06,9.863237355411143e-07,4.907852674381672e-07,9.843510880617537e-07,-1.972647479360645e-09,4.927579149175279e-07,0.004019369794161912,0.995980630205838,0.9999683570379776
1409,C,lambda_1.972983346207417,yoshida4,controlled_q0.001_phi4.712388980385,controlled,0.001,4.712388980385,-1,0.08,fit_ok,resolved,True,mixed,True,1.0403393696208421e-06,9.863237355411143e-07,5.401563407972782e-08,9.843510880617537e-07,-1.972647479360645e-09,5.598828155908846e-08,0.03651993562547077,0.9634800643745293,0.9999683570379776
1478,C,lambda_1.972983346207417,yoshida4,controlled_q0.001_phi0.000000000000,controlled,0.001,0.0,1,0.08,fit_ok,resolved,True,E_state_hartree,True,4.915931731607815e-07,9.863237355411143e-07,-4.947305623803328e-07,9.843510880617539e-07,-1.972647479360433e-09,-4.927579149009724e-07,0.003987316792941379,0.9960126832070586,0.9999683570379774
1479,C,lambda_1.972983346207417,yoshida4,controlled_q0.001_phi1.570796326795,controlled,0.001,1.570796326795,1,0.08,fit_ok,resolved,True,mixed,True,1.0403393696208421e-06,9.863237355411143e-07,5.401563407972782e-08,9.843510880617539e-07,-1.972647479360433e-09,5.598828155908825e-08,0.03651993562546685,0.9634800643745332,0.9999683570379774
1480,C,lambda_1.972983346207417,yoshida4,controlled_q0.001_phi3.141592653590,controlled,0.001,3.14159265359,1,0.08,fit_ok,resolved,True,E_state_hartree,True,1.4771090029792826e-06,9.863237355411143e-07,4.907852674381683e-07,9.843510880617539e-07,-1.972647479360433e-09,4.927579149175287e-07,0.004019369794161472,0.9959806302058385,0.9999683570379774
1481,C,lambda_1.972983346207417,yoshida4,controlled_q0.001_phi4.712388980385,controlled,0.001,4.712388980385,1,0.08,fit_ok,resolved,True,mixed,True,9.283628064861091e-07,9.863237355411143e-07,-5.7960929055005214e-08,9.843510880617539e-07,-1.972647479360433e-09,-5.598828157564478e-08,0.03403409005898406,0.9659659099410159,0.9999683570379774
1418,C,lambda_1.972983346207417,yoshida4,controlled_q0.001_phi0.000000000000,controlled,0.001,0.0,-1,0.12,fit_ok,resolved,True,E_state_hartree,True,2.7584403086279612e-06,5.228427921224311e-06,-2.4699876125963498e-06,5.217971065384012e-06,-1.0456855840299064e-08,-2.4595307567560507e-06,0.004233566106555185,0.9957664338934448,0.9999648808265333
1419,C,lambda_1.972983346207417,yoshida4,controlled_q0.001_phi1.570796326795,controlled,0.001,1.570796326795,-1,0.12,fit_ok,resolved,True,mixed,True,4.796521146296455e-06,5.228427921224311e-06,-4.3190677492785625e-07,5.217971065384012e-06,-1.0456855840299064e-08,-4.214499190875572e-07,0.02421090950019418,0.9757890904998058,0.9999648808265333
1420,C,lambda_1.972983346207417,yoshida4,controlled_q0.001_phi3.141592653590,controlled,0.001,3.14159265359,-1,0.12,fit_ok,resolved,True,E_state_hartree,True,7.67750182213577e-06,5.228427921224311e-06,2.4490739009114597e-06,5.217971065384012e-06,-1.0456855840299064e-08,2.4595307567517588e-06,0.004269718376569767,0.9957302816234302,0.9999648808265333
1421,C,lambda_1.972983346207417,yoshida4,controlled_q0.001_phi4.712388980385,controlled,0.001,4.712388980385,-1,0.12,fit_ok,resolved,True,mixed,True,5.639420984475859e-06,5.228427921224311e-06,4.1099306325154835e-07,5.217971065384012e-06,-1.0456855840299064e-08,4.214499190918474e-07,0.025442901049400304,0.9745570989505997,0.9999648808265333
1490,C,lambda_1.972983346207417,yoshida4,controlled_q0.001_phi0.000000000000,controlled,0.001,0.0,1,0.12,fit_ok,resolved,True,E_state_hartree,True,2.7584403086279612e-06,5.228427921224311e-06,-2.4699876125963498e-06,5.217971065384013e-06,-1.0456855840298217e-08,-2.4595307567560515e-06,0.004233566106554842,0.9957664338934452,0.9999648808265333
1491,C,lambda_1.972983346207417,yoshida4,controlled_q0.001_phi1.570796326795,controlled,0.001,1.570796326795,1,0.12,fit_ok,resolved,True,mixed,True,5.639420984475859e-06,5.228427921224311e-06,4.1099306325154835e-07,5.217971065384013e-06,-1.0456855840298217e-08,4.2144991909184656e-07,0.02544290104939824,0.9745570989506017,0.9999648808265333
1492,C,lambda_1.972983346207417,yoshida4,controlled_q0.001_phi3.141592653590,controlled,0.001,3.14159265359,1,0.12,fit_ok,resolved,True,E_state_hartree,True,7.677501822135776e-06,5.228427921224311e-06,2.449073900911465e-06,5.217971065384013e-06,-1.0456855840298217e-08,2.459530756751763e-06,0.004269718376569412,0.9957302816234306,0.9999648808265333
1493,C,lambda_1.972983346207417,yoshida4,controlled_q0.001_phi4.712388980385,controlled,0.001,4.712388980385,1,0.12,fit_ok,resolved,True,mixed,True,4.796521146296455e-06,5.228427921224311e-06,-4.3190677492785625e-07,5.217971065384013e-06,-1.0456855840298217e-08,-4.2144991908755804e-07,0.024210909500192217,0.9757890904998078,0.9999648808265333
1430,C,lambda_1.972983346207417,yoshida4,controlled_q0.001_phi0.000000000000,controlled,0.001,0.0,-1,0.18,fit_ok,resolved,True,E_state_hartree,True,1.696323095155875e-05,2.907881440973495e-05,-1.2115583458176201e-05,2.9020656780913648e-05,-5.815762882130322e-08,-1.2057425829354898e-05,0.004800233436719512,0.9951997665632805,0.9999564223629261
1431,C,lambda_1.972983346207417,yoshida4,controlled_q0.001_phi1.570796326795,controlled,0.001,1.570796326795,-1,0.18,fit_ok,resolved,True,mixed,True,2.5883275241446997e-05,2.907881440973495e-05,-3.195539168287954e-06,2.9020656780913648e-05,-5.815762882130322e-08,-3.1373815394666506e-06,0.01819962947049772,0.9818003705295023,0.9999564223629261
1432,C,lambda_1.972983346207417,yoshida4,controlled_q0.001_phi3.141592653590,controlled,0.001,3.14159265359,-1,0.18,fit_ok,resolved,True,E_state_hartree,True,4.107808261027216e-05,2.907881440973495e-05,1.199926820053721e-05,2.9020656780913648e-05,-5.815762882130322e-08,1.2057425829358513e-05,0.004846764640088592,0.9951532353599114,0.9999564223629261
1433,C,lambda_1.972983346207417,yoshida4,controlled_q0.001_phi4.712388980385,controlled,0.001,4.712388980385,-1,0.18,fit_ok,resolved,True,mixed,True,3.215803832037669e-05,2.907881440973495e-05,3.079223910641739e-06,2.9020656780913648e-05,-5.815762882130322e-08,3.1373815394630423e-06,0.018887106137462615,0.9811128938625374,0.9999564223629261
1502,C,lambda_1.972983346207417,yoshida4,controlled_q0.001_phi0.000000000000,controlled,0.001,0.0,1,0.18,fit_ok,resolved,True,E_state_hartree,True,1.696323095155875e-05,2.907881440973495e-05,-1.2115583458176201e-05,2.9020656780913655e-05,-5.8157628821296444e-08,-1.2057425829354905e-05,0.004800233436718953,0.995199766563281,0.9999564223629263
1503,C,lambda_1.972983346207417,yoshida4,controlled_q0.001_phi1.570796326795,controlled,0.001,1.570796326795,1,0.18,fit_ok,resolved,True,mixed,True,3.215803832037669e-05,2.907881440973495e-05,3.079223910641739e-06,2.9020656780913655e-05,-5.8157628821296444e-08,3.1373815394630355e-06,0.018887106137460412,0.9811128938625396,0.9999564223629263
1504,C,lambda_1.972983346207417,yoshida4,controlled_q0.001_phi3.141592653590,controlled,0.001,3.14159265359,1,0.18,fit_ok,resolved,True,E_state_hartree,True,4.107808261027219e-05,2.907881440973495e-05,1.1999268200537237e-05,2.9020656780913655e-05,-5.8157628821296444e-08,1.2057425829358533e-05,0.004846764640088016,0.995153235359912,0.9999564223629263
1505,C,lambda_1.972983346207417,yoshida4,controlled_q0.001_phi4.712388980385,controlled,0.001,4.712388980385,1,0.18,fit_ok,resolved,True,mixed,True,2.5883275241446997e-05,2.907881440973495e-05,-3.195539168287954e-06,2.9020656780913655e-05,-5.8157628821296444e-08,-3.1373815394666574e-06,0.0181996294704956,0.9818003705295044,0.9999564223629263
1442,C,lambda_1.972983346207417,yoshida4,controlled_q0.001_phi0.000000000000,controlled,0.001,0.0,-1,0.27,fit_ok,resolved,True,E_state_hartree,True,0.00011818052541844083,0.00017522322835029542,-5.704270293185458e-05,0.00017487278189359633,-3.5044645669909274e-07,-5.669225647515549e-05,0.00614358083833702,0.993856419161663,0.999934192429622
1443,C,lambda_1.972983346207417,yoshida4,controlled_q0.001_phi1.570796326795,controlled,0.001,1.570796326795,-1,0.27,fit_ok,resolved,True,mixed,True,0.0001521082833047925,0.00017522322835029542,-2.3114945045502923e-05,0.00017487278189359633,-3.5044645669909274e-07,-2.276449858880383e-05,0.015161033522217829,0.9848389664777821,0.999934192429622
1444,C,lambda_1.972983346207417,yoshida4,controlled_q0.001_phi3.141592653590,controlled,0.001,3.14159265359,-1,0.27,fit_ok,resolved,True,E_state_hartree,True,0.00023156503836874878,0.00017522322835029542,5.634181001845336e-05,0.00017487278189359633,-3.5044645669909274e-07,5.6692256475152455e-05,0.006220007070846902,0.9937799929291531,0.999934192429622
1445,C,lambda_1.972983346207417,yoshida4,controlled_q0.001_phi4.712388980385,controlled,0.001,4.712388980385,-1,0.27,fit_ok,resolved,True,mixed,True,0.00019763728048240322,0.00017522322835029542,2.24140521321078e-05,0.00017487278189359633,-3.5044645669909274e-07,2.2764498588806893e-05,0.01563512276287978,0.9843648772371202,0.999934192429622
1514,C,lambda_1.972983346207417,yoshida4,controlled_q0.001_phi0.000000000000,controlled,0.001,0.0,1,0.27,fit_ok,resolved,True,E_state_hartree,True,0.00011818052541844083,0.00017522322835029542,-5.704270293185458e-05,0.00017487278189359633,-3.5044645669909274e-07,-5.669225647515549e-05,0.00614358083833702,0.993856419161663,0.9999341924296222
1515,C,lambda_1.972983346207417,yoshida4,controlled_q0.001_phi1.570796326795,controlled,0.001,1.570796326795,1,0.27,fit_ok,resolved,True,mixed,True,0.00019763728048240322,0.00017522322835029542,2.24140521321078e-05,0.00017487278189359633,-3.5044645669909274e-07,2.2764498588806893e-05,0.01563512276287978,0.9843648772371202,0.9999341924296222
1516,C,lambda_1.972983346207417,yoshida4,controlled_q0.001_phi3.141592653590,controlled,0.001,3.14159265359,1,0.27,fit_ok,resolved,True,E_state_hartree,True,0.00023156503836874873,0.00017522322835029542,5.634181001845331e-05,0.00017487278189359633,-3.5044645669909274e-07,5.66922564751524e-05,0.006220007070846908,0.9937799929291531,0.9999341924296222
1517,C,lambda_1.972983346207417,yoshida4,controlled_q0.001_phi4.712388980385,controlled,0.001,4.712388980385,1,0.27,fit_ok,resolved,True,mixed,True,0.0001521082833047925,0.00017522322835029542,-2.3114945045502923e-05,0.00017487278189359633,-3.5044645669909274e-07,-2.276449858880383e-05,0.015161033522217829,0.9848389664777821,0.9999341924296222
1454,C,lambda_1.972983346207417,yoshida4,controlled_q0.001_phi0.000000000000,controlled,0.001,0.0,-1,0.4,fit_ok,resolved,True,E_state_hartree,True,0.0008642800879071551,0.0010976940451166647,-0.0002334139572095096,0.001095498657026429,-2.195388090235704e-06,-0.0002312185691192739,0.009405556190734342,0.9905944438092656,0.9998715115446442
1455,C,lambda_1.972983346207417,yoshida4,controlled_q0.001_phi1.570796326795,controlled,0.001,1.570796326795,-1,0.4,fit_ok,resolved,True,mixed,True,0.0009486984212964903,0.0010976940451166647,-0.0001489956238201744,0.001095498657026429,-2.195388090235704e-06,-0.0001468002357299387,0.01473458101618715,0.9852654189838128,0.9998715115446442
1456,C,lambda_1.972983346207417,yoshida4,controlled_q0.001_phi3.141592653590,controlled,0.001,3.14159265359,-1,0.4,fit_ok,resolved,True,E_state_hartree,True,0.0013267172261457085,0.0010976940451166647,0.00022902318102904383,0.001095498657026429,-2.195388090235704e-06,0.00023121856911927953,0.009585877204095306,0.9904141227959047,0.9998715115446442
1457,C,lambda_1.972983346207417,yoshida4,controlled_q0.001_phi4.712388980385,controlled,0.001,4.712388980385,-1,0.4,fit_ok,resolved,True,mixed,True,0.001242298892756362,0.0010976940451166647,0.00014460484763969736,0.001095498657026429,-2.195388090235704e-06,0.00014680023572993307,0.015181981282576444,0.9848180187174236,0.9998715115446442
1526,C,lambda_1.972983346207417,yoshida4,controlled_q0.001_phi0.000000000000,controlled,0.001,0.0,1,0.4,fit_ok,resolved,True,E_state_hartree,True,0.0008642800879071551,0.0010976940451166647,-0.0002334139572095096,0.001095498657026429,-2.195388090235704e-06,-0.0002312185691192739,0.009405556190734342,0.9905944438092656,0.9998715115446442
1527,C,lambda_1.972983346207417,yoshida4,controlled_q0.001_phi1.570796326795,controlled,0.001,1.570796326795,1,0.4,fit_ok,resolved,True,mixed,True,0.001242298892756362,0.0010976940451166647,0.00014460484763969736,0.001095498657026429,-2.195388090235704e-06,0.00014680023572993307,0.015181981282576444,0.9848180187174236,0.9998715115446442
1528,C,lambda_1.972983346207417,yoshida4,controlled_q0.001_phi3.141592653590,controlled,0.001,3.14159265359,1,0.4,fit_ok,resolved,True,E_state_hartree,True,0.0013267172261457083,0.0010976940451166647,0.0002290231810290436,0.001095498657026429,-2.195388090235704e-06,0.0002312185691192793,0.009585877204095315,0.9904141227959047,0.9998715115446442
1529,C,lambda_1.972983346207417,yoshida4,controlled_q0.001_phi4.712388980385,controlled,0.001,4.712388980385,1,0.4,fit_ok,resolved,True,mixed,True,0.0009486984212964903,0.0010976940451166647,-0.0001489956238201744,0.001095498657026429,-2.195388090235704e-06,-0.0001468002357299387,0.01473458101618715,0.9852654189838128,0.9998715115446442
1398,C,lambda_1.972983346207417,yoshida4,controlled_q0.010_phi0.000000000000,controlled,0.01,0.0,-1,0.05,fit_ok,resolved,True,E_state_hartree,True,-9.4261685322629e-08,1.4700456216093145e-07,-2.4126624748356045e-07,1.440644708783178e-07,-2.9400912826136656e-09,-2.3832615620094678e-07,0.01218608617359127,0.9878139138264087,0.999697236571748
1399,C,lambda_1.972983346207417,yoshida4,controlled_q0.010_phi1.570796326795,controlled,0.01,1.570796326795,-1,0.05,fit_ok,resolved,True,mixed,True,1.2718412295553705e-07,1.4700456216093145e-07,-1.9820439205394405e-08,1.440644708783178e-07,-2.9400912826136656e-09,-1.688034792278074e-08,0.14833633362743442,0.8516636663725656,0.999697236571748
1400,C,lambda_1.972983346207417,yoshida4,controlled_q0.010_phi3.141592653590,controlled,0.01,3.14159265359,-1,0.05,fit_ok,resolved,True,E_state_hartree,True,3.8239062715805473e-07,1.4700456216093145e-07,2.3538606499712328e-07,1.440644708783178e-07,-2.9400912826136656e-09,2.3832615627973694e-07,0.012490506957791223,0.9875094930422088,0.999697236571748
1401,C,lambda_1.972983346207417,yoshida4,controlled_q0.010_phi4.712388980385,controlled,0.01,4.712388980385,-1,0.05,fit_ok,resolved,True,mixed,True,1.6094481872230837e-07,1.4700456216093145e-07,1.3940256561376916e-08,1.440644708783178e-07,-2.9400912826136656e-09,1.688034784399058e-08,0.21090654032577325,0.7890934596742267,0.999697236571748
1470,C,lambda_1.972983346207417,yoshida4,controlled_q0.010_phi0.000000000000,controlled,0.01,0.0,1,0.05,fit_ok,resolved,True,E_state_hartree,True,-9.4261685322629e-08,1.4700456216093145e-07,-2.4126624748356045e-07,1.440644708783178e-07,-2.9400912826136656e-09,-2.3832615620094678e-07,0.01218608617359127,0.9878139138264087,0.999697236571748
1471,C,lambda_1.972983346207417,yoshida4,controlled_q0.010_phi1.570796326795,controlled,0.01,1.570796326795,1,0.05,fit_ok,resolved,True,mixed,True,1.6094481872230837e-07,1.4700456216093145e-07,1.3940256561376916e-08,1.440644708783178e-07,-2.9400912826136656e-09,1.688034784399058e-08,0.21090654032577325,0.7890934596742267,0.999697236571748
1472,C,lambda_1.972983346207417,yoshida4,controlled_q0.010_phi3.141592653590,controlled,0.01,3.14159265359,1,0.05,fit_ok,resolved,True,E_state_hartree,True,3.8239062715805473e-07,1.4700456216093145e-07,2.3538606499712328e-07,1.440644708783178e-07,-2.9400912826136656e-09,2.3832615627973694e-07,0.012490506957791223,0.9875094930422088,0.999697236571748
1473,C,lambda_1.972983346207417,yoshida4,controlled_q0.010_phi4.712388980385,controlled,0.01,4.712388980385,1,0.05,fit_ok,resolved,True,mixed,True,1.2718412295553705e-07,1.4700456216093145e-07,-1.9820439205394405e-08,1.440644708783178e-07,-2.9400912826136656e-09,-1.688034792278074e-08,0.14833633362743442,0.8516636663725656,0.999697236571748
1410,C,lambda_1.972983346207417,yoshida4,controlled_q0.010_phi0.000000000000,controlled,0.01,0.0,-1,0.08,fit_ok,resolved,True,E_state_hartree,True,-5.846051178444455e-07,9.863237355411143e-07,-1.5709288533855597e-06,9.665972608063015e-07,-1.9726474734812834e-08,-1.5512023786507468e-06,0.012557204415909523,0.9874427955840904,0.9996807855750394
1411,C,lambda_1.972983346207417,yoshida4,controlled_q0.010_phi1.570796326795,controlled,0.01,1.570796326795,-1,0.08,fit_ok,resolved,True,mixed,True,7.903460978557486e-07,9.863237355411143e-07,-1.959776376853657e-07,9.665972608063015e-07,-1.9726474734812834e-08,-1.7625116295055285e-07,0.10065676353586273,0.8993432364641373,0.9996807855750394
1412,C,lambda_1.972983346207417,yoshida4,controlled_q0.010_phi3.141592653590,controlled,0.01,3.14159265359,-1,0.08,fit_ok,resolved,True,E_state_hartree,True,2.5177996395050272e-06,9.863237355411143e-07,1.531475903963913e-06,9.665972608063015e-07,-1.9726474734812834e-08,1.5512023786987258e-06,0.012880695467525724,0.9871193045324743,0.9996807855750394
1413,C,lambda_1.972983346207417,yoshida4,controlled_q0.010_phi4.712388980385,controlled,0.01,4.712388980385,-1,0.08,fit_ok,resolved,True,mixed,True,1.1428484237088754e-06,9.863237355411143e-07,1.565246881677611e-07,9.665972608063015e-07,-1.9726474734812834e-08,1.7625116290257394e-07,0.1260278807498422,0.8739721192501578,0.9996807855750394
1482,C,lambda_1.972983346207417,yoshida4,controlled_q0.010_phi0.000000000000,controlled,0.01,0.0,1,0.08,fit_ok,resolved,True,E_state_hartree,True,-5.846051178444455e-07,9.863237355411143e-07,-1.5709288533855597e-06,9.665972608063015e-07,-1.9726474734812834e-08,-1.5512023786507468e-06,0.012557204415909523,0.9874427955840904,0.9996807855750394
1483,C,lambda_1.972983346207417,yoshida4,controlled_q0.010_phi1.570796326795,controlled,0.01,1.570796326795,1,0.08,fit_ok,resolved,True,mixed,True,1.1428484237088754e-06,9.863237355411143e-07,1.565246881677611e-07,9.665972608063015e-07,-1.9726474734812834e-08,1.7625116290257394e-07,0.1260278807498422,0.8739721192501578,0.9996807855750394
1484,C,lambda_1.972983346207417,yoshida4,controlled_q0.010_phi3.141592653590,controlled,0.01,3.14159265359,1,0.08,fit_ok,resolved,True,E_state_hartree,True,2.5177996395050272e-06,9.863237355411143e-07,1.531475903963913e-06,9.665972608063015e-07,-1.9726474734812834e-08,1.5512023786987258e-06,0.012880695467525724,0.9871193045324743,0.9996807855750394
1485,C,lambda_1.972983346207417,yoshida4,controlled_q0.010_phi4.712388980385,controlled,0.01,4.712388980385,1,0.08,fit_ok,resolved,True,mixed,True,7.903460978557486e-07,9.863237355411143e-07,-1.959776376853657e-07,9.665972608063015e-07,-1.9726474734812834e-08,-1.7625116295055285e-07,0.10065676353586273,0.8993432364641373,0.9996807855750394
1422,C,lambda_1.972983346207417,yoshida4,controlled_q0.010_phi0.000000000000,controlled,0.01,0.0,-1,0.12,fit_ok,resolved,True,E_state_hartree,True,-2.6187457681658927e-06,5.228427921224311e-06,-7.847173689390203e-06,5.123859362820185e-06,-1.0456855840412567e-07,-7.742605130986078e-06,0.013325633220723523,0.9866743667792764,0.9996457287196898
1423,C,lambda_1.972983346207417,yoshida4,controlled_q0.010_phi1.570796326795,controlled,0.01,1.570796326795,-1,0.12,fit_ok,resolved,True,mixed,True,3.797134621892166e-06,5.228427921224311e-06,-1.431293299332145e-06,5.123859362820185e-06,-1.0456855840412567e-07,-1.3267247409280194e-06,0.07305879127144545,0.9269412087285546,0.9996457287196898
1424,C,lambda_1.972983346207417,yoshida4,controlled_q0.010_phi3.141592653590,controlled,0.01,3.14159265359,-1,0.12,fit_ok,resolved,True,E_state_hartree,True,1.2866464493765545e-05,5.228427921224311e-06,7.638036572541233e-06,5.123859362820185e-06,-1.0456855840412567e-07,7.742605130945359e-06,0.013690502449287816,0.9863094975507122,0.9996457287196898
1425,C,lambda_1.972983346207417,yoshida4,controlled_q0.010_phi4.712388980385,controlled,0.01,4.712388980385,-1,0.12,fit_ok,resolved,True,mixed,True,6.450584103788922e-06,5.228427921224311e-06,1.2221561825646114e-06,5.123859362820185e-06,-1.0456855840412567e-07,1.326724740968737e-06,0.0855607162946193,0.9144392837053807,0.9996457287196898
1494,C,lambda_1.972983346207417,yoshida4,controlled_q0.010_phi0.000000000000,controlled,0.01,0.0,1,0.12,fit_ok,resolved,True,E_state_hartree,True,-2.6187457681658927e-06,5.228427921224311e-06,-7.847173689390203e-06,5.1238593628201845e-06,-1.0456855840412651e-07,-7.742605130986076e-06,0.01332563322072363,0.9866743667792763,0.9996457287196898
1495,C,lambda_1.972983346207417,yoshida4,controlled_q0.010_phi1.570796326795,controlled,0.01,1.570796326795,1,0.12,fit_ok,resolved,True,mixed,True,6.450584103788922e-06,5.228427921224311e-06,1.2221561825646114e-06,5.1238593628201845e-06,-1.0456855840412651e-07,1.326724740968738e-06,0.08556071629461999,0.91443928370538,0.9996457287196898
1496,C,lambda_1.972983346207417,yoshida4,controlled_q0.010_phi3.141592653590,controlled,0.01,3.14159265359,1,0.12,fit_ok,resolved,True,E_state_hartree,True,1.2866464493765544e-05,5.228427921224311e-06,7.638036572541233e-06,5.1238593628201845e-06,-1.0456855840412651e-07,7.74260513094536e-06,0.013690502449287927,0.9863094975507121,0.9996457287196898
1497,C,lambda_1.972983346207417,yoshida4,controlled_q0.010_phi4.712388980385,controlled,0.01,4.712388980385,1,0.12,fit_ok,resolved,True,mixed,True,3.797134621892166e-06,5.228427921224311e-06,-1.431293299332145e-06,5.1238593628201845e-06,-1.0456855840412651e-07,-1.3267247409280185e-06,0.07305879127144603,0.926941208728554,0.9996457287196898
1434,C,lambda_1.972983346207417,yoshida4,controlled_q0.010_phi0.000000000000,controlled,0.01,0.0,-1,0.18,fit_ok,resolved,True,E_state_hartree,True,-9.45954970730035e-06,2.907881440973495e-05,-3.85383641170353e-05,2.8497238121538707e-05,-5.81576288196244e-07,-3.795678782883906e-05,0.015090840037477538,0.9849091599625225,0.9995604361636751
1435,C,lambda_1.972983346207417,yoshida4,controlled_q0.010_phi1.570796326795,controlled,0.01,1.570796326795,-1,0.18,fit_ok,resolved,True,mixed,True,1.862075809034827e-05,2.907881440973495e-05,-1.0458056319386682e-05,2.8497238121538707e-05,-5.81576288196244e-07,-9.876480031190438e-06,0.05561036108766632,0.9443896389123336,0.9995604361636751
1436,C,lambda_1.972983346207417,yoshida4,controlled_q0.010_phi3.141592653590,controlled,0.01,3.14159265359,-1,0.18,fit_ok,resolved,True,E_state_hartree,True,6.645402595038085e-05,2.907881440973495e-05,3.73752115406459e-05,2.8497238121538707e-05,-5.81576288196244e-07,3.795678782884215e-05,0.015560481512292558,0.9844395184877074,0.9995604361636751
1437,C,lambda_1.972983346207417,yoshida4,controlled_q0.010_phi4.712388980385,controlled,0.01,4.712388980385,-1,0.18,fit_ok,resolved,True,mixed,True,3.8373718152726055e-05,2.907881440973495e-05,9.294903742991104e-06,2.8497238121538707e-05,-5.81576288196244e-07,9.876480031187348e-06,0.06256937180600565,0.9374306281939944,0.9995604361636751
1506,C,lambda_1.972983346207417,yoshida4,controlled_q0.010_phi0.000000000000,controlled,0.01,0.0,1,0.18,fit_ok,resolved,True,E_state_hartree,True,-9.45954970730035e-06,2.907881440973495e-05,-3.85383641170353e-05,2.8497238121538707e-05,-5.81576288196244e-07,-3.795678782883906e-05,0.015090840037477538,0.9849091599625225,0.9995604361636751
1507,C,lambda_1.972983346207417,yoshida4,controlled_q0.010_phi1.570796326795,controlled,0.01,1.570796326795,1,0.18,fit_ok,resolved,True,mixed,True,3.8373718152726055e-05,2.907881440973495e-05,9.294903742991104e-06,2.8497238121538707e-05,-5.81576288196244e-07,9.876480031187348e-06,0.06256937180600565,0.9374306281939944,0.9995604361636751
1508,C,lambda_1.972983346207417,yoshida4,controlled_q0.010_phi3.141592653590,controlled,0.01,3.14159265359,1,0.18,fit_ok,resolved,True,E_state_hartree,True,6.645402595038085e-05,2.907881440973495e-05,3.73752115406459e-05,2.8497238121538707e-05,-5.81576288196244e-07,3.795678782884215e-05,0.015560481512292558,0.9844395184877074,0.9995604361636751
1509,C,lambda_1.972983346207417,yoshida4,controlled_q0.010_phi4.712388980385,controlled,0.01,4.712388980385,1,0.18,fit_ok,resolved,True,mixed,True,1.862075809034827e-05,2.907881440973495e-05,-1.0458056319386682e-05,2.8497238121538707e-05,-5.81576288196244e-07,-9.876480031190438e-06,0.05561036108766632,0.9443896389123336,0.9995604361636751
1446,C,lambda_1.972983346207417,yoshida4,controlled_q0.010_phi0.000000000000,controlled,0.01,0.0,-1,0.27,fit_ok,resolved,True,E_state_hartree,True,-6.748512816200123e-06,0.00017522322835029542,-0.00018197174116649554,0.00017171876378328695,-3.5044645670084644e-06,-0.00017846727659948707,0.019258290020987626,0.9807417099790123,0.9993363388255382
1447,C,lambda_1.972983346207417,yoshida4,controlled_q0.010_phi1.570796326795,controlled,0.01,1.570796326795,-1,0.27,fit_ok,resolved,True,mixed,True,0.00010005610085721312,0.00017522322835029542,-7.51671274930823e-05,0.00017171876378328695,-3.5044645670084644e-06,-7.166266292607384e-05,0.04662230264594032,0.9533776973540596,0.9993363388255382
1448,C,lambda_1.972983346207417,yoshida4,controlled_q0.010_phi3.141592653590,controlled,0.01,3.14159265359,-1,0.27,fit_ok,resolved,True,E_state_hartree,True,0.00035018604038277937,0.00017522322835029542,0.00017496281203248395,0.00017171876378328695,-3.5044645670084644e-06,0.0001784672765994924,0.020029768190727402,0.9799702318092726,0.9993363388255382
1449,C,lambda_1.972983346207417,yoshida4,controlled_q0.010_phi4.712388980385,controlled,0.01,4.712388980385,-1,0.27,fit_ok,resolved,True,mixed,True,0.0002433814267093554,0.00017522322835029542,6.815819835905999e-05,0.00017171876378328695,-3.5044645670084644e-06,7.166266292606846e-05,0.05141662560601751,0.9485833743939824,0.9993363388255382
1518,C,lambda_1.972983346207417,yoshida4,controlled_q0.010_phi0.000000000000,controlled,0.01,0.0,1,0.27,fit_ok,resolved,True,E_state_hartree,True,-6.748512816200123e-06,0.00017522322835029542,-0.00018197174116649554,0.00017171876378328693,-3.5044645670084915e-06,-0.00017846727659948705,0.019258290020987775,0.9807417099790122,0.9993363388255382
1519,C,lambda_1.972983346207417,yoshida4,controlled_q0.010_phi1.570796326795,controlled,0.01,1.570796326795,1,0.27,fit_ok,resolved,True,mixed,True,0.0002433814267093554,0.00017522322835029542,6.815819835905999e-05,0.00017171876378328693,-3.5044645670084915e-06,7.166266292606848e-05,0.0514166256060179,0.9485833743939821,0.9993363388255382
1520,C,lambda_1.972983346207417,yoshida4,controlled_q0.010_phi3.141592653590,controlled,0.01,3.14159265359,1,0.27,fit_ok,resolved,True,E_state_hartree,True,0.0003501860403827793,0.00017522322835029542,0.0001749628120324839,0.00017171876378328693,-3.5044645670084915e-06,0.00017846727659949239,0.020029768190727562,0.9799702318092725,0.9993363388255382
1521,C,lambda_1.972983346207417,yoshida4,controlled_q0.010_phi4.712388980385,controlled,0.01,4.712388980385,1,0.27,fit_ok,resolved,True,mixed,True,0.00010005610085721312,0.00017522322835029542,-7.51671274930823e-05,0.00017171876378328693,-3.5044645670084915e-06,-7.166266292607381e-05,0.04662230264594068,0.9533776973540593,0.9993363388255382
1458,C,lambda_1.972983346207417,yoshida4,controlled_q0.010_phi0.000000000000,controlled,0.01,0.0,-1,0.4,fit_ok,resolved,True,E_state_hartree,True,0.00034786389158734536,0.0010976940451166647,-0.0007498301535293194,0.0010757401642143343,-2.1953880902330367e-05,-0.000727876272626989,0.02927847166321238,0.9707215283367876,0.998704947398762
1459,C,lambda_1.972983346207417,yoshida4,controlled_q0.010_phi1.570796326795,controlled,0.01,1.570796326795,-1,0.4,fit_ok,resolved,True,mixed,True,0.0006136128843385429,0.0010976940451166647,-0.00048408116077812186,0.0010757401642143343,-2.1953880902330367e-05,-0.0004621272798757915,0.045351653154692605,0.9546483468453074,0.998704947398762
1460,C,lambda_1.972983346207417,yoshida4,controlled_q0.010_phi3.141592653590,controlled,0.01,3.14159265359,-1,0.4,fit_ok,resolved,True,E_state_hartree,True,0.0018036164368413182,0.0010976940451166647,0.0007059223917246535,0.0010757401642143343,-2.1953880902330367e-05,0.0007278762726269838,0.031099567260778328,0.9689004327392217,0.998704947398762
1461,C,lambda_1.972983346207417,yoshida4,controlled_q0.010_phi4.712388980385,controlled,0.01,4.712388980385,-1,0.4,fit_ok,resolved,True,mixed,True,0.001537867444090131,0.0010976940451166647,0.0004401733989734663,0.0010757401642143343,-2.1953880902330367e-05,0.0004621272798757967,0.049875528492928645,0.9501244715070714,0.998704947398762
1530,C,lambda_1.972983346207417,yoshida4,controlled_q0.010_phi0.000000000000,controlled,0.01,0.0,1,0.4,fit_ok,resolved,True,E_state_hartree,True,0.00034786389158734536,0.0010976940451166647,-0.0007498301535293194,0.0010757401642143341,-2.1953880902330584e-05,-0.0007278762726269888,0.02927847166321267,0.9707215283367874,0.9987049473987619
1531,C,lambda_1.972983346207417,yoshida4,controlled_q0.010_phi1.570796326795,controlled,0.01,1.570796326795,1,0.4,fit_ok,resolved,True,mixed,True,0.001537867444090131,0.0010976940451166647,0.0004401733989734663,0.0010757401642143341,-2.1953880902330584e-05,0.0004621272798757969,0.04987552849292914,0.9501244715070709,0.9987049473987619
1532,C,lambda_1.972983346207417,yoshida4,controlled_q0.010_phi3.141592653590,controlled,0.01,3.14159265359,1,0.4,fit_ok,resolved,True,E_state_hartree,True,0.0018036164368413175,0.0010976940451166647,0.0007059223917246528,0.0010757401642143341,-2.1953880902330584e-05,0.0007278762726269834,0.031099567260778664,0.9689004327392213,0.9987049473987619
1533,C,lambda_1.972983346207417,yoshida4,controlled_q0.010_phi4.712388980385,controlled,0.01,4.712388980385,1,0.4,fit_ok,resolved,True,mixed,True,0.0006136128843385429,0.0010976940451166647,-0.00048408116077812186,0.0010757401642143341,-2.1953880902330584e-05,-0.0004621272798757913,0.04535165315469305,0.954648346845307,0.9987049473987619
1402,C,lambda_1.972983346207417,yoshida4,controlled_q0.050_phi0.000000000000,controlled,0.05,0.0,-1,0.05,fit_ok,resolved,True,E_state_hartree,True,-3.8973245045382107e-07,1.4700456216093145e-07,-5.367370126147525e-07,1.3230410597450791e-07,-1.470045618642354e-08,-5.22036556428329e-07,0.0273885643078893,0.9726114356921107,0.9984244517365207
1403,C,lambda_1.972983346207417,yoshida4,controlled_q0.050_phi1.570796326795,controlled,0.05,1.570796326795,-1,0.05,fit_ok,resolved,True,mixed,True,9.532890060670596e-08,1.4700456216093145e-07,-5.1675661554225496e-08,1.3230410597450791e-07,-1.470045618642354e-08,-3.6975205367801956e-08,0.28447543281081594,0.7155245671891841,0.9984244517365207
1404,C,lambda_1.972983346207417,yoshida4,controlled_q0.050_phi3.141592653590,controlled,0.05,3.14159265359,-1,0.05,fit_ok,resolved,True,E_state_hartree,True,6.543406623434979e-07,1.4700456216093145e-07,5.073361001825665e-07,1.3230410597450791e-07,-1.470045618642354e-08,5.220365563689901e-07,0.028975774010825437,0.9710242259891746,0.9984244517365207
1405,C,lambda_1.972983346207417,yoshida4,controlled_q0.050_phi4.712388980385,controlled,0.05,4.712388980385,-1,0.05,fit_ok,resolved,True,mixed,True,1.6927931140164887e-07,1.4700456216093145e-07,2.2274749240717415e-08,1.3230410597450791e-07,-1.470045618642354e-08,3.6975205427140955e-08,0.6599605691430929,0.34003943085690713,0.9984244517365207
1474,C,lambda_1.972983346207417,yoshida4,controlled_q0.050_phi0.000000000000,controlled,0.05,0.0,1,0.05,fit_ok,resolved,True,E_state_hartree,True,-3.8973245045382107e-07,1.4700456216093145e-07,-5.367370126147525e-07,1.3230410604389685e-07,-1.4700456117034601e-08,-5.220365564977179e-07,0.02738856417861009,0.9726114358213899,0.9984244517514299
1475,C,lambda_1.972983346207417,yoshida4,controlled_q0.050_phi1.570796326795,controlled,0.05,1.570796326795,1,0.05,fit_ok,resolved,True,mixed,True,1.6927931167920462e-07,1.4700456216093145e-07,2.227474951827317e-08,1.3230410604389685e-07,-1.4700456117034601e-08,3.697520563530777e-08,0.6599605578044785,0.3400394421955215,0.9984244517514299
1476,C,lambda_1.972983346207417,yoshida4,controlled_q0.050_phi3.141592653590,controlled,0.05,3.14159265359,1,0.05,fit_ok,resolved,True,E_state_hartree,True,6.543406623434979e-07,1.4700456216093145e-07,5.073361001825665e-07,1.3230410604389685e-07,-1.4700456117034601e-08,5.220365562996011e-07,0.02897577387405429,0.9710242261259457,0.9984244517514299
1477,C,lambda_1.972983346207417,yoshida4,controlled_q0.050_phi4.712388980385,controlled,0.05,4.712388980385,1,0.05,fit_ok,resolved,True,mixed,True,9.532890060670596e-08,1.4700456216093145e-07,-5.1675661554225496e-08,1.3230410604389685e-07,-1.4700456117034601e-08,-3.6975205437190895e-08,0.284475431468038,0.715524568531962,0.9984244517514299
1414,C,lambda_1.972983346207417,yoshida4,controlled_q0.050_phi0.000000000000,controlled,0.05,0.0,-1,0.08,fit_ok,resolved,True,E_state_hartree,True,-2.5101075234367825e-06,9.863237355411143e-07,-3.4964312589778968e-06,8.876913619485975e-07,-9.863237359251681e-08,-3.39779888538538e-06,0.02820944165261518,0.9717905583473848,0.9983389573832446
1415,C,lambda_1.972983346207417,yoshida4,controlled_q0.050_phi1.570796326795,controlled,0.05,1.570796326795,-1,0.08,fit_ok,resolved,True,mixed,True,5.016256797094054e-07,9.863237355411143e-07,-4.846980558317089e-07,8.876913619485975e-07,-9.863237359251681e-08,-3.8606568223919207e-07,0.20349240605735539,0.7965075939426446,0.9983389573832446
1416,C,lambda_1.972983346207417,yoshida4,controlled_q0.050_phi3.141592653590,controlled,0.05,3.14159265359,-1,0.08,fit_ok,resolved,True,E_state_hartree,True,4.285490247410788e-06,9.863237355411143e-07,3.2991665118696736e-06,8.876913619485975e-07,-9.863237359251681e-08,3.3977988854621903e-06,0.02989614899328642,0.9701038510067136,0.9983389573832446
1417,C,lambda_1.972983346207417,yoshida4,controlled_q0.050_phi4.712388980385,controlled,0.05,4.712388980385,-1,0.08,fit_ok,resolved,True,mixed,True,1.2737570441109791e-06,9.863237355411143e-07,2.874333085698648e-07,8.876913619485975e-07,-9.863237359251681e-08,3.8606568216238164e-07,0.3431487258149234,0.6568512741850766,0.9983389573832446
1486,C,lambda_1.972983346207417,yoshida4,controlled_q0.050_phi0.000000000000,controlled,0.05,0.0,1,0.08,fit_ok,resolved,True,E_state_hartree,True,-2.5101075234367825e-06,9.863237355411143e-07,-3.4964312589778968e-06,8.876913619052294e-07,-9.86323736358849e-08,-3.397798885342012e-06,0.02820944166501871,0.9717905583349813,0.9983389573817959
1487,C,lambda_1.972983346207417,yoshida4,controlled_q0.050_phi1.570796326795,controlled,0.05,1.570796326795,1,0.08,fit_ok,resolved,True,mixed,True,1.2737570441109791e-06,9.863237355411143e-07,2.874333085698648e-07,8.876913619052294e-07,-9.86323736358849e-08,3.860656822057497e-07,0.3431487259658039,0.6568512740341961,0.9983389573817959
1488,C,lambda_1.972983346207417,yoshida4,controlled_q0.050_phi3.141592653590,controlled,0.05,3.14159265359,1,0.08,fit_ok,resolved,True,E_state_hartree,True,4.285490247410788e-06,9.863237355411143e-07,3.2991665118696736e-06,8.876913619052294e-07,-9.86323736358849e-08,3.3977988855055584e-06,0.029896149006431585,0.9701038509935684,0.9983389573817959
1489,C,lambda_1.972983346207417,yoshida4,controlled_q0.050_phi4.712388980385,controlled,0.05,4.712388980385,1,0.08,fit_ok,resolved,True,mixed,True,5.016256795359331e-07,9.863237355411143e-07,-4.846980560051812e-07,8.876913619052294e-07,-9.86323736358849e-08,-3.8606568236929633e-07,0.20349240607400035,0.7965075939259997,0.9983389573817959
1426,C,lambda_1.972983346207417,yoshida4,controlled_q0.050_phi0.000000000000,controlled,0.05,0.0,-1,0.12,fit_ok,resolved,True,E_state_hartree,True,-1.2254042735024898e-05,5.228427921224311e-06,-1.748247065624921e-05,4.705585129087538e-06,-5.228427921367726e-07,-1.6959627864112438e-05,0.029906687814166555,0.9700933121858335,0.9981568095993496
1427,C,lambda_1.972983346207417,yoshida4,controlled_q0.050_phi1.570796326795,controlled,0.05,1.570796326795,-1,0.12,fit_ok,resolved,True,mixed,True,1.7994886015310074e-06,5.228427921224311e-06,-3.4289393196933036e-06,4.705585129087538e-06,-5.228427921367726e-07,-2.906096527556531e-06,0.15247945308741642,0.8475205469125836,0.9981568095993496
1428,C,lambda_1.972983346207417,yoshida4,controlled_q0.050_phi3.141592653590,controlled,0.05,3.14159265359,-1,0.12,fit_ok,resolved,True,E_state_hartree,True,2.166521299322867e-05,5.228427921224311e-06,1.6436785072004357e-05,4.705585129087538e-06,-5.228427921367726e-07,1.695962786414113e-05,0.031809310022998034,0.968190689977002,0.9981568095993496
1429,C,lambda_1.972983346207417,yoshida4,controlled_q0.050_phi4.712388980385,controlled,0.05,4.712388980385,-1,0.12,fit_ok,resolved,True,mixed,True,7.6116816566153735e-06,5.228427921224311e-06,2.3832537353910625e-06,4.705585129087538e-06,-5.228427921367726e-07,2.906096527527835e-06,0.21938192495940034,0.7806180750405997,0.9981568095993496
1498,C,lambda_1.972983346207417,yoshida4,controlled_q0.050_phi0.000000000000,controlled,0.05,0.0,1,0.12,fit_ok,resolved,True,E_state_hartree,True,-1.2254042735024898e-05,5.228427921224311e-06,-1.748247065624921e-05,4.705585129087538e-06,-5.228427921367726e-07,-1.6959627864112438e-05,0.029906687814166555,0.9700933121858335,0.9981568095993496
1499,C,lambda_1.972983346207417,yoshida4,controlled_q0.050_phi1.570796326795,controlled,0.05,1.570796326795,1,0.12,fit_ok,resolved,True,mixed,True,7.6116816566153735e-06,5.228427921224311e-06,2.3832537353910625e-06,4.705585129087538e-06,-5.228427921367726e-07,2.906096527527835e-06,0.21938192495940034,0.7806180750405997,0.9981568095993496
1500,C,lambda_1.972983346207417,yoshida4,controlled_q0.050_phi3.141592653590,controlled,0.05,3.14159265359,1,0.12,fit_ok,resolved,True,E_state_hartree,True,2.166521299322867e-05,5.228427921224311e-06,1.6436785072004357e-05,4.705585129087538e-06,-5.228427921367726e-07,1.695962786414113e-05,0.031809310022998034,0.968190689977002,0.9981568095993496
1501,C,lambda_1.972983346207417,yoshida4,controlled_q0.050_phi4.712388980385,controlled,0.05,4.712388980385,1,0.12,fit_ok,resolved,True,mixed,True,1.7994886015310074e-06,5.228427921224311e-06,-3.4289393196933036e-06,4.705585129087538e-06,-5.228427921367726e-07,-2.906096527556531e-06,0.15247945308741642,0.8475205469125836,0.9981568095993496
1438,C,lambda_1.972983346207417,yoshida4,controlled_q0.050_phi0.000000000000,controlled,0.05,0.0,-1,0.18,fit_ok,resolved,True,E_state_hartree,True,-5.697072098440381e-05,2.907881440973495e-05,-8.604953539413876e-05,2.6170932968791116e-05,-2.9078814409438354e-06,-8.314165395319492e-05,0.03379311030123127,0.9662068896987688,0.997713872217517
1439,C,lambda_1.972983346207417,yoshida4,controlled_q0.050_phi1.570796326795,controlled,0.05,1.570796326795,-1,0.18,fit_ok,resolved,True,mixed,True,4.537203351532046e-06,2.907881440973495e-05,-2.4541611058202906e-05,2.6170932968791116e-05,-2.9078814409438354e-06,-2.163372961725907e-05,0.11848779748189722,0.8815122025181028,0.997713872217517
1440,C,lambda_1.972983346207417,yoshida4,controlled_q0.050_phi3.141592653590,controlled,0.05,3.14159265359,-1,0.18,fit_ok,resolved,True,E_state_hartree,True,0.00010931258692192674,2.907881440973495e-05,8.023377251219178e-05,2.6170932968791116e-05,-2.9078814409438354e-06,8.314165395313562e-05,0.036242611432760106,0.9637573885672399,0.997713872217517
1441,C,lambda_1.972983346207417,yoshida4,controlled_q0.050_phi4.712388980385,controlled,0.05,4.712388980385,-1,0.18,fit_ok,resolved,True,mixed,True,4.780466258610949e-05,2.907881440973495e-05,1.872584817637454e-05,2.6170932968791116e-05,-2.9078814409438354e-06,2.1633729617318376e-05,0.15528703498795654,0.8447129650120435,0.997713872217517
1510,C,lambda_1.972983346207417,yoshida4,controlled_q0.050_phi0.000000000000,controlled,0.05,0.0,1,0.18,fit_ok,resolved,True,E_state_hartree,True,-5.697072098440381e-05,2.907881440973495e-05,-8.604953539413876e-05,2.6170932968771837e-05,-2.907881440963114e-06,-8.314165395317565e-05,0.03379311030145531,0.9662068896985447,0.9977138722174873
1511,C,lambda_1.972983346207417,yoshida4,controlled_q0.050_phi1.570796326795,controlled,0.05,1.570796326795,1,0.18,fit_ok,resolved,True,mixed,True,4.780466258610949e-05,2.907881440973495e-05,1.872584817637454e-05,2.6170932968771837e-05,-2.907881440963114e-06,2.1633729617337655e-05,0.15528703498898605,0.8447129650110139,0.9977138722174873
1512,C,lambda_1.972983346207417,yoshida4,controlled_q0.050_phi3.141592653590,controlled,0.05,3.14159265359,1,0.18,fit_ok,resolved,True,E_state_hartree,True,0.00010931258692192672,2.907881440973495e-05,8.023377251219178e-05,2.6170932968771837e-05,-2.907881440963114e-06,8.314165395315489e-05,0.036242611433000387,0.9637573885669997,0.9977138722174873
1513,C,lambda_1.972983346207417,yoshida4,controlled_q0.050_phi4.712388980385,controlled,0.05,4.712388980385,1,0.18,fit_ok,resolved,True,mixed,True,4.537203351454948e-06,2.907881440973495e-05,-2.4541611058280003e-05,2.6170932968771837e-05,-2.907881440963114e-06,-2.163372961731689e-05,0.11848779748231054,0.8815122025176895,0.9977138722174873
1450,C,lambda_1.972983346207417,yoshida4,controlled_q0.050_phi0.000000000000,controlled,0.05,0.0,-1,0.27,fit_ok,resolved,True,E_state_hartree,True,-0.00023321901689513978,0.00017522322835029542,-0.0004084422452454352,0.0001577009055152449,-1.7522322835050508e-05,-0.0003909199224103847,0.0429003685074771,0.9570996314925229,0.9965516120328882
1451,C,lambda_1.972983346207417,yoshida4,controlled_q0.050_phi1.570796326795,controlled,0.05,1.570796326795,-1,0.27,fit_ok,resolved,True,mixed,True,7.289207090802155e-07,0.00017522322835029542,-0.0001744943076412152,0.0001577009055152449,-1.7522322835050508e-05,-0.0001569719848061647,0.10041773323103963,0.8995822667689604,0.9965516120328882
1452,C,lambda_1.972983346207417,yoshida4,controlled_q0.050_phi3.141592653590,controlled,0.05,3.14159265359,-1,0.27,fit_ok,resolved,True,E_state_hartree,True,0.0005486208279256718,0.00017522322835029542,0.00037339759957537636,0.0001577009055152449,-1.7522322835050508e-05,0.0003909199224104269,0.04692671526270308,0.9530732847372969,0.9965516120328882
1453,C,lambda_1.972983346207417,yoshida4,controlled_q0.050_phi4.712388980385,controlled,0.05,4.712388980385,-1,0.27,fit_ok,resolved,True,mixed,True,0.0003146728903213674,0.00017522322835029542,0.000139449661971072,0.0001577009055152449,-1.7522322835050508e-05,0.0001569719848061225,0.1256533905308814,0.8743466094691186,0.9965516120328882
1522,C,lambda_1.972983346207417,yoshida4,controlled_q0.050_phi0.000000000000,controlled,0.05,0.0,1,0.27,fit_ok,resolved,True,E_state_hartree,True,-0.00023321901689513978,0.00017522322835029542,-0.0004084422452454352,0.00015770090551527058,-1.752232283502484e-05,-0.00039091992241041036,0.04290036850741426,0.9570996314925857,0.996551612032898
1523,C,lambda_1.972983346207417,yoshida4,controlled_q0.050_phi1.570796326795,controlled,0.05,1.570796326795,1,0.27,fit_ok,resolved,True,mixed,True,0.00031467289032141886,0.00017522322835029542,0.00013944966197112344,0.00015770090551527058,-1.752232283502484e-05,0.00015697198480614828,0.12565339053065097,0.8743466094693491,0.996551612032898
1524,C,lambda_1.972983346207417,yoshida4,controlled_q0.050_phi3.141592653590,controlled,0.05,3.14159265359,1,0.27,fit_ok,resolved,True,E_state_hartree,True,0.0005486208279256716,0.00017522322835029542,0.00037339759957537614,0.00015770090551527058,-1.752232283502484e-05,0.000390919922410401,0.046926715262634366,0.9530732847373656,0.996551612032898
1525,C,lambda_1.972983346207417,yoshida4,controlled_q0.050_phi4.712388980385,controlled,0.05,4.712388980385,1,0.27,fit_ok,resolved,True,mixed,True,7.289207091316147e-07,0.00017522322835029542,-0.0001744943076411638,0.00015770090551527058,-1.752232283502484e-05,-0.00015697198480613895,0.10041773323092211,0.8995822667690779,0.996551612032898
1462,C,lambda_1.972983346207417,yoshida4,controlled_q0.050_phi0.000000000000,controlled,0.05,0.0,-1,0.4,fit_ok,resolved,True,E_state_hartree,True,-0.0006064367540515406,0.0010976940451166647,-0.0017041307991682055,0.0009879246406050012,-0.00010976940451166354,-0.001594361394656542,0.0644137202175106,0.9355862797824894,0.9932886901274771
1463,C,lambda_1.972983346207417,yoshida4,controlled_q0.050_phi1.570796326795,controlled,0.05,1.570796326795,-1,0.4,fit_ok,resolved,True,mixed,True,-2.433241757939658e-05,0.0010976940451166647,-0.0011220264626960613,0.0009879246406050012,-0.00010976940451166354,-0.0010122570581843978,0.09783138647898208,0.902168613521018,0.9932886901274771
1464,C,lambda_1.972983346207417,yoshida4,controlled_q0.050_phi3.141592653590,controlled,0.05,3.14159265359,-1,0.4,fit_ok,resolved,True,E_state_hartree,True,0.0025822860352615372,0.0010976940451166647,0.0014845919901448725,0.0009879246406050012,-0.00010976940451166354,0.001594361394656536,0.07393910599029421,0.9260608940097058,0.9932886901274771
1465,C,lambda_1.972983346207417,yoshida4,controlled_q0.050_phi4.712388980385,controlled,0.05,4.712388980385,-1,0.4,fit_ok,resolved,True,mixed,True,0.002000181698789405,0.0010976940451166647,0.0009024876536727403,0.0009879246406050012,-0.00010976940451166354,0.0010122570581844038,0.12162981295638653,0.8783701870436135,0.9932886901274771
1534,C,lambda_1.972983346207417,yoshida4,controlled_q0.050_phi0.000000000000,controlled,0.05,0.0,1,0.4,fit_ok,resolved,True,E_state_hartree,True,-0.0006064367540515406,0.0010976940451166647,-0.0017041307991682055,0.0009879246406050014,-0.00010976940451166333,-0.0015943613946565421,0.06441372021751048,0.9355862797824895,0.9932886901274772
1535,C,lambda_1.972983346207417,yoshida4,controlled_q0.050_phi1.570796326795,controlled,0.05,1.570796326795,1,0.4,fit_ok,resolved,True,mixed,True,0.002000181698789405,0.0010976940451166647,0.0009024876536727403,0.0009879246406050014,-0.00010976940451166333,0.0010122570581844036,0.1216298129563863,0.8783701870436137,0.9932886901274772
1536,C,lambda_1.972983346207417,yoshida4,controlled_q0.050_phi3.141592653590,controlled,0.05,3.14159265359,1,0.4,fit_ok,resolved,True,E_state_hartree,True,0.0025822860352615377,0.0010976940451166647,0.001484591990144873,0.0009879246406050014,-0.00010976940451166333,0.0015943613946565363,0.07393910599029405,0.9260608940097059,0.9932886901274772
1537,C,lambda_1.972983346207417,yoshida4,controlled_q0.050_phi4.712388980385,controlled,0.05,4.712388980385,1,0.4,fit_ok,resolved,True,mixed,True,-2.433241757939658e-05,0.0010976940451166647,-0.0011220264626960613,0.0009879246406050014,-0.00010976940451166333,-0.001012257058184398,0.09783138647898189,0.9021686135210181,0.9932886901274772
