system_id,formula_id,state_id,sign,time_hartree_inverse,auxiliary_fit_a4,auxiliary_fit_a6,scaled_design_condition_number,fhat_approx_hartree,g_approx_hartree,g_exact_hartree,delta_direct_hartree,E_fit_signed_hartree,E_state_signed_hartree,E_proxy_signed_hartree,E_total_signed_hartree,closure_residual_hartree,closure_over_target_error
H2_stored,current_m3,exact_ground,-1,-0.05,-2.738418161352337e-06,3.636463065662695e-08,17.3589273424777,-1.71145453110981e-11,-1.7114087924596788e-11,-1.7114087924596788e-11,-1.7112089523152463e-11,-4.573865013129856e-16,0.0,-1.9984014443252818e-15,-2.4557879456382673e-15,0.0,0.0
H2_stored,current_m3,exact_ground,-1,-0.08,-2.738418161352337e-06,3.636463065662695e-08,17.3589273424777,-1.1215607511925288e-10,-1.1215472994763331e-10,-1.1215472994763331e-10,-1.1215373074691115e-10,-1.3451716195634856e-15,0.0,-9.992007221626409e-16,-2.3443723417261265e-15,0.0,0.0
H2_stored,current_m3,exact_ground,-1,-0.12,-2.738418161352337e-06,3.636463065662695e-08,17.3589273424777,-5.677298057327139e-10,-5.677282718015894e-10,-5.677282718015894e-10,-5.677264214298816e-10,-1.533931124567372e-15,0.0,-1.85037170774306e-15,-3.384302832310432e-15,0.0,0.0
H2_stored,current_m3,exact_ground,-1,-0.18,-2.738418161352337e-06,3.636463065662695e-08,17.3589273424777,-2.8734450070976583e-09,-2.8734419165053913e-09,-2.8734419165053913e-09,-2.8734403745289683e-09,-3.0905922670185207e-15,0.0,-1.5419764229985862e-15,-4.632568690017107e-15,0.0,0.0
H2_stored,current_m3,exact_ground,-1,-0.27,-2.738418161352337e-06,3.636463065662695e-08,17.3589273424777,-1.453898845788118e-08,-1.4538989148407367e-08,-1.4538989148407367e-08,-1.4538998116542245e-08,6.905261865166455e-16,0.0,8.968134878164863e-15,9.658661064681509e-15,0.0,0.0
H2_stored,current_m3,exact_ground,-1,-0.4,-2.738418161352337e-06,3.636463065662695e-08,17.3589273424777,-6.99545554034503e-08,-6.995455520408811e-08,-6.995455520408811e-08,-6.995480739124815e-08,-1.9936218756319422e-16,0.0,2.521871600436043e-13,2.519877978560411e-13,0.0,0.0
H2_stored,current_m3,exact_ground,1,0.05,-2.738418161352337e-06,3.636463065662695e-08,17.3589273424777,-1.71145453110981e-11,-1.7114087924596788e-11,-1.7114087924596788e-11,-1.7112089523152463e-11,-4.573865013129856e-16,0.0,-1.9984014443252818e-15,-2.4557879456382673e-15,0.0,0.0
H2_stored,current_m3,exact_ground,1,0.08,-2.738418161352337e-06,3.636463065662695e-08,17.3589273424777,-1.1215607511925288e-10,-1.1215681161580449e-10,-1.1215681161580449e-10,-1.1215373074691115e-10,7.364965516086829e-16,0.0,-3.0808688933348094e-15,-2.3443723417261265e-15,0.0,0.0
H2_stored,current_m3,exact_ground,1,0.12,-2.738418161352337e-06,3.636463065662695e-08,17.3589273424777,-5.677298057327139e-10,-5.677282718015894e-10,-5.677282718015894e-10,-5.677264214298816e-10,-1.533931124567372e-15,0.0,-1.85037170774306e-15,-3.384302832310432e-15,0.0,0.0
H2_stored,current_m3,exact_ground,1,0.18,-2.738418161352337e-06,3.636463065662695e-08,17.3589273424777,-2.8734450070976583e-09,-2.873442224900676e-09,-2.873442224900676e-09,-2.8734403745289683e-09,-2.7821969821706493e-15,0.0,-1.8503717078464577e-15,-4.632568690017107e-15,0.0,0.0
H2_stored,current_m3,exact_ground,1,0.27,-2.738418161352337e-06,3.636463065662695e-08,17.3589273424777,-1.453898845788118e-08,-1.4538989354004224e-08,-1.4538989354004224e-08,-1.4538998116542245e-08,8.961230428061663e-16,0.0,8.762538021875343e-15,9.658661064681509e-15,0.0,0.0
H2_stored,current_m3,exact_ground,1,0.4,-2.738418161352337e-06,3.636463065662695e-08,17.3589273424777,-6.99545554034503e-08,-6.995455534286599e-08,-6.995455534286599e-08,-6.995480739124815e-08,-6.058430948504965e-17,0.0,2.5204838216552616e-13,2.519877978560411e-13,0.0,0.0
H2_stored,m5_best,exact_ground,-1,-0.05,-2.404964457160714e-07,4.764617537404755e-09,17.3589273424777,-1.5030283385764247e-12,-1.5043521983670871e-12,-1.5043521983670871e-12,-1.5007994846882866e-12,1.323859790662443e-15,0.0,-3.552713678800501e-15,-2.228853888138058e-15,0.0,0.0
H2_stored,m5_best,exact_ground,-1,-0.08,-2.404964457160714e-07,4.764617537404755e-09,17.3589273424777,-9.849485400630561e-12,-9.84975989659631e-12,-9.84975989659631e-12,-9.847123116912826e-12,2.7449596574981146e-16,0.0,-2.6367796834847468e-15,-2.3622837177349353e-15,0.0,0.0
H2_stored,m5_best,exact_ground,-1,-0.12,-2.404964457160714e-07,4.764617537404755e-09,17.3589273424777,-4.985511591195175e-11,-4.985410232786573e-11,-4.985410232786573e-11,-4.985223345244094e-11,-1.0135840860178714e-15,0.0,-1.8688754247899884e-15,-2.88245951080786e-15,0.0,0.0
H2_stored,m5_best,exact_ground,-1,-0.18,-2.404964457160714e-07,4.764617537404755e-09,17.3589273424777,-2.5230149361594655e-10,-2.523009579036284e-10,-2.523009579036284e-10,-2.5229873745757914e-10,-5.357123181627041e-16,0.0,-2.220446049250313e-15,-2.756158367413017e-15,0.0,0.0
H2_stored,m5_best,exact_ground,-1,-0.27,-2.404964457160714e-07,4.764617537404755e-09,17.3589273424777,-1.276250805621708e-09,-1.2762513268427256e-09,-1.2762513268427256e-09,-1.276251659909633e-09,5.212210174738954e-16,0.0,3.3306690738754696e-16,8.542879248614424e-16,0.0,0.0
H2_stored,m5_best,exact_ground,-1,-0.4,-2.404964457160714e-07,4.764617537404755e-09,17.3589273424777,-6.1371931368982194e-09,-6.137193253596962e-09,-6.137193253596962e-09,-6.137243824255734e-09,1.166987425621965e-16,0.0,5.057065877167588e-14,5.068735751423808e-14,0.0,0.0
H2_stored,m5_best,exact_ground,1,0.05,-2.404964457160714e-07,4.764617537404755e-09,17.3589273424777,-1.5030283385764247e-12,-1.503241975342462e-12,-1.503241975342462e-12,-1.5007994846882866e-12,2.1363676603728646e-16,0.0,-2.4424906541753444e-15,-2.228853888138058e-15,0.0,0.0
H2_stored,m5_best,exact_ground,1,0.08,-2.404964457160714e-07,4.764617537404755e-09,17.3589273424777,-9.849485400630561e-12,-9.84906600720592e-12,-9.84906600720592e-12,-9.847123116912826e-12,-4.193934246409114e-16,0.0,-1.942890293094024e-15,-2.3622837177349353e-15,0.0,0.0
H2_stored,m5_best,exact_ground,1,0.12,-2.404964457160714e-07,4.764617537404755e-09,17.3589273424777,-4.985511591195175e-11,-4.985410232786573e-11,-4.985410232786573e-11,-4.985223345244094e-11,-1.0135840860178714e-15,0.0,-1.8688754247899884e-15,-2.88245951080786e-15,0.0,0.0
H2_stored,m5_best,exact_ground,1,0.18,-2.404964457160714e-07,4.764617537404755e-09,17.3589273424777,-2.5230149361594655e-10,-2.523006495083438e-10,-2.523006495083438e-10,-2.5229873745757914e-10,-8.441076027520815e-16,0.0,-1.9120507646609356e-15,-2.756158367413017e-15,0.0,0.0
H2_stored,m5_best,exact_ground,1,0.27,-2.404964457160714e-07,4.764617537404755e-09,17.3589273424777,-1.276250805621708e-09,-1.276251121245869e-09,-1.276251121245869e-09,-1.276251659909633e-09,3.1562416097757954e-16,0.0,5.386637638838629e-16,8.542879248614424e-16,0.0,0.0
H2_stored,m5_best,exact_ground,1,0.4,-2.404964457160714e-07,4.764617537404755e-09,17.3589273424777,-6.1371931368982194e-09,-6.137193114819084e-09,-6.137193114819084e-09,-6.137243824255734e-09,-2.207913551594808e-17,0.0,5.0709436649754025e-14,5.068735751423808e-14,0.0,0.0
H2_stored,two_term_center,exact_ground,-1,-0.05,-4.656048199261145e-06,4.974817523458427e-08,17.3589273424777,-2.9099523930144124e-11,-2.9100055698449978e-11,-2.9100055698449978e-11,-2.9096947073981028e-11,5.317683058543063e-16,0.0,-3.1086244689504383e-15,-2.576856163096132e-15,0.0,0.0
H2_stored,two_term_center,exact_ground,-1,-0.08,-4.656048199261145e-06,4.974817523458427e-08,17.3589273424777,-1.9069869305608782e-10,-1.906981517141304e-10,-1.906981517141304e-10,-1.9069590351250554e-10,-5.413419574173024e-16,0.0,-2.248201624865942e-15,-2.7895435822832444e-15,0.0,0.0
H2_stored,two_term_center,exact_ground,-1,-0.12,-4.656048199261145e-06,4.974817523458427e-08,17.3589273424777,-9.653296073435113e-10,-9.653282802742544e-10,-9.653282802742544e-10,-9.653270405252101e-10,-1.3270692568311708e-15,0.0,-1.2397490443026216e-15,-2.5668183011337924e-15,0.0,0.0
H2_stored,two_term_center,exact_ground,-1,-0.18,-4.656048199261145e-06,4.974817523458427e-08,17.3589273424777,-4.886041111576709e-09,-4.886040029362783e-09,-4.886040029362783e-09,-4.88603768555862e-09,-1.0822139264235862e-15,0.0,-2.3438041631894617e-15,-3.426018089613048e-15,0.0,0.0
H2_stored,two_term_center,exact_ground,-1,-0.27,-4.656048199261145e-06,4.974817523458427e-08,17.3589273424777,-2.4724875648259187e-08,-2.4724875850405205e-08,-2.4724875850405205e-08,-2.4724879588156057e-08,2.0214601759262713e-16,0.0,3.737750851777175e-15,3.9398968693698024e-15,0.0,0.0
H2_stored,two_term_center,exact_ground,-1,-0.4,-4.656048199261145e-06,4.974817523458427e-08,17.3589273424777,-1.1899106537532449e-07,-1.1899106533430626e-07,-1.1899106533430626e-07,-1.1899119678471237e-07,-4.1018232215279536e-17,0.0,1.3145040611561853e-13,1.3140938788340325e-13,0.0,0.0
H2_stored,two_term_center,exact_ground,1,0.05,-4.656048199261145e-06,4.974817523458427e-08,17.3589273424777,-2.9099523930144124e-11,-2.9100055698449978e-11,-2.9100055698449978e-11,-2.9096947073981028e-11,5.317683058543063e-16,0.0,-3.1086244689504383e-15,-2.576856163096132e-15,0.0,0.0
H2_stored,two_term_center,exact_ground,1,0.08,-4.656048199261145e-06,4.974817523458427e-08,17.3589273424777,-1.9069869305608782e-10,-1.906981517141304e-10,-1.906981517141304e-10,-1.9069590351250554e-10,-5.413419574173024e-16,0.0,-2.248201624865942e-15,-2.7895435822832444e-15,0.0,0.0
H2_stored,two_term_center,exact_ground,1,0.12,-4.656048199261145e-06,4.974817523458427e-08,17.3589273424777,-9.653296073435113e-10,-9.653292054601081e-10,-9.653292054601081e-10,-9.653270405252101e-10,-4.0188340311473713e-16,0.0,-2.1649348980190553e-15,-2.5668183011337924e-15,0.0,0.0
H2_stored,two_term_center,exact_ground,1,0.18,-4.656048199261145e-06,4.974817523458427e-08,17.3589273424777,-4.886041111576709e-09,-4.886039104176929e-09,-4.886039104176929e-09,-4.88603768555862e-09,-2.0073997805536102e-15,0.0,-1.4186183090594377e-15,-3.426018089613048e-15,0.0,0.0
H2_stored,two_term_center,exact_ground,1,0.27,-4.656048199261145e-06,4.974817523458427e-08,17.3589273424777,-2.4724875648259187e-08,-2.4724876261598918e-08,-2.4724876261598918e-08,-2.4724879588156057e-08,6.133397301716686e-16,0.0,3.326557139198134e-15,3.9398968693698024e-15,0.0,0.0
H2_stored,two_term_center,exact_ground,1,0.4,-4.656048199261145e-06,4.974817523458427e-08,17.3589273424777,-1.1899106537532449e-07,-1.1899106533430626e-07,-1.1899106533430626e-07,-1.1899119678471237e-07,-4.1018232215279536e-17,0.0,1.3145040611561853e-13,1.3140938788340325e-13,0.0,0.0
H2_stored,yoshida4,exact_ground,-1,-0.05,-0.0010021658698816586,8.378847873517386e-05,17.3589273424777,-6.262227491780131e-09,-6.262294016678993e-09,-6.262294016678993e-09,-6.262292462366759e-09,6.652489886239402e-14,0.0,-1.5543122344752192e-15,6.49705866279188e-14,0.0,0.0
H2_stored,yoshida4,exact_ground,-1,-0.08,-0.0010021658698816586,8.378847873517386e-05,17.3589273424777,-4.102674938338318e-08,-4.102715320253303e-08,-4.102715320253303e-08,-4.1027151898020975e-08,4.0381914984628264e-13,0.0,-1.304512053934559e-15,4.025146377923481e-13,0.0,0.0
H2_stored,yoshida4,exact_ground,-1,-0.12,-0.0010021658698816586,8.378847873517386e-05,17.3589273424777,-2.0755892372177313e-07,-2.0756061915501908e-07,-2.0756061915501908e-07,-2.0756062701909883e-07,1.6954332459516586e-12,0.0,7.864079748938266e-15,1.7032973257005968e-12,0.0,0.0
H2_stored,yoshida4,exact_ground,-1,-0.18,-0.0010021658698816586,8.378847873517386e-05,17.3589273424777,-1.0491838110596098e-06,-1.049188894714565e-06,-1.049188894714565e-06,-1.0491891466735126e-06,5.083654955218917e-12,0.0,2.519589475565156e-13,5.3356139027754324e-12,0.0,0.0
H2_stored,yoshida4,exact_ground,-1,-0.27,-0.0010021658698816586,8.378847873517386e-05,17.3589273424777,-5.2934589471536396e-06,-5.29345735989362e-06,-5.29345735989362e-06,-5.2934638906654286e-06,-1.5872600195665303e-12,0.0,6.530771808557095e-12,4.9435117889905645e-12,0.0,0.0
H2_stored,yoshida4,exact_ground,-1,-0.4,-0.0010021658698816586,8.378847873517386e-05,17.3589273424777,-2.5312248660071193e-05,-2.5312248766590217e-05,-2.5312248766590217e-05,-2.5312401415678032e-05,1.0651902469338385e-13,0.0,1.5264908781453812e-10,1.527556068392315e-10,0.0,0.0
H2_stored,yoshida4,exact_ground,1,0.05,-0.0010021658698816586,8.378847873517386e-05,17.3589273424777,-6.262227491780131e-09,-6.262294016678993e-09,-6.262294016678993e-09,-6.262292462366759e-09,6.652489886239402e-14,0.0,-1.5543122344752192e-15,6.49705866279188e-14,0.0,0.0
H2_stored,yoshida4,exact_ground,1,0.08,-0.0010021658698816586,8.378847873517386e-05,17.3589273424777,-4.102674938338318e-08,-4.102715320253303e-08,-4.102715320253303e-08,-4.1027151898020975e-08,4.0381914984628264e-13,0.0,-1.304512053934559e-15,4.025146377923481e-13,0.0,0.0
H2_stored,yoshida4,exact_ground,1,0.12,-0.0010021658698816586,8.378847873517386e-05,17.3589273424777,-2.0755892372177313e-07,-2.0756061961761202e-07,-2.0756061961761202e-07,-2.0756062701909883e-07,1.695895838887409e-12,0.0,7.401486813187857e-15,1.7032973257005968e-12,0.0,0.0
H2_stored,yoshida4,exact_ground,1,0.18,-0.0010021658698816586,8.378847873517386e-05,17.3589273424777,-1.0491838110596098e-06,-1.0491888944061699e-06,-1.0491888944061699e-06,-1.0491891466735126e-06,5.083346560051942e-12,0.0,2.5226734272349024e-13,5.3356139027754324e-12,0.0,0.0
H2_stored,yoshida4,exact_ground,1,0.27,-0.0010021658698816586,8.378847873517386e-05,17.3589273424777,-5.2934589471536396e-06,-5.29345735989362e-06,-5.29345735989362e-06,-5.2934638906654286e-06,-1.5872600195665303e-12,0.0,6.530771808557095e-12,4.9435117889905645e-12,0.0,0.0
H2_stored,yoshida4,exact_ground,1,0.4,-0.0010021658698816586,8.378847873517386e-05,17.3589273424777,-2.5312248660071193e-05,-2.5312248766728995e-05,-2.5312248766728995e-05,-2.5312401415678032e-05,1.06657802571462e-13,0.0,1.5264894903666004e-10,1.527556068392315e-10,0.0,0.0
two_level_commuting,current_m3,complex_q001,-1,-0.05,-3.423309482430389e-14,1.604287688619591e-13,17.3589273424777,-2.1145014313843123e-19,-9.71445146547012e-16,-5.887846720064155e-16,0.0,9.712336964038736e-16,-3.826604745405965e-16,-5.887846720064155e-16,-2.1145014313843123e-19,2.1594489501441882e-32,1.355075810704985e-28
two_level_commuting,current_m3,complex_q001,-1,-0.08,-3.423309482430389e-14,1.604287688619591e-13,17.3589273424777,-1.360132124818938e-18,-8.673617379884035e-17,-1.2266347333466968e-16,1.1102230246251565e-15,8.537604167402142e-17,3.592729953582933e-17,-1.2328864979598263e-15,-1.1115831567499755e-15,0.0,0.0
two_level_commuting,current_m3,complex_q001,-1,-0.12,-3.423309482430389e-14,1.604287688619591e-13,17.3589273424777,-6.6195368058061446e-18,1.1564823173178715e-16,2.0543252740130517e-31,2.220446049250313e-16,-1.222677685375933e-16,1.1564823173178695e-16,-2.220446049250311e-16,-2.2866414173083744e-16,0.0,0.0
two_level_commuting,current_m3,complex_q001,-1,-0.18,-3.423309482430389e-14,1.604287688619591e-13,17.3589273424777,-3.047999440018407e-17,-3.854941057726238e-17,-2.1806839703941319e-16,-2.220446049250313e-16,8.06941617707831e-18,1.7951898646215082e-16,3.976207885618122e-18,1.9156461052484724e-16,0.0,0.0
two_level_commuting,current_m3,complex_q001,-1,-0.27,-3.423309482430389e-14,1.604287688619591e-13,17.3589273424777,-1.1977530938306068e-16,5.13992141030165e-17,9.130334551169117e-32,-2.220446049250313e-16,-1.7117452348607717e-16,5.139921410301641e-17,2.220446049250314e-16,1.0226929554197063e-16,2.465190328815662e-32,1.5469315832351221e-28
two_level_commuting,current_m3,complex_q001,-1,-0.4,-3.423309482430389e-14,1.604287688619591e-13,17.3589273424777,-2.19250990243595e-16,-3.469446951953614e-16,-2.943923360032078e-16,0.0,1.2769370495176642e-16,-5.2552359192153634e-17,-2.943923360032078e-16,-2.19250990243595e-16,0.0,0.0
two_level_commuting,current_m3,complex_q001,1,0.05,-3.423309482430389e-14,1.604287688619591e-13,17.3589273424777,-2.1145014313843123e-19,-2.7755575615628914e-16,-5.887846720064157e-16,0.0,2.7734430601315073e-16,3.1122891585012653e-16,-5.887846720064157e-16,-2.1145014313843123e-19,2.1594489501441882e-32,1.355075810704985e-28
two_level_commuting,current_m3,complex_q001,1,0.08,-3.423309482430389e-14,1.604287688619591e-13,17.3589273424777,-1.360132124818938e-18,-1.734723475976807e-16,-1.226634733346703e-16,1.1102230246251565e-15,1.7211221547286176e-16,-5.080887426301041e-17,-1.2328864979598269e-15,-1.1115831567499755e-15,0.0,0.0
two_level_commuting,current_m3,complex_q001,1,0.12,-3.423309482430389e-14,1.604287688619591e-13,17.3589273424777,-6.6195368058061446e-18,0.0,-2.0543252740130517e-31,2.220446049250313e-16,-6.6195368058061446e-18,2.0543252740130517e-31,-2.220446049250315e-16,-2.2866414173083744e-16,0.0,0.0
two_level_commuting,current_m3,complex_q001,1,0.18,-3.423309482430389e-14,1.604287688619591e-13,17.3589273424777,-3.047999440018407e-17,-3.469446951953614e-16,-2.1806839703941326e-16,-2.220446049250313e-16,3.1646470079517737e-16,-1.2887629815594816e-16,3.976207885618048e-18,1.9156461052484724e-16,2.465190328815662e-32,1.5469315832351221e-28
two_level_commuting,current_m3,complex_q001,1,0.27,-3.423309482430389e-14,1.604287688619591e-13,17.3589273424777,-1.1977530938306068e-16,-2.569960705150825e-17,-9.130334551169117e-32,-2.220446049250313e-16,-9.407570233155244e-17,-2.5699607051508158e-17,2.220446049250312e-16,1.0226929554197063e-16,0.0,0.0
two_level_commuting,current_m3,complex_q001,1,0.4,-3.423309482430389e-14,1.604287688619591e-13,17.3589273424777,-2.19250990243595e-16,-2.255140518769849e-16,-2.9439233600320783e-16,0.0,6.2630616333899185e-18,6.887828412622291e-17,-2.9439233600320783e-16,-2.19250990243595e-16,0.0,0.0
two_level_commuting,current_m3,exact_ground,-1,-0.05,-1.2026698964401792e-14,4.312279830303123e-15,17.3589273424777,-7.509948915516272e-20,-5.887846720064155e-16,-5.887846720064155e-16,0.0,5.887095725172603e-16,0.0,-5.887846720064155e-16,-7.509948915516272e-20,3.3703774026776627e-34,2.1149455239542688e-30
two_level_commuting,current_m3,exact_ground,-1,-0.08,-1.2026698964401792e-14,4.312279830303123e-15,17.3589273424777,-4.914831512980623e-19,-1.2266347333466968e-16,-1.2266347333466968e-16,1.1102230246251565e-15,1.2217199018337161e-16,0.0,-1.2328864979598263e-15,-1.1107145077764546e-15,0.0,0.0
two_level_commuting,current_m3,exact_ground,-1,-0.12,-1.2026698964401792e-14,4.312279830303123e-15,17.3589273424777,-2.480979898681547e-18,2.0543252740130517e-31,2.0543252740130517e-31,2.220446049250313e-16,-2.4809798986817524e-18,0.0,-2.220446049250311e-16,-2.2452558482371284e-16,-4.930380657631324e-32,3.0938631664702443e-28
two_level_commuting,current_m3,exact_ground,-1,-0.18,-1.2026698964401792e-14,4.312279830303123e-15,17.3589273424777,-1.247847727733147e-17,-2.1806839703941319e-16,-2.1806839703941319e-16,-2.220446049250313e-16,2.0558991976208171e-16,0.0,3.976207885618122e-18,2.0956612764769984e-16,0.0,0.0
two_level_commuting,current_m3,exact_ground,-1,-0.27,-1.2026698964401792e-14,4.312279830303123e-15,17.3589273424777,-6.224414368284566e-17,9.130334551169117e-32,9.130334551169117e-32,-2.220446049250313e-16,-6.224414368284575e-17,0.0,2.220446049250314e-16,1.5980046124218566e-16,0.0,0.0
two_level_commuting,current_m3,exact_ground,-1,-0.4,-1.2026698964401792e-14,4.312279830303123e-15,17.3589273424777,-2.9022039530376434e-16,-2.943923360032078e-16,-2.943923360032078e-16,0.0,4.171940699443445e-18,0.0,-2.943923360032078e-16,-2.9022039530376434e-16,0.0,0.0
two_level_commuting,current_m3,exact_ground,1,0.05,-1.2026698964401792e-14,4.312279830303123e-15,17.3589273424777,-7.509948915516272e-20,-5.887846720064157e-16,-5.887846720064157e-16,0.0,5.887095725172605e-16,0.0,-5.887846720064157e-16,-7.509948915516272e-20,3.3703774026776627e-34,2.1149455239542688e-30
two_level_commuting,current_m3,exact_ground,1,0.08,-1.2026698964401792e-14,4.312279830303123e-15,17.3589273424777,-4.914831512980623e-19,-1.226634733346703e-16,-1.226634733346703e-16,1.1102230246251565e-15,1.2217199018337223e-16,0.0,-1.2328864979598269e-15,-1.1107145077764546e-15,0.0,0.0
two_level_commuting,current_m3,exact_ground,1,0.12,-1.2026698964401792e-14,4.312279830303123e-15,17.3589273424777,-2.480979898681547e-18,-2.0543252740130517e-31,-2.0543252740130517e-31,2.220446049250313e-16,-2.4809798986813418e-18,0.0,-2.220446049250315e-16,-2.2452558482371284e-16,0.0,0.0
two_level_commuting,current_m3,exact_ground,1,0.18,-1.2026698964401792e-14,4.312279830303123e-15,17.3589273424777,-1.247847727733147e-17,-2.1806839703941326e-16,-2.1806839703941326e-16,-2.220446049250313e-16,2.055899197620818e-16,0.0,3.976207885618048e-18,2.0956612764769984e-16,0.0,0.0
two_level_commuting,current_m3,exact_ground,1,0.27,-1.2026698964401792e-14,4.312279830303123e-15,17.3589273424777,-6.224414368284566e-17,-9.130334551169117e-32,-9.130334551169117e-32,-2.220446049250313e-16,-6.224414368284557e-17,0.0,2.220446049250312e-16,1.5980046124218566e-16,-2.465190328815662e-32,1.5469315832351221e-28
two_level_commuting,current_m3,exact_ground,1,0.4,-1.2026698964401792e-14,4.312279830303123e-15,17.3589273424777,-2.9022039530376434e-16,-2.9439233600320783e-16,-2.9439233600320783e-16,0.0,4.1719406994434945e-18,0.0,-2.9439233600320783e-16,-2.9022039530376434e-16,0.0,0.0
two_level_commuting,current_m3,real_q001,-1,-0.05,-3.623464275768748e-14,1.6199139233329616e-13,17.3589273424777,-2.2393540173033904e-19,-5.770089785662875e-16,-5.887846720064155e-16,0.0,5.767850431645571e-16,1.1775693440127994e-17,-5.887846720064155e-16,-2.2393540173033904e-19,-4.8148248609680896e-32,3.021350748506098e-28
two_level_commuting,current_m3,real_q001,-1,-0.08,-3.623464275768748e-14,1.6199139233329616e-13,17.3589273424777,-1.4417058958030596e-18,-1.4461992685994835e-16,-1.2266347333466968e-16,1.1102230246251565e-15,1.431782209641453e-16,-2.1956453525278662e-17,-1.2328864979598263e-15,-1.1116647305209595e-15,-1.9721522630525295e-31,1.2375452665880977e-27
two_level_commuting,current_m3,real_q001,-1,-0.12,-3.623464275768748e-14,1.6199139233329616e-13,17.3589273424777,-7.02991181658913e-18,-6.509259464525828e-17,2.0543252740130517e-31,2.220446049250313e-16,5.806268282866914e-17,-6.509259464525849e-17,-2.220446049250311e-16,-2.2907451674162045e-16,0.0,0.0
two_level_commuting,current_m3,real_q001,-1,-0.18,-3.623464275768748e-14,1.6199139233329616e-13,17.3589273424777,-3.252799105919805e-17,-2.571020921954639e-16,-2.1806839703941319e-16,-2.220446049250313e-16,2.2457410113626585e-16,-3.9033695156050705e-17,3.976207885618122e-18,1.8951661386583327e-16,0.0,0.0
two_level_commuting,current_m3,real_q001,-1,-0.27,-3.623464275768748e-14,1.6199139233329616e-13,17.3589273424777,-1.298069633863255e-16,-5.786008412911846e-17,9.130334551169117e-32,-2.220446049250313e-16,-7.194687925720704e-17,-5.786008412911854e-17,2.220446049250314e-16,9.223764153870581e-17,0.0,0.0
two_level_commuting,current_m3,real_q001,-1,-0.4,-3.623464275768748e-14,1.6199139233329616e-13,17.3589273424777,-2.640901115996183e-16,-2.6897671088956613e-16,-2.943923360032078e-16,0.0,4.886599289947815e-18,2.541562511364165e-17,-2.943923360032078e-16,-2.640901115996183e-16,0.0,0.0
two_level_commuting,current_m3,real_q001,1,0.05,-3.623464275768748e-14,1.6199139233329616e-13,17.3589273424777,-2.2393540173033904e-19,-5.77008978566287e-16,-5.887846720064157e-16,0.0,5.767850431645566e-16,1.1775693440128684e-17,-5.887846720064157e-16,-2.2393540173033904e-19,-4.8148248609680896e-32,3.021350748506098e-28
two_level_commuting,current_m3,real_q001,1,0.08,-3.623464275768748e-14,1.6199139233329616e-13,17.3589273424777,-1.4417058958030596e-18,-1.4461992685994835e-16,-1.226634733346703e-16,1.1102230246251565e-15,1.431782209641453e-16,-2.1956453525278045e-17,-1.2328864979598269e-15,-1.1116647305209595e-15,0.0,0.0
two_level_commuting,current_m3,real_q001,1,0.12,-3.623464275768748e-14,1.6199139233329616e-13,17.3589273424777,-7.02991181658913e-18,-6.509259464525828e-17,-2.0543252740130517e-31,2.220446049250313e-16,5.806268282866914e-17,-6.509259464525807e-17,-2.220446049250315e-16,-2.2907451674162045e-16,0.0,0.0
two_level_commuting,current_m3,real_q001,1,0.18,-3.623464275768748e-14,1.6199139233329616e-13,17.3589273424777,-3.252799105919805e-17,-2.5710209219546374e-16,-2.1806839703941326e-16,-2.220446049250313e-16,2.245741011362657e-16,-3.903369515605048e-17,3.976207885618048e-18,1.8951661386583327e-16,0.0,0.0
two_level_commuting,current_m3,real_q001,1,0.27,-3.623464275768748e-14,1.6199139233329616e-13,17.3589273424777,-1.298069633863255e-16,-5.78600841291185e-17,-9.130334551169117e-32,-2.220446049250313e-16,-7.194687925720699e-17,-5.786008412911842e-17,2.220446049250312e-16,9.223764153870581e-17,0.0,0.0
two_level_commuting,current_m3,real_q001,1,0.4,-3.623464275768748e-14,1.6199139233329616e-13,17.3589273424777,-2.640901115996183e-16,-2.6897671088956604e-16,-2.9439233600320783e-16,0.0,4.8865992899477166e-18,2.54156251136418e-17,-2.9439233600320783e-16,-2.640901115996183e-16,0.0,0.0
two_level_commuting,m5_best,complex_q001,-1,-0.05,2.412814105627909e-15,-4.209893405124268e-15,17.3589273424777,1.501430857571937e-20,9.71445146547012e-16,-2.9439233600320774e-16,-4.440892098500626e-16,-9.714301322384363e-16,1.2658374825502198e-15,1.4969687384685488e-16,4.441042241586383e-16,9.860761315262648e-32,6.1877263329404885e-28
two_level_commuting,m5_best,complex_q001,-1,-0.08,2.412814105627909e-15,-4.209893405124268e-15,17.3589273424777,9.772526746972627e-20,7.806255641895632e-16,2.4532694666933996e-16,6.661338147750939e-16,-7.805278389220934e-16,5.352986175202232e-16,-4.2080686810575396e-16,-6.660360895076242e-16,0.0,0.0
two_level_commuting,m5_best,complex_q001,-1,-0.12,2.412814105627909e-15,-4.209893405124268e-15,17.3589273424777,4.877504585935966e-19,-4.04768811061255e-16,-3.2710259555911977e-16,0.0,4.052565615198486e-16,-7.766621550213524e-17,-3.2710259555911977e-16,4.877504585935966e-19,-1.3288916616271927e-32,8.338928065876831e-29
two_level_commuting,m5_best,complex_q001,-1,-0.18,2.412814105627909e-15,-4.209893405124268e-15,17.3589273424777,2.389687898012744e-18,-2.312964634635743e-16,-3.2710259555911987e-16,-2.220446049250313e-16,2.3368615136158705e-16,9.580613209554557e-17,-1.0505799063408856e-16,2.2443429282304406e-16,0.0,0.0
two_level_commuting,m5_best,complex_q001,-1,-0.27,2.412814105627909e-15,-4.209893405124268e-15,17.3589273424777,1.11916844494389e-17,1.5419764230904951e-16,1.4537893135960887e-16,0.0,-1.4300595785961062e-16,8.818710949440641e-18,1.4537893135960887e-16,1.11916844494389e-17,-4.622231866529366e-33,2.900496718565854e-29
two_level_commuting,m5_best,complex_q001,-1,-0.4,2.412814105627909e-15,-4.209893405124268e-15,17.3589273424777,4.452431771668548e-17,-2.0816681711721685e-16,-9.813077866773593e-17,0.0,2.5269113483390234e-16,-1.1003603844948092e-16,-9.813077866773593e-17,4.452431771668548e-17,2.465190328815662e-32,1.5469315832351221e-28
two_level_commuting,m5_best,complex_q001,1,0.05,2.412814105627909e-15,-4.209893405124268e-15,17.3589273424777,1.501430857571937e-20,-1.6653345369377348e-15,-2.943923360032075e-16,-4.440892098500626e-16,1.6653495512463105e-15,-1.3709422009345274e-15,1.4969687384685513e-16,4.441042241586383e-16,0.0,0.0
two_level_commuting,m5_best,complex_q001,1,0.08,2.412814105627909e-15,-4.209893405124268e-15,17.3589273424777,9.772526746972627e-20,-3.469446951953614e-16,2.4532694666933966e-16,6.661338147750939e-16,3.4704242046283113e-16,-5.922716418647011e-16,-4.2080686810575426e-16,-6.660360895076242e-16,0.0,0.0
two_level_commuting,m5_best,complex_q001,1,0.12,2.412814105627909e-15,-4.209893405124268e-15,17.3589273424777,4.877504585935966e-19,-1.734723475976807e-16,-3.2710259555911977e-16,0.0,1.7396009805627432e-16,1.5363024796143906e-16,-3.2710259555911977e-16,4.877504585935966e-19,3.601488996004131e-32,2.2599703598825616e-28
two_level_commuting,m5_best,complex_q001,1,0.18,2.412814105627909e-15,-4.209893405124268e-15,17.3589273424777,2.389687898012744e-18,-4.240435163498862e-16,-3.2710259555911977e-16,-2.220446049250313e-16,4.2643320424789895e-16,-9.694092079076643e-17,-1.0505799063408846e-16,2.2443429282304406e-16,0.0,0.0
two_level_commuting,m5_best,complex_q001,1,0.27,2.412814105627909e-15,-4.209893405124268e-15,17.3589273424777,1.11916844494389e-17,1.5419764230904951e-16,1.453789313596087e-16,0.0,-1.4300595785961062e-16,8.818710949440814e-18,1.453789313596087e-16,1.11916844494389e-17,-4.622231866529366e-33,2.900496718565854e-29
two_level_commuting,m5_best,complex_q001,1,0.4,2.412814105627909e-15,-4.209893405124268e-15,17.3589273424777,4.452431771668548e-17,3.469446951953614e-17,-9.81307786677359e-17,0.0,9.829848197149336e-18,1.3282524818727204e-16,-9.81307786677359e-17,4.452431771668548e-17,1.232595164407831e-32,7.734657916175611e-29
two_level_commuting,m5_best,exact_ground,-1,-0.05,1.2973697638587785e-14,-1.0309476355400082e-13,17.3589273424777,7.947475456064241e-20,-2.9439233600320774e-16,-2.9439233600320774e-16,-4.440892098500626e-16,2.944718107577684e-16,0.0,1.4969687384685488e-16,4.441686846046232e-16,0.0,0.0
two_level_commuting,m5_best,exact_ground,-1,-0.08,1.2973697638587785e-14,-1.0309476355400082e-13,17.3589273424777,5.043769815794557e-19,2.4532694666933996e-16,2.4532694666933996e-16,6.661338147750939e-16,-2.448225696877605e-16,0.0,-4.2080686810575396e-16,-6.656294377935145e-16,0.0,0.0
two_level_commuting,m5_best,exact_ground,-1,-0.12,1.2973697638587785e-14,-1.0309476355400082e-13,17.3589273424777,2.3823866278815328e-18,-3.2710259555911977e-16,-3.2710259555911977e-16,0.0,3.294849821870013e-16,0.0,-3.2710259555911977e-16,2.3823866278815328e-18,1.3866695599588098e-32,8.701490155697562e-29
two_level_commuting,m5_best,exact_ground,-1,-0.18,1.2973697638587785e-14,-1.0309476355400082e-13,17.3589273424777,1.0112786641858199e-17,-3.2710259555911987e-16,-3.2710259555911987e-16,-2.220446049250313e-16,3.3721538220097806e-16,0.0,-1.0505799063408856e-16,2.321573915668895e-16,0.0,0.0
two_level_commuting,m5_best,exact_ground,-1,-0.27,1.2973697638587785e-14,-1.0309476355400082e-13,17.3589273424777,2.900652475805694e-17,1.4537893135960887e-16,1.4537893135960887e-16,0.0,-1.1637240660155193e-16,0.0,1.4537893135960887e-16,2.900652475805694e-17,0.0,0.0
two_level_commuting,m5_best,exact_ground,-1,-0.4,1.2973697638587785e-14,-1.0309476355400082e-13,17.3589273424777,-9.014949196934016e-17,-9.813077866773593e-17,-9.813077866773593e-17,0.0,7.981286698395773e-18,0.0,-9.813077866773593e-17,-9.014949196934016e-17,0.0,0.0
two_level_commuting,m5_best,exact_ground,1,0.05,1.2973697638587785e-14,-1.0309476355400082e-13,17.3589273424777,7.947475456064241e-20,-2.943923360032075e-16,-2.943923360032075e-16,-4.440892098500626e-16,2.9447181075776815e-16,0.0,1.4969687384685513e-16,4.441686846046232e-16,0.0,0.0
two_level_commuting,m5_best,exact_ground,1,0.08,1.2973697638587785e-14,-1.0309476355400082e-13,17.3589273424777,5.043769815794557e-19,2.4532694666933966e-16,2.4532694666933966e-16,6.661338147750939e-16,-2.448225696877602e-16,0.0,-4.2080686810575426e-16,-6.656294377935145e-16,0.0,0.0
two_level_commuting,m5_best,exact_ground,1,0.12,1.2973697638587785e-14,-1.0309476355400082e-13,17.3589273424777,2.3823866278815328e-18,-3.2710259555911977e-16,-3.2710259555911977e-16,0.0,3.294849821870013e-16,0.0,-3.2710259555911977e-16,2.3823866278815328e-18,1.3866695599588098e-32,8.701490155697562e-29
two_level_commuting,m5_best,exact_ground,1,0.18,1.2973697638587785e-14,-1.0309476355400082e-13,17.3589273424777,1.0112786641858199e-17,-3.2710259555911977e-16,-3.2710259555911977e-16,-2.220446049250313e-16,3.3721538220097796e-16,0.0,-1.0505799063408846e-16,2.321573915668895e-16,0.0,0.0
two_level_commuting,m5_best,exact_ground,1,0.27,1.2973697638587785e-14,-1.0309476355400082e-13,17.3589273424777,2.900652475805694e-17,1.453789313596087e-16,1.453789313596087e-16,0.0,-1.1637240660155176e-16,0.0,1.453789313596087e-16,2.900652475805694e-17,0.0,0.0
two_level_commuting,m5_best,exact_ground,1,0.4,1.2973697638587785e-14,-1.0309476355400082e-13,17.3589273424777,-9.014949196934016e-17,-9.81307786677359e-17,-9.81307786677359e-17,0.0,7.981286698395736e-18,0.0,-9.81307786677359e-17,-9.014949196934016e-17,0.0,0.0
two_level_commuting,m5_best,real_q001,-1,-0.05,-1.809469825486808e-14,8.68477346547918e-14,17.3589273424777,-1.117348682389444e-19,-3.86143381251031e-16,-2.9439233600320774e-16,-4.440892098500626e-16,3.860316463827921e-16,-9.175104524782329e-17,1.4969687384685488e-16,4.439774749818237e-16,0.0,0.0
two_level_commuting,m5_best,real_q001,-1,-0.08,-1.809469825486808e-14,8.68477346547918e-14,17.3589273424777,-7.183922279660508e-19,1.4278151576806591e-16,2.4532694666933996e-16,6.661338147750939e-16,-1.4349990799603197e-16,-1.0254543090127405e-16,-4.2080686810575396e-16,-6.6685220700306e-16,0.0,0.0
two_level_commuting,m5_best,real_q001,-1,-0.12,-1.809469825486808e-14,8.68477346547918e-14,17.3589273424777,-3.49279068401399e-18,-3.8565313829319564e-16,-3.2710259555911977e-16,0.0,3.8216034760918167e-16,-5.855054273407587e-17,-3.2710259555911977e-16,-3.49279068401399e-18,2.1570415377137042e-32,1.353565135330732e-28
two_level_commuting,m5_best,real_q001,-1,-0.18,-1.809469825486808e-14,8.68477346547918e-14,17.3589273424777,-1.604120583505897e-17,-3.4225807519635667e-16,-3.2710259555911987e-16,-2.220446049250313e-16,3.262168693612977e-16,-1.51554796372368e-17,-1.0505799063408856e-16,2.0600339908997235e-16,0.0,0.0
two_level_commuting,m5_best,real_q001,-1,-0.27,-1.809469825486808e-14,8.68477346547918e-14,17.3589273424777,-6.251605352415178e-17,5.568122653873872e-17,1.4537893135960887e-16,0.0,-1.181972800628905e-16,-8.969770482087015e-17,1.4537893135960887e-16,-6.251605352415178e-17,0.0,0.0
two_level_commuting,m5_best,real_q001,-1,-0.4,-1.809469825486808e-14,8.68477346547918e-14,17.3589273424777,-1.0749595417859558e-16,-1.1569594148795874e-16,-9.813077866773593e-17,0.0,8.199987309363151e-18,-1.7565162820222804e-17,-9.813077866773593e-17,-1.0749595417859558e-16,0.0,0.0
two_level_commuting,m5_best,real_q001,1,0.05,-1.809469825486808e-14,8.68477346547918e-14,17.3589273424777,-1.117348682389444e-19,-3.8614338125103176e-16,-2.943923360032075e-16,-4.440892098500626e-16,3.8603164638279283e-16,-9.175104524782427e-17,1.4969687384685513e-16,4.439774749818237e-16,0.0,0.0
two_level_commuting,m5_best,real_q001,1,0.08,-1.809469825486808e-14,8.68477346547918e-14,17.3589273424777,-7.183922279660508e-19,1.4278151576806498e-16,2.4532694666933966e-16,6.661338147750939e-16,-1.4349990799603104e-16,-1.0254543090127469e-16,-4.2080686810575426e-16,-6.6685220700306e-16,0.0,0.0
two_level_commuting,m5_best,real_q001,1,0.12,-1.809469825486808e-14,8.68477346547918e-14,17.3589273424777,-3.49279068401399e-18,-3.8565313829319564e-16,-3.2710259555911977e-16,0.0,3.8216034760918167e-16,-5.855054273407587e-17,-3.2710259555911977e-16,-3.49279068401399e-18,2.1570415377137042e-32,1.353565135330732e-28
two_level_commuting,m5_best,real_q001,1,0.18,-1.809469825486808e-14,8.68477346547918e-14,17.3589273424777,-1.604120583505897e-17,-3.422580751963569e-16,-3.2710259555911977e-16,-2.220446049250313e-16,3.2621686936129795e-16,-1.5155479637237145e-17,-1.0505799063408846e-16,2.0600339908997235e-16,0.0,0.0
two_level_commuting,m5_best,real_q001,1,0.27,-1.809469825486808e-14,8.68477346547918e-14,17.3589273424777,-6.251605352415178e-17,5.568122653873881e-17,1.453789313596087e-16,0.0,-1.1819728006289058e-16,-8.969770482086989e-17,1.453789313596087e-16,-6.251605352415178e-17,2.465190328815662e-32,1.5469315832351221e-28
two_level_commuting,m5_best,real_q001,1,0.4,-1.809469825486808e-14,8.68477346547918e-14,17.3589273424777,-1.0749595417859558e-16,-1.1569594148795869e-16,-9.81307786677359e-17,0.0,8.199987309363102e-18,-1.756516282022279e-17,-9.81307786677359e-17,-1.0749595417859558e-16,0.0,0.0
two_level_commuting,two_term_center,complex_q001,-1,-0.05,-1.1309630883902176e-13,6.307870261503398e-13,17.3589273424777,-6.969958829602871e-19,-9.71445146547012e-16,-6.869154506741512e-16,-2.220446049250313e-15,9.707481506640517e-16,-2.8452969587286075e-16,1.5335305985761619e-15,2.219749053367353e-15,0.0,0.0
two_level_commuting,two_term_center,complex_q001,-1,-0.08,-1.1309630883902176e-13,6.307870261503398e-13,17.3589273424777,-4.467067775863176e-18,7.806255641895632e-16,1.2266347333466998e-16,0.0,-7.850926319654264e-16,6.579620908548933e-16,1.2266347333466998e-16,-4.467067775863176e-18,5.854827030937197e-32,3.673962510183415e-28
two_level_commuting,two_term_center,complex_q001,-1,-0.12,-1.1309630883902176e-13,6.307870261503398e-13,17.3589273424777,-2.156813063336705e-17,8.0953762212251e-16,9.813077866773596e-16,1.5543122344752192e-15,-8.311057527558771e-16,-1.7177016455484964e-16,-5.730044477978595e-16,-1.5758803651085861e-15,-1.9721522630525295e-31,1.2375452665880977e-27
two_level_commuting,two_term_center,complex_q001,-1,-0.18,-1.1309630883902176e-13,6.307870261503398e-13,17.3589273424777,-9.726951153713224e-17,-7.709882115452476e-17,2.1806839703941326e-16,4.440892098500626e-16,-2.0170690382607488e-17,-2.95167218193938e-16,-2.2602081281064936e-16,-5.413587213871949e-16,9.860761315262648e-32,6.1877263329404885e-28
two_level_commuting,two_term_center,complex_q001,-1,-0.27,-1.1309630883902176e-13,6.307870261503398e-13,17.3589273424777,-3.5666033653116526e-16,2.569960705150825e-17,-2.9075786271921755e-16,-4.440892098500626e-16,-3.823599435826735e-16,3.164574697707258e-16,1.5333134713084507e-16,8.742887331889735e-17,0.0,0.0
two_level_commuting,two_term_center,complex_q001,-1,-0.4,-1.1309630883902176e-13,6.307870261503398e-13,17.3589273424777,-3.1156184716716454e-16,-2.6020852139652106e-16,-2.943923360032078e-16,-4.440892098500626e-16,-5.1353325770643473e-17,3.418381460668672e-17,1.4969687384685483e-16,1.3252736268289808e-16,0.0,0.0
two_level_commuting,two_term_center,complex_q001,1,0.05,-1.1309630883902176e-13,6.307870261503398e-13,17.3589273424777,-6.969958829602871e-19,-5.551115123125783e-16,-6.869154506741517e-16,-2.220446049250313e-15,5.54414516429618e-16,1.3180393836157344e-16,1.5335305985761615e-15,2.219749053367353e-15,0.0,0.0
two_level_commuting,two_term_center,complex_q001,1,0.08,-1.1309630883902176e-13,6.307870261503398e-13,17.3589273424777,-4.467067775863176e-18,-5.204170427930421e-16,1.2266347333466998e-16,0.0,5.15949975017179e-16,-6.430805161277121e-16,1.2266347333466998e-16,-4.467067775863176e-18,5.854827030937197e-32,3.673962510183415e-28
two_level_commuting,two_term_center,complex_q001,1,0.12,-1.1309630883902176e-13,6.307870261503398e-13,17.3589273424777,-2.156813063336705e-17,1.214306433183765e-15,9.813077866773596e-16,1.5543122344752192e-15,-1.235874563817132e-15,2.329986465064053e-16,-5.730044477978595e-16,-1.5758803651085861e-15,0.0,0.0
two_level_commuting,two_term_center,complex_q001,1,0.18,-1.1309630883902176e-13,6.307870261503398e-13,17.3589273424777,-9.726951153713224e-17,4.625929269271486e-16,2.1806839703941319e-16,4.440892098500626e-16,-5.598624384642808e-16,2.445245298877354e-16,-2.260208128106494e-16,-5.413587213871949e-16,0.0,0.0
two_level_commuting,two_term_center,complex_q001,1,0.27,-1.1309630883902176e-13,6.307870261503398e-13,17.3589273424777,-3.5666033653116526e-16,-5.910909621846898e-16,-2.9075786271921755e-16,-4.440892098500626e-16,2.344306256535245e-16,-3.003330994654722e-16,1.5333134713084507e-16,8.742887331889735e-17,0.0,0.0
two_level_commuting,two_term_center,complex_q001,1,0.4,-1.1309630883902176e-13,6.307870261503398e-13,17.3589273424777,-3.1156184716716454e-16,-2.949029909160572e-16,-2.9439233600320783e-16,-4.440892098500626e-16,-1.665885625110733e-17,-5.106549128493715e-19,1.4969687384685478e-16,1.3252736268289808e-16,0.0,0.0
two_level_commuting,two_term_center,exact_ground,-1,-0.05,-4.252543979206797e-14,1.913999079488691e-13,17.3589273424777,-2.627933751387238e-19,-6.869154506741512e-16,-6.869154506741512e-16,-2.220446049250313e-15,6.866526572990125e-16,0.0,1.5335305985761619e-15,2.2201832558751744e-15,0.0,0.0
two_level_commuting,two_term_center,exact_ground,-1,-0.08,-4.252543979206797e-14,1.913999079488691e-13,17.3589273424777,-1.6916676764137555e-18,1.2266347333466998e-16,1.2266347333466998e-16,0.0,-1.2435514101108374e-16,0.0,1.2266347333466998e-16,-1.6916676764137555e-18,-1.925929944387236e-33,1.2085402994024393e-29
two_level_commuting,two_term_center,exact_ground,-1,-0.12,-4.252543979206797e-14,1.913999079488691e-13,17.3589273424777,-8.246558132546416e-18,9.813077866773596e-16,9.813077866773596e-16,1.5543122344752192e-15,-9.895543448099061e-16,0.0,-5.730044477978595e-16,-1.5625587926077656e-15,0.0,0.0
two_level_commuting,two_term_center,exact_ground,-1,-0.18,-4.252543979206797e-14,1.913999079488691e-13,17.3589273424777,-3.813156913338495e-17,2.1806839703941326e-16,2.1806839703941326e-16,4.440892098500626e-16,-2.5619996617279823e-16,0.0,-2.2602081281064936e-16,-4.822207789834475e-16,-9.860761315262648e-32,6.1877263329404885e-28
two_level_commuting,two_term_center,exact_ground,-1,-0.27,-4.252543979206797e-14,1.913999079488691e-13,17.3589273424777,-1.5184537655325809e-16,-2.9075786271921755e-16,-2.9075786271921755e-16,-4.440892098500626e-16,1.3891248616595946e-16,0.0,1.5333134713084507e-16,2.9224383329680453e-16,0.0,0.0
two_level_commuting,two_term_center,exact_ground,-1,-0.4,-4.252543979206797e-14,1.913999079488691e-13,17.3589273424777,-3.046772357183721e-16,-2.943923360032078e-16,-2.943923360032078e-16,-4.440892098500626e-16,-1.0284899715164313e-17,0.0,1.4969687384685483e-16,1.3941197413169052e-16,0.0,0.0
two_level_commuting,two_term_center,exact_ground,1,0.05,-4.252543979206797e-14,1.913999079488691e-13,17.3589273424777,-2.627933751387238e-19,-6.869154506741517e-16,-6.869154506741517e-16,-2.220446049250313e-15,6.86652657299013e-16,0.0,1.5335305985761615e-15,2.2201832558751744e-15,0.0,0.0
two_level_commuting,two_term_center,exact_ground,1,0.08,-4.252543979206797e-14,1.913999079488691e-13,17.3589273424777,-1.6916676764137555e-18,1.2266347333466998e-16,1.2266347333466998e-16,0.0,-1.2435514101108374e-16,0.0,1.2266347333466998e-16,-1.6916676764137555e-18,-1.925929944387236e-33,1.2085402994024393e-29
two_level_commuting,two_term_center,exact_ground,1,0.12,-4.252543979206797e-14,1.913999079488691e-13,17.3589273424777,-8.246558132546416e-18,9.813077866773596e-16,9.813077866773596e-16,1.5543122344752192e-15,-9.895543448099061e-16,0.0,-5.730044477978595e-16,-1.5625587926077656e-15,0.0,0.0
two_level_commuting,two_term_center,exact_ground,1,0.18,-4.252543979206797e-14,1.913999079488691e-13,17.3589273424777,-3.813156913338495e-17,2.1806839703941319e-16,2.1806839703941319e-16,4.440892098500626e-16,-2.5619996617279814e-16,0.0,-2.260208128106494e-16,-4.822207789834475e-16,0.0,0.0
two_level_commuting,two_term_center,exact_ground,1,0.27,-4.252543979206797e-14,1.913999079488691e-13,17.3589273424777,-1.5184537655325809e-16,-2.9075786271921755e-16,-2.9075786271921755e-16,-4.440892098500626e-16,1.3891248616595946e-16,0.0,1.5333134713084507e-16,2.9224383329680453e-16,0.0,0.0
two_level_commuting,two_term_center,exact_ground,1,0.4,-4.252543979206797e-14,1.913999079488691e-13,17.3589273424777,-3.046772357183721e-16,-2.9439233600320783e-16,-2.9439233600320783e-16,-4.440892098500626e-16,-1.0284899715164264e-17,0.0,1.4969687384685478e-16,1.3941197413169052e-16,0.0,0.0
two_level_commuting,two_term_center,real_q001,-1,-0.05,-6.300727092104036e-14,2.968182069023397e-13,17.3589273424777,-3.891576587736532e-19,-6.927049200542459e-16,-6.869154506741512e-16,-2.220446049250313e-15,6.923157623954722e-16,-5.789469380094699e-18,1.5335305985761619e-15,2.2200568915915393e-15,0.0,0.0
two_level_commuting,two_term_center,real_q001,-1,-0.08,-6.300727092104036e-14,2.968182069023397e-13,17.3589273424777,-2.502968704895606e-18,9.580048087600496e-17,1.2266347333466998e-16,0.0,-9.830344958090057e-17,-2.6862992458665018e-17,1.2266347333466998e-16,-2.502968704895606e-18,1.1170393677445968e-32,7.009533736534147e-29
two_level_commuting,two_term_center,real_q001,-1,-0.12,-6.300727092104036e-14,2.968182069023397e-13,17.3589273424777,-1.2178893281467851e-17,9.29135333621183e-16,9.813077866773596e-16,1.5543122344752192e-15,-9.413142269026508e-16,-5.217245305617669e-17,-5.730044477978595e-16,-1.566491127756687e-15,0.0,0.0
two_level_commuting,two_term_center,real_q001,-1,-0.18,-6.300727092104036e-14,2.968182069023397e-13,17.3589273424777,-5.60470653816306e-17,2.571020921954639e-16,2.1806839703941326e-16,4.440892098500626e-16,-3.131491575770945e-16,3.903369515605063e-17,-2.2602081281064936e-16,-5.001362752316932e-16,0.0,0.0
two_level_commuting,two_term_center,real_q001,-1,-0.27,-6.300727092104036e-14,2.968182069023397e-13,17.3589273424777,-2.1985301579327851e-16,-3.7173283165851094e-16,-2.9075786271921755e-16,-4.440892098500626e-16,1.5187981586523243e-16,-8.097496893929339e-17,1.5333134713084507e-16,2.2423619405678413e-16,0.0,0.0
two_level_commuting,two_term_center,real_q001,-1,-0.4,-6.300727092104036e-14,2.968182069023397e-13,17.3589273424777,-3.9721876010664946e-16,-3.8614338125103107e-16,-2.943923360032078e-16,-4.440892098500626e-16,-1.1075378855618386e-17,-9.175104524782329e-17,1.4969687384685483e-16,4.687044974341316e-17,0.0,0.0
two_level_commuting,two_term_center,real_q001,1,0.05,-6.300727092104036e-14,2.968182069023397e-13,17.3589273424777,-3.891576587736532e-19,-6.927049200542456e-16,-6.869154506741517e-16,-2.220446049250313e-15,6.923157623954719e-16,-5.78946938009391e-18,1.5335305985761615e-15,2.2200568915915393e-15,0.0,0.0
two_level_commuting,two_term_center,real_q001,1,0.08,-6.300727092104036e-14,2.968182069023397e-13,17.3589273424777,-2.502968704895606e-18,9.580048087600435e-17,1.2266347333466998e-16,0.0,-9.830344958089995e-17,-2.6862992458665634e-17,1.2266347333466998e-16,-2.502968704895606e-18,1.1170393677445968e-32,7.009533736534147e-29
two_level_commuting,two_term_center,real_q001,1,0.12,-6.300727092104036e-14,2.968182069023397e-13,17.3589273424777,-1.2178893281467851e-17,9.291353336211828e-16,9.813077866773596e-16,1.5543122344752192e-15,-9.413142269026506e-16,-5.2172453056176885e-17,-5.730044477978595e-16,-1.566491127756687e-15,0.0,0.0
two_level_commuting,two_term_center,real_q001,1,0.18,-6.300727092104036e-14,2.968182069023397e-13,17.3589273424777,-5.60470653816306e-17,2.571020921954639e-16,2.1806839703941319e-16,4.440892098500626e-16,-3.131491575770945e-16,3.9033695156050705e-17,-2.260208128106494e-16,-5.001362752316932e-16,0.0,0.0
two_level_commuting,two_term_center,real_q001,1,0.27,-6.300727092104036e-14,2.968182069023397e-13,17.3589273424777,-2.1985301579327851e-16,-3.7173283165851094e-16,-2.9075786271921755e-16,-4.440892098500626e-16,1.5187981586523243e-16,-8.097496893929339e-17,1.5333134713084507e-16,2.2423619405678413e-16,0.0,0.0
two_level_commuting,two_term_center,real_q001,1,0.4,-6.300727092104036e-14,2.968182069023397e-13,17.3589273424777,-3.9721876010664946e-16,-3.861433812510311e-16,-2.9439233600320783e-16,-4.440892098500626e-16,-1.1075378855618337e-17,-9.175104524782329e-17,1.4969687384685478e-16,4.687044974341316e-17,0.0,0.0
two_level_commuting,yoshida4,complex_q001,-1,-0.05,-1.543917520035256e-13,1.0805082307608753e-12,17.3589273424777,-9.480655089163965e-19,-0.0,-1.96261557335472e-16,2.220446049250313e-16,-9.480655089163965e-19,1.96261557335472e-16,-4.183061622605033e-16,-2.229926704339477e-16,0.0,0.0
two_level_commuting,yoshida4,complex_q001,-1,-0.08,-1.543917520035256e-13,1.0805082307608753e-12,17.3589273424777,-6.04063741241983e-18,-0.0,-1.2266347333466998e-16,0.0,-6.04063741241983e-18,1.2266347333466998e-16,-1.2266347333466998e-16,-6.04063741241983e-18,1.5407439555097887e-33,9.668322395219513e-30
two_level_commuting,yoshida4,complex_q001,-1,-0.12,-1.543917520035256e-13,1.0805082307608753e-12,17.3589273424777,-2.878829340653078e-17,-4.625929269271486e-16,-4.0887824444889957e-16,-4.440892098500626e-16,4.338046335206178e-16,-5.371468247824902e-17,3.5210965401163043e-17,4.1530091644353183e-16,0.0,0.0
two_level_commuting,yoshida4,complex_q001,-1,-0.18,-1.543917520035256e-13,1.0805082307608753e-12,17.3589273424777,-1.2532379760473843e-16,-3.854941057726238e-16,-3.271025955591197e-16,-4.440892098500626e-16,2.601703081678854e-16,-5.839151021350409e-17,1.169866142909429e-16,3.187654122453242e-16,0.0,0.0
two_level_commuting,yoshida4,complex_q001,-1,-0.27,-1.543917520035256e-13,1.0805082307608753e-12,17.3589273424777,-4.0189004363515324e-16,7.709882115452476e-17,-1.453789313596087e-16,0.0,-4.78988864789678e-16,2.2247775251413346e-16,-1.453789313596087e-16,-4.0189004363515324e-16,4.930380657631324e-32,3.0938631664702443e-28
two_level_commuting,yoshida4,complex_q001,-1,-0.4,-1.543917520035256e-13,1.0805082307608753e-12,17.3589273424777,4.733328619062915e-16,5.204170427930421e-16,4.906538933386797e-16,4.440892098500626e-16,-4.708418088675066e-17,2.9763149454362404e-17,4.656468348861711e-17,2.924365205622885e-17,0.0,0.0
two_level_commuting,yoshida4,complex_q001,1,0.05,-1.543917520035256e-13,1.0805082307608753e-12,17.3589273424777,-9.480655089163965e-19,-2.7755575615628914e-16,-1.96261557335472e-16,2.220446049250313e-16,2.7660769064737273e-16,-8.129419882081715e-17,-4.183061622605033e-16,-2.229926704339477e-16,0.0,0.0
two_level_commuting,yoshida4,complex_q001,1,0.08,-1.543917520035256e-13,1.0805082307608753e-12,17.3589273424777,-6.04063741241983e-18,-3.469446951953614e-16,-1.2266347333466998e-16,0.0,3.4090405778294157e-16,-2.2428122186069144e-16,-1.2266347333466998e-16,-6.04063741241983e-18,-2.311115933264683e-32,1.450248359282927e-28
two_level_commuting,yoshida4,complex_q001,1,0.12,-1.543917520035256e-13,1.0805082307608753e-12,17.3589273424777,-2.878829340653078e-17,-3.469446951953614e-16,-4.0887824444889987e-16,-4.440892098500626e-16,3.1815640178883064e-16,6.193354925353845e-17,3.521096540116275e-17,4.1530091644353183e-16,0.0,0.0
two_level_commuting,yoshida4,complex_q001,1,0.18,-1.543917520035256e-13,1.0805082307608753e-12,17.3589273424777,-1.2532379760473843e-16,-2.698458740408367e-16,-3.2710259555911987e-16,-4.440892098500626e-16,1.4452207643609825e-16,5.725672151828318e-17,1.1698661429094275e-16,3.187654122453242e-16,0.0,0.0
two_level_commuting,yoshida4,complex_q001,1,0.27,-1.543917520035256e-13,1.0805082307608753e-12,17.3589273424777,-4.0189004363515324e-16,-3.3409489166960727e-16,-1.453789313596087e-16,0.0,-6.779515196554597e-17,-1.8871596030999857e-16,-1.453789313596087e-16,-4.0189004363515324e-16,4.930380657631324e-32,3.0938631664702443e-28
two_level_commuting,yoshida4,complex_q001,1,0.4,-1.543917520035256e-13,1.0805082307608753e-12,17.3589273424777,4.733328619062915e-16,4.683753385137379e-16,4.906538933386797e-16,4.440892098500626e-16,4.957523392553553e-18,-2.227855482494181e-17,4.656468348861711e-17,2.924365205622885e-17,0.0,0.0
two_level_commuting,yoshida4,exact_ground,-1,-0.05,-1.0071984153713831e-13,7.51000108911861e-13,17.3589273424777,-6.177646329053668e-19,-1.96261557335472e-16,-1.96261557335472e-16,2.220446049250313e-16,1.9564379270256663e-16,0.0,-4.183061622605033e-16,-2.2266236955793667e-16,0.0,0.0
two_level_commuting,yoshida4,exact_ground,-1,-0.08,-1.0071984153713831e-13,7.51000108911861e-13,17.3589273424777,-3.928614536810594e-18,-1.2266347333466998e-16,-1.2266347333466998e-16,0.0,1.1873485879785937e-16,0.0,-1.2266347333466998e-16,-3.928614536810594e-18,-1.232595164407831e-32,7.734657916175611e-29
two_level_commuting,yoshida4,exact_ground,-1,-0.12,-1.0071984153713831e-13,7.51000108911861e-13,17.3589273424777,-1.8642792031931923e-17,-4.0887824444889957e-16,-4.0887824444889957e-16,-4.440892098500626e-16,3.9023545241696764e-16,0.0,3.5210965401163043e-17,4.254464178181307e-16,0.0,0.0
two_level_commuting,yoshida4,exact_ground,-1,-0.18,-1.0071984153713831e-13,7.51000108911861e-13,17.3589273424777,-8.018847692369168e-17,-3.271025955591197e-16,-3.271025955591197e-16,-4.440892098500626e-16,2.4691411863542806e-16,0.0,1.169866142909429e-16,3.6390073292637096e-16,0.0,0.0
two_level_commuting,yoshida4,exact_ground,-1,-0.27,-1.0071984153713831e-13,7.51000108911861e-13,17.3589273424777,-2.4431370362969673e-16,-1.453789313596087e-16,-1.453789313596087e-16,0.0,-9.893477227008803e-17,0.0,-1.453789313596087e-16,-2.4431370362969673e-16,0.0,0.0
two_level_commuting,yoshida4,exact_ground,-1,-0.4,-1.0071984153713831e-13,7.51000108911861e-13,17.3589273424777,4.976685027522425e-16,4.906538933386797e-16,4.906538933386797e-16,4.440892098500626e-16,7.014609413562822e-18,0.0,4.656468348861711e-17,5.357929290217993e-17,0.0,0.0
two_level_commuting,yoshida4,exact_ground,1,0.05,-1.0071984153713831e-13,7.51000108911861e-13,17.3589273424777,-6.177646329053668e-19,-1.96261557335472e-16,-1.96261557335472e-16,2.220446049250313e-16,1.9564379270256663e-16,0.0,-4.183061622605033e-16,-2.2266236955793667e-16,0.0,0.0
two_level_commuting,yoshida4,exact_ground,1,0.08,-1.0071984153713831e-13,7.51000108911861e-13,17.3589273424777,-3.928614536810594e-18,-1.2266347333466998e-16,-1.2266347333466998e-16,0.0,1.1873485879785937e-16,0.0,-1.2266347333466998e-16,-3.928614536810594e-18,-1.232595164407831e-32,7.734657916175611e-29
two_level_commuting,yoshida4,exact_ground,1,0.12,-1.0071984153713831e-13,7.51000108911861e-13,17.3589273424777,-1.8642792031931923e-17,-4.0887824444889987e-16,-4.0887824444889987e-16,-4.440892098500626e-16,3.9023545241696794e-16,0.0,3.521096540116275e-17,4.254464178181307e-16,0.0,0.0
two_level_commuting,yoshida4,exact_ground,1,0.18,-1.0071984153713831e-13,7.51000108911861e-13,17.3589273424777,-8.018847692369168e-17,-3.2710259555911987e-16,-3.2710259555911987e-16,-4.440892098500626e-16,2.4691411863542816e-16,0.0,1.1698661429094275e-16,3.6390073292637096e-16,-4.930380657631324e-32,3.0938631664702443e-28
two_level_commuting,yoshida4,exact_ground,1,0.27,-1.0071984153713831e-13,7.51000108911861e-13,17.3589273424777,-2.4431370362969673e-16,-1.453789313596087e-16,-1.453789313596087e-16,0.0,-9.893477227008803e-17,0.0,-1.453789313596087e-16,-2.4431370362969673e-16,0.0,0.0
two_level_commuting,yoshida4,exact_ground,1,0.4,-1.0071984153713831e-13,7.51000108911861e-13,17.3589273424777,4.976685027522425e-16,4.906538933386797e-16,4.906538933386797e-16,4.440892098500626e-16,7.014609413562822e-18,0.0,4.656468348861711e-17,5.357929290217993e-17,0.0,0.0
two_level_commuting,yoshida4,real_q001,-1,-0.05,-1.5285520879540645e-13,1.0788870199056024e-12,17.3589273424777,-9.384874452852655e-19,-1.9233632618876216e-16,-1.96261557335472e-16,2.220446049250313e-16,1.913978387434769e-16,3.925231146709824e-18,-4.183061622605033e-16,-2.2298309237031655e-16,0.0,0.0
two_level_commuting,yoshida4,real_q001,-1,-0.08,-1.5285520879540645e-13,1.0788870199056024e-12,17.3589273424777,-5.9781255933137144e-18,-1.4461992685994835e-16,-1.2266347333466998e-16,0.0,1.3864180126663463e-16,-2.1956453525278366e-17,-1.2266347333466998e-16,-5.9781255933137144e-18,-3.851859888774472e-33,2.4170805988048785e-29
two_level_commuting,yoshida4,real_q001,-1,-0.12,-1.5285520879540645e-13,1.0788870199056024e-12,17.3589273424777,-2.8474516716569666e-17,-4.1697382822123625e-16,-4.0887824444889957e-16,-4.440892098500626e-16,3.8849931150466656e-16,-8.095583772336675e-18,3.5210965401163043e-17,4.1561469313349293e-16,0.0,0.0
two_level_commuting,yoshida4,real_q001,-1,-0.18,-1.5285520879540645e-13,1.0788870199056024e-12,17.3589273424777,-1.2376593699334405e-16,-2.988630120995181e-16,-3.271025955591197e-16,-4.440892098500626e-16,1.7509707510617403e-16,2.823958345960163e-17,1.169866142909429e-16,3.2032327285671856e-16,0.0,0.0
two_level_commuting,yoshida4,real_q001,-1,-0.27,-1.5285520879540645e-13,1.0788870199056024e-12,17.3589273424777,-3.943523133468149e-16,-3.1605160511977205e-16,-1.453789313596087e-16,0.0,-7.830070822704284e-17,-1.7067267376016335e-16,-1.453789313596087e-16,-3.943523133468149e-16,4.930380657631324e-32,3.0938631664702443e-28
two_level_commuting,yoshida4,real_q001,-1,-0.4,-1.5285520879540645e-13,1.0788870199056024e-12,17.3589273424777,5.060278883709427e-16,5.003685938654835e-16,4.906538933386797e-16,4.440892098500626e-16,5.659294505459259e-18,9.714700526803734e-18,4.656468348861711e-17,6.19386785208801e-17,0.0,0.0
two_level_commuting,yoshida4,real_q001,1,0.05,-1.5285520879540645e-13,1.0788870199056024e-12,17.3589273424777,-9.384874452852655e-19,-1.9233632618876266e-16,-1.96261557335472e-16,2.220446049250313e-16,1.9139783874347739e-16,3.925231146709331e-18,-4.183061622605033e-16,-2.2298309237031655e-16,0.0,0.0
two_level_commuting,yoshida4,real_q001,1,0.08,-1.5285520879540645e-13,1.0788870199056024e-12,17.3589273424777,-5.9781255933137144e-18,-1.4461992685994835e-16,-1.2266347333466998e-16,0.0,1.3864180126663463e-16,-2.1956453525278366e-17,-1.2266347333466998e-16,-5.9781255933137144e-18,-3.851859888774472e-33,2.4170805988048785e-29
two_level_commuting,yoshida4,real_q001,1,0.12,-1.5285520879540645e-13,1.0788870199056024e-12,17.3589273424777,-2.8474516716569666e-17,-4.1697382822123615e-16,-4.0887824444889987e-16,-4.440892098500626e-16,3.8849931150466646e-16,-8.095583772336281e-18,3.521096540116275e-17,4.1561469313349293e-16,0.0,0.0
two_level_commuting,yoshida4,real_q001,1,0.18,-1.5285520879540645e-13,1.0788870199056024e-12,17.3589273424777,-1.2376593699334405e-16,-2.988630120995179e-16,-3.2710259555911987e-16,-4.440892098500626e-16,1.7509707510617383e-16,2.8239583459601977e-17,1.1698661429094275e-16,3.2032327285671856e-16,0.0,0.0
two_level_commuting,yoshida4,real_q001,1,0.27,-1.5285520879540645e-13,1.0788870199056024e-12,17.3589273424777,-3.943523133468149e-16,-3.1605160511977214e-16,-1.453789313596087e-16,0.0,-7.830070822704274e-17,-1.7067267376016344e-16,-1.453789313596087e-16,-3.943523133468149e-16,4.930380657631324e-32,3.0938631664702443e-28
two_level_commuting,yoshida4,real_q001,1,0.4,-1.5285520879540645e-13,1.0788870199056024e-12,17.3589273424777,5.060278883709427e-16,5.003685938654836e-16,4.906538933386797e-16,4.440892098500626e-16,5.65929450545916e-18,9.714700526803833e-18,4.656468348861711e-17,6.19386785208801e-17,0.0,0.0
two_level_noncommuting,current_m3,complex_q001,-1,-0.05,-0.0010911544505183015,-0.001229238975307238,17.3589273424777,-6.838922174728561e-09,-5.411992520798492e-09,-5.855478282720604e-09,-5.855478102390066e-09,-1.4269296539300691e-09,4.4348576192211237e-10,-1.8033053845230481e-16,-9.834440723384952e-10,0.0,0.0
two_level_noncommuting,current_m3,complex_q001,-1,-0.08,-0.0010911544505183015,-0.001229238975307238,17.3589273424777,-4.501592391517257e-08,-3.417142489109404e-08,-3.835477240630936e-08,-3.8354780240723585e-08,-1.084449902407853e-08,4.183347515215321e-09,7.834414226523142e-15,-6.6611436744489835e-09,0.0,0.0
two_level_noncommuting,current_m3,complex_q001,-1,-0.12,-0.0010911544505183015,-0.001229238975307238,17.3589273424777,-2.2993227477191877e-07,-1.642390575970487e-07,-1.939665151629371e-07,-1.939667220174357e-07,-6.569321717487006e-08,2.9727457565888394e-08,2.0685449859588216e-13,-3.5965552754483066e-08,0.0,0.0
two_level_noncommuting,current_m3,complex_q001,-1,-0.18,-0.0010911544505183015,-0.001229238975307238,17.3589273424777,-1.1872594473537722e-06,-7.653469216794489e-07,-9.796244470477593e-07,-9.796296680519845e-07,-4.219125256743233e-07,2.1427752536831037e-07,5.221004225198882e-12,-2.0762977930178773e-07,0.0,0.0
two_level_noncommuting,current_m3,complex_q001,-1,-0.27,-0.0010911544505183015,-0.001229238975307238,17.3589273424777,-6.275074488290357e-06,-3.38275487436294e-06,-4.932763062200506e-06,-4.932891858100419e-06,-2.892319613927417e-06,1.5500081878375658e-06,1.287958999129609e-10,-1.3421826301899382e-06,0.0,0.0
two_level_noncommuting,current_m3,complex_q001,-1,-0.4,-0.0010911544505183015,-0.001229238975307238,17.3589273424777,-3.296851677612697e-05,-1.3063853197669423e-05,-2.3485545040244725e-05,-2.3488287388850893e-05,-1.9904663578457548e-05,1.0421691842575302e-05,2.742348606167989e-09,-9.480229387276078e-06,0.0,0.0
two_level_noncommuting,current_m3,complex_q001,1,0.05,-0.0010911544505183015,-0.001229238975307238,17.3589273424777,-6.838922174728561e-09,-6.064744956235657e-09,-5.8554782827206036e-09,-5.855478102390066e-09,-7.741772184929041e-10,-2.0926667351505345e-10,-1.803305376251242e-16,-9.834440723384952e-10,0.0,0.0
two_level_noncommuting,current_m3,complex_q001,1,0.08,-0.0010911544505183015,-0.001229238975307238,17.3589273424777,-4.501592391517257e-08,-4.1003929071581346e-08,-3.835477240630936e-08,-3.8354780240723585e-08,-4.011994843591222e-09,-2.649156665271988e-09,7.834414226523142e-15,-6.6611436744489835e-09,0.0,0.0
two_level_noncommuting,current_m3,complex_q001,1,0.12,-0.0010911544505183015,-0.001229238975307238,17.3589273424777,-2.2993227477191877e-07,-2.159353122814974e-07,-1.9396651516293705e-07,-1.939667220174357e-07,-1.3996962490421367e-08,-2.1968797118560348e-08,2.0685449864882172e-13,-3.5965552754483066e-08,0.0,0.0
two_level_noncommuting,current_m3,complex_q001,1,0.18,-0.0010911544505183015,-0.001229238975307238,17.3589273424777,-1.1872594473537722e-06,-1.1547169944762607e-06,-9.796244470477595e-07,-9.796296680519845e-07,-3.254245287751147e-08,-1.7509254742850125e-07,5.2210042249871235e-12,-2.0762977930178773e-07,0.0,0.0
two_level_noncommuting,current_m3,complex_q001,1,0.27,-0.0010911544505183015,-0.001229238975307238,17.3589273424777,-6.275074488290357e-06,-6.28546072761543e-06,-4.932763062200505e-06,-4.932891858100419e-06,1.0386239325073131e-08,-1.3526976654149251e-06,1.2879589991380793e-10,-1.3421826301899382e-06,0.0,0.0
two_level_noncommuting,current_m3,complex_q001,1,0.4,-0.0010911544505183015,-0.001229238975307238,17.3589273424777,-3.296851677612697e-05,-3.296781508125429e-05,-2.3485545040244714e-05,-2.3488287388850893e-05,-7.016948726779851e-10,-9.482270041009578e-06,2.7423486061781534e-09,-9.480229387276078e-06,0.0,0.0
two_level_noncommuting,current_m3,exact_ground,-1,-0.05,-0.0009372096859823898,0.0001237848383366684,17.3589273424777,-5.855626399290926e-09,-5.855478282720604e-09,-5.855478282720604e-09,-5.855478102390066e-09,-1.4811657032197377e-13,0.0,-1.8033053845230481e-16,-1.4829690086042608e-13,0.0,0.0
two_level_noncommuting,current_m3,exact_ground,-1,-0.08,-0.0009372096859823898,0.0001237848383366684,17.3589273424777,-3.835565928517776e-08,-3.835477240630936e-08,-3.835477240630936e-08,-3.8354780240723585e-08,-8.868788684005254e-13,0.0,7.834414226523142e-15,-8.790444541740022e-13,0.0,0.0
two_level_noncommuting,current_m3,exact_ground,-1,-0.12,-0.0009372096859823898,0.0001237848383366684,17.3589273424777,-1.9397018093859244e-07,-1.939665151629371e-07,-1.939665151629371e-07,-1.939667220174357e-07,-3.665775655340609e-12,0.0,2.0685449859588216e-13,-3.4589211567447267e-12,0.0,0.0
two_level_noncommuting,current_m3,exact_ground,-1,-0.18,-0.0009372096859823898,0.0001237848383366684,17.3589273424777,-9.796350423075627e-07,-9.796244470477593e-07,-9.796244470477593e-07,-9.796296680519845e-07,-1.0595259803427066e-11,0.0,5.221004225198882e-12,-5.374255578228184e-12,0.0,0.0
two_level_noncommuting,current_m3,exact_ground,-1,-0.27,-0.0009372096859823898,0.0001237848383366684,17.3589273424777,-4.932759744682495e-06,-4.932763062200506e-06,-4.932763062200506e-06,-4.932891858100419e-06,3.317518010690246e-12,0.0,1.287958999129609e-10,1.3211341792365114e-10,0.0,0.0
two_level_noncommuting,current_m3,exact_ground,-1,-0.4,-0.0009372096859823898,0.0001237848383366684,17.3589273424777,-2.3485545263322188e-05,-2.3485545040244725e-05,-2.3485545040244725e-05,-2.3488287388850893e-05,-2.2307746334838605e-13,0.0,2.742348606167989e-09,2.7421255287046406e-09,0.0,0.0
two_level_noncommuting,current_m3,exact_ground,1,0.05,-0.0009372096859823898,0.0001237848383366684,17.3589273424777,-5.855626399290926e-09,-5.8554782827206036e-09,-5.8554782827206036e-09,-5.855478102390066e-09,-1.4811657032280095e-13,0.0,-1.803305376251242e-16,-1.4829690086042608e-13,0.0,0.0
two_level_noncommuting,current_m3,exact_ground,1,0.08,-0.0009372096859823898,0.0001237848383366684,17.3589273424777,-3.835565928517776e-08,-3.835477240630936e-08,-3.835477240630936e-08,-3.8354780240723585e-08,-8.868788684005254e-13,0.0,7.834414226523142e-15,-8.790444541740022e-13,0.0,0.0
two_level_noncommuting,current_m3,exact_ground,1,0.12,-0.0009372096859823898,0.0001237848383366684,17.3589273424777,-1.9397018093859244e-07,-1.9396651516293705e-07,-1.9396651516293705e-07,-1.939667220174357e-07,-3.6657756553935485e-12,0.0,2.0685449864882172e-13,-3.4589211567447267e-12,0.0,0.0
two_level_noncommuting,current_m3,exact_ground,1,0.18,-0.0009372096859823898,0.0001237848383366684,17.3589273424777,-9.796350423075627e-07,-9.796244470477595e-07,-9.796244470477595e-07,-9.796296680519845e-07,-1.0595259803215307e-11,0.0,5.2210042249871235e-12,-5.374255578228184e-12,0.0,0.0
two_level_noncommuting,current_m3,exact_ground,1,0.27,-0.0009372096859823898,0.0001237848383366684,17.3589273424777,-4.932759744682495e-06,-4.932763062200505e-06,-4.932763062200505e-06,-4.932891858100419e-06,3.3175180098432133e-12,0.0,1.2879589991380793e-10,1.3211341792365114e-10,0.0,0.0
two_level_noncommuting,current_m3,exact_ground,1,0.4,-0.0009372096859823898,0.0001237848383366684,17.3589273424777,-2.3485545263322188e-05,-2.3485545040244714e-05,-2.3485545040244714e-05,-2.3488287388850893e-05,-2.2307747351278141e-13,0.0,2.7423486061781534e-09,2.7421255287046406e-09,0.0,0.0
two_level_noncommuting,current_m3,real_q001,-1,-0.05,-0.00018147548961686434,-0.0006579975748414631,17.3589273424777,-1.1445030222123e-09,-1.130408340034007e-09,-5.855478282720604e-09,-5.855478102390066e-09,-1.4094682178293147e-11,4.725069942686598e-09,-1.8033053845230481e-16,4.710975080177766e-09,0.0,0.0
two_level_noncommuting,current_m3,real_q001,-1,-0.08,-0.00018147548961686434,-0.0006579975748414631,17.3589273424777,-7.605726170966004e-09,-7.520934780979452e-09,-3.835477240630936e-08,-3.8354780240723585e-08,-8.479138998655197e-11,3.083383762532991e-08,7.834414226523142e-15,3.074905406975758e-08,0.0,0.0
two_level_noncommuting,current_m3,real_q001,-1,-0.12,-0.00018147548961686434,-0.0006579975748414631,17.3589273424777,-3.959552775746839e-08,-3.9240639452545604e-08,-1.939665151629371e-07,-1.939667220174357e-07,-3.5488830492278476e-10,1.547258757103915e-07,2.0685449859588216e-13,1.5437119425996732e-07,0.0,0.0
two_level_noncommuting,current_m3,real_q001,-1,-0.18,-0.00018147548961686434,-0.0006579975748414631,17.3589273424777,-2.1288567088716408e-07,-2.1182828675053074e-07,-9.796244470477593e-07,-9.796296680519845e-07,-1.057384136633347e-09,7.677961602972285e-07,5.221004225198882e-12,7.667439971648204e-07,0.0,0.0
two_level_noncommuting,current_m3,real_q001,-1,-0.27,-0.00018147548961686434,-0.0006579975748414631,17.3589273424777,-1.219356898980654e-06,-1.2196872140606568e-06,-4.932763062200506e-06,-4.932891858100419e-06,3.3031508000287875e-10,3.713075848139849e-06,1.287958999129609e-10,3.713534959119765e-06,0.0,0.0
two_level_noncommuting,current_m3,real_q001,-1,-0.4,-0.00018147548961686434,-0.0006579975748414631,17.3589273424777,-7.340930600742361e-06,-7.34090840232802e-06,-2.3485545040244725e-05,-2.3488287388850893e-05,-2.2198414340832444e-11,1.6144636637916704e-05,2.742348606167989e-09,1.614735678810853e-05,0.0,0.0
two_level_noncommuting,current_m3,real_q001,1,0.05,-0.00018147548961686434,-0.0006579975748414631,17.3589273424777,-1.1445030222123e-09,-1.1304083400340071e-09,-5.8554782827206036e-09,-5.855478102390066e-09,-1.409468217829294e-11,4.725069942686596e-09,-1.803305376251242e-16,4.710975080177766e-09,0.0,0.0
two_level_noncommuting,current_m3,real_q001,1,0.08,-0.00018147548961686434,-0.0006579975748414631,17.3589273424777,-7.605726170966004e-09,-7.520934780979457e-09,-3.835477240630936e-08,-3.8354780240723585e-08,-8.4791389986547e-11,3.08338376253299e-08,7.834414226523142e-15,3.074905406975758e-08,0.0,0.0
two_level_noncommuting,current_m3,real_q001,1,0.12,-0.00018147548961686434,-0.0006579975748414631,17.3589273424777,-3.959552775746839e-08,-3.924063945254558e-08,-1.9396651516293705e-07,-1.939667220174357e-07,-3.5488830492281123e-10,1.5472587571039147e-07,2.0685449864882172e-13,1.5437119425996732e-07,0.0,0.0
two_level_noncommuting,current_m3,real_q001,1,0.18,-0.00018147548961686434,-0.0006579975748414631,17.3589273424777,-2.1288567088716408e-07,-2.118282867505308e-07,-9.796244470477595e-07,-9.796296680519845e-07,-1.057384136633294e-09,7.677961602972287e-07,5.2210042249871235e-12,7.667439971648204e-07,0.0,0.0
two_level_noncommuting,current_m3,real_q001,1,0.27,-0.00018147548961686434,-0.0006579975748414631,17.3589273424777,-1.219356898980654e-06,-1.219687214060656e-06,-4.932763062200505e-06,-4.932891858100419e-06,3.303150800020317e-10,3.713075848139849e-06,1.2879589991380793e-10,3.713534959119765e-06,0.0,0.0
two_level_noncommuting,current_m3,real_q001,1,0.4,-0.00018147548961686434,-0.0006579975748414631,17.3589273424777,-7.340930600742361e-06,-7.340908402328025e-06,-2.3485545040244714e-05,-2.3488287388850893e-05,-2.219841433659728e-11,1.614463663791669e-05,2.7423486061781534e-09,1.614735678810853e-05,0.0,0.0
two_level_noncommuting,m5_best,complex_q001,-1,-0.05,-0.00016639143756552087,-0.0006630389724248829,17.3589273424777,-1.0503064687286446e-09,-3.4167654816563697e-10,-5.142170559123767e-10,-5.142173353789303e-10,-7.086299205630076e-10,1.7254050774673975e-10,2.794665536076467e-16,-5.360891333497142e-10,0.0,0.0
two_level_noncommuting,m5_best,complex_q001,-1,-0.08,-0.00016639143756552087,-0.0006630389724248829,17.3589273424777,-6.989204971071083e-09,-1.602098748804126e-09,-3.3679519745116656e-09,-3.3679536937114563e-09,-5.387106222266957e-09,1.7658532257075395e-09,1.7191997906559142e-15,-3.621251277359627e-09,0.0,0.0
two_level_noncommuting,m5_best,complex_q001,-1,-0.12,-0.00016639143756552087,-0.0006630389724248829,17.3589273424777,-3.6482752256623544e-08,-3.8355746241151385e-09,-1.7029265739099858e-08,-1.702931751168535e-08,-3.264717763250841e-08,1.3193691114984719e-08,5.1772585490772e-14,-1.9453434744938195e-08,-3.308722450212111e-24,2.0762564247326098e-20
two_level_noncommuting,m5_best,complex_q001,-1,-0.18,-0.00016639143756552087,-0.0006630389724248829,17.3589273424777,-1.972225055496261e-07,1.2589332045978255e-08,-8.597060316700915e-08,-8.597189515846537e-08,-2.0981183759560436e-07,9.855993521298741e-08,1.29199145621846e-12,-1.1125061039116072e-07,-1.3234889800848443e-23,8.305025698930439e-20
two_level_noncommuting,m5_best,complex_q001,-1,-0.27,-0.00016639143756552087,-0.0006630389724248829,17.3589273424777,-1.1411472026354857e-06,2.986567819183737e-07,-4.324688406811495e-07,-4.3250075631995344e-07,-1.4398039845538594e-06,7.311256225995232e-07,3.19156388039188e-11,-7.086464463155323e-07,0.0,0.0
two_level_noncommuting,m5_best,complex_q001,-1,-0.4,-0.00016639143756552087,-0.0006630389724248829,17.3589273424777,-6.975428432729657e-06,2.948862285450521e-06,-2.054193015529671e-06,-2.054874754131575e-06,-9.924290718180178e-06,5.003055300980191e-06,6.817386019040293e-10,-4.920553678598082e-06,0.0,0.0
two_level_noncommuting,m5_best,complex_q001,1,0.05,-0.00016639143756552087,-0.0006630389724248829,17.3589273424777,-1.0503064687286446e-09,-6.661886320369348e-10,-5.142170559123765e-10,-5.142173353789303e-10,-3.8411783669170976e-10,-1.5197157612455828e-10,2.7946655381444186e-16,-5.360891333497142e-10,0.0,0.0
two_level_noncommuting,m5_best,complex_q001,1,0.08,-0.00016639143756552087,-0.0006630389724248829,17.3589273424777,-6.989204971071083e-09,-4.999087342000275e-09,-3.3679519745116722e-09,-3.3679536937114563e-09,-1.9901176290708087e-09,-1.6311353674886024e-09,1.7191997840384693e-15,-3.621251277359627e-09,0.0,0.0
two_level_noncommuting,m5_best,complex_q001,1,0.12,-0.00016639143756552087,-0.0006630389724248829,17.3589273424777,-3.6482752256623544e-08,-2.9541786262613872e-08,-1.7029265739099895e-08,-1.702931751168535e-08,-6.940965994009672e-09,-1.2512520523513977e-08,5.1772585454376054e-14,-1.9453434744938195e-08,0.0,0.0
two_level_noncommuting,m5_best,complex_q001,1,0.18,-0.00016639143756552087,-0.0006630389724248829,17.3589273424777,-1.972225055496261e-07,-1.8109171427076958e-07,-8.59706031670093e-08,-8.597189515846537e-08,-1.6130791278856518e-08,-9.512111110376028e-08,1.2919914560728762e-12,-1.1125061039116072e-07,0.0,0.0
two_level_noncommuting,m5_best,complex_q001,1,0.27,-0.00016639143756552087,-0.0006630389724248829,17.3589273424777,-1.1411472026354857e-06,-1.1462957096904965e-06,-4.3246884068114973e-07,-4.3250075631995344e-07,5.14850705501082e-09,-7.138268690093468e-07,3.191563880370704e-11,-7.086464463155323e-07,0.0,0.0
two_level_noncommuting,m5_best,complex_q001,1,0.4,-0.00016639143756552087,-0.0006630389724248829,17.3589273424777,-6.975428432729657e-06,-6.975080595883476e-06,-2.0541930155296695e-06,-2.054874754131575e-06,-3.4783684618094944e-10,-4.9208875803538065e-06,6.817386019052998e-10,-4.920553678598082e-06,0.0,0.0
two_level_noncommuting,m5_best,exact_ground,-1,-0.05,-8.23254544910586e-05,1.3022080519506452e-05,17.3589273424777,-5.14330620560999e-10,-5.142170559123767e-10,-5.142170559123767e-10,-5.142173353789303e-10,-1.1356464862222854e-13,0.0,2.794665536076467e-16,-1.1328518206862089e-13,0.0,0.0
two_level_noncommuting,m5_best,exact_ground,-1,-0.08,-8.23254544910586e-05,1.3022080519506452e-05,17.3589273424777,-3.3686369556780547e-09,-3.3679519745116656e-09,-3.3679519745116656e-09,-3.3679536937114563e-09,-6.849811663890773e-13,0.0,1.7191997906559142e-15,-6.832619665984214e-13,0.0,0.0
two_level_noncommuting,m5_best,exact_ground,-1,-0.12,-8.23254544910586e-05,1.3022080519506452e-05,17.3589273424777,-1.7032122519187947e-08,-1.7029265739099858e-08,-1.7029265739099858e-08,-1.702931751168535e-08,-2.8567800880892094e-12,0.0,5.1772585490772e-14,-2.8050075025984374e-12,0.0,0.0
two_level_noncommuting,m5_best,exact_ground,-1,-0.18,-8.23254544910586e-05,1.3022080519506452e-05,17.3589273424777,-8.597905918695817e-08,-8.597060316700915e-08,-8.597060316700915e-08,-8.597189515846537e-08,-8.456019949011184e-12,0.0,1.29199145621846e-12,-7.164028492792724e-12,0.0,0.0
two_level_noncommuting,m5_best,exact_ground,-1,-0.27,-8.23254544910586e-05,1.3022080519506452e-05,17.3589273424777,-4.324661977991622e-07,-4.324688406811495e-07,-4.324688406811495e-07,-4.3250075631995344e-07,2.642881987298848e-12,0.0,3.19156388039188e-11,3.455852079121765e-11,0.0,0.0
two_level_noncommuting,m5_best,exact_ground,-1,-0.4,-8.23254544910586e-05,1.3022080519506452e-05,17.3589273424777,-2.054193193163202e-06,-2.054193015529671e-06,-2.054193015529671e-06,-2.054874754131575e-06,-1.776335312057896e-13,0.0,6.817386019040293e-10,6.815609683728235e-10,0.0,0.0
two_level_noncommuting,m5_best,exact_ground,1,0.05,-8.23254544910586e-05,1.3022080519506452e-05,17.3589273424777,-5.14330620560999e-10,-5.142170559123765e-10,-5.142170559123765e-10,-5.142173353789303e-10,-1.1356464862243533e-13,0.0,2.7946655381444186e-16,-1.1328518206862089e-13,0.0,0.0
two_level_noncommuting,m5_best,exact_ground,1,0.08,-8.23254544910586e-05,1.3022080519506452e-05,17.3589273424777,-3.3686369556780547e-09,-3.3679519745116722e-09,-3.3679519745116722e-09,-3.3679536937114563e-09,-6.849811663824599e-13,0.0,1.7191997840384693e-15,-6.832619665984214e-13,0.0,0.0
two_level_noncommuting,m5_best,exact_ground,1,0.12,-8.23254544910586e-05,1.3022080519506452e-05,17.3589273424777,-1.7032122519187947e-08,-1.7029265739099895e-08,-1.7029265739099895e-08,-1.702931751168535e-08,-2.8567800880528134e-12,0.0,5.1772585454376054e-14,-2.8050075025984374e-12,0.0,0.0
two_level_noncommuting,m5_best,exact_ground,1,0.18,-8.23254544910586e-05,1.3022080519506452e-05,17.3589273424777,-8.597905918695817e-08,-8.59706031670093e-08,-8.59706031670093e-08,-8.597189515846537e-08,-8.4560199488656e-12,0.0,1.2919914560728762e-12,-7.164028492792724e-12,0.0,0.0
two_level_noncommuting,m5_best,exact_ground,1,0.27,-8.23254544910586e-05,1.3022080519506452e-05,17.3589273424777,-4.324661977991622e-07,-4.3246884068114973e-07,-4.3246884068114973e-07,-4.3250075631995344e-07,2.6428819875106064e-12,0.0,3.191563880370704e-11,3.455852079121765e-11,0.0,0.0
two_level_noncommuting,m5_best,exact_ground,1,0.4,-8.23254544910586e-05,1.3022080519506452e-05,17.3589273424777,-2.054193193163202e-06,-2.0541930155296695e-06,-2.0541930155296695e-06,-2.054874754131575e-06,-1.7763353247633902e-13,0.0,6.817386019052998e-10,6.815609683728235e-10,0.0,0.0
two_level_noncommuting,m5_best,real_q001,-1,-0.05,0.0002857787726572964,-0.00036954930163227736,17.3589273424777,1.7803431212700987e-09,1.7868888950570134e-09,-5.142170559123767e-10,-5.142173353789303e-10,-6.5457737869146514e-12,2.30110595096939e-09,2.794665536076467e-16,2.294560456649029e-09,4.1359030627651384e-25,2.5953205309157623e-21
two_level_noncommuting,m5_best,real_q001,-1,-0.08,0.0002857787726572964,-0.00036954930163227736,17.3589273424777,1.160862339591577e-08,1.1648007615994029e-08,-3.3679519745116656e-09,-3.3679536937114563e-09,-3.938422007825884e-11,1.5015959590505694e-08,1.7191997906559142e-15,1.4976577089627226e-08,0.0,0.0
two_level_noncommuting,m5_best,real_q001,-1,-0.12,0.0002857787726572964,-0.00036954930163227736,17.3589273424777,5.8155617996331823e-08,5.832048996159502e-08,-1.7029265739099858e-08,-1.702931751168535e-08,-1.648719652631994e-10,7.534975570069488e-08,5.1772585490772e-14,7.518493550801717e-08,1.3234889800848443e-23,8.305025698930439e-20
two_level_noncommuting,m5_best,real_q001,-1,-0.18,0.0002857787726572964,-0.00036954930163227736,17.3589273424777,2.874299307585629e-07,2.879214025791699e-07,-8.597060316700915e-08,-8.597189515846537e-08,-4.91471820607017e-10,3.7389200574617905e-07,1.29199145621846e-12,3.7340182591702825e-07,0.0,0.0
two_level_noncommuting,m5_best,real_q001,-1,-0.27,0.0002857787726572964,-0.00036954930163227736,17.3589273424777,1.3755745960496774e-06,1.3754210712966634e-06,-4.324688406811495e-07,-4.3250075631995344e-07,1.5352475301396736e-10,1.807889911977813e-06,3.19156388039188e-11,1.8080753523696308e-06,0.0,0.0
two_level_noncommuting,m5_best,real_q001,-1,-0.4,0.0002857787726572964,-0.00036954930163227736,17.3589273424777,5.802262640540982e-06,5.8022729578880424e-06,-2.054193015529671e-06,-2.054874754131575e-06,-1.0317347060788233e-11,7.856465973417713e-06,6.817386019040293e-10,7.857137394672556e-06,0.0,0.0
two_level_noncommuting,m5_best,real_q001,1,0.05,0.0002857787726572964,-0.00036954930163227736,17.3589273424777,1.7803431212700987e-09,1.7868888950570134e-09,-5.142170559123765e-10,-5.142173353789303e-10,-6.5457737869146514e-12,2.30110595096939e-09,2.7946655381444186e-16,2.294560456649029e-09,4.1359030627651384e-25,2.5953205309157623e-21
two_level_noncommuting,m5_best,real_q001,1,0.08,0.0002857787726572964,-0.00036954930163227736,17.3589273424777,1.160862339591577e-08,1.1648007615994029e-08,-3.3679519745116722e-09,-3.3679536937114563e-09,-3.938422007825884e-11,1.50159595905057e-08,1.7191997840384693e-15,1.4976577089627226e-08,0.0,0.0
two_level_noncommuting,m5_best,real_q001,1,0.12,0.0002857787726572964,-0.00036954930163227736,17.3589273424777,5.8155617996331823e-08,5.8320489961594996e-08,-1.7029265739099895e-08,-1.702931751168535e-08,-1.6487196526317293e-10,7.534975570069488e-08,5.1772585454376054e-14,7.518493550801717e-08,0.0,0.0
two_level_noncommuting,m5_best,real_q001,1,0.18,0.0002857787726572964,-0.00036954930163227736,17.3589273424777,2.874299307585629e-07,2.8792140257917e-07,-8.59706031670093e-08,-8.597189515846537e-08,-4.914718206071229e-10,3.738920057461793e-07,1.2919914560728762e-12,3.7340182591702825e-07,0.0,0.0
two_level_noncommuting,m5_best,real_q001,1,0.27,0.0002857787726572964,-0.00036954930163227736,17.3589273424777,1.3755745960496774e-06,1.3754210712966634e-06,-4.3246884068114973e-07,-4.3250075631995344e-07,1.5352475301396736e-10,1.8078899119778132e-06,3.191563880370704e-11,1.8080753523696308e-06,0.0,0.0
two_level_noncommuting,m5_best,real_q001,1,0.4,0.0002857787726572964,-0.00036954930163227736,17.3589273424777,5.802262640540982e-06,5.8022729578880424e-06,-2.0541930155296695e-06,-2.054874754131575e-06,-1.0317347060788233e-11,7.856465973417713e-06,6.817386019052998e-10,7.857137394672556e-06,0.0,0.0
two_level_noncommuting,two_term_center,complex_q001,-1,-0.05,-0.0016680939056251012,-0.0006150709586673401,17.3589273424777,-1.043519739388606e-08,-9.556394703347237e-09,-9.955988369278442e-09,-9.95598803399389e-09,-8.788026905388231e-10,3.9959366593120473e-10,-3.3528455214002203e-16,-4.792093598921705e-10,0.0,0.0
two_level_noncommuting,two_term_center,complex_q001,-1,-0.08,-0.0016680939056251012,-0.0006150709586673401,17.3589273424777,-6.848636353579304e-08,-6.18126556883869e-08,-6.521491460482718e-08,-6.521491746624974e-08,-6.673707847406138e-09,3.4022589164402852e-09,2.8614225619754807e-15,-3.271446069543291e-09,0.0,0.0
two_level_noncommuting,two_term_center,complex_q001,-1,-0.12,-0.0016680939056251012,-0.0006150709586673401,17.3589273424777,-3.477325443118662e-07,-3.0734858333149784e-07,-3.2981158966446326e-07,-3.2981166753209834e-07,-4.038396098036839e-08,2.2463006332965425e-08,7.786763507955179e-14,-1.7920876779767883e-08,0.0,0.0
two_level_noncommuting,two_term_center,complex_q001,-1,-0.18,-0.0016680939056251012,-0.0006150709586673401,17.3589273424777,-1.7720181895910943e-06,-1.513107452720387e-06,-1.66581417612771e-06,-1.6658161392513193e-06,-2.5891073687070726e-07,1.5270672340732308e-07,1.963123609238928e-12,-1.0620205033977494e-07,0.0,0.0
two_level_noncommuting,two_term_center,complex_q001,-1,-0.27,-0.0016680939056251012,-0.0006150709586673401,17.3589273424777,-9.103226024569697e-06,-7.333458574760782e-06,-8.389341162877588e-06,-8.389389388074875e-06,-1.7697674498089151e-06,1.0558825881168061e-06,4.822519728659661e-11,-7.138366364948224e-07,0.0,0.0
two_level_noncommuting,two_term_center,complex_q001,-1,-0.4,-0.0016680939056251012,-0.0006150709586673401,17.3589273424777,-4.522253463070402e-05,-3.3099793039625264e-05,-3.9960149830821636e-05,-3.996116704030328e-05,-1.2122741591078758e-05,6.860356791196372e-06,1.017209481644671e-09,-5.261367590400741e-06,0.0,0.0
two_level_noncommuting,two_term_center,complex_q001,1,0.05,-0.0016680939056251012,-0.0006150709586673401,17.3589273424777,-1.043519739388606e-08,-9.957342450572781e-09,-9.95598836927844e-09,-9.95598803399389e-09,-4.77854943313279e-10,-1.354081294340974e-12,-3.352845504856608e-16,-4.792093598921705e-10,0.0,0.0
two_level_noncommuting,two_term_center,complex_q001,1,0.08,-0.0016680939056251012,-0.0006150709586673401,17.3589273424777,-6.848636353579304e-08,-6.600857707650398e-08,-6.521491460482718e-08,-6.521491746624974e-08,-2.4777864592890527e-09,-7.936624716768001e-10,2.8614225619754807e-15,-3.271446069543291e-09,0.0,0.0
two_level_noncommuting,two_term_center,complex_q001,1,0.12,-0.0016680939056251012,-0.0006150709586673401,17.3589273424777,-3.477325443118662e-07,-3.390821323376314e-07,-3.298115896644632e-07,-3.2981166753209834e-07,-8.65041197423482e-09,-9.270542673168195e-09,7.786763513249135e-14,-1.7920876779767883e-08,0.0,0.0
two_level_noncommuting,two_term_center,complex_q001,1,0.18,-0.0016680939056251012,-0.0006150709586673401,17.3589273424777,-1.7720181895910943e-06,-1.7518883325884977e-06,-1.6658141761277099e-06,-1.6658161392513193e-06,-2.01298570025966e-08,-8.607415646078779e-08,1.963123609450686e-12,-1.0620205033977494e-07,0.0,0.0
two_level_noncommuting,two_term_center,complex_q001,1,0.27,-0.0016680939056251012,-0.0006150709586673401,17.3589273424777,-9.103226024569697e-06,-9.109650104548326e-06,-8.38934116287759e-06,-8.389389388074875e-06,6.424079978629098e-09,-7.203089416707364e-07,4.8225197284902546e-11,-7.138366364948224e-07,0.0,0.0
two_level_noncommuting,two_term_center,complex_q001,1,0.4,-0.0016680939056251012,-0.0006150709586673401,17.3589273424777,-4.522253463070402e-05,-4.52221006287494e-05,-3.996014983082163e-05,-3.996116704030328e-05,-4.340019546205504e-10,-5.261950797927772e-06,1.0172094816514473e-09,-5.261367590400741e-06,0.0,0.0
two_level_noncommuting,two_term_center,exact_ground,-1,-0.05,-0.0015933867833668718,0.0002027716316754984,17.3589273424777,-9.955499089298022e-09,-9.955988369278442e-09,-9.955988369278442e-09,-9.95598803399389e-09,4.892799804197699e-13,0.0,-3.3528455214002203e-16,4.889446958676298e-13,0.0,0.0
two_level_noncommuting,two_term_center,exact_ground,-1,-0.08,-0.0015933867833668718,0.0002027716316754984,17.3589273424777,-6.521196728009314e-08,-6.521491460482718e-08,-6.521491460482718e-08,-6.521491746624974e-08,2.9473247340451484e-12,0.0,2.8614225619754807e-15,2.950186156607124e-12,0.0,0.0
two_level_noncommuting,two_term_center,exact_ground,-1,-0.12,-0.0015933867833668718,0.0002027716316754984,17.3589273424777,-3.2979921055111754e-07,-3.2981158966446326e-07,-3.2981158966446326e-07,-3.2981166753209834e-07,1.2379113345725835e-11,0.0,7.786763507955179e-14,1.2456980980805387e-11,0.0,0.0
two_level_noncommuting,two_term_center,exact_ground,-1,-0.18,-0.0015933867833668718,0.0002027716316754984,17.3589273424777,-1.6657769955498147e-06,-1.66581417612771e-06,-1.66581417612771e-06,-1.6658161392513193e-06,3.7180577895408264e-11,0.0,1.963123609238928e-12,3.914370150464719e-11,0.0,0.0
two_level_noncommuting,two_term_center,exact_ground,-1,-0.27,-0.0015933867833668718,0.0002027716316754984,17.3589273424777,-8.38935277069369e-06,-8.389341162877588e-06,-8.389341162877588e-06,-8.389389388074875e-06,-1.1607816101280154e-11,0.0,4.822519728659661e-11,3.661738118531646e-11,0.0,0.0
two_level_noncommuting,two_term_center,exact_ground,-1,-0.4,-0.0015933867833668718,0.0002027716316754984,17.3589273424777,-3.9960149050849086e-05,-3.9960149830821636e-05,-3.9960149830821636e-05,-3.996116704030328e-05,7.799725492210752e-13,0.0,1.017209481644671e-09,1.017989454193892e-09,0.0,0.0
two_level_noncommuting,two_term_center,exact_ground,1,0.05,-0.0015933867833668718,0.0002027716316754984,17.3589273424777,-9.955499089298022e-09,-9.95598836927844e-09,-9.95598836927844e-09,-9.95598803399389e-09,4.892799804181155e-13,0.0,-3.352845504856608e-16,4.889446958676298e-13,0.0,0.0
two_level_noncommuting,two_term_center,exact_ground,1,0.08,-0.0015933867833668718,0.0002027716316754984,17.3589273424777,-6.521196728009314e-08,-6.521491460482718e-08,-6.521491460482718e-08,-6.521491746624974e-08,2.9473247340451484e-12,0.0,2.8614225619754807e-15,2.950186156607124e-12,0.0,0.0
two_level_noncommuting,two_term_center,exact_ground,1,0.12,-0.0015933867833668718,0.0002027716316754984,17.3589273424777,-3.2979921055111754e-07,-3.298115896644632e-07,-3.298115896644632e-07,-3.2981166753209834e-07,1.2379113345672896e-11,0.0,7.786763513249135e-14,1.2456980980805387e-11,0.0,0.0
two_level_noncommuting,two_term_center,exact_ground,1,0.18,-0.0015933867833668718,0.0002027716316754984,17.3589273424777,-1.6657769955498147e-06,-1.6658141761277099e-06,-1.6658141761277099e-06,-1.6658161392513193e-06,3.7180577895196506e-11,0.0,1.963123609450686e-12,3.914370150464719e-11,0.0,0.0
two_level_noncommuting,two_term_center,exact_ground,1,0.27,-0.0015933867833668718,0.0002027716316754984,17.3589273424777,-8.38935277069369e-06,-8.38934116287759e-06,-8.38934116287759e-06,-8.389389388074875e-06,-1.1607816099586088e-11,0.0,4.8225197284902546e-11,3.661738118531646e-11,0.0,0.0
two_level_noncommuting,two_term_center,exact_ground,1,0.4,-0.0015933867833668718,0.0002027716316754984,17.3589273424777,-3.9960149050849086e-05,-3.996014983082163e-05,-3.996014983082163e-05,-3.996116704030328e-05,7.799725424448116e-13,0.0,1.0172094816514473e-09,1.017989454193892e-09,0.0,0.0
two_level_noncommuting,two_term_center,real_q001,-1,-0.05,-0.0011090635485949845,-0.00029840814715271797,17.3589273424777,-6.9363098060179155e-09,-6.926468952220824e-09,-9.955988369278442e-09,-9.95598803399389e-09,-9.84085379709185e-12,3.0295194170576185e-09,-3.3528455214002203e-16,3.0196782279759745e-09,0.0,0.0
two_level_noncommuting,two_term_center,real_q001,-1,-0.08,-0.0011090635485949845,-0.00029840814715271797,17.3589273424777,-4.550546885577777e-08,-4.544627542602149e-08,-6.521491460482718e-08,-6.521491746624974e-08,-5.919342975628018e-11,1.9768639178805694e-08,2.8614225619754807e-15,1.9709448610471976e-08,0.0,0.0
two_level_noncommuting,two_term_center,real_q001,-1,-0.12,-0.0011090635485949845,-0.00029840814715271797,17.3589273424777,-2.3086645938952363e-07,-2.306187808032427e-07,-3.2981158966446326e-07,-3.2981166753209834e-07,-2.47678586280935e-10,9.919280886122056e-08,7.786763507955179e-14,9.894520814257471e-08,0.0,0.0
two_level_noncommuting,two_term_center,real_q001,-1,-0.18,-0.0011090635485949845,-0.00029840814715271797,17.3589273424777,-1.174400075517454e-06,-1.1736626007041082e-06,-1.66581417612771e-06,-1.6658161392513193e-06,-7.374748133458522e-10,4.921515754236019e-07,1.963123609238928e-12,4.914160637338653e-07,0.0,0.0
two_level_noncommuting,two_term_center,real_q001,-1,-0.27,-0.0011090635485949845,-0.00029840814715271797,17.3589273424777,-6.009627843580163e-06,-6.009858233811446e-06,-8.389341162877588e-06,-8.389389388074875e-06,2.303902312831218e-10,2.3794829290661423e-06,4.822519728659661e-11,2.379761544494712e-06,0.0,0.0
two_level_noncommuting,two_term_center,real_q001,-1,-0.4,-0.0011090635485949845,-0.00029840814715271797,17.3589273424777,-2.9614306614769142e-05,-2.9614291131492227e-05,-3.9960149830821636e-05,-3.996116704030328e-05,-1.5483276915765438e-11,1.0345858699329409e-05,1.017209481644671e-09,1.0346860425534138e-05,0.0,0.0
two_level_noncommuting,two_term_center,real_q001,1,0.05,-0.0011090635485949845,-0.00029840814715271797,17.3589273424777,-6.9363098060179155e-09,-6.926468952220824e-09,-9.95598836927844e-09,-9.95598803399389e-09,-9.84085379709185e-12,3.029519417057617e-09,-3.352845504856608e-16,3.0196782279759745e-09,0.0,0.0
two_level_noncommuting,two_term_center,real_q001,1,0.08,-0.0011090635485949845,-0.00029840814715271797,17.3589273424777,-4.550546885577777e-08,-4.544627542602149e-08,-6.521491460482718e-08,-6.521491746624974e-08,-5.919342975628018e-11,1.9768639178805694e-08,2.8614225619754807e-15,1.9709448610471976e-08,0.0,0.0
two_level_noncommuting,two_term_center,real_q001,1,0.12,-0.0011090635485949845,-0.00029840814715271797,17.3589273424777,-2.3086645938952363e-07,-2.3061878080324265e-07,-3.298115896644632e-07,-3.2981166753209834e-07,-2.4767858628098794e-10,9.919280886122056e-08,7.786763513249135e-14,9.894520814257471e-08,0.0,0.0
two_level_noncommuting,two_term_center,real_q001,1,0.18,-0.0011090635485949845,-0.00029840814715271797,17.3589273424777,-1.174400075517454e-06,-1.1736626007041082e-06,-1.6658141761277099e-06,-1.6658161392513193e-06,-7.374748133458522e-10,4.921515754236017e-07,1.963123609450686e-12,4.914160637338653e-07,0.0,0.0
two_level_noncommuting,two_term_center,real_q001,1,0.27,-0.0011090635485949845,-0.00029840814715271797,17.3589273424777,-6.009627843580163e-06,-6.009858233811447e-06,-8.38934116287759e-06,-8.389389388074875e-06,2.3039023128396883e-10,2.379482929066143e-06,4.8225197284902546e-11,2.379761544494712e-06,0.0,0.0
two_level_noncommuting,two_term_center,real_q001,1,0.4,-0.0011090635485949845,-0.00029840814715271797,17.3589273424777,-2.9614306614769142e-05,-2.9614291131492223e-05,-3.996014983082163e-05,-3.996116704030328e-05,-1.548327691915357e-11,1.0345858699329406e-05,1.0172094816514473e-09,1.0346860425534138e-05,0.0,0.0
two_level_noncommuting,yoshida4,complex_q001,-1,-0.05,-0.3232745776526225,0.46824083357556384,17.3589273424777,-2.013149847304273e-06,-2.1168910735447355e-06,-2.137419575837161e-06,-2.137420458403483e-06,1.037412262404627e-07,2.052850229242532e-08,8.825663220164454e-13,1.2427061109921004e-07,0.0,0.0
two_level_noncommuting,yoshida4,complex_q001,-1,-0.08,-0.3232745776526225,0.46824083357556384,17.3589273424777,-1.3118580175574585e-05,-1.389863775987446e-05,-1.3944365222791628e-05,-1.3944403141508133e-05,7.800575842998749e-07,4.572746291716741e-08,3.791871650486278e-11,8.258229659335472e-07,0.0,0.0
two_level_noncommuting,yoshida4,complex_q001,-1,-0.12,-0.3232745776526225,0.46824083357556384,17.3589273424777,-6.56360567848445e-05,-7.031122977116852e-05,-6.993701639248858e-05,-6.99379907467268e-05,4.6751729863240144e-06,-3.742133786799394e-07,9.743542382157407e-10,4.301933961882291e-06,0.0,0.0
two_level_noncommuting,yoshida4,complex_q001,-1,-0.18,-0.3232745776526225,0.46824083357556384,17.3589273424777,-0.0003234348085190982,-0.00035320307798946006,-0.0003466392621838265,-0.0003466643469041131,2.976826947036188e-05,-6.563815805633562e-06,2.5084720286572878e-08,2.322953838501489e-05,0.0,0.0
two_level_noncommuting,yoshida4,complex_q001,-1,-0.27,-0.3232745776526225,0.46824083357556384,17.3589273424777,-0.0015366075555092614,-0.0017412816938388164,-0.0016719429365735447,-0.001672588151355514,0.00020467413832955502,-6.933875726527171e-05,6.452147819694092e-07,0.00013598059584625272,0.0,0.0
two_level_noncommuting,yoshida4,complex_q001,-1,-0.4,-0.3232745776526225,0.46824083357556384,17.3589273424777,-0.006357914733581628,-0.00781720898896986,-0.007232236313172137,-0.007246919721381362,0.0014592942553882321,-0.0005849726757977229,1.4683408209224813e-05,0.000889004987799734,0.0,0.0
two_level_noncommuting,yoshida4,complex_q001,1,0.05,-0.3232745776526225,0.46824083357556384,17.3589273424777,-2.013149847304273e-06,-2.0724512952985386e-06,-2.1374195758371612e-06,-2.137420458403483e-06,5.9301447994265766e-08,6.496828053862268e-08,8.825663215929289e-13,1.2427061109921004e-07,0.0,0.0
two_level_noncommuting,yoshida4,complex_q001,1,0.08,-0.3232745776526225,0.46824083357556384,17.3589273424777,-1.3118580175574585e-05,-1.3432318076919691e-05,-1.3944365222791628e-05,-1.3944403141508133e-05,3.13737901345106e-07,5.120471458719363e-07,3.791871650486278e-11,8.258229659335472e-07,0.0,0.0
two_level_noncommuting,yoshida4,complex_q001,1,0.12,-0.3232745776526225,0.46824083357556384,17.3589273424777,-6.56360567848445e-05,-6.676532235821986e-05,-6.993701639248855e-05,-6.99379907467268e-05,1.1292655733753524e-06,3.1716940342686956e-06,9.743542382428458e-10,4.301933961882291e-06,0.0,0.0
two_level_noncommuting,yoshida4,complex_q001,1,0.18,-0.3232745776526225,0.46824083357556384,17.3589273424777,-0.0003234348085190982,-0.00032620987589084764,-0.0003466392621838265,-0.0003466643469041131,2.775067371749455e-06,2.0429386292978864e-05,2.5084720286572878e-08,2.322953838501489e-05,0.0,0.0
two_level_noncommuting,yoshida4,complex_q001,1,0.27,-0.3232745776526225,0.46824083357556384,17.3589273424777,-0.0015366075555092614,-0.0015357264618453485,-0.0016719429365735447,-0.001672588151355514,-8.810936639128825e-07,0.0001362164747281962,6.452147819694092e-07,0.00013598059584625272,0.0,0.0
two_level_noncommuting,yoshida4,complex_q001,1,0.4,-0.3232745776526225,0.46824083357556384,17.3589273424777,-0.006357914733581628,-0.006357974184847508,-0.007232236313172136,-0.007246919721381362,5.9451265879868764e-08,0.0008742621283246285,1.468340820922568e-05,0.000889004987799734,0.0,0.0
two_level_noncommuting,yoshida4,exact_ground,-1,-0.05,-0.3415400803562073,0.3689461514705468,17.3589273424777,-2.1288607186095686e-06,-2.137419575837161e-06,-2.137419575837161e-06,-2.137420458403483e-06,8.558857227592196e-09,0.0,8.825663220164454e-13,8.559739793914212e-09,0.0,0.0
two_level_noncommuting,yoshida4,exact_ground,-1,-0.08,-0.3415400803562073,0.3689461514705468,17.3589273424777,-1.3892764671459157e-05,-1.3944365222791628e-05,-1.3944365222791628e-05,-1.3944403141508133e-05,5.160055133247107e-08,0.0,3.791871650486278e-11,5.1638470048975935e-08,0.0,0.0
two_level_noncommuting,yoshida4,exact_ground,-1,-0.12,-0.3415400803562073,0.3689461514705468,17.3589273424777,-6.97200837575105e-05,-6.993701639248858e-05,-6.993701639248858e-05,-6.99379907467268e-05,2.1693263497807487e-07,0.0,9.743542382157407e-10,2.179069892162906e-07,0.0,0.0
two_level_noncommuting,yoshida4,exact_ground,-1,-0.18,-0.3415400803562073,0.3689461514705468,17.3589273424777,-0.00034598643560697796,-0.0003466392621838265,-0.0003466392621838265,-0.0003466643469041131,6.528265768485455e-07,0.0,2.5084720286572878e-08,6.779112971351184e-07,0.0,0.0
two_level_noncommuting,yoshida4,exact_ground,-1,-0.27,-0.3415400803562073,0.3689461514705468,17.3589273424777,-0.0016721467200284446,-0.0016719429365735447,-0.0016719429365735447,-0.001672588151355514,-2.037834548999657e-07,0.0,6.452147819694092e-07,4.414313270694435e-07,0.0,0.0
two_level_noncommuting,yoshida4,exact_ground,-1,-0.4,-0.3415400803562073,0.3689461514705468,17.3589273424777,-0.007232222620695549,-0.007232236313172137,-0.007232236313172137,-0.007246919721381362,1.3692476588320068e-08,0.0,1.4683408209224813e-05,1.4697100685813133e-05,0.0,0.0
two_level_noncommuting,yoshida4,exact_ground,1,0.05,-0.3415400803562073,0.3689461514705468,17.3589273424777,-2.1288607186095686e-06,-2.1374195758371612e-06,-2.1374195758371612e-06,-2.137420458403483e-06,8.55885722759262e-09,0.0,8.825663215929289e-13,8.559739793914212e-09,0.0,0.0
two_level_noncommuting,yoshida4,exact_ground,1,0.08,-0.3415400803562073,0.3689461514705468,17.3589273424777,-1.3892764671459157e-05,-1.3944365222791628e-05,-1.3944365222791628e-05,-1.3944403141508133e-05,5.160055133247107e-08,0.0,3.791871650486278e-11,5.1638470048975935e-08,0.0,0.0
two_level_noncommuting,yoshida4,exact_ground,1,0.12,-0.3415400803562073,0.3689461514705468,17.3589273424777,-6.97200837575105e-05,-6.993701639248855e-05,-6.993701639248855e-05,-6.99379907467268e-05,2.1693263497804777e-07,0.0,9.743542382428458e-10,2.179069892162906e-07,0.0,0.0
two_level_noncommuting,yoshida4,exact_ground,1,0.18,-0.3415400803562073,0.3689461514705468,17.3589273424777,-0.00034598643560697796,-0.0003466392621838265,-0.0003466392621838265,-0.0003466643469041131,6.528265768485455e-07,0.0,2.5084720286572878e-08,6.779112971351184e-07,0.0,0.0
two_level_noncommuting,yoshida4,exact_ground,1,0.27,-0.3415400803562073,0.3689461514705468,17.3589273424777,-0.0016721467200284446,-0.0016719429365735447,-0.0016719429365735447,-0.001672588151355514,-2.037834548999657e-07,0.0,6.452147819694092e-07,4.414313270694435e-07,0.0,0.0
two_level_noncommuting,yoshida4,exact_ground,1,0.4,-0.3415400803562073,0.3689461514705468,17.3589273424777,-0.007232222620695549,-0.007232236313172136,-0.007232236313172136,-0.007246919721381362,1.3692476587452707e-08,0.0,1.468340820922568e-05,1.4697100685813133e-05,0.0,0.0
two_level_noncommuting,yoshida4,real_q001,-1,-0.05,-0.38558201198503433,0.3989569460358137,17.3589273424777,-2.4036538726246554e-06,-2.408383965500515e-06,-2.137419575837161e-06,-2.137420458403483e-06,4.730092875859629e-09,-2.709643896633542e-07,8.825663220164454e-13,-2.6623341422117255e-07,0.0,0.0
two_level_noncommuting,yoshida4,real_q001,-1,-0.08,-0.38558201198503433,0.3989569460358137,17.3589273424777,-1.5688855041245394e-05,-1.571753871107026e-05,-1.3944365222791628e-05,-1.3944403141508133e-05,2.8683669824867985e-08,-1.7731734882786338e-06,3.791871650486278e-11,-1.744451899737261e-06,0.0,0.0
two_level_noncommuting,yoshida4,real_q001,-1,-0.12,-0.38558201198503433,0.3989569460358137,17.3589273424777,-7.87630069476649e-05,-7.888501946958588e-05,-6.993701639248858e-05,-6.99379907467268e-05,1.22012521920983e-07,-8.948003077097303e-06,9.743542382157407e-10,-8.825016200938104e-06,0.0,0.0
two_level_noncommuting,yoshida4,real_q001,-1,-0.18,-0.38558201198503433,0.3989569460358137,17.3589273424777,-0.00039119915988648356,-0.00039157593051315483,-0.0003466392621838265,-0.0003466643469041131,3.7677062667126546e-07,-4.4936668329328326e-05,2.5084720286572878e-08,-4.453481298237049e-05,0.0,0.0
two_level_noncommuting,yoshida4,real_q001,-1,-0.27,-0.38558201198503433,0.3989569460358137,17.3589273424777,-0.0018945768051902452,-0.0018944594173925242,-0.0016719429365735447,-0.001672588151355514,-1.1738779772101776e-07,-0.00022251648081897954,6.452147819694092e-07,-0.00022198865383473115,0.0,0.0
two_level_noncommuting,yoshida4,real_q001,-1,-0.4,-0.38558201198503433,0.3989569460358137,17.3589273424777,-0.008236771855854187,-0.008236779739572563,-0.007232236313172137,-0.007246919721381362,7.883718376039406e-09,-0.0010045434264004255,1.4683408209224813e-05,-0.0009898521344728246,0.0,0.0
two_level_noncommuting,yoshida4,real_q001,1,0.05,-0.38558201198503433,0.3989569460358137,17.3589273424777,-2.4036538726246554e-06,-2.408383965500515e-06,-2.1374195758371612e-06,-2.137420458403483e-06,4.730092875859629e-09,-2.7096438966335377e-07,8.825663215929289e-13,-2.6623341422117255e-07,0.0,0.0
two_level_noncommuting,yoshida4,real_q001,1,0.08,-0.38558201198503433,0.3989569460358137,17.3589273424777,-1.5688855041245394e-05,-1.5717538711070258e-05,-1.3944365222791628e-05,-1.3944403141508133e-05,2.8683669824864597e-08,-1.7731734882786304e-06,3.791871650486278e-11,-1.744451899737261e-06,0.0,0.0
two_level_noncommuting,yoshida4,real_q001,1,0.12,-0.38558201198503433,0.3989569460358137,17.3589273424777,-7.87630069476649e-05,-7.888501946958588e-05,-6.993701639248855e-05,-6.99379907467268e-05,1.22012521920983e-07,-8.94800307709733e-06,9.743542382428458e-10,-8.825016200938104e-06,0.0,0.0
two_level_noncommuting,yoshida4,real_q001,1,0.18,-0.38558201198503433,0.3989569460358137,17.3589273424777,-0.00039119915988648356,-0.00039157593051315483,-0.0003466392621838265,-0.0003466643469041131,3.7677062667126546e-07,-4.4936668329328326e-05,2.5084720286572878e-08,-4.453481298237049e-05,0.0,0.0
two_level_noncommuting,yoshida4,real_q001,1,0.27,-0.38558201198503433,0.3989569460358137,17.3589273424777,-0.0018945768051902452,-0.0018944594173925242,-0.0016719429365735447,-0.001672588151355514,-1.1738779772101776e-07,-0.00022251648081897954,6.452147819694092e-07,-0.00022198865383473115,0.0,0.0
two_level_noncommuting,yoshida4,real_q001,1,0.4,-0.38558201198503433,0.3989569460358137,17.3589273424777,-0.008236771855854187,-0.008236779739572563,-0.007232236313172136,-0.007246919721381362,7.883718376039406e-09,-0.0010045434264004264,1.468340820922568e-05,-0.0009898521344728246,0.0,0.0
